{
"type": "FeatureCollection",
"name": "2019_P",
"crs": { "type": "name", "properties": { "name": "urn:ogc:def:crs:OGC:1.3:CRS84" } },
"features": [
{ "type": "Feature", "properties": { "id": 86575, "lote_id": 66066, "clavecatas": "3-23-47-01-000", "zona": "3", "sector": "23", "manzana": "47", "lote": "01", "ph": "000", "propietari": "MUENTES BERNELLE GINA AMPARO", "documentop": "1313151290", "direccion": "URBIRIOS II MZ-21-D LOTE 01", "area_m2": 180.0, "frente_uti": 28.0, "frente_tot": 0.0, "avaluo_con": 0.0, "avaluo_sue": 7200.0, "zonaurbano": "URBANA", "parroquia": "TARQUI", "esta_bloqu": "NO", "es_tercera": "NO", "tiene_elec": "SI", "tiene_agua": "NO", "tiene_alca": "NO", "observacio": "INGRESO NUEVO X LOTEO SE DESM. Y CANCELO HASTA EL 2005 CON LA 3270201 INF.AMPARO Q.05/08/06 Y.C.S.-ACTUALIZACION INF.AMPARO Q.JULIO 14/09 MR.-SELLO PROTOC.\r\nDANIEL S.14/01/14 A.Q.ING.PARA CERTIF.POR YULIANA ESPINALES,REV.\r\nARQ.MIGUEL CAJAPE ABRIL 09-2015", "observac_1": null, "barrio": "OTRAS AREAS", "parroquia_": 3, "barrio_id": 0, "proceso": 1, "fecha_regi": null, "activo_cat": "SI", "desactivad": 0, "avaluo_rem": 0.0, "avaluo_r_1": 0.0, "clasificac": "GENERAL", "anio_deuda": 2011, "deuda": 1054.3, "valor_ip": 0.0, "coactiva": null, "ficharegis": 49688, "etam": 0.0745355992, "diferencia": -3.7505344798000002, "porc_difer": -0.0208363027, "admisible": 1, "deuda_anio": 1025.52, "Clavepre": "3-23-47-01-000", "ORIG_FID": 0 }, "geometry": { "type": "Point", "coordinates": [ -80.730352637235313, -1.002967711913662 ] } },
{ "type": "Feature", "properties": { "id": 86577, "lote_id": 66068, "clavecatas": "3-23-47-03-000", "zona": "3", "sector": "23", "manzana": "47", "lote": "03", "ph": "000", "propietari": "MOSQUERA CASTILLO ANA MARIA", "documentop": "0922907308", "direccion": "URBIRIOS II MZ-21-D LOTE 03", "area_m2": 144.0, "frente_uti": 8.0, "frente_tot": 0.0, "avaluo_con": 0.0, "avaluo_sue": 5760.0, "zonaurbano": "URBANA", "parroquia": "TARQUI", "esta_bloqu": "NO", "es_tercera": "NO", "tiene_elec": "SI", "tiene_agua": "NO", "tiene_alca": "NO", "observacio": "-INGRESO NUEVO X LOTEO SE DESM. Y CANCELO HASTA EL 2005 CON LA 3270201 INF.AMPARO Q. 05/08/06 Y.C.S.- ACTUALIZACION INF. AMPARO Q. JULIO 14/09 MR INFORME PARA CERTIFICADO,  REVZ. POR PERITO LCDA MARIA MARISOL ARTEAGA, DIGITAL APROBADO 12 DE NOV. DEL 2018", "observac_1": null, "barrio": "OTRAS AREAS", "parroquia_": 3, "barrio_id": 0, "proceso": 1, "fecha_regi": null, "activo_cat": "SI", "desactivad": 0, "avaluo_rem": 0.0, "avaluo_r_1": 0.0, "clasificac": "GENERAL", "anio_deuda": 2019, "deuda": 193.93, "valor_ip": 0.0, "coactiva": null, "ficharegis": 68390, "etam": 0.0833333333, "diferencia": -8.2490565414, "porc_difer": -0.0572851149, "admisible": 1, "deuda_anio": 182.54, "Clavepre": "3-23-47-03-000", "ORIG_FID": 1 }, "geometry": { "type": "Point", "coordinates": [ -80.730222931383182, -1.003053798347787 ] } },
{ "type": "Feature", "properties": { "id": 86578, "lote_id": 66069, "clavecatas": "3-23-47-04-000", "zona": "3", "sector": "23", "manzana": "47", "lote": "04", "ph": "000", "propietari": "AVILA VELASQUEZ BENILDA LAURENTINA", "documentop": "1312179128", "direccion": "URBIRRIOS II MZ-21-D LOTE 04", "area_m2": 144.0, "frente_uti": 8.0, "frente_tot": 0.0, "avaluo_con": 0.0, "avaluo_sue": 5760.0, "zonaurbano": "URBANA", "parroquia": "TARQUI", "esta_bloqu": "NO", "es_tercera": "NO", "tiene_elec": "SI", "tiene_agua": "NO", "tiene_alca": "NO", "observacio": "-INGRESO NUEVO X LOTEO SE DESM. Y CANCELO HASTA EL 2005 CON LA 3270201 INF.AMPARO Q.05/08/06 Y.C.S.- ACTUALIZACION INF.AMPARO Q. JULIO 14/09 MR INF.PARA CERT.INGRES.X AREA D LEGALIZACION INSP.LUIS LOPEZ 01-23-14 -SELLO PROT.DE ADJ.DANIEL S. 02/04/14 Y.C.", "observac_1": null, "barrio": "OTRAS AREAS", "parroquia_": 3, "barrio_id": 0, "proceso": 1, "fecha_regi": null, "activo_cat": "SI", "desactivad": 0, "avaluo_rem": 0.0, "avaluo_r_1": 0.0, "clasificac": "GENERAL", "anio_deuda": 0, "deuda": 0.0, "valor_ip": 0.0, "coactiva": null, "ficharegis": 44440, "etam": 0.0833333333, "diferencia": -2.187312206, "porc_difer": -0.0151896681, "admisible": 1, "deuda_anio": 0.0, "Clavepre": "3-23-47-04-000", "ORIG_FID": 2 }, "geometry": { "type": "Point", "coordinates": [ -80.730161858136157, -1.003093251415997 ] } },
{ "type": "Feature", "properties": { "id": 86579, "lote_id": 66070, "clavecatas": "3-23-47-05-000", "zona": "3", "sector": "23", "manzana": "47", "lote": "05", "ph": "000", "propietari": "AVILA VELASQUEZ KETTY DEL ROCIO", "documentop": "1311348179", "direccion": "URBIRRIOS II MZ-21-D LOTE 5", "area_m2": 144.0, "frente_uti": 8.0, "frente_tot": 0.0, "avaluo_con": 0.0, "avaluo_sue": 5760.0, "zonaurbano": "URBANA", "parroquia": "TARQUI", "esta_bloqu": "NO", "es_tercera": "NO", "tiene_elec": "SI", "tiene_agua": "NO", "tiene_alca": "NO", "observacio": "-INGRESO NUEVO X LOTEO SE DESM. Y CANCELO HASTA EL 2005 CON LA 3270201 INF.AMPARO Q. 05/08/06 Y.C.S.-ACTUALIZACION INF. AMPARO Q. JULIO 14/09 MR INF. PARA CERTIF. INGRES. POR AREA DE LEGALIZACION INSP. LUIS LOPEZ 01-23-14 -SELLO PROT.DE ADJ.DANIEL S.02/0", "observac_1": null, "barrio": "OTRAS AREAS", "parroquia_": 3, "barrio_id": 0, "proceso": 1, "fecha_regi": null, "activo_cat": "SI", "desactivad": 0, "avaluo_rem": 0.0, "avaluo_r_1": 0.0, "clasificac": "GENERAL", "anio_deuda": 0, "deuda": 0.0, "valor_ip": 0.0, "coactiva": null, "ficharegis": 44274, "etam": 0.0833333333, "diferencia": -3.4865581358000002, "porc_difer": -0.0242122093, "admisible": 1, "deuda_anio": 0.0, "Clavepre": "3-23-47-05-000", "ORIG_FID": 3 }, "geometry": { "type": "Point", "coordinates": [ -80.730102662350959, -1.003133884719835 ] } },
{ "type": "Feature", "properties": { "id": 86580, "lote_id": 66071, "clavecatas": "3-23-47-06-000", "zona": "3", "sector": "23", "manzana": "47", "lote": "06", "ph": "000", "propietari": "HOLGUIN MACIAS SENIA MONSERRATE", "documentop": "1312282914", "direccion": "URBIRRIOS II MZ-21-D  LOTE 6", "area_m2": 144.0, "frente_uti": 8.0, "frente_tot": 0.0, "avaluo_con": 0.0, "avaluo_sue": 5760.0, "zonaurbano": "URBANA", "parroquia": "TARQUI", "esta_bloqu": "NO", "es_tercera": "NO", "tiene_elec": "SI", "tiene_agua": "NO", "tiene_alca": "NO", "observacio": "-INGRESO NUEVO X LOTEO SE DESM. Y CANCELO HASTA EL 2005 CON LA 3270201 INF.AMPARO Q. 05/08/06 Y.C.S.- ACTUALIZACION INF. AMPARO Q. JULIO 14/09 MR INF.PARA CERT.INGRES.X AREA DE LEGALIZACION INSP. LUIS LOPEZ, 01-23-14 -SELLO PROT.DE ADJ.DANIEL S. 02/18/14", "observac_1": null, "barrio": "OTRAS AREAS", "parroquia_": 3, "barrio_id": 0, "proceso": 1, "fecha_regi": null, "activo_cat": "SI", "desactivad": 0, "avaluo_rem": 0.0, "avaluo_r_1": 0.0, "clasificac": "GENERAL", "anio_deuda": 2025, "deuda": 28.14, "valor_ip": 0.0, "coactiva": null, "ficharegis": 44872, "etam": 0.0833333333, "diferencia": -3.8696165719, "porc_difer": -0.0268723373, "admisible": 1, "deuda_anio": 16.75, "Clavepre": "3-23-47-06-000", "ORIG_FID": 4 }, "geometry": { "type": "Point", "coordinates": [ -80.730041866652982, -1.003171856029534 ] } },
{ "type": "Feature", "properties": { "id": 86581, "lote_id": 66072, "clavecatas": "3-23-47-07-000", "zona": "3", "sector": "23", "manzana": "47", "lote": "07", "ph": "000", "propietari": "SUAREZ PAZ  CESAR ALEJANDRO", "documentop": "1724035546", "direccion": "URBIRRIOS II MZ-21-D LOTE 7", "area_m2": 144.0, "frente_uti": 8.0, "frente_tot": 0.0, "avaluo_con": 0.0, "avaluo_sue": 5184.0, "zonaurbano": "URBANA", "parroquia": "TARQUI", "esta_bloqu": "NO", "es_tercera": "NO", "tiene_elec": "SI", "tiene_agua": "NO", "tiene_alca": "NO", "observacio": "-INGRESO NUEVO X LOTEO SE DESM. Y CANCELO HASTA EL 2005 CON LA 3270201 INF.AMPARO Q. 05/08/06 Y.C.S.- ACTUALIZACION INF. AMPARO Q. JULIO 14/09 MR INF.PARA CERT.INGRES.X AREA D LEGALIZACION INSP.LUIS LOPEZ 01-23-14 -SELLO PROT.DE ADJ.DANIEL S.02/03/14 Y.C", "observac_1": null, "barrio": "OTRAS AREAS", "parroquia_": 3, "barrio_id": 0, "proceso": 1, "fecha_regi": null, "activo_cat": "SI", "desactivad": 0, "avaluo_rem": 0.0, "avaluo_r_1": 0.0, "clasificac": "GENERAL", "anio_deuda": 2025, "deuda": 27.65, "valor_ip": 0.0, "coactiva": null, "ficharegis": 44298, "etam": 0.0833333333, "diferencia": -3.5486944974000001, "porc_difer": -0.0246437118, "admisible": 1, "deuda_anio": 16.49, "Clavepre": "3-23-47-07-000", "ORIG_FID": 5 }, "geometry": { "type": "Point", "coordinates": [ -80.729982544640919, -1.003211618863529 ] } },
{ "type": "Feature", "properties": { "id": 86582, "lote_id": 66073, "clavecatas": "3-23-47-08-000", "zona": "3", "sector": "23", "manzana": "47", "lote": "08", "ph": "000", "propietari": "PISCO TEJENA JAIME LEONARDO", "documentop": "1312841891", "direccion": "URBIRRIOS II MZ-21-D  LOTE 8", "area_m2": 144.0, "frente_uti": 8.0, "frente_tot": 0.0, "avaluo_con": 0.0, "avaluo_sue": 5760.0, "zonaurbano": "URBANA", "parroquia": "TARQUI", "esta_bloqu": "NO", "es_tercera": "NO", "tiene_elec": "SI", "tiene_agua": "SI", "tiene_alca": "NO", "observacio": "-INGRESO NUEVO X LOTEO SE DESM. Y CANCELO HASTA EL 2005 CON LA 3270201 INF.AMPARO Q.05/08/06 Y.C.S.- ACTUALIZACION INF.AMPARO Q. JULIO 14/09 MR INF.PARA CERT.INGRES.X AREA DE LEGALIZACION INSP. LUIS LOPEZ, 01-23-14 -SELLO PROT.DE ADJ.DANIEL S.02/20/14 Y.", "observac_1": null, "barrio": "OTRAS AREAS", "parroquia_": 3, "barrio_id": 0, "proceso": 1, "fecha_regi": null, "activo_cat": "SI", "desactivad": 0, "avaluo_rem": 0.0, "avaluo_r_1": 0.0, "clasificac": "GENERAL", "anio_deuda": 2025, "deuda": 28.14, "valor_ip": 0.0, "coactiva": null, "ficharegis": 44901, "etam": 0.0833333333, "diferencia": -7.3213850584999998, "porc_difer": -0.0508429518, "admisible": 1, "deuda_anio": 16.75, "Clavepre": "3-23-47-08-000", "ORIG_FID": 6 }, "geometry": { "type": "Point", "coordinates": [ -80.729921861669467, -1.003250351634106 ] } },
{ "type": "Feature", "properties": { "id": 86583, "lote_id": 66074, "clavecatas": "3-23-47-09-000", "zona": "3", "sector": "23", "manzana": "47", "lote": "09", "ph": "000", "propietari": "VELEZ VELEZ NIEVE ISABEL", "documentop": "1304836271", "direccion": "URBIRRIOS II MZ-21-D  LOTE 9", "area_m2": 144.0, "frente_uti": 8.0, "frente_tot": 0.0, "avaluo_con": 0.0, "avaluo_sue": 5760.0, "zonaurbano": "URBANA", "parroquia": "TARQUI", "esta_bloqu": "NO", "es_tercera": "NO", "tiene_elec": "SI", "tiene_agua": "SI", "tiene_alca": "NO", "observacio": "INGRESO NUEVO X LOTEO SE DESM.Y CANC.HASTA EL 2005 CON LA 3270201 INF.AMPARO Q.05/08/06 Y.C.S.-ACTUALIZ.INF.AMPARO Q.JULIO 14/09 MR INF.PARA CERTIF.INGRES.X AREA DE LEGALIZACION INSP.LUIS LOPEZ, ENERO 23-14 ING.PARA CERTIF.POR YULIANA CASTRO,REV.MIGUEL C", "observac_1": null, "barrio": "OTRAS AREAS", "parroquia_": 3, "barrio_id": 0, "proceso": 1, "fecha_regi": null, "activo_cat": "SI", "desactivad": 0, "avaluo_rem": 0.0, "avaluo_r_1": 0.0, "clasificac": "GENERAL", "anio_deuda": 2026, "deuda": 11.39, "valor_ip": 0.0, "coactiva": null, "ficharegis": 49141, "etam": 0.0833333333, "diferencia": -14.1957168478, "porc_difer": -0.098581367, "admisible": 0, "deuda_anio": 0.0, "Clavepre": "3-23-47-09-000", "ORIG_FID": 7 }, "geometry": { "type": "Point", "coordinates": [ -80.729860146528068, -1.00329179432651 ] } },
{ "type": "Feature", "properties": { "id": 86584, "lote_id": 66075, "clavecatas": "3-23-47-10-000", "zona": "3", "sector": "23", "manzana": "47", "lote": "10", "ph": "000", "propietari": "BARRE MACIAS TANIA JOSEFA", "documentop": "1309329074", "direccion": "URBIRRIOS II MZ-21-D LOTE 10", "area_m2": 144.0, "frente_uti": 8.0, "frente_tot": 0.0, "avaluo_con": 0.0, "avaluo_sue": 5760.0, "zonaurbano": "URBANA", "parroquia": "TARQUI", "esta_bloqu": "NO", "es_tercera": "NO", "tiene_elec": "SI", "tiene_agua": "SI", "tiene_alca": "NO", "observacio": "-INGRESO NUEVO X LOTEO SE DESM. Y CANCELO HASTA EL 2005 CON LA 3270201 INF.AMPARO Q. 05/08/06 Y.C.S.- ACTUALIZACION INF. AMPARO Q. JULIO 14/09 MR INF. PARA CERTIF. INGRES. POR AREA DE LEGALIZACION INSP. LUIS LOPEZ, ENERO 23-14 -SELLO PROT.DE ADJ.DANIEL S", "observac_1": null, "barrio": "OTRAS AREAS", "parroquia_": 3, "barrio_id": 0, "proceso": 1, "fecha_regi": null, "activo_cat": "SI", "desactivad": 0, "avaluo_rem": 0.0, "avaluo_r_1": 0.0, "clasificac": "GENERAL", "anio_deuda": 2015, "deuda": 371.89, "valor_ip": 0.0, "coactiva": null, "ficharegis": 44395, "etam": 0.0833333333, "diferencia": -3.6624721766000001, "porc_difer": -0.0254338346, "admisible": 1, "deuda_anio": 360.5, "Clavepre": "3-23-47-10-000", "ORIG_FID": 8 }, "geometry": { "type": "Point", "coordinates": [ -80.729798527259817, -1.003331306223871 ] } },
{ "type": "Feature", "properties": { "id": 86585, "lote_id": 66076, "clavecatas": "3-23-47-11-000", "zona": "3", "sector": "23", "manzana": "47", "lote": "11", "ph": "000", "propietari": "PILAY VELIZ YENNI AIDES", "documentop": "1306963271", "direccion": "URBIRRIOS II MZ-21-D  LOTE 11 Y 12", "area_m2": 288.0, "frente_uti": 8.0, "frente_tot": 0.0, "avaluo_con": 0.0, "avaluo_sue": 11520.0, "zonaurbano": "URBANA", "parroquia": "TARQUI", "esta_bloqu": "NO", "es_tercera": "NO", "tiene_elec": "SI", "tiene_agua": "SI", "tiene_alca": "NO", "observacio": "-INGRESO NUEVO X LOTEO SE DESM. Y CANCELO HASTA EL 2005 CON LA 3270201 INF.AMPARO Q. 05/08/06 Y.C.S.- ACTUALIZACION INF. AMPARO Q. JULIO 14/09 MR INF. PARA CERTIF. INGRES. POR AREA DE LEGALIZACION INSP. LUIS LOPEZ, ENERO 23-14 -SELLO PROT.DE ADJ.DANIEL S", "observac_1": null, "barrio": "OTRAS AREAS", "parroquia_": 3, "barrio_id": 0, "proceso": 1, "fecha_regi": null, "activo_cat": "SI", "desactivad": 0, "avaluo_rem": 0.0, "avaluo_r_1": 0.0, "clasificac": "GENERAL", "anio_deuda": 2026, "deuda": 16.59, "valor_ip": 0.0, "coactiva": null, "ficharegis": 44964, "etam": 0.1178511302, "diferencia": -7.491855963, "porc_difer": -0.0260133888, "admisible": 1, "deuda_anio": 0.0, "Clavepre": "3-23-47-11-000", "ORIG_FID": 9 }, "geometry": { "type": "Point", "coordinates": [ -80.729709924042496, -1.003388779947334 ] } },
{ "type": "Feature", "properties": { "id": 86587, "lote_id": 66078, "clavecatas": "3-23-47-13-000", "zona": "3", "sector": "23", "manzana": "47", "lote": "13", "ph": "000", "propietari": "MOLINA PARRALES MONSERRATE NARCISA", "documentop": "1306841170", "direccion": "URBIRIOS II MZ-A LOTE 13", "area_m2": 144.0, "frente_uti": 8.0, "frente_tot": 0.0, "avaluo_con": 0.0, "avaluo_sue": 5760.0, "zonaurbano": "URBANA", "parroquia": "TARQUI", "esta_bloqu": "NO", "es_tercera": "NO", "tiene_elec": "SI", "tiene_agua": "NO", "tiene_alca": "NO", "observacio": "INGRESO NUEVO X LOTEO SE DESM.Y CANCELO HASTA EL 2005 CON LA 3270201 INF.AMPARO Q. 05/08/06 Y.C.S.-ACTUALIZACION INF.AMPARO Q.JULIO 14/09 MR.-SELLO PROT.DE PART.Y ADJ.S/F.22/09/16 A.Q.", "observac_1": null, "barrio": "OTRAS AREAS", "parroquia_": 3, "barrio_id": 0, "proceso": 1, "fecha_regi": null, "activo_cat": "SI", "desactivad": 0, "avaluo_rem": 0.0, "avaluo_r_1": 0.0, "clasificac": "GENERAL", "anio_deuda": 2017, "deuda": 282.8, "valor_ip": 0.0, "coactiva": null, "ficharegis": 57111, "etam": 0.0833333333, "diferencia": -8.4498421073000003, "porc_difer": -0.0586794591, "admisible": 1, "deuda_anio": 271.41, "Clavepre": "3-23-47-13-000", "ORIG_FID": 10 }, "geometry": { "type": "Point", "coordinates": [ -80.729620647586117, -1.00344649210183 ] } },
{ "type": "Feature", "properties": { "id": 86588, "lote_id": 66079, "clavecatas": "3-23-47-14-000", "zona": "3", "sector": "23", "manzana": "47", "lote": "14", "ph": "000", "propietari": "BUCHELI GARCIA  FABIAN ESTUARDO", "documentop": "1718129305", "direccion": "URBIRIOS II MZ-21-D LOTE 14", "area_m2": 144.0, "frente_uti": 8.0, "frente_tot": 0.0, "avaluo_con": 0.0, "avaluo_sue": 5184.0, "zonaurbano": "URBANA", "parroquia": "TARQUI", "esta_bloqu": "NO", "es_tercera": "NO", "tiene_elec": "SI", "tiene_agua": "NO", "tiene_alca": "NO", "observacio": "ING. NUEVO X LTEO S DESM. Y CANCELO HASTA EL 2005 CON LA 3270201 INF. A.Q. 05/08/06 Y.C.S.- ACTU. INF. A.Q. 07/14/09 MR.- ING. X J. CASTRO REV. X M. CAJAPE ELAB. X DELI CHAVEZ CERT. 25.114- 09/15/14.- SELLO PROT. D ADJUD. GLORIA G. 09/22/14 Y.C.S.- SE AC", "observac_1": null, "barrio": "OTRAS AREAS", "parroquia_": 3, "barrio_id": 0, "proceso": 1, "fecha_regi": null, "activo_cat": "SI", "desactivad": 0, "avaluo_rem": 0.0, "avaluo_r_1": 0.0, "clasificac": "GENERAL", "anio_deuda": 0, "deuda": 0.0, "valor_ip": 0.0, "coactiva": null, "ficharegis": 47843, "etam": 0.0833333333, "diferencia": -14.1572450055, "porc_difer": -0.0983142014, "admisible": 0, "deuda_anio": 0.0, "Clavepre": "3-23-47-14-000", "ORIG_FID": 11 }, "geometry": { "type": "Point", "coordinates": [ -80.729559006159775, -1.003486361439964 ] } },
{ "type": "Feature", "properties": { "id": 86589, "lote_id": 66080, "clavecatas": "3-23-47-15-000", "zona": "3", "sector": "23", "manzana": "47", "lote": "15", "ph": "000", "propietari": "SOLIZ COLT CRISTIAN RUBEN", "documentop": "2300332034", "direccion": "URBIRRIOS II MZ-21-D  LOTE 15", "area_m2": 180.0, "frente_uti": 28.0, "frente_tot": 0.0, "avaluo_con": 0.0, "avaluo_sue": 6804.0, "zonaurbano": "URBANA", "parroquia": "TARQUI", "esta_bloqu": "NO", "es_tercera": "NO", "tiene_elec": "SI", "tiene_agua": "NO", "tiene_alca": "NO", "observacio": "-INGRESO NUEVO X LOTEO SE DESM. Y CANCELO HASTA EL 2005 CON LA 3270201 INF.AMPARO Q.05/08/06 Y.C.S.-ACTUALIZACION INF.AMPARO Q.JULIO 14/09 MR INF.PARA CERTIF.INGRES.POR AREA DE LEGALIZACION INSP.LUIS LOPEZ,ENERO 23-14 ING PARA CERTIF. X YULIANA CASTRO,RE", "observac_1": null, "barrio": "OTRAS AREAS", "parroquia_": 5, "barrio_id": 0, "proceso": 1, "fecha_regi": null, "activo_cat": "SI", "desactivad": 0, "avaluo_rem": 0.0, "avaluo_r_1": 0.0, "clasificac": "GENERAL", "anio_deuda": 0, "deuda": 0.0, "valor_ip": 0.0, "coactiva": null, "ficharegis": 46786, "etam": 0.0745355992, "diferencia": -9.6699132267000003, "porc_difer": -0.0537217401, "admisible": 1, "deuda_anio": 0.0, "Clavepre": "3-23-47-15-000", "ORIG_FID": 12 }, "geometry": { "type": "Point", "coordinates": [ -80.729490693817212, -1.003531614426957 ] } },
{ "type": "Feature", "properties": { "id": 86590, "lote_id": 66081, "clavecatas": "3-23-47-16-000", "zona": "3", "sector": "23", "manzana": "47", "lote": "16", "ph": "000", "propietari": "SOLIZ COLT CRISTIAN RUBEN", "documentop": "2300332034", "direccion": "BARRIO URBIRRIOS II MZ. 21-D LOTE 16", "area_m2": 180.0, "frente_uti": 28.0, "frente_tot": 0.0, "avaluo_con": 32515.2, "avaluo_sue": 5511.24, "zonaurbano": "URBANA", "parroquia": "TARQUI", "esta_bloqu": "NO", "es_tercera": "SI", "tiene_elec": "SI", "tiene_agua": "NO", "tiene_alca": "NO", "observacio": "INGR. NUEVO X LOTEO SE DESM. CANCELO HASTA EL 2005 CON LA 3270201 INF.AMPARO Q. 05/08/06 Y.C.S.- ACTUA. INF. AMPARO Q. 07/14/09 MR.- INF. PARA CERT. X AREA DE LEGALIZ. INSP. L. LOPEZ FEB. 11-14- SELLO PROT. DE ADJ.DANIEL S.03/21/14 Y.C.S.- SE ACTUA. INF.", "observac_1": null, "barrio": "URBIRRIOS 2", "parroquia_": 3, "barrio_id": 1046, "proceso": 1, "fecha_regi": null, "activo_cat": "SI", "desactivad": 0, "avaluo_rem": 0.0, "avaluo_r_1": 0.0, "clasificac": "GENERAL", "anio_deuda": 0, "deuda": 0.0, "valor_ip": 0.0, "coactiva": null, "ficharegis": 45588, "etam": 0.0745355992, "diferencia": 4.6736147637999998, "porc_difer": 0.0259645265, "admisible": 1, "deuda_anio": 0.0, "Clavepre": "3-23-47-16-000", "ORIG_FID": 13 }, "geometry": { "type": "Point", "coordinates": [ -80.729401487325063, -1.003389775952744 ] } },
{ "type": "Feature", "properties": { "id": 86591, "lote_id": 66082, "clavecatas": "3-23-47-17-000", "zona": "3", "sector": "23", "manzana": "47", "lote": "17", "ph": "000", "propietari": "REYES MOLINA JOHANNA MONSERRATE", "documentop": "1316135472", "direccion": "URBIRIOS II MZ-21-D LOTE 17", "area_m2": 144.0, "frente_uti": 8.0, "frente_tot": 0.0, "avaluo_con": 0.0, "avaluo_sue": 5760.0, "zonaurbano": "URBANA", "parroquia": "TARQUI", "esta_bloqu": "NO", "es_tercera": "NO", "tiene_elec": "SI", "tiene_agua": "NO", "tiene_alca": "NO", "observacio": "INGRESO NUEVO X LOTEO SE DESM. Y CANCELO HASTA EL 2005 CON LA 3270201 INF.AMPARO Q. 05/08/06 Y.C.S.-ACTUALIZACION INF.AMPARO Q.JULIO 14/09 MR INF.PARA CERT. REV.X PERITO LCDA.MARISOL ARTEAGA RIVAS,SEPT.05-16 MR.-SELLO PROTOC.\r\nDE PART.Y ADJ.S/F.22/09/16", "observac_1": null, "barrio": "OTRAS AREAS", "parroquia_": 3, "barrio_id": 0, "proceso": 1, "fecha_regi": null, "activo_cat": "SI", "desactivad": 0, "avaluo_rem": 0.0, "avaluo_r_1": 0.0, "clasificac": "GENERAL", "anio_deuda": 2017, "deuda": 282.8, "valor_ip": 0.0, "coactiva": null, "ficharegis": 57110, "etam": 0.0833333333, "diferencia": -9.4533555842000005, "porc_difer": -0.0656483027, "admisible": 1, "deuda_anio": 271.41, "Clavepre": "3-23-47-17-000", "ORIG_FID": 14 }, "geometry": { "type": "Point", "coordinates": [ -80.729470475962387, -1.003344583943727 ] } },
{ "type": "Feature", "properties": { "id": 86592, "lote_id": 66083, "clavecatas": "3-23-47-18-000", "zona": "3", "sector": "23", "manzana": "47", "lote": "18", "ph": "000", "propietari": "VINUEZA MARCILLO MARIA LICENIA", "documentop": "1315073070", "direccion": "URBIRRIOS II MZ-21-D LT. 18", "area_m2": 144.0, "frente_uti": 8.0, "frente_tot": 0.0, "avaluo_con": 0.0, "avaluo_sue": 5760.0, "zonaurbano": "URBANA", "parroquia": "TARQUI", "esta_bloqu": "NO", "es_tercera": "NO", "tiene_elec": "SI", "tiene_agua": "NO", "tiene_alca": "NO", "observacio": "-INGRESO NUEVO DE ACUERDO AL REDISEÑO AMPARO Q.08/14/07 Y.C.S.- ACTUALIZACION INF. AMPARO Q. JULIO 14/09 MR INF.PARA CERT.INGRES.X AREA D LEGALIZACION INSP.LUIS LOPEZ 01-23-14 -SELLO PROT.DE ADJ.DANIEL S.02/07/14 Y.C.S.-", "observac_1": null, "barrio": "OTRAS AREAS", "parroquia_": 3, "barrio_id": 0, "proceso": 1, "fecha_regi": null, "activo_cat": "SI", "desactivad": 0, "avaluo_rem": 0.0, "avaluo_r_1": 0.0, "clasificac": "GENERAL", "anio_deuda": 2014, "deuda": 408.97, "valor_ip": 0.0, "coactiva": null, "ficharegis": 44538, "etam": 0.0833333333, "diferencia": -2.5332376593000001, "porc_difer": -0.0175919282, "admisible": 1, "deuda_anio": 397.58, "Clavepre": "3-23-47-18-000", "ORIG_FID": 15 }, "geometry": { "type": "Point", "coordinates": [ -80.729533805793892, -1.003303919532535 ] } },
{ "type": "Feature", "properties": { "id": 86593, "lote_id": 66084, "clavecatas": "3-23-47-19-000", "zona": "3", "sector": "23", "manzana": "47", "lote": "19", "ph": "000", "propietari": "MACIAS BARRETO ANGELA MARIA", "documentop": "1311890840", "direccion": "URBIRIOS II MZ-21-D LT. 19", "area_m2": 144.0, "frente_uti": 8.0, "frente_tot": 0.0, "avaluo_con": 691.2, "avaluo_sue": 5760.0, "zonaurbano": "URBANA", "parroquia": "TARQUI", "esta_bloqu": "NO", "es_tercera": "NO", "tiene_elec": "SI", "tiene_agua": "SI", "tiene_alca": "NO", "observacio": "-INGRESO NUEVO DE ACUERDO AL REDISEÑO AMPARO Q.08/14/07 Y.C.S.- ACTUALIZACION INF. AMPARO Q. JULIO 14/09 MR INF. PARA CERTIF. INGRES. POR AREA DE LEGALIZACION INSP. LUIS LOPEZ, FEBRERO 11-14 -SELLO PROT.DE ADJ.DANIEL S.02/20/14 Y.C.S.-SE ACTUALIZA INFOR", "observac_1": null, "barrio": "OTRAS AREAS", "parroquia_": 3, "barrio_id": 0, "proceso": 1, "fecha_regi": null, "activo_cat": "SI", "desactivad": 0, "avaluo_rem": 0.0, "avaluo_r_1": 0.0, "clasificac": "GENERAL", "anio_deuda": 2019, "deuda": 199.6, "valor_ip": 0.0, "coactiva": null, "ficharegis": 44911, "etam": 0.0833333333, "diferencia": 6.4861041942000002, "porc_difer": 0.0450423902, "admisible": 1, "deuda_anio": 186.71, "Clavepre": "3-23-47-19-000", "ORIG_FID": 16 }, "geometry": { "type": "Point", "coordinates": [ -80.7295938515541, -1.003265525019517 ] } },
{ "type": "Feature", "properties": { "id": 86594, "lote_id": 66085, "clavecatas": "3-23-47-20-000", "zona": "3", "sector": "23", "manzana": "47", "lote": "20", "ph": "000", "propietari": "CEVALLOS ZAVALA VICTOR JAVIER", "documentop": "1308573664", "direccion": "N BARRIO URBIRRIOS II MZ-21-D LOTE  20", "area_m2": 144.0, "frente_uti": 8.0, "frente_tot": 8.0, "avaluo_con": 0.0, "avaluo_sue": 5760.0, "zonaurbano": "URBANA", "parroquia": "TARQUI", "esta_bloqu": "NO", "es_tercera": "NO", "tiene_elec": "SI", "tiene_agua": "SI", "tiene_alca": "NO", "observacio": "-INGRESO NUEVO DE ACUERDO AL REDISEÑO AMPARO Q.08/14/07 Y.C.S.- ACTUALIZACION INF. AMPARO Q. JULIO 14/09 MR INF.PARA CERT.INGRES.X AREA DE LEGALIZACION INSP.LUIS LOPEZ, 01-23-14 -SELLO PROT.DE ADJ.DANIEL S.02/20/14 Y.C.S.-\r\n\r\nINF. PARA CERTIFICADO INGRE", "observac_1": null, "barrio": "OTRAS AREAS", "parroquia_": 3, "barrio_id": 0, "proceso": 1, "fecha_regi": null, "activo_cat": "SI", "desactivad": 0, "avaluo_rem": 0.0, "avaluo_r_1": 0.0, "clasificac": "GENERAL", "anio_deuda": 0, "deuda": 0.0, "valor_ip": 0.0, "coactiva": null, "ficharegis": 44922, "etam": 0.0833333333, "diferencia": 6.6535354157000004, "porc_difer": 0.0462051071, "admisible": 1, "deuda_anio": 0.0, "Clavepre": "3-23-47-20-000", "ORIG_FID": 17 }, "geometry": { "type": "Point", "coordinates": [ -80.72965225781563, -1.003228821467347 ] } },
{ "type": "Feature", "properties": { "id": 86595, "lote_id": 66086, "clavecatas": "3-23-47-21-000", "zona": "3", "sector": "23", "manzana": "47", "lote": "21", "ph": "000", "propietari": "SUAREZ SANTAMARIA EVA ELIZABETH", "documentop": "0922328810", "direccion": "URBIRRIOS II MZ-21-D LT. 21", "area_m2": 144.0, "frente_uti": 8.0, "frente_tot": 0.0, "avaluo_con": 0.0, "avaluo_sue": 5760.0, "zonaurbano": "URBANA", "parroquia": "TARQUI", "esta_bloqu": "NO", "es_tercera": "NO", "tiene_elec": "SI", "tiene_agua": "SI", "tiene_alca": "NO", "observacio": "-INGRESO NUEVO DE ACUERDO AL REDISEÑO AMPARO Q.08/14/07 Y.C.S.ACTUALIZACION INF.AMPARO Q. JULIO 14/09 MR INF. PARA CERTIF. INGRES. POR AREA DE LEGALIZACION INSP. LUIS LOPEZ, FEBRERO 3-14 -SELLO PROT.DE ADJ. DANIEL S.02/07/14 Y.C.S.-", "observac_1": null, "barrio": "OTRAS AREAS", "parroquia_": 3, "barrio_id": 0, "proceso": 1, "fecha_regi": null, "activo_cat": "SI", "desactivad": 0, "avaluo_rem": 0.0, "avaluo_r_1": 0.0, "clasificac": "GENERAL", "anio_deuda": 2020, "deuda": 154.75, "valor_ip": 0.0, "coactiva": null, "ficharegis": 44521, "etam": 0.0833333333, "diferencia": -2.3833537802000002, "porc_difer": -0.0165510679, "admisible": 1, "deuda_anio": 143.36, "Clavepre": "3-23-47-21-000", "ORIG_FID": 18 }, "geometry": { "type": "Point", "coordinates": [ -80.729711035210713, -1.003188457725648 ] } },
{ "type": "Feature", "properties": { "id": 86598, "lote_id": 66089, "clavecatas": "3-23-47-24-000", "zona": "3", "sector": "23", "manzana": "47", "lote": "24", "ph": "000", "propietari": "REYES CEDEÑO MARIA ALEXANDRA", "documentop": "1306278738", "direccion": "URBIRRIOS II MZ-21-D LOTE 24", "area_m2": 144.0, "frente_uti": 8.0, "frente_tot": 0.0, "avaluo_con": 0.0, "avaluo_sue": 5760.0, "zonaurbano": "URBANA", "parroquia": "TARQUI", "esta_bloqu": "NO", "es_tercera": "NO", "tiene_elec": "SI", "tiene_agua": "SI", "tiene_alca": "NO", "observacio": "-INGRESO NUEVO DE ACUERDO AL REDISEÑO AMPARO Q.08/14/07 YCS- ACTUALIZACION INF.AMPARO Q.07/14/09 MR INF.PARA CERT.INGRES.X AREA D LEGALIZACION INSP. LUIS LOPEZ 01-31-14 -SELLO PROT.DE ADJ.DANIEL S.02/07/14 Y.C.S.-", "observac_1": null, "barrio": "OTRAS AREAS", "parroquia_": 3, "barrio_id": 0, "proceso": 1, "fecha_regi": null, "activo_cat": "SI", "desactivad": 0, "avaluo_rem": 0.0, "avaluo_r_1": 0.0, "clasificac": "GENERAL", "anio_deuda": 2010, "deuda": 557.4, "valor_ip": 0.0, "coactiva": null, "ficharegis": 44518, "etam": 0.0833333333, "diferencia": 1.7170616692, "porc_difer": 0.0119240394, "admisible": 1, "deuda_anio": 546.01, "Clavepre": "3-23-47-24-000", "ORIG_FID": 19 }, "geometry": { "type": "Point", "coordinates": [ -80.729893171903669, -1.003071965071773 ] } },
{ "type": "Feature", "properties": { "id": 86599, "lote_id": 66090, "clavecatas": "3-23-47-25-000", "zona": "3", "sector": "23", "manzana": "47", "lote": "25", "ph": "000", "propietari": "REYES CEDENO INES JACINTA", "documentop": "1308736741", "direccion": "URBIRRIOS II MZ-21-D LT. 25", "area_m2": 144.0, "frente_uti": 8.0, "frente_tot": 0.0, "avaluo_con": 0.0, "avaluo_sue": 5760.0, "zonaurbano": "URBANA", "parroquia": "TARQUI", "esta_bloqu": "NO", "es_tercera": "NO", "tiene_elec": "SI", "tiene_agua": "NO", "tiene_alca": "NO", "observacio": "-INGRESO NUEVO DE ACUERDO AL REDISEÑO AMPARO Q.08/14/07 Y.C.S.- ACTUALIZACION INF. AMPARO Q. JULIO 14/09 MR INF. PARA CERT.INGRES. X AREA DE LEGALIZACION INSP.LUIS LOPEZ 01-23-14 -SELLO PROT.DE ADJ.DANIEL S. 02/05/14 Y.C.S.-", "observac_1": null, "barrio": "OTRAS AREAS", "parroquia_": 3, "barrio_id": 0, "proceso": 1, "fecha_regi": null, "activo_cat": "SI", "desactivad": 0, "avaluo_rem": 0.0, "avaluo_r_1": 0.0, "clasificac": "GENERAL", "anio_deuda": 2013, "deuda": 448.74, "valor_ip": 0.0, "coactiva": null, "ficharegis": 44480, "etam": 0.0833333333, "diferencia": -2.1980004446, "porc_difer": -0.015263892, "admisible": 1, "deuda_anio": 437.35, "Clavepre": "3-23-47-25-000", "ORIG_FID": 20 }, "geometry": { "type": "Point", "coordinates": [ -80.729954307641307, -1.003033005252734 ] } },
{ "type": "Feature", "properties": { "id": 86600, "lote_id": 66091, "clavecatas": "3-23-47-26-000", "zona": "3", "sector": "23", "manzana": "47", "lote": "26", "ph": "000", "propietari": "VELASQUEZ COBEÑA LILIANA DIOSELINA", "documentop": "1306408103", "direccion": "URBIRRIOS II MZ-21-D LT. 26", "area_m2": 144.0, "frente_uti": 8.0, "frente_tot": 0.0, "avaluo_con": 0.0, "avaluo_sue": 5760.0, "zonaurbano": "URBANA", "parroquia": "TARQUI", "esta_bloqu": "NO", "es_tercera": "NO", "tiene_elec": "SI", "tiene_agua": "NO", "tiene_alca": "NO", "observacio": "-INGRESO NUEVO DE ACUERDO AL REDISEÑO AMPARO Q.08/14/07 Y.C.S.- ACTUALIZACION INF.AMPARO Q.07/14/09 MR INF.PARA CERT.INGRES.X AREA DE LEGALIZACION INSP.LUIS LOPEZ 01-29-14 -SELLO PROT.DE ADJ.DANIEL S.02/04/14 Y.C.S.-", "observac_1": null, "barrio": "OTRAS AREAS", "parroquia_": 3, "barrio_id": 0, "proceso": 1, "fecha_regi": null, "activo_cat": "SI", "desactivad": 0, "avaluo_rem": 0.0, "avaluo_r_1": 0.0, "clasificac": "GENERAL", "anio_deuda": 2025, "deuda": 28.14, "valor_ip": 0.0, "coactiva": null, "ficharegis": 44430, "etam": 0.0833333333, "diferencia": 4.2611137329000002, "porc_difer": 0.0295910676, "admisible": 1, "deuda_anio": 16.75, "Clavepre": "3-23-47-26-000", "ORIG_FID": 21 }, "geometry": { "type": "Point", "coordinates": [ -80.730014569697047, -1.002993838000608 ] } },
{ "type": "Feature", "properties": { "id": 86601, "lote_id": 66092, "clavecatas": "3-23-47-27-000", "zona": "3", "sector": "23", "manzana": "47", "lote": "27", "ph": "000", "propietari": "BRAVO PALMA SEGUNDO ADAN", "documentop": "1304355009", "direccion": "URBIRRIOS II MZ-21-D  LT. 27", "area_m2": 144.0, "frente_uti": 8.0, "frente_tot": 0.0, "avaluo_con": 0.0, "avaluo_sue": 5760.0, "zonaurbano": "URBANA", "parroquia": "TARQUI", "esta_bloqu": "NO", "es_tercera": "SI", "tiene_elec": "SI", "tiene_agua": "NO", "tiene_alca": "NO", "observacio": "-INGRESO NUEVO DE ACUERDO AL REDISEÑO AMPARO Q.08/14/07 Y.C.S.- ACTUALIZACION INF. AMPARO Q. JULIO 14/09 MR INF. PARA CERTIF. INGRES. POR AREA DE LEGALIZACION INSP. LUIS LOPEZ, ENERO 17-14 -SELLO PROT.DE ADJ.DANIEL S.02/03/14 Y.C.S.-", "observac_1": null, "barrio": "OTRAS AREAS", "parroquia_": 3, "barrio_id": 0, "proceso": 1, "fecha_regi": null, "activo_cat": "SI", "desactivad": 0, "avaluo_rem": 0.0, "avaluo_r_1": 0.0, "clasificac": "GENERAL", "anio_deuda": 0, "deuda": 0.0, "valor_ip": 0.0, "coactiva": null, "ficharegis": 44400, "etam": 0.0833333333, "diferencia": 1.3001970063, "porc_difer": 0.0090291459, "admisible": 1, "deuda_anio": 0.0, "Clavepre": "3-23-47-27-000", "ORIG_FID": 22 }, "geometry": { "type": "Point", "coordinates": [ -80.730074370448889, -1.002955396486877 ] } },
{ "type": "Feature", "properties": { "id": 86602, "lote_id": 66093, "clavecatas": "3-23-47-28-000", "zona": "3", "sector": "23", "manzana": "47", "lote": "28", "ph": "000", "propietari": "ROMERO POSLIGUA DORA MARIA", "documentop": "1308297082", "direccion": "URBIRIOS II MZ-21-D LOTE 28", "area_m2": 144.0, "frente_uti": 8.0, "frente_tot": 0.0, "avaluo_con": 0.0, "avaluo_sue": 5760.0, "zonaurbano": "URBANA", "parroquia": "TARQUI", "esta_bloqu": "NO", "es_tercera": "NO", "tiene_elec": "SI", "tiene_agua": "NO", "tiene_alca": "NO", "observacio": "-INGRESO NUEVO DE ACUERDO AL REDISEÑO AMPARO Q.08/14/07 Y.C.S.- ACTUALIZACION INF. AMPARO Q. JULIO 14/09 MR \r\nINF. PARA CERTIFICADO INGRESADO POR VENTANILLA REIZADO POR  LCDA MARIA MARISOL ARTEAGA RIVAS,  29 DE NOV. DEL 2018, MR SE ACTUALIZA INF CON ESC", "observac_1": null, "barrio": "URBIRRIOS 2", "parroquia_": 3, "barrio_id": 1046, "proceso": 1, "fecha_regi": null, "activo_cat": "SI", "desactivad": 0, "avaluo_rem": 0.0, "avaluo_r_1": 0.0, "clasificac": "GENERAL", "anio_deuda": 0, "deuda": 0.0, "valor_ip": 0.0, "coactiva": null, "ficharegis": 68766, "etam": 0.0833333333, "diferencia": 0.7289849204, "porc_difer": 0.0050623953, "admisible": 1, "deuda_anio": 0.0, "Clavepre": "3-23-47-28-000", "ORIG_FID": 23 }, "geometry": { "type": "Point", "coordinates": [ -80.730134940781056, -1.002915679761083 ] } },
{ "type": "Feature", "properties": { "id": 86603, "lote_id": 66094, "clavecatas": "3-23-47-29-000", "zona": "3", "sector": "23", "manzana": "47", "lote": "29", "ph": "000", "propietari": "ZAMBRANO VARBA JOEL ODILON", "documentop": "1310183924", "direccion": "URBIRRIOS II MZ-21-D LT. LT. 29", "area_m2": 144.0, "frente_uti": 8.0, "frente_tot": 0.0, "avaluo_con": 0.0, "avaluo_sue": 5760.0, "zonaurbano": "URBANA", "parroquia": "TARQUI", "esta_bloqu": "NO", "es_tercera": "NO", "tiene_elec": "SI", "tiene_agua": "NO", "tiene_alca": "NO", "observacio": "-INGRESO NUEVO DE ACUERDO AL REDISEÑO AMPARO Q.08/14/07 Y.C.S.- ACTUALIZACION INF. AMPARO Q. JULIO 14/09 MR INF.PARA CERT.INGRES.X AREA D LEGALIZACION INSP.LUIS LOPEZ 01-23-14 -SELLO PROT.DE ADJ.DANIEL S.02/12/14 Y.C.S.-", "observac_1": null, "barrio": "OTRAS AREAS", "parroquia_": 3, "barrio_id": 0, "proceso": 1, "fecha_regi": null, "activo_cat": "SI", "desactivad": 0, "avaluo_rem": 0.0, "avaluo_r_1": 0.0, "clasificac": "GENERAL", "anio_deuda": 2016, "deuda": 327.65, "valor_ip": 0.0, "coactiva": null, "ficharegis": 44809, "etam": 0.0833333333, "diferencia": -1.8095214726, "porc_difer": -0.0125661213, "admisible": 1, "deuda_anio": 316.26, "Clavepre": "3-23-47-29-000", "ORIG_FID": 24 }, "geometry": { "type": "Point", "coordinates": [ -80.730196485576386, -1.002875011022538 ] } },
{ "type": "Feature", "properties": { "id": 86604, "lote_id": 66095, "clavecatas": "3-23-47-30-000", "zona": "3", "sector": "23", "manzana": "47", "lote": "30", "ph": "000", "propietari": "MERA ZAMBRANO JORGE LUIS", "documentop": "1203678873", "direccion": "URBIRIOS II MZ-21-D  LT.30", "area_m2": 180.0, "frente_uti": 28.0, "frente_tot": 0.0, "avaluo_con": 0.0, "avaluo_sue": 5832.0, "zonaurbano": "URBANA", "parroquia": "TARQUI", "esta_bloqu": "NO", "es_tercera": "NO", "tiene_elec": "SI", "tiene_agua": "NO", "tiene_alca": "NO", "observacio": "-INGRESO NUEVO DE ACUERDO AL REDISEÑO AMPARO Q.08/14/07 Y.C.S.- ACTUALIZACION INF. AMPARO Q. JULIO 14/09 MR.-SELLO PROTOC.DANIEL S.14/01/14 A.Q.INF. PARA CERTIF. INGRES. POR AREA DE LEGALIZACION INSP. LUIS LOPEZ, FEBRERO 11-14 -SELLO PRTO.DE ADJ.DANIEL", "observac_1": null, "barrio": "OTRAS AREAS", "parroquia_": 3, "barrio_id": 0, "proceso": 1, "fecha_regi": null, "activo_cat": "SI", "desactivad": 0, "avaluo_rem": 0.0, "avaluo_r_1": 0.0, "clasificac": "GENERAL", "anio_deuda": 0, "deuda": 0.0, "valor_ip": 0.0, "coactiva": null, "ficharegis": 45134, "etam": 0.0745355992, "diferencia": 7.0564253013, "porc_difer": 0.0392023628, "admisible": 1, "deuda_anio": 0.0, "Clavepre": "3-23-47-30-000", "ORIG_FID": 25 }, "geometry": { "type": "Point", "coordinates": [ -80.730265048121552, -1.002830038063928 ] } },
{ "type": "Feature", "properties": { "id": 86605, "lote_id": 66096, "clavecatas": "3-23-48-01-000", "zona": "3", "sector": "23", "manzana": "48", "lote": "01", "ph": "000", "propietari": "ALVARADO CONFORME ALEXANDRA YASMIN", "documentop": "1306963966", "direccion": "URBIRIOS II MZ-21-E LOTE 01", "area_m2": 180.0, "frente_uti": 28.0, "frente_tot": 0.0, "avaluo_con": 6048.0, "avaluo_sue": 5832.0, "zonaurbano": "URBANA", "parroquia": "TARQUI", "esta_bloqu": "NO", "es_tercera": "NO", "tiene_elec": "SI", "tiene_agua": "NO", "tiene_alca": "NO", "observacio": "-INGRESO NUEVO X LOTEO SE DESM. Y CANCELO HASTA EL 2005 CON LA 3270201 INF.AMPARO Q. 05/19/06 Y.C.S.- ACTUALIZACION INF. AMPARO Q. JULIO 14/09 MR.-SELLO PROTOC.DANIEL S.14/01/14 A.Q.ING.PARA CERTIF. POR GABRIEL MEUNIER, REV.ARQ. MARIA FERRIN,  SEPT. 25", "observac_1": null, "barrio": "OTRAS AREAS", "parroquia_": 3, "barrio_id": 0, "proceso": 1, "fecha_regi": null, "activo_cat": "SI", "desactivad": 0, "avaluo_rem": 0.0, "avaluo_r_1": 0.0, "clasificac": "GENERAL", "anio_deuda": 0, "deuda": 0.0, "valor_ip": 0.0, "coactiva": null, "ficharegis": 53291, "etam": 0.0745355992, "diferencia": -11.158104116900001, "porc_difer": -0.0619894673, "admisible": 1, "deuda_anio": 0.0, "Clavepre": "3-23-48-01-000", "ORIG_FID": 26 }, "geometry": { "type": "Point", "coordinates": [ -80.730131326584242, -1.002619205398301 ] } },
{ "type": "Feature", "properties": { "id": 86606, "lote_id": 66097, "clavecatas": "3-23-48-02-000", "zona": "3", "sector": "23", "manzana": "48", "lote": "02", "ph": "000", "propietari": "ROMERO GARCIA  MARIA MONSERRATE", "documentop": "1314240589", "direccion": "URBIRRIOS II MZ-21-E LOTE 02", "area_m2": 144.0, "frente_uti": 8.0, "frente_tot": 0.0, "avaluo_con": 0.0, "avaluo_sue": 5184.0, "zonaurbano": "URBANA", "parroquia": "TARQUI", "esta_bloqu": "NO", "es_tercera": "NO", "tiene_elec": "SI", "tiene_agua": "NO", "tiene_alca": "NO", "observacio": "INGRESO NUEVO X LOTEO SE DESM.Y CANCELO HASTA EL 2005 CON LA 3270201 INF.AMPARO Q.05/19/06 YCS- ACTUALZCION INF.AMPARO Q.07/14/09 MR.-INF.PARA CERT.INGRES.X AREA DE LEGALIZACION INSP.LUIS LOPEZ 01-23-14 -SELLO PROT.DE ADJ.02/08/14 Y.C.S.-SE ACTUALIZA INF", "observac_1": null, "barrio": "OTRAS AREAS", "parroquia_": 3, "barrio_id": 0, "proceso": 1, "fecha_regi": null, "activo_cat": "SI", "desactivad": 0, "avaluo_rem": 0.0, "avaluo_r_1": 0.0, "clasificac": "GENERAL", "anio_deuda": 0, "deuda": 0.0, "valor_ip": 0.0, "coactiva": null, "ficharegis": 44544, "etam": 0.0833333333, "diferencia": -3.5909775135, "porc_difer": -0.0249373438, "admisible": 1, "deuda_anio": 0.0, "Clavepre": "3-23-48-02-000", "ORIG_FID": 27 }, "geometry": { "type": "Point", "coordinates": [ -80.730062420348531, -1.002664110617211 ] } },
{ "type": "Feature", "properties": { "id": 86607, "lote_id": 66098, "clavecatas": "3-23-48-03-000", "zona": "3", "sector": "23", "manzana": "48", "lote": "03", "ph": "000", "propietari": "BRAVO CHAVEZ PEDRO ANTONIO", "documentop": "1305627539", "direccion": "SECTOR URBIRRIOS II MZ-21E LOTE 03", "area_m2": 144.0, "frente_uti": 8.0, "frente_tot": 0.0, "avaluo_con": 0.0, "avaluo_sue": 5760.0, "zonaurbano": "URBANA", "parroquia": "TARQUI", "esta_bloqu": "NO", "es_tercera": "NO", "tiene_elec": "SI", "tiene_agua": "SI", "tiene_alca": "NO", "observacio": "INGRESO NUEVO X LOTEO SE DESM. Y CANCELO HASTA EL 2005 CON LA 3270201 INF. AMPARO Q. 05/19/06 Y.C.S.- ACTUALZCION INF. AMPARO Q. 07/14/09 MR.- INF. PARA CERTIF. INGRES. X AREA DE LEGALIZACION INSP. LUIS LOPEZ, 23/01/14.-INF.PARA CERTIFICADO  REVIZADO POR", "observac_1": null, "barrio": "OTRAS AREAS", "parroquia_": 3, "barrio_id": 0, "proceso": 1, "fecha_regi": null, "activo_cat": "SI", "desactivad": 0, "avaluo_rem": 0.0, "avaluo_r_1": 0.0, "clasificac": "GENERAL", "anio_deuda": 0, "deuda": 0.0, "valor_ip": 0.0, "coactiva": null, "ficharegis": 62136, "etam": 0.0833333333, "diferencia": -2.4376378658000002, "porc_difer": -0.0169280407, "admisible": 1, "deuda_anio": 0.0, "Clavepre": "3-23-48-03-000", "ORIG_FID": 28 }, "geometry": { "type": "Point", "coordinates": [ -80.730002075038243, -1.002703372178043 ] } },
{ "type": "Feature", "properties": { "id": 86608, "lote_id": 66099, "clavecatas": "3-23-48-04-000", "zona": "3", "sector": "23", "manzana": "48", "lote": "04", "ph": "000", "propietari": "GARCIA PONCE IGENITO FLABIAN", "documentop": "1301446587", "direccion": "URBIRRIOS II MZ-21-E LOTE 4", "area_m2": 144.0, "frente_uti": 8.0, "frente_tot": 0.0, "avaluo_con": 0.0, "avaluo_sue": 5760.0, "zonaurbano": "URBANA", "parroquia": "TARQUI", "esta_bloqu": "NO", "es_tercera": "SI", "tiene_elec": "SI", "tiene_agua": "SI", "tiene_alca": "NO", "observacio": "INGRESO NUEVO X LOTEO SE DESM. Y CANCELO HASTA EL 2005 CON LA 3270201 INF. AMPARO Q. 05/19/06 Y.C.S.- ACTUALZCION INF.AMPARO Q. 07/14/09 MR.- INF. PARA CERT.INGRES.X AREA DE LEGALIZACION INSP. LUIS LOPEZ 23/01/14. -SELLO PROT.DE ADJ.ANGEL M.02/22/14 Y.C.", "observac_1": null, "barrio": "OTRAS AREAS", "parroquia_": 3, "barrio_id": 0, "proceso": 1, "fecha_regi": null, "activo_cat": "SI", "desactivad": 0, "avaluo_rem": 0.0, "avaluo_r_1": 0.0, "clasificac": "GENERAL", "anio_deuda": 0, "deuda": 0.0, "valor_ip": 0.0, "coactiva": null, "ficharegis": 45034, "etam": 0.0833333333, "diferencia": 3.2801838269000001, "porc_difer": 0.0227790544, "admisible": 1, "deuda_anio": 0.0, "Clavepre": "3-23-48-04-000", "ORIG_FID": 29 }, "geometry": { "type": "Point", "coordinates": [ -80.72994254179568, -1.002742696840955 ] } },
{ "type": "Feature", "properties": { "id": 86610, "lote_id": 66101, "clavecatas": "3-23-48-06-000", "zona": "3", "sector": "23", "manzana": "48", "lote": "06", "ph": "000", "propietari": "URGILES GILER MARIA VICTORIA", "documentop": "1310457088", "direccion": "URBIRRIOS II MZ-21-E LOTE 06", "area_m2": 144.0, "frente_uti": 8.0, "frente_tot": 0.0, "avaluo_con": 0.0, "avaluo_sue": 5760.0, "zonaurbano": "URBANA", "parroquia": "TARQUI", "esta_bloqu": "NO", "es_tercera": "NO", "tiene_elec": "SI", "tiene_agua": "SI", "tiene_alca": "NO", "observacio": "ING. NUEVO X LOTEO SE DESM. Y CANCELO HASTA EL 2005 CON LA 3270201 INF. A.Q. 05/19/06 Y.C.S.- ACTU. INF. A.Q. 07/14/09 MR.- ING. PARA CERT. X AREA DE LEGALZ. INSP. L. LOPEZ 23/01/14.-SELLO PROT. D ADJ. DANIEL S. 02/20/14 Y.C.S.- ING. X G. MEUNIER REV. X", "observac_1": null, "barrio": "OTRAS AREAS", "parroquia_": 3, "barrio_id": 0, "proceso": 1, "fecha_regi": null, "activo_cat": "SI", "desactivad": 0, "avaluo_rem": 0.0, "avaluo_r_1": 0.0, "clasificac": "GENERAL", "anio_deuda": 0, "deuda": 0.0, "valor_ip": 0.0, "coactiva": null, "ficharegis": 44912, "etam": 0.0833333333, "diferencia": 3.2172216243, "porc_difer": 0.0223418168, "admisible": 1, "deuda_anio": 0.0, "Clavepre": "3-23-48-06-000", "ORIG_FID": 30 }, "geometry": { "type": "Point", "coordinates": [ -80.729818063888899, -1.002819042130994 ] } },
{ "type": "Feature", "properties": { "id": 86611, "lote_id": 66102, "clavecatas": "3-23-48-07-000", "zona": "3", "sector": "23", "manzana": "48", "lote": "07", "ph": "000", "propietari": "ROMERO GILER ELVIS TITO", "documentop": "0924432651", "direccion": "URBIRRIOS II MZ-21-E  LOTE 07", "area_m2": 144.0, "frente_uti": 8.0, "frente_tot": 0.0, "avaluo_con": 0.0, "avaluo_sue": 4665.6, "zonaurbano": "URBANA", "parroquia": "TARQUI", "esta_bloqu": "NO", "es_tercera": "NO", "tiene_elec": "SI", "tiene_agua": "NO", "tiene_alca": "NO", "observacio": "-INGRESO NUEVO X LOTEO SE DESM.Y CANCELO HASTA EL 2005 CON LA 3270201 INF.AMPARO Q.05/19/06 Y.C.S.-ACTUALIZACION INF.AMPARO Q.07/14/09 MR INF.PARA CERT.INGRES.X AREA DE LEGALIZACION INSP.LUIS LOPEZ FEB.04-14 ING.PARA CERT.X LORENA LOOR REV.MIGUEL CAJAPE", "observac_1": null, "barrio": "URBIRRIOS 2", "parroquia_": 3, "barrio_id": 1046, "proceso": 1, "fecha_regi": null, "activo_cat": "SI", "desactivad": 0, "avaluo_rem": 0.0, "avaluo_r_1": 0.0, "clasificac": "GENERAL", "anio_deuda": 2026, "deuda": 11.24, "valor_ip": 0.0, "coactiva": null, "ficharegis": 48332, "etam": 0.0833333333, "diferencia": 1.8584500915, "porc_difer": 0.0129059034, "admisible": 1, "deuda_anio": 0.0, "Clavepre": "3-23-48-07-000", "ORIG_FID": 31 }, "geometry": { "type": "Point", "coordinates": [ -80.72975773311731, -1.002857598881556 ] } },
{ "type": "Feature", "properties": { "id": 86612, "lote_id": 66103, "clavecatas": "3-23-48-08-000", "zona": "3", "sector": "23", "manzana": "48", "lote": "08", "ph": "000", "propietari": "ROMERO GARCIA  ROCIO CECILIA", "documentop": "1313466037", "direccion": "URBIRRIOS II MZ-21-E LOTE 8", "area_m2": 144.0, "frente_uti": 8.0, "frente_tot": 0.0, "avaluo_con": 0.0, "avaluo_sue": 5184.0, "zonaurbano": "URBANA", "parroquia": "TARQUI", "esta_bloqu": "NO", "es_tercera": "NO", "tiene_elec": "SI", "tiene_agua": "SI", "tiene_alca": "NO", "observacio": "-INGRESO NUEVO X LOTEO SE DESM. Y CANCELO HASTA EL 2005 CON LA 3270201 INF.AMPARO Q.05/19/06 Y.C.S.- ACTUALIZACION INF.AMPARO Q. JULIO 14/09 MR INF.PARA CERT. INGRES.X AREA D LEGALIZACION INSP. LUIS LOPEZ 01-31-14 -SELLO PROT.DE ADJ.DANIEL S.02/13/14 Y.C", "observac_1": null, "barrio": "OTRAS AREAS", "parroquia_": 3, "barrio_id": 0, "proceso": 1, "fecha_regi": null, "activo_cat": "SI", "desactivad": 0, "avaluo_rem": 0.0, "avaluo_r_1": 0.0, "clasificac": "GENERAL", "anio_deuda": 0, "deuda": 0.0, "valor_ip": 0.0, "coactiva": null, "ficharegis": 44808, "etam": 0.0833333333, "diferencia": -0.7712120262, "porc_difer": -0.0053556391, "admisible": 1, "deuda_anio": 0.0, "Clavepre": "3-23-48-08-000", "ORIG_FID": 32 }, "geometry": { "type": "Point", "coordinates": [ -80.729696118550265, -1.002897957552277 ] } },
{ "type": "Feature", "properties": { "id": 86613, "lote_id": 66104, "clavecatas": "3-23-48-09-000", "zona": "3", "sector": "23", "manzana": "48", "lote": "09", "ph": "000", "propietari": "ESPINAL MANTUANO ROSA HORTENCIA", "documentop": "1312335902", "direccion": "URBIRRIOS II MZ-21-E LOTE 09", "area_m2": 144.0, "frente_uti": 8.0, "frente_tot": 0.0, "avaluo_con": 0.0, "avaluo_sue": 5760.0, "zonaurbano": "URBANA", "parroquia": "TARQUI", "esta_bloqu": "NO", "es_tercera": "NO", "tiene_elec": "SI", "tiene_agua": "SI", "tiene_alca": "NO", "observacio": "-INGRESO NUEVO X LOTEO SE DESM. Y CANCELO HASTA EL 2005 CON LA 3270201 INF.AMPARO Q. 05/19/06 Y.C.S.- ACTUALIZACION INF. AMPARO Q. JULIO 14/09 MR INF.PARA CERT.INGRES.X AREA D LEGALIZACION INSP.LUIS LOPEZ 01-20-14 -SELLO PROT.DE ADJ.DANIEL S. 02/12/14 Y.", "observac_1": null, "barrio": "OTRAS AREAS", "parroquia_": 3, "barrio_id": 0, "proceso": 1, "fecha_regi": null, "activo_cat": "SI", "desactivad": 0, "avaluo_rem": 0.0, "avaluo_r_1": 0.0, "clasificac": "GENERAL", "anio_deuda": 0, "deuda": 0.0, "valor_ip": 0.0, "coactiva": null, "ficharegis": 44807, "etam": 0.0833333333, "diferencia": 13.7811532786, "porc_difer": 0.0957024533, "admisible": 0, "deuda_anio": 0.0, "Clavepre": "3-23-48-09-000", "ORIG_FID": 33 }, "geometry": { "type": "Point", "coordinates": [ -80.729634415107128, -1.002934447695232 ] } },
{ "type": "Feature", "properties": { "id": 86632, "lote_id": 66123, "clavecatas": "3-23-48-28-000", "zona": "3", "sector": "23", "manzana": "48", "lote": "28", "ph": "000", "propietari": "MATA MOREIRA RODDY HITLER", "documentop": "0900109570", "direccion": "URBIRRIOS II MZ-21-E LOTE 28", "area_m2": 144.0, "frente_uti": 8.0, "frente_tot": 0.0, "avaluo_con": 0.0, "avaluo_sue": 5184.0, "zonaurbano": "URBANA", "parroquia": "TARQUI", "esta_bloqu": "NO", "es_tercera": "SI", "tiene_elec": "SI", "tiene_agua": "SI", "tiene_alca": "NO", "observacio": "INGRESO NUEVO X LOTEO SE DESM. Y CANCELO HASTA EL 2005 CON LA 3270201 INF. AMPARO Q. 05/19/06 Y.C.S.- ACTUALIZACION INF. AMPARO Q. 07/14/09 MR.- INF. PARA CERTIF. INGRES. X AREA DE LEGALIZACION INSP. LUIS LOPEZ, 23/01/14. -SELLO PROT.DE ADJ.DANIEL S.02/1", "observac_1": null, "barrio": "OTRAS AREAS", "parroquia_": 3, "barrio_id": 0, "proceso": 1, "fecha_regi": null, "activo_cat": "SI", "desactivad": 0, "avaluo_rem": 0.0, "avaluo_r_1": 0.0, "clasificac": "GENERAL", "anio_deuda": 0, "deuda": 0.0, "valor_ip": 0.0, "coactiva": null, "ficharegis": 44803, "etam": 0.0833333333, "diferencia": 2.1950154736999998, "porc_difer": 0.015243163, "admisible": 1, "deuda_anio": 0.0, "Clavepre": "3-23-48-28-000", "ORIG_FID": 34 }, "geometry": { "type": "Point", "coordinates": [ -80.72991512170681, -1.002566215487314 ] } },
{ "type": "Feature", "properties": { "id": 86614, "lote_id": 66105, "clavecatas": "3-23-48-10-000", "zona": "3", "sector": "23", "manzana": "48", "lote": "10", "ph": "000", "propietari": "MEDRANDA QUIROZ JOSE ADALBERTO", "documentop": "1301778864", "direccion": "URBIRRIOS II MZ-21-E  LOTE 10", "area_m2": 144.0, "frente_uti": 8.0, "frente_tot": 0.0, "avaluo_con": 0.0, "avaluo_sue": 5760.0, "zonaurbano": "URBANA", "parroquia": "TARQUI", "esta_bloqu": "NO", "es_tercera": "SI", "tiene_elec": "SI", "tiene_agua": "SI", "tiene_alca": "NO", "observacio": "-INGRESO NUEVO X LOTEO SE DESM. Y CANCELO HASTA EL 2005 CON LA 3270201 INF.AMPARO Q.05/19/06 Y.C.S.- ACTUALIZACION INF.AMPARO Q. 07/14/09 MR INF.PARA CERT.INGRES. X AREA D LEGALIZACION INSP.LUIS LOPEZ 01-31-14 -SELLO PROT.DE ADJ.ANGEL M.02/11/14 Y.C.S.-\r", "observac_1": null, "barrio": "OTRAS AREAS", "parroquia_": 3, "barrio_id": 0, "proceso": 1, "fecha_regi": null, "activo_cat": "SI", "desactivad": 0, "avaluo_rem": 0.0, "avaluo_r_1": 0.0, "clasificac": "GENERAL", "anio_deuda": 0, "deuda": 0.0, "valor_ip": 0.0, "coactiva": null, "ficharegis": 44644, "etam": 0.0833333333, "diferencia": 6.5031651657999996, "porc_difer": 0.0451608692, "admisible": 1, "deuda_anio": 0.0, "Clavepre": "3-23-48-10-000", "ORIG_FID": 35 }, "geometry": { "type": "Point", "coordinates": [ -80.729575715338129, -1.00297348786472 ] } },
{ "type": "Feature", "properties": { "id": 86615, "lote_id": 66106, "clavecatas": "3-23-48-11-000", "zona": "3", "sector": "23", "manzana": "48", "lote": "11", "ph": "000", "propietari": "MACHADO RODRIGUEZ FREDDY WILLMER", "documentop": "0965612617", "direccion": "URBIRRIOS II MZ-21-E  LOTE 11", "area_m2": 144.0, "frente_uti": 8.0, "frente_tot": 0.0, "avaluo_con": 0.0, "avaluo_sue": 5184.0, "zonaurbano": "URBANA", "parroquia": "TARQUI", "esta_bloqu": "NO", "es_tercera": "NO", "tiene_elec": "SI", "tiene_agua": "SI", "tiene_alca": "NO", "observacio": "-INGRESO NUEVO X LOTEO SE DESM. Y CANCELO HASTA EL 2005 CON LA 3270201 INF.AMPARO Q. 05/19/06 Y.C.S.- ACTUALIZACION INF. AMPARO Q. JULIO 14/09 MR INF. PARA CERTIF. INGRES.X AREA DE LEGALIZACION INSP. LUIS LOPEZ 01-31-14 -SELLO PROT.DE ADJ.DANIEL S. 02/13", "observac_1": null, "barrio": "OTRAS AREAS", "parroquia_": 3, "barrio_id": 0, "proceso": 1, "fecha_regi": null, "activo_cat": "SI", "desactivad": 0, "avaluo_rem": 0.0, "avaluo_r_1": 0.0, "clasificac": "GENERAL", "anio_deuda": 0, "deuda": 0.0, "valor_ip": 0.0, "coactiva": null, "ficharegis": 44757, "etam": 0.0833333333, "diferencia": -13.441715777800001, "porc_difer": -0.0933452485, "admisible": 0, "deuda_anio": 0.0, "Clavepre": "3-23-48-11-000", "ORIG_FID": 36 }, "geometry": { "type": "Point", "coordinates": [ -80.729509412224232, -1.003015646134022 ] } },
{ "type": "Feature", "properties": { "id": 86638, "lote_id": 66129, "clavecatas": "3-23-49-04-000", "zona": "3", "sector": "23", "manzana": "49", "lote": "04", "ph": "000", "propietari": "PALMA ESPIN ANA MARISOL", "documentop": "1306422971", "direccion": "URBIRRIOS II MZ-22 LOTE 4", "area_m2": 144.0, "frente_uti": 8.0, "frente_tot": 0.0, "avaluo_con": 0.0, "avaluo_sue": 5760.0, "zonaurbano": "URBANA", "parroquia": "TARQUI", "esta_bloqu": "NO", "es_tercera": "NO", "tiene_elec": "SI", "tiene_agua": "SI", "tiene_alca": "NO", "observacio": "-INGRESO NUEVO X LOTEO SE DESM. Y CANCELO HASTA EL 2005 CON LA 3270201 INF.AMPARO Q. 05/22/06 Y.C.S.- ACTUALIZACION INF. AMPARO Q. JULIO 14/09 MR INF.PARA CERT.INGRES.X AREA DE LEGALIZACION INSP.LUIS LOPEZ 01-17-14 -SELLO PROT.DE ADJ.DANIEL S.02/12/14 Y.", "observac_1": null, "barrio": "OTRAS AREAS", "parroquia_": 3, "barrio_id": 0, "proceso": 1, "fecha_regi": null, "activo_cat": "SI", "desactivad": 0, "avaluo_rem": 0.0, "avaluo_r_1": 0.0, "clasificac": "GENERAL", "anio_deuda": 0, "deuda": 0.0, "valor_ip": 0.0, "coactiva": null, "ficharegis": 44812, "etam": 0.0833333333, "diferencia": 10.7597759064, "porc_difer": 0.074720666, "admisible": 1, "deuda_anio": 0.0, "Clavepre": "3-23-49-04-000", "ORIG_FID": 37 }, "geometry": { "type": "Point", "coordinates": [ -80.729718563884703, -1.002394240913789 ] } },
{ "type": "Feature", "properties": { "id": 86618, "lote_id": 66109, "clavecatas": "3-23-48-14-000", "zona": "3", "sector": "23", "manzana": "48", "lote": "14", "ph": "000", "propietari": "JUMBO GUAICHA CESILIA EMPEEATRIZ", "documentop": "1801950476", "direccion": "URBIRRIOS II MZ-21-E LOTE 14", "area_m2": 144.0, "frente_uti": 8.0, "frente_tot": 0.0, "avaluo_con": 0.0, "avaluo_sue": 5760.0, "zonaurbano": "URBANA", "parroquia": "TARQUI", "esta_bloqu": "NO", "es_tercera": "NO", "tiene_elec": "SI", "tiene_agua": "NO", "tiene_alca": "NO", "observacio": "-INGRESO NUEVO X LOTEO SE DESM. Y CANCELO HASTA EL 2005 CON LA 3270201 INF.AMPARO Q. 05/19/06 Y.C.S.-ACTUALIZACION INF. AMPARO Q. JULIO 14/09 MR SE ACTUALIZO MANZANA 21 E Y NOMBRE 26/06/2013 LUIS LOPEZ\r\nINF. PARA CERTIF. INGRES. POR AREA DE LEGALIZACION", "observac_1": null, "barrio": "OTRAS AREAS", "parroquia_": 3, "barrio_id": 0, "proceso": 1, "fecha_regi": null, "activo_cat": "SI", "desactivad": 0, "avaluo_rem": 0.0, "avaluo_r_1": 0.0, "clasificac": "GENERAL", "anio_deuda": 2026, "deuda": 11.39, "valor_ip": 0.0, "coactiva": null, "ficharegis": 44323, "etam": 0.0833333333, "diferencia": 4.3742342861000001, "porc_difer": 0.030376627, "admisible": 1, "deuda_anio": 0.0, "Clavepre": "3-23-48-14-000", "ORIG_FID": 38 }, "geometry": { "type": "Point", "coordinates": [ -80.729324426520193, -1.003131269768851 ] } },
{ "type": "Feature", "properties": { "id": 86619, "lote_id": 66110, "clavecatas": "3-23-48-15-000", "zona": "3", "sector": "23", "manzana": "48", "lote": "15", "ph": "000", "propietari": "SANTANA ZAMORA ELSA MONSERRATE", "documentop": "1311870594", "direccion": "URBIRRIOS  II MZ-21-E  LOTE 15", "area_m2": 180.0, "frente_uti": 28.0, "frente_tot": 0.0, "avaluo_con": 0.0, "avaluo_sue": 7200.0, "zonaurbano": "URBANA", "parroquia": "MANTA", "esta_bloqu": "NO", "es_tercera": "NO", "tiene_elec": "SI", "tiene_agua": "NO", "tiene_alca": "NO", "observacio": "-INGRESO NUEVO X LOTEO SE DESM. Y CANCELO HASTA EL 2005 CON LA 3270201 INF.AMPARO Q. 05/19/06 Y.C.S.- ACTUALIZACION INF. AMPARO Q. JULIO 14/09 MR INF. PARA CERTIF. INGRES. POR AREA DE LEGALIZACION INSP. LUIS LOPEZ, MARZO 19/14 SELLO ESCRITURA DE PROTOCOL", "observac_1": null, "barrio": "OTRAS AREAS", "parroquia_": 1, "barrio_id": 0, "proceso": 1, "fecha_regi": null, "activo_cat": "SI", "desactivad": 0, "avaluo_rem": 0.0, "avaluo_r_1": 0.0, "clasificac": "GENERAL", "anio_deuda": 2025, "deuda": 72.31, "valor_ip": 0.0, "coactiva": null, "ficharegis": 45562, "etam": 0.0745355992, "diferencia": 2.0059717804, "porc_difer": 0.0111442877, "admisible": 1, "deuda_anio": 43.53, "Clavepre": "3-23-48-15-000", "ORIG_FID": 39 }, "geometry": { "type": "Point", "coordinates": [ -80.729250423482583, -1.003178229323306 ] } },
{ "type": "Feature", "properties": { "id": 86621, "lote_id": 66112, "clavecatas": "3-23-48-17-000", "zona": "3", "sector": "23", "manzana": "48", "lote": "17", "ph": "000", "propietari": "MOREIRA ZAMBRANO KARLA SELENA", "documentop": "1316492121", "direccion": "SECTOR URBIRRIOS II MZ-21-E LT.  17", "area_m2": 144.0, "frente_uti": 8.0, "frente_tot": 0.0, "avaluo_con": 37396.8, "avaluo_sue": 5760.0, "zonaurbano": "URBANA", "parroquia": "MANTA", "esta_bloqu": "NO", "es_tercera": "NO", "tiene_elec": "SI", "tiene_agua": "NO", "tiene_alca": "NO", "observacio": "-INGRESO NUEVO X LOTEO SE DESM. Y CANCELO HASTA EL 2005 CON LA 3270201 INF.AMPARO Q. 05/19/06 Y.C.S.- ACTUALIZACION INF. AMPARO Q. JULIO 14/09 MR\r\n\r\nING. PARA CERTIF. POR GABRIEL MEUNIER,  REV. ARQ. MARIA FERRIN,  SEPT. 24  -2015  MR. \r\n    \r\nSELLO DE PR", "observac_1": null, "barrio": "OTRAS AREAS", "parroquia_": 1, "barrio_id": 0, "proceso": 1, "fecha_regi": null, "activo_cat": "SI", "desactivad": 0, "avaluo_rem": 0.0, "avaluo_r_1": 0.0, "clasificac": "DEPURACION CATASTRO", "anio_deuda": 2026, "deuda": 32.85, "valor_ip": 0.0, "coactiva": null, "ficharegis": 51034, "etam": 0.0833333333, "diferencia": -10.9313169839, "porc_difer": -0.0759119235, "admisible": 1, "deuda_anio": 0.0, "Clavepre": "3-23-48-17-000", "ORIG_FID": 40 }, "geometry": { "type": "Point", "coordinates": [ -80.729244397623205, -1.002998677495407 ] } },
{ "type": "Feature", "properties": { "id": 86622, "lote_id": 66113, "clavecatas": "3-23-48-18-000", "zona": "3", "sector": "23", "manzana": "48", "lote": "18", "ph": "000", "propietari": "MACIAS CEDEÑO MARIA MAGDALENA", "documentop": "1308868254", "direccion": "URBIRRIOS II MZ-21-E  LOTE 18", "area_m2": 144.0, "frente_uti": 8.0, "frente_tot": 0.0, "avaluo_con": 0.0, "avaluo_sue": 5760.0, "zonaurbano": "URBANA", "parroquia": "TARQUI", "esta_bloqu": "NO", "es_tercera": "NO", "tiene_elec": "SI", "tiene_agua": "NO", "tiene_alca": "NO", "observacio": "ING.NUEVO X LOTEO SE DESM.Y CANCELO HASTA EL 2005 CON LA 3270201 INF.A.Q. 05/19/06 Y.C.S.-ACTU.INF. A.Q.07/14/09 MR.-INF.PARA AREA DE LEGALZ.INSP.L. LOPEZ 01/17/14.-ING.X L.LOOR REV.X M. CAJAPE 10/29/14 MR.-ING.X L.LOOR REV.X G.FERRIN ELAB.X DELI CHAVEZ", "observac_1": null, "barrio": "OTRAS AREAS", "parroquia_": 3, "barrio_id": 0, "proceso": 1, "fecha_regi": null, "activo_cat": "SI", "desactivad": 0, "avaluo_rem": 0.0, "avaluo_r_1": 0.0, "clasificac": "GENERAL", "anio_deuda": 2019, "deuda": 200.57, "valor_ip": 0.0, "coactiva": null, "ficharegis": 48389, "etam": 0.0833333333, "diferencia": -1.96273637, "porc_difer": -0.0136301137, "admisible": 1, "deuda_anio": 189.18, "Clavepre": "3-23-48-18-000", "ORIG_FID": 41 }, "geometry": { "type": "Point", "coordinates": [ -80.729307586733924, -1.002957915827757 ] } },
{ "type": "Feature", "properties": { "id": 86623, "lote_id": 66114, "clavecatas": "3-23-48-19-000", "zona": "3", "sector": "23", "manzana": "48", "lote": "19", "ph": "000", "propietari": "PARRALES GUANOLUISA JOSE LENIN", "documentop": "1308784311", "direccion": "URBIRRIOS II MZ-21-E  LOTE 19", "area_m2": 144.0, "frente_uti": 8.0, "frente_tot": 0.0, "avaluo_con": 0.0, "avaluo_sue": 5184.0, "zonaurbano": "URBANA", "parroquia": "TARQUI", "esta_bloqu": "NO", "es_tercera": "NO", "tiene_elec": "SI", "tiene_agua": "SI", "tiene_alca": "NO", "observacio": "-INGRESO NUEVO X LOTEO SE DESM. Y CANCELO HASTA EL 2005 CON LA 3270201 INF.AMPARO Q. 05/19/06 Y.C.S.- ACTUALIZACION INF. AMPARO Q. JULIO 14/09 MR INF.PARA CERT.INGRES.X AREA DE LEGALIZACION INSP.LUIS LOPEZ MARZO 12/14 -SELLO PROT.DE ADJ.DANIEL S. 03/19/1", "observac_1": null, "barrio": "OTRAS AREAS", "parroquia_": 3, "barrio_id": 0, "proceso": 1, "fecha_regi": null, "activo_cat": "SI", "desactivad": 0, "avaluo_rem": 0.0, "avaluo_r_1": 0.0, "clasificac": "GENERAL", "anio_deuda": 2023, "deuda": 69.61, "valor_ip": 0.0, "coactiva": "AUTO", "ficharegis": 45525, "etam": 0.0833333333, "diferencia": 16.2784065315, "porc_difer": 0.1130444898, "admisible": 0, "deuda_anio": 58.45, "Clavepre": "3-23-48-19-000", "ORIG_FID": 42 }, "geometry": { "type": "Point", "coordinates": [ -80.729365603491502, -1.002921744596853 ] } },
{ "type": "Feature", "properties": { "id": 86624, "lote_id": 66115, "clavecatas": "3-23-48-20-000", "zona": "3", "sector": "23", "manzana": "48", "lote": "20", "ph": "000", "propietari": "BAQUE PARRALES GLORIA MARIA", "documentop": "1308738630", "direccion": "BARRIO URBIRRIOS II MZ-21-E  LOTE 20", "area_m2": 144.0, "frente_uti": 8.0, "frente_tot": 0.0, "avaluo_con": 0.0, "avaluo_sue": 5760.0, "zonaurbano": "URBANA", "parroquia": "TARQUI", "esta_bloqu": "NO", "es_tercera": "NO", "tiene_elec": "SI", "tiene_agua": "SI", "tiene_alca": "NO", "observacio": "-INGRESO NUEVO X LOTEO SE DESM. Y CANCELO HASTA EL 2005 CON LA 3270201 INF.AMPARO Q. 05/19/06 Y.C.S.-INF. PARA CERT.INGRES.X AREA D LEGALIZACION INSP.LUIS LOPEZ 01-17-14 -SELLO PROT.DE ADJ.DANIEL S. 02/04/14 Y.C.S.-\r\nINF. PARA CERTIFICADO INGRESADO POR V", "observac_1": null, "barrio": "OTRAS AREAS", "parroquia_": 3, "barrio_id": 0, "proceso": 1, "fecha_regi": null, "activo_cat": "SI", "desactivad": 0, "avaluo_rem": 0.0, "avaluo_r_1": 0.0, "clasificac": "GENERAL", "anio_deuda": 0, "deuda": 0.0, "valor_ip": 0.0, "coactiva": null, "ficharegis": 44456, "etam": 0.0833333333, "diferencia": -21.302197733500002, "porc_difer": -0.1479319287, "admisible": 0, "deuda_anio": 0.0, "Clavepre": "3-23-48-20-000", "ORIG_FID": 43 }, "geometry": { "type": "Point", "coordinates": [ -80.729427252877329, -1.002882049504804 ] } },
{ "type": "Feature", "properties": { "id": 86625, "lote_id": 66116, "clavecatas": "3-23-48-21-000", "zona": "3", "sector": "23", "manzana": "48", "lote": "21", "ph": "000", "propietari": "MOREIRA MONTESDEOCA ANGEL MIGUEL", "documentop": "1309066650", "direccion": "URBIRRIOS II MZ-21-E LOTE 21", "area_m2": 144.0, "frente_uti": 8.0, "frente_tot": 0.0, "avaluo_con": 0.0, "avaluo_sue": 5760.0, "zonaurbano": "URBANA", "parroquia": "TARQUI", "esta_bloqu": "NO", "es_tercera": "NO", "tiene_elec": "SI", "tiene_agua": "SI", "tiene_alca": "NO", "observacio": "INGRESO NUEVO X LOTEO SE DESM. Y CANCELO HASTA EL 2005 CON LA 3270201 INF. AMPARO Q. 05/19/06 Y.C.S.- ACTUALZCION INF. AMPARO Q. 07/14/09 MR.- INF. PARA CERTIF. INGRES. X AREA DE LEGALIZACION INSP. LUIS LOPEZ, 23/01/14.-SELLO PROT.DE ADJ.DANIEL S. 02/05/", "observac_1": null, "barrio": "OTRAS AREAS", "parroquia_": 3, "barrio_id": 0, "proceso": 1, "fecha_regi": null, "activo_cat": "SI", "desactivad": 0, "avaluo_rem": 0.0, "avaluo_r_1": 0.0, "clasificac": "GENERAL", "anio_deuda": 2026, "deuda": 11.39, "valor_ip": 0.0, "coactiva": null, "ficharegis": 44481, "etam": 0.0833333333, "diferencia": 1.4674563061000001, "porc_difer": 0.0101906688, "admisible": 1, "deuda_anio": 0.0, "Clavepre": "3-23-48-21-000", "ORIG_FID": 44 }, "geometry": { "type": "Point", "coordinates": [ -80.729492162034262, -1.00283979129723 ] } },
{ "type": "Feature", "properties": { "id": 86626, "lote_id": 66117, "clavecatas": "3-23-48-22-000", "zona": "3", "sector": "23", "manzana": "48", "lote": "22", "ph": "000", "propietari": "ROMERO GARCIA MARIO RODOLFO", "documentop": "1310181845", "direccion": "URBIRRIOS II MZ-21-E LOTE 22", "area_m2": 144.0, "frente_uti": 8.0, "frente_tot": 0.0, "avaluo_con": 0.0, "avaluo_sue": 5760.0, "zonaurbano": "URBANA", "parroquia": "TARQUI", "esta_bloqu": "NO", "es_tercera": "NO", "tiene_elec": "SI", "tiene_agua": "SI", "tiene_alca": "NO", "observacio": "INGRESO NUEVO X LOTEO SE DESM. Y CANCELO HASTA EL 2005 CON LA 3270201 INF. AMPARO Q. 05/19/06 Y.C.S.- ACTUALIZACION INF. AMPARO Q. 07/14/09 MR.- INF. PARA CERTIF. INGRES. X AREA DE LEGALIZACION INSP. LUIS LOPEZ, 23/01/14.- -SELLO PROT.DE ADJ.LUIS L. 02/0", "observac_1": null, "barrio": "OTRAS AREAS", "parroquia_": 3, "barrio_id": 0, "proceso": 1, "fecha_regi": null, "activo_cat": "SI", "desactivad": 0, "avaluo_rem": 0.0, "avaluo_r_1": 0.0, "clasificac": "GENERAL", "anio_deuda": 0, "deuda": 0.0, "valor_ip": 0.0, "coactiva": null, "ficharegis": 44345, "etam": 0.0833333333, "diferencia": 4.0731811873000003, "porc_difer": 0.0282859805, "admisible": 1, "deuda_anio": 0.0, "Clavepre": "3-23-48-22-000", "ORIG_FID": 45 }, "geometry": { "type": "Point", "coordinates": [ -80.729552470024615, -1.002801305358006 ] } },
{ "type": "Feature", "properties": { "id": 86627, "lote_id": 66118, "clavecatas": "3-23-48-23-000", "zona": "3", "sector": "23", "manzana": "48", "lote": "23", "ph": "000", "propietari": "MOREIRA ZAMBRANO SULEIKA SAMANTHA", "documentop": "1316492204", "direccion": "URBIRRIOS II MZ-21-E LOTE 23", "area_m2": 144.0, "frente_uti": 8.0, "frente_tot": 0.0, "avaluo_con": 0.0, "avaluo_sue": 5760.0, "zonaurbano": "URBANA", "parroquia": "TARQUI", "esta_bloqu": "NO", "es_tercera": "NO", "tiene_elec": "SI", "tiene_agua": "SI", "tiene_alca": "NO", "observacio": "-INGRESO NUEVO X LOTEO SE DESM. Y CANCELO HASTA EL 2005 CON LA 3270201 INF.AMPARO Q.05/19/06 Y.C.S.- ACTUALIZACION INF.AMPARO Q.07/14/09 MR INF.PARA CERT.INGRES.X AREA DE LEGALIZACION INSP.LUIS LOPEZ FEBRERO 12-14 -SELLO PROT.DE ADJ.DANIEL S.03/07/14 Y.C", "observac_1": null, "barrio": "OTRAS AREAS", "parroquia_": 3, "barrio_id": 0, "proceso": 1, "fecha_regi": null, "activo_cat": "SI", "desactivad": 0, "avaluo_rem": 0.0, "avaluo_r_1": 0.0, "clasificac": "GENERAL", "anio_deuda": 0, "deuda": 0.0, "valor_ip": 0.0, "coactiva": null, "ficharegis": 45174, "etam": 0.0833333333, "diferencia": 0.2033896519, "porc_difer": 0.0014124281, "admisible": 1, "deuda_anio": 0.0, "Clavepre": "3-23-48-23-000", "ORIG_FID": 46 }, "geometry": { "type": "Point", "coordinates": [ -80.729612836169295, -1.002761315137375 ] } },
{ "type": "Feature", "properties": { "id": 86628, "lote_id": 66119, "clavecatas": "3-23-48-24-000", "zona": "3", "sector": "23", "manzana": "48", "lote": "24", "ph": "000", "propietari": "SOLORZANO COABOY CRISTHIAN ELIAS", "documentop": "1316287612", "direccion": "BARRIO URBIRRIOS II MZ. 21-E LOTE 24", "area_m2": 144.0, "frente_uti": 8.0, "frente_tot": 0.0, "avaluo_con": 0.0, "avaluo_sue": 5760.0, "zonaurbano": "URBANA", "parroquia": "TARQUI", "esta_bloqu": "NO", "es_tercera": "NO", "tiene_elec": "SI", "tiene_agua": "SI", "tiene_alca": "NO", "observacio": "INGRESO NUEVO X LOTEO SE DESM. Y CANCELO HASTA EL 2005 CON LA 3270201 INF.AMPARO Q. 05/19/06 Y.C.S.- ACTUALIZACION INF. AMPARO Q. 07/14/09 MR.- INF. PARA CERTIF. INGRES. X AREA DE LEGALIZACION INSP. LUIS LOPEZ, 23/01/14.SELLO PROT.DE ADJ.02/08/14 Y.C.S.-", "observac_1": null, "barrio": "OTRAS AREAS", "parroquia_": 3, "barrio_id": 0, "proceso": 1, "fecha_regi": null, "activo_cat": "SI", "desactivad": 0, "avaluo_rem": 0.0, "avaluo_r_1": 0.0, "clasificac": "GENERAL", "anio_deuda": 0, "deuda": 0.0, "valor_ip": 0.0, "coactiva": null, "ficharegis": 44558, "etam": 0.0833333333, "diferencia": 4.5881943965999996, "porc_difer": 0.0318624611, "admisible": 1, "deuda_anio": 0.0, "Clavepre": "3-23-48-24-000", "ORIG_FID": 47 }, "geometry": { "type": "Point", "coordinates": [ -80.729674041581703, -1.002722216243429 ] } },
{ "type": "Feature", "properties": { "id": 86629, "lote_id": 66120, "clavecatas": "3-23-48-25-000", "zona": "3", "sector": "23", "manzana": "48", "lote": "25", "ph": "000", "propietari": "CASTRO BAZURTO RAMON ORLANDO", "documentop": "1312188111", "direccion": "URBIRRIOS II MZ-21-E LOTE 25", "area_m2": 144.0, "frente_uti": 8.0, "frente_tot": 0.0, "avaluo_con": 7056.0, "avaluo_sue": 5760.0, "zonaurbano": "URBANA", "parroquia": "TARQUI", "esta_bloqu": "NO", "es_tercera": "NO", "tiene_elec": "SI", "tiene_agua": "SI", "tiene_alca": "NO", "observacio": "ING. NUEVO X LOTEO SE DESM. Y CANCELO HASTA EL 2005 CON LA 3270201 INF. AMPARO Q. 05/19/06 Y.C.S.-ACTU. INF. A.Q. 07/14/09 MR- ING. CERT. X AREA D LEGAL. INSP L. LOPEZ 23/01/14- ING. X M. ESPINALS REV.X M. CAJAPE 07/17/14 MR.- SELLO PROTOC. ADJ. GLORIA G", "observac_1": null, "barrio": "OTRAS AREAS", "parroquia_": 3, "barrio_id": 0, "proceso": 1, "fecha_regi": null, "activo_cat": "SI", "desactivad": 0, "avaluo_rem": 0.0, "avaluo_r_1": 0.0, "clasificac": "GENERAL", "anio_deuda": 2020, "deuda": 280.67, "valor_ip": 0.0, "coactiva": null, "ficharegis": 46978, "etam": 0.0833333333, "diferencia": 6.0111935004000001, "porc_difer": 0.0417443993, "admisible": 1, "deuda_anio": 258.0, "Clavepre": "3-23-48-25-000", "ORIG_FID": 48 }, "geometry": { "type": "Point", "coordinates": [ -80.729733957711488, -1.002683062725891 ] } },
{ "type": "Feature", "properties": { "id": 86630, "lote_id": 66121, "clavecatas": "3-23-48-26-000", "zona": "3", "sector": "23", "manzana": "48", "lote": "26", "ph": "000", "propietari": "LUCAS ACOSTA MARIA JOHANA", "documentop": "1310039662", "direccion": "URBIRIOS II MZ-21-E B LOTE 26", "area_m2": 144.0, "frente_uti": 8.0, "frente_tot": 0.0, "avaluo_con": 8448.0, "avaluo_sue": 5760.0, "zonaurbano": "URBANA", "parroquia": "MANTA", "esta_bloqu": "NO", "es_tercera": "NO", "tiene_elec": "SI", "tiene_agua": "SI", "tiene_alca": "NO", "observacio": "-INGRESO NUEVO X LOTEO SE DESM. Y CANCELO HASTA EL 2005 CON LA 3270201 INF.AMPARO Q. 05/19/06 Y.C.S.- ACTUALIZACION INF. AMPARO Q. JULIO 14/09 MR\r\n\r\nINF. PARA CERTIFICADO  REVIZADO POR PERITO LCDA. MARISOL ARTEAGA RIVAS, SEPTIEMBRE 05-16 MR \r\n\r\nSELLO ADJ", "observac_1": null, "barrio": "OTRAS AREAS", "parroquia_": 1, "barrio_id": 0, "proceso": 1, "fecha_regi": null, "activo_cat": "SI", "desactivad": 0, "avaluo_rem": 0.0, "avaluo_r_1": 0.0, "clasificac": "DEPURACION CATASTRO", "anio_deuda": 2017, "deuda": 546.75, "valor_ip": 0.0, "coactiva": null, "ficharegis": 59265, "etam": 0.0833333333, "diferencia": 5.7325279087999998, "porc_difer": 0.0398092216, "admisible": 1, "deuda_anio": 519.92, "Clavepre": "3-23-48-26-000", "ORIG_FID": 49 }, "geometry": { "type": "Point", "coordinates": [ -80.729794599461059, -1.002645391745634 ] } },
{ "type": "Feature", "properties": { "id": 86631, "lote_id": 66122, "clavecatas": "3-23-48-27-000", "zona": "3", "sector": "23", "manzana": "48", "lote": "27", "ph": "000", "propietari": "BRIONES MOREIRA SOLAIDA CONCEPCION", "documentop": "1303457301", "direccion": "URBIRRIOS II MZ-21-E  LOTE 27", "area_m2": 144.0, "frente_uti": 8.0, "frente_tot": 0.0, "avaluo_con": 0.0, "avaluo_sue": 5760.0, "zonaurbano": "URBANA", "parroquia": "TARQUI", "esta_bloqu": "NO", "es_tercera": "NO", "tiene_elec": "SI", "tiene_agua": "SI", "tiene_alca": "NO", "observacio": "INGRESO NUEVO X LOTEO SE DESM. Y CANCELO HASTA EL 2005 CON LA 3270201 INF. AMPARO Q. 05/19/06 Y.C.S.- ACTUALIZACION INF. AMPARO Q. 07/14/09 MR.- INF. PARA CERTIF. INGRES. X AREA DE LEGALIZACION INSP. LUIS LOPEZ, 23/01/14.- -SELLO PROT.DE ADJ.DANIEL S.02/", "observac_1": null, "barrio": "OTRAS AREAS", "parroquia_": 3, "barrio_id": 0, "proceso": 1, "fecha_regi": null, "activo_cat": "SI", "desactivad": 0, "avaluo_rem": 0.0, "avaluo_r_1": 0.0, "clasificac": "GENERAL", "anio_deuda": 2026, "deuda": 11.39, "valor_ip": 0.0, "coactiva": null, "ficharegis": 44754, "etam": 0.0833333333, "diferencia": 1.3276089969, "porc_difer": 0.0092195069, "admisible": 1, "deuda_anio": 0.0, "Clavepre": "3-23-48-27-000", "ORIG_FID": 50 }, "geometry": { "type": "Point", "coordinates": [ -80.72985474784717, -1.002606249588933 ] } },
{ "type": "Feature", "properties": { "id": 86633, "lote_id": 66124, "clavecatas": "3-23-48-29-000", "zona": "3", "sector": "23", "manzana": "48", "lote": "29", "ph": "000", "propietari": "ROSS MUENTES SABIAS LEOCADIA", "documentop": "1300435813", "direccion": "URBIRRIOS II MZ-21-E  LOTE 29", "area_m2": 144.0, "frente_uti": 8.0, "frente_tot": 0.0, "avaluo_con": 0.0, "avaluo_sue": 5760.0, "zonaurbano": "URBANA", "parroquia": "TARQUI", "esta_bloqu": "NO", "es_tercera": "SI", "tiene_elec": "SI", "tiene_agua": "SI", "tiene_alca": "NO", "observacio": "-INGRESO NUEVO X LOTEO SE DESM. Y CANCELO HASTA EL 2005 CON LA 3270201 INF.AMPARO Q. 05/19/06 Y.C.S.- ACTUALIZACION INF. AMPARO Q. JULIO 14/09 MR INF. PARA CERTIF. INGRES. POR AREA DE LEGALIZACION INSP. LUIS LOPEZ, FEBRERO 12-14 -SELLO PROT.DE ADJ.ANGEL", "observac_1": null, "barrio": "OTRAS AREAS", "parroquia_": 3, "barrio_id": 0, "proceso": 1, "fecha_regi": null, "activo_cat": "SI", "desactivad": 0, "avaluo_rem": 0.0, "avaluo_r_1": 0.0, "clasificac": "GENERAL", "anio_deuda": 2014, "deuda": 406.3, "valor_ip": 0.0, "coactiva": null, "ficharegis": 44969, "etam": 0.0833333333, "diferencia": 0.4333633362, "porc_difer": 0.0030094676, "admisible": 1, "deuda_anio": 397.58, "Clavepre": "3-23-48-29-000", "ORIG_FID": 51 }, "geometry": { "type": "Point", "coordinates": [ -80.729975806566202, -1.002526193025817 ] } },
{ "type": "Feature", "properties": { "id": 86634, "lote_id": 66125, "clavecatas": "3-23-48-30-000", "zona": "3", "sector": "23", "manzana": "48", "lote": "30", "ph": "000", "propietari": "ZAMBRANO SANCHEZ WILSON ANTONIO", "documentop": "1308923190", "direccion": "URBIRRIOS II MZ-21 -E  LOTE 30", "area_m2": 180.0, "frente_uti": 28.0, "frente_tot": 0.0, "avaluo_con": 0.0, "avaluo_sue": 7200.0, "zonaurbano": "URBANA", "parroquia": "TARQUI", "esta_bloqu": "NO", "es_tercera": "NO", "tiene_elec": "SI", "tiene_agua": "SI", "tiene_alca": "NO", "observacio": "-INGRESO NUEVO X LOTEO SE DESM. Y CANCELO HASTA EL 2005 CON LA 3270201 INF.AMPARO Q. 05/19/06 Y.C.S.- ACTUALIZACION INF. AMPARO Q. JULIO 14/09 MR.-SELLO PROTOC.DANIEL S.14/01/14 A.Q.INF.PARA CERTIF. INGRES. POR AREA DE LEGALIZACION INSP. LUIS LOPEZ, FEBR", "observac_1": null, "barrio": "OTRAS AREAS", "parroquia_": 3, "barrio_id": 0, "proceso": 1, "fecha_regi": null, "activo_cat": "SI", "desactivad": 0, "avaluo_rem": 0.0, "avaluo_r_1": 0.0, "clasificac": "GENERAL", "anio_deuda": 2026, "deuda": 28.78, "valor_ip": 0.0, "coactiva": null, "ficharegis": 45280, "etam": 0.0745355992, "diferencia": -5.381788407, "porc_difer": -0.0298988245, "admisible": 1, "deuda_anio": 0.0, "Clavepre": "3-23-48-30-000", "ORIG_FID": 52 }, "geometry": { "type": "Point", "coordinates": [ -80.730045651703207, -1.002479813690449 ] } },
{ "type": "Feature", "properties": { "id": 86635, "lote_id": 66126, "clavecatas": "3-23-49-01-000", "zona": "3", "sector": "23", "manzana": "49", "lote": "01", "ph": "000", "propietari": "BARREIRO MACIAS LORENA ELIZABETH", "documentop": "1307793727", "direccion": "URBIRRIOS II MZ-22 LOTE 01", "area_m2": 180.0, "frente_uti": 28.0, "frente_tot": 0.0, "avaluo_con": 0.0, "avaluo_sue": 7200.0, "zonaurbano": "URBANA", "parroquia": "TARQUI", "esta_bloqu": "NO", "es_tercera": "NO", "tiene_elec": "SI", "tiene_agua": "SI", "tiene_alca": "NO", "observacio": "-INGRESO NUEVO X LOTEO SE DESM. Y CANCELO HASTA EL 2005 CON LA 3270201 INF.AMPARO Q. 05/22/06 Y.C.S.- ACTUALIZACION INF. AMPARO Q. JULIO 14/09 MR.-SELLO PROTOC.DANIEL S.14/01/14 A.Q.INF. PARA CERTIF. INGRES. POR AREA DE LEGALIZACION INSP. LUIS LOPEZ FEBR", "observac_1": null, "barrio": "OTRAS AREAS", "parroquia_": 3, "barrio_id": 0, "proceso": 1, "fecha_regi": null, "activo_cat": "SI", "desactivad": 0, "avaluo_rem": 0.0, "avaluo_r_1": 0.0, "clasificac": "GENERAL", "anio_deuda": 2012, "deuda": 1176.9, "valor_ip": 0.0, "coactiva": null, "ficharegis": 44917, "etam": 0.0745355992, "diferencia": 11.722659074099999, "porc_difer": 0.0651258837, "admisible": 1, "deuda_anio": 1146.81, "Clavepre": "3-23-49-01-000", "ORIG_FID": 53 }, "geometry": { "type": "Point", "coordinates": [ -80.72991221000369, -1.002270884772755 ] } },
{ "type": "Feature", "properties": { "id": 86636, "lote_id": 66127, "clavecatas": "3-23-49-02-000", "zona": "3", "sector": "23", "manzana": "49", "lote": "02", "ph": "000", "propietari": "ALCIVAR MOREIRA LILIANA MONSERRATE", "documentop": "1312554312", "direccion": "URBIRRIOS II MZ-22 LOTE 02", "area_m2": 144.0, "frente_uti": 8.0, "frente_tot": 0.0, "avaluo_con": 0.0, "avaluo_sue": 5760.0, "zonaurbano": "URBANA", "parroquia": "TARQUI", "esta_bloqu": "NO", "es_tercera": "NO", "tiene_elec": "SI", "tiene_agua": "SI", "tiene_alca": "NO", "observacio": "ING. NUEVO X LOTEO SE DESM. Y CANCELO HASTA EL 2005 CON LA 3270201 INF. AQ. 05/22/06 Y.C.S.- ACTUA. INF. A.Q. 07/14/09 MR- ING. PARA AREA D LEGALZ. INSP. L. LOPEZ 01-22-14.- ING. X M. ESPINALS REV. X M. CAJAPE NOV.06-14 MR.- SELLO PROT. DE ADJ. GLORIA G.", "observac_1": null, "barrio": "OTRAS AREAS", "parroquia_": 3, "barrio_id": 0, "proceso": 1, "fecha_regi": null, "activo_cat": "SI", "desactivad": 0, "avaluo_rem": 0.0, "avaluo_r_1": 0.0, "clasificac": "GENERAL", "anio_deuda": 2016, "deuda": 296.64, "valor_ip": 0.0, "coactiva": null, "ficharegis": 47291, "etam": 0.0833333333, "diferencia": 4.2507469329000003, "porc_difer": 0.0295190759, "admisible": 1, "deuda_anio": 285.44, "Clavepre": "3-23-49-02-000", "ORIG_FID": 54 }, "geometry": { "type": "Point", "coordinates": [ -80.729841210698197, -1.002314126935639 ] } },
{ "type": "Feature", "properties": { "id": 86637, "lote_id": 66128, "clavecatas": "3-23-49-03-000", "zona": "3", "sector": "23", "manzana": "49", "lote": "03", "ph": "000", "propietari": "VERA SOLORZANO ORLEY ARIEL", "documentop": "1316308905", "direccion": "URBIRRIOS II MZ-22  LOTE 03", "area_m2": 144.0, "frente_uti": 8.0, "frente_tot": 0.0, "avaluo_con": 0.0, "avaluo_sue": 4924.8, "zonaurbano": "URBANA", "parroquia": "TARQUI", "esta_bloqu": "NO", "es_tercera": "NO", "tiene_elec": "SI", "tiene_agua": "SI", "tiene_alca": "NO", "observacio": "-INGRESO NUEVO X LOTEO SE DESM. Y CANCELO HASTA EL 2005 CON LA 3270201 INF.AMPARO Q. 05/22/06 Y.C.S.- ACTUALIZACION INF. AMPARO Q.07/14/09 MR INF. PARA CERTIF. INGRES.X AREA DE LEGALIZACION INSP. LUIS LOPEZ 01-22-14 -SELLO PROT.DE ADJ.02/08/14 Y.C.S.--SE", "observac_1": null, "barrio": "URBIRRIOS 2", "parroquia_": 3, "barrio_id": 1046, "proceso": 1, "fecha_regi": null, "activo_cat": "SI", "desactivad": 0, "avaluo_rem": 0.0, "avaluo_r_1": 0.0, "clasificac": "GENERAL", "anio_deuda": 2026, "deuda": 10.93, "valor_ip": 0.0, "coactiva": null, "ficharegis": 44530, "etam": 0.0833333333, "diferencia": -1.390363543, "porc_difer": -0.0096553024, "admisible": 1, "deuda_anio": 0.0, "Clavepre": "3-23-49-03-000", "ORIG_FID": 55 }, "geometry": { "type": "Point", "coordinates": [ -80.729778365705712, -1.002354854475569 ] } },
{ "type": "Feature", "properties": { "id": 86639, "lote_id": 66130, "clavecatas": "3-23-49-05-000", "zona": "3", "sector": "23", "manzana": "49", "lote": "05", "ph": "000", "propietari": "MOREIRA CEDEÑO BETTY ELIZABETH", "documentop": "1309075321", "direccion": "URBIRRIOS II MZ -22 LOTE 05", "area_m2": 144.0, "frente_uti": 8.0, "frente_tot": 0.0, "avaluo_con": 0.0, "avaluo_sue": 5760.0, "zonaurbano": "URBANA", "parroquia": "TARQUI", "esta_bloqu": "NO", "es_tercera": "NO", "tiene_elec": "SI", "tiene_agua": "SI", "tiene_alca": "NO", "observacio": "-INGRESO NUEVO X LOTEO SE DESM. Y CANCELO HASTA EL 2005 CON LA 3270201 INF.AMPARO Q. 05/22/06 Y.C.S.- ACTUALIZACION INF. AMPARO Q.07/14/09 MR INF.PARA CERT.INGRES. X AREA D LEGALIZACION INSP.LUIS LOPEZ 01-31-14 -SELLO PROT.DE ADJ.DANIEL S. 02/12/14 Y.C.S", "observac_1": null, "barrio": "OTRAS AREAS", "parroquia_": 3, "barrio_id": 0, "proceso": 1, "fecha_regi": null, "activo_cat": "SI", "desactivad": 0, "avaluo_rem": 0.0, "avaluo_r_1": 0.0, "clasificac": "GENERAL", "anio_deuda": 0, "deuda": 0.0, "valor_ip": 0.0, "coactiva": null, "ficharegis": 44678, "etam": 0.0833333333, "diferencia": -0.6970772433, "porc_difer": -0.0048408142, "admisible": 1, "deuda_anio": 0.0, "Clavepre": "3-23-49-05-000", "ORIG_FID": 56 }, "geometry": { "type": "Point", "coordinates": [ -80.729659636538855, -1.002433189852394 ] } },
{ "type": "Feature", "properties": { "id": 86640, "lote_id": 66131, "clavecatas": "3-23-49-06-000", "zona": "3", "sector": "23", "manzana": "49", "lote": "06", "ph": "000", "propietari": "WIESNER SORNOZA GALO XAVIER", "documentop": "1312659772", "direccion": "BARRIO URBIRRIOS II MZ-22 LOTE 06", "area_m2": 144.0, "frente_uti": 8.0, "frente_tot": 8.0, "avaluo_con": 0.0, "avaluo_sue": 5760.0, "zonaurbano": "URBANA", "parroquia": "TARQUI", "esta_bloqu": "NO", "es_tercera": "NO", "tiene_elec": "SI", "tiene_agua": "SI", "tiene_alca": "NO", "observacio": "-INGRESO NUEVO X LOTEO SE DESM. Y CANCELO HASTA EL 2005 CON LA 3270201 INF.AMPARO Q.05/22/06 Y.C.S.- ACTUALIZACION INF.AMPARO Q. 07/14/09 MR INF.PARA CERTIF. INGRES.X AREA D LEGALIZACION INSP. LUIS LOPEZ 01-22-14 -SELLO PROT.DE ADJ.DANIEL S.03/21/14 Y.C.", "observac_1": null, "barrio": "OTRAS AREAS", "parroquia_": 3, "barrio_id": 0, "proceso": 1, "fecha_regi": null, "activo_cat": "SI", "desactivad": 0, "avaluo_rem": 0.0, "avaluo_r_1": 0.0, "clasificac": "GENERAL", "anio_deuda": 2025, "deuda": 27.63, "valor_ip": 0.0, "coactiva": null, "ficharegis": 45523, "etam": 0.0833333333, "diferencia": 0.7238412443, "porc_difer": 0.0050266753, "admisible": 1, "deuda_anio": 16.43, "Clavepre": "3-23-49-06-000", "ORIG_FID": 57 }, "geometry": { "type": "Point", "coordinates": [ -80.729597104688011, -1.002470079713526 ] } },
{ "type": "Feature", "properties": { "id": 86642, "lote_id": 66133, "clavecatas": "3-23-49-08-000", "zona": "3", "sector": "23", "manzana": "49", "lote": "08", "ph": "000", "propietari": "MERA PALMA RICARDO ALCIVIADES", "documentop": "1309745170", "direccion": "URBIRRIOS II MZ-22 LOTE 8", "area_m2": 144.0, "frente_uti": 8.0, "frente_tot": 0.0, "avaluo_con": 0.0, "avaluo_sue": 5760.0, "zonaurbano": "URBANA", "parroquia": "TARQUI", "esta_bloqu": "NO", "es_tercera": "NO", "tiene_elec": "SI", "tiene_agua": "SI", "tiene_alca": "NO", "observacio": "-INGRESO NUEVO X LOTEO SE DESM. Y CANCELO HASTA EL 2005 CON LA 3270201 INF.AMPARO Q. 05/22/06 Y.C.S.- ACTUALIZACION INF. AMPARO Q. JULIO 14/09 MR INF.PARA CERTIF. INGRES. POR AREA D LEGALIZACION INSP. LUIS LOPEZ 01-22-14 -SELLO PROT.DE ADJ.DANIEL S. 02/0", "observac_1": null, "barrio": "OTRAS AREAS", "parroquia_": 3, "barrio_id": 0, "proceso": 1, "fecha_regi": null, "activo_cat": "SI", "desactivad": 0, "avaluo_rem": 0.0, "avaluo_r_1": 0.0, "clasificac": "GENERAL", "anio_deuda": 2026, "deuda": 11.2, "valor_ip": 0.0, "coactiva": null, "ficharegis": 44487, "etam": 0.0833333333, "diferencia": -4.5072665786000004, "porc_difer": -0.0313004624, "admisible": 1, "deuda_anio": 0.0, "Clavepre": "3-23-49-08-000", "ORIG_FID": 58 }, "geometry": { "type": "Point", "coordinates": [ -80.7294770749983, -1.002551076801284 ] } },
{ "type": "Feature", "properties": { "id": 86643, "lote_id": 66134, "clavecatas": "3-23-49-09-000", "zona": "3", "sector": "23", "manzana": "49", "lote": "09", "ph": "000", "propietari": "CAMPOS ORTIZ NELLY MATILDE", "documentop": "1708276520", "direccion": "URBIRIOS II MZ-22 LOTE 09", "area_m2": 144.0, "frente_uti": 8.0, "frente_tot": 0.0, "avaluo_con": 0.0, "avaluo_sue": 5760.0, "zonaurbano": "URBANA", "parroquia": "TARQUI", "esta_bloqu": "NO", "es_tercera": "NO", "tiene_elec": "SI", "tiene_agua": "SI", "tiene_alca": "NO", "observacio": "ING. NUEVO X LOTEO S DESM. Y CANCELO HASTA EL 2005 CON LA 3270201 INF. A.Q. 05/22/06 Y.C.S- ACTU. INF. A.Q. 07/14/09 MR.- SE ACTU. CERT. EMITIDO X GABY S. REV. X GORETTY N.28432-15 29/01/15.- SELLO PROT. D ADJ. GLORIA G. 02/23/15 Y.C.S.- \r\n\r\nINF. PARA CE", "observac_1": null, "barrio": "OTRAS AREAS", "parroquia_": 3, "barrio_id": 0, "proceso": 1, "fecha_regi": null, "activo_cat": "SI", "desactivad": 0, "avaluo_rem": 0.0, "avaluo_r_1": 0.0, "clasificac": "GENERAL", "anio_deuda": 0, "deuda": 0.0, "valor_ip": 0.0, "coactiva": null, "ficharegis": 49546, "etam": 0.0833333333, "diferencia": -1.246850264, "porc_difer": -0.0086586824, "admisible": 1, "deuda_anio": 0.0, "Clavepre": "3-23-49-09-000", "ORIG_FID": 59 }, "geometry": { "type": "Point", "coordinates": [ -80.729417119055398, -1.002590444397099 ] } },
{ "type": "Feature", "properties": { "id": 86644, "lote_id": 66135, "clavecatas": "3-23-49-10-000", "zona": "3", "sector": "23", "manzana": "49", "lote": "10", "ph": "000", "propietari": "FLORES MOSQUERA JUAN ANGEL", "documentop": "1311729154", "direccion": "URBIRIOS II MZ-22 LOTE 10", "area_m2": 144.0, "frente_uti": 8.0, "frente_tot": 0.0, "avaluo_con": 3393.7, "avaluo_sue": 5760.0, "zonaurbano": "URBANA", "parroquia": "TARQUI", "esta_bloqu": "NO", "es_tercera": "NO", "tiene_elec": "SI", "tiene_agua": "SI", "tiene_alca": "NO", "observacio": "-INGRESO NUEVO X LOTEO SE DESM. Y CANCELO HASTA EL 2005 CON LA 3270201 INF.AMPARO Q. 05/22/06 Y.C.S.- ACTUALIZACION INF. AMPARO Q. JULIO 14/09 MR INF.PARA CERTIF. INGRES. POR AREA DE LEGALIZACION INSP. LUIS LOPEZ, FEBRERO 11-14 -SELLO PROT.DE ADJ.DANIEL", "observac_1": null, "barrio": "OTRAS AREAS", "parroquia_": 3, "barrio_id": 0, "proceso": 1, "fecha_regi": null, "activo_cat": "SI", "desactivad": 0, "avaluo_rem": 0.0, "avaluo_r_1": 0.0, "clasificac": "GENERAL", "anio_deuda": 2015, "deuda": 372.87, "valor_ip": 0.0, "coactiva": null, "ficharegis": 44962, "etam": 0.0833333333, "diferencia": -7.4714044425, "porc_difer": -0.0518847531, "admisible": 1, "deuda_anio": 359.4, "Clavepre": "3-23-49-10-000", "ORIG_FID": 60 }, "geometry": { "type": "Point", "coordinates": [ -80.72935695271056, -1.002630299931099 ] } },
{ "type": "Feature", "properties": { "id": 86646, "lote_id": 66137, "clavecatas": "3-23-49-12-000", "zona": "3", "sector": "23", "manzana": "49", "lote": "12", "ph": "000", "propietari": "MOREIRA CEVALLOS ROBERSONS LEONEL", "documentop": "1305528026", "direccion": "URBIRRIOS II MZ-22 LOTE 12", "area_m2": 144.0, "frente_uti": 8.0, "frente_tot": 0.0, "avaluo_con": 0.0, "avaluo_sue": 5184.0, "zonaurbano": "URBANA", "parroquia": "TARQUI", "esta_bloqu": "NO", "es_tercera": "NO", "tiene_elec": "SI", "tiene_agua": "SI", "tiene_alca": "NO", "observacio": "-INGRESO NUEVO X LOTEO SE DESM. Y CANCELO HASTA EL 2005 CON LA 3270201 INF.AMPARO Q. 05/22/06 Y.C.S.- ACTUALIZACION INF.AMPARO Q. JULIO 14/09 MR INF.PARA CERT.INGRES.X AREA DE LEGALIZACION INSP.LUIS LOPEZ 01-17-14 -SELLO PROT.DE ADJ.DANIEL S. 02/13/14 Y.", "observac_1": null, "barrio": "OTRAS AREAS", "parroquia_": 3, "barrio_id": 0, "proceso": 1, "fecha_regi": null, "activo_cat": "SI", "desactivad": 0, "avaluo_rem": 0.0, "avaluo_r_1": 0.0, "clasificac": "GENERAL", "anio_deuda": 2024, "deuda": 44.96, "valor_ip": 0.0, "coactiva": null, "ficharegis": 44822, "etam": 0.0833333333, "diferencia": -9.8144756666, "porc_difer": -0.068156081, "admisible": 1, "deuda_anio": 33.96, "Clavepre": "3-23-49-12-000", "ORIG_FID": 61 }, "geometry": { "type": "Point", "coordinates": [ -80.729234169658966, -1.002712326062114 ] } },
{ "type": "Feature", "properties": { "id": 86648, "lote_id": 66139, "clavecatas": "3-23-49-14-000", "zona": "3", "sector": "23", "manzana": "49", "lote": "14", "ph": "000", "propietari": "ANCHUNDIA GILER JUAN CARLOS", "documentop": "1311364895", "direccion": "URBIRRIOS II MZ-22  LOTE 14", "area_m2": 144.0, "frente_uti": 8.0, "frente_tot": 0.0, "avaluo_con": 0.0, "avaluo_sue": 5760.0, "zonaurbano": "URBANA", "parroquia": "TARQUI", "esta_bloqu": "NO", "es_tercera": "NO", "tiene_elec": "SI", "tiene_agua": "SI", "tiene_alca": "NO", "observacio": "ING. NUEVO X LOTEO SE DESM. Y CANCELO HASTA EL 2005 CON LA 3270201 INF. A.Q. 05/22/06 Y.C.S.- ACTU. INF. A.Q. 07/14/09 MR.- ING. PARA CERT. X AREA D LEGALIZ. INSP. L. LOPEZ 01/22/14.-ING. X M. ESPINALS REV. X M. CAJAPE 10/24/14 MR.- SELLO PROTOC. D ADJ.", "observac_1": null, "barrio": "OTRAS AREAS", "parroquia_": 3, "barrio_id": 0, "proceso": 1, "fecha_regi": null, "activo_cat": "SI", "desactivad": 0, "avaluo_rem": 0.0, "avaluo_r_1": 0.0, "clasificac": "GENERAL", "anio_deuda": 2025, "deuda": 27.63, "valor_ip": 0.0, "coactiva": null, "ficharegis": 48873, "etam": 0.0833333333, "diferencia": 2.6968672831, "porc_difer": 0.018728245, "admisible": 1, "deuda_anio": 16.43, "Clavepre": "3-23-49-14-000", "ORIG_FID": 62 }, "geometry": { "type": "Point", "coordinates": [ -80.729112908579168, -1.002793258592605 ] } },
{ "type": "Feature", "properties": { "id": 86649, "lote_id": 66140, "clavecatas": "3-23-49-15-000", "zona": "3", "sector": "23", "manzana": "49", "lote": "15", "ph": "000", "propietari": "MOREIRA SALTOS  LUCELLY VIANNEY", "documentop": "1312079864", "direccion": "URBIRRIOS II MZ-22  LOTE 15", "area_m2": 180.0, "frente_uti": 28.0, "frente_tot": 0.0, "avaluo_con": 0.0, "avaluo_sue": 6480.0, "zonaurbano": "URBANA", "parroquia": "TARQUI", "esta_bloqu": "NO", "es_tercera": "NO", "tiene_elec": "SI", "tiene_agua": "SI", "tiene_alca": "NO", "observacio": "-INGRESO NUEVO X LOTEO SE DESM. Y CANCELO HASTA EL 2005 CON LA 3270201 INF.AMPARO Q. 05/22/06 Y.C.S.-ACTUALIZACION INF. AMPARO Q. JULIO 14/09 MR INF. PARA CERTIF. INGRES. POR AREA DE LEGALIZACION INSP. LUIS LOPEZ, ENERO 22-14 -SELLO PROT.DE ADJ.DANIEL S.", "observac_1": null, "barrio": "OTRAS AREAS", "parroquia_": 3, "barrio_id": 0, "proceso": 1, "fecha_regi": null, "activo_cat": "SI", "desactivad": 0, "avaluo_rem": 0.0, "avaluo_r_1": 0.0, "clasificac": "GENERAL", "anio_deuda": 2025, "deuda": 77.47, "valor_ip": 0.0, "coactiva": null, "ficharegis": 44455, "etam": 0.0745355992, "diferencia": -9.6644827675999991, "porc_difer": -0.0536915709, "admisible": 1, "deuda_anio": 46.74, "Clavepre": "3-23-49-15-000", "ORIG_FID": 63 }, "geometry": { "type": "Point", "coordinates": [ -80.729046102390427, -1.002836369089273 ] } },
{ "type": "Feature", "properties": { "id": 86650, "lote_id": 66141, "clavecatas": "3-23-49-16-000", "zona": "3", "sector": "23", "manzana": "49", "lote": "16", "ph": "000", "propietari": "ZAMBRANO ALAVA VICTOR EMILIO", "documentop": "1308024023", "direccion": "URBIRRIOS II MZ-22 LOTE 16", "area_m2": 180.0, "frente_uti": 28.0, "frente_tot": 0.0, "avaluo_con": 0.0, "avaluo_sue": 7200.0, "zonaurbano": "URBANA", "parroquia": "TARQUI", "esta_bloqu": "NO", "es_tercera": "NO", "tiene_elec": "SI", "tiene_agua": "SI", "tiene_alca": "NO", "observacio": "-INGRESO NUEVO X LOTEO SE DESM. Y CANCELO HASTA EL 2005 CON LA 3270201 INF.AMPARO Q. 05/22/06 Y.C.S.-\r\nINF. PARA CERTIF. INGRES. POR AREA DE LEGALIZACION INSP. LUIS LOPEZ, ENERO 17-14 -SELLO PROT.DE ADJ.FERNANDO N. 01/29/14 Y.C.S.-", "observac_1": null, "barrio": "OTRAS AREAS", "parroquia_": 3, "barrio_id": 0, "proceso": 1, "fecha_regi": null, "activo_cat": "SI", "desactivad": 0, "avaluo_rem": 0.0, "avaluo_r_1": 0.0, "clasificac": "GENERAL", "anio_deuda": 0, "deuda": 0.0, "valor_ip": 0.0, "coactiva": null, "ficharegis": 44368, "etam": 0.0745355992, "diferencia": 2.845336987, "porc_difer": 0.0158074277, "admisible": 1, "deuda_anio": 0.0, "Clavepre": "3-23-49-16-000", "ORIG_FID": 64 }, "geometry": { "type": "Point", "coordinates": [ -80.72896179900917, -1.002694182849847 ] } },
{ "type": "Feature", "properties": { "id": 86651, "lote_id": 66142, "clavecatas": "3-23-49-17-000", "zona": "3", "sector": "23", "manzana": "49", "lote": "17", "ph": "000", "propietari": "PONCE MOREIRA FRANCISCO JAVIER", "documentop": "1309798096", "direccion": "BARRIO URBIRRIOS II MZ-22 LOTE 17", "area_m2": 144.0, "frente_uti": 8.0, "frente_tot": 0.0, "avaluo_con": 0.0, "avaluo_sue": 5472.0, "zonaurbano": "URBANA", "parroquia": "TARQUI", "esta_bloqu": "NO", "es_tercera": "NO", "tiene_elec": "SI", "tiene_agua": "SI", "tiene_alca": "NO", "observacio": "-INGRESO NUEVO X LOTEO SE DESM. Y CANCELO HASTA EL 2005 CON LA 3270201 INF.AMPARO Q. 05/22/06 Y.C.S.- ACTUALIZACION INF. AMPARO Q. JULIO 14/09 MR INF. PARA CERTIF. INGRES. POR AREA DE LEGALIZACION INSP. LUIS LOPEZ, ENERO 23-14 SE ACT. ADJUDICACION PROHIB", "observac_1": null, "barrio": "OTRAS AREAS", "parroquia_": 3, "barrio_id": 0, "proceso": 1, "fecha_regi": null, "activo_cat": "SI", "desactivad": 0, "avaluo_rem": 0.0, "avaluo_r_1": 0.0, "clasificac": "GENERAL", "anio_deuda": 2025, "deuda": 27.41, "valor_ip": 0.0, "coactiva": null, "ficharegis": 64356, "etam": 0.0833333333, "diferencia": 13.989972679199999, "porc_difer": 0.0971525881, "admisible": 0, "deuda_anio": 16.32, "Clavepre": "3-23-49-17-000", "ORIG_FID": 65 }, "geometry": { "type": "Point", "coordinates": [ -80.729026149110354, -1.002651500754632 ] } },
{ "type": "Feature", "properties": { "id": 86652, "lote_id": 66143, "clavecatas": "3-23-49-18-000", "zona": "3", "sector": "23", "manzana": "49", "lote": "18", "ph": "000", "propietari": "GARCIA GARCIA YORALIS JULITA", "documentop": "1307045276", "direccion": "URBIRRIOS II MZ-22 LOTE 18", "area_m2": 144.0, "frente_uti": 8.0, "frente_tot": 0.0, "avaluo_con": 0.0, "avaluo_sue": 5760.0, "zonaurbano": "URBANA", "parroquia": "TARQUI", "esta_bloqu": "NO", "es_tercera": "NO", "tiene_elec": "SI", "tiene_agua": "SI", "tiene_alca": "NO", "observacio": "INGR. NUEVO X LOTEO SE DESM. Y CANCELO HASTA EL 2005 CON LA 3270201 INF. AMPARO Q. 05/22/06 Y.C.S.- ACTUALIZACION INF. AMPARO Q. 07/14/09 MR.- INGRES. X AREA DE LEGALIZACION INSP. LUIS LOPEZ 01-23-14.- SELLO PROT. DE ADJ. ANGEL M. 02/11/14 Y.C.S.- INGR.", "observac_1": null, "barrio": "OTRAS AREAS", "parroquia_": 3, "barrio_id": 0, "proceso": 1, "fecha_regi": null, "activo_cat": "SI", "desactivad": 0, "avaluo_rem": 0.0, "avaluo_r_1": 0.0, "clasificac": "GENERAL", "anio_deuda": 0, "deuda": 0.0, "valor_ip": 0.0, "coactiva": null, "ficharegis": 44637, "etam": 0.0833333333, "diferencia": -11.4078761784, "porc_difer": -0.0792213624, "admisible": 1, "deuda_anio": 0.0, "Clavepre": "3-23-49-18-000", "ORIG_FID": 66 }, "geometry": { "type": "Point", "coordinates": [ -80.729086586915741, -1.002611692368438 ] } },
{ "type": "Feature", "properties": { "id": 86654, "lote_id": 66145, "clavecatas": "3-23-49-20-000", "zona": "3", "sector": "23", "manzana": "49", "lote": "20", "ph": "000", "propietari": "PILOZO LUCAS BLANCA MARGARITA", "documentop": "1303722126", "direccion": "BARRIO URBIRIOS II MZ-22 LOTE 20", "area_m2": 144.0, "frente_uti": 8.0, "frente_tot": 0.0, "avaluo_con": 0.0, "avaluo_sue": 5760.0, "zonaurbano": "URBANA", "parroquia": "TARQUI", "esta_bloqu": "NO", "es_tercera": "NO", "tiene_elec": "SI", "tiene_agua": "SI", "tiene_alca": "NO", "observacio": "-INGRESO NUEVO X LOTEO SE DESM. Y CANCELO HASTA EL 2005 CON LA 3270201 INF.AMPARO Q. 05/22/06 Y.C.S.- ACTUALIZACION INF. AMPARO Q. JULIO 14/09 MR INF. PARA CERTIFICADO INGRESADO POR VENTANILLA REIZADO POR FERNANDO NAVARRETE  AUTORIZA DIR. REALIZAR EN MAN", "observac_1": null, "barrio": "OTRAS AREAS", "parroquia_": 3, "barrio_id": 0, "proceso": 1, "fecha_regi": null, "activo_cat": "SI", "desactivad": 0, "avaluo_rem": 0.0, "avaluo_r_1": 0.0, "clasificac": "GENERAL", "anio_deuda": 0, "deuda": 0.0, "valor_ip": 0.0, "coactiva": null, "ficharegis": 53207, "etam": 0.0833333333, "diferencia": 11.489518200799999, "porc_difer": 0.0797883208, "admisible": 1, "deuda_anio": 0.0, "Clavepre": "3-23-49-20-000", "ORIG_FID": 67 }, "geometry": { "type": "Point", "coordinates": [ -80.729209533653219, -1.002534204331492 ] } },
{ "type": "Feature", "properties": { "id": 86655, "lote_id": 66146, "clavecatas": "3-23-49-21-000", "zona": "3", "sector": "23", "manzana": "49", "lote": "21", "ph": "000", "propietari": "SALTOS NANCY MONSERRATE", "documentop": "1304141557", "direccion": "URBIRIOS II MZ-22 LOTE 21", "area_m2": 144.0, "frente_uti": 8.0, "frente_tot": 0.0, "avaluo_con": 0.0, "avaluo_sue": 5760.0, "zonaurbano": "URBANA", "parroquia": "TARQUI", "esta_bloqu": "NO", "es_tercera": "NO", "tiene_elec": "SI", "tiene_agua": "NO", "tiene_alca": "NO", "observacio": "-INGRESO NUEVO X LOTEO SE DESM. Y CANCELO HASTA EL 2005 CON LA 3270201 INF.AMPARO Q. 05/22/06 Y.C.S.- ACTUALIZACION INF. AMPARO Q. JULIO 14/09 MR INF.PARA CERTIF. INGRES. POR AREA DE LEGALIZACION INSP. LUIS LOPEZ, FEBRERO 11-14 -SELLO PROT.DE ADJ.DANIEL", "observac_1": null, "barrio": "OTRAS AREAS", "parroquia_": 3, "barrio_id": 0, "proceso": 1, "fecha_regi": null, "activo_cat": "SI", "desactivad": 0, "avaluo_rem": 0.0, "avaluo_r_1": 0.0, "clasificac": "GENERAL", "anio_deuda": 0, "deuda": 0.0, "valor_ip": 0.0, "coactiva": null, "ficharegis": 44882, "etam": 0.0833333333, "diferencia": 3.3576114021, "porc_difer": 0.0233167458, "admisible": 1, "deuda_anio": 0.0, "Clavepre": "3-23-49-21-000", "ORIG_FID": 68 }, "geometry": { "type": "Point", "coordinates": [ -80.729268608047178, -1.00249488058442 ] } },
{ "type": "Feature", "properties": { "id": 86658, "lote_id": 66149, "clavecatas": "3-23-49-24-000", "zona": "3", "sector": "23", "manzana": "49", "lote": "24", "ph": "000", "propietari": "MERA DELGADO JESSICA LUCCIOLA", "documentop": "1306306166", "direccion": "URBIRRRIOS II MZ-22 LOTE 24", "area_m2": 144.0, "frente_uti": 8.0, "frente_tot": 0.0, "avaluo_con": 0.0, "avaluo_sue": 5760.0, "zonaurbano": "URBANA", "parroquia": "TARQUI", "esta_bloqu": "NO", "es_tercera": "NO", "tiene_elec": "SI", "tiene_agua": "SI", "tiene_alca": "NO", "observacio": "-INGRESO NUEVO X LOTEO SE DESM. Y CANCELO HASTA EL 2005 CON LA 3270201 INF.AMPARO Q. 05/22/06 Y.C.S.- ACTUALIZACION INF. AMPARO Q. JULIO 14/09 MR INF.PARA CERT. INGRES. POR AREA DE LEGALIZACION INSP. LUIS LOPEZ 01-31-14 -SELLO PROT.DE ADJ.DANIEL S.02/20/", "observac_1": null, "barrio": "OTRAS AREAS", "parroquia_": 3, "barrio_id": 0, "proceso": 1, "fecha_regi": null, "activo_cat": "SI", "desactivad": 0, "avaluo_rem": 0.0, "avaluo_r_1": 0.0, "clasificac": "GENERAL", "anio_deuda": 0, "deuda": 0.0, "valor_ip": 0.0, "coactiva": null, "ficharegis": 44925, "etam": 0.0833333333, "diferencia": 6.8876587819, "porc_difer": 0.0478309638, "admisible": 1, "deuda_anio": 0.0, "Clavepre": "3-23-49-24-000", "ORIG_FID": 69 }, "geometry": { "type": "Point", "coordinates": [ -80.729449936420352, -1.002378536099061 ] } },
{ "type": "Feature", "properties": { "id": 86659, "lote_id": 66150, "clavecatas": "3-23-49-25-000", "zona": "3", "sector": "23", "manzana": "49", "lote": "25", "ph": "000", "propietari": "CASTRO BAZURTO SANDRA ELIZABETH", "documentop": "1206363200", "direccion": "BARRIO URBIRRIOS II MZ. 22 LOTE 25", "area_m2": 144.0, "frente_uti": 8.0, "frente_tot": 0.0, "avaluo_con": 0.0, "avaluo_sue": 5184.0, "zonaurbano": "URBANA", "parroquia": "MANTA", "esta_bloqu": "NO", "es_tercera": "NO", "tiene_elec": "SI", "tiene_agua": "SI", "tiene_alca": "NO", "observacio": "INGR. NUEVO X LOTEO SE DESM. Y CANCELO HASTA EL 2005 CON LA 3270201 INF.AMPARO Q. 05/22/06 Y.C.S.- ACTUAL. INF. AMPARO Q. 07/14/09 MR. CERT.DE AVAL.INF. ARQ. P. LEÓN 08/16/18.- INF. PARA CERT. REV. X F. NAVARRETE 08/20/18 MR.- INGR. EN LINEA PARA CERT.", "observac_1": null, "barrio": "OTRAS AREAS", "parroquia_": 1, "barrio_id": 0, "proceso": 1, "fecha_regi": null, "activo_cat": "SI", "desactivad": 0, "avaluo_rem": 0.0, "avaluo_r_1": 0.0, "clasificac": "DEPURACION CATASTRO", "anio_deuda": 0, "deuda": 0.0, "valor_ip": 0.0, "coactiva": null, "ficharegis": 67317, "etam": 0.0833333333, "diferencia": -0.4196029611, "porc_difer": -0.0029139095, "admisible": 1, "deuda_anio": 0.0, "Clavepre": "3-23-49-25-000", "ORIG_FID": 70 }, "geometry": { "type": "Point", "coordinates": [ -80.729513114604359, -1.0023393358352 ] } },
{ "type": "Feature", "properties": { "id": 86685, "lote_id": 66176, "clavecatas": "3-23-50-21-000", "zona": "3", "sector": "23", "manzana": "50", "lote": "21", "ph": "000", "propietari": "BARRETO SALTOS ERIKA MONSERRATE", "documentop": "1310768963", "direccion": "URBIRRIOS II MZ-21-CCLOTE 21", "area_m2": 144.0, "frente_uti": 8.0, "frente_tot": 0.0, "avaluo_con": 0.0, "avaluo_sue": 5760.0, "zonaurbano": "URBANA", "parroquia": "TARQUI", "esta_bloqu": "NO", "es_tercera": "NO", "tiene_elec": "NO", "tiene_agua": "NO", "tiene_alca": "NO", "observacio": "-INGRESO NUEVO X LOTEO SE DESM. Y CANCELO HASTA EL 2005 CON LA 3270201 INF.AMPARO Q. 06/06/06 Y.C.S.- ACTUALIZACION INF. AMPARO Q. JULIO 14/09 MR INF. PARA CERTIF. INGRES. POR AREA DE LEGALIZACION INSP. LUIS LOPEZ 01-31-14 -SELLO PROT.DE ADJ.DANIEL S. 02", "observac_1": null, "barrio": "OTRAS AREAS", "parroquia_": 3, "barrio_id": 0, "proceso": 1, "fecha_regi": null, "activo_cat": "SI", "desactivad": 0, "avaluo_rem": 0.0, "avaluo_r_1": 0.0, "clasificac": "GENERAL", "anio_deuda": 2018, "deuda": 226.3, "valor_ip": 0.0, "coactiva": "AUTO", "ficharegis": 44897, "etam": 0.0833333333, "diferencia": -2.99e-08, "porc_difer": -2.0000000000000001e-10, "admisible": 1, "deuda_anio": 215.95, "Clavepre": "3-23-50-21-000", "ORIG_FID": 71 }, "geometry": { "type": "Point", "coordinates": [ -80.729152431532697, -1.003434283407723 ] } },
{ "type": "Feature", "properties": { "id": 86660, "lote_id": 66151, "clavecatas": "3-23-49-26-000", "zona": "3", "sector": "23", "manzana": "49", "lote": "26", "ph": "000", "propietari": "VELEZ BAZURTO DARWIN AGUSTIN", "documentop": "1313690503", "direccion": "URBIRRIOS II MZ-22 LOTE 26", "area_m2": 144.0, "frente_uti": 8.0, "frente_tot": 0.0, "avaluo_con": 34570.0, "avaluo_sue": 4432.32, "zonaurbano": "URBANA", "parroquia": "TARQUI", "esta_bloqu": "NO", "es_tercera": "NO", "tiene_elec": "SI", "tiene_agua": "SI", "tiene_alca": "NO", "observacio": "-INGRESO NUEVO X LOTEO SE DESM. Y CANCELO HASTA EL 2005 CON LA 3270201 INF.AMPARO Q. 05/22/06 Y.C.S.- ACTUALIZACION INF. AMPARO Q. JULIO 14/09 MR INF.PARA CERT.INGRES.X AREA DE LEGALIZACION INSP. LUIS LOPEZ, ENERO 23-14 -SELLO PROT.DE ADJ.DANIEL S.02/28/", "observac_1": null, "barrio": "URBIRRIOS 2", "parroquia_": 3, "barrio_id": 1046, "proceso": 1, "fecha_regi": null, "activo_cat": "SI", "desactivad": 0, "avaluo_rem": 0.0, "avaluo_r_1": 0.0, "clasificac": "GENERAL", "anio_deuda": 0, "deuda": 0.0, "valor_ip": 0.0, "coactiva": null, "ficharegis": 45137, "etam": 0.0833333333, "diferencia": 8.2765552333, "porc_difer": 0.057476078, "admisible": 1, "deuda_anio": 0.0, "Clavepre": "3-23-49-26-000", "ORIG_FID": 72 }, "geometry": { "type": "Point", "coordinates": [ -80.729575043486378, -1.002298864198128 ] } },
{ "type": "Feature", "properties": { "id": 86661, "lote_id": 66152, "clavecatas": "3-23-49-27-000", "zona": "3", "sector": "23", "manzana": "49", "lote": "27", "ph": "000", "propietari": "REYES CEDEÑO ANA DOLORES", "documentop": "1308736725", "direccion": "URBIRRIOS II MZ-22  LOTE 27", "area_m2": 144.0, "frente_uti": 8.0, "frente_tot": 0.0, "avaluo_con": 0.0, "avaluo_sue": 5760.0, "zonaurbano": "URBANA", "parroquia": "TARQUI", "esta_bloqu": "NO", "es_tercera": "NO", "tiene_elec": "SI", "tiene_agua": "SI", "tiene_alca": "NO", "observacio": "-INGRESO NUEVO X LOTEO SE DESM. Y CANCELO HASTA EL 2005 CON LA 3270201 INF.AMPARO Q.05/22/06 Y.C.S.- ACTUALIZACION INF.AMPARO Q. JULIO 14/09 MR INF.PARA CERT. INGRES.X AREA D LEGALIZACION INSP. LUIS LOPEZ 01-31-14 -SELLO PROT.DE ADJ.DANIEL S. 02/11/14 Y.", "observac_1": null, "barrio": "OTRAS AREAS", "parroquia_": 3, "barrio_id": 0, "proceso": 1, "fecha_regi": null, "activo_cat": "SI", "desactivad": 0, "avaluo_rem": 0.0, "avaluo_r_1": 0.0, "clasificac": "GENERAL", "anio_deuda": 2010, "deuda": 526.39, "valor_ip": 0.0, "coactiva": null, "ficharegis": 44665, "etam": 0.0833333333, "diferencia": 11.931233132599999, "porc_difer": 0.0828557856, "admisible": 1, "deuda_anio": 515.19, "Clavepre": "3-23-49-27-000", "ORIG_FID": 73 }, "geometry": { "type": "Point", "coordinates": [ -80.729634351928098, -1.002260003572669 ] } },
{ "type": "Feature", "properties": { "id": 86662, "lote_id": 66153, "clavecatas": "3-23-49-28-000", "zona": "3", "sector": "23", "manzana": "49", "lote": "28", "ph": "000", "propietari": "SACON BAZURTO VANESSA LILIANA", "documentop": "0940598501", "direccion": "URBIRRIOS II MZ-22 LOTE 28", "area_m2": 144.0, "frente_uti": 8.0, "frente_tot": 0.0, "avaluo_con": 11600.0, "avaluo_sue": 5184.0, "zonaurbano": "URBANA", "parroquia": "TARQUI", "esta_bloqu": "NO", "es_tercera": "NO", "tiene_elec": "SI", "tiene_agua": "SI", "tiene_alca": "NO", "observacio": "-INGRESO NUEVO X LOTEO SE DESM. Y CANCELO HASTA EL 2005 CON LA 3270201 INF.AMPARO Q. 05/22/06 Y.C.S.- ACTUALIZACION INF. AMPARO Q. JULIO 14/09 MR INF. PARA CERTIF. INGRES. POR AREA DE LEGALIZACION INSP. LUIS LOPEZ 01-31-14 -SELLO PROT.DE ADJ.DANIEL S.02/", "observac_1": null, "barrio": "URBIRRIOS 2", "parroquia_": 3, "barrio_id": 1046, "proceso": 1, "fecha_regi": null, "activo_cat": "SI", "desactivad": 0, "avaluo_rem": 0.0, "avaluo_r_1": 0.0, "clasificac": "GENERAL", "anio_deuda": 2026, "deuda": 17.51, "valor_ip": 0.0, "coactiva": null, "ficharegis": 44905, "etam": 0.0833333333, "diferencia": 4.1111327931000003, "porc_difer": 0.0285495333, "admisible": 1, "deuda_anio": 0.0, "Clavepre": "3-23-49-28-000", "ORIG_FID": 74 }, "geometry": { "type": "Point", "coordinates": [ -80.729696636207606, -1.002223932636771 ] } },
{ "type": "Feature", "properties": { "id": 86663, "lote_id": 66154, "clavecatas": "3-23-49-29-000", "zona": "3", "sector": "23", "manzana": "49", "lote": "29", "ph": "000", "propietari": "BENITEZ MERO MIRELLA ROCIO", "documentop": "1310108319", "direccion": "URBIRRIOS II MZ-22 LOTE 29", "area_m2": 144.0, "frente_uti": 8.0, "frente_tot": 0.0, "avaluo_con": 0.0, "avaluo_sue": 5760.0, "zonaurbano": "URBANA", "parroquia": "TARQUI", "esta_bloqu": "NO", "es_tercera": "NO", "tiene_elec": "SI", "tiene_agua": "SI", "tiene_alca": "NO", "observacio": "-INGRESO NUEVO X LOTEO SE DESM. Y CANCELO HASTA EL 2005 CON LA 3270201 INF.AMPARO Q.05/22/06 Y.C.S.- ACTUALIZACION INF.AMPARO Q. 07/14/09 MR.-SE CORRIGIÓ EL APELLIDO,ESTABA MERA Y ES MERO D ACUERDO A LA CEDULA S/E 17/10/12 A.Q.INF.PARA CERT.INGRES.X ARE", "observac_1": null, "barrio": "OTRAS AREAS", "parroquia_": 3, "barrio_id": 0, "proceso": 1, "fecha_regi": null, "activo_cat": "SI", "desactivad": 0, "avaluo_rem": 0.0, "avaluo_r_1": 0.0, "clasificac": "GENERAL", "anio_deuda": 0, "deuda": 0.0, "valor_ip": 0.0, "coactiva": null, "ficharegis": 44524, "etam": 0.0833333333, "diferencia": -2.5700267311, "porc_difer": -0.0178474079, "admisible": 1, "deuda_anio": 0.0, "Clavepre": "3-23-49-29-000", "ORIG_FID": 75 }, "geometry": { "type": "Point", "coordinates": [ -80.729759674761041, -1.002183170680061 ] } },
{ "type": "Feature", "properties": { "id": 86666, "lote_id": 66157, "clavecatas": "3-23-50-02-000", "zona": "3", "sector": "23", "manzana": "50", "lote": "02", "ph": "000", "propietari": "VELEZ BRIONES VICENTA MARISOL", "documentop": "1307885218", "direccion": "URBIRRIOS II MZ-21-C LT-02", "area_m2": 144.0, "frente_uti": 8.0, "frente_tot": 0.0, "avaluo_con": 0.0, "avaluo_sue": 5760.0, "zonaurbano": "URBANA", "parroquia": "TARQUI", "esta_bloqu": "NO", "es_tercera": "NO", "tiene_elec": "NO", "tiene_agua": "NO", "tiene_alca": "NO", "observacio": "INGRESO NUEVO X LOTEO SE DESM. Y CANCELO HASTA EL 2005 CON LA 3270201 INF. AMPARO Q. 06/06/06 Y.C.S.- ACTUALIZACION INF. AMPARO Q. 07/14/09 MR.- INF. PARA CERTIF. INGRES. X AREA DE LEGALZCION INSP. L. LOPEZ, 24/01/14.-SELLO DE PROT.DE ADJ.FERNANDO N.01/2", "observac_1": null, "barrio": "OTRAS AREAS", "parroquia_": 3, "barrio_id": 0, "proceso": 1, "fecha_regi": null, "activo_cat": "SI", "desactivad": 0, "avaluo_rem": 0.0, "avaluo_r_1": 0.0, "clasificac": "GENERAL", "anio_deuda": 0, "deuda": 0.0, "valor_ip": 0.0, "coactiva": null, "ficharegis": 44215, "etam": 0.0833333333, "diferencia": 6e-09, "porc_difer": 0.0, "admisible": 1, "deuda_anio": 0.0, "Clavepre": "3-23-50-02-000", "ORIG_FID": 76 }, "geometry": { "type": "Point", "coordinates": [ -80.72862281287324, -1.002918368130165 ] } },
{ "type": "Feature", "properties": { "id": 86667, "lote_id": 66158, "clavecatas": "3-23-50-03-000", "zona": "3", "sector": "23", "manzana": "50", "lote": "03", "ph": "000", "propietari": "MOREIRA ARTURO ITALO RAMON", "documentop": "1309242558", "direccion": "URBIRRIOS II 21-C LOTE-03", "area_m2": 144.0, "frente_uti": 8.0, "frente_tot": 0.0, "avaluo_con": 0.0, "avaluo_sue": 5760.0, "zonaurbano": "URBANA", "parroquia": "TARQUI", "esta_bloqu": "NO", "es_tercera": "NO", "tiene_elec": "SI", "tiene_agua": "SI", "tiene_alca": "NO", "observacio": "-INGRESO NUEVO X LOTEO SE DESM. Y CANCELO HASTA EL 2005 CON LA 3270201 INF.AMPARO Q. 06/06/06 Y.C.S.- 2379+-09 INF. PARA CERTIF. INGRES. POR AREA DE LEGALIZACION INSP. LUIS LOPEZ, ENERO 23-14 -SELLO PROT.DE ADJ.DANIEL S.02/03/14 Y.C.S.-", "observac_1": null, "barrio": "OTRAS AREAS", "parroquia_": 3, "barrio_id": 0, "proceso": 1, "fecha_regi": null, "activo_cat": "SI", "desactivad": 0, "avaluo_rem": 0.0, "avaluo_r_1": 0.0, "clasificac": "GENERAL", "anio_deuda": 0, "deuda": 0.0, "valor_ip": 0.0, "coactiva": null, "ficharegis": 44410, "etam": 0.0833333333, "diferencia": 7.9e-09, "porc_difer": 1e-10, "admisible": 1, "deuda_anio": 0.0, "Clavepre": "3-23-50-03-000", "ORIG_FID": 77 }, "geometry": { "type": "Point", "coordinates": [ -80.728662246241655, -1.002978890577294 ] } },
{ "type": "Feature", "properties": { "id": 86668, "lote_id": 66159, "clavecatas": "3-23-50-04-000", "zona": "3", "sector": "23", "manzana": "50", "lote": "04", "ph": "000", "propietari": "CEDEÑO SANTANA BERTHA GREGORIA", "documentop": "1308664299", "direccion": "URBIRRIOS II MZ-21-C LOTE 04", "area_m2": 144.0, "frente_uti": 8.0, "frente_tot": 0.0, "avaluo_con": 0.0, "avaluo_sue": 5760.0, "zonaurbano": "URBANA", "parroquia": "TARQUI", "esta_bloqu": "NO", "es_tercera": "NO", "tiene_elec": "NO", "tiene_agua": "NO", "tiene_alca": "NO", "observacio": "-INGRESO NUEVO X LOTEO SE DESM. Y CANCELO HASTA EL 2005 CON LA 3270201 INF.AMPARO Q. 06/06/06 Y.C.S.- ACTUALIZACION INF. AMPARO Q. JULIO 14/09 MR INF.PARA CERTIF. INGRES.X AREA D LEGALIZACION INSP. LUIS LOPEZ 01-31-14 -SELLO PROT.DE ADJ.02/08/14 Y.C.S.-", "observac_1": null, "barrio": "OTRAS AREAS", "parroquia_": 3, "barrio_id": 0, "proceso": 1, "fecha_regi": null, "activo_cat": "SI", "desactivad": 0, "avaluo_rem": 0.0, "avaluo_r_1": 0.0, "clasificac": "GENERAL", "anio_deuda": 0, "deuda": 0.0, "valor_ip": 0.0, "coactiva": null, "ficharegis": 44545, "etam": 0.0833333333, "diferencia": 1.65e-08, "porc_difer": 1e-10, "admisible": 1, "deuda_anio": 0.0, "Clavepre": "3-23-50-04-000", "ORIG_FID": 78 }, "geometry": { "type": "Point", "coordinates": [ -80.728701679611348, -1.003039413024286 ] } },
{ "type": "Feature", "properties": { "id": 86670, "lote_id": 66161, "clavecatas": "3-23-50-06-000", "zona": "3", "sector": "23", "manzana": "50", "lote": "06", "ph": "000", "propietari": "LOPEZ CEDEÑO JOHANNA MARILU", "documentop": "1313582080", "direccion": "URBIRRIOS II MZ-21-C  LOTE 6", "area_m2": 144.0, "frente_uti": 8.0, "frente_tot": 0.0, "avaluo_con": 0.0, "avaluo_sue": 4432.32, "zonaurbano": "URBANA", "parroquia": "TARQUI", "esta_bloqu": "NO", "es_tercera": "NO", "tiene_elec": "NO", "tiene_agua": "NO", "tiene_alca": "NO", "observacio": "-INGRESO NUEVO X LOTEO SE DESM. Y CANCELO HASTA EL 2005 CON LA 3270201 INF.AMPARO Q. 06/06/06 Y.C.S.- ACTUALIZACION INF. AMPARO Q. JULIO 14/09 MR INF.PARA CERTIF. INGRES. POR AREA DE LEGALIZACION INSP. LUIS LOPEZ, FEBRERO 3-14 -SELLO PROT.DE ADJ.DANIEL S", "observac_1": "- Verif. Sis. por favor no desbloquear hasta confirmar en sistemas", "barrio": "URBIRRIOS 2", "parroquia_": 3, "barrio_id": 1046, "proceso": 1, "fecha_regi": null, "activo_cat": "SI", "desactivad": 0, "avaluo_rem": 0.0, "avaluo_r_1": 0.0, "clasificac": "GENERAL", "anio_deuda": 0, "deuda": 0.0, "valor_ip": 0.0, "coactiva": null, "ficharegis": 44936, "etam": 0.0833333333, "diferencia": 1.4e-09, "porc_difer": 0.0, "admisible": 1, "deuda_anio": 0.0, "Clavepre": "3-23-50-06-000", "ORIG_FID": 79 }, "geometry": { "type": "Point", "coordinates": [ -80.728780546354585, -1.003160457918008 ] } },
{ "type": "Feature", "properties": { "id": 86672, "lote_id": 66163, "clavecatas": "3-23-50-08-000", "zona": "3", "sector": "23", "manzana": "50", "lote": "08", "ph": "000", "propietari": "ZAMBRANO PINCAY MARIA ISABEL", "documentop": "1310038763", "direccion": "BARRIO URBIRRIOS II MZ-21-C  LOTE 08", "area_m2": 144.0, "frente_uti": 8.0, "frente_tot": 0.0, "avaluo_con": 0.0, "avaluo_sue": 5760.0, "zonaurbano": "URBANA", "parroquia": "TARQUI", "esta_bloqu": "NO", "es_tercera": "NO", "tiene_elec": "NO", "tiene_agua": "NO", "tiene_alca": "NO", "observacio": "-INGRESO NUEVO X LOTEO SE DESM. Y CANCELO HASTA EL 2005 CON LA 3270201 INF.AMPARO Q. 06/06/06 Y.C.S.- ACTUALIZACION INF. AMPARO Q. JULIO 14/09 MR INF.PARA CERTIF. INGRES.X AREA D LEGALIZACION INSP. LUIS LOPEZ 01-31-14 -SELLO PROT.DE ADJ.DANIEL S. 02/11/1", "observac_1": null, "barrio": "OTRAS AREAS", "parroquia_": 3, "barrio_id": 0, "proceso": 1, "fecha_regi": null, "activo_cat": "SI", "desactivad": 0, "avaluo_rem": 0.0, "avaluo_r_1": 0.0, "clasificac": "GENERAL", "anio_deuda": 2026, "deuda": 10.35, "valor_ip": 0.0, "coactiva": null, "ficharegis": 44661, "etam": 0.0833333333, "diferencia": 2.98e-08, "porc_difer": 2.0000000000000001e-10, "admisible": 1, "deuda_anio": 0.0, "Clavepre": "3-23-50-08-000", "ORIG_FID": 80 }, "geometry": { "type": "Point", "coordinates": [ -80.728859413102938, -1.003281502811315 ] } },
{ "type": "Feature", "properties": { "id": 86673, "lote_id": 66164, "clavecatas": "3-23-50-09-000", "zona": "3", "sector": "23", "manzana": "50", "lote": "09", "ph": "000", "propietari": "GOBIERNO AUTONOMO DESCENTRALIZADO  MUNICIPAL MANTA ..", "documentop": "1360000980001", "direccion": "URBIRIOS II MZ-24 LOTE 9", "area_m2": 144.0, "frente_uti": 8.0, "frente_tot": 0.0, "avaluo_con": 0.0, "avaluo_sue": 5184.0, "zonaurbano": "URBANA", "parroquia": "TARQUI", "esta_bloqu": "NO", "es_tercera": "NO", "tiene_elec": "NO", "tiene_agua": "NO", "tiene_alca": "NO", "observacio": "ING. NUEVO X LOTEO SE DESM. Y CANCELO HASTA EL 2005 CON LA 3270201 INF. A.Q. 06/06/06 Y.C.S.- ACTU. INF. A.Q. 07/14/09 MR- ING.X M. ESPINALS REV. X M. CAJAPE 10/27/14 MR.- SELLO PROTOC. D ADJ. GLORIA G. 12/11/14 A.Q.-", "observac_1": null, "barrio": "OTRAS AREAS", "parroquia_": 3, "barrio_id": 0, "proceso": 1, "fecha_regi": null, "activo_cat": "SI", "desactivad": 0, "avaluo_rem": 0.0, "avaluo_r_1": 0.0, "clasificac": "POR LEGALIZAR", "anio_deuda": 0, "deuda": 0.0, "valor_ip": 0.0, "coactiva": null, "ficharegis": 48857, "etam": 0.0833333333, "diferencia": 3.3e-09, "porc_difer": 0.0, "admisible": 1, "deuda_anio": 0.0, "Clavepre": "3-23-50-09-000", "ORIG_FID": 81 }, "geometry": { "type": "Point", "coordinates": [ -80.728898846479012, -1.003342025257788 ] } },
{ "type": "Feature", "properties": { "id": 86674, "lote_id": 66165, "clavecatas": "3-23-50-10-000", "zona": "3", "sector": "23", "manzana": "50", "lote": "10", "ph": "000", "propietari": "ROMERO GILER GIANNY LEIDIANA", "documentop": "0921064507", "direccion": "URBIRRIOS II MZ-21-C LOTE 10", "area_m2": 144.0, "frente_uti": 8.0, "frente_tot": 0.0, "avaluo_con": 0.0, "avaluo_sue": 5760.0, "zonaurbano": "URBANA", "parroquia": "TARQUI", "esta_bloqu": "NO", "es_tercera": "NO", "tiene_elec": "NO", "tiene_agua": "NO", "tiene_alca": "NO", "observacio": "-INGRESO NUEVO X LOTEO SE DESM. Y CANCELO HASTA EL 2005 CON LA 3270201 INF.AMPARO Q.06/06/06 Y.C.S.- ACTUALIZACION INF.AMPARO Q. JULIO 14/09 MR INF.PARA CERT.INGRES.X AREA DE LEGALIZACION INSP.LUIS LOPEZ, ENERO 23-14 -SELLO PROT.DE ADJ.DANIEL S.02/20/14", "observac_1": null, "barrio": "OTRAS AREAS", "parroquia_": 3, "barrio_id": 0, "proceso": 1, "fecha_regi": null, "activo_cat": "SI", "desactivad": 0, "avaluo_rem": 0.0, "avaluo_r_1": 0.0, "clasificac": "GENERAL", "anio_deuda": 2026, "deuda": 10.35, "valor_ip": 0.0, "coactiva": null, "ficharegis": 44929, "etam": 0.0833333333, "diferencia": 1.0183269674, "porc_difer": 0.0070717151, "admisible": 1, "deuda_anio": 0.0, "Clavepre": "3-23-50-10-000", "ORIG_FID": 82 }, "geometry": { "type": "Point", "coordinates": [ -80.728938089377309, -1.00340226312569 ] } },
{ "type": "Feature", "properties": { "id": 86675, "lote_id": 66166, "clavecatas": "3-23-50-11-000", "zona": "3", "sector": "23", "manzana": "50", "lote": "11", "ph": "000", "propietari": "CEVALLOS GONGORA YOLANDA MARIA", "documentop": "1312288556", "direccion": "URBIRIOS II MZ-21-C LOTE 11", "area_m2": 144.0, "frente_uti": 8.0, "frente_tot": 0.0, "avaluo_con": 0.0, "avaluo_sue": 5760.0, "zonaurbano": "URBANA", "parroquia": "TARQUI", "esta_bloqu": "NO", "es_tercera": "NO", "tiene_elec": "NO", "tiene_agua": "NO", "tiene_alca": "NO", "observacio": "-INGRESO NUEVO X LOTEO SE DESM. Y CANCELO HASTA EL 2005 CON LA 3270201 INF.AMPARO Q. 06/06/06 Y.C.S.- ACTUALIZACION INF. AMPARO Q. JULIO 14/09 MR\r\nSE ACTUALIZA DIRECCION DE ACUERDO A ALA SOLVENCIA INSP. LUIS LOPEZ AGOSTO 19-14 MR\r\nINF. PARA CERTIFICADO", "observac_1": null, "barrio": "OTRAS AREAS", "parroquia_": 3, "barrio_id": 0, "proceso": 1, "fecha_regi": null, "activo_cat": "SI", "desactivad": 0, "avaluo_rem": 0.0, "avaluo_r_1": 0.0, "clasificac": "GENERAL", "anio_deuda": 2026, "deuda": 10.35, "valor_ip": 0.0, "coactiva": null, "ficharegis": 47280, "etam": 0.0833333333, "diferencia": -2.0740311265, "porc_difer": -0.0144029939, "admisible": 1, "deuda_anio": 0.0, "Clavepre": "3-23-50-11-000", "ORIG_FID": 83 }, "geometry": { "type": "Point", "coordinates": [ -80.728976988989317, -1.003463029253741 ] } },
{ "type": "Feature", "properties": { "id": 86680, "lote_id": 66171, "clavecatas": "3-23-50-16-000", "zona": "3", "sector": "23", "manzana": "50", "lote": "16", "ph": "000", "propietari": "ZAMBRANO ZAMORA IVONNE MARCELA", "documentop": "1315330439", "direccion": "URBIRIOS II MZ-21-C  LOTE 16", "area_m2": 180.0, "frente_uti": 28.0, "frente_tot": 0.0, "avaluo_con": 0.0, "avaluo_sue": 6123.6, "zonaurbano": "URBANA", "parroquia": "TARQUI", "esta_bloqu": "NO", "es_tercera": "NO", "tiene_elec": "SI", "tiene_agua": "NO", "tiene_alca": "NO", "observacio": "-INGRESO NUEVO X LOTEO SE DESM. Y CANCELO HASTA EL 2005 CON LA 3270201 INF.AMPARO Q.06/06/06 YCS- ACTUALIZACION INF.AMPARO Q.07/14/09 MR INF.PARA CERT.INGRES.X AREA D LEGALIZACION INSP.LUIS LOPEZ FEB.04-14 -SELLO PROT.DE ADJ.02/08/14 Y.C.S.- SE ACTUALIZA", "observac_1": null, "barrio": "URBIRRIOS 2", "parroquia_": 3, "barrio_id": 1046, "proceso": 1, "fecha_regi": null, "activo_cat": "SI", "desactivad": 0, "avaluo_rem": 0.0, "avaluo_r_1": 0.0, "clasificac": "GENERAL", "anio_deuda": 0, "deuda": 0.0, "valor_ip": 0.0, "coactiva": null, "ficharegis": 44540, "etam": 0.0745355992, "diferencia": 8.0000000000000003e-10, "porc_difer": 0.0, "admisible": 1, "deuda_anio": 0.0, "Clavepre": "3-23-50-16-000", "ORIG_FID": 84 }, "geometry": { "type": "Point", "coordinates": [ -80.729179809320655, -1.003773247686038 ] } },
{ "type": "Feature", "properties": { "id": 86683, "lote_id": 66174, "clavecatas": "3-23-50-19-000", "zona": "3", "sector": "23", "manzana": "50", "lote": "19", "ph": "000", "propietari": "ZAMBRANO TUMBACO LUIS ALBERTO", "documentop": "1310761877", "direccion": "BARRIO URBIRIOS II MZ. 21-C LOTE 19", "area_m2": 144.0, "frente_uti": 8.0, "frente_tot": 0.0, "avaluo_con": 0.0, "avaluo_sue": 5760.0, "zonaurbano": "URBANA", "parroquia": "TARQUI", "esta_bloqu": "NO", "es_tercera": "NO", "tiene_elec": "NO", "tiene_agua": "NO", "tiene_alca": "NO", "observacio": "INGRESO NUEVO X LOTEO SE DESM. Y CANCELO HASTA EL 2005 CON LA 3270201 INF.AMPARO Q. 06/06/06 Y.C.S.- ACTUALIZACION INF. AMPARO Q. JULIO 14/09 MR.- CERT. DE AVALÚOS SOLAR INF. ARQ. P. LEÓN 07/20/19- ING. PARA CERT. EVALUADO POR PERITO LCDA. M. ARTEAGA,", "observac_1": null, "barrio": "URBIRRIOS 2", "parroquia_": 3, "barrio_id": 1046, "proceso": 1, "fecha_regi": null, "activo_cat": "SI", "desactivad": 0, "avaluo_rem": 0.0, "avaluo_r_1": 0.0, "clasificac": "GENERAL", "anio_deuda": 2025, "deuda": 25.47, "valor_ip": 0.0, "coactiva": null, "ficharegis": 62616, "etam": 0.0833333333, "diferencia": 8.2e-09, "porc_difer": 1e-10, "admisible": 1, "deuda_anio": 15.12, "Clavepre": "3-23-50-19-000", "ORIG_FID": 85 }, "geometry": { "type": "Point", "coordinates": [ -80.729231298300974, -1.003555328297355 ] } },
{ "type": "Feature", "properties": { "id": 86684, "lote_id": 66175, "clavecatas": "3-23-50-20-000", "zona": "3", "sector": "23", "manzana": "50", "lote": "20", "ph": "000", "propietari": "BARRETO SALTOS MARIELA HERLEN", "documentop": "1308428026", "direccion": "URBIRRIOS II MZ-21-C LOTE 20", "area_m2": 144.0, "frente_uti": 8.0, "frente_tot": 0.0, "avaluo_con": 0.0, "avaluo_sue": 5760.0, "zonaurbano": "URBANA", "parroquia": "TARQUI", "esta_bloqu": "NO", "es_tercera": "NO", "tiene_elec": "NO", "tiene_agua": "NO", "tiene_alca": "NO", "observacio": "-INGRESO NUEVO X LOTEO SE DESM. Y CANCELO HASTA EL 2005 CON LA 3270201 INF.AMPARO Q. 06/06/06 Y.C.S.- ACTUALIZACION INF. AMPARO Q. JULIO 14/09 MR INF.PARA CERTIF. INGRES. POR AREA DE LEGALIZACION INSP. LUIS LOPEZ 01-31-14 -SELLO PROT.DE ADJ.DANIEL S.02/2", "observac_1": null, "barrio": "OTRAS AREAS", "parroquia_": 3, "barrio_id": 0, "proceso": 1, "fecha_regi": null, "activo_cat": "SI", "desactivad": 0, "avaluo_rem": 0.0, "avaluo_r_1": 0.0, "clasificac": "GENERAL", "anio_deuda": 2023, "deuda": 56.34, "valor_ip": 0.0, "coactiva": null, "ficharegis": 44952, "etam": 0.0833333333, "diferencia": 1.71e-08, "porc_difer": 1e-10, "admisible": 1, "deuda_anio": 45.99, "Clavepre": "3-23-50-20-000", "ORIG_FID": 86 }, "geometry": { "type": "Point", "coordinates": [ -80.729191864916203, -1.003494805852608 ] } },
{ "type": "Feature", "properties": { "id": 86686, "lote_id": 66177, "clavecatas": "3-23-50-22-000", "zona": "3", "sector": "23", "manzana": "50", "lote": "22", "ph": "000", "propietari": "PALMA CHICHANDA JOSE ANTONIO", "documentop": "0913275673", "direccion": "URBIRRIOS II MZ-21-C LOTE 22", "area_m2": 144.0, "frente_uti": 8.0, "frente_tot": 0.0, "avaluo_con": 0.0, "avaluo_sue": 5472.0, "zonaurbano": "URBANA", "parroquia": "TARQUI", "esta_bloqu": "NO", "es_tercera": "NO", "tiene_elec": "NO", "tiene_agua": "NO", "tiene_alca": "NO", "observacio": "-INGRESO NUEVO X LOTEO SE DESM. Y CANCELO HASTA EL 2005 CON LA 3270201 INF.AMPARO Q. 06/06/06 Y.C.S.- ACTUALIZACION INF. AMPARO Q. JULIO 14/09 MR SELLO CAMBIO DE NOMBRE CON ESCRITURA DE PROTOCOLIZACION DE DTOS. SOLICITADO POR PROCD. SIND. MPAL CARLOS CHA", "observac_1": null, "barrio": "URBIRRIOS 2", "parroquia_": 5, "barrio_id": 1046, "proceso": 1, "fecha_regi": null, "activo_cat": "SI", "desactivad": 0, "avaluo_rem": 0.0, "avaluo_r_1": 0.0, "clasificac": "GENERAL", "anio_deuda": 2026, "deuda": 8.15, "valor_ip": 0.0, "coactiva": null, "ficharegis": 45658, "etam": 0.0833333333, "diferencia": 4.32e-08, "porc_difer": 3e-10, "admisible": 1, "deuda_anio": 0.0, "Clavepre": "3-23-50-22-000", "ORIG_FID": 87 }, "geometry": { "type": "Point", "coordinates": [ -80.72911299815047, -1.003373760962783 ] } },
{ "type": "Feature", "properties": { "id": 86687, "lote_id": 66178, "clavecatas": "3-23-50-23-000", "zona": "3", "sector": "23", "manzana": "50", "lote": "23", "ph": "000", "propietari": "CEVALLOS TELLO ANGEL GILBERTO", "documentop": "1301599088", "direccion": "SECTOR URBIRIOS II MZ-21-C LOTE 23", "area_m2": 144.0, "frente_uti": 8.0, "frente_tot": 0.0, "avaluo_con": 0.0, "avaluo_sue": 5760.0, "zonaurbano": "URBANA", "parroquia": "TARQUI", "esta_bloqu": "NO", "es_tercera": "SI", "tiene_elec": "NO", "tiene_agua": "NO", "tiene_alca": "NO", "observacio": "-INGRESO NUEVO X LOTEO SE DESM. Y CANCELO HASTA EL 2005 CON LA 3270201 INF.AMPARO Q.06/06/06 Y.C.S.-ACTUALIZACION INF.AMPARO Q.07/14/09 MR INF.PARA CERT.REVIZADO X INSP.FERNANDO NAVARRETE 03-22-17 -SELLO ADJ.CON PROH. DE ENAJ.(S/F)03/31/17 Y.C.S.-", "observac_1": null, "barrio": "URBIRRIOS 2", "parroquia_": 3, "barrio_id": 1046, "proceso": 1, "fecha_regi": null, "activo_cat": "SI", "desactivad": 0, "avaluo_rem": 0.0, "avaluo_r_1": 0.0, "clasificac": "GENERAL", "anio_deuda": 0, "deuda": 0.0, "valor_ip": 0.0, "coactiva": null, "ficharegis": 61657, "etam": 0.0833333333, "diferencia": 8.0000000000000003e-10, "porc_difer": 0.0, "admisible": 1, "deuda_anio": 0.0, "Clavepre": "3-23-50-23-000", "ORIG_FID": 88 }, "geometry": { "type": "Point", "coordinates": [ -80.729073564769507, -1.00331323851774 ] } },
{ "type": "Feature", "properties": { "id": 86689, "lote_id": 66180, "clavecatas": "3-23-50-25-000", "zona": "3", "sector": "23", "manzana": "50", "lote": "25", "ph": "000", "propietari": "PICO ZAMORA LUISA ANA", "documentop": "1312383944", "direccion": "URBIRRIOS II MZ-21-C LOTE 25", "area_m2": 144.0, "frente_uti": 8.0, "frente_tot": 0.0, "avaluo_con": 0.0, "avaluo_sue": 5760.0, "zonaurbano": "URBANA", "parroquia": "MANTA", "esta_bloqu": "NO", "es_tercera": "NO", "tiene_elec": "NO", "tiene_agua": "NO", "tiene_alca": "NO", "observacio": "-INGRESO NUEVO X LOTEO SE DESM. Y CANCELO HASTA EL 2005 CON LA 3270201 INF.AMPARO Q. 06/06/06 Y.C.S.- ACTUALIZACION INF. AMPARO Q. JULIO 14/09 MR\r\n\r\nINF. PARA CERTIF. INGRES. POR AREA DE LEGALIZACION INSP. LUIS LOPEZ, MARZO 24-14 \r\n\r\nSELLO CAMBIO DE NOMB", "observac_1": null, "barrio": "OTRAS AREAS", "parroquia_": 1, "barrio_id": 0, "proceso": 1, "fecha_regi": null, "activo_cat": "SI", "desactivad": 0, "avaluo_rem": 0.0, "avaluo_r_1": 0.0, "clasificac": "DEPURACION CATASTRO", "anio_deuda": 2018, "deuda": 209.58, "valor_ip": 0.0, "coactiva": null, "ficharegis": 45644, "etam": 0.0833333333, "diferencia": 1.45e-08, "porc_difer": 1e-10, "admisible": 1, "deuda_anio": 199.23, "Clavepre": "3-23-50-25-000", "ORIG_FID": 89 }, "geometry": { "type": "Point", "coordinates": [ -80.728994698011462, -1.003192193627289 ] } },
{ "type": "Feature", "properties": { "id": 86690, "lote_id": 66181, "clavecatas": "3-23-50-26-000", "zona": "3", "sector": "23", "manzana": "50", "lote": "26", "ph": "000", "propietari": "MENDOZA MACIAS MARGARITA EMPERATRIZ", "documentop": "1304217472", "direccion": "URBIRRIOS II MZ. 21-C - LOTE 26", "area_m2": 144.0, "frente_uti": 8.0, "frente_tot": 0.0, "avaluo_con": 4939.2, "avaluo_sue": 5760.0, "zonaurbano": "URBANA", "parroquia": "TARQUI", "esta_bloqu": "NO", "es_tercera": "NO", "tiene_elec": "NO", "tiene_agua": "NO", "tiene_alca": "NO", "observacio": "ING. NUEVO X LOTEO SE DESM. Y CANCELO HASTA EL 2005 CON LA 3270201 INF. AMPARO Q. 06/06/06 Y.C.S- ACTU.INF. AQ. 07/14/09 MR- ING.X AREA D LEGALZ. INSP. L. LOPEZ 01/22/14- ING.X L. LOOR REV. M. CAJAPE AGT.04-14 MR.- SELLO PROT. ADJ. GLORIA G. 08/20/14 Y.C", "observac_1": null, "barrio": "OTRAS AREAS", "parroquia_": 3, "barrio_id": 0, "proceso": 1, "fecha_regi": null, "activo_cat": "SI", "desactivad": 0, "avaluo_rem": 0.0, "avaluo_r_1": 0.0, "clasificac": "GENERAL", "anio_deuda": 0, "deuda": 0.0, "valor_ip": 0.0, "coactiva": null, "ficharegis": 47123, "etam": 0.0833333333, "diferencia": 6e-10, "porc_difer": 0.0, "admisible": 1, "deuda_anio": 0.0, "Clavepre": "3-23-50-26-000", "ORIG_FID": 90 }, "geometry": { "type": "Point", "coordinates": [ -80.728955264634351, -1.003131671181899 ] } },
{ "type": "Feature", "properties": { "id": 86693, "lote_id": 66184, "clavecatas": "3-23-50-29-000", "zona": "3", "sector": "23", "manzana": "50", "lote": "29", "ph": "000", "propietari": "SALTOS ROLDAN WILTER VICENTE", "documentop": "1310493158", "direccion": "URBIRRIOS II MZ-21-C LT. 31", "area_m2": 144.0, "frente_uti": 8.0, "frente_tot": 0.0, "avaluo_con": 0.0, "avaluo_sue": 5760.0, "zonaurbano": "URBANA", "parroquia": "TARQUI", "esta_bloqu": "NO", "es_tercera": "NO", "tiene_elec": "SI", "tiene_agua": "NO", "tiene_alca": "NO", "observacio": "-INGRESO NUEVO X LOTEO SE DESM. Y CANCELO HASTA EL 2005 CON LA 3270201 INF.AMPARO Q. 06/06/06 Y.C.S.- ACTUALIZACION INF. AMPARO Q. JULIO 14/09 MR INF. PARA CERTIF. INGRES. POR AREA DE LEGALIZACION INSP. LUIS LOPEZ, FEBRERO 3-14 -SELLO PROT.DE ADJ.DANIEL", "observac_1": null, "barrio": "OTRAS AREAS", "parroquia_": 3, "barrio_id": 0, "proceso": 1, "fecha_regi": null, "activo_cat": "SI", "desactivad": 0, "avaluo_rem": 0.0, "avaluo_r_1": 0.0, "clasificac": "GENERAL", "anio_deuda": 0, "deuda": 0.0, "valor_ip": 0.0, "coactiva": null, "ficharegis": 44875, "etam": 0.0833333333, "diferencia": -4.6e-09, "porc_difer": 0.0, "admisible": 1, "deuda_anio": 0.0, "Clavepre": "3-23-50-29-000", "ORIG_FID": 91 }, "geometry": { "type": "Point", "coordinates": [ -80.728758097767951, -1.002829058953474 ] } },
{ "type": "Feature", "properties": { "id": 86694, "lote_id": 66185, "clavecatas": "3-23-50-30-000", "zona": "3", "sector": "23", "manzana": "50", "lote": "30", "ph": "000", "propietari": "SALTOS ROLDAN FREDDY CELESTINO", "documentop": "1308527066", "direccion": "URBIRIOS II MZ-21-C LOTE 32", "area_m2": 144.0, "frente_uti": 28.0, "frente_tot": 0.0, "avaluo_con": 0.0, "avaluo_sue": 5760.0, "zonaurbano": "URBANA", "parroquia": "TARQUI", "esta_bloqu": "NO", "es_tercera": "NO", "tiene_elec": "SI", "tiene_agua": "NO", "tiene_alca": "NO", "observacio": "-INGRESO NUEVO X LOTEO SE DESM. Y CANCELO HASTA EL 2005 CON LA 3270201 INF.AMPARO Q. 06/06/06 Y.C.S.- ACTUALIZACION INF. AMPARO Q. JULIO 14/09 MR.-SELLO PROTOC.DANIEL S.14/01/14 A.Q.INF. PARA CERTIF. INGRES.X AREA D LEGALIZACION INSP.LUIS LOPEZ FEBRERO 1", "observac_1": null, "barrio": "OTRAS AREAS", "parroquia_": 3, "barrio_id": 0, "proceso": 1, "fecha_regi": null, "activo_cat": "SI", "desactivad": 0, "avaluo_rem": 0.0, "avaluo_r_1": 0.0, "clasificac": "GENERAL", "anio_deuda": 2022, "deuda": 193.42, "valor_ip": 0.0, "coactiva": null, "ficharegis": 44908, "etam": 0.0833333333, "diferencia": -0.1800002177, "porc_difer": -0.0012500015, "admisible": 1, "deuda_anio": 165.46, "Clavepre": "3-23-50-30-000", "ORIG_FID": 92 }, "geometry": { "type": "Point", "coordinates": [ -80.7287186397526, -1.002768498680886 ] } },
{ "type": "Feature", "properties": { "id": 86695, "lote_id": 82382, "clavecatas": "3-23-50-31-000", "zona": "3", "sector": "23", "manzana": "50", "lote": "31", "ph": "000", "propietari": "PICO ZAMORA EDISON FRANCISCO", "documentop": "1309702890", "direccion": "URBIRIOS 2 MANZANA 21-C LOTE 29", "area_m2": 144.0, "frente_uti": 8.0, "frente_tot": 8.0, "avaluo_con": 0.0, "avaluo_sue": 5760.0, "zonaurbano": "URBANA", "parroquia": "TARQUI", "esta_bloqu": "NO", "es_tercera": "NO", "tiene_elec": "SI", "tiene_agua": "NO", "tiene_alca": "NO", "observacio": "INGRESO NUEVO 14/12/2013 PARA LEGALIZAR INF LUIS LOPEZ FM2010\r\nSELLO CAMBIO DE NOMBRE CON ESCRITURA DE PROTOCOLIZACION DE DTOS. SOLICITADO POR PROCD. SIND. MMPAL CARLOSCHAVEZ  CHICVA  INF DANIEL SALDARREAGA, MARZO 26-14 \r\n\r\n", "observac_1": "FM2010 - MEMORANDO 055-DACR-DCR-GADM-15", "barrio": "URBIRRIOS 2", "parroquia_": 5, "barrio_id": 1046, "proceso": 1, "fecha_regi": null, "activo_cat": "SI", "desactivad": 0, "avaluo_rem": 0.0, "avaluo_r_1": 0.0, "clasificac": "GENERAL", "anio_deuda": 2025, "deuda": 25.47, "valor_ip": 0.0, "coactiva": null, "ficharegis": 45554, "etam": 0.0833333333, "diferencia": 3.13e-08, "porc_difer": 2.0000000000000001e-10, "admisible": 1, "deuda_anio": 15.12, "Clavepre": "3-23-50-31-000", "ORIG_FID": 93 }, "geometry": { "type": "Point", "coordinates": [ -80.728836964510663, -1.002950103845139 ] } },
{ "type": "Feature", "properties": { "id": 86697, "lote_id": 107371, "clavecatas": "3-23-50-33-000", "zona": "3", "sector": "23", "manzana": "50", "lote": "33", "ph": "000", "propietari": "RODRIGUEZ CHOEZ LEONELA VANESSA", "documentop": "1312683277", "direccion": "PARTE DEL LOTE 17 DE LA MZ  \"21-C\"  - BARRIO URBIRRIOS 2", "area_m2": 162.0, "frente_uti": 27.0, "frente_tot": 27.0, "avaluo_con": 0.0, "avaluo_sue": 6123.6, "zonaurbano": "URBANA", "parroquia": "TARQUI", "esta_bloqu": "NO", "es_tercera": "NO", "tiene_elec": "NO", "tiene_agua": "NO", "tiene_alca": "NO", "observacio": "SE SUBDIVIDE DE LA CLAVE 3235017000 CON FR: 44942 PROPIEDAD RODRIGUEZ CHOEZ-LEONELA VANESSA (1312683277) Y SE CREA LA CLAVE 3-23-50-33-000 A FAVOR RODRIGUEZ CHOEZ LEONELA VANESSA (1312683277) POR TRAMITE DE SUBDIVISION SU-REG446798. INF. ING. MLZ 30-10-2", "observac_1": null, "barrio": "URBIRRIOS 2", "parroquia_": 3, "barrio_id": 1046, "proceso": 0, "fecha_regi": null, "activo_cat": "SI", "desactivad": 0, "avaluo_rem": 0.0, "avaluo_r_1": 0.0, "clasificac": "GENERAL", "anio_deuda": 2026, "deuda": 1.52, "valor_ip": 0.0, "coactiva": null, "ficharegis": 90755, "etam": 0.0785674201, "diferencia": 0.9535985403, "porc_difer": 0.0058864107, "admisible": 1, "deuda_anio": 0.0, "Clavepre": "3-23-50-33-000", "ORIG_FID": 94 }, "geometry": { "type": "Point", "coordinates": [ -80.729317807858962, -1.003687842894686 ] } },
{ "type": "Feature", "properties": { "id": 86698, "lote_id": 107372, "clavecatas": "3-23-50-34-000", "zona": "3", "sector": "23", "manzana": "50", "lote": "34", "ph": "000", "propietari": "RODRIGUEZ CHOEZ DORYS MARISOL", "documentop": "1316599644", "direccion": "LOTE  #18 Y UNA PARTE DEL LOTE #17  DE LA MZ  \"21-C\"  DEL BARRIO URBIRRIOS 2", "area_m2": 162.0, "frente_uti": 9.0, "frente_tot": 9.0, "avaluo_con": 0.0, "avaluo_sue": 5832.0, "zonaurbano": "URBANA", "parroquia": "TARQUI", "esta_bloqu": "NO", "es_tercera": "NO", "tiene_elec": "NO", "tiene_agua": "NO", "tiene_alca": "NO", "observacio": "SE SUBDIVIDE DE LA CLAVE 3235017000 CON FR: 44942 PROPIEDAD RODRIGUEZ CHOEZ-LEONELA VANESSA (1312683277) Y SE CREA LA CLAVE 3-23-50-34-000 A FAVOR RODRIGUEZ CHOEZ DORYS MARISOL (1316599644) POR TRAMITE DE SUBDIVISION SU-REG446798. INF. ING. MLZ 30-10-202", "observac_1": null, "barrio": "URBIRRIOS 2", "parroquia_": 3, "barrio_id": 1046, "proceso": 0, "fecha_regi": null, "activo_cat": "SI", "desactivad": 0, "avaluo_rem": 0.0, "avaluo_r_1": 0.0, "clasificac": "GENERAL", "anio_deuda": 0, "deuda": 0.0, "valor_ip": 0.0, "coactiva": null, "ficharegis": 90733, "etam": 0.0785674201, "diferencia": -0.953598541, "porc_difer": -0.0058864107, "admisible": 1, "deuda_anio": 0.0, "Clavepre": "3-23-50-34-000", "ORIG_FID": 95 }, "geometry": { "type": "Point", "coordinates": [ -80.72927320977206, -1.003619911516953 ] } },
{ "type": "Feature", "properties": { "id": 86699, "lote_id": 66186, "clavecatas": "3-23-51-01-000", "zona": "3", "sector": "23", "manzana": "51", "lote": "01", "ph": "000", "propietari": "ARTEAGA CHOEZ JUAN CARLOS", "documentop": "1308851607", "direccion": "URBIRRIOS II MZ-10 LOTE 1", "area_m2": 180.0, "frente_uti": 28.0, "frente_tot": 0.0, "avaluo_con": 0.0, "avaluo_sue": 6480.0, "zonaurbano": "URBANA", "parroquia": "TARQUI", "esta_bloqu": "NO", "es_tercera": "NO", "tiene_elec": "SI", "tiene_agua": "SI", "tiene_alca": "NO", "observacio": "-INGRESO NUEVO X LOTEO SE DESM. Y CANCELO HASTA EL 2005 CON LA 3270201 INF.AMPARO Q. 07/03/06 Y.C.S.- C-3018-09* ACTUALIZACION INF. AMPARO Q. JULIO 14/09 MR.-SELLO PROTOC.DANIEL S.14/01/14 A.Q.INF.PARA CERT.INGRES.X AREA DE LEGALIZACION INSP.LUIS LOPEZ 0", "observac_1": null, "barrio": "URBIRRIOS 2", "parroquia_": 3, "barrio_id": 1046, "proceso": 1, "fecha_regi": null, "activo_cat": "SI", "desactivad": 0, "avaluo_rem": 0.0, "avaluo_r_1": 0.0, "clasificac": "GENERAL", "anio_deuda": 2026, "deuda": 29.74, "valor_ip": 0.0, "coactiva": null, "ficharegis": 44406, "etam": 0.0745355992, "diferencia": 2.9724122915, "porc_difer": 0.0165134016, "admisible": 1, "deuda_anio": 0.0, "Clavepre": "3-23-51-01-000", "ORIG_FID": 96 }, "geometry": { "type": "Point", "coordinates": [ -80.728991368088458, -1.000812422494581 ] } },
{ "type": "Feature", "properties": { "id": 86701, "lote_id": 66188, "clavecatas": "3-23-51-03-000", "zona": "3", "sector": "23", "manzana": "51", "lote": "03", "ph": "000", "propietari": "CAICEDO PRECIADO SARA ELIZABETH", "documentop": "0803549518", "direccion": "URBIRRIOS II MZ-10 LOTE 03", "area_m2": 144.0, "frente_uti": 8.0, "frente_tot": 0.0, "avaluo_con": 0.0, "avaluo_sue": 5184.0, "zonaurbano": "URBANA", "parroquia": "TARQUI", "esta_bloqu": "NO", "es_tercera": "NO", "tiene_elec": "NO", "tiene_agua": "NO", "tiene_alca": "NO", "observacio": "ING.NUEVO X LOTEO SE DESM.Y CANCELO HASTA EL 2005 CON LA 3270201 INF.A.Q. 07/03/06 Y.C.S-ACTU.INF.A.Q.07/14/09 MR.-ING.PRA CERT.X AREA D LEGAL.INSP. L.LOPEZ 01/16/14 ING.X M.ESPINALS REV. X M.CAJAPE 07/24/14 MR.-INF.PARA CERT. REVIZADO X MARISOL ARTEAGA", "observac_1": null, "barrio": "OTRAS AREAS", "parroquia_": 3, "barrio_id": 0, "proceso": 1, "fecha_regi": null, "activo_cat": "SI", "desactivad": 0, "avaluo_rem": 0.0, "avaluo_r_1": 0.0, "clasificac": "GENERAL", "anio_deuda": 2024, "deuda": 44.84, "valor_ip": 0.0, "coactiva": null, "ficharegis": 46930, "etam": 0.0833333333, "diferencia": -8.8047160556000001, "porc_difer": -0.0611438615, "admisible": 1, "deuda_anio": 33.87, "Clavepre": "3-23-51-03-000", "ORIG_FID": 97 }, "geometry": { "type": "Point", "coordinates": [ -80.728861004706403, -1.000894526359478 ] } },
{ "type": "Feature", "properties": { "id": 86702, "lote_id": 66189, "clavecatas": "3-23-51-04-000", "zona": "3", "sector": "23", "manzana": "51", "lote": "04", "ph": "000", "propietari": "BARRE ZAMBRANO ERIKA CRISTINA", "documentop": "1312173766", "direccion": "URBIRRIOS II MZ-10 LOTE 4", "area_m2": 144.0, "frente_uti": 8.0, "frente_tot": 0.0, "avaluo_con": 0.0, "avaluo_sue": 5760.0, "zonaurbano": "URBANA", "parroquia": "TARQUI", "esta_bloqu": "NO", "es_tercera": "NO", "tiene_elec": "SI", "tiene_agua": "SI", "tiene_alca": "NO", "observacio": "-INGRESO NUEVO X LOTEO SE DESM. Y CANCELO HASTA EL 2005 CON LA 3270201 INF.AMPARO Q. 07/03/06 Y.C.S.- ACTUALIZACION INF. AMPARO Q. JULIO 14/09 MR INF. PARA CERTIF. INGRES. POR AREA DE LEGALIZACION INSP. LUIS LOPEZ, ENERO 16-14 ING. PARA CERTIF. POR GABRI", "observac_1": null, "barrio": "OTRAS AREAS", "parroquia_": 3, "barrio_id": 0, "proceso": 1, "fecha_regi": null, "activo_cat": "SI", "desactivad": 0, "avaluo_rem": 0.0, "avaluo_r_1": 0.0, "clasificac": "GENERAL", "anio_deuda": 0, "deuda": 0.0, "valor_ip": 0.0, "coactiva": null, "ficharegis": 55182, "etam": 0.0833333333, "diferencia": -9.863171334, "porc_difer": -0.0684942454, "admisible": 1, "deuda_anio": 0.0, "Clavepre": "3-23-51-04-000", "ORIG_FID": 98 }, "geometry": { "type": "Point", "coordinates": [ -80.728798314711725, -1.000938315538395 ] } },
{ "type": "Feature", "properties": { "id": 86703, "lote_id": 66190, "clavecatas": "3-23-51-05-000", "zona": "3", "sector": "23", "manzana": "51", "lote": "05", "ph": "000", "propietari": "MARTINEZ BARBERAN SEGUNDO ELIAS", "documentop": "1306475599", "direccion": "URBIRRIOS II MZ-10 LOTE 5", "area_m2": 144.0, "frente_uti": 8.0, "frente_tot": 0.0, "avaluo_con": 0.0, "avaluo_sue": 5760.0, "zonaurbano": "URBANA", "parroquia": "TARQUI", "esta_bloqu": "NO", "es_tercera": "NO", "tiene_elec": "SI", "tiene_agua": "SI", "tiene_alca": "NO", "observacio": "-INGRESO NUEVO X LOTEO SE DESM. Y CANCELO HASTA EL 2005 CON LA 3270201 INF.AMPARO Q.07/03/06 Y.C.S.- ACTUALIZACION INF.AMPARO Q.07/14/09 MR INF.PARA CERT.INGRES.X AREA DE LEGALIZACION INSP.LUIS LOPEZ 01-16-14 -SELLO PROT.DE ADJ.LUIS L.04/10/14 Y.C.S.-", "observac_1": null, "barrio": "OTRAS AREAS", "parroquia_": 3, "barrio_id": 0, "proceso": 1, "fecha_regi": null, "activo_cat": "SI", "desactivad": 0, "avaluo_rem": 0.0, "avaluo_r_1": 0.0, "clasificac": "GENERAL", "anio_deuda": 2026, "deuda": 11.2, "valor_ip": 0.0, "coactiva": null, "ficharegis": 45826, "etam": 0.0833333333, "diferencia": 1.5248017134, "porc_difer": 0.0105889008, "admisible": 1, "deuda_anio": 0.0, "Clavepre": "3-23-51-05-000", "ORIG_FID": 99 }, "geometry": { "type": "Point", "coordinates": [ -80.728735505395562, -1.000978004175403 ] } },
{ "type": "Feature", "properties": { "id": 86704, "lote_id": 66191, "clavecatas": "3-23-51-06-000", "zona": "3", "sector": "23", "manzana": "51", "lote": "06", "ph": "000", "propietari": "BORBOR MURILLO JOSE GABRIEL", "documentop": "1317729323", "direccion": "URBIRRIOS II MZ-10 LOTE 6", "area_m2": 144.0, "frente_uti": 8.0, "frente_tot": 0.0, "avaluo_con": 568.48, "avaluo_sue": 4665.6, "zonaurbano": "URBANA", "parroquia": "TARQUI", "esta_bloqu": "NO", "es_tercera": "NO", "tiene_elec": "SI", "tiene_agua": "SI", "tiene_alca": "NO", "observacio": "INGRESO NUEVO X LOTEO SE DESM. Y CANCELO HASTA EL 2005 CON LA 3270201 INF.AMPARO Q. 07/03/06 Y.C.S.- ACTUALIZACION INF. AMPARO Q. 07/14/09 MR.- INF. PARA CERTIF. INGRES. X AREA DE LEGALIZACION INSP. LUIS LOPEZ, 01/16/14. -SELLO PROT.DE ADJ.DANIEL S.02/20", "observac_1": null, "barrio": "URBIRRIOS 2", "parroquia_": 3, "barrio_id": 1046, "proceso": 1, "fecha_regi": null, "activo_cat": "SI", "desactivad": 0, "avaluo_rem": 0.0, "avaluo_r_1": 0.0, "clasificac": "GENERAL", "anio_deuda": 0, "deuda": 0.0, "valor_ip": 0.0, "coactiva": null, "ficharegis": 44913, "etam": 0.0833333333, "diferencia": 5.108195192, "porc_difer": 0.0354735777, "admisible": 1, "deuda_anio": 0.0, "Clavepre": "3-23-51-06-000", "ORIG_FID": 100 }, "geometry": { "type": "Point", "coordinates": [ -80.72867528093316, -1.001015062817413 ] } },
{ "type": "Feature", "properties": { "id": 86705, "lote_id": 66192, "clavecatas": "3-23-51-07-000", "zona": "3", "sector": "23", "manzana": "51", "lote": "07", "ph": "000", "propietari": "MACIAS ZAMBRANO FAVIO SANTO", "documentop": "1309700845", "direccion": "URBIRRIOS II MZ-10 LOTE 7", "area_m2": 144.0, "frente_uti": 8.0, "frente_tot": 0.0, "avaluo_con": 0.0, "avaluo_sue": 5760.0, "zonaurbano": "URBANA", "parroquia": "TARQUI", "esta_bloqu": "NO", "es_tercera": "NO", "tiene_elec": "SI", "tiene_agua": "SI", "tiene_alca": "NO", "observacio": "-INGRESO NUEVO X LOTEO SE DESM. Y CANCELO HASTA EL 2005 CON LA 3270201 INF.AMPARO Q. 07/03/06 Y.C.S.- ACTUALIZACION INF. AMPARO Q. JULIO 14/09 MR INF. PARA CERTIF. INGRES. POR AREA DE LEGALIZACION INSP. LUIS LOPEZ, ENERO 16-14 -SELLO PROT.DE ADJ.DANIEL S", "observac_1": null, "barrio": "OTRAS AREAS", "parroquia_": 3, "barrio_id": 0, "proceso": 1, "fecha_regi": null, "activo_cat": "SI", "desactivad": 0, "avaluo_rem": 0.0, "avaluo_r_1": 0.0, "clasificac": "GENERAL", "anio_deuda": 0, "deuda": 0.0, "valor_ip": 0.0, "coactiva": null, "ficharegis": 44438, "etam": 0.0833333333, "diferencia": 1.4300743219000001, "porc_difer": 0.0099310717, "admisible": 1, "deuda_anio": 0.0, "Clavepre": "3-23-51-07-000", "ORIG_FID": 101 }, "geometry": { "type": "Point", "coordinates": [ -80.728615877228236, -1.001053749559117 ] } },
{ "type": "Feature", "properties": { "id": 86706, "lote_id": 66193, "clavecatas": "3-23-51-08-000", "zona": "3", "sector": "23", "manzana": "51", "lote": "08", "ph": "000", "propietari": "JUNCO PIEDRAHITA ISABEL MARIA", "documentop": "1204132748", "direccion": "URBIRRIOS II MZ-10 LOTE 8", "area_m2": 144.0, "frente_uti": 8.0, "frente_tot": 0.0, "avaluo_con": 0.0, "avaluo_sue": 5760.0, "zonaurbano": "URBANA", "parroquia": "MANTA", "esta_bloqu": "NO", "es_tercera": "NO", "tiene_elec": "SI", "tiene_agua": "SI", "tiene_alca": "NO", "observacio": "-INGRESO NUEVO X LOTEO SE DESM. Y CANCELO HASTA EL 2005 CON LA 3270201 INF.AMPARO Q. 07/03/06 Y.C.S.- ACTUALIZACION INF. AMPARO Q. JULIO 14/09 MR\r\nINF. PARA CERTIF. INGRES. POR AREA DE LEGALIZACION INSP. LUIS LOPEZ, ENERO 16-14 \r\n\r\nSELLO CAMBIO DE NOMBRE", "observac_1": null, "barrio": "OTRAS AREAS", "parroquia_": 1, "barrio_id": 0, "proceso": 1, "fecha_regi": null, "activo_cat": "SI", "desactivad": 0, "avaluo_rem": 0.0, "avaluo_r_1": 0.0, "clasificac": "DEPURACION CATASTRO", "anio_deuda": 2026, "deuda": 11.2, "valor_ip": 0.0, "coactiva": null, "ficharegis": 45594, "etam": 0.0833333333, "diferencia": -4.9455879222999997, "porc_difer": -0.0343443606, "admisible": 1, "deuda_anio": 0.0, "Clavepre": "3-23-51-08-000", "ORIG_FID": 102 }, "geometry": { "type": "Point", "coordinates": [ -80.728554255949987, -1.0010934695379 ] } },
{ "type": "Feature", "properties": { "id": 86707, "lote_id": 66194, "clavecatas": "3-23-51-09-000", "zona": "3", "sector": "23", "manzana": "51", "lote": "09", "ph": "000", "propietari": "TRUJILLO ALCIVAR CINTHIA VANESSA", "documentop": "1311519605", "direccion": "URBIRRIOS II MZ-10 LOTE 9", "area_m2": 144.0, "frente_uti": 8.0, "frente_tot": 0.0, "avaluo_con": 0.0, "avaluo_sue": 4665.6, "zonaurbano": "URBANA", "parroquia": "TARQUI", "esta_bloqu": "NO", "es_tercera": "NO", "tiene_elec": "SI", "tiene_agua": "SI", "tiene_alca": "NO", "observacio": "-INGRESO NUEVO X LOTEO SE DESM. Y CANCELO HASTA EL 2005 CON LA 3270201 INF.AMPARO Q. 07/03/06 Y.C.S.- ACTUALIZACION INF. AMPARO Q. JULIO 14/09 MR INF. PARA CERTIF. INGRES. POR AREA DE LEGALIZACION INSP. LUIS LOPEZ, ENERO 16-14 CERTIFICADO DE AVALÚOS\r\nIN", "observac_1": null, "barrio": "URBIRRIOS 2", "parroquia_": 3, "barrio_id": 1046, "proceso": 1, "fecha_regi": null, "activo_cat": "SI", "desactivad": 0, "avaluo_rem": 0.0, "avaluo_r_1": 0.0, "clasificac": "GENERAL", "anio_deuda": 2026, "deuda": 10.81, "valor_ip": 0.0, "coactiva": null, "ficharegis": 62915, "etam": 0.0833333333, "diferencia": 5.5748049615, "porc_difer": 0.0387139233, "admisible": 1, "deuda_anio": 0.0, "Clavepre": "3-23-51-09-000", "ORIG_FID": 103 }, "geometry": { "type": "Point", "coordinates": [ -80.728494219331353, -1.001133066497068 ] } },
{ "type": "Feature", "properties": { "id": 86708, "lote_id": 66195, "clavecatas": "3-23-51-10-000", "zona": "3", "sector": "23", "manzana": "51", "lote": "10", "ph": "000", "propietari": "TRUJILLO ALCIVAR CINTHIA VANESSA", "documentop": "1311519605", "direccion": "URBIRRIOS II MZ-10 LOTE 10", "area_m2": 144.0, "frente_uti": 8.0, "frente_tot": 0.0, "avaluo_con": 0.0, "avaluo_sue": 5760.0, "zonaurbano": "URBANA", "parroquia": "MANTA", "esta_bloqu": "NO", "es_tercera": "NO", "tiene_elec": "SI", "tiene_agua": "SI", "tiene_alca": "NO", "observacio": "-INGRESO NUEVO X LOTEO SE DESM. Y CANCELO HASTA EL 2005 CON LA 3270201 INF.AMPARO Q. 07/03/06 Y.C.S.- ACTUALIZACION INF. AMPARO Q. JULIO 14/09 MR INF. PARA CERTIF. INGRES. POR AREA DE LEGALIZACION INSP. LUIS LOPEZ, ENERO 16-14  SELLO CAMBIO DE NOMBRE CON", "observac_1": null, "barrio": "OTRAS AREAS", "parroquia_": 1, "barrio_id": 0, "proceso": 1, "fecha_regi": null, "activo_cat": "SI", "desactivad": 0, "avaluo_rem": 0.0, "avaluo_r_1": 0.0, "clasificac": "DEPURACION CATASTRO", "anio_deuda": 2026, "deuda": 11.2, "valor_ip": 0.0, "coactiva": null, "ficharegis": 45713, "etam": 0.0833333333, "diferencia": -3.0200005771999998, "porc_difer": -0.0209722262, "admisible": 1, "deuda_anio": 0.0, "Clavepre": "3-23-51-10-000", "ORIG_FID": 104 }, "geometry": { "type": "Point", "coordinates": [ -80.72843465167324, -1.001171748467101 ] } },
{ "type": "Feature", "properties": { "id": 86710, "lote_id": 66197, "clavecatas": "3-23-51-12-000", "zona": "3", "sector": "23", "manzana": "51", "lote": "12", "ph": "000", "propietari": "BARRETO ARTEAGA MARIA AUXILIADORA", "documentop": "1306211267", "direccion": "URBIRRIOS II MZ-10 LOTE 12", "area_m2": 144.0, "frente_uti": 8.0, "frente_tot": 0.0, "avaluo_con": 0.0, "avaluo_sue": 5760.0, "zonaurbano": "URBANA", "parroquia": "TARQUI", "esta_bloqu": "NO", "es_tercera": "SI", "tiene_elec": "SI", "tiene_agua": "SI", "tiene_alca": "NO", "observacio": "-INGRESO NUEVO X LOTEO SE DESM. Y CANCELO HASTA EL 2005 CON LA 3270201 INF.AMPARO Q. 07/03/06 Y.C.S.- ACTUALIZACION INF. AMPARO Q. JULIO 14/09 MR INF. PARA CERTIF. INGRES. POR AREA DE LEGALIZACION INSP. LUIS LOPEZ, ENERO 16-14 -SELLO PROT.DE ADJ.DANIEL S", "observac_1": null, "barrio": "OTRAS AREAS", "parroquia_": 3, "barrio_id": 0, "proceso": 1, "fecha_regi": null, "activo_cat": "SI", "desactivad": 0, "avaluo_rem": 0.0, "avaluo_r_1": 0.0, "clasificac": "GENERAL", "anio_deuda": 2026, "deuda": 8.57, "valor_ip": 0.0, "coactiva": null, "ficharegis": 44281, "etam": 0.0833333333, "diferencia": -2.7546522603, "porc_difer": -0.0191295296, "admisible": 1, "deuda_anio": 0.0, "Clavepre": "3-23-51-12-000", "ORIG_FID": 105 }, "geometry": { "type": "Point", "coordinates": [ -80.728314417406722, -1.001251960405078 ] } },
{ "type": "Feature", "properties": { "id": 86711, "lote_id": 66198, "clavecatas": "3-23-51-13-000", "zona": "3", "sector": "23", "manzana": "51", "lote": "13", "ph": "000", "propietari": "CORDOVA PEÑARRIETA MARLON ALEXIS", "documentop": "1309849063", "direccion": "URBIRRIOS II MZ-10 LOTE 13", "area_m2": 144.0, "frente_uti": 8.0, "frente_tot": 0.0, "avaluo_con": 0.0, "avaluo_sue": 5760.0, "zonaurbano": "URBANA", "parroquia": "TARQUI", "esta_bloqu": "NO", "es_tercera": "NO", "tiene_elec": "SI", "tiene_agua": "SI", "tiene_alca": "NO", "observacio": "-INGRESO NUEVO X LOTEO SE DESM. Y CANCELO HASTA EL 2005 CON LA 3270201 INF.AMPARO Q.07/03/06 Y.C.S.- ACTUALIZACION INF. AMPARO Q. JULIO 14/09 MR INF.PARA CERT.INGRES.X AREA DE LEGALIZACION INSP. LUIS LOPEZ, 01-16-14 -SELLO PROT.DE ADJ.DANIEL S.02/20/14 Y", "observac_1": null, "barrio": "OTRAS AREAS", "parroquia_": 3, "barrio_id": 0, "proceso": 1, "fecha_regi": null, "activo_cat": "SI", "desactivad": 0, "avaluo_rem": 0.0, "avaluo_r_1": 0.0, "clasificac": "GENERAL", "anio_deuda": 2024, "deuda": 45.58, "valor_ip": 0.0, "coactiva": null, "ficharegis": 44910, "etam": 0.0833333333, "diferencia": -5.9423746343000001, "porc_difer": -0.0412664905, "admisible": 1, "deuda_anio": 34.38, "Clavepre": "3-23-51-13-000", "ORIG_FID": 106 }, "geometry": { "type": "Point", "coordinates": [ -80.728253230328406, -1.001290995384782 ] } },
{ "type": "Feature", "properties": { "id": 86712, "lote_id": 66199, "clavecatas": "3-23-51-14-000", "zona": "3", "sector": "23", "manzana": "51", "lote": "14", "ph": "000", "propietari": "DELGADO BRAVO DELIA NARCISA", "documentop": "1308001096", "direccion": "URBIRRIOS II MZ-10 LOTE 14", "area_m2": 144.0, "frente_uti": 8.0, "frente_tot": 0.0, "avaluo_con": 0.0, "avaluo_sue": 5760.0, "zonaurbano": "URBANA", "parroquia": "TARQUI", "esta_bloqu": "NO", "es_tercera": "NO", "tiene_elec": "SI", "tiene_agua": "SI", "tiene_alca": "NO", "observacio": "-INGRESO NUEVO X LOTEO SE DESM. Y CANCELO HASTA EL 2005 CON LA 3270201 INF.AMPARO Q. 07/03/06 Y.C.S.- ACTUALIZACION INF. AMPARO Q. JULIO 14/09 MR INF. PARA CERTIF. INGRES. POR AREA DE LEGALIZACION INSP. LUIS LOPEZ, ENERO 16-14 -SELLO PROT.DE ADJ.LUIS L.", "observac_1": "- Verif. Sis. por favor no desbloquear hasta confirmar en sistemas", "barrio": "OTRAS AREAS", "parroquia_": 3, "barrio_id": 0, "proceso": 1, "fecha_regi": null, "activo_cat": "SI", "desactivad": 0, "avaluo_rem": 0.0, "avaluo_r_1": 0.0, "clasificac": "GENERAL", "anio_deuda": 2017, "deuda": 238.73, "valor_ip": 0.0, "coactiva": null, "ficharegis": 44453, "etam": 0.0833333333, "diferencia": 1.7920487479, "porc_difer": 0.012444783, "admisible": 1, "deuda_anio": 227.53, "Clavepre": "3-23-51-14-000", "ORIG_FID": 107 }, "geometry": { "type": "Point", "coordinates": [ -80.728193803547157, -1.001329983551422 ] } },
{ "type": "Feature", "properties": { "id": 86713, "lote_id": 66200, "clavecatas": "3-23-51-15-000", "zona": "3", "sector": "23", "manzana": "51", "lote": "15", "ph": "000", "propietari": "COVEÑA PALMA YESICA MARIELA", "documentop": "1310257595", "direccion": "URBIRRIOS II MZ-10 LOTE 15", "area_m2": 180.0, "frente_uti": 28.0, "frente_tot": 0.0, "avaluo_con": 0.0, "avaluo_sue": 7200.0, "zonaurbano": "URBANA", "parroquia": "TARQUI", "esta_bloqu": "NO", "es_tercera": "NO", "tiene_elec": "SI", "tiene_agua": "SI", "tiene_alca": "NO", "observacio": "ING.NUEVO X LOTEO SE DESM. Y CANCELO HASTA EL 2005 CON LA 3270201 INF.AMPARO Q. 07/03/06 Y.C.S.-ACTUALIZACION INF.AMPARO Q. JULIO 14/09 MR INF.PARA CERTIF.\r\nINGRES. POR AREA DE LEGALIZACION INSP.LUIS LOPEZ, ENERO 16-14.-SELLO ADJ.GLORIA G.30/04/15 A.Q. \r", "observac_1": null, "barrio": "OTRAS AREAS", "parroquia_": 3, "barrio_id": 0, "proceso": 1, "fecha_regi": null, "activo_cat": "SI", "desactivad": 0, "avaluo_rem": 0.0, "avaluo_r_1": 0.0, "clasificac": "GENERAL", "anio_deuda": 0, "deuda": 0.0, "valor_ip": 0.0, "coactiva": null, "ficharegis": 49879, "etam": 0.0745355992, "diferencia": -21.9172397293, "porc_difer": -0.1217624429, "admisible": 0, "deuda_anio": 0.0, "Clavepre": "3-23-51-15-000", "ORIG_FID": 108 }, "geometry": { "type": "Point", "coordinates": [ -80.728123934978711, -1.001375156474161 ] } },
{ "type": "Feature", "properties": { "id": 86714, "lote_id": 66201, "clavecatas": "3-23-51-16-000", "zona": "3", "sector": "23", "manzana": "51", "lote": "16", "ph": "000", "propietari": "BORJA DE LA PAZ JOSE RAFAEL", "documentop": "0904541224", "direccion": "URBIRRIOS II MZ-10 LOTE 16", "area_m2": 180.0, "frente_uti": 28.0, "frente_tot": 0.0, "avaluo_con": 0.0, "avaluo_sue": 7560.0, "zonaurbano": "URBANA", "parroquia": "MANTA", "esta_bloqu": "NO", "es_tercera": "SI", "tiene_elec": "SI", "tiene_agua": "SI", "tiene_alca": "NO", "observacio": "-INGRESO NUEVO X LOTEO SE DESM. Y CANCELO HASTA EL 2005 CON LA 3270201 INF.AMPARO Q. 07/03/06 Y.C.S.- ACTUALIZACION INF. AMPARO Q. JULIO 14/09 MR\r\nINF. PARA CERTIF. INGRES. POR AREA DE LEGALIZACION INSP. LUIS LOPEZ, ENERO 16-14 \r\n\r\nSELLO CAMBIO DE NOMBRE", "observac_1": null, "barrio": "OTRAS AREAS", "parroquia_": 1, "barrio_id": 0, "proceso": 1, "fecha_regi": null, "activo_cat": "SI", "desactivad": 0, "avaluo_rem": 0.0, "avaluo_r_1": 0.0, "clasificac": "DEPURACION CATASTRO", "anio_deuda": 2024, "deuda": 113.23, "valor_ip": 0.0, "coactiva": null, "ficharegis": 45660, "etam": 0.0745355992, "diferencia": -20.6550892532, "porc_difer": -0.1147504959, "admisible": 0, "deuda_anio": 90.83, "Clavepre": "3-23-51-16-000", "ORIG_FID": 109 }, "geometry": { "type": "Point", "coordinates": [ -80.728033042185672, -1.001235499136084 ] } },
{ "type": "Feature", "properties": { "id": 86715, "lote_id": 66202, "clavecatas": "3-23-51-17-000", "zona": "3", "sector": "23", "manzana": "51", "lote": "17", "ph": "000", "propietari": "ORDOÑEZ PALMA NILECTA AMALFI", "documentop": "0911057313", "direccion": "URBIRRIOS II MZ-10 LOTE 17", "area_m2": 144.0, "frente_uti": 8.0, "frente_tot": 0.0, "avaluo_con": 0.0, "avaluo_sue": 5760.0, "zonaurbano": "URBANA", "parroquia": "TARQUI", "esta_bloqu": "NO", "es_tercera": "NO", "tiene_elec": "SI", "tiene_agua": "SI", "tiene_alca": "NO", "observacio": "-INGRESO NUEVO X LOTEO SE DESM.Y CANCELO HASTA EL 2005 CON LA 3270201 INF.AMPARO Q.07/03/06 Y.C.S.-ACTUALIZACION INF.AMPARO Q.07/14/09 MR INF.PARA CERT.INGRES.X AREA DE LEGALIZACION INSP.LUIS LOPEZ 01-16-14-SELLO PROT.DE ADJ,CON PROH.DE ENAJ.(S/F)08/05/1", "observac_1": null, "barrio": "OTRAS AREAS", "parroquia_": 3, "barrio_id": 0, "proceso": 1, "fecha_regi": null, "activo_cat": "SI", "desactivad": 0, "avaluo_rem": 0.0, "avaluo_r_1": 0.0, "clasificac": "GENERAL", "anio_deuda": 2026, "deuda": 10.35, "valor_ip": 0.0, "coactiva": null, "ficharegis": 55947, "etam": 0.0833333333, "diferencia": -0.0384820864, "porc_difer": -0.0002672367, "admisible": 1, "deuda_anio": 0.0, "Clavepre": "3-23-51-17-000", "ORIG_FID": 110 }, "geometry": { "type": "Point", "coordinates": [ -80.728103457943504, -1.001189011631049 ] } },
{ "type": "Feature", "properties": { "id": 86726, "lote_id": 66213, "clavecatas": "3-23-51-28-000", "zona": "3", "sector": "23", "manzana": "51", "lote": "28", "ph": "000", "propietari": "ZAMBRANO MERA FREDY ULPIANO", "documentop": "1305140137", "direccion": "URBIRRIOS II MZ-10 LOTE 28", "area_m2": 144.0, "frente_uti": 8.0, "frente_tot": 0.0, "avaluo_con": 0.0, "avaluo_sue": 5760.0, "zonaurbano": "URBANA", "parroquia": "TARQUI", "esta_bloqu": "NO", "es_tercera": "NO", "tiene_elec": "SI", "tiene_agua": "SI", "tiene_alca": "NO", "observacio": "-INGRESO NUEVO X LOTEO SE DESM. Y CANCELO HASTA EL 2005 CON LA 3270201 INF.AMPARO Q. 07/03/06 Y.C.S.-ACTUALIZACION INF.AMPARO Q.07/14/09 MR INF.PARA CERT.INGRES.X AREA DE LEGALIZACION INSP.LUIS LOPEZ,ENERO 16-14-SELLO PROT.DE ADJ.FERNANDO N. 01/29/14 Y.C", "observac_1": null, "barrio": "OTRAS AREAS", "parroquia_": 3, "barrio_id": 0, "proceso": 1, "fecha_regi": null, "activo_cat": "SI", "desactivad": 0, "avaluo_rem": 0.0, "avaluo_r_1": 0.0, "clasificac": "GENERAL", "anio_deuda": 0, "deuda": 0.0, "valor_ip": 0.0, "coactiva": null, "ficharegis": 44389, "etam": 0.0833333333, "diferencia": -11.6688255974, "porc_difer": -0.0810335111, "admisible": 1, "deuda_anio": 0.0, "Clavepre": "3-23-51-28-000", "ORIG_FID": 111 }, "geometry": { "type": "Point", "coordinates": [ -80.728770726565017, -1.000760883856797 ] } },
{ "type": "Feature", "properties": { "id": 86716, "lote_id": 66203, "clavecatas": "3-23-51-18-000", "zona": "3", "sector": "23", "manzana": "51", "lote": "18", "ph": "000", "propietari": "CASTRO CEDEÑO RAUL ALEXANDER", "documentop": "1309112256", "direccion": "URBIRRIOS II MZ-10 LOTE 18", "area_m2": 144.0, "frente_uti": 8.0, "frente_tot": 0.0, "avaluo_con": 12880.0, "avaluo_sue": 5760.0, "zonaurbano": "URBANA", "parroquia": "TARQUI", "esta_bloqu": "NO", "es_tercera": "NO", "tiene_elec": "SI", "tiene_agua": "SI", "tiene_alca": "NO", "observacio": "-INGRESO NUEVO X LOTEO SE DESM. Y CANCELO HASTA EL 2005 CON LA 3270201 INF.AMPARO Q. 07/03/06 Y.C.S.- ACTUALIZACION INF. AMPARO Q. JULIO 14/09 MR\r\nINF. PARA CERTIF. INGRES. POR AREA DE LEGALIZACION INSP. LUIS LOPEZ, ENERO 16-14 \r\nCAMBIO DE NOMBRE CON ESC", "observac_1": null, "barrio": "OTRAS AREAS", "parroquia_": 3, "barrio_id": 0, "proceso": 1, "fecha_regi": null, "activo_cat": "SI", "desactivad": 0, "avaluo_rem": 0.0, "avaluo_r_1": 0.0, "clasificac": "GENERAL", "anio_deuda": 0, "deuda": 0.0, "valor_ip": 0.0, "coactiva": null, "ficharegis": 45581, "etam": 0.0833333333, "diferencia": -4.3818677585000003, "porc_difer": -0.0304296372, "admisible": 1, "deuda_anio": 0.0, "Clavepre": "3-23-51-18-000", "ORIG_FID": 112 }, "geometry": { "type": "Point", "coordinates": [ -80.728164047371237, -1.00115086264455 ] } },
{ "type": "Feature", "properties": { "id": 86717, "lote_id": 66204, "clavecatas": "3-23-51-19-000", "zona": "3", "sector": "23", "manzana": "51", "lote": "19", "ph": "000", "propietari": "VINCES MEDRANDA WILMER LEITON", "documentop": "1309848743", "direccion": "URBIRRIOS II MZ-10 LOTE 19", "area_m2": 144.0, "frente_uti": 8.0, "frente_tot": 0.0, "avaluo_con": 0.0, "avaluo_sue": 5760.0, "zonaurbano": "URBANA", "parroquia": "TARQUI", "esta_bloqu": "NO", "es_tercera": "NO", "tiene_elec": "SI", "tiene_agua": "SI", "tiene_alca": "NO", "observacio": "-INGRESO NUEVO X LOTEO SE DESM. Y CANCELO HASTA EL 2005 CON LA 3270201 INF.AMPARO Q. 07/03/06 Y.C.S.- ACTUALIZACION INF. AMPARO Q. JULIO 14/09 MR INF. PARA CERTIFICADO REVIZADO, POR DIRECTOR CPA. JCM., INSP. SR. FERNANDO NAVARRETE, REVZ. POR LCDA MARIA M", "observac_1": null, "barrio": "OTRAS AREAS", "parroquia_": 3, "barrio_id": 0, "proceso": 1, "fecha_regi": null, "activo_cat": "SI", "desactivad": 0, "avaluo_rem": 0.0, "avaluo_r_1": 0.0, "clasificac": "GENERAL", "anio_deuda": 0, "deuda": 0.0, "valor_ip": 0.0, "coactiva": null, "ficharegis": 62874, "etam": 0.0833333333, "diferencia": -0.8280959673, "porc_difer": -0.0057506664, "admisible": 1, "deuda_anio": 0.0, "Clavepre": "3-23-51-19-000", "ORIG_FID": 113 }, "geometry": { "type": "Point", "coordinates": [ -80.728223984952422, -1.001111348323082 ] } },
{ "type": "Feature", "properties": { "id": 86718, "lote_id": 66205, "clavecatas": "3-23-51-20-000", "zona": "3", "sector": "23", "manzana": "51", "lote": "20", "ph": "000", "propietari": "VINCES MEDRANDA BERLY GALINDO", "documentop": "1307371813", "direccion": "URBIRRIOS II MZ-10 LOTE 20", "area_m2": 144.0, "frente_uti": 8.0, "frente_tot": 0.0, "avaluo_con": 0.0, "avaluo_sue": 5760.0, "zonaurbano": "URBANA", "parroquia": "TARQUI", "esta_bloqu": "NO", "es_tercera": "NO", "tiene_elec": "SI", "tiene_agua": "SI", "tiene_alca": "NO", "observacio": "-INGRESO NUEVO X LOTEO SE DESM. Y CANCELO HASTA EL 2005 CON LA 3270201 INF.AMPARO Q. 07/03/06 Y.C.S.- ACTUALIZACION INF. AMPARO Q. JULIO 14/09 MR INF. PARA CERTIF. INGRES. POR AREA DE LEGALIZACION INSP. LUIS LOPEZ, ENERO 16-14 INF. PARA CERTIFICADO INGRE", "observac_1": null, "barrio": "OTRAS AREAS", "parroquia_": 3, "barrio_id": 0, "proceso": 1, "fecha_regi": null, "activo_cat": "SI", "desactivad": 0, "avaluo_rem": 0.0, "avaluo_r_1": 0.0, "clasificac": "GENERAL", "anio_deuda": 2026, "deuda": 11.2, "valor_ip": 0.0, "coactiva": null, "ficharegis": 68694, "etam": 0.0833333333, "diferencia": -3.1097551485000001, "porc_difer": -0.0215955219, "admisible": 1, "deuda_anio": 0.0, "Clavepre": "3-23-51-20-000", "ORIG_FID": 114 }, "geometry": { "type": "Point", "coordinates": [ -80.728284267049659, -1.001072931730186 ] } },
{ "type": "Feature", "properties": { "id": 86719, "lote_id": 66206, "clavecatas": "3-23-51-21-000", "zona": "3", "sector": "23", "manzana": "51", "lote": "21", "ph": "000", "propietari": "MEZA INTRIAGO SANTA TERESITA DEL NIÑO JESUS", "documentop": "1303124869", "direccion": "URBIRRIOS II MZ-10 LOTE 21", "area_m2": 144.0, "frente_uti": 8.0, "frente_tot": 0.0, "avaluo_con": 0.0, "avaluo_sue": 5184.0, "zonaurbano": "URBANA", "parroquia": "TARQUI", "esta_bloqu": "NO", "es_tercera": "SI", "tiene_elec": "SI", "tiene_agua": "SI", "tiene_alca": "NO", "observacio": "-INGRESO NUEVO X LOTEO SE DESM. Y CANCELO HASTA EL 2005 CON LA 3270201 INF.AMPARO Q. 07/03/06 Y.C.S.- ACTUALIZACION INF. AMPARO Q. JULIO 14/09 MR INF. PARA CERTIF. INGRES. POR AREA DE LEGALIZACION INSP. LUIS LOPEZ, ENERO 16-14 -SELLO PROT.DE ADJ.DANIEL S", "observac_1": null, "barrio": "OTRAS AREAS", "parroquia_": 3, "barrio_id": 0, "proceso": 1, "fecha_regi": null, "activo_cat": "SI", "desactivad": 0, "avaluo_rem": 0.0, "avaluo_r_1": 0.0, "clasificac": "GENERAL", "anio_deuda": 0, "deuda": 0.0, "valor_ip": 0.0, "coactiva": null, "ficharegis": 44344, "etam": 0.0833333333, "diferencia": -4.9679181383, "porc_difer": -0.0344994315, "admisible": 1, "deuda_anio": 0.0, "Clavepre": "3-23-51-21-000", "ORIG_FID": 115 }, "geometry": { "type": "Point", "coordinates": [ -80.728345356290134, -1.001033886300061 ] } },
{ "type": "Feature", "properties": { "id": 86720, "lote_id": 66207, "clavecatas": "3-23-51-22-000", "zona": "3", "sector": "23", "manzana": "51", "lote": "22", "ph": "000", "propietari": "RODRIGUEZ DE LA CRUZ ELA MARIA", "documentop": "1308961604", "direccion": "URBIRIOS II MZ-10 LOTE 22", "area_m2": 144.0, "frente_uti": 8.0, "frente_tot": 0.0, "avaluo_con": 0.0, "avaluo_sue": 5760.0, "zonaurbano": "URBANA", "parroquia": "TARQUI", "esta_bloqu": "NO", "es_tercera": "NO", "tiene_elec": "SI", "tiene_agua": "SI", "tiene_alca": "NO", "observacio": "INGRESO NUEVO X LOTEO SE DESM. Y CANCELO HASTA EL 2005 CON LA 3270201 INF.AMPARO Q. 07/03/06 Y.C.S.- ACTUALIZACION INF. AMPARO Q. 07/14/09 MR.- INF. PARA CERTIF. INGRES. X AREA DE LEGALIZACION INSP. LUIS LOPEZ, 01/16/14.- -SELLO PROT.DE ADJ.DANIEL S.03/1", "observac_1": null, "barrio": "OTRAS AREAS", "parroquia_": 3, "barrio_id": 0, "proceso": 1, "fecha_regi": null, "activo_cat": "SI", "desactivad": 0, "avaluo_rem": 0.0, "avaluo_r_1": 0.0, "clasificac": "GENERAL", "anio_deuda": 2026, "deuda": 11.2, "valor_ip": 0.0, "coactiva": null, "ficharegis": 45445, "etam": 0.0833333333, "diferencia": -0.1994068856, "porc_difer": -0.00138477, "admisible": 1, "deuda_anio": 0.0, "Clavepre": "3-23-51-22-000", "ORIG_FID": 116 }, "geometry": { "type": "Point", "coordinates": [ -80.728405177272975, -1.000994174032905 ] } },
{ "type": "Feature", "properties": { "id": 86725, "lote_id": 66212, "clavecatas": "3-23-51-27-000", "zona": "3", "sector": "23", "manzana": "51", "lote": "27", "ph": "000", "propietari": "BOZADA CHAVEZ CARMEN DEL ROCIO", "documentop": "1311348658", "direccion": "URBIRRIOS II MZ-10 LOTE 27", "area_m2": 144.0, "frente_uti": 8.0, "frente_tot": 0.0, "avaluo_con": 0.0, "avaluo_sue": 5760.0, "zonaurbano": "URBANA", "parroquia": "TARQUI", "esta_bloqu": "NO", "es_tercera": "NO", "tiene_elec": "SI", "tiene_agua": "SI", "tiene_alca": "NO", "observacio": "-INGRESO NUEVO X LOTEO SE DESM. Y CANCELO HASTA EL 2005 CON LA 3270201 INF.AMPARO Q. 07/03/06 Y.C.S.- ACTUALIZACION INF. AMPARO Q. JULIO 14/09 MR INF.PARA CERTIF. INGRES. POR AREA DE LEGALIZACION INSP. LUIS LOPEZ 01-16-14 -SELLO PROT.DE ADJ.DANIEL S.03/2", "observac_1": null, "barrio": "OTRAS AREAS", "parroquia_": 3, "barrio_id": 0, "proceso": 1, "fecha_regi": null, "activo_cat": "SI", "desactivad": 0, "avaluo_rem": 0.0, "avaluo_r_1": 0.0, "clasificac": "GENERAL", "anio_deuda": 0, "deuda": 0.0, "valor_ip": 0.0, "coactiva": null, "ficharegis": 45593, "etam": 0.0833333333, "diferencia": -3.0119024876, "porc_difer": -0.0209159895, "admisible": 1, "deuda_anio": 0.0, "Clavepre": "3-23-51-27-000", "ORIG_FID": 117 }, "geometry": { "type": "Point", "coordinates": [ -80.728707327929143, -1.000800333108767 ] } },
{ "type": "Feature", "properties": { "id": 86727, "lote_id": 66214, "clavecatas": "3-23-51-29-000", "zona": "3", "sector": "23", "manzana": "51", "lote": "29", "ph": "000", "propietari": "DELGADO NONURA MARIA BELEN", "documentop": "1316916814", "direccion": "BARRIO URBIRRIOS II MZ. 10 LOTE 29", "area_m2": 144.0, "frente_uti": 8.0, "frente_tot": 0.0, "avaluo_con": 13921.6, "avaluo_sue": 5760.0, "zonaurbano": "URBANA", "parroquia": "TARQUI", "esta_bloqu": "NO", "es_tercera": "NO", "tiene_elec": "SI", "tiene_agua": "SI", "tiene_alca": "NO", "observacio": "INGR. NUEVO X LOTEO SE DESM. Y CANCELO HASTA EL 2005 CON LA N.3270201 INF. A. QUIROZ 07/03/06 Y.C.S.- ACTUA. INF. A. QUIROZ 07/14/09 MR.- INF. PARA CERT. X AREA DE LEGALIZ.INSP. L. LOPEZ 01-16-14.- SELLO PROT. DE ADJ. DANIEL S. 03/21/14 Y.C.S- INF. PARA", "observac_1": null, "barrio": "OTRAS AREAS", "parroquia_": 3, "barrio_id": 0, "proceso": 1, "fecha_regi": null, "activo_cat": "SI", "desactivad": 0, "avaluo_rem": 0.0, "avaluo_r_1": 0.0, "clasificac": "GENERAL", "anio_deuda": 0, "deuda": 0.0, "valor_ip": 0.0, "coactiva": null, "ficharegis": 45586, "etam": 0.0833333333, "diferencia": -1.8581424189, "porc_difer": -0.0129037668, "admisible": 1, "deuda_anio": 0.0, "Clavepre": "3-23-51-29-000", "ORIG_FID": 118 }, "geometry": { "type": "Point", "coordinates": [ -80.728832600731707, -1.000719512107702 ] } },
{ "type": "Feature", "properties": { "id": 86728, "lote_id": 66215, "clavecatas": "3-23-51-30-000", "zona": "3", "sector": "23", "manzana": "51", "lote": "30", "ph": "000", "propietari": "MARTINEZ BARBERAN JACQUELINE ELIZABETH", "documentop": "1311967754", "direccion": "URBIRRIOS II MZ-10 LOTE 30", "area_m2": 180.0, "frente_uti": 28.0, "frente_tot": 0.0, "avaluo_con": 0.0, "avaluo_sue": 7200.0, "zonaurbano": "URBANA", "parroquia": "TARQUI", "esta_bloqu": "NO", "es_tercera": "NO", "tiene_elec": "SI", "tiene_agua": "SI", "tiene_alca": "NO", "observacio": "-INGRESO NUEVO X LOTEO SE DESM. Y CANCELO HASTA EL 2005 CON LA 3270201 INF.AMPARO Q. 07/03/06 Y.C.S.- ACTUALIZACION INF. AMPARO Q. JULIO 14/09 MR.-SELLO PROTOC.DANIEL S.14/01/14 A.Q.INF.PARA CERT.INGRES. POR AREA DE LEGALIZACION INSP.LUIS LOPEZ 01-16-14", "observac_1": null, "barrio": "OTRAS AREAS", "parroquia_": 3, "barrio_id": 0, "proceso": 1, "fecha_regi": null, "activo_cat": "SI", "desactivad": 0, "avaluo_rem": 0.0, "avaluo_r_1": 0.0, "clasificac": "GENERAL", "anio_deuda": 2014, "deuda": 1110.93, "valor_ip": 0.0, "coactiva": null, "ficharegis": 44921, "etam": 0.0745355992, "diferencia": 0.6881589476, "porc_difer": 0.0038231053, "admisible": 1, "deuda_anio": 1080.86, "Clavepre": "3-23-51-30-000", "ORIG_FID": 119 }, "geometry": { "type": "Point", "coordinates": [ -80.728900266359815, -1.000676084061146 ] } },
{ "type": "Feature", "properties": { "id": 86732, "lote_id": 66219, "clavecatas": "3-23-52-04-000", "zona": "3", "sector": "23", "manzana": "52", "lote": "04", "ph": "000", "propietari": "VERA HOLGUIN JOSE LEONARDO", "documentop": "1309700779", "direccion": "URBIRRIOS II MZ-9 LOTE 4", "area_m2": 144.0, "frente_uti": 8.0, "frente_tot": 0.0, "avaluo_con": 0.0, "avaluo_sue": 5760.0, "zonaurbano": "URBANA", "parroquia": "TARQUI", "esta_bloqu": "NO", "es_tercera": "NO", "tiene_elec": "SI", "tiene_agua": "SI", "tiene_alca": "NO", "observacio": "-INGRESO NUEVO X LOTEO SE DESM. Y CANCELO HASTA EL 2005 CON LA 3270201 INF.AMPARO Q. 09/11/06 Y.C.S.- ACTUALIZACION INF. AMPARO Q. JULIO 14/09 MR INF.PARA CERTIF. INGRES. POR AREA DE LEGALIZACION INSP. LUIS LOPEZ, ENERO 17-14 -SELLO PROT.DE ADJ. DANIEL S", "observac_1": null, "barrio": "OTRAS AREAS", "parroquia_": 3, "barrio_id": 0, "proceso": 1, "fecha_regi": null, "activo_cat": "SI", "desactivad": 0, "avaluo_rem": 0.0, "avaluo_r_1": 0.0, "clasificac": "GENERAL", "anio_deuda": 0, "deuda": 0.0, "valor_ip": 0.0, "coactiva": null, "ficharegis": 44302, "etam": 0.0833333333, "diferencia": 2.8398202638000001, "porc_difer": 0.0197209741, "admisible": 1, "deuda_anio": 0.0, "Clavepre": "3-23-52-04-000", "ORIG_FID": 120 }, "geometry": { "type": "Point", "coordinates": [ -80.728570603735236, -1.00058136889972 ] } },
{ "type": "Feature", "properties": { "id": 86734, "lote_id": 66221, "clavecatas": "3-23-52-06-000", "zona": "3", "sector": "23", "manzana": "52", "lote": "06", "ph": "000", "propietari": "VERA CHICA WILDER ANSELMO", "documentop": "1311544926", "direccion": "SECTOR URBIRIOS II MZ-09 LOTE 06", "area_m2": 144.0, "frente_uti": 8.0, "frente_tot": 0.0, "avaluo_con": 0.0, "avaluo_sue": 5760.0, "zonaurbano": "URBANA", "parroquia": "TARQUI", "esta_bloqu": "NO", "es_tercera": "NO", "tiene_elec": "SI", "tiene_agua": "SI", "tiene_alca": "NO", "observacio": "-INGRESO NUEVO X LOTEO SE DESM.Y CANCELO HASTA EL 2005 CON LA 3270201 INF.AMPARO Q.09/11/06 Y.C.S.-ACTUALIZACION INF.AMPARO Q.07/14/09 MR INF.PARA CERT.REVIZADO X MARISOL ARTEAGA 11-22-16 MR -SELLO PROT.DE ADJ. CON PROH.DE ENAJ.(S/F)12/07/16 Y.C.S.-", "observac_1": null, "barrio": "OTRAS AREAS", "parroquia_": 3, "barrio_id": 0, "proceso": 1, "fecha_regi": null, "activo_cat": "SI", "desactivad": 0, "avaluo_rem": 0.0, "avaluo_r_1": 0.0, "clasificac": "GENERAL", "anio_deuda": 2025, "deuda": 22.33, "valor_ip": 0.0, "coactiva": null, "ficharegis": 59825, "etam": 0.0833333333, "diferencia": 5.0467176647000001, "porc_difer": 0.0350466504, "admisible": 1, "deuda_anio": 13.19, "Clavepre": "3-23-52-06-000", "ORIG_FID": 121 }, "geometry": { "type": "Point", "coordinates": [ -80.728446932609074, -1.000663028675622 ] } },
{ "type": "Feature", "properties": { "id": 86735, "lote_id": 66222, "clavecatas": "3-23-52-07-000", "zona": "3", "sector": "23", "manzana": "52", "lote": "07", "ph": "000", "propietari": "BAZURTO TINOCO BRIGGITTE NOEMI", "documentop": "0931863047", "direccion": "URBIRRIOS II MZ-09 LOTE 07", "area_m2": 144.0, "frente_uti": 8.0, "frente_tot": 0.0, "avaluo_con": 8836.0, "avaluo_sue": 5184.0, "zonaurbano": "URBANA", "parroquia": "TARQUI", "esta_bloqu": "NO", "es_tercera": "NO", "tiene_elec": "SI", "tiene_agua": "SI", "tiene_alca": "NO", "observacio": "-INGRESO NUEVO X LOTEO SE DESM. Y CANCELO HASTA EL 2005 CON LA 3270201 INF.AMPARO Q. 09/11/06 Y.C.S.- ACTUALIZACION INF. AMPARO Q. JULIO 14/09 MR INF.PARA CERT.INGRES.X AREA DE LEGALIZACION INSP. LUIS LOPEZ MARZO 07/14 -SELLO PROTSE ACTUALIZA INFORMACION", "observac_1": null, "barrio": "OTRAS AREAS", "parroquia_": 3, "barrio_id": 0, "proceso": 1, "fecha_regi": null, "activo_cat": "SI", "desactivad": 0, "avaluo_rem": 0.0, "avaluo_r_1": 0.0, "clasificac": "GENERAL", "anio_deuda": 0, "deuda": 0.0, "valor_ip": 0.0, "coactiva": null, "ficharegis": 45428, "etam": 0.0833333333, "diferencia": 11.188285752300001, "porc_difer": 0.0776964288, "admisible": 1, "deuda_anio": 0.0, "Clavepre": "3-23-52-07-000", "ORIG_FID": 122 }, "geometry": { "type": "Point", "coordinates": [ -80.728387852911553, -1.000699915910079 ] } },
{ "type": "Feature", "properties": { "id": 86736, "lote_id": 66223, "clavecatas": "3-23-52-08-000", "zona": "3", "sector": "23", "manzana": "52", "lote": "08", "ph": "000", "propietari": "BAILON SANTANA JORGE GEOVANNY", "documentop": "1306309392", "direccion": "URBIRRIOS II MZ-9 LOTE 08", "area_m2": 144.0, "frente_uti": 8.0, "frente_tot": 0.0, "avaluo_con": 0.0, "avaluo_sue": 5760.0, "zonaurbano": "URBANA", "parroquia": "TARQUI", "esta_bloqu": "NO", "es_tercera": "NO", "tiene_elec": "SI", "tiene_agua": "SI", "tiene_alca": "NO", "observacio": "-INGRESO NUEVO X LOTEO SE DESM. Y CANCELO HASTA EL 2005 CON LA 3270201 INF.AMPARO Q. 09/11/06 Y.C.S.- ACTUALIZACION INF.AMPARO Q.07/14/09 MR INF.PARA CERT.INGRES.X AREA D LEGALIZACION INSP.LUIS LOPEZ 01-29-14 -SELLO PROT.DE ADJ.DANIEL S. 02/04/14 Y.C.S.-", "observac_1": null, "barrio": "OTRAS AREAS", "parroquia_": 3, "barrio_id": 0, "proceso": 1, "fecha_regi": null, "activo_cat": "SI", "desactivad": 0, "avaluo_rem": 0.0, "avaluo_r_1": 0.0, "clasificac": "GENERAL", "anio_deuda": 2018, "deuda": 205.94, "valor_ip": 0.0, "coactiva": null, "ficharegis": 44428, "etam": 0.0833333333, "diferencia": 3.1523942336, "porc_difer": 0.0218916266, "admisible": 1, "deuda_anio": 196.8, "Clavepre": "3-23-52-08-000", "ORIG_FID": 123 }, "geometry": { "type": "Point", "coordinates": [ -80.728329106283354, -1.000738581852587 ] } },
{ "type": "Feature", "properties": { "id": 86748, "lote_id": 66235, "clavecatas": "3-23-52-20-000", "zona": "3", "sector": "23", "manzana": "52", "lote": "20", "ph": "000", "propietari": "GARCIA ALVAREZ TERESA DE JESUS", "documentop": "1300303417", "direccion": "URBIRIOS II MZ-09 LOTE 20", "area_m2": 144.0, "frente_uti": 8.0, "frente_tot": 0.0, "avaluo_con": 0.0, "avaluo_sue": 5760.0, "zonaurbano": "URBANA", "parroquia": "TARQUI", "esta_bloqu": "NO", "es_tercera": "NO", "tiene_elec": "SI", "tiene_agua": "SI", "tiene_alca": "NO", "observacio": "ING. NUEVO X LOTEO SE DESM. Y CANC. HASTA EL 2005 CON LA 3270201 INF.\r\nA.Q. 09/11/06 Y.C.S.- ING. X L. LOOR REV.X G. FERRIN 03/27/15 MR.- SELLO PROTOC. GLORIA G. 14/04/15 A.Q.-", "observac_1": null, "barrio": "OTRAS AREAS", "parroquia_": 3, "barrio_id": 0, "proceso": 1, "fecha_regi": null, "activo_cat": "SI", "desactivad": 0, "avaluo_rem": 0.0, "avaluo_r_1": 0.0, "clasificac": "GENERAL", "anio_deuda": 2017, "deuda": 242.89, "valor_ip": 0.0, "coactiva": null, "ficharegis": 50126, "etam": 0.0833333333, "diferencia": 0.6005144285, "porc_difer": 0.0041702391, "admisible": 1, "deuda_anio": 233.75, "Clavepre": "3-23-52-20-000", "ORIG_FID": 124 }, "geometry": { "type": "Point", "coordinates": [ -80.728062565362862, -1.000721846112482 ] } },
{ "type": "Feature", "properties": { "id": 86737, "lote_id": 66224, "clavecatas": "3-23-52-09-000", "zona": "3", "sector": "23", "manzana": "52", "lote": "09", "ph": "000", "propietari": "BAILON SANTANA MARJORIE JACQUELINE", "documentop": "1312787292", "direccion": "URBIRIOS II MZ-9 LOTE 9", "area_m2": 144.0, "frente_uti": 8.0, "frente_tot": 8.0, "avaluo_con": 0.0, "avaluo_sue": 5760.0, "zonaurbano": "URBANA", "parroquia": "TARQUI", "esta_bloqu": "NO", "es_tercera": "NO", "tiene_elec": "SI", "tiene_agua": "SI", "tiene_alca": "NO", "observacio": "-INGRESO NUEVO X LOTEO SE DESM. Y CANCELO HASTA EL 2005 CON LA 3270201 INF.AMPARO Q. 09/11/06 Y.C.S.- ACTUALIZACION INF. AMPARO Q. JULIO 14/09 MR -SELLO PROT.DE ADJ.DANIEL S. 02/04/14 Y.C.S.-", "observac_1": null, "barrio": "OTRAS AREAS", "parroquia_": 3, "barrio_id": 0, "proceso": 1, "fecha_regi": null, "activo_cat": "SI", "desactivad": 0, "avaluo_rem": 0.0, "avaluo_r_1": 0.0, "clasificac": "GENERAL", "anio_deuda": 2015, "deuda": 319.12, "valor_ip": 0.0, "coactiva": null, "ficharegis": 44452, "etam": 0.0833333333, "diferencia": 4.1477444349, "porc_difer": 0.0288037808, "admisible": 1, "deuda_anio": 309.98, "Clavepre": "3-23-52-09-000", "ORIG_FID": 125 }, "geometry": { "type": "Point", "coordinates": [ -80.728268682175369, -1.000776216154106 ] } },
{ "type": "Feature", "properties": { "id": 86739, "lote_id": 66226, "clavecatas": "3-23-52-11-000", "zona": "3", "sector": "23", "manzana": "52", "lote": "11", "ph": "000", "propietari": "FLORES PINCAY ROSA DEL CARMEN", "documentop": "1304044744", "direccion": "URBIRRIOS II MZ-9 LOTE 11", "area_m2": 144.0, "frente_uti": 8.0, "frente_tot": 0.0, "avaluo_con": 0.0, "avaluo_sue": 5760.0, "zonaurbano": "URBANA", "parroquia": "TARQUI", "esta_bloqu": "NO", "es_tercera": "NO", "tiene_elec": "SI", "tiene_agua": "SI", "tiene_alca": "NO", "observacio": "-INGRESO NUEVO X LOTEO SE DESM. Y CANCELO HASTA EL 2005 CON LA 3270201 INF.AMPARO Q. 09/11/06 Y.C.S.- C-3254-08 ACTUALIZACION INF. AMPARO Q. JULIO 14/09 MR INF. PARA CERTIF. INGRES. POR AREA DE LEGALIZACION INSP. LUIS LOPEZ, ENERO 17-14 -SELLO PROT.DE AD", "observac_1": null, "barrio": "OTRAS AREAS", "parroquia_": 3, "barrio_id": 0, "proceso": 1, "fecha_regi": null, "activo_cat": "SI", "desactivad": 0, "avaluo_rem": 0.0, "avaluo_r_1": 0.0, "clasificac": "GENERAL", "anio_deuda": 0, "deuda": 0.0, "valor_ip": 0.0, "coactiva": null, "ficharegis": 44341, "etam": 0.0833333333, "diferencia": -8.387419554, "porc_difer": -0.0582459691, "admisible": 1, "deuda_anio": 0.0, "Clavepre": "3-23-52-11-000", "ORIG_FID": 126 }, "geometry": { "type": "Point", "coordinates": [ -80.728147452090809, -1.000856577441057 ] } },
{ "type": "Feature", "properties": { "id": 86740, "lote_id": 66227, "clavecatas": "3-23-52-12-000", "zona": "3", "sector": "23", "manzana": "52", "lote": "12", "ph": "000", "propietari": "TUBAY TUBAY VICENTE ISIDORO", "documentop": "1309289195", "direccion": "URBIRRIOS II MZ-9 LOTE 12", "area_m2": 144.0, "frente_uti": 8.0, "frente_tot": 0.0, "avaluo_con": 0.0, "avaluo_sue": 5760.0, "zonaurbano": "URBANA", "parroquia": "TARQUI", "esta_bloqu": "NO", "es_tercera": "NO", "tiene_elec": "SI", "tiene_agua": "SI", "tiene_alca": "NO", "observacio": "-INGRESO NUEVO X LOTEO SE DESM. Y CANCELO HASTA EL 2005 CON LA 3270201 INF.AMPARO Q. 09/11/06 Y.C.S.-C-2329-09 ACTUALIZACION INF. AMPARO Q. JULIO 14/09 MR INF.PARA CERTIF. INGRES. POR AREA DE LEGALIZACION INSP. LUIS LOPEZ, ENERO 17-14 -SELLO PROT.DE ADJ.", "observac_1": null, "barrio": "OTRAS AREAS", "parroquia_": 3, "barrio_id": 0, "proceso": 1, "fecha_regi": null, "activo_cat": "SI", "desactivad": 0, "avaluo_rem": 0.0, "avaluo_r_1": 0.0, "clasificac": "GENERAL", "anio_deuda": 0, "deuda": 0.0, "valor_ip": 0.0, "coactiva": null, "ficharegis": 45536, "etam": 0.0833333333, "diferencia": 10.5697542219, "porc_difer": 0.073401071, "admisible": 1, "deuda_anio": 0.0, "Clavepre": "3-23-52-12-000", "ORIG_FID": 127 }, "geometry": { "type": "Point", "coordinates": [ -80.728090047856085, -1.000895915916753 ] } },
{ "type": "Feature", "properties": { "id": 86741, "lote_id": 66228, "clavecatas": "3-23-52-13-000", "zona": "3", "sector": "23", "manzana": "52", "lote": "13", "ph": "000", "propietari": "TUBAY TUBAY PASTOR DECIDERIO", "documentop": "1307294635", "direccion": "URBIRRIOS II MZ-9 LOTE 13", "area_m2": 144.0, "frente_uti": 8.0, "frente_tot": 0.0, "avaluo_con": 0.0, "avaluo_sue": 5760.0, "zonaurbano": "URBANA", "parroquia": "TARQUI", "esta_bloqu": "NO", "es_tercera": "NO", "tiene_elec": "SI", "tiene_agua": "SI", "tiene_alca": "NO", "observacio": "-INGRESO NUEVO X LOTEO SE DESM. Y CANCELO HASTA EL 2005 CON LA 3270201 INF.AMPARO Q.09/11/06 Y.C.S.-2311-09 INF. PARA CERT.INGRES.X AREA DE LEGALIZACION INSP.LUIS LOPEZ 01-17-14 -SELLO PROT.DE ADJ.DANIEL S.03/21/14 Y.C.S.-", "observac_1": null, "barrio": "OTRAS AREAS", "parroquia_": 3, "barrio_id": 0, "proceso": 1, "fecha_regi": null, "activo_cat": "SI", "desactivad": 0, "avaluo_rem": 0.0, "avaluo_r_1": 0.0, "clasificac": "GENERAL", "anio_deuda": 2020, "deuda": 126.59, "valor_ip": 0.0, "coactiva": null, "ficharegis": 45519, "etam": 0.0833333333, "diferencia": -12.8168658963, "porc_difer": -0.0890060132, "admisible": 0, "deuda_anio": 117.45, "Clavepre": "3-23-52-13-000", "ORIG_FID": 128 }, "geometry": { "type": "Point", "coordinates": [ -80.728031359119569, -1.000935329048866 ] } },
{ "type": "Feature", "properties": { "id": 86742, "lote_id": 66229, "clavecatas": "3-23-52-14-000", "zona": "3", "sector": "23", "manzana": "52", "lote": "14", "ph": "000", "propietari": "CAVAL CEDEÑO EVELYN JESSENIA", "documentop": "1313067983", "direccion": "URBIRRIOS II MZ-9 LOTE 14", "area_m2": 144.0, "frente_uti": 8.0, "frente_tot": 0.0, "avaluo_con": 0.0, "avaluo_sue": 5760.0, "zonaurbano": "URBANA", "parroquia": "TARQUI", "esta_bloqu": "NO", "es_tercera": "NO", "tiene_elec": "SI", "tiene_agua": "SI", "tiene_alca": "NO", "observacio": "-INGRESO NUEVO X LOTEO SE DESM. Y CANCELO HASTA EL 2005 CON LA 3270201 INF.AMPARO Q. 09/11/06 Y.C.S.- ACTUALIZACION INF. AMPARO Q. JULIO 14/09 MR INF. PARA CERTIF. INGRES. POR AREA DE LEGALIZACION INSP. LUIS LOPEZ 01-17-14 -SELLO PROT.DE ADJ.DANIEL S.02/", "observac_1": null, "barrio": "OTRAS AREAS", "parroquia_": 3, "barrio_id": 0, "proceso": 1, "fecha_regi": null, "activo_cat": "SI", "desactivad": 0, "avaluo_rem": 0.0, "avaluo_r_1": 0.0, "clasificac": "GENERAL", "anio_deuda": 2026, "deuda": 8.29, "valor_ip": 0.0, "coactiva": null, "ficharegis": 44301, "etam": 0.0833333333, "diferencia": -5.7529081033000002, "porc_difer": -0.0399507507, "admisible": 1, "deuda_anio": 0.0, "Clavepre": "3-23-52-14-000", "ORIG_FID": 129 }, "geometry": { "type": "Point", "coordinates": [ -80.727968077712646, -1.000975320374949 ] } },
{ "type": "Feature", "properties": { "id": 86743, "lote_id": 66230, "clavecatas": "3-23-52-15-000", "zona": "3", "sector": "23", "manzana": "52", "lote": "15", "ph": "000", "propietari": "CEDEÑO ZAMBRANO MARIA MAGDALENA", "documentop": "1306253558", "direccion": "URBIRRIOS II MZ-9 LOTE 15", "area_m2": 180.0, "frente_uti": 28.0, "frente_tot": 0.0, "avaluo_con": 3600.0, "avaluo_sue": 6123.6, "zonaurbano": "URBANA", "parroquia": "TARQUI", "esta_bloqu": "NO", "es_tercera": "SI", "tiene_elec": "SI", "tiene_agua": "SI", "tiene_alca": "NO", "observacio": "-INGRESO NUEVO X LOTEO SE DESM. Y CANCELO HASTA EL 2005 CON LA 3270201 INF.AMPARO Q.09/11/06 Y.C.S.- ACTUALIZACION INF.AMPARO Q. JULIO 14/09 MR INF.PARA CERT.INGRES.X AREA D LEGALIZACION INSP.LUIS LOPEZ 01-17-14 -SELLO PROT.DE ADJ.DANIEL S. 02/12/14 Y.C.", "observac_1": null, "barrio": "URBIRRIOS 2", "parroquia_": 3, "barrio_id": 1046, "proceso": 1, "fecha_regi": null, "activo_cat": "SI", "desactivad": 0, "avaluo_rem": 0.0, "avaluo_r_1": 0.0, "clasificac": "GENERAL", "anio_deuda": 2025, "deuda": 49.89, "valor_ip": 0.0, "coactiva": null, "ficharegis": 44818, "etam": 0.0745355992, "diferencia": -0.7957345734, "porc_difer": -0.0044207476, "admisible": 1, "deuda_anio": 32.93, "Clavepre": "3-23-52-15-000", "ORIG_FID": 130 }, "geometry": { "type": "Point", "coordinates": [ -80.727899812553019, -1.001018106082496 ] } },
{ "type": "Feature", "properties": { "id": 86744, "lote_id": 66231, "clavecatas": "3-23-52-16-000", "zona": "3", "sector": "23", "manzana": "52", "lote": "16", "ph": "000", "propietari": "FERNANDEZ PALMA SARA BEATRIZ", "documentop": "1307365864", "direccion": "URBIRRIOS II MZ. 9 LOTE 16", "area_m2": 180.0, "frente_uti": 28.0, "frente_tot": 0.0, "avaluo_con": 1960.0, "avaluo_sue": 7560.0, "zonaurbano": "URBANA", "parroquia": "MANTA", "esta_bloqu": "NO", "es_tercera": "NO", "tiene_elec": "SI", "tiene_agua": "SI", "tiene_alca": "NO", "observacio": "INGR. NUEVO X LOTEO SE DESM. Y CANCELO HASTA EL 2005 CON LA 3270201 INF. AMPARO Q. 09/11/06 Y.C.S.- ACTUA. INF. AMPARO Q. 07/14/09 MR.- INF. PARA CERT. X AREA DE LEGALIZ. INSP.LUIS LOPEZ 01-17-14.- INGR. EN LINEA PARA CERT. REV. X LCDA. MARISOL A. ELAB.", "observac_1": null, "barrio": "OTRAS AREAS", "parroquia_": 1, "barrio_id": 0, "proceso": 1, "fecha_regi": null, "activo_cat": "SI", "desactivad": 0, "avaluo_rem": 0.0, "avaluo_r_1": 0.0, "clasificac": "DEPURACION CATASTRO", "anio_deuda": 2019, "deuda": 455.92, "valor_ip": 0.0, "coactiva": "AUTO", "ficharegis": 70254, "etam": 0.0745355992, "diferencia": 7.1616432619000001, "porc_difer": 0.039786907, "admisible": 1, "deuda_anio": 432.9, "Clavepre": "3-23-52-16-000", "ORIG_FID": 131 }, "geometry": { "type": "Point", "coordinates": [ -80.727813831510929, -1.000882283887209 ] } },
{ "type": "Feature", "properties": { "id": 86745, "lote_id": 66232, "clavecatas": "3-23-52-17-000", "zona": "3", "sector": "23", "manzana": "52", "lote": "17", "ph": "000", "propietari": "PEREZ QUINTERO FREDDY HUMBERTO", "documentop": "1306029172", "direccion": "URBIRRIOS II MZ-09 LOTE 17", "area_m2": 144.0, "frente_uti": 8.0, "frente_tot": 0.0, "avaluo_con": 0.0, "avaluo_sue": 5760.0, "zonaurbano": "URBANA", "parroquia": "TARQUI", "esta_bloqu": "NO", "es_tercera": "NO", "tiene_elec": "SI", "tiene_agua": "SI", "tiene_alca": "NO", "observacio": "-INGRESO NUEVO X LOTEO SE DESM. Y CANCELO HASTA EL 2005 CON LA 3270201 INF.AMPARO Q. 09/11/06 Y.C.S.- ACTUALIZACION INF. AMPARO Q. JULIO 14/09 MR INF.PARA CERT.INGRES.X AREA D LEGALIZACION INSP.LUIS LOPEZ 01-17-14 -SELLO PROT.DE ADJ.LUIS L. 02/03/14 Y.C.", "observac_1": null, "barrio": "OTRAS AREAS", "parroquia_": 3, "barrio_id": 0, "proceso": 1, "fecha_regi": null, "activo_cat": "SI", "desactivad": 0, "avaluo_rem": 0.0, "avaluo_r_1": 0.0, "clasificac": "GENERAL", "anio_deuda": 2020, "deuda": 121.33, "valor_ip": 0.0, "coactiva": null, "ficharegis": 44329, "etam": 0.0833333333, "diferencia": 3.5882705497999998, "porc_difer": 0.0249185455, "admisible": 1, "deuda_anio": 113.04, "Clavepre": "3-23-52-17-000", "ORIG_FID": 132 }, "geometry": { "type": "Point", "coordinates": [ -80.727882666700509, -1.000837923716137 ] } },
{ "type": "Feature", "properties": { "id": 86746, "lote_id": 66233, "clavecatas": "3-23-52-18-000", "zona": "3", "sector": "23", "manzana": "52", "lote": "18", "ph": "000", "propietari": "MANTUANO PEREZ JUAN CARLOS", "documentop": "1312428319", "direccion": "URBIRRIOS II MZ-9 LOTE 18", "area_m2": 144.0, "frente_uti": 8.0, "frente_tot": 0.0, "avaluo_con": 0.0, "avaluo_sue": 5760.0, "zonaurbano": "URBANA", "parroquia": "TARQUI", "esta_bloqu": "NO", "es_tercera": "NO", "tiene_elec": "SI", "tiene_agua": "SI", "tiene_alca": "NO", "observacio": "-INGRESO NUEVO X LOTEO SE DESM. Y CANCELO HASTA EL 2005 CON LA 3270201 INF.AMPARO Q. 09/11/06 Y.C.S.- ACTUALIZACION INF. AMPARO Q. JULIO 14/09 MR INF.PARA CERTIF. INGRES. POR AREA DE LEGALIZACION INSP. LUIS LOPEZ, ENERO 17-14 -SELLO PROT.DE ADJ. FERNANDO", "observac_1": null, "barrio": "OTRAS AREAS", "parroquia_": 3, "barrio_id": 0, "proceso": 1, "fecha_regi": null, "activo_cat": "SI", "desactivad": 0, "avaluo_rem": 0.0, "avaluo_r_1": 0.0, "clasificac": "GENERAL", "anio_deuda": 2024, "deuda": 33.06, "valor_ip": 0.0, "coactiva": null, "ficharegis": 44384, "etam": 0.0833333333, "diferencia": 5.8027978809, "porc_difer": 0.0402972075, "admisible": 1, "deuda_anio": 24.77, "Clavepre": "3-23-52-18-000", "ORIG_FID": 133 }, "geometry": { "type": "Point", "coordinates": [ -80.727944004281213, -1.0007992429776 ] } },
{ "type": "Feature", "properties": { "id": 86749, "lote_id": 66236, "clavecatas": "3-23-52-21-000", "zona": "3", "sector": "23", "manzana": "52", "lote": "21", "ph": "000", "propietari": "PONCE BARRETO LUIS ALFREDO", "documentop": "1312004136", "direccion": "URBIRIOS II MZ-9 LOTE 21", "area_m2": 144.0, "frente_uti": 8.0, "frente_tot": 0.0, "avaluo_con": 0.0, "avaluo_sue": 4665.6, "zonaurbano": "URBANA", "parroquia": "TARQUI", "esta_bloqu": "NO", "es_tercera": "NO", "tiene_elec": "SI", "tiene_agua": "SI", "tiene_alca": "NO", "observacio": "ING. NUEVO X LOTEO SE DESM. Y CANCELO HASTA EL 2005 CON LA 3270201 INF A.Q. 09/11/06 Y.C.S.-C-6234-08 ACTUA. INF. AMPARO Q. 07/14/09 MR. SE ACTUA. DATS INF.L.LOPEZ 30/01/13 EN BASE A LA DOC PRESENTADA.- ING. X J. CASTRO REV. X M. CAJAPE 07/24/14 MR- SELL", "observac_1": null, "barrio": "URBIRRIOS 2", "parroquia_": 3, "barrio_id": 1046, "proceso": 1, "fecha_regi": null, "activo_cat": "SI", "desactivad": 0, "avaluo_rem": 0.0, "avaluo_r_1": 0.0, "clasificac": "GENERAL", "anio_deuda": 0, "deuda": 0.0, "valor_ip": 0.0, "coactiva": null, "ficharegis": 48968, "etam": 0.0833333333, "diferencia": 6.9828450855000002, "porc_difer": 0.0484919798, "admisible": 1, "deuda_anio": 0.0, "Clavepre": "3-23-52-21-000", "ORIG_FID": 134 }, "geometry": { "type": "Point", "coordinates": [ -80.728123277739741, -1.000680798989927 ] } },
{ "type": "Feature", "properties": { "id": 86754, "lote_id": 66241, "clavecatas": "3-23-52-26-000", "zona": "3", "sector": "23", "manzana": "52", "lote": "26", "ph": "000", "propietari": "SUAREZ ZAMBRANO STEFANY LUCERO", "documentop": "1312559980", "direccion": "URBIRRIOS II MZ-9 LOTE 26", "area_m2": 144.0, "frente_uti": 8.0, "frente_tot": 0.0, "avaluo_con": 0.0, "avaluo_sue": 5760.0, "zonaurbano": "URBANA", "parroquia": "TARQUI", "esta_bloqu": "NO", "es_tercera": "NO", "tiene_elec": "SI", "tiene_agua": "SI", "tiene_alca": "NO", "observacio": "-INGRESO NUEVO X LOTEO SE DESM. Y CANCELO HASTA EL 2005 CON LA 3270201 INF.AMPARO Q. 09/11/06 Y.C.S.- ACTUALIZACION INF. AMPARO Q. JULIO 14/09 MR INF.PARA CERTIF. INGRES. POR AREA DE LEGALIZACION INSP. LUIS LOPEZ 03/17/14 -SELLO PROT.DE ADJ.DANIEL S.03/2", "observac_1": null, "barrio": "OTRAS AREAS", "parroquia_": 3, "barrio_id": 0, "proceso": 1, "fecha_regi": null, "activo_cat": "SI", "desactivad": 0, "avaluo_rem": 0.0, "avaluo_r_1": 0.0, "clasificac": "GENERAL", "anio_deuda": 2025, "deuda": 22.33, "valor_ip": 0.0, "coactiva": null, "ficharegis": 45537, "etam": 0.0833333333, "diferencia": -9.7549778847000006, "porc_difer": -0.067742902, "admisible": 1, "deuda_anio": 13.19, "Clavepre": "3-23-52-26-000", "ORIG_FID": 135 }, "geometry": { "type": "Point", "coordinates": [ -80.728423945835914, -1.0004865782775 ] } },
{ "type": "Feature", "properties": { "id": 86755, "lote_id": 66242, "clavecatas": "3-23-52-27-000", "zona": "3", "sector": "23", "manzana": "52", "lote": "27", "ph": "000", "propietari": "ALONSO CASTAÑEDA ESTHER MARIA", "documentop": "1304533159", "direccion": "URBIRRIOS II MZ-09 LOTE 27", "area_m2": 144.0, "frente_uti": 8.0, "frente_tot": 0.0, "avaluo_con": 0.0, "avaluo_sue": 5760.0, "zonaurbano": "URBANA", "parroquia": "TARQUI", "esta_bloqu": "NO", "es_tercera": "NO", "tiene_elec": "SI", "tiene_agua": "SI", "tiene_alca": "NO", "observacio": "-INGRESO NUEVO X LOTEO SE DESM. Y CANCELO HASTA EL 2005 CON LA 3270201 INF.AMPARO Q. 09/11/06 Y.C.S.- ACTUALIZACION INF. AMPARO Q. JULIO 14/09 MR -SELLO PROT.DE ADJ.ANGEL M.02/22/14 Y.C.S.-SELLO CESION DE DERECHOS Y CVTA.(S/F) 07/28/16 Y.C.S.-", "observac_1": null, "barrio": "OTRAS AREAS", "parroquia_": 3, "barrio_id": 0, "proceso": 1, "fecha_regi": null, "activo_cat": "SI", "desactivad": 0, "avaluo_rem": 0.0, "avaluo_r_1": 0.0, "clasificac": "GENERAL", "anio_deuda": 0, "deuda": 0.0, "valor_ip": 0.0, "coactiva": null, "ficharegis": 45043, "etam": 0.0833333333, "diferencia": 15.5920703486, "porc_difer": 0.1082782663, "admisible": 0, "deuda_anio": 0.0, "Clavepre": "3-23-52-27-000", "ORIG_FID": 136 }, "geometry": { "type": "Point", "coordinates": [ -80.728484061558945, -1.000446664399623 ] } },
{ "type": "Feature", "properties": { "id": 86756, "lote_id": 66243, "clavecatas": "3-23-52-28-000", "zona": "3", "sector": "23", "manzana": "52", "lote": "28", "ph": "000", "propietari": "VELEZ ZAMBRANO GENNY SUSANA", "documentop": "1310810013", "direccion": "URBIRRIOS II MZ-9 LOTE 28", "area_m2": 144.0, "frente_uti": 8.0, "frente_tot": 0.0, "avaluo_con": 0.0, "avaluo_sue": 5760.0, "zonaurbano": "URBANA", "parroquia": "TARQUI", "esta_bloqu": "NO", "es_tercera": "NO", "tiene_elec": "SI", "tiene_agua": "SI", "tiene_alca": "NO", "observacio": "INGR. NUEVO X LOTEO SE DESM. Y CANCELO HASTA EL 2005 CON LA 3270201 INF. AMPARO Q. 09/11/06 Y.C.S.- ACTUALZ. INF. AMPARO Q. JUL.14/09 MR- INGR. X AREA DE LEGALZC. INSP. LUIS LOPEZ 01-17-14.- SELLO PROT. DE ADJ. DANIEL S. 02/13/14 Y.C.S.- INGR. X ISABEL M", "observac_1": null, "barrio": "OTRAS AREAS", "parroquia_": 3, "barrio_id": 0, "proceso": 1, "fecha_regi": null, "activo_cat": "SI", "desactivad": 0, "avaluo_rem": 0.0, "avaluo_r_1": 0.0, "clasificac": "GENERAL", "anio_deuda": 0, "deuda": 0.0, "valor_ip": 0.0, "coactiva": null, "ficharegis": 44825, "etam": 0.0833333333, "diferencia": -2.4680305033000001, "porc_difer": -0.0171391007, "admisible": 1, "deuda_anio": 0.0, "Clavepre": "3-23-52-28-000", "ORIG_FID": 137 }, "geometry": { "type": "Point", "coordinates": [ -80.728545054355422, -1.000410544762271 ] } },
{ "type": "Feature", "properties": { "id": 86757, "lote_id": 66244, "clavecatas": "3-23-52-29-000", "zona": "3", "sector": "23", "manzana": "52", "lote": "29", "ph": "000", "propietari": "JOZA RISCO MARIA AUXILIADORA", "documentop": "1307809812", "direccion": "URBIRRIOS II MZ-9 LOTE 29", "area_m2": 144.0, "frente_uti": 8.0, "frente_tot": 0.0, "avaluo_con": 0.0, "avaluo_sue": 5760.0, "zonaurbano": "URBANA", "parroquia": "TARQUI", "esta_bloqu": "NO", "es_tercera": "NO", "tiene_elec": "SI", "tiene_agua": "SI", "tiene_alca": "NO", "observacio": "-INGRESO NUEVO X LOTEO SE DESM. Y CANCELO HASTA EL 2005 CON LA 3270201 INF.AMPARO Q. 09/11/06 Y.C.S.- ACTUALIZACION INF. AMPARO Q. JULIO 14/09 MR INF. PARA CERTIF. INGRES. POR AREA DE LEGALIZACION INSP. LUIS LOPEZ, ENERO 17-14 INF. PARA CERTIFICADO REVIZ", "observac_1": null, "barrio": "OTRAS AREAS", "parroquia_": 5, "barrio_id": 0, "proceso": 1, "fecha_regi": null, "activo_cat": "SI", "desactivad": 0, "avaluo_rem": 0.0, "avaluo_r_1": 0.0, "clasificac": "GENERAL", "anio_deuda": 0, "deuda": 0.0, "valor_ip": 0.0, "coactiva": null, "ficharegis": 52694, "etam": 0.0833333333, "diferencia": 5.8118406831999998, "porc_difer": 0.0403600047, "admisible": 1, "deuda_anio": 0.0, "Clavepre": "3-23-52-29-000", "ORIG_FID": 138 }, "geometry": { "type": "Point", "coordinates": [ -80.728608315986861, -1.000370465994331 ] } },
{ "type": "Feature", "properties": { "id": 86758, "lote_id": 66245, "clavecatas": "3-23-52-30-000", "zona": "3", "sector": "23", "manzana": "52", "lote": "30", "ph": "000", "propietari": "MOLINA CHAVEZ KARLA MELISSA", "documentop": "1313513887", "direccion": "URBIRRIOS II MZ-9 LOTE 30", "area_m2": 180.0, "frente_uti": 8.0, "frente_tot": 0.0, "avaluo_con": 0.0, "avaluo_sue": 6123.6, "zonaurbano": "URBANA", "parroquia": "TARQUI", "esta_bloqu": "NO", "es_tercera": "NO", "tiene_elec": "SI", "tiene_agua": "SI", "tiene_alca": "NO", "observacio": "-INGRESO NUEVO X LOTEO SE DESM. Y CANCELO HASTA EL 2005 CON LA 3270201 INF.AMPARO Q. 09/11/06 Y.C.S.-ACTUALIZACION INF. AMPARO Q. JULIO 14/09 MR.-SELLO PROTOC.DANIEL S.14/01/14 A.Q.INF. PARA CERTIF. INGRES. POR AREA DE LEGALIZACION INSP. LUIS LOPEZ, ENER", "observac_1": null, "barrio": "URBIRRIOS 2", "parroquia_": 3, "barrio_id": 1046, "proceso": 1, "fecha_regi": null, "activo_cat": "SI", "desactivad": 0, "avaluo_rem": 0.0, "avaluo_r_1": 0.0, "clasificac": "GENERAL", "anio_deuda": 0, "deuda": 0.0, "valor_ip": 0.0, "coactiva": null, "ficharegis": 52693, "etam": 0.0745355992, "diferencia": 13.1444762928, "porc_difer": 0.0730248683, "admisible": 1, "deuda_anio": 0.0, "Clavepre": "3-23-52-30-000", "ORIG_FID": 139 }, "geometry": { "type": "Point", "coordinates": [ -80.728677616752776, -1.000326339392697 ] } },
{ "type": "Feature", "properties": { "id": 86760, "lote_id": 66247, "clavecatas": "3-23-53-02-000", "zona": "3", "sector": "23", "manzana": "53", "lote": "02", "ph": "000", "propietari": "ALAVA BRIONES BETTY MARGARITA", "documentop": "1308662897", "direccion": "URBIRRIOS II MZ-8 LOTE 2", "area_m2": 144.0, "frente_uti": 8.0, "frente_tot": 0.0, "avaluo_con": 0.0, "avaluo_sue": 5760.0, "zonaurbano": "URBANA", "parroquia": "TARQUI", "esta_bloqu": "NO", "es_tercera": "NO", "tiene_elec": "SI", "tiene_agua": "SI", "tiene_alca": "NO", "observacio": "INGRESO NUEVO X LOTEO SE DESM.Y CANC.HASTA EL 2005 CON LA 3270201 INF.AMPARO Q.09/12/06 Y.C.S.-ACTUAL.INF.AMPARO Q.07/15/09 MR INF.PARA CERT.INGRES.X AREA DE LEGALIZACION INSP.LUIS LOPEZ 01-16-14 ING.PARA CERT.X GABRIELA SOLORZANO REV.X MARISIOL ARTEAGA", "observac_1": null, "barrio": "OTRAS AREAS", "parroquia_": 3, "barrio_id": 0, "proceso": 1, "fecha_regi": null, "activo_cat": "SI", "desactivad": 0, "avaluo_rem": 0.0, "avaluo_r_1": 0.0, "clasificac": "GENERAL", "anio_deuda": 0, "deuda": 0.0, "valor_ip": 0.0, "coactiva": null, "ficharegis": 55055, "etam": 0.0833333333, "diferencia": -6.6405061153, "porc_difer": -0.0461146258, "admisible": 1, "deuda_anio": 0.0, "Clavepre": "3-23-53-02-000", "ORIG_FID": 140 }, "geometry": { "type": "Point", "coordinates": [ -80.728474930920115, -1.000152061036362 ] } },
{ "type": "Feature", "properties": { "id": 86761, "lote_id": 66248, "clavecatas": "3-23-53-03-000", "zona": "3", "sector": "23", "manzana": "53", "lote": "03", "ph": "000", "propietari": "TELLO GALARRAGA ESTEFANIA VICTORIA", "documentop": "1314073956", "direccion": "URBIRRIOS II MZ-8 LOTE 3", "area_m2": 144.0, "frente_uti": 8.0, "frente_tot": 0.0, "avaluo_con": 0.0, "avaluo_sue": 5184.0, "zonaurbano": "URBANA", "parroquia": "TARQUI", "esta_bloqu": "NO", "es_tercera": "NO", "tiene_elec": "SI", "tiene_agua": "SI", "tiene_alca": "NO", "observacio": "-INGRESO NUEVO X LOTEO SE DESM. Y CANCELO HASTA EL 2005 CON LA 3270201 INF.AMPARO Q. 09/12/06 Y.C.S.- ACTUALIZACION INF. AMPARO Q. JULIO 15/09 MR INF. PARA CERTIF. INGRES. POR AREA DE LEGALIZACION INSP. LUIS LOPEZ 01-16-14 -SELLO PROT.DE ADJ.DANIEL S.03/", "observac_1": null, "barrio": "URBIRRIOS 2", "parroquia_": 3, "barrio_id": 1046, "proceso": 1, "fecha_regi": null, "activo_cat": "SI", "desactivad": 0, "avaluo_rem": 0.0, "avaluo_r_1": 0.0, "clasificac": "GENERAL", "anio_deuda": 2024, "deuda": 36.03, "valor_ip": 0.0, "coactiva": null, "ficharegis": 45477, "etam": 0.0833333333, "diferencia": -9.7629201389000002, "porc_difer": -0.0677980565, "admisible": 1, "deuda_anio": 27.1, "Clavepre": "3-23-53-03-000", "ORIG_FID": 141 }, "geometry": { "type": "Point", "coordinates": [ -80.728411890724303, -1.000193709320844 ] } },
{ "type": "Feature", "properties": { "id": 86762, "lote_id": 66249, "clavecatas": "3-23-53-04-000", "zona": "3", "sector": "23", "manzana": "53", "lote": "04", "ph": "000", "propietari": "TELLO AVILA EDUARDO LIZARDO", "documentop": "1302934771", "direccion": "URBIRRIOS II MZ-8 LOTE 4", "area_m2": 144.0, "frente_uti": 8.0, "frente_tot": 0.0, "avaluo_con": 0.0, "avaluo_sue": 5760.0, "zonaurbano": "URBANA", "parroquia": "TARQUI", "esta_bloqu": "NO", "es_tercera": "SI", "tiene_elec": "SI", "tiene_agua": "SI", "tiene_alca": "NO", "observacio": "-INGRESO NUEVO X LOTEO SE DESM. Y CANCELO HASTA EL 2005 CON LA 3270201 INF.AMPARO Q. 09/12/06 Y.C.S.- C-4128-07 ACTUALIZACION INF. AMPARO Q. JULIO 15/09 MR INF. PARA CERTIF. INGRES. POR AREA DE LEGALIZACION INSP. LUIS LOPEZ,ENERO 16-14 -SELLO PROT.DE ADJ", "observac_1": null, "barrio": "OTRAS AREAS", "parroquia_": 3, "barrio_id": 0, "proceso": 1, "fecha_regi": null, "activo_cat": "SI", "desactivad": 0, "avaluo_rem": 0.0, "avaluo_r_1": 0.0, "clasificac": "GENERAL", "anio_deuda": 0, "deuda": 0.0, "valor_ip": 0.0, "coactiva": null, "ficharegis": 44938, "etam": 0.0833333333, "diferencia": 5.4025162275999996, "porc_difer": 0.0375174738, "admisible": 1, "deuda_anio": 0.0, "Clavepre": "3-23-53-04-000", "ORIG_FID": 142 }, "geometry": { "type": "Point", "coordinates": [ -80.728350438943721, -1.000232556491443 ] } },
{ "type": "Feature", "properties": { "id": 93148, "lote_id": 68749, "clavecatas": "3-32-79-13-000", "zona": "3", "sector": "32", "manzana": "79", "lote": "13", "ph": "000", "propietari": "MANZABA HIDROVO MARIA TEOTISTA", "documentop": "1303417289", "direccion": "MZ-N LT. 13 URBIRIOS", "area_m2": 120.0, "frente_uti": 8.0, "frente_tot": 0.0, "avaluo_con": 0.0, "avaluo_sue": 8400.0, "zonaurbano": "URBANA", "parroquia": "TARQUI", "esta_bloqu": "NO", "es_tercera": "SI", "tiene_elec": "SI", "tiene_agua": "SI", "tiene_alca": "NO", "observacio": "INF. AMPARO Q, OCT. 27/2003 MR C-3480-03", "observac_1": null, "barrio": "URBIRRIOS X", "parroquia_": 3, "barrio_id": 331, "proceso": 1, "fecha_regi": null, "activo_cat": "SI", "desactivad": 0, "avaluo_rem": 0.0, "avaluo_r_1": 0.0, "clasificac": "DEPURACION CATASTRO", "anio_deuda": 0, "deuda": 0.0, "valor_ip": 0.0, "coactiva": null, "ficharegis": 26537, "etam": 0.0912870929, "diferencia": 13.0102258304, "porc_difer": 0.1084185486, "admisible": 0, "deuda_anio": 0.0, "Clavepre": "3-32-79-13-000", "ORIG_FID": 143 }, "geometry": { "type": "Point", "coordinates": [ -80.724057718134901, -0.984243997947135 ] } },
{ "type": "Feature", "properties": { "id": 93149, "lote_id": 68750, "clavecatas": "3-32-79-14-000", "zona": "3", "sector": "32", "manzana": "79", "lote": "14", "ph": "000", "propietari": "VERA MUÑOZ SIMON WENCESLAO Y SRA", "documentop": "1306257872", "direccion": "MZ-N LT. 14 URBIRIOS", "area_m2": 120.0, "frente_uti": 8.0, "frente_tot": 8.0, "avaluo_con": 775.39, "avaluo_sue": 8400.0, "zonaurbano": "URBANA", "parroquia": "TARQUI", "esta_bloqu": "NO", "es_tercera": "NO", "tiene_elec": "SI", "tiene_agua": "SI", "tiene_alca": "NO", "observacio": "INF. AMPARO Q. OCT. 29/2003 MR C-3481-03", "observac_1": null, "barrio": "URBIRRIOS X", "parroquia_": 3, "barrio_id": 331, "proceso": 1, "fecha_regi": null, "activo_cat": "SI", "desactivad": 0, "avaluo_rem": 0.0, "avaluo_r_1": 0.0, "clasificac": "DEPURACION CATASTRO", "anio_deuda": 0, "deuda": 0.0, "valor_ip": 0.0, "coactiva": null, "ficharegis": 22782, "etam": 0.0912870929, "diferencia": -1.8615592011, "porc_difer": -0.0155129933, "admisible": 1, "deuda_anio": 0.0, "Clavepre": "3-32-79-14-000", "ORIG_FID": 144 }, "geometry": { "type": "Point", "coordinates": [ -80.724107783946096, -0.984194218787785 ] } },
{ "type": "Feature", "properties": { "id": 92520, "lote_id": 68130, "clavecatas": "3-32-16-21-000", "zona": "3", "sector": "32", "manzana": "16", "lote": "21", "ph": "000", "propietari": "CALI TOALA VERONICA PATRICIA S/E /GAD MANTA", "documentop": "1309808218", "direccion": "URBIRIOS MZ-M1 L-21", "area_m2": 90.52, "frente_uti": 8.0, "frente_tot": 0.0, "avaluo_con": 0.0, "avaluo_sue": 6336.4, "zonaurbano": "URBANA", "parroquia": "TARQUI", "esta_bloqu": "NO", "es_tercera": "NO", "tiene_elec": "SI", "tiene_agua": "SI", "tiene_alca": "NO", "observacio": "-NUEVO INGRESO SELLO REDISEÑO AMPARO Q.09/13/07 Y.C.S.-SE MODIF.NOMBRE X DEPURAC.26/06/12 A.Q.", "observac_1": null, "barrio": "OTRAS AREAS", "parroquia_": 3, "barrio_id": 0, "proceso": 1, "fecha_regi": null, "activo_cat": "SI", "desactivad": 0, "avaluo_rem": 0.0, "avaluo_r_1": 0.0, "clasificac": "DEPURACION CATASTRO", "anio_deuda": 2010, "deuda": 529.06, "valor_ip": 0.0, "coactiva": null, "ficharegis": 0, "etam": 0.1, "diferencia": -14.20225143, "porc_difer": -0.1568962818, "admisible": 0, "deuda_anio": 517.7, "Clavepre": "3-32-16-21-000", "ORIG_FID": 145 }, "geometry": { "type": "Point", "coordinates": [ -80.724970127364557, -0.983533328860451 ] } },
{ "type": "Feature", "properties": { "id": 92556, "lote_id": 68166, "clavecatas": "3-32-18-15-000", "zona": "3", "sector": "32", "manzana": "18", "lote": "15", "ph": "000", "propietari": "PILLASAGUA JUAN PRUDENCIO Y ANA SUAREZ", "documentop": "1300443403", "direccion": "MZ-M3 LT. 15 URBIRIOS", "area_m2": 120.0, "frente_uti": 8.0, "frente_tot": 0.0, "avaluo_con": 0.0, "avaluo_sue": 8400.0, "zonaurbano": "URBANA", "parroquia": "TARQUI", "esta_bloqu": "NO", "es_tercera": "SI", "tiene_elec": "SI", "tiene_agua": "SI", "tiene_alca": "NO", "observacio": "INF. AMPARO Q. OCT. 29/2003 MR C-3490-03 C-4758-08 C. DONACION MPAL  INF. CARLOS D. AGOSTO 28/08 MR", "observac_1": null, "barrio": "URBIRRIOS X", "parroquia_": 3, "barrio_id": 331, "proceso": 1, "fecha_regi": null, "activo_cat": "SI", "desactivad": 0, "avaluo_rem": 0.0, "avaluo_r_1": 0.0, "clasificac": "DEPURACION CATASTRO", "anio_deuda": 0, "deuda": 0.0, "valor_ip": 0.0, "coactiva": null, "ficharegis": 4286, "etam": 0.0912870929, "diferencia": -1.8144220533, "porc_difer": -0.0151201838, "admisible": 1, "deuda_anio": 0.0, "Clavepre": "3-32-18-15-000", "ORIG_FID": 146 }, "geometry": { "type": "Point", "coordinates": [ -80.725001520310087, -0.98277631478817 ] } },
{ "type": "Feature", "properties": { "id": 92698, "lote_id": 68303, "clavecatas": "3-32-47-08-000", "zona": "3", "sector": "32", "manzana": "47", "lote": "08", "ph": "000", "propietari": "SOLEDISPA JOSE LIZARDO Y SRA.", "documentop": "1302260979", "direccion": "MZ-I-3 LT. 08 URBIRIOS", "area_m2": 120.0, "frente_uti": 8.0, "frente_tot": 0.0, "avaluo_con": 0.0, "avaluo_sue": 8760.0, "zonaurbano": "URBANA", "parroquia": "TARQUI", "esta_bloqu": "NO", "es_tercera": "NO", "tiene_elec": "SI", "tiene_agua": "SI", "tiene_alca": "NO", "observacio": "c-3879-03 c-5256-09 -Sello Donacion Luis L.08/17/09 Y.C.S.-", "observac_1": null, "barrio": "URBIRRIOS X", "parroquia_": 3, "barrio_id": 331, "proceso": 1, "fecha_regi": null, "activo_cat": "SI", "desactivad": 0, "avaluo_rem": 0.0, "avaluo_r_1": 0.0, "clasificac": "DEPURACION CATASTRO", "anio_deuda": 0, "deuda": 0.0, "valor_ip": 0.0, "coactiva": null, "ficharegis": 7266, "etam": 0.0912870929, "diferencia": -1.8733913863, "porc_difer": -0.0156115949, "admisible": 1, "deuda_anio": 0.0, "Clavepre": "3-32-47-08-000", "ORIG_FID": 147 }, "geometry": { "type": "Point", "coordinates": [ -80.721257764016684, -0.982993359084546 ] } },
{ "type": "Feature", "properties": { "id": 92521, "lote_id": 68131, "clavecatas": "3-32-16-22-000", "zona": "3", "sector": "32", "manzana": "16", "lote": "22", "ph": "000", "propietari": "BACUSOY GARCIA EMERITA S/E /GAD MANTA", "documentop": "1309662490", "direccion": "URBIRIOS MZ-M1 L-22", "area_m2": 89.67, "frente_uti": 8.0, "frente_tot": 0.0, "avaluo_con": 0.0, "avaluo_sue": 6276.9, "zonaurbano": "URBANA", "parroquia": "TARQUI", "esta_bloqu": "NO", "es_tercera": "NO", "tiene_elec": "SI", "tiene_agua": "SI", "tiene_alca": "NO", "observacio": "-NUEVO INGRESO SELLO REDISEÑO AMPARO Q.09/13/07 Y.C.S.-SE MODIF.NOMBRE X DEPURAC.26/06/12 A.Q.", "observac_1": null, "barrio": "OTRAS AREAS", "parroquia_": 3, "barrio_id": 0, "proceso": 1, "fecha_regi": null, "activo_cat": "SI", "desactivad": 0, "avaluo_rem": 0.0, "avaluo_r_1": 0.0, "clasificac": "DEPURACION CATASTRO", "anio_deuda": 2010, "deuda": 527.81, "valor_ip": 0.0, "coactiva": null, "ficharegis": 0, "etam": 0.1, "diferencia": -13.184780165199999, "porc_difer": -0.1470366919, "admisible": 0, "deuda_anio": 516.5, "Clavepre": "3-32-16-22-000", "ORIG_FID": 148 }, "geometry": { "type": "Point", "coordinates": [ -80.725020535706889, -0.983481574550853 ] } },
{ "type": "Feature", "properties": { "id": 92814, "lote_id": 68419, "clavecatas": "3-32-55-31-000", "zona": "3", "sector": "32", "manzana": "55", "lote": "31", "ph": "000", "propietari": "ANCHUNDIA ROLDAN NELLY ANTONIA", "documentop": "1305047902", "direccion": "MZ-J3 LT. 31 URBIRIOS", "area_m2": 120.0, "frente_uti": 8.0, "frente_tot": 0.0, "avaluo_con": 1530.26, "avaluo_sue": 8760.0, "zonaurbano": "URBANA", "parroquia": "TARQUI", "esta_bloqu": "NO", "es_tercera": "NO", "tiene_elec": "SI", "tiene_agua": "SI", "tiene_alca": "NO", "observacio": "C-4215-03 -SELLO LUIS L.  06/24/04 Y.C.S.-", "observac_1": null, "barrio": "URBIRRIOS X", "parroquia_": 3, "barrio_id": 331, "proceso": 1, "fecha_regi": null, "activo_cat": "SI", "desactivad": 0, "avaluo_rem": 0.0, "avaluo_r_1": 0.0, "clasificac": "DEPURACION CATASTRO", "anio_deuda": 0, "deuda": 0.0, "valor_ip": 0.0, "coactiva": null, "ficharegis": 66663, "etam": 0.0912870929, "diferencia": -6.0452993212, "porc_difer": -0.0503774943, "admisible": 1, "deuda_anio": 0.0, "Clavepre": "3-32-55-31-000", "ORIG_FID": 149 }, "geometry": { "type": "Point", "coordinates": [ -80.723781977189915, -0.98232226639023 ] } },
{ "type": "Feature", "properties": { "id": 92893, "lote_id": 68496, "clavecatas": "3-32-67-20-000", "zona": "3", "sector": "32", "manzana": "67", "lote": "20", "ph": "000", "propietari": "ROMERO MAGALI ELIZABETH", "documentop": "1304456997", "direccion": "MZ-K2 LT. 20 URBIRIOS", "area_m2": 120.0, "frente_uti": 8.0, "frente_tot": 0.0, "avaluo_con": 0.0, "avaluo_sue": 8760.0, "zonaurbano": "URBANA", "parroquia": "TARQUI", "esta_bloqu": "NO", "es_tercera": "NO", "tiene_elec": "SI", "tiene_agua": "SI", "tiene_alca": "NO", "observacio": "+c-3788-07 -Sello donacion Luis L. 08/21/07 Y.C.S.- C-3975-08", "observac_1": null, "barrio": "URBIRRIOS X", "parroquia_": 3, "barrio_id": 331, "proceso": 1, "fecha_regi": null, "activo_cat": "SI", "desactivad": 0, "avaluo_rem": 0.0, "avaluo_r_1": 0.0, "clasificac": "DEPURACION CATASTRO", "anio_deuda": 2010, "deuda": 605.21, "valor_ip": 0.0, "coactiva": null, "ficharegis": 0, "etam": 0.0912870929, "diferencia": -0.5257582873, "porc_difer": -0.0043813191, "admisible": 1, "deuda_anio": 590.27, "Clavepre": "3-32-67-20-000", "ORIG_FID": 150 }, "geometry": { "type": "Point", "coordinates": [ -80.722324382727891, -0.983352373990291 ] } },
{ "type": "Feature", "properties": { "id": 92481, "lote_id": 68092, "clavecatas": "3-32-15-02-000", "zona": "3", "sector": "32", "manzana": "15", "lote": "02", "ph": "000", "propietari": "MEZA GUERRERO NORALMA S/E /GAD MANTA", "documentop": "1305513366", "direccion": "MZ-M LT. 02 URBIRIOS", "area_m2": 120.0, "frente_uti": 8.0, "frente_tot": 0.0, "avaluo_con": 0.0, "avaluo_sue": 8400.0, "zonaurbano": "URBANA", "parroquia": "TARQUI", "esta_bloqu": "NO", "es_tercera": "NO", "tiene_elec": "SI", "tiene_agua": "SI", "tiene_alca": "NO", "observacio": "INF. AMPARO Q. OCT. 28/2003 MR C-3524-03 SE MODIF.NOMBRE X DEPURAC.22/06/12 A.Q.", "observac_1": null, "barrio": "URBIRRIOS X", "parroquia_": 3, "barrio_id": 331, "proceso": 1, "fecha_regi": null, "activo_cat": "SI", "desactivad": 0, "avaluo_rem": 0.0, "avaluo_r_1": 0.0, "clasificac": "DEPURACION CATASTRO", "anio_deuda": 2025, "deuda": 32.01, "valor_ip": 0.0, "coactiva": null, "ficharegis": 0, "etam": 0.0912870929, "diferencia": -2.5200395205000001, "porc_difer": -0.0210003293, "admisible": 1, "deuda_anio": 18.73, "Clavepre": "3-32-15-02-000", "ORIG_FID": 151 }, "geometry": { "type": "Point", "coordinates": [ -80.724697355289322, -0.984067744803145 ] } },
{ "type": "Feature", "properties": { "id": 92482, "lote_id": 68093, "clavecatas": "3-32-15-03-000", "zona": "3", "sector": "32", "manzana": "15", "lote": "03", "ph": "000", "propietari": "AVELLANEDA MOREIRA VICTOR MANUEL", "documentop": "1307327849", "direccion": "MZ-M LT. 03 URB. MUNICIPAL URBIRIOS", "area_m2": 120.0, "frente_uti": 8.0, "frente_tot": 0.0, "avaluo_con": 0.0, "avaluo_sue": 8400.0, "zonaurbano": "URBANA", "parroquia": "TARQUI", "esta_bloqu": "NO", "es_tercera": "NO", "tiene_elec": "SI", "tiene_agua": "SI", "tiene_alca": "NO", "observacio": "INF.AMPARO Q.10/28/03 MR C-3525-03 SE MODIF.NOMBRE X DEPURAC.22/06/12 A.Q.\r\nCERT.INF.PARA CERT.D VENTANILLA ISABEL MURILLO REVIZADO X TECNICO GORETY FERRRIN 02-18-14 -SELLO CVTA.DANIEL S.03/06/14 Y.C.S.-", "observac_1": null, "barrio": "URBIRRIOS X", "parroquia_": 3, "barrio_id": 331, "proceso": 1, "fecha_regi": null, "activo_cat": "SI", "desactivad": 0, "avaluo_rem": 0.0, "avaluo_r_1": 0.0, "clasificac": "GENERAL", "anio_deuda": 2026, "deuda": 13.61, "valor_ip": 0.0, "coactiva": null, "ficharegis": 44267, "etam": 0.0912870929, "diferencia": -13.3353125134, "porc_difer": -0.1111276043, "admisible": 0, "deuda_anio": 0.0, "Clavepre": "3-32-15-03-000", "ORIG_FID": 152 }, "geometry": { "type": "Point", "coordinates": [ -80.72475038600777, -0.98401479182728 ] } },
{ "type": "Feature", "properties": { "id": 92508, "lote_id": 68118, "clavecatas": "3-32-16-09-000", "zona": "3", "sector": "32", "manzana": "16", "lote": "09", "ph": "000", "propietari": "ANCHUNDIA MOREIRA AZUCENA ISABEL", "documentop": "1308786332", "direccion": "MZ-M1 LT. 09 URBIRIOS", "area_m2": 80.0, "frente_uti": 8.0, "frente_tot": 0.0, "avaluo_con": 0.0, "avaluo_sue": 5600.0, "zonaurbano": "URBANA", "parroquia": "TARQUI", "esta_bloqu": "NO", "es_tercera": "NO", "tiene_elec": "SI", "tiene_agua": "SI", "tiene_alca": "NO", "observacio": "INF,. AMPARO Q.10/28/2003 MR     C-3513-03 SELLO CVTA. X LUIS 21 /03/05 LLCH. C-4806-07", "observac_1": null, "barrio": "URBIRRIOS X", "parroquia_": 3, "barrio_id": 331, "proceso": 1, "fecha_regi": null, "activo_cat": "SI", "desactivad": 0, "avaluo_rem": 0.0, "avaluo_r_1": 0.0, "clasificac": "DEPURACION CATASTRO", "anio_deuda": 0, "deuda": 0.0, "valor_ip": 0.0, "coactiva": null, "ficharegis": 74193, "etam": 0.1, "diferencia": -41.004786528099999, "porc_difer": -0.5125598316, "admisible": 0, "deuda_anio": 0.0, "Clavepre": "3-32-16-09-000", "ORIG_FID": 153 }, "geometry": { "type": "Point", "coordinates": [ -80.72494280234551, -0.983381248932617 ] } },
{ "type": "Feature", "properties": { "id": 92483, "lote_id": 68094, "clavecatas": "3-32-15-04-000", "zona": "3", "sector": "32", "manzana": "15", "lote": "04", "ph": "000", "propietari": "ALCIVAR RUA WILSON RAMON", "documentop": "1303281651", "direccion": "MZ-M LT. 04 URB. URBIRIOS", "area_m2": 120.0, "frente_uti": 8.0, "frente_tot": 0.0, "avaluo_con": 0.0, "avaluo_sue": 8400.0, "zonaurbano": "URBANA", "parroquia": "TARQUI", "esta_bloqu": "NO", "es_tercera": "SI", "tiene_elec": "SI", "tiene_agua": "SI", "tiene_alca": "NO", "observacio": "INF. AMPARO Q. OCT. 28/2003 MR C-3526-03 C-6260-08 C-4077-09 -SELLO LUIS L. 08/14/09 Y.C.S.-\r\n\r\nINF. PARA CERTIFICADO INGRESADO POR VENTANILLA AL SISTEMA    EN LINEA 19 DE ENERO DEL 2018, MR\r\n\r\nINF. PARA CERTIFICADO INGRESADO POR VENTANILLA AL SISTEMA", "observac_1": null, "barrio": "URBIRRIOS X", "parroquia_": 3, "barrio_id": 331, "proceso": 1, "fecha_regi": null, "activo_cat": "SI", "desactivad": 0, "avaluo_rem": 0.0, "avaluo_r_1": 0.0, "clasificac": "DEPURACION CATASTRO", "anio_deuda": 0, "deuda": 0.0, "valor_ip": 0.0, "coactiva": null, "ficharegis": 14936, "etam": 0.0912870929, "diferencia": -1.964903251, "porc_difer": -0.0163741938, "admisible": 1, "deuda_anio": 0.0, "Clavepre": "3-32-15-04-000", "ORIG_FID": 154 }, "geometry": { "type": "Point", "coordinates": [ -80.724803887924125, -0.983962252902785 ] } },
{ "type": "Feature", "properties": { "id": 92484, "lote_id": 68095, "clavecatas": "3-32-15-05-000", "zona": "3", "sector": "32", "manzana": "15", "lote": "05", "ph": "000", "propietari": "ALCIVAR RUA WILSON RAMON", "documentop": "1303281651", "direccion": "MZ- M LT. 05 URBIRIOS", "area_m2": 120.0, "frente_uti": 8.0, "frente_tot": 0.0, "avaluo_con": 0.0, "avaluo_sue": 8400.0, "zonaurbano": "URBANA", "parroquia": "TARQUI", "esta_bloqu": "NO", "es_tercera": "SI", "tiene_elec": "SI", "tiene_agua": "SI", "tiene_alca": "NO", "observacio": "INF. AMPARO Q. OCT. 28/2003 MR C-3527-03 C-903-05 -Sello Carlos D.05/06/05 Y.C.S.-", "observac_1": null, "barrio": "URBIRRIOS X", "parroquia_": 3, "barrio_id": 331, "proceso": 1, "fecha_regi": null, "activo_cat": "SI", "desactivad": 0, "avaluo_rem": 0.0, "avaluo_r_1": 0.0, "clasificac": "DEPURACION CATASTRO", "anio_deuda": 0, "deuda": 0.0, "valor_ip": 0.0, "coactiva": null, "ficharegis": 0, "etam": 0.0912870929, "diferencia": -4.416630901, "porc_difer": -0.0368052575, "admisible": 1, "deuda_anio": 0.0, "Clavepre": "3-32-15-05-000", "ORIG_FID": 155 }, "geometry": { "type": "Point", "coordinates": [ -80.724856085378889, -0.983912415114217 ] } },
{ "type": "Feature", "properties": { "id": 92485, "lote_id": 68096, "clavecatas": "3-32-15-06-000", "zona": "3", "sector": "32", "manzana": "15", "lote": "06", "ph": "000", "propietari": "RAMIREZ OLIVES PAULA MARILU S/E /GAD MANTA", "documentop": "1308192754", "direccion": "MZ-M LT. 06 URBIRIOS", "area_m2": 120.0, "frente_uti": 8.0, "frente_tot": 0.0, "avaluo_con": 0.0, "avaluo_sue": 8400.0, "zonaurbano": "URBANA", "parroquia": "TARQUI", "esta_bloqu": "NO", "es_tercera": "NO", "tiene_elec": "SI", "tiene_agua": "SI", "tiene_alca": "NO", "observacio": "INF. AMAPRO Q. OCT. 28/2003 MR C-3528-03\r\nSE MODIF.NOMBRE X DEPURAC.22/06/12 A.Q.", "observac_1": null, "barrio": "URBIRRIOS X", "parroquia_": 3, "barrio_id": 331, "proceso": 1, "fecha_regi": null, "activo_cat": "SI", "desactivad": 0, "avaluo_rem": 0.0, "avaluo_r_1": 0.0, "clasificac": "DEPURACION CATASTRO", "anio_deuda": 2010, "deuda": 582.66, "valor_ip": 0.0, "coactiva": null, "ficharegis": 0, "etam": 0.0912870929, "diferencia": -3.0092755995, "porc_difer": -0.0250772967, "admisible": 1, "deuda_anio": 569.38, "Clavepre": "3-32-15-06-000", "ORIG_FID": 156 }, "geometry": { "type": "Point", "coordinates": [ -80.724907446891251, -0.983860978011909 ] } },
{ "type": "Feature", "properties": { "id": 92486, "lote_id": 68097, "clavecatas": "3-32-15-07-000", "zona": "3", "sector": "32", "manzana": "15", "lote": "07", "ph": "000", "propietari": "CARREÑO OLIVES MARIA AUXILIADORA S/E /GAD MANTA", "documentop": "1307625697", "direccion": "MZ-M LT.07 URB. URBIRIOS", "area_m2": 120.0, "frente_uti": 8.0, "frente_tot": 0.0, "avaluo_con": 0.0, "avaluo_sue": 8400.0, "zonaurbano": "URBANA", "parroquia": "TARQUI", "esta_bloqu": "NO", "es_tercera": "NO", "tiene_elec": "SI", "tiene_agua": "SI", "tiene_alca": "NO", "observacio": "INF. AMPARO Q. SEPT. 29/05 MR -SE MODIFICA SELLO REDISEÑO AMPARO Q.09/13/07 Y.C.S.- -SE ANULA EL ANTERIOR Y SE SELLA PROT.DE PLANOS D REDISEÑO AMPARO Q.01/07/08 Y.C.S.-SE MODIF.NOMBRE X DEPURAC.26/06/12 A.Q.", "observac_1": null, "barrio": "URBIRRIOS X", "parroquia_": 3, "barrio_id": 331, "proceso": 1, "fecha_regi": null, "activo_cat": "SI", "desactivad": 0, "avaluo_rem": 0.0, "avaluo_r_1": 0.0, "clasificac": "DEPURACION CATASTRO", "anio_deuda": 2010, "deuda": 583.37, "valor_ip": 0.0, "coactiva": "SEGUNDA NOTIFICACION", "ficharegis": 0, "etam": 0.0912870929, "diferencia": -3.0499384664, "porc_difer": -0.0254161539, "admisible": 1, "deuda_anio": 570.09, "Clavepre": "3-32-15-07-000", "ORIG_FID": 157 }, "geometry": { "type": "Point", "coordinates": [ -80.724958818003742, -0.98381015029659 ] } },
{ "type": "Feature", "properties": { "id": 92489, "lote_id": 68100, "clavecatas": "3-32-15-10-000", "zona": "3", "sector": "32", "manzana": "15", "lote": "10", "ph": "000", "propietari": "ALVARADO GONZALEZ ROXANA BELEN", "documentop": "0916542798", "direccion": "MZ-M LT.10 URBIRIOS", "area_m2": 120.0, "frente_uti": 8.0, "frente_tot": 0.0, "avaluo_con": 0.0, "avaluo_sue": 8400.0, "zonaurbano": "URBANA", "parroquia": "TARQUI", "esta_bloqu": "NO", "es_tercera": "NO", "tiene_elec": "SI", "tiene_agua": "SI", "tiene_alca": "NO", "observacio": "INF. AMPARO Q. SEPT. 27/05 MR -SE MODIFICA SELLO REDISEÑO AMPARO Q.09/13/07 Y.C.S.- C-3352-08  DONACION INF. LUIS L. SEPT. 16/08 MR SE ACT CERT EMITIDO`POR GS REVISADO POR FNZ 48962-17 GS-SELLO CVTA.(S/F)06/21/17 Y.C.S.-", "observac_1": null, "barrio": "URBIRRIOS X", "parroquia_": 3, "barrio_id": 331, "proceso": 1, "fecha_regi": null, "activo_cat": "SI", "desactivad": 0, "avaluo_rem": 0.0, "avaluo_r_1": 0.0, "clasificac": "GENERAL", "anio_deuda": 2023, "deuda": 76.79, "valor_ip": 0.0, "coactiva": null, "ficharegis": 2899, "etam": 0.0912870929, "diferencia": -60.03074705, "porc_difer": -0.5002562254, "admisible": 0, "deuda_anio": 63.18, "Clavepre": "3-32-15-10-000", "ORIG_FID": 158 }, "geometry": { "type": "Point", "coordinates": [ -80.724852500761031, -0.984137522349618 ] } },
{ "type": "Feature", "properties": { "id": 92490, "lote_id": 68101, "clavecatas": "3-32-15-11-000", "zona": "3", "sector": "32", "manzana": "15", "lote": "11", "ph": "000", "propietari": "HOLGUN SANTANA RAUL CRISTOBAL", "documentop": "1309378188", "direccion": "MZ-M LT.11 URBIRIOS", "area_m2": 120.0, "frente_uti": 8.0, "frente_tot": 0.0, "avaluo_con": 0.0, "avaluo_sue": 8400.0, "zonaurbano": "URBANA", "parroquia": "TARQUI", "esta_bloqu": "NO", "es_tercera": "NO", "tiene_elec": "SI", "tiene_agua": "SI", "tiene_alca": "NO", "observacio": "inf. amparo q. sept. 27/05 mr -Se modifica Sello rediseño Amparo Q.09/13/07 Y.C.S.-ACTUALIZACION INF. AMPARO Q. JULIO 16/08 MR c-4796-08 C. VTA INF. CARLOS D. AGOISTO 19/08 MR", "observac_1": null, "barrio": "URBIRRIOS X", "parroquia_": 3, "barrio_id": 331, "proceso": 1, "fecha_regi": null, "activo_cat": "SI", "desactivad": 0, "avaluo_rem": 0.0, "avaluo_r_1": 0.0, "clasificac": "DEPURACION CATASTRO", "anio_deuda": 2012, "deuda": 500.78, "valor_ip": 0.0, "coactiva": null, "ficharegis": 5453, "etam": 0.0912870929, "diferencia": -45.0057683876, "porc_difer": -0.3750480699, "admisible": 0, "deuda_anio": 487.5, "Clavepre": "3-32-15-11-000", "ORIG_FID": 159 }, "geometry": { "type": "Point", "coordinates": [ -80.724909888356422, -0.984083506958821 ] } },
{ "type": "Feature", "properties": { "id": 92491, "lote_id": 68102, "clavecatas": "3-32-15-12-000", "zona": "3", "sector": "32", "manzana": "15", "lote": "12", "ph": "000", "propietari": "MACIAS PALMA FATIMA EUGENIA .", "documentop": "1310915739", "direccion": "MZ-M LT. 12 URBIRIOS", "area_m2": 120.0, "frente_uti": 8.0, "frente_tot": 0.0, "avaluo_con": 0.0, "avaluo_sue": 8400.0, "zonaurbano": "URBANA", "parroquia": "TARQUI", "esta_bloqu": "NO", "es_tercera": "NO", "tiene_elec": "SI", "tiene_agua": "SI", "tiene_alca": "NO", "observacio": "INF.  AMPARO Q. SEPT. 27/05 MR, ACTUALIZACION INF. AMPARO Q. JULIO 18/07 MR -SE MODIFICA SELLO REDISEÑO AMPARO Q.09/13/07 Y.C.S.- C-4797-08 -SELLO AMPARO Q.08/14/08 Y.C.S.-", "observac_1": null, "barrio": "URBIRRIOS X", "parroquia_": 3, "barrio_id": 331, "proceso": 1, "fecha_regi": null, "activo_cat": "SI", "desactivad": 0, "avaluo_rem": 0.0, "avaluo_r_1": 0.0, "clasificac": "DEPURACION CATASTRO", "anio_deuda": 2015, "deuda": 375.3, "valor_ip": 0.0, "coactiva": null, "ficharegis": 5074, "etam": 0.0912870929, "diferencia": -41.622553802699997, "porc_difer": -0.346854615, "admisible": 0, "deuda_anio": 362.02, "Clavepre": "3-32-15-12-000", "ORIG_FID": 160 }, "geometry": { "type": "Point", "coordinates": [ -80.724961577972721, -0.984029197238594 ] } },
{ "type": "Feature", "properties": { "id": 92492, "lote_id": 68103, "clavecatas": "3-32-15-13-000", "zona": "3", "sector": "32", "manzana": "15", "lote": "13", "ph": "000", "propietari": "MURILLO PARRAGA DOLORES", "documentop": "1303295453", "direccion": "MZ-M LT.13 URBIRIOS", "area_m2": 120.0, "frente_uti": 8.0, "frente_tot": 0.0, "avaluo_con": 0.0, "avaluo_sue": 8400.0, "zonaurbano": "URBANA", "parroquia": "TARQUI", "esta_bloqu": "NO", "es_tercera": "NO", "tiene_elec": "SI", "tiene_agua": "SI", "tiene_alca": "NO", "observacio": "INF. AMPARO Q. SEPT. 29/05 MR Cambio de nombre inf . de PLAU Amparo Q. febrero 14/07 mr c-2846-08  DONACION INF. CARLKOS D. AGOSTO 29/08 MR c-5762-08", "observac_1": null, "barrio": "URBIRRIOS X", "parroquia_": 3, "barrio_id": 331, "proceso": 1, "fecha_regi": null, "activo_cat": "SI", "desactivad": 0, "avaluo_rem": 0.0, "avaluo_r_1": 0.0, "clasificac": "DEPURACION CATASTRO", "anio_deuda": 2020, "deuda": 168.63, "valor_ip": 0.0, "coactiva": null, "ficharegis": 2263, "etam": 0.0912870929, "diferencia": -52.092221961900002, "porc_difer": -0.4341018497, "admisible": 0, "deuda_anio": 155.35, "Clavepre": "3-32-15-13-000", "ORIG_FID": 161 }, "geometry": { "type": "Point", "coordinates": [ -80.725065684753361, -0.983924350318509 ] } },
{ "type": "Feature", "properties": { "id": 92493, "lote_id": 68104, "clavecatas": "3-32-15-15-000", "zona": "3", "sector": "32", "manzana": "15", "lote": "15", "ph": "000", "propietari": "MACIAS ALCIVAR ROXANA JAMILETH S/E /GAD MANTA", "documentop": "1315176196", "direccion": "MZ-M LT. 15 URBIRIOS", "area_m2": 144.0, "frente_uti": 8.0, "frente_tot": 0.0, "avaluo_con": 0.0, "avaluo_sue": 10080.0, "zonaurbano": "URBANA", "parroquia": "TARQUI", "esta_bloqu": "NO", "es_tercera": "NO", "tiene_elec": "SI", "tiene_agua": "SI", "tiene_alca": "NO", "observacio": "ING. NUEVO INF. AMPARO Q. JUNIO 06/08 MR\r\nSE MODIF.NOMBRE X DEPURAC.22/06/12 A.Q.", "observac_1": null, "barrio": "URBIRIOS", "parroquia_": 3, "barrio_id": 231, "proceso": 1, "fecha_regi": null, "activo_cat": "SI", "desactivad": 0, "avaluo_rem": 0.0, "avaluo_r_1": 0.0, "clasificac": "DEPURACION CATASTRO", "anio_deuda": 2010, "deuda": 614.36, "valor_ip": 0.0, "coactiva": null, "ficharegis": 0, "etam": 0.0833333333, "diferencia": -3.7377494036000001, "porc_difer": -0.0259565931, "admisible": 1, "deuda_anio": 599.76, "Clavepre": "3-32-15-15-000", "ORIG_FID": 162 }, "geometry": { "type": "Point", "coordinates": [ -80.725119915209035, -0.98387468359858 ] } },
{ "type": "Feature", "properties": { "id": 92494, "lote_id": 68105, "clavecatas": "3-32-15-16-000", "zona": "3", "sector": "32", "manzana": "15", "lote": "16", "ph": "000", "propietari": "SOLORZANO SALAZAR AURA TRINIDAD S/E /GAD MANTA", "documentop": "1306414838", "direccion": "MZ-M LT. 16 URBIRIOS", "area_m2": 120.0, "frente_uti": 8.0, "frente_tot": 0.0, "avaluo_con": 0.0, "avaluo_sue": 8400.0, "zonaurbano": "URBANA", "parroquia": "TARQUI", "esta_bloqu": "SI", "es_tercera": "NO", "tiene_elec": "SI", "tiene_agua": "SI", "tiene_alca": "NO", "observacio": "INF. AMPARO Q. SEPT. 29/05 MR -ESTA CLAVE HAY QUE ANULARLA X NO EXISTIR EN EL NUEVO REDISEÑO NO SE ANULA PORQ ESTAN CANCELADOS LOS PREDIOS HASTA EL 2007 INF.AMPARO Q.09/13/07 Y.C.S.-SE MODIF.NOMBRE X DEPURAC.22/06/12 A.Q.", "observac_1": "- MEMORANDO 055-DACR-DCR-GADM-15", "barrio": "URBIRRIOS X", "parroquia_": 3, "barrio_id": 331, "proceso": 1, "fecha_regi": null, "activo_cat": "SI", "desactivad": 0, "avaluo_rem": 0.0, "avaluo_r_1": 0.0, "clasificac": "DEPURACION CATASTRO", "anio_deuda": 0, "deuda": 0.0, "valor_ip": 0.0, "coactiva": null, "ficharegis": 0, "etam": 0.0912870929, "diferencia": -20.199357880099999, "porc_difer": -0.1683279823, "admisible": 0, "deuda_anio": 49.88, "Clavepre": "3-32-15-16-000", "ORIG_FID": 163 }, "geometry": { "type": "Point", "coordinates": [ -80.725163480916279, -0.98375068546477 ] } },
{ "type": "Feature", "properties": { "id": 92495, "lote_id": 68106, "clavecatas": "3-32-15-17-000", "zona": "3", "sector": "32", "manzana": "15", "lote": "17", "ph": "000", "propietari": "SANTANA DELGADO PEDRO PABLO S/E /GAD MANTA", "documentop": ".", "direccion": "MZ- LT. 17 URB. URBIRIOS", "area_m2": 144.0, "frente_uti": 8.0, "frente_tot": 0.0, "avaluo_con": 0.0, "avaluo_sue": 10080.0, "zonaurbano": "URBANA", "parroquia": "TARQUI", "esta_bloqu": "NO", "es_tercera": "NO", "tiene_elec": "SI", "tiene_agua": "SI", "tiene_alca": "NO", "observacio": "ING. NUEVO INF. AMPARO Q. JUNIO 06/08 MR\r\nSE MODIF.NOMBRE X DEPURAC.22/06/12 A.Q.", "observac_1": null, "barrio": "URBIRIOS", "parroquia_": 3, "barrio_id": 231, "proceso": 1, "fecha_regi": null, "activo_cat": "SI", "desactivad": 0, "avaluo_rem": 0.0, "avaluo_r_1": 0.0, "clasificac": "DEPURACION CATASTRO", "anio_deuda": 0, "deuda": 0.0, "valor_ip": 0.0, "coactiva": null, "ficharegis": 0, "etam": 0.0833333333, "diferencia": 96.377956368400007, "porc_difer": 0.6692913637, "admisible": 0, "deuda_anio": 0.0, "Clavepre": "3-32-15-17-000", "ORIG_FID": 164 }, "geometry": { "type": "Point", "coordinates": [ -80.725069355767602, -0.983637820419648 ] } },
{ "type": "Feature", "properties": { "id": 92496, "lote_id": 68107, "clavecatas": "3-32-15-18-000", "zona": "3", "sector": "32", "manzana": "15", "lote": "18", "ph": "000", "propietari": "BARCIA LOOR CLAUDIO GILBERTO S/E/GAD MANTA", "documentop": "1301800171", "direccion": "MZ-M LT. 18 URBIRIOS CALLE 305", "area_m2": 144.0, "frente_uti": 8.0, "frente_tot": 0.0, "avaluo_con": 0.0, "avaluo_sue": 10080.0, "zonaurbano": "URBANA", "parroquia": "TARQUI", "esta_bloqu": "NO", "es_tercera": "SI", "tiene_elec": "SI", "tiene_agua": "SI", "tiene_alca": "NO", "observacio": "ING. NUEVO INF. AMPARO Q. JULIO 07/08 MR\r\nSE MODIF.NOMBRE X DEPUR.22/06/12 A.Q.", "observac_1": null, "barrio": "URBIRIOS", "parroquia_": 3, "barrio_id": 231, "proceso": 1, "fecha_regi": null, "activo_cat": "SI", "desactivad": 0, "avaluo_rem": 0.0, "avaluo_r_1": 0.0, "clasificac": "DEPURACION CATASTRO", "anio_deuda": 2010, "deuda": 610.97, "valor_ip": 0.0, "coactiva": "SEGUNDA NOTIFICACION", "ficharegis": 0, "etam": 0.0833333333, "diferencia": -6.0491068268000001, "porc_difer": -0.0420076863, "admisible": 1, "deuda_anio": 600.01, "Clavepre": "3-32-15-18-000", "ORIG_FID": 165 }, "geometry": { "type": "Point", "coordinates": [ -80.725176910684851, -0.983605898451057 ] } },
{ "type": "Feature", "properties": { "id": 92497, "lote_id": 68108, "clavecatas": "3-32-15-19-000", "zona": "3", "sector": "32", "manzana": "15", "lote": "19", "ph": "000", "propietari": "GARCIA IBARRA DEISI CHARITO S/E /GAD MANTA", "documentop": "1307609444", "direccion": "MZ-M LT. 19 URBIRIOS", "area_m2": 144.1, "frente_uti": 16.0, "frente_tot": 0.0, "avaluo_con": 0.0, "avaluo_sue": 10087.0, "zonaurbano": "URBANA", "parroquia": "TARQUI", "esta_bloqu": "NO", "es_tercera": "NO", "tiene_elec": "SI", "tiene_agua": "SI", "tiene_alca": "NO", "observacio": "ING. NUEVO INF. AMPARO Q. JUNIO 26/08 MR.-SE MODIF.NOMBRE X DEPURAC.22/06/12 A.Q.", "observac_1": null, "barrio": "URBIRRIOS X", "parroquia_": 3, "barrio_id": 331, "proceso": 1, "fecha_regi": null, "activo_cat": "SI", "desactivad": 0, "avaluo_rem": 0.0, "avaluo_r_1": 0.0, "clasificac": "DEPURACION CATASTRO", "anio_deuda": 2010, "deuda": 993.28, "valor_ip": 0.0, "coactiva": null, "ficharegis": 0, "etam": 0.0833044132, "diferencia": -2.074839211, "porc_difer": -0.0143986066, "admisible": 1, "deuda_anio": 973.29, "Clavepre": "3-32-15-19-000", "ORIG_FID": 166 }, "geometry": { "type": "Point", "coordinates": [ -80.725183644172773, -0.983835013952091 ] } },
{ "type": "Feature", "properties": { "id": 92498, "lote_id": 68109, "clavecatas": "3-32-15-20-000", "zona": "3", "sector": "32", "manzana": "15", "lote": "20", "ph": "000", "propietari": "DELGADO FLORES ROSA S/E /GAD MANTA", "documentop": ".", "direccion": "MZ-M  LT. 20 URBIRIOS", "area_m2": 156.27, "frente_uti": 25.64, "frente_tot": 0.0, "avaluo_con": 0.0, "avaluo_sue": 10938.9, "zonaurbano": "URBANA", "parroquia": "TARQUI", "esta_bloqu": "NO", "es_tercera": "NO", "tiene_elec": "SI", "tiene_agua": "SI", "tiene_alca": "NO", "observacio": "ING. NUEVO INF. AMPARO Q. JUNIO 06/08 MR ACTUALIZAR INF AMPARO Q. SEPT. 15/08 MR.-SE MODIF.NOMBRE X DEPURAC.22/06/12 A.Q.", "observac_1": null, "barrio": "URBIRIOS", "parroquia_": 3, "barrio_id": 231, "proceso": 1, "fecha_regi": null, "activo_cat": "SI", "desactivad": 0, "avaluo_rem": 0.0, "avaluo_r_1": 0.0, "clasificac": "DEPURACION CATASTRO", "anio_deuda": 2003, "deuda": 1829.61, "valor_ip": 0.0, "coactiva": null, "ficharegis": 0, "etam": 0.0799948805, "diferencia": 27.288190617400002, "porc_difer": 0.1746220683, "admisible": 0, "deuda_anio": 0.0, "Clavepre": "3-32-15-20-000", "ORIG_FID": 167 }, "geometry": { "type": "Point", "coordinates": [ -80.725272024610376, -0.983428209987532 ] } },
{ "type": "Feature", "properties": { "id": 92499, "lote_id": 80582, "clavecatas": "3-32-15-21-000", "zona": "3", "sector": "32", "manzana": "15", "lote": "21", "ph": "000", "propietari": "MERO JORGE LUIS", "documentop": "1303801706", "direccion": "URBIRRIOS MZ M 8 Y 9", "area_m2": 270.0, "frente_uti": 33.0, "frente_tot": 33.0, "avaluo_con": 3931.2, "avaluo_sue": 18900.0, "zonaurbano": "URBANA", "parroquia": "TARQUI", "esta_bloqu": "NO", "es_tercera": "NO", "tiene_elec": "SI", "tiene_agua": "SI", "tiene_alca": "SI", "observacio": "INGRESO NUEVO SE UNIFICAN LOS CODIGOS 3321508-3321509 AUT PPUU 060-1943 INF ARQ ANTONIO SANTOS 20/08/2013 -SELLO DONACION Y UNIF.DE LOTES(3321508 Y 09) DANIEL S.08/20/13 Y.C.S.- FM2010", "observac_1": "FM2010", "barrio": "URBIRRIOS X", "parroquia_": 5, "barrio_id": 331, "proceso": 1, "fecha_regi": null, "activo_cat": "SI", "desactivad": 0, "avaluo_rem": 0.0, "avaluo_r_1": 0.0, "clasificac": "GENERAL", "anio_deuda": 0, "deuda": 0.0, "valor_ip": 0.0, "coactiva": null, "ficharegis": 28550, "etam": 0.1217161239, "diferencia": -75.369891268499998, "porc_difer": -0.2791477454, "admisible": 0, "deuda_anio": 0.0, "Clavepre": "3-32-15-21-000", "ORIG_FID": 168 }, "geometry": { "type": "Point", "coordinates": [ -80.724763588627411, -0.984220488107773 ] } },
{ "type": "Feature", "properties": { "id": 92500, "lote_id": 68110, "clavecatas": "3-32-16-01-000", "zona": "3", "sector": "32", "manzana": "16", "lote": "01", "ph": "000", "propietari": "SUIN ROBLEZ VICTOR ANTONIO", "documentop": "0701042962", "direccion": "MZ-M-1 LOTE 01 URB. URBIRIOS", "area_m2": 135.0, "frente_uti": 24.0, "frente_tot": 0.0, "avaluo_con": 14256.0, "avaluo_sue": 9450.0, "zonaurbano": "URBANA", "parroquia": "TARQUI", "esta_bloqu": "NO", "es_tercera": "SI", "tiene_elec": "SI", "tiene_agua": "SI", "tiene_alca": "NO", "observacio": "INF. A.Q. 10/29/03 MR. C-3505-03 1062-05.- SELLO LUIS L. 05/17/05 Y.C.S.- C-2509-05 N.1.161-06 EN 08/23 SE DESC. LOS AÑOS 2003 AL 2005 YA QUE EL PROP. DE LA CLAVE 3328122 PRESENTO EL RECIB ORIGINAL CANC. EL CUAL LO DEJO INF. D TEDDY M.-CAMBIO DE NOMBRE", "observac_1": null, "barrio": "URBIRRIOS X", "parroquia_": 3, "barrio_id": 331, "proceso": 1, "fecha_regi": null, "activo_cat": "SI", "desactivad": 0, "avaluo_rem": 0.0, "avaluo_r_1": 0.0, "clasificac": "GENERAL", "anio_deuda": 0, "deuda": 0.0, "valor_ip": 0.0, "coactiva": null, "ficharegis": 12259, "etam": 0.0860662966, "diferencia": -4.7138975456000001, "porc_difer": -0.0349177596, "admisible": 1, "deuda_anio": 0.0, "Clavepre": "3-32-16-01-000", "ORIG_FID": 169 }, "geometry": { "type": "Point", "coordinates": [ -80.724537486782253, -0.983951220200447 ] } },
{ "type": "Feature", "properties": { "id": 92501, "lote_id": 68111, "clavecatas": "3-32-16-02-000", "zona": "3", "sector": "32", "manzana": "16", "lote": "02", "ph": "000", "propietari": "ALCIVAR VELASQUEZ MAURO Y DOLORES", "documentop": "1308448313", "direccion": "MZ-M1 LT. 02 URBIRIOS", "area_m2": 120.0, "frente_uti": 8.0, "frente_tot": 0.0, "avaluo_con": 7157.82, "avaluo_sue": 8400.0, "zonaurbano": "URBANA", "parroquia": "TARQUI", "esta_bloqu": "NO", "es_tercera": "NO", "tiene_elec": "SI", "tiene_agua": "SI", "tiene_alca": "NO", "observacio": "INF. AAAMPARO Q. OCT. 28/2003 MR C.3506-03 -Sello Luis L.03/01/05 Y.C.S.- C-2631-05 1.383-07", "observac_1": null, "barrio": "URBIRRIOS X", "parroquia_": 3, "barrio_id": 331, "proceso": 1, "fecha_regi": null, "activo_cat": "SI", "desactivad": 0, "avaluo_rem": 0.0, "avaluo_r_1": 0.0, "clasificac": "DEPURACION CATASTRO", "anio_deuda": 0, "deuda": 0.0, "valor_ip": 0.0, "coactiva": null, "ficharegis": 0, "etam": 0.0912870929, "diferencia": 7.1162950977000001, "porc_difer": 0.0593024591, "admisible": 1, "deuda_anio": 0.0, "Clavepre": "3-32-16-02-000", "ORIG_FID": 170 }, "geometry": { "type": "Point", "coordinates": [ -80.724597044006089, -0.983897706135716 ] } },
{ "type": "Feature", "properties": { "id": 92503, "lote_id": 68113, "clavecatas": "3-32-16-04-000", "zona": "3", "sector": "32", "manzana": "16", "lote": "04", "ph": "000", "propietari": "PILOZO BAQUE TEODORA MARITZA", "documentop": "1309378501", "direccion": "MZ-M1 LT. 4 URBIRIOS", "area_m2": 120.0, "frente_uti": 8.0, "frente_tot": 0.0, "avaluo_con": 0.0, "avaluo_sue": 8400.0, "zonaurbano": "URBANA", "parroquia": "TARQUI", "esta_bloqu": "NO", "es_tercera": "NO", "tiene_elec": "SI", "tiene_agua": "SI", "tiene_alca": "NO", "observacio": "INF. AMPARO Q. OCT. 28/2003 MR C-3508-03 C-874-05 -Sello Luis L.03/11/05 Y.C.S.- 1.402-05", "observac_1": null, "barrio": "URBIRRIOS X", "parroquia_": 3, "barrio_id": 331, "proceso": 1, "fecha_regi": null, "activo_cat": "SI", "desactivad": 0, "avaluo_rem": 0.0, "avaluo_r_1": 0.0, "clasificac": "DEPURACION CATASTRO", "anio_deuda": 0, "deuda": 0.0, "valor_ip": 0.0, "coactiva": null, "ficharegis": 0, "etam": 0.0912870929, "diferencia": 5.968226168, "porc_difer": 0.0497352181, "admisible": 1, "deuda_anio": 0.0, "Clavepre": "3-32-16-04-000", "ORIG_FID": 171 }, "geometry": { "type": "Point", "coordinates": [ -80.724700894818852, -0.983796415816624 ] } },
{ "type": "Feature", "properties": { "id": 92504, "lote_id": 68114, "clavecatas": "3-32-16-05-000", "zona": "3", "sector": "32", "manzana": "16", "lote": "05", "ph": "000", "propietari": "MEZA CEDEÑO EMILIO Y MARIUXI VERA", "documentop": "1709986085", "direccion": "MZ-M1 LT. 05 URBIRIOS", "area_m2": 120.0, "frente_uti": 8.0, "frente_tot": 0.0, "avaluo_con": 0.0, "avaluo_sue": 8400.0, "zonaurbano": "URBANA", "parroquia": "TARQUI", "esta_bloqu": "NO", "es_tercera": "NO", "tiene_elec": "SI", "tiene_agua": "SI", "tiene_alca": "NO", "observacio": "INF. AMPARO Q. OCT. 28/2003 MR C-3509-03", "observac_1": null, "barrio": "URBIRRIOS X", "parroquia_": 3, "barrio_id": 331, "proceso": 1, "fecha_regi": null, "activo_cat": "SI", "desactivad": 0, "avaluo_rem": 0.0, "avaluo_r_1": 0.0, "clasificac": "DEPURACION CATASTRO", "anio_deuda": 2016, "deuda": 329.29, "valor_ip": 0.0, "coactiva": null, "ficharegis": 22150, "etam": 0.0912870929, "diferencia": 2.6327523329, "porc_difer": 0.0219396028, "admisible": 1, "deuda_anio": 315.98, "Clavepre": "3-32-16-05-000", "ORIG_FID": 172 }, "geometry": { "type": "Point", "coordinates": [ -80.724753918926126, -0.983744658327936 ] } },
{ "type": "Feature", "properties": { "id": 92505, "lote_id": 68115, "clavecatas": "3-32-16-06-000", "zona": "3", "sector": "32", "manzana": "16", "lote": "06", "ph": "000", "propietari": "DELGADO CARRILLO ELFRIDA ROBERTINA", "documentop": "1306897636", "direccion": "MZ-M-1 LT. 06 URB. MUNICIPAL URBIRIOS", "area_m2": 120.0, "frente_uti": 8.0, "frente_tot": 0.0, "avaluo_con": 11520.0, "avaluo_sue": 8400.0, "zonaurbano": "URBANA", "parroquia": "TARQUI", "esta_bloqu": "NO", "es_tercera": "NO", "tiene_elec": "SI", "tiene_agua": "SI", "tiene_alca": "NO", "observacio": "INF.AMPARO Q.10/28/2003 MR C-3510-03\r\nSE MODIF.NOMBRE X DEPURAC.26/06/12 A.Q.INF.PARA CERT.INF.VENTANILLA VALERIA VERA REVIZADO X EL TECNICO MIGUEL CAJAPE 11-25-13 CERT.16.967-13 -SELLO CVTA.DANIEL S.12/26/13 Y.C.S.-", "observac_1": null, "barrio": "URBIRRIOS X", "parroquia_": 3, "barrio_id": 331, "proceso": 1, "fecha_regi": null, "activo_cat": "SI", "desactivad": 0, "avaluo_rem": 0.0, "avaluo_r_1": 0.0, "clasificac": "GENERAL", "anio_deuda": 2014, "deuda": 671.92, "valor_ip": 0.0, "coactiva": null, "ficharegis": 43217, "etam": 0.0912870929, "diferencia": 0.8896732799, "porc_difer": 0.007413944, "admisible": 1, "deuda_anio": 647.13, "Clavepre": "3-32-16-06-000", "ORIG_FID": 173 }, "geometry": { "type": "Point", "coordinates": [ -80.724808931815247, -0.983691466289949 ] } },
{ "type": "Feature", "properties": { "id": 92506, "lote_id": 68116, "clavecatas": "3-32-16-07-000", "zona": "3", "sector": "32", "manzana": "16", "lote": "07", "ph": "000", "propietari": "CHALEN VALLEJO ANITA FABIOLA", "documentop": "0912524949", "direccion": "MZ-M1 LT. 07 UICIPAL  URBIRIOS", "area_m2": 120.0, "frente_uti": 15.0, "frente_tot": 0.0, "avaluo_con": 0.0, "avaluo_sue": 8400.0, "zonaurbano": "URBANA", "parroquia": "TARQUI", "esta_bloqu": "NO", "es_tercera": "NO", "tiene_elec": "SI", "tiene_agua": "SI", "tiene_alca": "SI", "observacio": "INF. AMPARO Q. OCT. 28/2003 MR C-3511-03 LOTE ADJ.EN CAL.CVTA.INF.AMPARO Q.25/09/08 ACTZ.INF.PARA CERTIFICADO VALERIA VERA, Y  REVISADO POR ARQ. ANGEL MENDOZA  NOVIEMBRE 15-12 8519-12 -SELLO CVTA.FERNANDO N.12/05/12 Y.C.S.-", "observac_1": null, "barrio": "URBIRRIOS X", "parroquia_": 3, "barrio_id": 331, "proceso": 1, "fecha_regi": null, "activo_cat": "SI", "desactivad": 0, "avaluo_rem": 0.0, "avaluo_r_1": 0.0, "clasificac": "GENERAL", "anio_deuda": 2020, "deuda": 213.76, "valor_ip": 0.0, "coactiva": null, "ficharegis": 37628, "etam": 0.0912870929, "diferencia": -10.3331028163, "porc_difer": -0.0861091901, "admisible": 1, "deuda_anio": 195.48, "Clavepre": "3-32-16-07-000", "ORIG_FID": 174 }, "geometry": { "type": "Point", "coordinates": [ -80.72505016479775, -0.983275750383837 ] } },
{ "type": "Feature", "properties": { "id": 92507, "lote_id": 68117, "clavecatas": "3-32-16-08-000", "zona": "3", "sector": "32", "manzana": "16", "lote": "08", "ph": "000", "propietari": "PINCAY SANTANA FATIMA TERESA", "documentop": "1310534381", "direccion": "MZ-M1 LT. 08  URB. URBIRIOS I", "area_m2": 120.0, "frente_uti": 8.0, "frente_tot": 0.0, "avaluo_con": 4480.0, "avaluo_sue": 8400.0, "zonaurbano": "URBANA", "parroquia": "TARQUI", "esta_bloqu": "NO", "es_tercera": "NO", "tiene_elec": "SI", "tiene_agua": "SI", "tiene_alca": "NO", "observacio": "INF.AMPARO Q.OCT.27/2003 MR C-3512-03 SE MODIF.NOMBRE X DEPURAC.26/06/\r\n12 A.Q.INF.PARA CERT.REV.X PERITO LCDA.MARISOL ARTEAGA RIVAS,AGOSTO 25-2016 MR.-SELLO CVTA S/F.26/09/16\r\nA.Q.", "observac_1": null, "barrio": "URBIRRIOS X", "parroquia_": 3, "barrio_id": 331, "proceso": 1, "fecha_regi": null, "activo_cat": "SI", "desactivad": 0, "avaluo_rem": 0.0, "avaluo_r_1": 0.0, "clasificac": "GENERAL", "anio_deuda": 2026, "deuda": 17.63, "valor_ip": 0.0, "coactiva": null, "ficharegis": 56868, "etam": 0.0912870929, "diferencia": -7.9436350877999997, "porc_difer": -0.0661969591, "admisible": 1, "deuda_anio": 0.0, "Clavepre": "3-32-16-08-000", "ORIG_FID": 175 }, "geometry": { "type": "Point", "coordinates": [ -80.724996505705164, -0.983330526674899 ] } },
{ "type": "Feature", "properties": { "id": 92509, "lote_id": 68119, "clavecatas": "3-32-16-10-000", "zona": "3", "sector": "32", "manzana": "16", "lote": "10", "ph": "000", "propietari": "VERA ALAVA MANUEL Y SRA.", "documentop": "1304261447", "direccion": "MZ-M1 LT 10 URBIRIOS", "area_m2": 120.0, "frente_uti": 8.0, "frente_tot": 0.0, "avaluo_con": 14768.65, "avaluo_sue": 8400.0, "zonaurbano": "URBANA", "parroquia": "TARQUI", "esta_bloqu": "NO", "es_tercera": "SI", "tiene_elec": "SI", "tiene_agua": "SI", "tiene_alca": "NO", "observacio": "INF. AMPARO Q. OCT. 28/2003 MR C-3514-03 -Sello Carlos D 11/25/04 Y.C.S.- c-673-05 C-4883-07 se ingresa la const. con inf. de Teddy 10-09-07 mar", "observac_1": null, "barrio": "URBIRRIOS X", "parroquia_": 3, "barrio_id": 331, "proceso": 1, "fecha_regi": null, "activo_cat": "SI", "desactivad": 0, "avaluo_rem": 0.0, "avaluo_r_1": 0.0, "clasificac": "DEPURACION CATASTRO", "anio_deuda": 0, "deuda": 0.0, "valor_ip": 0.0, "coactiva": null, "ficharegis": 54952, "etam": 0.0912870929, "diferencia": -1.8976924112, "porc_difer": -0.0158141034, "admisible": 1, "deuda_anio": 0.0, "Clavepre": "3-32-16-10-000", "ORIG_FID": 176 }, "geometry": { "type": "Point", "coordinates": [ -80.7248902994682, -0.983430839265925 ] } },
{ "type": "Feature", "properties": { "id": 92510, "lote_id": 68120, "clavecatas": "3-32-16-11-000", "zona": "3", "sector": "32", "manzana": "16", "lote": "11", "ph": "000", "propietari": "PARRALES MERO JOSE AQUILES", "documentop": "1306986892", "direccion": "MZ-M1 LT. 11 URBIRIOS V", "area_m2": 120.0, "frente_uti": 8.0, "frente_tot": 0.0, "avaluo_con": 0.0, "avaluo_sue": 8400.0, "zonaurbano": "URBANA", "parroquia": "TARQUI", "esta_bloqu": "NO", "es_tercera": "NO", "tiene_elec": "SI", "tiene_agua": "SI", "tiene_alca": "NO", "observacio": "INF.A.Q.10/28/03 MR.C-3515-03 SE MODIF. NOMBR X DEPURC.26/06/12 A.Q.-ING.X V. BARBERAN REV.X G.FERRIN ELAB.X DELI CHAVEZ CERT.34.1 14/08/15 -SELLO CVTA. CON PAT.FAM.GLORIA G.08/28/15 Y.C.S.-", "observac_1": null, "barrio": "URBIRRIOS X", "parroquia_": 3, "barrio_id": 331, "proceso": 1, "fecha_regi": null, "activo_cat": "SI", "desactivad": 0, "avaluo_rem": 0.0, "avaluo_r_1": 0.0, "clasificac": "GENERAL", "anio_deuda": 2019, "deuda": 184.81, "valor_ip": 0.0, "coactiva": null, "ficharegis": 52627, "etam": 0.0912870929, "diferencia": 1.6364084074, "porc_difer": 0.0136367367, "admisible": 1, "deuda_anio": 171.17, "Clavepre": "3-32-16-11-000", "ORIG_FID": 177 }, "geometry": { "type": "Point", "coordinates": [ -80.72484055226883, -0.983482138004904 ] } },
{ "type": "Feature", "properties": { "id": 92511, "lote_id": 68121, "clavecatas": "3-32-16-12-000", "zona": "3", "sector": "32", "manzana": "16", "lote": "12", "ph": "000", "propietari": "SANCHEZ VINCES PAULO TOBIAS Y MAGALI HERMIDA LUCAS DE SANCHEZ .", "documentop": "1308201035", "direccion": "MZ-M1 LOTE 12 URB. URBIRIOS", "area_m2": 120.0, "frente_uti": 8.0, "frente_tot": 8.0, "avaluo_con": 15136.0, "avaluo_sue": 8400.0, "zonaurbano": "URBANA", "parroquia": "TARQUI", "esta_bloqu": "NO", "es_tercera": "NO", "tiene_elec": "SI", "tiene_agua": "SI", "tiene_alca": "NO", "observacio": "INF. AMPARO Q. OCT. 28/2003 MR C-3516-03 C-5404-09\r\nCERTIFICADO DE AVALÚOS\r\nINF. ARQ. PATRICIO LEÓN\r\n14/DIC./2018\r\n\r\nINF. PARA CERTIFICADO INGRESADO POR VENTANILLA REIZADO POR  LCDA MARIA MARISOL ARTEAGA RIVAS,  17 DE DIC. DEL 2018, MR\r\n\r\n\r\n", "observac_1": null, "barrio": "URBIRRIOS X", "parroquia_": 3, "barrio_id": 331, "proceso": 1, "fecha_regi": null, "activo_cat": "SI", "desactivad": 0, "avaluo_rem": 0.0, "avaluo_r_1": 0.0, "clasificac": "DEPURACION CATASTRO", "anio_deuda": 2019, "deuda": 537.53, "valor_ip": 0.0, "coactiva": null, "ficharegis": 16585, "etam": 0.0912870929, "diferencia": -2.6820792854, "porc_difer": -0.0223506607, "admisible": 1, "deuda_anio": 496.64, "Clavepre": "3-32-16-12-000", "ORIG_FID": 178 }, "geometry": { "type": "Point", "coordinates": [ -80.724788374213702, -0.983529918057835 ] } },
{ "type": "Feature", "properties": { "id": 92512, "lote_id": 68122, "clavecatas": "3-32-16-13-000", "zona": "3", "sector": "32", "manzana": "16", "lote": "13", "ph": "000", "propietari": "ANCHUNDIA SANTANA WILSON RAFAEL", "documentop": "1307235109", "direccion": "MZ-M-1 LOTE 13 URB. MUNICIPAL URBIRIOSI", "area_m2": 120.0, "frente_uti": 8.0, "frente_tot": 0.0, "avaluo_con": 16512.0, "avaluo_sue": 8400.0, "zonaurbano": "URBANA", "parroquia": "TARQUI", "esta_bloqu": "NO", "es_tercera": "NO", "tiene_elec": "SI", "tiene_agua": "SI", "tiene_alca": "NO", "observacio": "INF. AMPARO Q. OCT. 28/2003 MR C-3517-03\r\nSE MODIF.NOMBRE X DEPURAC.26/06/12 A.Q.-SE ACTUALIZA INFORMACION CON ESCRITURA DE ADJ.CON PAT.FAM.INSCRITA EN EL REG.DE LA PROPIEDAD 06/25/19 Y.C.S.-", "observac_1": null, "barrio": "URBIRRIOS X", "parroquia_": 3, "barrio_id": 331, "proceso": 1, "fecha_regi": null, "activo_cat": "SI", "desactivad": 0, "avaluo_rem": 0.0, "avaluo_r_1": 0.0, "clasificac": "GENERAL", "anio_deuda": 2025, "deuda": 66.76, "valor_ip": 0.0, "coactiva": null, "ficharegis": 69498, "etam": 0.0912870929, "diferencia": -4.3568022783, "porc_difer": -0.0363066857, "admisible": 1, "deuda_anio": 34.98, "Clavepre": "3-32-16-13-000", "ORIG_FID": 179 }, "geometry": { "type": "Point", "coordinates": [ -80.724736468394269, -0.983583248804921 ] } },
{ "type": "Feature", "properties": { "id": 92513, "lote_id": 68123, "clavecatas": "3-32-16-14-000", "zona": "3", "sector": "32", "manzana": "16", "lote": "14", "ph": "000", "propietari": "MACIAS JOAQUINA DEL JESUS", "documentop": "1302610579", "direccion": "MZ-M1 LT. 14 URBIRIOS", "area_m2": 120.0, "frente_uti": 8.6, "frente_tot": 0.0, "avaluo_con": 6500.0, "avaluo_sue": 8400.0, "zonaurbano": "URBANA", "parroquia": "TARQUI", "esta_bloqu": "NO", "es_tercera": "SI", "tiene_elec": "SI", "tiene_agua": "SI", "tiene_alca": "NO", "observacio": "INF.AMPARO Q. OCT. 28/2003 MR C-3518-03 SE MODIF.NOMBRE X DEPURAC.\r\n26/06/12 A.Q.-SELLO CVTA.COPN PAT.FAM.GLORIA G.12/30/15 Y.C.S.-RECHAZADO CORREGIR AREA EN EL CERT.DE CATASTRO, NOMBRE DE LA COMPRADORA Y DEBE PREDIOS EL AÑO 2015,SE ACT.EL AREA SEGUN SO", "observac_1": null, "barrio": "URBIRRIOS X", "parroquia_": 3, "barrio_id": 331, "proceso": 1, "fecha_regi": null, "activo_cat": "SI", "desactivad": 0, "avaluo_rem": 0.0, "avaluo_r_1": 0.0, "clasificac": "GENERAL", "anio_deuda": 2024, "deuda": 65.31, "valor_ip": 0.0, "coactiva": null, "ficharegis": 52284, "etam": 0.0912870929, "diferencia": -1.5720808339000001, "porc_difer": -0.0131006736, "admisible": 1, "deuda_anio": 48.42, "Clavepre": "3-32-16-14-000", "ORIG_FID": 180 }, "geometry": { "type": "Point", "coordinates": [ -80.724681554590148, -0.983634191261748 ] } },
{ "type": "Feature", "properties": { "id": 92514, "lote_id": 68124, "clavecatas": "3-32-16-15-000", "zona": "3", "sector": "32", "manzana": "16", "lote": "15", "ph": "000", "propietari": "MENDOZA MENDOZA JOHANNA MARIA", "documentop": "1307526473", "direccion": "MZ-M-1 LT. 15 URB. MUNICIPAL URBIRRIOS", "area_m2": 120.0, "frente_uti": 8.0, "frente_tot": 0.0, "avaluo_con": 0.0, "avaluo_sue": 8400.0, "zonaurbano": "URBANA", "parroquia": "TARQUI", "esta_bloqu": "NO", "es_tercera": "NO", "tiene_elec": "SI", "tiene_agua": "SI", "tiene_alca": "NO", "observacio": "INF.AMPARO Q.10/28/2003 MR C-3519-03\r\nSE MODIF.NOMBRE X DEPURAC.26/06/12 A.Q.\r\nING.PARA CERT.X LORENA LOOR REV.MIGUEL CAJAPE 09-30-15 MR -SELLO CVTA.CON PAT. FAM.GLORIA G.11/13/15 Y.C.S.-", "observac_1": null, "barrio": "URBIRRIOS X", "parroquia_": 3, "barrio_id": 331, "proceso": 1, "fecha_regi": null, "activo_cat": "SI", "desactivad": 0, "avaluo_rem": 0.0, "avaluo_r_1": 0.0, "clasificac": "GENERAL", "anio_deuda": 2020, "deuda": 170.81, "valor_ip": 0.0, "coactiva": null, "ficharegis": 53328, "etam": 0.0912870929, "diferencia": -0.7610985823, "porc_difer": -0.0063424882, "admisible": 1, "deuda_anio": 157.17, "Clavepre": "3-32-16-15-000", "ORIG_FID": 181 }, "geometry": { "type": "Point", "coordinates": [ -80.724627712687237, -0.983685717834828 ] } },
{ "type": "Feature", "properties": { "id": 92515, "lote_id": 68125, "clavecatas": "3-32-16-16-000", "zona": "3", "sector": "32", "manzana": "16", "lote": "16", "ph": "000", "propietari": "ZAMBRANO ROMERO RAMONITA", "documentop": "1304246547", "direccion": "MZ-M1 LT. 16 URBIRIOS", "area_m2": 120.0, "frente_uti": 8.0, "frente_tot": 0.0, "avaluo_con": 0.0, "avaluo_sue": 8400.0, "zonaurbano": "URBANA", "parroquia": "TARQUI", "esta_bloqu": "NO", "es_tercera": "NO", "tiene_elec": "SI", "tiene_agua": "SI", "tiene_alca": "NO", "observacio": "I8NF. AMPARO Q. OCT. 28/2003 MR C-3520-03, AGREGAR NOMBRE INF. AMPARO Q. FEBRERO 15/08 MR c-1389-08 C-3916-09", "observac_1": null, "barrio": "URBIRRIOS X", "parroquia_": 3, "barrio_id": 331, "proceso": 1, "fecha_regi": null, "activo_cat": "SI", "desactivad": 0, "avaluo_rem": 0.0, "avaluo_r_1": 0.0, "clasificac": "DEPURACION CATASTRO", "anio_deuda": 2023, "deuda": 74.82, "valor_ip": 0.0, "coactiva": null, "ficharegis": 1273, "etam": 0.0912870929, "diferencia": -0.3421160374, "porc_difer": -0.002850967, "admisible": 1, "deuda_anio": 61.51, "Clavepre": "3-32-16-16-000", "ORIG_FID": 182 }, "geometry": { "type": "Point", "coordinates": [ -80.724575743461969, -0.983737385662986 ] } },
{ "type": "Feature", "properties": { "id": 92516, "lote_id": 68126, "clavecatas": "3-32-16-17-000", "zona": "3", "sector": "32", "manzana": "16", "lote": "17", "ph": "000", "propietari": "MENDOZA MONTES ROSA DOLORES", "documentop": "1304220187", "direccion": "URBANIZACION URBIRRIOS \"M-1\" LOTE N17 MANTA", "area_m2": 120.0, "frente_uti": 8.0, "frente_tot": 0.0, "avaluo_con": 4221.0, "avaluo_sue": 8400.0, "zonaurbano": "URBANA", "parroquia": "TARQUI", "esta_bloqu": "NO", "es_tercera": "NO", "tiene_elec": "SI", "tiene_agua": "SI", "tiene_alca": "NO", "observacio": "INF. AMPAO Q OCT, 28/2003  MR C-3521-03 ACTUALIZACION INF. AMPARO Q. ABRIL 09/08 MR C-3519-09 -SELLO CARLOS D. 06/8/096 Y.C.S.-", "observac_1": null, "barrio": "URBIRRIOS X", "parroquia_": 3, "barrio_id": 331, "proceso": 1, "fecha_regi": null, "activo_cat": "SI", "desactivad": 0, "avaluo_rem": 0.0, "avaluo_r_1": 0.0, "clasificac": "DEPURACION CATASTRO", "anio_deuda": 0, "deuda": 0.0, "valor_ip": 0.0, "coactiva": null, "ficharegis": 12700, "etam": 0.0912870929, "diferencia": 0.2706913049, "porc_difer": 0.0022557609, "admisible": 1, "deuda_anio": 0.0, "Clavepre": "3-32-16-17-000", "ORIG_FID": 183 }, "geometry": { "type": "Point", "coordinates": [ -80.724523705134473, -0.983787242682308 ] } },
{ "type": "Feature", "properties": { "id": 92517, "lote_id": 68127, "clavecatas": "3-32-16-18-000", "zona": "3", "sector": "32", "manzana": "16", "lote": "18", "ph": "000", "propietari": "CUÑEZ YUNGAN JOSE Y SRA.", "documentop": "0601986110", "direccion": "MZ- M-I  LT. 18 URBIRIOS", "area_m2": 135.0, "frente_uti": 24.0, "frente_tot": 0.0, "avaluo_con": 0.0, "avaluo_sue": 9450.0, "zonaurbano": "URBANA", "parroquia": "TARQUI", "esta_bloqu": "NO", "es_tercera": "NO", "tiene_elec": "SI", "tiene_agua": "SI", "tiene_alca": "NO", "observacio": "INF. AMPARO Q- OCT. 28/2003 MR C-3522-03 -SELLO CARLOS D. 05/31/04 Y.C.S.- C-4048-04", "observac_1": "- Verif. Sis. por favor no desbloquear hasta confirmar en sistemas", "barrio": "URBIRRIOS X", "parroquia_": 3, "barrio_id": 331, "proceso": 1, "fecha_regi": null, "activo_cat": "SI", "desactivad": 0, "avaluo_rem": 0.0, "avaluo_r_1": 0.0, "clasificac": "DEPURACION CATASTRO", "anio_deuda": 0, "deuda": 0.0, "valor_ip": 0.0, "coactiva": null, "ficharegis": 52146, "etam": 0.0860662966, "diferencia": -7.1255546500999998, "porc_difer": -0.0527818863, "admisible": 1, "deuda_anio": 0.0, "Clavepre": "3-32-16-18-000", "ORIG_FID": 184 }, "geometry": { "type": "Point", "coordinates": [ -80.724464697140945, -0.98384209675702 ] } },
{ "type": "Feature", "properties": { "id": 92519, "lote_id": 68129, "clavecatas": "3-32-16-20-000", "zona": "3", "sector": "32", "manzana": "16", "lote": "20", "ph": "000", "propietari": "VITE RAMIREZ ANCO OLMEDOY SRA .", "documentop": "1306012608", "direccion": "MZ-M-1 LT.20 URB. URBIROS", "area_m2": 90.85, "frente_uti": 8.0, "frente_tot": 0.0, "avaluo_con": 0.0, "avaluo_sue": 6359.5, "zonaurbano": "URBANA", "parroquia": "TARQUI", "esta_bloqu": "NO", "es_tercera": "NO", "tiene_elec": "SI", "tiene_agua": "SI", "tiene_alca": "NO", "observacio": "Inf. Amparo Q.  escritura in tramite Aut. Dir oct. 10/05 mr -Se modifica Sello rediseño Amparo Q.09/13/07 Y.C.S.- c-989-08 C. VTA MUNIICPAL MARZO 11/08 MR C-2107-08", "observac_1": null, "barrio": "URBIRRIOS X", "parroquia_": 3, "barrio_id": 331, "proceso": 1, "fecha_regi": null, "activo_cat": "SI", "desactivad": 0, "avaluo_rem": 0.0, "avaluo_r_1": 0.0, "clasificac": "DEPURACION CATASTRO", "anio_deuda": 2011, "deuda": 493.69, "valor_ip": 0.0, "coactiva": null, "ficharegis": 1190, "etam": 0.1, "diferencia": -18.518280407799999, "porc_difer": -0.2038335763, "admisible": 0, "deuda_anio": 482.32, "Clavepre": "3-32-16-20-000", "ORIG_FID": 185 }, "geometry": { "type": "Point", "coordinates": [ -80.724917935162182, -0.983584804236242 ] } },
{ "type": "Feature", "properties": { "id": 92522, "lote_id": 68132, "clavecatas": "3-32-16-23-000", "zona": "3", "sector": "32", "manzana": "16", "lote": "23", "ph": "000", "propietari": "CASTRO ANCHUNDIA MERCEDES RAMONA", "documentop": "1312338955", "direccion": "URBZ. MCPL. URBIRIOS, MZ. M-1, L-23", "area_m2": 120.0, "frente_uti": 8.0, "frente_tot": 0.0, "avaluo_con": 2592.0, "avaluo_sue": 8400.0, "zonaurbano": "URBANA", "parroquia": "TARQUI", "esta_bloqu": "NO", "es_tercera": "NO", "tiene_elec": "SI", "tiene_agua": "SI", "tiene_alca": "SI", "observacio": "NUEVO INGRESO SELLO REDISEÑO AMPARO Q.09/13/07 Y.C.S.- REVISADO X ARQ. MIGUEL CAJAPE, ELABORADO X LCDA. DELI CHÁVEZ D. 15/5/12. CERTF. 3644/12.-SE MODIF.NOMBRE X DEPURAC.26/06/12 A.Q.-INFORME PARA CERTIFICADO DOCUMENTACION RECEPTADA POR VALERIA VERA EN", "observac_1": null, "barrio": "OTRAS AREAS", "parroquia_": 3, "barrio_id": 0, "proceso": 1, "fecha_regi": null, "activo_cat": "SI", "desactivad": 0, "avaluo_rem": 0.0, "avaluo_r_1": 0.0, "clasificac": "GENERAL", "anio_deuda": 2023, "deuda": 90.98, "valor_ip": 0.0, "coactiva": null, "ficharegis": 33986, "etam": 0.0912870929, "diferencia": -14.689629292899999, "porc_difer": -0.1224135774, "admisible": 0, "deuda_anio": 74.28, "Clavepre": "3-32-16-23-000", "ORIG_FID": 186 }, "geometry": { "type": "Point", "coordinates": [ -80.72510623189207, -0.983221285680571 ] } },
{ "type": "Feature", "properties": { "id": 92523, "lote_id": 68133, "clavecatas": "3-32-17-01-000", "zona": "3", "sector": "32", "manzana": "17", "lote": "01", "ph": "000", "propietari": "FLORES ROCA SONIA PATRICIA", "documentop": "1303998270", "direccion": "MZ-M2 LT. 1 URBIRIOS", "area_m2": 115.0, "frente_uti": 22.0, "frente_tot": 0.0, "avaluo_con": 15991.93, "avaluo_sue": 8050.0, "zonaurbano": "URBANA", "parroquia": "TARQUI", "esta_bloqu": "NO", "es_tercera": "NO", "tiene_elec": "SI", "tiene_agua": "SI", "tiene_alca": "NO", "observacio": "inf. amparo q. oct. 30/2003 mr  C-3594-03 -Sello Luis L. 03/11/05 Y.C.S.  1.480-05", "observac_1": null, "barrio": "URBIRRIOS X", "parroquia_": 3, "barrio_id": 331, "proceso": 1, "fecha_regi": null, "activo_cat": "SI", "desactivad": 0, "avaluo_rem": 0.0, "avaluo_r_1": 0.0, "clasificac": "DEPURACION CATASTRO", "anio_deuda": 0, "deuda": 0.0, "valor_ip": 0.0, "coactiva": null, "ficharegis": 0, "etam": 0.0932504808, "diferencia": -0.4087416064, "porc_difer": -0.0035542748, "admisible": 1, "deuda_anio": 0.0, "Clavepre": "3-32-17-01-000", "ORIG_FID": 187 }, "geometry": { "type": "Point", "coordinates": [ -80.724371722332265, -0.983692270735095 ] } },
{ "type": "Feature", "properties": { "id": 92524, "lote_id": 68134, "clavecatas": "3-32-17-02-000", "zona": "3", "sector": "32", "manzana": "17", "lote": "02", "ph": "000", "propietari": "VINCES VINCES ANTONIO YJOSEFA HIDROVO SE", "documentop": "1303579559", "direccion": "MZ-M2 LT. 02 URBIRIOS", "area_m2": 88.0, "frente_uti": 10.0, "frente_tot": 0.0, "avaluo_con": 0.0, "avaluo_sue": 6160.0, "zonaurbano": "URBANA", "parroquia": "TARQUI", "esta_bloqu": "NO", "es_tercera": "NO", "tiene_elec": "SI", "tiene_agua": "SI", "tiene_alca": "NO", "observacio": "inf. amparo q. oct. 30/2003 mr C-3593-03 -Cert.4141-05 c. vta inf. carlos d. sep. 1505 mr 6928-08 MDV", "observac_1": null, "barrio": "URBIRRIOS X", "parroquia_": 3, "barrio_id": 331, "proceso": 1, "fecha_regi": null, "activo_cat": "SI", "desactivad": 0, "avaluo_rem": 0.0, "avaluo_r_1": 0.0, "clasificac": "DEPURACION CATASTRO", "anio_deuda": 2010, "deuda": 612.92, "valor_ip": 0.0, "coactiva": null, "ficharegis": 9275, "etam": 0.1, "diferencia": -0.9501300049, "porc_difer": -0.0107969319, "admisible": 1, "deuda_anio": 600.74, "Clavepre": "3-32-17-02-000", "ORIG_FID": 188 }, "geometry": { "type": "Point", "coordinates": [ -80.724433648121817, -0.983634910498961 ] } },
{ "type": "Feature", "properties": { "id": 92526, "lote_id": 68136, "clavecatas": "3-32-17-04-000", "zona": "3", "sector": "32", "manzana": "17", "lote": "04", "ph": "000", "propietari": "VALERIANO TUTIVEN EDUARDO ASTON", "documentop": "1304509969", "direccion": "MZ-M2 LT. 04 URB. MUNIICIPAL URBIRRIOS", "area_m2": 123.95, "frente_uti": 12.0, "frente_tot": 0.0, "avaluo_con": 11960.0, "avaluo_sue": 8676.5, "zonaurbano": "URBANA", "parroquia": "TARQUI", "esta_bloqu": "NO", "es_tercera": "NO", "tiene_elec": "SI", "tiene_agua": "SI", "tiene_alca": "NO", "observacio": "INF.AMPARO Q.10/30/03 MR C-3591-03\r\nSE MODIF.NOMBRE X DEPURAC.26/06/12 A.Q.\r\nING.PARA CERT.X GABRIEL MEUNIER REV. MARIA FERRIN 08-26-15 MR -SELLO CVTA. CON PAT.FAM.GEMA G.10/20/15 Y.C.S.-", "observac_1": null, "barrio": "URBIRRIOS X", "parroquia_": 3, "barrio_id": 331, "proceso": 1, "fecha_regi": null, "activo_cat": "SI", "desactivad": 0, "avaluo_rem": 0.0, "avaluo_r_1": 0.0, "clasificac": "GENERAL", "anio_deuda": 0, "deuda": 0.0, "valor_ip": 0.0, "coactiva": null, "ficharegis": 52331, "etam": 0.0898207619, "diferencia": -5.511317221, "porc_difer": -0.0444640357, "admisible": 1, "deuda_anio": 0.0, "Clavepre": "3-32-17-04-000", "ORIG_FID": 189 }, "geometry": { "type": "Point", "coordinates": [ -80.72455449176978, -0.983521859263495 ] } },
{ "type": "Feature", "properties": { "id": 92527, "lote_id": 68137, "clavecatas": "3-32-17-05-000", "zona": "3", "sector": "32", "manzana": "17", "lote": "05", "ph": "000", "propietari": "VERGARA PICO SERGIO JULIAN", "documentop": "1309378139", "direccion": "MZ-M2 LT.05 URBIRIOS", "area_m2": 125.0, "frente_uti": 12.0, "frente_tot": 0.0, "avaluo_con": 0.0, "avaluo_sue": 8750.0, "zonaurbano": "URBANA", "parroquia": "TARQUI", "esta_bloqu": "NO", "es_tercera": "NO", "tiene_elec": "SI", "tiene_agua": "SI", "tiene_alca": "NO", "observacio": "INF.AMPARO Q.10/28/2003 MR C-3590-03 SE MODIF.NOMBRE X DEPURAC.26/06/12 A.Q.SE ACT CERT EMITIDO X GS REVISADO X GORETY 18/08/15 34217-15 -SELLO CVTA.GLORIA G. 12/07/15 Y.C.S.-", "observac_1": null, "barrio": "URBIRRIOS X", "parroquia_": 3, "barrio_id": 331, "proceso": 1, "fecha_regi": null, "activo_cat": "SI", "desactivad": 0, "avaluo_rem": 0.0, "avaluo_r_1": 0.0, "clasificac": "GENERAL", "anio_deuda": 2019, "deuda": 275.63, "valor_ip": 0.0, "coactiva": null, "ficharegis": 52598, "etam": 0.0894427191, "diferencia": 14.199147741299999, "porc_difer": 0.1135931819, "admisible": 0, "deuda_anio": 259.44, "Clavepre": "3-32-17-05-000", "ORIG_FID": 190 }, "geometry": { "type": "Point", "coordinates": [ -80.724635236212947, -0.983448366032573 ] } },
{ "type": "Feature", "properties": { "id": 92528, "lote_id": 68138, "clavecatas": "3-32-17-06-000", "zona": "3", "sector": "32", "manzana": "17", "lote": "06", "ph": "000", "propietari": "MACIAS BRIONES NELSON Y SONIA MENDOZA", "documentop": "1306726702", "direccion": "MZ-M2 LT. 06 URBIRIOS", "area_m2": 157.2, "frente_uti": 18.0, "frente_tot": 0.0, "avaluo_con": 11599.0, "avaluo_sue": 11004.0, "zonaurbano": "URBANA", "parroquia": "TARQUI", "esta_bloqu": "NO", "es_tercera": "NO", "tiene_elec": "SI", "tiene_agua": "SI", "tiene_alca": "NO", "observacio": "INF. AMPARO Q. OCT. 30/2003 MR C-3589-03 4057-05 SE MODIFICA AREA Y AVAL. DESPUES DE CANCELOA AÑO 2005 Y EXT. CERTI. SEPT. 08/05 MR -SELLO CARLOS D.09/08/05 Y.C.S.- -CERT.4463-05 C-2241-07 SE ING. LA CONST. INF. FER 05-29-07 MAR", "observac_1": null, "barrio": "URBIRRIOS X", "parroquia_": 3, "barrio_id": 331, "proceso": 1, "fecha_regi": null, "activo_cat": "SI", "desactivad": 0, "avaluo_rem": 0.0, "avaluo_r_1": 0.0, "clasificac": "DEPURACION CATASTRO", "anio_deuda": 2022, "deuda": 313.18, "valor_ip": 0.0, "coactiva": null, "ficharegis": 78977, "etam": 0.0797579034, "diferencia": 1.0808464053, "porc_difer": 0.0068756133, "admisible": 1, "deuda_anio": 268.17, "Clavepre": "3-32-17-06-000", "ORIG_FID": 191 }, "geometry": { "type": "Point", "coordinates": [ -80.724684415037018, -0.983352188794618 ] } },
{ "type": "Feature", "properties": { "id": 92529, "lote_id": 68139, "clavecatas": "3-32-17-07-000", "zona": "3", "sector": "32", "manzana": "17", "lote": "07", "ph": "000", "propietari": "MERO VELEZ ESTELA ARACELI", "documentop": "1305986554", "direccion": "URBIRRIOS MZ-M-2 L-7", "area_m2": 154.44, "frente_uti": 16.0, "frente_tot": 0.0, "avaluo_con": 0.0, "avaluo_sue": 10810.8, "zonaurbano": "URBANA", "parroquia": "TARQUI", "esta_bloqu": "NO", "es_tercera": "NO", "tiene_elec": "SI", "tiene_agua": "SI", "tiene_alca": "NO", "observacio": "C-0768-06 -SELLO PATRICIO L.03/17/06 Y.C.S.-", "observac_1": null, "barrio": "SECTOR LOS LAURELES (ELOY ALFARO)", "parroquia_": 3, "barrio_id": 356, "proceso": 1, "fecha_regi": null, "activo_cat": "SI", "desactivad": 0, "avaluo_rem": 0.0, "avaluo_r_1": 0.0, "clasificac": "GENERAL", "anio_deuda": 0, "deuda": 0.0, "valor_ip": 0.0, "coactiva": null, "ficharegis": 77780, "etam": 0.0804674249, "diferencia": 16.0921092325, "porc_difer": 0.1041965115, "admisible": 0, "deuda_anio": 0.0, "Clavepre": "3-32-17-07-000", "ORIG_FID": 192 }, "geometry": { "type": "Point", "coordinates": [ -80.72474030481753, -0.983299739106241 ] } },
{ "type": "Feature", "properties": { "id": 92531, "lote_id": 68141, "clavecatas": "3-32-17-09-000", "zona": "3", "sector": "32", "manzana": "17", "lote": "09", "ph": "000", "propietari": "GARCIA PACHECO WILTON GABRIEL", "documentop": "1306989490", "direccion": "MZ-M-DOS  LOTE 9 URBIRRIOS", "area_m2": 146.12, "frente_uti": 16.0, "frente_tot": 0.0, "avaluo_con": 91529.56, "avaluo_sue": 9716.98, "zonaurbano": "URBANA", "parroquia": "TARQUI", "esta_bloqu": "NO", "es_tercera": "NO", "tiene_elec": "SI", "tiene_agua": "SI", "tiene_alca": "NO", "observacio": "HIPOTECA INF. LUIS L. MARZO 28/08 MR INF. AMPARO Q. OCT. 30/2003 MR C-3586-03 C-1906-07 SE CORRIGE AREA CON INF. DE PLAN. URB.  C. VTA MUNICIPAL INF.  CARLOS D. MAYO 23/07 MR -SELLO EXT.PAT.FAM.TEDDY M. 03/05/08 Y.C.S.- C-1333-08 INF. PARA CERTIFICADO IN", "observac_1": null, "barrio": "URBIRRIOS X", "parroquia_": 3, "barrio_id": 331, "proceso": 1, "fecha_regi": null, "activo_cat": "SI", "desactivad": 0, "avaluo_rem": 0.0, "avaluo_r_1": 0.0, "clasificac": "GENERAL", "anio_deuda": 0, "deuda": 0.0, "valor_ip": 0.0, "coactiva": null, "ficharegis": 844, "etam": 0.0827265986, "diferencia": 12.705828199700001, "porc_difer": 0.0869547509, "admisible": 0, "deuda_anio": 0.0, "Clavepre": "3-32-17-09-000", "ORIG_FID": 193 }, "geometry": { "type": "Point", "coordinates": [ -80.724843257620748, -0.983199923775946 ] } },
{ "type": "Feature", "properties": { "id": 92532, "lote_id": 68142, "clavecatas": "3-32-17-10-000", "zona": "3", "sector": "32", "manzana": "17", "lote": "10", "ph": "000", "propietari": "GARCIA PACHECO WILTON GABRIEL", "documentop": "1306989490", "direccion": "MZ-M-DOS  LOTE 10 URBIRRIOS AVE.235-A Y 235-B", "area_m2": 142.0, "frente_uti": 16.0, "frente_tot": 0.0, "avaluo_con": 89289.6, "avaluo_sue": 9443.0, "zonaurbano": "URBANA", "parroquia": "TARQUI", "esta_bloqu": "NO", "es_tercera": "NO", "tiene_elec": "SI", "tiene_agua": "SI", "tiene_alca": "NO", "observacio": "INF. AMPARO Q. OCT. 30/2003 MR C-3585-03 ACTUALIZACION C-7847-08 -SELLO CARLOS D.12/22/08 Y.C.S.-INF. PARA CERTIFICADO INGRESADO POR VENTANILLA REIZADO POR  LCDA MARIA MARISOL ARTEAGA RIVAS,  27 DE NOV. DEL 2018, MR -SE ACTUALIZA INF CON ESCRITURA DE REN", "observac_1": null, "barrio": "URBIRRIOS X", "parroquia_": 3, "barrio_id": 331, "proceso": 1, "fecha_regi": null, "activo_cat": "SI", "desactivad": 0, "avaluo_rem": 0.0, "avaluo_r_1": 0.0, "clasificac": "GENERAL", "anio_deuda": 0, "deuda": 0.0, "valor_ip": 0.0, "coactiva": null, "ficharegis": 9839, "etam": 0.0839181358, "diferencia": 10.950931686300001, "porc_difer": 0.0771192372, "admisible": 1, "deuda_anio": 0.0, "Clavepre": "3-32-17-10-000", "ORIG_FID": 194 }, "geometry": { "type": "Point", "coordinates": [ -80.724895385100169, -0.983149179471464 ] } },
{ "type": "Feature", "properties": { "id": 92533, "lote_id": 68143, "clavecatas": "3-32-17-11-000", "zona": "3", "sector": "32", "manzana": "17", "lote": "11", "ph": "000", "propietari": "MENDOZA FELIPE SEGUNDO Y ROSARIO MACAY P .", "documentop": "1305408385", "direccion": "MZ-M2 LT. 11 URBIRIOS", "area_m2": 137.0, "frente_uti": 16.0, "frente_tot": 0.0, "avaluo_con": 843.02, "avaluo_sue": 9590.0, "zonaurbano": "URBANA", "parroquia": "TARQUI", "esta_bloqu": "NO", "es_tercera": "NO", "tiene_elec": "SI", "tiene_agua": "SI", "tiene_alca": "NO", "observacio": "INF. AMPARO Q. OCT. 30/2003 MR C-3584-03 -SE INGRESA LA CONST.07/09/04 Y.C.S.- C-2960-09", "observac_1": null, "barrio": "URBIRRIOS X", "parroquia_": 3, "barrio_id": 331, "proceso": 1, "fecha_regi": null, "activo_cat": "SI", "desactivad": 0, "avaluo_rem": 0.0, "avaluo_r_1": 0.0, "clasificac": "DEPURACION CATASTRO", "anio_deuda": 0, "deuda": 0.0, "valor_ip": 0.0, "coactiva": null, "ficharegis": 7985, "etam": 0.0854357658, "diferencia": 14.6838709374, "porc_difer": 0.1071815397, "admisible": 0, "deuda_anio": 0.0, "Clavepre": "3-32-17-11-000", "ORIG_FID": 195 }, "geometry": { "type": "Point", "coordinates": [ -80.72494716787898, -0.983100328299126 ] } },
{ "type": "Feature", "properties": { "id": 92534, "lote_id": 68144, "clavecatas": "3-32-17-12-000", "zona": "3", "sector": "32", "manzana": "17", "lote": "12", "ph": "000", "propietari": "VERA TOMALA FELIPA GRACIELA", "documentop": "0912067717", "direccion": "MZ-M2 LT. 12 URBIRIOS", "area_m2": 128.0, "frente_uti": 16.0, "frente_tot": 0.0, "avaluo_con": 0.0, "avaluo_sue": 8960.0, "zonaurbano": "URBANA", "parroquia": "TARQUI", "esta_bloqu": "NO", "es_tercera": "SI", "tiene_elec": "SI", "tiene_agua": "SI", "tiene_alca": "NO", "observacio": "INF. AMPARO Q. OCT. 30/2003 MR C-3583-03 -Sello Carlos D 05/02/05 Y.C.S.-", "observac_1": null, "barrio": "URBIRRIOS X", "parroquia_": 3, "barrio_id": 331, "proceso": 1, "fecha_regi": null, "activo_cat": "SI", "desactivad": 0, "avaluo_rem": 0.0, "avaluo_r_1": 0.0, "clasificac": "DEPURACION CATASTRO", "anio_deuda": 2010, "deuda": 958.03, "valor_ip": 0.0, "coactiva": null, "ficharegis": 0, "etam": 0.0883883476, "diferencia": -28.190708319300001, "porc_difer": -0.2202399087, "admisible": 0, "deuda_anio": 943.99, "Clavepre": "3-32-17-12-000", "ORIG_FID": 196 }, "geometry": { "type": "Point", "coordinates": [ -80.725005572225996, -0.98304564185325 ] } },
{ "type": "Feature", "properties": { "id": 92535, "lote_id": 68145, "clavecatas": "3-32-17-13-000", "zona": "3", "sector": "32", "manzana": "17", "lote": "13", "ph": "000", "propietari": "MACIAS MOREIRA CESAR RAFAEL", "documentop": "1306342922", "direccion": "MZ-M2 LT.13 URB MUNICIPAL URBIRIOS", "area_m2": 113.65, "frente_uti": 16.0, "frente_tot": 16.0, "avaluo_con": 0.0, "avaluo_sue": 7955.5, "zonaurbano": "URBANA", "parroquia": "TARQUI", "esta_bloqu": "NO", "es_tercera": "NO", "tiene_elec": "SI", "tiene_agua": "SI", "tiene_alca": "NO", "observacio": "INF.AMPARO Q.OCT.30/203 MR C-3582-03 SE MODIF.NOMBRE X DEPURAC.26/\r\n06/12 A.Q.INF.PARA CERT.REV.X CDA MARIA MARISOL ARTEAGA OCT.17-16 MR \r\nSELLO CVTA S/F.24/11/16 A.Q.", "observac_1": null, "barrio": "URBIRRIOS X", "parroquia_": 3, "barrio_id": 331, "proceso": 1, "fecha_regi": null, "activo_cat": "SI", "desactivad": 0, "avaluo_rem": 0.0, "avaluo_r_1": 0.0, "clasificac": "GENERAL", "anio_deuda": 2024, "deuda": 74.89, "valor_ip": 0.0, "coactiva": null, "ficharegis": 21834, "etam": 0.0938026872, "diferencia": -10.0131273815, "porc_difer": -0.0881049484, "admisible": 1, "deuda_anio": 56.33, "Clavepre": "3-32-17-13-000", "ORIG_FID": 197 }, "geometry": { "type": "Point", "coordinates": [ -80.725061719073381, -0.982986530614203 ] } },
{ "type": "Feature", "properties": { "id": 92537, "lote_id": 68147, "clavecatas": "3-32-17-15-000", "zona": "3", "sector": "32", "manzana": "17", "lote": "15", "ph": "000", "propietari": "MENDOZA CEDEÑO ANTONIA DEL CARMEN", "documentop": "1310314354", "direccion": "MZ-M2 LT. 15 URBIRIOS", "area_m2": 87.0, "frente_uti": 16.0, "frente_tot": 0.0, "avaluo_con": 0.0, "avaluo_sue": 6090.0, "zonaurbano": "URBANA", "parroquia": "TARQUI", "esta_bloqu": "NO", "es_tercera": "NO", "tiene_elec": "SI", "tiene_agua": "SI", "tiene_alca": "NO", "observacio": "INF. AMPARO Q. OCT. 30/2003 MR C-3580-03 C-2047-07 -SELLO CARLOS D.07/18/07 Y.C.S.- C-4710-07", "observac_1": null, "barrio": "URBIRRIOS X", "parroquia_": 3, "barrio_id": 331, "proceso": 1, "fecha_regi": null, "activo_cat": "SI", "desactivad": 0, "avaluo_rem": 0.0, "avaluo_r_1": 0.0, "clasificac": "DEPURACION CATASTRO", "anio_deuda": 0, "deuda": 0.0, "valor_ip": 0.0, "coactiva": null, "ficharegis": 68255, "etam": 0.1, "diferencia": -42.652438501299997, "porc_difer": -0.4902579138, "admisible": 0, "deuda_anio": 0.0, "Clavepre": "3-32-17-15-000", "ORIG_FID": 198 }, "geometry": { "type": "Point", "coordinates": [ -80.725177781445907, -0.98287462128408 ] } },
{ "type": "Feature", "properties": { "id": 92538, "lote_id": 68148, "clavecatas": "3-32-17-16-000", "zona": "3", "sector": "32", "manzana": "17", "lote": "16", "ph": "000", "propietari": "VELEZ BRAVO VICTOR HUGO", "documentop": "1307021376", "direccion": "MZ-M2 LOTE 16 URBIRIOS AVE. 234", "area_m2": 127.3, "frente_uti": 12.0, "frente_tot": 0.0, "avaluo_con": 27276.1, "avaluo_sue": 8911.0, "zonaurbano": "URBANA", "parroquia": "TARQUI", "esta_bloqu": "NO", "es_tercera": "NO", "tiene_elec": "SI", "tiene_agua": "SI", "tiene_alca": "NO", "observacio": "INF. AMPARO Q. OCT. 30/2003 MR C-3579-03 C-1748-08 -SELLO DONACION CARLOS D. 07/17/08 Y.C.S.- C-4492-08\r\n\r\nINF. PARA CERTIFICADO INGRESADO PARA CERTIFICADO, 27  DE JUNIO   DEL 2019, MR", "observac_1": null, "barrio": "URBIRRIOS X", "parroquia_": 3, "barrio_id": 331, "proceso": 1, "fecha_regi": null, "activo_cat": "SI", "desactivad": 0, "avaluo_rem": 0.0, "avaluo_r_1": 0.0, "clasificac": "DEPURACION CATASTRO", "anio_deuda": 2024, "deuda": 198.58, "valor_ip": 0.0, "coactiva": null, "ficharegis": 5101, "etam": 0.0886310304, "diferencia": 18.544803932699999, "porc_difer": 0.1456779571, "admisible": 0, "deuda_anio": 141.85, "Clavepre": "3-32-17-16-000", "ORIG_FID": 199 }, "geometry": { "type": "Point", "coordinates": [ -80.724589670868454, -0.983377823380249 ] } },
{ "type": "Feature", "properties": { "id": 92539, "lote_id": 68149, "clavecatas": "3-32-17-17-000", "zona": "3", "sector": "32", "manzana": "17", "lote": "17", "ph": "000", "propietari": "CAJAPE VARELA JHONNY STEVEN", "documentop": "1314206820", "direccion": "MZ-M2 LT. 17 URB. URBIRIOS", "area_m2": 138.31, "frente_uti": 12.0, "frente_tot": 0.0, "avaluo_con": 24252.0, "avaluo_sue": 9681.7, "zonaurbano": "URBANA", "parroquia": "TARQUI", "esta_bloqu": "NO", "es_tercera": "NO", "tiene_elec": "SI", "tiene_agua": "SI", "tiene_alca": "NO", "observacio": "INF. A.Q. 10/31/03 MR. C-3578-03.-SELLO CARLOS D. 08/04/04 Y.C.S- ING. X G. MEUNIER REV. X G. FERRIN 06-29-15 MR.- SE ACTU. CERT. X GABY S. N.33062-15.- SELLO CVTA. GLORIA G. 09/02/15 Y.C.S.-", "observac_1": null, "barrio": "URBIRRIOS X", "parroquia_": 3, "barrio_id": 331, "proceso": 1, "fecha_regi": null, "activo_cat": "SI", "desactivad": 0, "avaluo_rem": 0.0, "avaluo_r_1": 0.0, "clasificac": "GENERAL", "anio_deuda": 0, "deuda": 0.0, "valor_ip": 0.0, "coactiva": null, "ficharegis": 40265, "etam": 0.0850302017, "diferencia": 25.325848438800001, "porc_difer": 0.1831093084, "admisible": 0, "deuda_anio": 0.0, "Clavepre": "3-32-17-17-000", "ORIG_FID": 200 }, "geometry": { "type": "Point", "coordinates": [ -80.724505384161105, -0.983447116455359 ] } },
{ "type": "Feature", "properties": { "id": 92540, "lote_id": 68150, "clavecatas": "3-32-17-18-000", "zona": "3", "sector": "32", "manzana": "17", "lote": "18", "ph": "000", "propietari": "CORDOVA RIVERA BAYRON Y SRA.", "documentop": "1306322197", "direccion": "MZ-M2 LT. 18 URBIRIOS", "area_m2": 192.0, "frente_uti": 16.0, "frente_tot": 0.0, "avaluo_con": 0.0, "avaluo_sue": 13440.0, "zonaurbano": "URBANA", "parroquia": "TARQUI", "esta_bloqu": "NO", "es_tercera": "NO", "tiene_elec": "SI", "tiene_agua": "SI", "tiene_alca": "NO", "observacio": "INF. AMPARO Q. OCT. 30/2003 MR C-3577-03 C-2283-07 -SELLO DONACION CARLOS D. 07/05/07 Y.C.S.-", "observac_1": null, "barrio": "URBIRRIOS X", "parroquia_": 3, "barrio_id": 331, "proceso": 1, "fecha_regi": null, "activo_cat": "SI", "desactivad": 0, "avaluo_rem": 0.0, "avaluo_r_1": 0.0, "clasificac": "DEPURACION CATASTRO", "anio_deuda": 0, "deuda": 0.0, "valor_ip": 0.0, "coactiva": null, "ficharegis": 77612, "etam": 0.0721687836, "diferencia": 38.098680076299999, "porc_difer": 0.1984306254, "admisible": 0, "deuda_anio": 0.0, "Clavepre": "3-32-17-18-000", "ORIG_FID": 201 }, "geometry": { "type": "Point", "coordinates": [ -80.724407170919605, -0.983532224573656 ] } },
{ "type": "Feature", "properties": { "id": 92541, "lote_id": 68151, "clavecatas": "3-32-17-19-000", "zona": "3", "sector": "32", "manzana": "17", "lote": "19", "ph": "000", "propietari": "MACIAS CASTRO MARLENE NARCISA", "documentop": "1309927828", "direccion": "MZ-M2 LT. 19 URB. URBIRIOS", "area_m2": 122.34, "frente_uti": 22.0, "frente_tot": 0.0, "avaluo_con": 25627.06, "avaluo_sue": 8563.8, "zonaurbano": "URBANA", "parroquia": "TARQUI", "esta_bloqu": "NO", "es_tercera": "NO", "tiene_elec": "SI", "tiene_agua": "SI", "tiene_alca": "NO", "observacio": "INF. AMPARO Q. OCT. 30/2003 MR C-3576-03 C-901-05 SELLO CVTA. X CARLOS 01/04/05 LLCH., SE INGRESA LA CONST,  DESP. CANCL. AÑO2007 INF. AMPARO Q. MAYO 18/07 MR C-2253-07 -SELLO (ACTUALIZAR) INSC.TARDIA (05)LUIS L. 05/18/07 Y.C.S.- C-4545-07\r\n\r\nINF. PARA", "observac_1": null, "barrio": "URBIRRIOS X", "parroquia_": 3, "barrio_id": 331, "proceso": 1, "fecha_regi": null, "activo_cat": "SI", "desactivad": 0, "avaluo_rem": 0.0, "avaluo_r_1": 0.0, "clasificac": "DEPURACION CATASTRO", "anio_deuda": 0, "deuda": 0.0, "valor_ip": 0.0, "coactiva": null, "ficharegis": 0, "etam": 0.0904098528, "diferencia": 14.9764507985, "porc_difer": 0.1224166323, "admisible": 0, "deuda_anio": 0.0, "Clavepre": "3-32-17-19-000", "ORIG_FID": 202 }, "geometry": { "type": "Point", "coordinates": [ -80.724318397661591, -0.983610261138895 ] } },
{ "type": "Feature", "properties": { "id": 92542, "lote_id": 68152, "clavecatas": "3-32-18-01-000", "zona": "3", "sector": "32", "manzana": "18", "lote": "01", "ph": "000", "propietari": "BARRAGAN NUÑEZ HECTOR Y SRA.", "documentop": "1707627426", "direccion": "MZ-M3 LT. 01 URBIRIOS", "area_m2": 150.0, "frente_uti": 25.0, "frente_tot": 0.0, "avaluo_con": 0.0, "avaluo_sue": 10500.0, "zonaurbano": "URBANA", "parroquia": "TARQUI", "esta_bloqu": "NO", "es_tercera": "NO", "tiene_elec": "SI", "tiene_agua": "SI", "tiene_alca": "NO", "observacio": "INF. AMPARO Q. OCT. 30/2003 MR C-3575-03 C-2824-05 -SELLO CARLOS D.07/18/05 Y.C.S.-", "observac_1": null, "barrio": "URBIRRIOS X", "parroquia_": 3, "barrio_id": 331, "proceso": 1, "fecha_regi": null, "activo_cat": "SI", "desactivad": 0, "avaluo_rem": 0.0, "avaluo_r_1": 0.0, "clasificac": "DEPURACION CATASTRO", "anio_deuda": 2026, "deuda": 26.34, "valor_ip": 0.0, "coactiva": null, "ficharegis": 40002, "etam": 0.0816496581, "diferencia": 7.6672593723000002, "porc_difer": 0.0511150625, "admisible": 1, "deuda_anio": 0.0, "Clavepre": "3-32-18-01-000", "ORIG_FID": 203 }, "geometry": { "type": "Point", "coordinates": [ -80.724222420654272, -0.983457891091339 ] } },
{ "type": "Feature", "properties": { "id": 92543, "lote_id": 68153, "clavecatas": "3-32-18-02-000", "zona": "3", "sector": "32", "manzana": "18", "lote": "02", "ph": "000", "propietari": "RIVAS FALCONES VILMA ROCIO", "documentop": "1307516680", "direccion": "MZ-M3 LT. 2 URB. URBIRIOS", "area_m2": 120.0, "frente_uti": 8.0, "frente_tot": 0.0, "avaluo_con": 13072.0, "avaluo_sue": 8400.0, "zonaurbano": "URBANA", "parroquia": "TARQUI", "esta_bloqu": "NO", "es_tercera": "NO", "tiene_elec": "SI", "tiene_agua": "SI", "tiene_alca": "NO", "observacio": "INF.A.Q.10/30/03 MR.C-3560-03-SELLO LUIS L.02/24/05 Y.C.S.-N.1.538-05.-SE ACTU.CERT.X GABY S.N.35856-15 20/10/15 -ING.X DELY CHAVEZ ACTUA.ENERO 08-16 MR -SELLO DE CVTA.DE DER.DE COPROP.50%) 03/15/16 Y.C.S.-", "observac_1": null, "barrio": "URBIRRIOS X", "parroquia_": 3, "barrio_id": 331, "proceso": 1, "fecha_regi": null, "activo_cat": "SI", "desactivad": 0, "avaluo_rem": 0.0, "avaluo_r_1": 0.0, "clasificac": "GENERAL", "anio_deuda": 0, "deuda": 0.0, "valor_ip": 0.0, "coactiva": null, "ficharegis": 22578, "etam": 0.0912870929, "diferencia": 3.1011209461, "porc_difer": 0.0258426746, "admisible": 1, "deuda_anio": 0.0, "Clavepre": "3-32-18-02-000", "ORIG_FID": 204 }, "geometry": { "type": "Point", "coordinates": [ -80.724287539330277, -0.983409665687254 ] } },
{ "type": "Feature", "properties": { "id": 92544, "lote_id": 68154, "clavecatas": "3-32-18-03-000", "zona": "3", "sector": "32", "manzana": "18", "lote": "03", "ph": "000", "propietari": "VALENCIA MACIAS MARTHA CECILIA", "documentop": "1311755274", "direccion": "MZ-M3 LT. 03 URBIRIOS", "area_m2": 120.0, "frente_uti": 8.0, "frente_tot": 0.0, "avaluo_con": 12912.96, "avaluo_sue": 8400.0, "zonaurbano": "URBANA", "parroquia": "TARQUI", "esta_bloqu": "NO", "es_tercera": "NO", "tiene_elec": "SI", "tiene_agua": "SI", "tiene_alca": "NO", "observacio": "INF. AMPARO Q. OCT. 29/2003 MR C-3559-03 C-3981-06 -SELLO CARLOS D.12/26/06 Y.C.S.- C-5399-07-SE ACTUALIZA INF CON ESCRITURA DE CVTA/HIPOTECA ABIERTA INSCRITA EN EL REG. DE LA PROPIEDAD.22/06/2021 GGV", "observac_1": null, "barrio": "URBIRRIOS X", "parroquia_": 3, "barrio_id": 331, "proceso": 1, "fecha_regi": null, "activo_cat": "SI", "desactivad": 0, "avaluo_rem": 0.0, "avaluo_r_1": 0.0, "clasificac": "DEPURACION CATASTRO", "anio_deuda": 0, "deuda": 0.0, "valor_ip": 0.0, "coactiva": null, "ficharegis": 27925, "etam": 0.0912870929, "diferencia": -1.7161837101, "porc_difer": -0.0143015309, "admisible": 1, "deuda_anio": 0.0, "Clavepre": "3-32-18-03-000", "ORIG_FID": 205 }, "geometry": { "type": "Point", "coordinates": [ -80.724346246808352, -0.983363627677149 ] } },
{ "type": "Feature", "properties": { "id": 92558, "lote_id": 68168, "clavecatas": "3-32-18-17-000", "zona": "3", "sector": "32", "manzana": "18", "lote": "17", "ph": "000", "propietari": "JUNCAY AMAY MARIA MERCEDES", "documentop": "1709466443", "direccion": "MZ-M3 LT. 17 URBIRIOS", "area_m2": 120.0, "frente_uti": 8.0, "frente_tot": 0.0, "avaluo_con": 0.0, "avaluo_sue": 8400.0, "zonaurbano": "URBANA", "parroquia": "TARQUI", "esta_bloqu": "NO", "es_tercera": "NO", "tiene_elec": "SI", "tiene_agua": "SI", "tiene_alca": "NO", "observacio": "INF. AMPARO Q. OCT. 27/2003 MR C-3492-03 C-3252-05 C. VTA INF. AMPARO Q. AGOSTO 24/05 MR 2049-09", "observac_1": null, "barrio": "URBIRRIOS X", "parroquia_": 3, "barrio_id": 331, "proceso": 1, "fecha_regi": null, "activo_cat": "SI", "desactivad": 0, "avaluo_rem": 0.0, "avaluo_r_1": 0.0, "clasificac": "DEPURACION CATASTRO", "anio_deuda": 2025, "deuda": 32.1, "valor_ip": 0.0, "coactiva": null, "ficharegis": 12872, "etam": 0.0912870929, "diferencia": -1.4905761947, "porc_difer": -0.0124214683, "admisible": 1, "deuda_anio": 18.78, "Clavepre": "3-32-18-17-000", "ORIG_FID": 206 }, "geometry": { "type": "Point", "coordinates": [ -80.725104609427305, -0.982674968262448 ] } },
{ "type": "Feature", "properties": { "id": 92545, "lote_id": 68155, "clavecatas": "3-32-18-04-000", "zona": "3", "sector": "32", "manzana": "18", "lote": "04", "ph": "000", "propietari": "LOOR BONILLA AMPARO BEATRIZ", "documentop": "1308709789", "direccion": "MZ-M3 LT. 04 URBIRIOS 1", "area_m2": 120.0, "frente_uti": 8.0, "frente_tot": 0.0, "avaluo_con": 11289.6, "avaluo_sue": 8400.0, "zonaurbano": "URBANA", "parroquia": "TARQUI", "esta_bloqu": "NO", "es_tercera": "NO", "tiene_elec": "SI", "tiene_agua": "SI", "tiene_alca": "NO", "observacio": "INF. AMPARO Q. OCT. 29/2003 MR C-3558-03 -SELLO CARLOS D.03/10/05 Y.C.S.-\r\n\r\nINF. PARA CERTIFICADO  REVIZADO POR INSP. FERNANDO NAVARRETE,  MARZO 31-2017", "observac_1": null, "barrio": "URBIRRIOS X", "parroquia_": 3, "barrio_id": 331, "proceso": 1, "fecha_regi": null, "activo_cat": "SI", "desactivad": 0, "avaluo_rem": 0.0, "avaluo_r_1": 0.0, "clasificac": "DEPURACION CATASTRO", "anio_deuda": 0, "deuda": 0.0, "valor_ip": 0.0, "coactiva": null, "ficharegis": 61947, "etam": 0.0912870929, "diferencia": 2.3677964432, "porc_difer": 0.019731637, "admisible": 1, "deuda_anio": 0.0, "Clavepre": "3-32-18-04-000", "ORIG_FID": 207 }, "geometry": { "type": "Point", "coordinates": [ -80.724404336363691, -0.983317615655123 ] } },
{ "type": "Feature", "properties": { "id": 92546, "lote_id": 68156, "clavecatas": "3-32-18-05-000", "zona": "3", "sector": "32", "manzana": "18", "lote": "05", "ph": "000", "propietari": "DELGADO TEJENA ADRIANA PAOLA", "documentop": "1308925013", "direccion": "MZ-M3 LT. 5 URBIRRIOS AVENIDA 235-A.", "area_m2": 120.0, "frente_uti": 8.0, "frente_tot": 0.0, "avaluo_con": 11262.34, "avaluo_sue": 8400.0, "zonaurbano": "URBANA", "parroquia": "TARQUI", "esta_bloqu": "NO", "es_tercera": "NO", "tiene_elec": "SI", "tiene_agua": "SI", "tiene_alca": "NO", "observacio": "INF. AMPARO. Q OCT. 29/2003 MR C-3557-03 C-4351-08 CASA DEMOLIDA SELLO ROJO LEY DE SOLIDARIDAD INF. ARQ. PATRICIO LEÓN\r\nINF. PATRICIO LEÓN 15/MARZO/2017 -SE ACTUALIZA INFORMACION CON ESCRITURA DE CVTA.INSCRITA EN EL REG.DE LA PROPIEDAD 02/26/2025 Y.C.S", "observac_1": null, "barrio": "URBIRRIOS X", "parroquia_": 3, "barrio_id": 331, "proceso": 1, "fecha_regi": null, "activo_cat": "SI", "desactivad": 0, "avaluo_rem": 0.0, "avaluo_r_1": 0.0, "clasificac": "GENERAL", "anio_deuda": 0, "deuda": 0.0, "valor_ip": 0.0, "coactiva": null, "ficharegis": 27225, "etam": 0.0912870929, "diferencia": -7.2147650960999998, "porc_difer": -0.0601230425, "admisible": 1, "deuda_anio": 0.0, "Clavepre": "3-32-18-05-000", "ORIG_FID": 208 }, "geometry": { "type": "Point", "coordinates": [ -80.724461222638752, -0.983270582696913 ] } },
{ "type": "Feature", "properties": { "id": 92547, "lote_id": 68157, "clavecatas": "3-32-18-06-000", "zona": "3", "sector": "32", "manzana": "18", "lote": "06", "ph": "000", "propietari": "VASCONEZ VEGA GLADIS MAGDALENA", "documentop": "1308142486", "direccion": "MZ-M3 LT. 6 URBIRIOS", "area_m2": 120.0, "frente_uti": 8.0, "frente_tot": 0.0, "avaluo_con": 0.0, "avaluo_sue": 8400.0, "zonaurbano": "URBANA", "parroquia": "TARQUI", "esta_bloqu": "NO", "es_tercera": "NO", "tiene_elec": "SI", "tiene_agua": "SI", "tiene_alca": "NO", "observacio": "C-3556-03 -Sello Carlos D. 07/ 7/04 Y.C.S.- 1.528-05 C-5960-07", "observac_1": null, "barrio": "URBIRRIOS X", "parroquia_": 3, "barrio_id": 331, "proceso": 1, "fecha_regi": null, "activo_cat": "SI", "desactivad": 0, "avaluo_rem": 0.0, "avaluo_r_1": 0.0, "clasificac": "DEPURACION CATASTRO", "anio_deuda": 0, "deuda": 0.0, "valor_ip": 0.0, "coactiva": null, "ficharegis": 0, "etam": 0.0912870929, "diferencia": 2.7514842673, "porc_difer": 0.0229290356, "admisible": 1, "deuda_anio": 0.0, "Clavepre": "3-32-18-06-000", "ORIG_FID": 209 }, "geometry": { "type": "Point", "coordinates": [ -80.724516410554344, -0.983222375239493 ] } },
{ "type": "Feature", "properties": { "id": 92548, "lote_id": 68158, "clavecatas": "3-32-18-07-000", "zona": "3", "sector": "32", "manzana": "18", "lote": "07", "ph": "000", "propietari": "ANDRADE PARRALES JACINTO Y SRA MARIA MEN", "documentop": "1306619477", "direccion": "MZ-M3 LT. 07 URBIRIOS", "area_m2": 120.0, "frente_uti": 8.0, "frente_tot": 0.0, "avaluo_con": 1696.78, "avaluo_sue": 8400.0, "zonaurbano": "URBANA", "parroquia": "TARQUI", "esta_bloqu": "NO", "es_tercera": "NO", "tiene_elec": "SI", "tiene_agua": "SI", "tiene_alca": "NO", "observacio": "INF. AMPARO Q. OCT. 29/2003 MR C-3555-03 Sello donacion x Luis 22/03/05 LLCH. c-1777-05 1.431-07", "observac_1": null, "barrio": "URBIRRIOS X", "parroquia_": 3, "barrio_id": 331, "proceso": 1, "fecha_regi": null, "activo_cat": "SI", "desactivad": 0, "avaluo_rem": 0.0, "avaluo_r_1": 0.0, "clasificac": "DEPURACION CATASTRO", "anio_deuda": 0, "deuda": 0.0, "valor_ip": 0.0, "coactiva": null, "ficharegis": 0, "etam": 0.0912870929, "diferencia": -5.74679439, "porc_difer": -0.0478899533, "admisible": 1, "deuda_anio": 0.0, "Clavepre": "3-32-18-07-000", "ORIG_FID": 210 }, "geometry": { "type": "Point", "coordinates": [ -80.724571288335028, -0.98317471264159 ] } },
{ "type": "Feature", "properties": { "id": 92549, "lote_id": 68159, "clavecatas": "3-32-18-08-000", "zona": "3", "sector": "32", "manzana": "18", "lote": "08", "ph": "000", "propietari": "VALDIVIESO DELGADO JOVITA AUXILIADORA", "documentop": "1307863090", "direccion": "MZ-M3 LT. 08 URBIRIOS", "area_m2": 120.0, "frente_uti": 8.0, "frente_tot": 0.0, "avaluo_con": 7300.69, "avaluo_sue": 8400.0, "zonaurbano": "URBANA", "parroquia": "TARQUI", "esta_bloqu": "NO", "es_tercera": "NO", "tiene_elec": "SI", "tiene_agua": "SI", "tiene_alca": "NO", "observacio": "INF. AMPARO Q. OCT. 29/2003 MR C-3554-03 Sello cvta.x Luis 23/03/05 LLCH. 2.670-05 c-3204-07", "observac_1": null, "barrio": "URBIRRIOS X", "parroquia_": 3, "barrio_id": 331, "proceso": 1, "fecha_regi": null, "activo_cat": "SI", "desactivad": 0, "avaluo_rem": 0.0, "avaluo_r_1": 0.0, "clasificac": "DEPURACION CATASTRO", "anio_deuda": 2010, "deuda": 784.96, "valor_ip": 0.0, "coactiva": null, "ficharegis": 53872, "etam": 0.0912870929, "diferencia": -2.077088693, "porc_difer": -0.0173090724, "admisible": 1, "deuda_anio": 758.79, "Clavepre": "3-32-18-08-000", "ORIG_FID": 211 }, "geometry": { "type": "Point", "coordinates": [ -80.724627845296737, -0.983126166690054 ] } },
{ "type": "Feature", "properties": { "id": 92550, "lote_id": 68160, "clavecatas": "3-32-18-09-000", "zona": "3", "sector": "32", "manzana": "18", "lote": "09", "ph": "000", "propietari": "CHAMBA JUMBO WILMAN Y SRA.", "documentop": "1101879813", "direccion": "MZ-M3 LT. 9 URBIRIOS", "area_m2": 120.0, "frente_uti": 8.0, "frente_tot": 0.0, "avaluo_con": 0.0, "avaluo_sue": 8400.0, "zonaurbano": "URBANA", "parroquia": "TARQUI", "esta_bloqu": "NO", "es_tercera": "SI", "tiene_elec": "SI", "tiene_agua": "SI", "tiene_alca": "NO", "observacio": "INF. AMPARO Q. OCT. 29/2003 MR C-3450-03 C-1725-05 -Sello Carlos D.05/02/05 Y.C.S.-", "observac_1": null, "barrio": "URBIRRIOS X", "parroquia_": 3, "barrio_id": 331, "proceso": 1, "fecha_regi": null, "activo_cat": "SI", "desactivad": 0, "avaluo_rem": 0.0, "avaluo_r_1": 0.0, "clasificac": "DEPURACION CATASTRO", "anio_deuda": 2025, "deuda": 28.77, "valor_ip": 0.0, "coactiva": null, "ficharegis": 0, "etam": 0.0912870929, "diferencia": -3.5488111328, "porc_difer": -0.0295734261, "admisible": 1, "deuda_anio": 18.78, "Clavepre": "3-32-18-09-000", "ORIG_FID": 212 }, "geometry": { "type": "Point", "coordinates": [ -80.724683571868965, -0.983076826228989 ] } },
{ "type": "Feature", "properties": { "id": 92551, "lote_id": 68161, "clavecatas": "3-32-18-10-000", "zona": "3", "sector": "32", "manzana": "18", "lote": "10", "ph": "000", "propietari": "VERA ALCIVAR MARTHA ISABEL", "documentop": "1306706092", "direccion": "MZ-M3 LT. 10 URBIRIOS", "area_m2": 120.0, "frente_uti": 8.0, "frente_tot": 0.0, "avaluo_con": 0.0, "avaluo_sue": 8400.0, "zonaurbano": "URBANA", "parroquia": "TARQUI", "esta_bloqu": "NO", "es_tercera": "NO", "tiene_elec": "SI", "tiene_agua": "SI", "tiene_alca": "NO", "observacio": "INF.AMPARO Q.10/29/2003 MR C-3529-03 -SELLO LUIS L.06/23/04 Y.C.S.-SE ACT CERT EMITIDO X GS 35119-15 21/09/15 -SELLO CVTA.GLORIA G.09/24/15 Y.C.S.-", "observac_1": null, "barrio": "URBIRRIOS X", "parroquia_": 3, "barrio_id": 331, "proceso": 1, "fecha_regi": null, "activo_cat": "SI", "desactivad": 0, "avaluo_rem": 0.0, "avaluo_r_1": 0.0, "clasificac": "GENERAL", "anio_deuda": 2026, "deuda": 13.65, "valor_ip": 0.0, "coactiva": null, "ficharegis": 52833, "etam": 0.0912870929, "diferencia": 4.2877328493000002, "porc_difer": 0.0357311071, "admisible": 1, "deuda_anio": 0.0, "Clavepre": "3-32-18-10-000", "ORIG_FID": 213 }, "geometry": { "type": "Point", "coordinates": [ -80.724738678328109, -0.983029512187527 ] } },
{ "type": "Feature", "properties": { "id": 92552, "lote_id": 68162, "clavecatas": "3-32-18-11-000", "zona": "3", "sector": "32", "manzana": "18", "lote": "11", "ph": "000", "propietari": "ESTUPIÑAN CAICEDO PATRICIA", "documentop": "0802397471", "direccion": "MZ-M3 LT. 11 URB. MUNICIPAL URBIRIOS AVE. 235-A", "area_m2": 120.0, "frente_uti": 8.0, "frente_tot": 0.0, "avaluo_con": 0.0, "avaluo_sue": 8400.0, "zonaurbano": "URBANA", "parroquia": "TARQUI", "esta_bloqu": "NO", "es_tercera": "NO", "tiene_elec": "SI", "tiene_agua": "SI", "tiene_alca": "NO", "observacio": "INF.AMPARO Q.10/29/2003 MR C-3486-03\r\nSE MODIF.NOMBRE X DEPURAC.26/06/12 A.Q.\r\nING.PARA CERT.X LORENA LOOR REV.GORETTY FERRRIN 11-11-15 MR -SELLO CVTA.GLORIA G.12/10/15 Y.C.S.-", "observac_1": null, "barrio": "URBIRRIOS X", "parroquia_": 3, "barrio_id": 331, "proceso": 1, "fecha_regi": null, "activo_cat": "SI", "desactivad": 0, "avaluo_rem": 0.0, "avaluo_r_1": 0.0, "clasificac": "GENERAL", "anio_deuda": 2016, "deuda": 331.18, "valor_ip": 0.0, "coactiva": null, "ficharegis": 53671, "etam": 0.0912870929, "diferencia": -0.5132457335, "porc_difer": -0.0042770478, "admisible": 1, "deuda_anio": 317.53, "Clavepre": "3-32-18-11-000", "ORIG_FID": 214 }, "geometry": { "type": "Point", "coordinates": [ -80.724793340108988, -0.9829806421807 ] } },
{ "type": "Feature", "properties": { "id": 92553, "lote_id": 68163, "clavecatas": "3-32-18-12-000", "zona": "3", "sector": "32", "manzana": "18", "lote": "12", "ph": "000", "propietari": "STRELLA JAVIER VICENTE", "documentop": "1104309925", "direccion": "MZ-M3 LT. 12 URBIRIOS", "area_m2": 120.0, "frente_uti": 8.0, "frente_tot": 0.0, "avaluo_con": 0.0, "avaluo_sue": 8400.0, "zonaurbano": "URBANA", "parroquia": "TARQUI", "esta_bloqu": "NO", "es_tercera": "NO", "tiene_elec": "SI", "tiene_agua": "SI", "tiene_alca": "NO", "observacio": "INF. AMPARO Q. OCT. 29/2003 MR    C-3487-03 Sello donacion x Luis 7/03/05LLCH 620-08  C. VTA INF. PATRICIO LEON MARZO 13/08 MR", "observac_1": null, "barrio": "URBIRRIOS X", "parroquia_": 3, "barrio_id": 331, "proceso": 1, "fecha_regi": null, "activo_cat": "SI", "desactivad": 0, "avaluo_rem": 0.0, "avaluo_r_1": 0.0, "clasificac": "DEPURACION CATASTRO", "anio_deuda": 2019, "deuda": 212.14, "valor_ip": 0.0, "coactiva": null, "ficharegis": 1116, "etam": 0.0912870929, "diferencia": -0.6835912439, "porc_difer": -0.0056965937, "admisible": 1, "deuda_anio": 198.82, "Clavepre": "3-32-18-12-000", "ORIG_FID": 215 }, "geometry": { "type": "Point", "coordinates": [ -80.724845534230951, -0.982928790243961 ] } },
{ "type": "Feature", "properties": { "id": 92555, "lote_id": 68165, "clavecatas": "3-32-18-14-000", "zona": "3", "sector": "32", "manzana": "18", "lote": "14", "ph": "000", "propietari": "FALCONES ALCIVAR LEDYS ALEXANDRA", "documentop": "1708919939", "direccion": "MZ-M3 LT. 14 URBIRIOS", "area_m2": 120.0, "frente_uti": 8.0, "frente_tot": 0.0, "avaluo_con": 248.5, "avaluo_sue": 8400.0, "zonaurbano": "URBANA", "parroquia": "TARQUI", "esta_bloqu": "NO", "es_tercera": "NO", "tiene_elec": "SI", "tiene_agua": "SI", "tiene_alca": "NO", "observacio": "INF. AMPARO Q. OCT. 29/2003 MR C-3489-03 -Sello Luis L. 04/13/05 Y.C.S.- -Cert.4162-05", "observac_1": null, "barrio": "URBIRRIOS X", "parroquia_": 3, "barrio_id": 331, "proceso": 1, "fecha_regi": null, "activo_cat": "SI", "desactivad": 0, "avaluo_rem": 0.0, "avaluo_r_1": 0.0, "clasificac": "DEPURACION CATASTRO", "anio_deuda": 2016, "deuda": 310.79, "valor_ip": 0.0, "coactiva": null, "ficharegis": 4765, "etam": 0.0912870929, "diferencia": -3.9131649365, "porc_difer": -0.0326097078, "admisible": 1, "deuda_anio": 297.22, "Clavepre": "3-32-18-14-000", "ORIG_FID": 216 }, "geometry": { "type": "Point", "coordinates": [ -80.724949672932141, -0.982826939314558 ] } },
{ "type": "Feature", "properties": { "id": 92557, "lote_id": 68167, "clavecatas": "3-32-18-16-000", "zona": "3", "sector": "32", "manzana": "18", "lote": "16", "ph": "000", "propietari": "PIN CHOEZ LORENZA CLEMENTINA", "documentop": "1302575228", "direccion": "MZ-M3 LT. 16 URBIRIOS", "area_m2": 120.0, "frente_uti": 8.0, "frente_tot": 0.0, "avaluo_con": 0.0, "avaluo_sue": 8400.0, "zonaurbano": "URBANA", "parroquia": "TARQUI", "esta_bloqu": "NO", "es_tercera": "NO", "tiene_elec": "SI", "tiene_agua": "SI", "tiene_alca": "NO", "observacio": "INF. AMPARO Q. OCT. 27/2003 MR C-3491-03 -CERT.4392-05 -SELLO DONACION LUIS L.9/29/05 Y.C.S.- C-3421-08", "observac_1": null, "barrio": "URBIRRIOS X", "parroquia_": 3, "barrio_id": 331, "proceso": 1, "fecha_regi": null, "activo_cat": "SI", "desactivad": 0, "avaluo_rem": 0.0, "avaluo_r_1": 0.0, "clasificac": "DEPURACION CATASTRO", "anio_deuda": 0, "deuda": 0.0, "valor_ip": 0.0, "coactiva": null, "ficharegis": 3360, "etam": 0.0912870929, "diferencia": -7.7959488572, "porc_difer": -0.0649662405, "admisible": 1, "deuda_anio": 0.0, "Clavepre": "3-32-18-16-000", "ORIG_FID": 217 }, "geometry": { "type": "Point", "coordinates": [ -80.725053311235513, -0.982725181939776 ] } },
{ "type": "Feature", "properties": { "id": 92560, "lote_id": 68170, "clavecatas": "3-32-18-19-000", "zona": "3", "sector": "32", "manzana": "18", "lote": "19", "ph": "000", "propietari": "CHICA ZAMBRANO DELIA RAMONA", "documentop": "1307583722", "direccion": "MZ-M3 LT. 19 SECTOR URBIRIOS 1", "area_m2": 120.0, "frente_uti": 8.0, "frente_tot": 0.0, "avaluo_con": 4334.4, "avaluo_sue": 8400.0, "zonaurbano": "URBANA", "parroquia": "TARQUI", "esta_bloqu": "NO", "es_tercera": "NO", "tiene_elec": "SI", "tiene_agua": "SI", "tiene_alca": "NO", "observacio": "INF. AMPARO Q. OCT. 29/2003 MR C-3494-03 SE MODIF.NOMBRE X DEPURAC.26/06/12 A.Q.CERTIFICADO DE AVALÚOS INF.PATRICIO LEÓN 30/JUNIO/2017 INF.PARA CERTIFICADO REVIZZADO, POR FERNANDO NAVARRETE, INSP. ARQ. PATRICIO LEON M.PROPIEDAD DEL GAD MANTA CAMBIO DE", "observac_1": null, "barrio": "URBIRRIOS X", "parroquia_": 3, "barrio_id": 331, "proceso": 1, "fecha_regi": null, "activo_cat": "SI", "desactivad": 0, "avaluo_rem": 0.0, "avaluo_r_1": 0.0, "clasificac": "GENERAL", "anio_deuda": 2022, "deuda": 119.3, "valor_ip": 0.0, "coactiva": null, "ficharegis": 43790, "etam": 0.0912870929, "diferencia": -28.074240875200001, "porc_difer": -0.2339520073, "admisible": 0, "deuda_anio": 102.19, "Clavepre": "3-32-18-19-000", "ORIG_FID": 218 }, "geometry": { "type": "Point", "coordinates": [ -80.72522149730024, -0.982353800293742 ] } },
{ "type": "Feature", "properties": { "id": 92562, "lote_id": 68172, "clavecatas": "3-32-18-21-000", "zona": "3", "sector": "32", "manzana": "18", "lote": "21", "ph": "000", "propietari": "QUIROZ CONFORME CESAR Y SRA.", "documentop": "1305663153", "direccion": "MZ-M3 LT. 21 URBIRIOS", "area_m2": 120.0, "frente_uti": 8.0, "frente_tot": 0.0, "avaluo_con": 0.0, "avaluo_sue": 8400.0, "zonaurbano": "URBANA", "parroquia": "TARQUI", "esta_bloqu": "NO", "es_tercera": "NO", "tiene_elec": "SI", "tiene_agua": "SI", "tiene_alca": "NO", "observacio": "INF. AMPARO Q. OCT. 29/2003 MR C-3497-03 -Cert.4434-05 -Sello Carlos D.10/20/05 Y.C.S.-", "observac_1": null, "barrio": "URBIRRIOS X", "parroquia_": 3, "barrio_id": 331, "proceso": 1, "fecha_regi": null, "activo_cat": "SI", "desactivad": 0, "avaluo_rem": 0.0, "avaluo_r_1": 0.0, "clasificac": "DEPURACION CATASTRO", "anio_deuda": 2023, "deuda": 74.92, "valor_ip": 0.0, "coactiva": null, "ficharegis": 0, "etam": 0.0912870929, "diferencia": -5.3549007488999996, "porc_difer": -0.0446241729, "admisible": 1, "deuda_anio": 61.6, "Clavepre": "3-32-18-21-000", "ORIG_FID": 219 }, "geometry": { "type": "Point", "coordinates": [ -80.725114903740362, -0.982458067002835 ] } },
{ "type": "Feature", "properties": { "id": 92563, "lote_id": 68173, "clavecatas": "3-32-18-22-000", "zona": "3", "sector": "32", "manzana": "18", "lote": "22", "ph": "000", "propietari": "ANCHUNDIA OCHOA JUANA DEL JESUS", "documentop": "1304060930", "direccion": "MZ-M3 LT.22 URBIRIOS", "area_m2": 120.0, "frente_uti": 8.0, "frente_tot": 0.0, "avaluo_con": 0.0, "avaluo_sue": 8400.0, "zonaurbano": "URBANA", "parroquia": "TARQUI", "esta_bloqu": "NO", "es_tercera": "NO", "tiene_elec": "SI", "tiene_agua": "SI", "tiene_alca": "NO", "observacio": "INF. AMPARO Q. OCT. 27/2003 MR C-3498-03 Sello Cvta. x Carlos 17/03/05 LLCH.", "observac_1": null, "barrio": "URBIRRIOS X", "parroquia_": 3, "barrio_id": 331, "proceso": 1, "fecha_regi": null, "activo_cat": "SI", "desactivad": 0, "avaluo_rem": 0.0, "avaluo_r_1": 0.0, "clasificac": "DEPURACION CATASTRO", "anio_deuda": 2025, "deuda": 32.1, "valor_ip": 0.0, "coactiva": null, "ficharegis": 0, "etam": 0.0912870929, "diferencia": -10.672304308399999, "porc_difer": -0.0889358692, "admisible": 1, "deuda_anio": 18.78, "Clavepre": "3-32-18-22-000", "ORIG_FID": 220 }, "geometry": { "type": "Point", "coordinates": [ -80.725066028914327, -0.982510167055849 ] } },
{ "type": "Feature", "properties": { "id": 92565, "lote_id": 68175, "clavecatas": "3-32-18-24-000", "zona": "3", "sector": "32", "manzana": "18", "lote": "24", "ph": "000", "propietari": "DELGADO LOPEZ JUAN FRANCISCO", "documentop": "1303107005", "direccion": "MZ-M3 LT. 24 URBIRIOS", "area_m2": 120.0, "frente_uti": 8.0, "frente_tot": 0.0, "avaluo_con": 0.0, "avaluo_sue": 8400.0, "zonaurbano": "URBANA", "parroquia": "TARQUI", "esta_bloqu": "NO", "es_tercera": "NO", "tiene_elec": "SI", "tiene_agua": "SI", "tiene_alca": "NO", "observacio": "INF. AMPARO Q. OCT. 29/2003 MR C-3500-03  3029-04 C-900-05SELLO CVTA. X LUIS 16/ 03/05 LLCH. -CERT.4791-05 1.564-07", "observac_1": null, "barrio": "URBIRRIOS X", "parroquia_": 3, "barrio_id": 331, "proceso": 1, "fecha_regi": null, "activo_cat": "SI", "desactivad": 0, "avaluo_rem": 0.0, "avaluo_r_1": 0.0, "clasificac": "DEPURACION CATASTRO", "anio_deuda": 0, "deuda": 0.0, "valor_ip": 0.0, "coactiva": null, "ficharegis": 53552, "etam": 0.0912870929, "diferencia": -1.4099236635000001, "porc_difer": -0.0117493639, "admisible": 1, "deuda_anio": 0.0, "Clavepre": "3-32-18-24-000", "ORIG_FID": 221 }, "geometry": { "type": "Point", "coordinates": [ -80.724969398535109, -0.982614428128515 ] } },
{ "type": "Feature", "properties": { "id": 92567, "lote_id": 68177, "clavecatas": "3-32-18-26-000", "zona": "3", "sector": "32", "manzana": "18", "lote": "26", "ph": "000", "propietari": "CRUZ HOLGUIN YONCIO Y SRA DORIS HOLGUIN", "documentop": "0910245851", "direccion": "MZ-M3 LT.26 URBIRIOS", "area_m2": 120.0, "frente_uti": 8.0, "frente_tot": 0.0, "avaluo_con": 0.0, "avaluo_sue": 8400.0, "zonaurbano": "URBANA", "parroquia": "TARQUI", "esta_bloqu": "NO", "es_tercera": "NO", "tiene_elec": "SI", "tiene_agua": "SI", "tiene_alca": "NO", "observacio": "INF. AMPARO Q. OCT. 29/2003 MR C-3502-03Sello cvta. x  luis 18/03/05 LLCH. c-1592-05", "observac_1": null, "barrio": "URBIRRIOS X", "parroquia_": 3, "barrio_id": 331, "proceso": 1, "fecha_regi": null, "activo_cat": "SI", "desactivad": 0, "avaluo_rem": 0.0, "avaluo_r_1": 0.0, "clasificac": "DEPURACION CATASTRO", "anio_deuda": 0, "deuda": 0.0, "valor_ip": 0.0, "coactiva": null, "ficharegis": 0, "etam": 0.0912870929, "diferencia": 2.1959612749000001, "porc_difer": 0.0182996773, "admisible": 1, "deuda_anio": 0.0, "Clavepre": "3-32-18-26-000", "ORIG_FID": 222 }, "geometry": { "type": "Point", "coordinates": [ -80.724867882086684, -0.982718259641345 ] } },
{ "type": "Feature", "properties": { "id": 92568, "lote_id": 68178, "clavecatas": "3-32-18-27-000", "zona": "3", "sector": "32", "manzana": "18", "lote": "27", "ph": "000", "propietari": "VELASQUEZ CLARA JULIETA", "documentop": "1310261779", "direccion": "MZ-M3 LT.27 SECTOR URBIRIOS 1", "area_m2": 120.0, "frente_uti": 8.0, "frente_tot": 0.0, "avaluo_con": 7106.4, "avaluo_sue": 8400.0, "zonaurbano": "URBANA", "parroquia": "TARQUI", "esta_bloqu": "NO", "es_tercera": "SI", "tiene_elec": "SI", "tiene_agua": "SI", "tiene_alca": "NO", "observacio": "INF. AMPARO Q. OCT. 29/2003 MR C-3503-03 SE MODIF.NOMBRE X DEPURAC.26/06/12 A.Q. CASA MIXTA CERTIFICADO DE AVALÚOS\r\nINF. ARQ. PATRICIO LEÓN 30/JUNIO/2017\r\nINF. PARA CERTIFICADO REVIZZADO, POR FERNANDO NAVARRETE, INSP. ARQ. PATRICIO LEON M.CAMBIO DE NOM", "observac_1": null, "barrio": "URBIRRIOS X", "parroquia_": 3, "barrio_id": 331, "proceso": 1, "fecha_regi": null, "activo_cat": "SI", "desactivad": 0, "avaluo_rem": 0.0, "avaluo_r_1": 0.0, "clasificac": "GENERAL", "anio_deuda": 0, "deuda": 0.0, "valor_ip": 0.0, "coactiva": null, "ficharegis": 62551, "etam": 0.0912870929, "diferencia": -0.1163340257, "porc_difer": -0.0009694502, "admisible": 1, "deuda_anio": 0.0, "Clavepre": "3-32-18-27-000", "ORIG_FID": 223 }, "geometry": { "type": "Point", "coordinates": [ -80.724816631422016, -0.982769047466698 ] } },
{ "type": "Feature", "properties": { "id": 92569, "lote_id": 68179, "clavecatas": "3-32-18-28-000", "zona": "3", "sector": "32", "manzana": "18", "lote": "28", "ph": "000", "propietari": "SALTOS PARRAGA ROBERT JOSE", "documentop": "1706417225", "direccion": "MZ-M3 LOTE  28 URBIRIOS I", "area_m2": 120.0, "frente_uti": 8.0, "frente_tot": 0.0, "avaluo_con": 16512.0, "avaluo_sue": 8400.0, "zonaurbano": "URBANA", "parroquia": "TARQUI", "esta_bloqu": "NO", "es_tercera": "SI", "tiene_elec": "SI", "tiene_agua": "SI", "tiene_alca": "NO", "observacio": "INF. AMPARO Q. OCT. 28/2003 MR C-3504-03 ANTES CC. SE PAAN LOS VALORES DE LA CC. 3141603  INF. FERNANDO N. JULIO 21/05 MR.-SE MODIF.NOMBRE X DEPURAC.26/06/12 A.Q.INF. PARA CERTIFICADO REVIZADO, POR DIRECTOR CPA. JCM., INSP.SR. FERNANDO NAVARRETE, REVZ. P", "observac_1": null, "barrio": "URBIRRIOS X", "parroquia_": 3, "barrio_id": 331, "proceso": 1, "fecha_regi": null, "activo_cat": "SI", "desactivad": 0, "avaluo_rem": 0.0, "avaluo_r_1": 0.0, "clasificac": "GENERAL", "anio_deuda": 2020, "deuda": 310.44, "valor_ip": 0.0, "coactiva": null, "ficharegis": 63213, "etam": 0.0912870929, "diferencia": -2.1916693363, "porc_difer": -0.0182639111, "admisible": 1, "deuda_anio": 291.05, "Clavepre": "3-32-18-28-000", "ORIG_FID": 224 }, "geometry": { "type": "Point", "coordinates": [ -80.724764503309714, -0.982821203790249 ] } },
{ "type": "Feature", "properties": { "id": 92570, "lote_id": 68180, "clavecatas": "3-32-18-29-000", "zona": "3", "sector": "32", "manzana": "18", "lote": "29", "ph": "000", "propietari": "INTRIAGO MERA MANUEL Y SRA .", "documentop": "1303536146", "direccion": "MZ-M3 LT. 29 URBIRIOS", "area_m2": 120.0, "frente_uti": 8.0, "frente_tot": 0.0, "avaluo_con": 854.33, "avaluo_sue": 8400.0, "zonaurbano": "URBANA", "parroquia": "TARQUI", "esta_bloqu": "NO", "es_tercera": "SI", "tiene_elec": "SI", "tiene_agua": "SI", "tiene_alca": "NO", "observacio": "INF. AMPARO Q. OCT. 30/2003 MR c-3538-03 -Cert.3668-05 DONACION INF. LUIS L.  AGOSTO 22/05 MR", "observac_1": null, "barrio": "URBIRRIOS X", "parroquia_": 3, "barrio_id": 331, "proceso": 1, "fecha_regi": null, "activo_cat": "SI", "desactivad": 0, "avaluo_rem": 0.0, "avaluo_r_1": 0.0, "clasificac": "DEPURACION CATASTRO", "anio_deuda": 0, "deuda": 0.0, "valor_ip": 0.0, "coactiva": null, "ficharegis": 0, "etam": 0.0912870929, "diferencia": 0.8413281725, "porc_difer": 0.0070110681, "admisible": 1, "deuda_anio": 0.0, "Clavepre": "3-32-18-29-000", "ORIG_FID": 225 }, "geometry": { "type": "Point", "coordinates": [ -80.724712335230706, -0.982872279387409 ] } },
{ "type": "Feature", "properties": { "id": 92571, "lote_id": 68181, "clavecatas": "3-32-18-30-000", "zona": "3", "sector": "32", "manzana": "18", "lote": "30", "ph": "000", "propietari": "SOLORZANO MOLINA LUIS ALBERTO", "documentop": "1712969722", "direccion": "MZ. M-3 LOTE 30 URBANIZACIÓN URBIRRIOS", "area_m2": 120.0, "frente_uti": 8.0, "frente_tot": 0.0, "avaluo_con": 6768.0, "avaluo_sue": 8400.0, "zonaurbano": "URBANA", "parroquia": "TARQUI", "esta_bloqu": "NO", "es_tercera": "NO", "tiene_elec": "SI", "tiene_agua": "SI", "tiene_alca": "NO", "observacio": "INF. AMPARO Q. 10/29/2003 MR C-3539-03.-SELLO LUIS L. 09/29/04 Y.C.S.- C-497-08.- ING. EN LINEA PARA CERT. EVAL. X MARISOL A. ELAB. X DELI CH.D. FICHA REGI NO.32924 NOV. 06-19.- INGR. EN LINEA PARA CERT. REV. X LCDA. MARISOL A. ELAB.X LCDA. DELI CH.D. EN", "observac_1": null, "barrio": "URBIRRIOS X", "parroquia_": 3, "barrio_id": 331, "proceso": 1, "fecha_regi": null, "activo_cat": "SI", "desactivad": 0, "avaluo_rem": 0.0, "avaluo_r_1": 0.0, "clasificac": "DEPURACION CATASTRO", "anio_deuda": 0, "deuda": 0.0, "valor_ip": 0.0, "coactiva": null, "ficharegis": 32924, "etam": 0.0912870929, "diferencia": -3.3821163899000002, "porc_difer": -0.0281843032, "admisible": 1, "deuda_anio": 0.0, "Clavepre": "3-32-18-30-000", "ORIG_FID": 226 }, "geometry": { "type": "Point", "coordinates": [ -80.72465803988095, -0.982919819288151 ] } },
{ "type": "Feature", "properties": { "id": 92572, "lote_id": 68182, "clavecatas": "3-32-18-31-000", "zona": "3", "sector": "32", "manzana": "18", "lote": "31", "ph": "000", "propietari": "MACIAS CANTOS DELCITO RAMON", "documentop": "1306420553", "direccion": "MZ-M-3 LT.31 URB. URBIRRIOS I", "area_m2": 120.0, "frente_uti": 8.0, "frente_tot": 0.0, "avaluo_con": 21528.0, "avaluo_sue": 8400.0, "zonaurbano": "URBANA", "parroquia": "TARQUI", "esta_bloqu": "NO", "es_tercera": "NO", "tiene_elec": "SI", "tiene_agua": "SI", "tiene_alca": "NO", "observacio": "INF.AMPARO Q.OCT.29/2003 MR C-3540-03 SE MODIF.NOMBRE X DEPURAC.26/06\r\n/12 A.Q.ING.PARA CERTIF.X GABRIEL MEUNIER,REV.ARQ.MIGUEL CAJAPE SEPT.10-2015 MR.SELLO CVTA GEMA G.5/10/15 A.Q. \r\n", "observac_1": null, "barrio": "URBIRRIOS X", "parroquia_": 3, "barrio_id": 331, "proceso": 1, "fecha_regi": null, "activo_cat": "SI", "desactivad": 0, "avaluo_rem": 0.0, "avaluo_r_1": 0.0, "clasificac": "GENERAL", "anio_deuda": 0, "deuda": 0.0, "valor_ip": 0.0, "coactiva": null, "ficharegis": 52999, "etam": 0.0912870929, "diferencia": -0.3797544346, "porc_difer": -0.0031646203, "admisible": 1, "deuda_anio": 0.0, "Clavepre": "3-32-18-31-000", "ORIG_FID": 227 }, "geometry": { "type": "Point", "coordinates": [ -80.724603640013228, -0.982969235686441 ] } },
{ "type": "Feature", "properties": { "id": 92573, "lote_id": 68183, "clavecatas": "3-32-18-32-000", "zona": "3", "sector": "32", "manzana": "18", "lote": "32", "ph": "000", "propietari": "LUCAS DELGADO JOSE SEBASTIAN Y FRANCISCA ALBERTINA BARTOLOME", "documentop": "1304593567", "direccion": "MZ-M3 LT. 32 URBIRIOS", "area_m2": 120.0, "frente_uti": 8.0, "frente_tot": 8.0, "avaluo_con": 16701.6, "avaluo_sue": 8400.0, "zonaurbano": "URBANA", "parroquia": "TARQUI", "esta_bloqu": "NO", "es_tercera": "NO", "tiene_elec": "SI", "tiene_agua": "SI", "tiene_alca": "NO", "observacio": "INF. AMPARO Q. OCT. 29/2003 MR c-3541-03 c-3034-09  C. VTA INF. FERNANDO N MAYO 12/09 MR", "observac_1": null, "barrio": "URBIRRIOS X", "parroquia_": 3, "barrio_id": 331, "proceso": 1, "fecha_regi": null, "activo_cat": "SI", "desactivad": 0, "avaluo_rem": 0.0, "avaluo_r_1": 0.0, "clasificac": "DEPURACION CATASTRO", "anio_deuda": 0, "deuda": 0.0, "valor_ip": 0.0, "coactiva": null, "ficharegis": 13838, "etam": 0.0912870929, "diferencia": 3.7459199015000002, "porc_difer": 0.0312159992, "admisible": 1, "deuda_anio": 0.0, "Clavepre": "3-32-18-32-000", "ORIG_FID": 228 }, "geometry": { "type": "Point", "coordinates": [ -80.724549200867287, -0.983016428561748 ] } },
{ "type": "Feature", "properties": { "id": 92574, "lote_id": 68184, "clavecatas": "3-32-18-33-000", "zona": "3", "sector": "32", "manzana": "18", "lote": "33", "ph": "000", "propietari": "ANCHUNDIA PACHECO  MARCO ANTONIO", "documentop": "1313517052", "direccion": "MZ-M3 LT. 33 URB. URBIRRIOS", "area_m2": 120.0, "frente_uti": 8.0, "frente_tot": 0.0, "avaluo_con": 13407.41, "avaluo_sue": 8400.0, "zonaurbano": "URBANA", "parroquia": "TARQUI", "esta_bloqu": "NO", "es_tercera": "NO", "tiene_elec": "SI", "tiene_agua": "SI", "tiene_alca": "NO", "observacio": "INF. AMPARO Q. OCT. 29/2003 MR C-3542-03- C. VTA MAYO 28/2004 INF. LUIS L. MR.SE ACTUALIZA INF CON ESCRITURA DE CVTA INSCRITA EN EL REG. DE LA PROPIEDAD.28/12/2022.AZP", "observac_1": null, "barrio": "URBIRRIOS X", "parroquia_": 3, "barrio_id": 331, "proceso": 1, "fecha_regi": null, "activo_cat": "SI", "desactivad": 0, "avaluo_rem": 0.0, "avaluo_r_1": 0.0, "clasificac": "GENERAL", "anio_deuda": 0, "deuda": 0.0, "valor_ip": 0.0, "coactiva": null, "ficharegis": 79859, "etam": 0.0912870929, "diferencia": -0.8229314116000001, "porc_difer": -0.0068577618, "admisible": 1, "deuda_anio": 0.0, "Clavepre": "3-32-18-33-000", "ORIG_FID": 229 }, "geometry": { "type": "Point", "coordinates": [ -80.724494697157709, -0.983064540888054 ] } },
{ "type": "Feature", "properties": { "id": 92575, "lote_id": 68185, "clavecatas": "3-32-18-34-000", "zona": "3", "sector": "32", "manzana": "18", "lote": "34", "ph": "000", "propietari": "GARCIA PACHECO GINGER ELIZABETH", "documentop": "1306619626", "direccion": "MZ-M3 LT.34 URBIRIOS", "area_m2": 120.0, "frente_uti": 8.0, "frente_tot": 0.0, "avaluo_con": 0.0, "avaluo_sue": 8400.0, "zonaurbano": "URBANA", "parroquia": "TARQUI", "esta_bloqu": "NO", "es_tercera": "NO", "tiene_elec": "SI", "tiene_agua": "SI", "tiene_alca": "NO", "observacio": "INF. AMPARO Q. OCT. 29/2003 MR C-3543-03 -Sello Carlos D 09/22/04 Y.C.S.-", "observac_1": null, "barrio": "URBIRRIOS X", "parroquia_": 3, "barrio_id": 331, "proceso": 1, "fecha_regi": null, "activo_cat": "SI", "desactivad": 0, "avaluo_rem": 0.0, "avaluo_r_1": 0.0, "clasificac": "DEPURACION CATASTRO", "anio_deuda": 0, "deuda": 0.0, "valor_ip": 0.0, "coactiva": null, "ficharegis": 0, "etam": 0.0912870929, "diferencia": 4.54061467, "porc_difer": 0.0378384556, "admisible": 1, "deuda_anio": 0.0, "Clavepre": "3-32-18-34-000", "ORIG_FID": 230 }, "geometry": { "type": "Point", "coordinates": [ -80.724439493677011, -0.983111789401438 ] } },
{ "type": "Feature", "properties": { "id": 92577, "lote_id": 68187, "clavecatas": "3-32-18-36-000", "zona": "3", "sector": "32", "manzana": "18", "lote": "36", "ph": "000", "propietari": "DELGADO LEMOS CARLOS Y SRA.", "documentop": "1306798776", "direccion": "MZ-M3 LT. 36  URBIROS", "area_m2": 120.0, "frente_uti": 8.0, "frente_tot": 0.0, "avaluo_con": 0.0, "avaluo_sue": 8400.0, "zonaurbano": "URBANA", "parroquia": "TARQUI", "esta_bloqu": "NO", "es_tercera": "NO", "tiene_elec": "SI", "tiene_agua": "SI", "tiene_alca": "NO", "observacio": "INF. AMPARO Q. OCT. 29/2003 MR C-3534-03 -Sello Carlos D 10/13/04 Y.C.S.- C-589-05 c-6123-08", "observac_1": null, "barrio": "URBIRRIOS X", "parroquia_": 3, "barrio_id": 331, "proceso": 1, "fecha_regi": null, "activo_cat": "SI", "desactivad": 0, "avaluo_rem": 0.0, "avaluo_r_1": 0.0, "clasificac": "DEPURACION CATASTRO", "anio_deuda": 2026, "deuda": 13.32, "valor_ip": 0.0, "coactiva": null, "ficharegis": 7988, "etam": 0.0912870929, "diferencia": -0.5601390977, "porc_difer": -0.0046678258, "admisible": 1, "deuda_anio": 0.0, "Clavepre": "3-32-18-36-000", "ORIG_FID": 231 }, "geometry": { "type": "Point", "coordinates": [ -80.724327871461597, -0.983206391060892 ] } },
{ "type": "Feature", "properties": { "id": 92578, "lote_id": 68188, "clavecatas": "3-32-18-37-000", "zona": "3", "sector": "32", "manzana": "18", "lote": "37", "ph": "000", "propietari": "ROMERO BURGOS RIGOBERTO Y SRA.", "documentop": "1301237861", "direccion": "MZ-M3 LT. 37 URBIRIOS", "area_m2": 120.0, "frente_uti": 8.0, "frente_tot": 0.0, "avaluo_con": 0.0, "avaluo_sue": 8400.0, "zonaurbano": "URBANA", "parroquia": "TARQUI", "esta_bloqu": "NO", "es_tercera": "SI", "tiene_elec": "SI", "tiene_agua": "SI", "tiene_alca": "NO", "observacio": "INF. AMPARO Q. OCT. 29/203 MR C-3535-03 -SELLO LUIS L. 12/08/04 Y.C.S.-", "observac_1": null, "barrio": "URBIRRIOS X", "parroquia_": 3, "barrio_id": 331, "proceso": 1, "fecha_regi": null, "activo_cat": "SI", "desactivad": 0, "avaluo_rem": 0.0, "avaluo_r_1": 0.0, "clasificac": "DEPURACION CATASTRO", "anio_deuda": 0, "deuda": 0.0, "valor_ip": 0.0, "coactiva": null, "ficharegis": 56350, "etam": 0.0912870929, "diferencia": -1.6533353454, "porc_difer": -0.0137777945, "admisible": 1, "deuda_anio": 0.0, "Clavepre": "3-32-18-37-000", "ORIG_FID": 232 }, "geometry": { "type": "Point", "coordinates": [ -80.72427222047294, -0.983253770110536 ] } },
{ "type": "Feature", "properties": { "id": 92579, "lote_id": 68189, "clavecatas": "3-32-18-38-000", "zona": "3", "sector": "32", "manzana": "18", "lote": "38", "ph": "000", "propietari": "ZAMORA SANCHEZ HAIDDE LEONOR", "documentop": "1302058845", "direccion": "MZ-M3 LT.38 URBIRIIOS", "area_m2": 120.0, "frente_uti": 8.0, "frente_tot": 0.0, "avaluo_con": 0.0, "avaluo_sue": 8400.0, "zonaurbano": "URBANA", "parroquia": "TARQUI", "esta_bloqu": "NO", "es_tercera": "SI", "tiene_elec": "SI", "tiene_agua": "SI", "tiene_alca": "NO", "observacio": "INF. AMAPRO Q. OCT. 29/203 MR C-3536-03 C-6259-08 C-4104-09 -Sello Luis L. 08/14/09 Y.C.S.-", "observac_1": null, "barrio": "URBIRRIOS X", "parroquia_": 3, "barrio_id": 331, "proceso": 1, "fecha_regi": null, "activo_cat": "SI", "desactivad": 0, "avaluo_rem": 0.0, "avaluo_r_1": 0.0, "clasificac": "DEPURACION CATASTRO", "anio_deuda": 2026, "deuda": 9.99, "valor_ip": 0.0, "coactiva": null, "ficharegis": 14928, "etam": 0.0912870929, "diferencia": 5.8022108114000002, "porc_difer": 0.0483517568, "admisible": 1, "deuda_anio": 0.0, "Clavepre": "3-32-18-38-000", "ORIG_FID": 233 }, "geometry": { "type": "Point", "coordinates": [ -80.724216342336476, -0.983300100652887 ] } },
{ "type": "Feature", "properties": { "id": 92580, "lote_id": 68190, "clavecatas": "3-32-18-39-000", "zona": "3", "sector": "32", "manzana": "18", "lote": "39", "ph": "000", "propietari": "BARRAGAN NUÑEZ HECTOR Y SRA.", "documentop": "1707627426", "direccion": "MZ-M-3 LT. 39 URB. URBIRIOS", "area_m2": 150.0, "frente_uti": 25.0, "frente_tot": 0.0, "avaluo_con": 0.0, "avaluo_sue": 10500.0, "zonaurbano": "URBANA", "parroquia": "TARQUI", "esta_bloqu": "NO", "es_tercera": "NO", "tiene_elec": "SI", "tiene_agua": "SI", "tiene_alca": "NO", "observacio": "INF. AMPARO Q. OCT. 30/2003 MR  C-3537-03 C-2825-05 -Sello Donacion Carlos D. 07/18/05 Y.C.S.- -Cert.4189-05 C-4682-07", "observac_1": null, "barrio": "URBIRRIOS X", "parroquia_": 3, "barrio_id": 331, "proceso": 1, "fecha_regi": null, "activo_cat": "SI", "desactivad": 0, "avaluo_rem": 0.0, "avaluo_r_1": 0.0, "clasificac": "DEPURACION CATASTRO", "anio_deuda": 2026, "deuda": 26.34, "valor_ip": 0.0, "coactiva": null, "ficharegis": 39965, "etam": 0.0816496581, "diferencia": 9.5172436425000004, "porc_difer": 0.0634482909, "admisible": 1, "deuda_anio": 0.0, "Clavepre": "3-32-18-39-000", "ORIG_FID": 234 }, "geometry": { "type": "Point", "coordinates": [ -80.724153134816405, -0.983346870751358 ] } },
{ "type": "Feature", "properties": { "id": 92606, "lote_id": 68216, "clavecatas": "3-32-36-15-000", "zona": "3", "sector": "32", "manzana": "36", "lote": "15", "ph": "000", "propietari": "ASOC.DE MORT.PRIMERO DE AGOSTO", "documentop": null, "direccion": "MZ-G2 LT. 15 URBIRIOS", "area_m2": 240.0, "frente_uti": 16.0, "frente_tot": 0.0, "avaluo_con": 0.0, "avaluo_sue": 17520.0, "zonaurbano": "URBANA", "parroquia": "TARQUI", "esta_bloqu": "NO", "es_tercera": "NO", "tiene_elec": "SI", "tiene_agua": "SI", "tiene_alca": "NO", "observacio": "C-4041-03 se anula la 3323616 x unif. canc. ind. hasta 2006 rev. x Lupe 01-17-06 mar c-222-06 -Sello donacion Luis L.12/08/06 Y.C.S.-", "observac_1": null, "barrio": "URBIRRIOS X", "parroquia_": 3, "barrio_id": 331, "proceso": 1, "fecha_regi": null, "activo_cat": "SI", "desactivad": 0, "avaluo_rem": 0.0, "avaluo_r_1": 0.0, "clasificac": "DEPURACION CATASTRO", "anio_deuda": 2016, "deuda": 1016.96, "valor_ip": 0.0, "coactiva": null, "ficharegis": 0, "etam": 0.1290994449, "diferencia": 156.6897381361, "porc_difer": 0.6528739089, "admisible": 0, "deuda_anio": 0.0, "Clavepre": "3-32-36-15-000", "ORIG_FID": 235 }, "geometry": { "type": "Point", "coordinates": [ -80.723912856770411, -0.9810480350668 ] } },
{ "type": "Feature", "properties": { "id": 92581, "lote_id": 68191, "clavecatas": "3-32-18-40-000", "zona": "3", "sector": "32", "manzana": "18", "lote": "40", "ph": "000", "propietari": "HIDROVO SANTOS ESTEBAN HULBERTO", "documentop": "1308354644", "direccion": "MZ-M3 LT.40 URB.MUNICIPAL  URBIRIOS", "area_m2": 128.0, "frente_uti": 8.0, "frente_tot": 0.0, "avaluo_con": 0.0, "avaluo_sue": 8960.0, "zonaurbano": "URBANA", "parroquia": "TARQUI", "esta_bloqu": "NO", "es_tercera": "NO", "tiene_elec": "SI", "tiene_agua": "SI", "tiene_alca": "SI", "observacio": "INF. AMPARO Q. SEPT. 29/05 MR -SE MODIFICA SELLO REDISEÑO AMPARO Q.09/11/07 Y.C.S.- -SE ANULA EL ANTERIOR Y SE SELLA PROT.DE PLANOS D REDISEÑO AMPARO Q.01/07/08 Y.C.S.-SE MODIF.NOMBRE X DEPURAC.26/06/12 A.Q.\r\nACTZ.INF.PARA CERTIFICADO VALERIA VERA,  Y", "observac_1": null, "barrio": "URBIRRIOS X", "parroquia_": 3, "barrio_id": 331, "proceso": 1, "fecha_regi": null, "activo_cat": "SI", "desactivad": 0, "avaluo_rem": 0.0, "avaluo_r_1": 0.0, "clasificac": "GENERAL", "anio_deuda": 2021, "deuda": 132.49, "valor_ip": 0.0, "coactiva": null, "ficharegis": 23440, "etam": 0.0883883476, "diferencia": -16.167758332199998, "porc_difer": -0.126310612, "admisible": 0, "deuda_anio": 118.41, "Clavepre": "3-32-18-40-000", "ORIG_FID": 236 }, "geometry": { "type": "Point", "coordinates": [ -80.725274571058961, -0.982301698116856 ] } },
{ "type": "Feature", "properties": { "id": 92582, "lote_id": 68192, "clavecatas": "3-32-18-41-000", "zona": "3", "sector": "32", "manzana": "18", "lote": "41", "ph": "000", "propietari": "MERO BRAVO DIDIMA ENCARNACION", "documentop": "1303702847", "direccion": "MZ-M-3 LT. 41 URB. URBIRIOS", "area_m2": 135.05, "frente_uti": 8.0, "frente_tot": 0.0, "avaluo_con": 13608.0, "avaluo_sue": 9453.5, "zonaurbano": "URBANA", "parroquia": "TARQUI", "esta_bloqu": "NO", "es_tercera": "SI", "tiene_elec": "SI", "tiene_agua": "SI", "tiene_alca": "NO", "observacio": "INF.NUEVO INF.AMPARO Q.JUNIO 14/07 MR -SE MODIFICA SELLO REDISEÑO AMPARO Q.09/11/07 Y.C.S.-INF.\r\nPARA CERT.REV.POR PERITO LCDA. MARISOL ARTEAGA SEPT.20-16 MR.-SELLO CVTA S/F.10/10/16 A.Q.", "observac_1": null, "barrio": "URBIRIOS", "parroquia_": 3, "barrio_id": 231, "proceso": 1, "fecha_regi": null, "activo_cat": "SI", "desactivad": 0, "avaluo_rem": 0.0, "avaluo_r_1": 0.0, "clasificac": "GENERAL", "anio_deuda": 0, "deuda": 0.0, "valor_ip": 0.0, "coactiva": null, "ficharegis": 58550, "etam": 0.0860503628, "diferencia": -10.522506168, "porc_difer": -0.0779156325, "admisible": 1, "deuda_anio": 0.0, "Clavepre": "3-32-18-41-000", "ORIG_FID": 237 }, "geometry": { "type": "Point", "coordinates": [ -80.725325056735826, -0.98224900647747 ] } },
{ "type": "Feature", "properties": { "id": 92584, "lote_id": 68194, "clavecatas": "3-32-18-43-000", "zona": "3", "sector": "32", "manzana": "18", "lote": "43", "ph": "000", "propietari": "GONZALEZ QUIROZ NORA VANESSA", "documentop": "1311664252", "direccion": "URB. URBIRIOS MZ-M3 LOTE 43", "area_m2": 213.66, "frente_uti": 28.0, "frente_tot": 0.0, "avaluo_con": 0.0, "avaluo_sue": 14956.2, "zonaurbano": "URBANA", "parroquia": "TARQUI", "esta_bloqu": "NO", "es_tercera": "NO", "tiene_elec": "SI", "tiene_agua": "SI", "tiene_alca": "SI", "observacio": "INGRESO NUEVO CON INF.D LUIS LOPEZ 08-17-07 MAR C-4018-07 -SE MODIFICA SELLO REDISEÑO AMPARO Q.09/11/07 YCS- C-3864-08.-SE MODIF.NOMBRE X DEPURAC. 26/06/12 A.Q.INF.PARA CERT.ING.EN VENTANILLA RECIBIDO X VALERIA VERA INSP.REVIZADO GRUPO TECNICO MIGUEL CA", "observac_1": null, "barrio": "URBIRRIOS X", "parroquia_": 3, "barrio_id": 331, "proceso": 1, "fecha_regi": null, "activo_cat": "SI", "desactivad": 0, "avaluo_rem": 0.0, "avaluo_r_1": 0.0, "clasificac": "GENERAL", "anio_deuda": 2023, "deuda": 338.97, "valor_ip": 0.0, "coactiva": null, "ficharegis": 3622, "etam": 0.1368259221, "diferencia": 6.8893083756999998, "porc_difer": 0.032244259, "admisible": 1, "deuda_anio": 272.83, "Clavepre": "3-32-18-43-000", "ORIG_FID": 238 }, "geometry": { "type": "Point", "coordinates": [ -80.725481058031164, -0.982302462986696 ] } },
{ "type": "Feature", "properties": { "id": 92585, "lote_id": 68195, "clavecatas": "3-32-18-44-000", "zona": "3", "sector": "32", "manzana": "18", "lote": "44", "ph": "000", "propietari": "VASQUEZ BRAVO JANETH MARIA", "documentop": "1308178472", "direccion": "CDLA. URBIRRIOS MZ. M3, LT. 44", "area_m2": 138.32, "frente_uti": 8.0, "frente_tot": 0.0, "avaluo_con": 181.14, "avaluo_sue": 2807.81, "zonaurbano": "URBANA", "parroquia": "TARQUI", "esta_bloqu": "NO", "es_tercera": "NO", "tiene_elec": "SI", "tiene_agua": "SI", "tiene_alca": "SI", "observacio": "INGRESO NUEVO SELLO REDISEÑO A.Q. 09/11/07 YCS-CAMBIO D VALORES INF FERNANDO N.A LA 3321842 OCT.9/08 MR.-SE MODIF.NOMBRE X DEPURAC.26/06/12 A.Q.INGRESADO EN VENT.X VALERIA VERA REVISADO X FERNANDO PAREDES, ELABORADO X DELI CHAVEZ 04/22/13 CERT.12.240.-S", "observac_1": null, "barrio": "OTRAS AREAS", "parroquia_": 3, "barrio_id": 0, "proceso": 1, "fecha_regi": null, "activo_cat": "SI", "desactivad": 0, "avaluo_rem": 2988.95, "avaluo_r_1": 0.0, "clasificac": "GENERAL", "anio_deuda": 2015, "deuda": 298.42, "valor_ip": 0.0, "coactiva": null, "ficharegis": 39945, "etam": 0.085027128, "diferencia": 5.4641193048999996, "porc_difer": 0.0395034652, "admisible": 1, "deuda_anio": 290.19, "Clavepre": "3-32-18-44-000", "ORIG_FID": 239 }, "geometry": { "type": "Point", "coordinates": [ -80.725420690835122, -0.982374167431198 ] } },
{ "type": "Feature", "properties": { "id": 92586, "lote_id": 68196, "clavecatas": "3-32-18-45-000", "zona": "3", "sector": "32", "manzana": "18", "lote": "45", "ph": "000", "propietari": "VERA ANCHUNDIA GISSELLA", "documentop": "1310207574", "direccion": "MZ-M3 LT. 45 CIUD. URBIRIOS", "area_m2": 136.0, "frente_uti": 8.0, "frente_tot": 0.0, "avaluo_con": 0.0, "avaluo_sue": 9520.0, "zonaurbano": "URBANA", "parroquia": "TARQUI", "esta_bloqu": "NO", "es_tercera": "NO", "tiene_elec": "SI", "tiene_agua": "SI", "tiene_alca": "NO", "observacio": "ING. NUEVO INF. AMPARO Q. FEBRERO 27/07 MR ACTUALIZACION INF. AMPARO Q. JULIO 17/07 MR -SE MODIFICA SELLO REDISEÑO AMPARO Q.09/11/07 Y.C.S.- C.7222-08-- C. VTA MPAL INF. CARLOS D DIC-03/08 MR C-1039-09", "observac_1": null, "barrio": "URBIRIOS", "parroquia_": 3, "barrio_id": 231, "proceso": 1, "fecha_regi": null, "activo_cat": "SI", "desactivad": 0, "avaluo_rem": 0.0, "avaluo_r_1": 0.0, "clasificac": "DEPURACION CATASTRO", "anio_deuda": 2019, "deuda": 220.36, "valor_ip": 0.0, "coactiva": null, "ficharegis": 8849, "etam": 0.0857492926, "diferencia": 5.5585417175999998, "porc_difer": 0.0408716303, "admisible": 1, "deuda_anio": 206.16, "Clavepre": "3-32-18-45-000", "ORIG_FID": 240 }, "geometry": { "type": "Point", "coordinates": [ -80.725368633797785, -0.982424764857975 ] } },
{ "type": "Feature", "properties": { "id": 92588, "lote_id": 68198, "clavecatas": "3-32-18-47-000", "zona": "3", "sector": "32", "manzana": "18", "lote": "47", "ph": "000", "propietari": "SALTOS CASANOVA MARISELA MONSERRATE", "documentop": "1308587631", "direccion": "URBIRIOS MZ-M3 L-47", "area_m2": 132.16, "frente_uti": 8.0, "frente_tot": 0.0, "avaluo_con": 0.0, "avaluo_sue": 9251.2, "zonaurbano": "URBANA", "parroquia": "TARQUI", "esta_bloqu": "NO", "es_tercera": "NO", "tiene_elec": "SI", "tiene_agua": "SI", "tiene_alca": "NO", "observacio": "-Nuevo ingreso Sello rediseño Amparo Q.09/11/07 Y.C.S.-ACTUALIZACION INF. AMPARO Q. MARZO 7/08 MR c- 3882-09 -Sello Luis L.07/10/09 Y.C.S.-", "observac_1": null, "barrio": "URBIRIOS", "parroquia_": 3, "barrio_id": 231, "proceso": 1, "fecha_regi": null, "activo_cat": "SI", "desactivad": 0, "avaluo_rem": 0.0, "avaluo_r_1": 0.0, "clasificac": "DEPURACION CATASTRO", "anio_deuda": 2010, "deuda": 551.98, "valor_ip": 0.0, "coactiva": null, "ficharegis": 14648, "etam": 0.0869861251, "diferencia": 1.5590323836, "porc_difer": 0.0117965525, "admisible": 1, "deuda_anio": 537.99, "Clavepre": "3-32-18-47-000", "ORIG_FID": 241 }, "geometry": { "type": "Point", "coordinates": [ -80.725260934971971, -0.982522967466201 ] } },
{ "type": "Feature", "properties": { "id": 92589, "lote_id": 68199, "clavecatas": "3-32-18-48-000", "zona": "3", "sector": "32", "manzana": "18", "lote": "48", "ph": "000", "propietari": "CORDOVA MACIAS VIRGINIA S/E/GAD MANTA", "documentop": "1305505917", "direccion": "URBIRIOS MZ-M3 L-48", "area_m2": 132.1, "frente_uti": 8.2, "frente_tot": 0.0, "avaluo_con": 0.0, "avaluo_sue": 9247.0, "zonaurbano": "URBANA", "parroquia": "TARQUI", "esta_bloqu": "NO", "es_tercera": "NO", "tiene_elec": "SI", "tiene_agua": "SI", "tiene_alca": "NO", "observacio": "-NUEVO INGRESO SELLO REDISEÑO AMPARO Q.09/11/07 Y.C.S.-SE MODIF.NOMBRE X DEPURAC.26/06/12 A.Q.", "observac_1": null, "barrio": "OTRAS AREAS", "parroquia_": 3, "barrio_id": 0, "proceso": 1, "fecha_regi": null, "activo_cat": "SI", "desactivad": 0, "avaluo_rem": 0.0, "avaluo_r_1": 0.0, "clasificac": "DEPURACION CATASTRO", "anio_deuda": 2010, "deuda": 610.96, "valor_ip": 0.0, "coactiva": null, "ficharegis": 0, "etam": 0.0870058774, "diferencia": 0.672044741, "porc_difer": 0.005087394, "admisible": 1, "deuda_anio": 596.81, "Clavepre": "3-32-18-48-000", "ORIG_FID": 242 }, "geometry": { "type": "Point", "coordinates": [ -80.725210391119603, -0.982574232743834 ] } },
{ "type": "Feature", "properties": { "id": 92593, "lote_id": 68203, "clavecatas": "3-32-36-02-000", "zona": "3", "sector": "32", "manzana": "36", "lote": "02", "ph": "000", "propietari": "LOPEZ TEJENA  KENIA MADELAINE", "documentop": "1309780417", "direccion": "MZ-G2 LT. 02 URB. MUNICIPAL URBIRRIOS", "area_m2": 120.0, "frente_uti": 8.0, "frente_tot": 0.0, "avaluo_con": 15080.0, "avaluo_sue": 8760.0, "zonaurbano": "URBANA", "parroquia": "TARQUI", "esta_bloqu": "NO", "es_tercera": "NO", "tiene_elec": "SI", "tiene_agua": "SI", "tiene_alca": "NO", "observacio": "C-4066-03-SE MODIF.NOMBRE X DEPURAC. 26/06/12 A.Q.ING.PARA CERT.X GABRIEL MEUNIER REV.MIGUEL CAJAPE 08-27-15 MR -SELLO ADJUD.CON PAT.FAM.GLORIA G. 12/08/15 Y.C.S.-SE ACTUALIZA INF CON ESCRITURA DE CVTA INSCRITA EN EL REG. DE LA PROPIEDAD.26/04/2023.AZP", "observac_1": "con resol 021 enviada de rentas  la Sra. Rosa Tejena Tejena solicita el cambio de valores de la 3324402 a la 3323602 ya que por error involuntario cancelo.", "barrio": "URBIRRIOS X", "parroquia_": 3, "barrio_id": 331, "proceso": 1, "fecha_regi": null, "activo_cat": "SI", "desactivad": 0, "avaluo_rem": 0.0, "avaluo_r_1": 0.0, "clasificac": "GENERAL", "anio_deuda": 0, "deuda": 0.0, "valor_ip": 0.0, "coactiva": null, "ficharegis": 43406, "etam": 0.0912870929, "diferencia": -3.327991478, "porc_difer": -0.0277332623, "admisible": 1, "deuda_anio": 0.0, "Clavepre": "3-32-36-02-000", "ORIG_FID": 243 }, "geometry": { "type": "Point", "coordinates": [ -80.723207046833949, -0.981646250795865 ] } },
{ "type": "Feature", "properties": { "id": 92594, "lote_id": 68204, "clavecatas": "3-32-36-03-000", "zona": "3", "sector": "32", "manzana": "36", "lote": "03", "ph": "000", "propietari": "SANCHEZ ZAMORA ANGEL ROGELIO", "documentop": "1309121364", "direccion": "MZ-G-2 LT. 03 URB. URBIRIOS", "area_m2": 120.0, "frente_uti": 8.0, "frente_tot": 0.0, "avaluo_con": 0.0, "avaluo_sue": 8760.0, "zonaurbano": "URBANA", "parroquia": "TARQUI", "esta_bloqu": "NO", "es_tercera": "NO", "tiene_elec": "SI", "tiene_agua": "SI", "tiene_alca": "SI", "observacio": "C-4065-03ACTZ.INF.PARA CERT.DANIEL SALDARREAGA 01/17/12 MR CERT.371-12 -SELLO DONACION LUIS L.03/02/12 YCS-INF.PARA CERT.INF.VENTANILLA ISABEL MURILLO REVIZADO X EL TECNICO MIGUEL CAJAPE 11-28-13 CERT.17.100-13 -SELLO CVTA.DANIEL S.12/03/13 Y.C.S.-\r\n\r\nCE", "observac_1": null, "barrio": "URBIRRIOS X", "parroquia_": 3, "barrio_id": 331, "proceso": 1, "fecha_regi": null, "activo_cat": "SI", "desactivad": 0, "avaluo_rem": 0.0, "avaluo_r_1": 0.0, "clasificac": "GENERAL", "anio_deuda": 2025, "deuda": 33.33, "valor_ip": 0.0, "coactiva": null, "ficharegis": 32651, "etam": 0.0912870929, "diferencia": -2.3204064128000002, "porc_difer": -0.0193367201, "admisible": 1, "deuda_anio": 19.51, "Clavepre": "3-32-36-03-000", "ORIG_FID": 244 }, "geometry": { "type": "Point", "coordinates": [ -80.723262925991222, -0.981599916466427 ] } },
{ "type": "Feature", "properties": { "id": 92595, "lote_id": 68205, "clavecatas": "3-32-36-04-000", "zona": "3", "sector": "32", "manzana": "36", "lote": "04", "ph": "000", "propietari": "ZAMORA TUAREZ CAROLINA EVANGELISTA", "documentop": "1302737042", "direccion": "MZ-G2 LT. 04 URBIRIOS", "area_m2": 120.0, "frente_uti": 8.0, "frente_tot": 0.0, "avaluo_con": 0.0, "avaluo_sue": 8760.0, "zonaurbano": "URBANA", "parroquia": "TARQUI", "esta_bloqu": "NO", "es_tercera": "SI", "tiene_elec": "SI", "tiene_agua": "SI", "tiene_alca": "NO", "observacio": "C-4064-03 -Sello donacion Carlos D.02/24/05 Y.C.S.-3.076-07", "observac_1": null, "barrio": "URBIRRIOS X", "parroquia_": 3, "barrio_id": 331, "proceso": 1, "fecha_regi": null, "activo_cat": "SI", "desactivad": 0, "avaluo_rem": 0.0, "avaluo_r_1": 0.0, "clasificac": "DEPURACION CATASTRO", "anio_deuda": 2015, "deuda": 373.06, "valor_ip": 0.0, "coactiva": null, "ficharegis": 17647, "etam": 0.0912870929, "diferencia": -5.5038543157, "porc_difer": -0.0458654526, "admisible": 1, "deuda_anio": 362.94, "Clavepre": "3-32-36-04-000", "ORIG_FID": 245 }, "geometry": { "type": "Point", "coordinates": [ -80.723318745911996, -0.981553049428581 ] } },
{ "type": "Feature", "properties": { "id": 92596, "lote_id": 68206, "clavecatas": "3-32-36-05-000", "zona": "3", "sector": "32", "manzana": "36", "lote": "05", "ph": "000", "propietari": "LOPEZ DELGADO EUSEBIA TERESA", "documentop": "1306660844", "direccion": "MZ-G2 LOTE  05 URBIRIOS", "area_m2": 120.0, "frente_uti": 8.0, "frente_tot": 0.0, "avaluo_con": 8377.92, "avaluo_sue": 8760.0, "zonaurbano": "URBANA", "parroquia": "TARQUI", "esta_bloqu": "NO", "es_tercera": "NO", "tiene_elec": "SI", "tiene_agua": "SI", "tiene_alca": "NO", "observacio": "C-4063-03 C-3416-08 SELLO CVTA-X CARLOS 10/09/08 LLCH. C-7161-08\r\n\r\nINFORME PARA CERTIFICADO,  REVZ. POR PERITO LCDA MARIA MARISOL ARTEAGA, DIGITAL APROBADO 12 DE NOV. DEL 2018  MR-SE ACTUALIZA INF CON ESCRITURA DE CVTA INSCRITA EN EL REG. DE LA PROPIEDA", "observac_1": null, "barrio": "URBIRRIOS X", "parroquia_": 3, "barrio_id": 331, "proceso": 1, "fecha_regi": null, "activo_cat": "SI", "desactivad": 0, "avaluo_rem": 0.0, "avaluo_r_1": 0.0, "clasificac": "DEPURACION CATASTRO", "anio_deuda": 2026, "deuda": 26.91, "valor_ip": 0.0, "coactiva": null, "ficharegis": 8816, "etam": 0.0912870929, "diferencia": -1.9524169237, "porc_difer": -0.016270141, "admisible": 1, "deuda_anio": 0.0, "Clavepre": "3-32-36-05-000", "ORIG_FID": 246 }, "geometry": { "type": "Point", "coordinates": [ -80.723374404157724, -0.98150659677248 ] } },
{ "type": "Feature", "properties": { "id": 92597, "lote_id": 68207, "clavecatas": "3-32-36-06-000", "zona": "3", "sector": "32", "manzana": "36", "lote": "06", "ph": "000", "propietari": "SABANDO MENDOZA JOSE Y ANA SOLORZANO", "documentop": "1306390558", "direccion": "MZ-G2 LT. 06 URBIRIOS", "area_m2": 120.0, "frente_uti": 8.0, "frente_tot": 0.0, "avaluo_con": 0.0, "avaluo_sue": 8760.0, "zonaurbano": "URBANA", "parroquia": "TARQUI", "esta_bloqu": "NO", "es_tercera": "NO", "tiene_elec": "SI", "tiene_agua": "SI", "tiene_alca": "NO", "observacio": "C-4062-03 -Cert.4698-05 -Sello Luis L.10/12/05 Y.C.S.-", "observac_1": null, "barrio": "URBIRRIOS X", "parroquia_": 3, "barrio_id": 331, "proceso": 1, "fecha_regi": null, "activo_cat": "SI", "desactivad": 0, "avaluo_rem": 0.0, "avaluo_r_1": 0.0, "clasificac": "DEPURACION CATASTRO", "anio_deuda": 0, "deuda": 0.0, "valor_ip": 0.0, "coactiva": null, "ficharegis": 0, "etam": 0.0912870929, "diferencia": -11.0628858454, "porc_difer": -0.0921907154, "admisible": 0, "deuda_anio": 0.0, "Clavepre": "3-32-36-06-000", "ORIG_FID": 247 }, "geometry": { "type": "Point", "coordinates": [ -80.723428875532079, -0.981456380641015 ] } },
{ "type": "Feature", "properties": { "id": 92598, "lote_id": 68208, "clavecatas": "3-32-36-07-000", "zona": "3", "sector": "32", "manzana": "36", "lote": "07", "ph": "000", "propietari": "MINAYA SANTOS ANNE IRASEMA", "documentop": "0911714111", "direccion": "MZ-G2 LT. 02 URBIRIOS", "area_m2": 120.0, "frente_uti": 8.0, "frente_tot": 0.0, "avaluo_con": 0.0, "avaluo_sue": 8760.0, "zonaurbano": "URBANA", "parroquia": "TARQUI", "esta_bloqu": "NO", "es_tercera": "NO", "tiene_elec": "SI", "tiene_agua": "SI", "tiene_alca": "NO", "observacio": "C-4061-03 -Sello Carlos D. 09/23/04 Y.C.S.- 2596-09 MDV", "observac_1": null, "barrio": "URBIRRIOS X", "parroquia_": 3, "barrio_id": 331, "proceso": 1, "fecha_regi": null, "activo_cat": "SI", "desactivad": 0, "avaluo_rem": 0.0, "avaluo_r_1": 0.0, "clasificac": "DEPURACION CATASTRO", "anio_deuda": 0, "deuda": 0.0, "valor_ip": 0.0, "coactiva": null, "ficharegis": 13302, "etam": 0.0912870929, "diferencia": 8.5146461396, "porc_difer": 0.0709553845, "admisible": 1, "deuda_anio": 0.0, "Clavepre": "3-32-36-07-000", "ORIG_FID": 248 }, "geometry": { "type": "Point", "coordinates": [ -80.72348490185999, -0.981413146391826 ] } },
{ "type": "Feature", "properties": { "id": 92600, "lote_id": 68210, "clavecatas": "3-32-36-09-000", "zona": "3", "sector": "32", "manzana": "36", "lote": "09", "ph": "000", "propietari": "SALTOS CEPEDA EDUARDO Y SRA.", "documentop": "1309668323", "direccion": "MZ-G2 LT. 09 URBIRIOS", "area_m2": 120.0, "frente_uti": 8.0, "frente_tot": 0.0, "avaluo_con": 11721.97, "avaluo_sue": 8760.0, "zonaurbano": "URBANA", "parroquia": "TARQUI", "esta_bloqu": "NO", "es_tercera": "NO", "tiene_elec": "SI", "tiene_agua": "SI", "tiene_alca": "NO", "observacio": "C-4059-03 -CERT.4531-05 -SELLO CARLOS D.10/10/05 Y.C.S.- C-5697-07 SE INGRESA LA CONST. INF. FERNANDO 10-25-07 MAR", "observac_1": null, "barrio": "URBIRRIOS X", "parroquia_": 3, "barrio_id": 331, "proceso": 1, "fecha_regi": null, "activo_cat": "SI", "desactivad": 0, "avaluo_rem": 0.0, "avaluo_r_1": 0.0, "clasificac": "DEPURACION CATASTRO", "anio_deuda": 2024, "deuda": 128.99, "valor_ip": 0.0, "coactiva": null, "ficharegis": 63192, "etam": 0.0912870929, "diferencia": 2.4639097303000002, "porc_difer": 0.0205325811, "admisible": 1, "deuda_anio": 94.97, "Clavepre": "3-32-36-09-000", "ORIG_FID": 249 }, "geometry": { "type": "Point", "coordinates": [ -80.723592318388441, -0.98131752873746 ] } },
{ "type": "Feature", "properties": { "id": 92603, "lote_id": 68213, "clavecatas": "3-32-36-12-000", "zona": "3", "sector": "32", "manzana": "36", "lote": "12", "ph": "000", "propietari": "PINCAY RODRIGUEZ MARTHA MERCEDES", "documentop": "1311641680", "direccion": "MZ-G2 LT. 12 URBIRIOS", "area_m2": 120.0, "frente_uti": 8.0, "frente_tot": 0.0, "avaluo_con": 0.0, "avaluo_sue": 8760.0, "zonaurbano": "URBANA", "parroquia": "TARQUI", "esta_bloqu": "NO", "es_tercera": "NO", "tiene_elec": "SI", "tiene_agua": "SI", "tiene_alca": "NO", "observacio": "C-4056-03 c-3897-06 -Sello Carlos D.07/13/07 Y.C.S.- c-3405-07 C-4728-07", "observac_1": null, "barrio": "URBIRRIOS X", "parroquia_": 3, "barrio_id": 331, "proceso": 1, "fecha_regi": null, "activo_cat": "SI", "desactivad": 0, "avaluo_rem": 0.0, "avaluo_r_1": 0.0, "clasificac": "DEPURACION CATASTRO", "anio_deuda": 2018, "deuda": 248.24, "valor_ip": 0.0, "coactiva": null, "ficharegis": 0, "etam": 0.0912870929, "diferencia": 1.1001472326, "porc_difer": 0.0091678936, "admisible": 1, "deuda_anio": 238.12, "Clavepre": "3-32-36-12-000", "ORIG_FID": 250 }, "geometry": { "type": "Point", "coordinates": [ -80.723752451425, -0.981176875925766 ] } },
{ "type": "Feature", "properties": { "id": 92605, "lote_id": 68215, "clavecatas": "3-32-36-14-000", "zona": "3", "sector": "32", "manzana": "36", "lote": "14", "ph": "000", "propietari": "MERO BARRE LUIS SEBASTIAN", "documentop": "1300157565", "direccion": "MZ-G2 LT.14 URB. URBIRIOS", "area_m2": 120.0, "frente_uti": 8.0, "frente_tot": 0.0, "avaluo_con": 28896.0, "avaluo_sue": 8760.0, "zonaurbano": "URBANA", "parroquia": "TARQUI", "esta_bloqu": "NO", "es_tercera": "SI", "tiene_elec": "SI", "tiene_agua": "SI", "tiene_alca": "SI", "observacio": "C-4042-03-ACTUALIZACION INF. DE PLAU AMPARO Q. FEBRERO 02/09 MR\r\n\r\n INF. PARA CERTIFICADO    INGRESADO EN VENTANILLA RECIBIDO POR  DELI CHAVEZ, REVIZADO GRUPO TECNICO ARQ. MIGUEL CAJAPE LINO,   EMITIDO EN MARZO 14-13  CERTIFICADO .Nº.  11.358-13 SELLO L", "observac_1": null, "barrio": "URBIRRIOS X", "parroquia_": 3, "barrio_id": 331, "proceso": 1, "fecha_regi": null, "activo_cat": "SI", "desactivad": 0, "avaluo_rem": 0.0, "avaluo_r_1": 0.0, "clasificac": "DEPURACION CATASTRO", "anio_deuda": 0, "deuda": 0.0, "valor_ip": 0.0, "coactiva": null, "ficharegis": 14601, "etam": 0.0912870929, "diferencia": 2.3121730538, "porc_difer": 0.0192681088, "admisible": 1, "deuda_anio": 0.0, "Clavepre": "3-32-36-14-000", "ORIG_FID": 251 }, "geometry": { "type": "Point", "coordinates": [ -80.723860266006483, -0.981083808002079 ] } },
{ "type": "Feature", "properties": { "id": 92607, "lote_id": 68217, "clavecatas": "3-32-36-17-000", "zona": "3", "sector": "32", "manzana": "36", "lote": "17", "ph": "000", "propietari": "ASO.DE MORT.PRIMERO DE AGOSTO", "documentop": null, "direccion": "MZ-G2 LT. 17 Y 18 URBIRIOS", "area_m2": 240.0, "frente_uti": 16.0, "frente_tot": 0.0, "avaluo_con": 1088.81, "avaluo_sue": 5887.62, "zonaurbano": "URBANA", "parroquia": "TARQUI", "esta_bloqu": "NO", "es_tercera": "NO", "tiene_elec": "SI", "tiene_agua": "SI", "tiene_alca": "NO", "observacio": "C-4039-03 SE ANULA LA 3323618 PAGARON IND. HASTA EL 2006 REV. X LUPE 01-17-06 MAR C223-06 -SELLO LUIS L12/08/06 Y.C.S.-", "observac_1": null, "barrio": "URBIRRIOS X", "parroquia_": 3, "barrio_id": 331, "proceso": 1, "fecha_regi": null, "activo_cat": "SI", "desactivad": 0, "avaluo_rem": 6976.43, "avaluo_r_1": 0.0, "clasificac": "DEPURACION CATASTRO", "anio_deuda": 2016, "deuda": 535.7, "valor_ip": 0.0, "coactiva": null, "ficharegis": 0, "etam": 0.1290994449, "diferencia": 1.7906397115, "porc_difer": 0.0074609988, "admisible": 1, "deuda_anio": 0.0, "Clavepre": "3-32-36-17-000", "ORIG_FID": 252 }, "geometry": { "type": "Point", "coordinates": [ -80.723619902203552, -0.981114518518313 ] } },
{ "type": "Feature", "properties": { "id": 92608, "lote_id": 68218, "clavecatas": "3-32-36-19-000", "zona": "3", "sector": "32", "manzana": "36", "lote": "19", "ph": "000", "propietari": "FLORES MOSQUERA FABIOLA GUADALUPE", "documentop": "1313518373", "direccion": "MZ-G 2 LT. 19 URBIRRIOS", "area_m2": 120.0, "frente_uti": 8.0, "frente_tot": 0.0, "avaluo_con": 0.0, "avaluo_sue": 8760.0, "zonaurbano": "URBANA", "parroquia": "TARQUI", "esta_bloqu": "NO", "es_tercera": "NO", "tiene_elec": "SI", "tiene_agua": "SI", "tiene_alca": "NO", "observacio": "C-4037-03.- SE MODIF. NOMBRE X DEPURAC. 26/06/12 A.Q.- ING. X I. MURILLO REV. X G. FERRIN 02/17/14.-SELLO CAMBIO D NOMBRE ESCR. D CVTA. INF. DANIEL S. ABRIL 01-14 MR- ING. X I. MURILLO REV. X M. CAJAPE ELAB. X DELI CHAVEZ CERT.21.977- 1/05/14.-SELLO CVTA", "observac_1": null, "barrio": "URBIRRIOS X", "parroquia_": 3, "barrio_id": 331, "proceso": 1, "fecha_regi": null, "activo_cat": "SI", "desactivad": 0, "avaluo_rem": 0.0, "avaluo_r_1": 0.0, "clasificac": "GENERAL", "anio_deuda": 2015, "deuda": 378.65, "valor_ip": 0.0, "coactiva": null, "ficharegis": 44224, "etam": 0.0912870929, "diferencia": -12.7340523037, "porc_difer": -0.1061171025, "admisible": 0, "deuda_anio": 364.83, "Clavepre": "3-32-36-19-000", "ORIG_FID": 253 }, "geometry": { "type": "Point", "coordinates": [ -80.723468260888851, -0.981246505200487 ] } },
{ "type": "Feature", "properties": { "id": 92609, "lote_id": 68219, "clavecatas": "3-32-36-20-000", "zona": "3", "sector": "32", "manzana": "36", "lote": "20", "ph": "000", "propietari": "FLORES DELGADO ANGEL BIENVENIDO", "documentop": "1301783690", "direccion": "MZ-G2 LT. 20 URBIRIOS", "area_m2": 120.0, "frente_uti": 8.0, "frente_tot": 0.0, "avaluo_con": 15071.09, "avaluo_sue": 8760.0, "zonaurbano": "URBANA", "parroquia": "TARQUI", "esta_bloqu": "NO", "es_tercera": "NO", "tiene_elec": "SI", "tiene_agua": "SI", "tiene_alca": "NO", "observacio": "4036-03 -CERT.4517-05 -SELLO CARLOS D.10/10/05 Y.C.S.- C-5704-07 SE INGRESA LA CONST. CON INF. DE FERNANDO 10-25-07 MAR", "observac_1": null, "barrio": "URBIRRIOS X", "parroquia_": 3, "barrio_id": 331, "proceso": 1, "fecha_regi": null, "activo_cat": "SI", "desactivad": 0, "avaluo_rem": 0.0, "avaluo_r_1": 0.0, "clasificac": "DEPURACION CATASTRO", "anio_deuda": 2020, "deuda": 447.91, "valor_ip": 0.0, "coactiva": null, "ficharegis": 47998, "etam": 0.0912870929, "diferencia": 2.9947960506000002, "porc_difer": 0.0249566338, "admisible": 1, "deuda_anio": 407.6, "Clavepre": "3-32-36-20-000", "ORIG_FID": 254 }, "geometry": { "type": "Point", "coordinates": [ -80.723410374537139, -0.981295116145822 ] } },
{ "type": "Feature", "properties": { "id": 92610, "lote_id": 68220, "clavecatas": "3-32-36-21-000", "zona": "3", "sector": "32", "manzana": "36", "lote": "21", "ph": "000", "propietari": "SANTANA SANTANA CRUZ MARIA", "documentop": "1306299171", "direccion": "MZ-G2 LT. 21 URBIRIOS", "area_m2": 120.0, "frente_uti": 8.0, "frente_tot": 0.0, "avaluo_con": 0.0, "avaluo_sue": 8760.0, "zonaurbano": "URBANA", "parroquia": "TARQUI", "esta_bloqu": "NO", "es_tercera": "NO", "tiene_elec": "SI", "tiene_agua": "SI", "tiene_alca": "NO", "observacio": "C-4035-03 C-2970-07 -SELLO LUIS L.07/20/07 Y.C.S.- C-3912-07", "observac_1": null, "barrio": "URBIRRIOS X", "parroquia_": 3, "barrio_id": 331, "proceso": 1, "fecha_regi": null, "activo_cat": "SI", "desactivad": 0, "avaluo_rem": 0.0, "avaluo_r_1": 0.0, "clasificac": "DEPURACION CATASTRO", "anio_deuda": 2026, "deuda": 13.48, "valor_ip": 0.0, "coactiva": null, "ficharegis": 83174, "etam": 0.0912870929, "diferencia": -6.1727573871, "porc_difer": -0.0514396449, "admisible": 1, "deuda_anio": 0.0, "Clavepre": "3-32-36-21-000", "ORIG_FID": 255 }, "geometry": { "type": "Point", "coordinates": [ -80.723354229975769, -0.98134121157878 ] } },
{ "type": "Feature", "properties": { "id": 92611, "lote_id": 68221, "clavecatas": "3-32-36-22-000", "zona": "3", "sector": "32", "manzana": "36", "lote": "22", "ph": "000", "propietari": "SANCHEZ PONCE SIRLEY ELIZABETH", "documentop": "1310053473", "direccion": "MZ-G2 LT. 22 URBIRIOS", "area_m2": 120.0, "frente_uti": 8.0, "frente_tot": 0.0, "avaluo_con": 121.1, "avaluo_sue": 8760.0, "zonaurbano": "URBANA", "parroquia": "TARQUI", "esta_bloqu": "NO", "es_tercera": "NO", "tiene_elec": "SI", "tiene_agua": "SI", "tiene_alca": "NO", "observacio": "C-4034-03 -Sello se ingresa la construccion Luis L. 05/21/04 Y.C.S.- C-2326-07", "observac_1": null, "barrio": "URBIRRIOS X", "parroquia_": 3, "barrio_id": 331, "proceso": 1, "fecha_regi": null, "activo_cat": "SI", "desactivad": 0, "avaluo_rem": 0.0, "avaluo_r_1": 0.0, "clasificac": "DEPURACION CATASTRO", "anio_deuda": 2025, "deuda": 32.77, "valor_ip": 0.0, "coactiva": null, "ficharegis": 0, "etam": 0.0912870929, "diferencia": -3.8401820161, "porc_difer": -0.0320015168, "admisible": 1, "deuda_anio": 19.14, "Clavepre": "3-32-36-22-000", "ORIG_FID": 256 }, "geometry": { "type": "Point", "coordinates": [ -80.723298213681986, -0.981390130926154 ] } },
{ "type": "Feature", "properties": { "id": 92612, "lote_id": 68222, "clavecatas": "3-32-36-23-000", "zona": "3", "sector": "32", "manzana": "36", "lote": "23", "ph": "000", "propietari": "MACIAS MACIAS HENRY Y SRA.", "documentop": "1309705976", "direccion": "MZ-G2 LT. 23 URBIRIOS", "area_m2": 120.0, "frente_uti": 8.0, "frente_tot": 0.0, "avaluo_con": 0.0, "avaluo_sue": 8760.0, "zonaurbano": "URBANA", "parroquia": "TARQUI", "esta_bloqu": "NO", "es_tercera": "NO", "tiene_elec": "SI", "tiene_agua": "SI", "tiene_alca": "NO", "observacio": "C-4033-03  ING. NOMBRE INF. AMPARO Q. AGOSTO 08/07MR c-5044-08 -Sello Luis L. 02/20/09 Y.C.S.-", "observac_1": null, "barrio": "URBIRRIOS X", "parroquia_": 3, "barrio_id": 331, "proceso": 1, "fecha_regi": null, "activo_cat": "SI", "desactivad": 0, "avaluo_rem": 0.0, "avaluo_r_1": 0.0, "clasificac": "DEPURACION CATASTRO", "anio_deuda": 2018, "deuda": 251.35, "valor_ip": 0.0, "coactiva": null, "ficharegis": 5573, "etam": 0.0912870929, "diferencia": 4.8919297839000002, "porc_difer": 0.0407660815, "admisible": 1, "deuda_anio": 237.87, "Clavepre": "3-32-36-23-000", "ORIG_FID": 257 }, "geometry": { "type": "Point", "coordinates": [ -80.723243604095117, -0.981435054105039 ] } },
{ "type": "Feature", "properties": { "id": 92613, "lote_id": 68223, "clavecatas": "3-32-36-24-000", "zona": "3", "sector": "32", "manzana": "36", "lote": "24", "ph": "000", "propietari": "SANCHEZ ZAMORA KARINA NARCISA", "documentop": "1309585212", "direccion": "MZ-G-2 LT. 24 URB. URBIRIOS", "area_m2": 120.0, "frente_uti": 8.0, "frente_tot": 8.0, "avaluo_con": 6768.0, "avaluo_sue": 8760.0, "zonaurbano": "URBANA", "parroquia": "TARQUI", "esta_bloqu": "NO", "es_tercera": "NO", "tiene_elec": "SI", "tiene_agua": "SI", "tiene_alca": "NO", "observacio": "C-4032-03.- ING. X L. LOOR REV. X M. CAJAPE 06/27/14 MR.-", "observac_1": null, "barrio": "URBIRRIOS X", "parroquia_": 3, "barrio_id": 331, "proceso": 1, "fecha_regi": null, "activo_cat": "SI", "desactivad": 0, "avaluo_rem": 0.0, "avaluo_r_1": 0.0, "clasificac": "DEPURACION CATASTRO", "anio_deuda": 2023, "deuda": 93.26, "valor_ip": 0.0, "coactiva": null, "ficharegis": 23443, "etam": 0.0912870929, "diferencia": -9.7624228595000009, "porc_difer": -0.0813535238, "admisible": 1, "deuda_anio": 73.69, "Clavepre": "3-32-36-24-000", "ORIG_FID": 258 }, "geometry": { "type": "Point", "coordinates": [ -80.723188617179744, -0.981482854941856 ] } },
{ "type": "Feature", "properties": { "id": 92614, "lote_id": 68224, "clavecatas": "3-32-36-25-000", "zona": "3", "sector": "32", "manzana": "36", "lote": "25", "ph": "000", "propietari": "MENDOZA ALBERTO COLON", "documentop": "1304597030", "direccion": "MZ-G-2 LOTE  25 URBIRIOS I", "area_m2": 120.0, "frente_uti": 8.0, "frente_tot": 0.0, "avaluo_con": 0.0, "avaluo_sue": 8760.0, "zonaurbano": "URBANA", "parroquia": "TARQUI", "esta_bloqu": "NO", "es_tercera": "SI", "tiene_elec": "SI", "tiene_agua": "SI", "tiene_alca": "NO", "observacio": "C-4031-03 MEMO NO. 14928 DE DICIEMBRE 16-08 C-1022-09.-SE MODIF.NOMBRE X DEPURAC.26/06/12 A.Q.INF.PARA CERT.REVIZADO X PERITO MARISOL ARTEAGA AGOSTO 11-16 MR -SELLO ADJ.CON PAT.FAM.(S/F)01/05/17 Y.C.S.-RECHAZADO DEBE PREDIOS DESDE EL 2011 -SE ACTUALIZA I", "observac_1": "SE MODIF.NOMBRE X DEPURAC.26/06/12 A.Q.", "barrio": "URBIRRIOS X", "parroquia_": 3, "barrio_id": 331, "proceso": 1, "fecha_regi": null, "activo_cat": "SI", "desactivad": 0, "avaluo_rem": 0.0, "avaluo_r_1": 0.0, "clasificac": "GENERAL", "anio_deuda": 2019, "deuda": 185.78, "valor_ip": 0.0, "coactiva": null, "ficharegis": 56827, "etam": 0.0912870929, "diferencia": 0.4899128772, "porc_difer": 0.0040826073, "admisible": 1, "deuda_anio": 175.11, "Clavepre": "3-32-36-25-000", "ORIG_FID": 259 }, "geometry": { "type": "Point", "coordinates": [ -80.723132475428869, -0.981531743139153 ] } },
{ "type": "Feature", "properties": { "id": 92615, "lote_id": 68225, "clavecatas": "3-32-36-26-000", "zona": "3", "sector": "32", "manzana": "36", "lote": "26", "ph": "000", "propietari": "VILLAVICENCIO INTRIAGO KENNY ELIZABETH", "documentop": "1312645474", "direccion": "MZ-G2 LT. 26 URBIROS AVE. 223", "area_m2": 120.0, "frente_uti": 8.0, "frente_tot": 0.0, "avaluo_con": 0.0, "avaluo_sue": 8760.0, "zonaurbano": "URBANA", "parroquia": "TARQUI", "esta_bloqu": "NO", "es_tercera": "NO", "tiene_elec": "SI", "tiene_agua": "SI", "tiene_alca": "NO", "observacio": "C-4030-03 -SELLO FERNANDO N. 08/02/04 Y.C.S.- C-3270-06-SE ACTUALIZA INF CON ESCRITURA DE CVTA INSCRITA EN EL REG. DE LA PROPIEDAD-22/10/2021 GGV.SE ACTUALIZA INF CON ESCRITURA DE CVTA INSCRITA EN EL REG. DE LA PROPIEDAD.04/08/2022.AZP", "observac_1": null, "barrio": "URBIRRIOS X", "parroquia_": 3, "barrio_id": 331, "proceso": 1, "fecha_regi": null, "activo_cat": "SI", "desactivad": 0, "avaluo_rem": 0.0, "avaluo_r_1": 0.0, "clasificac": "DEPURACION CATASTRO", "anio_deuda": 0, "deuda": 0.0, "valor_ip": 0.0, "coactiva": null, "ficharegis": 9082, "etam": 0.0912870929, "diferencia": 76.831872679599996, "porc_difer": 0.6402656057, "admisible": 0, "deuda_anio": 0.0, "Clavepre": "3-32-36-26-000", "ORIG_FID": 260 }, "geometry": { "type": "Point", "coordinates": [ -80.723070266770378, -0.981543207839741 ] } },
{ "type": "Feature", "properties": { "id": 92616, "lote_id": 68226, "clavecatas": "3-32-36-27-000", "zona": "3", "sector": "32", "manzana": "36", "lote": "27", "ph": "000", "propietari": "INTRIAGO ELISA GLADYS", "documentop": "1305164061", "direccion": "MZ-G2 LT. 27 URB. MUNICIPAL URBIRIOS", "area_m2": 102.0, "frente_uti": 19.0, "frente_tot": 0.0, "avaluo_con": 11960.0, "avaluo_sue": 7446.0, "zonaurbano": "URBANA", "parroquia": "TARQUI", "esta_bloqu": "NO", "es_tercera": "SI", "tiene_elec": "SI", "tiene_agua": "SI", "tiene_alca": "NO", "observacio": "C-4028-03 ING. X J. CASTRO REV. X M. CAJAPE 09/09/14 MR.- SELLO PROT. D ADJ. GLORIA G. 09/23/14 Y.C.S.- SE DESM. LA 3323628 GLORIA G. 11/28/14 Y.C.S.-", "observac_1": "SE DESMENBTA PARA CC#3323628 CON AUT DE PPUU #306-3398 LM-20/11/2014", "barrio": "URBIRRIOS X", "parroquia_": 3, "barrio_id": 331, "proceso": 1, "fecha_regi": null, "activo_cat": "SI", "desactivad": 0, "avaluo_rem": 0.0, "avaluo_r_1": 0.0, "clasificac": "GENERAL", "anio_deuda": 0, "deuda": 0.0, "valor_ip": 0.0, "coactiva": null, "ficharegis": 29122, "etam": 0.0990147543, "diferencia": -20.773260327300001, "porc_difer": -0.203659415, "admisible": 0, "deuda_anio": 0.0, "Clavepre": "3-32-36-27-000", "ORIG_FID": 261 }, "geometry": { "type": "Point", "coordinates": [ -80.723066502792449, -0.981602578071945 ] } },
{ "type": "Feature", "properties": { "id": 92619, "lote_id": 68228, "clavecatas": "3-32-38-03-000", "zona": "3", "sector": "32", "manzana": "38", "lote": "03", "ph": "000", "propietari": "CENTRAL TELEFONICA COMODATO/GAD MANTA", "documentop": ".", "direccion": "MZ-H URBIRIOS", "area_m2": 150.15, "frente_uti": 14.3, "frente_tot": 0.0, "avaluo_con": 0.0, "avaluo_sue": 10960.95, "zonaurbano": "URBANA", "parroquia": "TARQUI", "esta_bloqu": "NO", "es_tercera": "NO", "tiene_elec": "SI", "tiene_agua": "SI", "tiene_alca": "NO", "observacio": "INF. AMPARO Q. OCT. 18/2004 MR . COMODATO POR 30 AÑOS A A FAVOR PACIFICTEL RESOL NO.9116,SES.ORD.DEL 15/OCTUBRE/2004 SE DA PLAZO DE 2 AÑOS PARA CONCRETAR DICHA CONST. 10-18-04 MAR", "observac_1": null, "barrio": "URBIRRIOS X", "parroquia_": 3, "barrio_id": 331, "proceso": 1, "fecha_regi": null, "activo_cat": "SI", "desactivad": 0, "avaluo_rem": 0.0, "avaluo_r_1": 0.0, "clasificac": "PROPIEDADES MUNICIPALES", "anio_deuda": 2005, "deuda": 949.66, "valor_ip": 0.0, "coactiva": null, "ficharegis": 0, "etam": 0.0816088639, "diferencia": -1218.9313357963999, "porc_difer": -8.1180908145000004, "admisible": 0, "deuda_anio": 0.0, "Clavepre": "3-32-38-03-000", "ORIG_FID": 262 }, "geometry": { "type": "Point", "coordinates": [ -80.723141834127318, -0.982336877410125 ] } },
{ "type": "Feature", "properties": { "id": 92620, "lote_id": 68229, "clavecatas": "3-32-38-04-000", "zona": "3", "sector": "32", "manzana": "38", "lote": "04", "ph": "000", "propietari": "UPC GAD DE MANTA", "documentop": "1760000660001", "direccion": "MZ-H CIUDAD. URBIRIOS", "area_m2": 212.52, "frente_uti": 30.74, "frente_tot": 0.0, "avaluo_con": 17783.56, "avaluo_sue": 15513.96, "zonaurbano": "URBANA", "parroquia": "TARQUI", "esta_bloqu": "NO", "es_tercera": "NO", "tiene_elec": "SI", "tiene_agua": "SI", "tiene_alca": "NO", "observacio": "INF.AMPARO Q.OVT.18/2004 MR RESOL 9117 ESTABLECIENDOSE PLAZO X 2 AÑOS PARA QUE CONST.10-21-04 MAR RESOL 11237 DE SEPT. 14 07-REOL.11237-COMODATO POLICIA UPC.-SE MODIF.NOMBRE X DEPURAC.26/06/12 A.Q.SE RECTIFICA AREA CON LA RESOL.11237 DE (128.13 A 212.52", "observac_1": null, "barrio": "URBIRRIOS X", "parroquia_": 3, "barrio_id": 331, "proceso": 1, "fecha_regi": null, "activo_cat": "SI", "desactivad": 0, "avaluo_rem": 0.0, "avaluo_r_1": 0.0, "clasificac": "INSTITUCIONES PUBLICAS", "anio_deuda": 2026, "deuda": 69.78, "valor_ip": 0.0, "coactiva": null, "ficharegis": 0, "etam": 0.1371924122, "diferencia": 63.777679488799997, "porc_difer": 0.3001020115, "admisible": 0, "deuda_anio": 0.0, "Clavepre": "3-32-38-04-000", "ORIG_FID": 263 }, "geometry": { "type": "Point", "coordinates": [ -80.723317093004951, -0.982402628206502 ] } },
{ "type": "Feature", "properties": { "id": 92624, "lote_id": 68230, "clavecatas": "3-32-40-01-000", "zona": "3", "sector": "32", "manzana": "40", "lote": "01", "ph": "000", "propietari": "VALENCIA EDUARTE JUANA NARCISA", "documentop": "1303499337", "direccion": "MZ-I-5 LT. 1 Y 2 URB. URBIRRIOS AVE.233-A", "area_m2": 270.0, "frente_uti": 33.0, "frente_tot": 33.0, "avaluo_con": 12398.4, "avaluo_sue": 19710.0, "zonaurbano": "URBANA", "parroquia": "TARQUI", "esta_bloqu": "NO", "es_tercera": "NO", "tiene_elec": "SI", "tiene_agua": "SI", "tiene_alca": "NO", "observacio": "C-4068-03--ACTUALIZACION CON INF. DE PLAU AMPARO Q.01/28/09 MR C-6526-09 INF.PARA CERT.REV.X TEC.MIGUEL CAJAPE 07-23-13 CERT.14.198-13 -SELLO CVTA.DANIEL S.08/01/13 Y.C.S.-", "observac_1": null, "barrio": "URBIRRIOS X", "parroquia_": 3, "barrio_id": 331, "proceso": 1, "fecha_regi": null, "activo_cat": "SI", "desactivad": 0, "avaluo_rem": 0.0, "avaluo_r_1": 0.0, "clasificac": "GENERAL", "anio_deuda": 0, "deuda": 0.0, "valor_ip": 0.0, "coactiva": null, "ficharegis": 21750, "etam": 0.1217161239, "diferencia": 15.484482960199999, "porc_difer": 0.0573499369, "admisible": 1, "deuda_anio": 0.0, "Clavepre": "3-32-40-01-000", "ORIG_FID": 264 }, "geometry": { "type": "Point", "coordinates": [ -80.721590646093645, -0.982512999417158 ] } },
{ "type": "Feature", "properties": { "id": 92625, "lote_id": 68231, "clavecatas": "3-32-40-03-000", "zona": "3", "sector": "32", "manzana": "40", "lote": "03", "ph": "000", "propietari": "PALMA SOLORZANO  MARIA SELMIRA", "documentop": "1304639568", "direccion": "MZ-I-5 LT. 03 URBIRIOS", "area_m2": 120.0, "frente_uti": 8.0, "frente_tot": 0.0, "avaluo_con": 942.67, "avaluo_sue": 8760.0, "zonaurbano": "URBANA", "parroquia": "TARQUI", "esta_bloqu": "NO", "es_tercera": "SI", "tiene_elec": "SI", "tiene_agua": "SI", "tiene_alca": "NO", "observacio": "C-4070-03 Sello cvta. x Carlos 22/03/05 LLCH. c-2258-07 se ingresa la const. pero se da como solar para el miduvi con insp de fernando 05-28-07 mar", "observac_1": null, "barrio": "URBIRRIOS X", "parroquia_": 3, "barrio_id": 331, "proceso": 1, "fecha_regi": null, "activo_cat": "SI", "desactivad": 0, "avaluo_rem": 0.0, "avaluo_r_1": 0.0, "clasificac": "DEPURACION CATASTRO", "anio_deuda": 2022, "deuda": 104.6, "valor_ip": 0.0, "coactiva": null, "ficharegis": 0, "etam": 0.0912870929, "diferencia": 5.3124896624, "porc_difer": 0.0442707472, "admisible": 1, "deuda_anio": 0.0, "Clavepre": "3-32-40-03-000", "ORIG_FID": 265 }, "geometry": { "type": "Point", "coordinates": [ -80.721480698247447, -0.982557564920789 ] } },
{ "type": "Feature", "properties": { "id": 92626, "lote_id": 68232, "clavecatas": "3-32-40-04-000", "zona": "3", "sector": "32", "manzana": "40", "lote": "04", "ph": "000", "propietari": "AGUAYO MERO LEURIS MIA", "documentop": "1309020277", "direccion": "MZ-I-5 LT. 04 URB. URBIRRIOS I", "area_m2": 120.0, "frente_uti": 8.0, "frente_tot": 0.0, "avaluo_con": 6400.0, "avaluo_sue": 8760.0, "zonaurbano": "URBANA", "parroquia": "TARQUI", "esta_bloqu": "NO", "es_tercera": "NO", "tiene_elec": "SI", "tiene_agua": "SI", "tiene_alca": "NO", "observacio": "C-4071-03 -SELLO SE INGRESA LA CONSTRUCCION CARLOS D. 05/19/04 Y.C.S.- C-4287-08 C. VTA INF. FERNANDO NAVARRETE NOV. 26/08 MR C-72-08 -SE ACTUALIZA INFORMACION CON ESCRITURA DE ACLAR.DE NOMBRE INSCRITA EN EL REG.DE LA PROPIEDAD (S/F)04/18/18 Y.C.S.-", "observac_1": null, "barrio": "URBIRRIOS X", "parroquia_": 3, "barrio_id": 331, "proceso": 1, "fecha_regi": null, "activo_cat": "SI", "desactivad": 0, "avaluo_rem": 0.0, "avaluo_r_1": 0.0, "clasificac": "GENERAL", "anio_deuda": 0, "deuda": 0.0, "valor_ip": 0.0, "coactiva": null, "ficharegis": 1675, "etam": 0.0912870929, "diferencia": 4.6484830985, "porc_difer": 0.0387373592, "admisible": 1, "deuda_anio": 0.0, "Clavepre": "3-32-40-04-000", "ORIG_FID": 266 }, "geometry": { "type": "Point", "coordinates": [ -80.72141331796567, -0.982584544052406 ] } },
{ "type": "Feature", "properties": { "id": 92627, "lote_id": 68233, "clavecatas": "3-32-40-05-000", "zona": "3", "sector": "32", "manzana": "40", "lote": "05", "ph": "000", "propietari": "CEDEÑO BORRERO JULIO Y SRA.", "documentop": "1302320526", "direccion": "MZ-I-5 LT. 05 URBIRIOS", "area_m2": 120.0, "frente_uti": 8.0, "frente_tot": 0.0, "avaluo_con": 1672.1, "avaluo_sue": 8760.0, "zonaurbano": "URBANA", "parroquia": "TARQUI", "esta_bloqu": "NO", "es_tercera": "NO", "tiene_elec": "SI", "tiene_agua": "SI", "tiene_alca": "NO", "observacio": "C-4072-03 C-1941-05 -SELLO LUIS L.05/30/05 Y.C.S.- C-2898-07 SE INGRESA LA CONST. DE ACUERDO A LA FICHA PARA EL MIDUVI MEJORAMIENTO 06-19-07 MAR", "observac_1": null, "barrio": "URBIRRIOS X", "parroquia_": 3, "barrio_id": 331, "proceso": 1, "fecha_regi": null, "activo_cat": "SI", "desactivad": 0, "avaluo_rem": 0.0, "avaluo_r_1": 0.0, "clasificac": "DEPURACION CATASTRO", "anio_deuda": 2026, "deuda": 14.7, "valor_ip": 0.0, "coactiva": null, "ficharegis": 80802, "etam": 0.0912870929, "diferencia": 4.0796036135999998, "porc_difer": 0.0339966968, "admisible": 1, "deuda_anio": 0.0, "Clavepre": "3-32-40-05-000", "ORIG_FID": 267 }, "geometry": { "type": "Point", "coordinates": [ -80.721346138904323, -0.982610576128555 ] } },
{ "type": "Feature", "properties": { "id": 92628, "lote_id": 68234, "clavecatas": "3-32-40-06-000", "zona": "3", "sector": "32", "manzana": "40", "lote": "06", "ph": "000", "propietari": "FRANK FIGUEROA JHONNY .", "documentop": "1305034553", "direccion": "MZ-I-5 LT. 06 URBIRIOS", "area_m2": 120.0, "frente_uti": 8.0, "frente_tot": 0.0, "avaluo_con": 2880.0, "avaluo_sue": 8760.0, "zonaurbano": "URBANA", "parroquia": "TARQUI", "esta_bloqu": "NO", "es_tercera": "NO", "tiene_elec": "SI", "tiene_agua": "SI", "tiene_alca": "NO", "observacio": "C-4073-03 -Cert.5026-05 C. VTA MUNICIPAL INF. CARLOS D. NOV. 25/05 MR", "observac_1": null, "barrio": "URBIRRIOS X", "parroquia_": 3, "barrio_id": 331, "proceso": 1, "fecha_regi": null, "activo_cat": "SI", "desactivad": 0, "avaluo_rem": 0.0, "avaluo_r_1": 0.0, "clasificac": "DEPURACION CATASTRO", "anio_deuda": 2026, "deuda": 14.4, "valor_ip": 0.0, "coactiva": null, "ficharegis": 41092, "etam": 0.0912870929, "diferencia": 1.8132638736, "porc_difer": 0.0151105323, "admisible": 1, "deuda_anio": 0.0, "Clavepre": "3-32-40-06-000", "ORIG_FID": 268 }, "geometry": { "type": "Point", "coordinates": [ -80.721278778067955, -0.982636612033314 ] } },
{ "type": "Feature", "properties": { "id": 92629, "lote_id": 68235, "clavecatas": "3-32-40-07-000", "zona": "3", "sector": "32", "manzana": "40", "lote": "07", "ph": "000", "propietari": "CHERREZ MOLINA IVAN Y DOLORES MIELES", "documentop": "1305846287", "direccion": "MZ-I-5 LT. 07 URB. URBIRIOS", "area_m2": 120.0, "frente_uti": 8.0, "frente_tot": 0.0, "avaluo_con": 1382.4, "avaluo_sue": 8760.0, "zonaurbano": "URBANA", "parroquia": "TARQUI", "esta_bloqu": "NO", "es_tercera": "NO", "tiene_elec": "SI", "tiene_agua": "SI", "tiene_alca": "NO", "observacio": "C-4074-03 -SELLO DONACION PATRICO L.12/13/04 Y.C.S.- C-2013-06 -SELLO LUIS L. 06/13/06 Y.C.S.-\r\nACTUALIZACIÓN DE DATOS PARA CERTIFICADO DE AVALUOS.\r\nINF. ARQ. PATRICIO LEÓN 17-ENE-2017\r\n\r\nINF. PARA CERTIFICADO  REVIZADO POR LCDA MARIA MARISOL ARTEAGA R", "observac_1": null, "barrio": "URBIRRIOS X", "parroquia_": 3, "barrio_id": 331, "proceso": 1, "fecha_regi": null, "activo_cat": "SI", "desactivad": 0, "avaluo_rem": 0.0, "avaluo_r_1": 0.0, "clasificac": "DEPURACION CATASTRO", "anio_deuda": 2025, "deuda": 34.77, "valor_ip": 0.0, "coactiva": null, "ficharegis": 17823, "etam": 0.0912870929, "diferencia": -1.126186028, "porc_difer": -0.0093848836, "admisible": 1, "deuda_anio": 20.23, "Clavepre": "3-32-40-07-000", "ORIG_FID": 269 }, "geometry": { "type": "Point", "coordinates": [ -80.721211403734671, -0.982662626891863 ] } },
{ "type": "Feature", "properties": { "id": 92630, "lote_id": 68236, "clavecatas": "3-32-40-08-000", "zona": "3", "sector": "32", "manzana": "40", "lote": "08", "ph": "000", "propietari": "MIELES SORNOZA DOLORES .", "documentop": "1309584884", "direccion": "MZ-I-5 LT. 08 URB. URBIRIOS", "area_m2": 120.0, "frente_uti": 0.0, "frente_tot": 0.0, "avaluo_con": 17263.3, "avaluo_sue": 8760.0, "zonaurbano": "URBANA", "parroquia": "TARQUI", "esta_bloqu": "NO", "es_tercera": "NO", "tiene_elec": "SI", "tiene_agua": "SI", "tiene_alca": "NO", "observacio": "C-4075-03 C-1175-07 C-3633-08   C. VTA MUNICIPAL INF. LUIS L. AGOSTO 18/08 MR\r\n\r\nINF. PARA CERTIFICADO  REVIZADO POR LCDA MARIA MARISOL ARTEAGA RIVAS,  ENERO 19 -2017", "observac_1": null, "barrio": "URBIRRIOS X", "parroquia_": 3, "barrio_id": 331, "proceso": 1, "fecha_regi": null, "activo_cat": "SI", "desactivad": 0, "avaluo_rem": 0.0, "avaluo_r_1": 0.0, "clasificac": "DEPURACION CATASTRO", "anio_deuda": 2025, "deuda": 90.69, "valor_ip": 0.0, "coactiva": null, "ficharegis": 3813, "etam": 0.0912870929, "diferencia": -2.932477308, "porc_difer": -0.0244373109, "admisible": 1, "deuda_anio": 51.57, "Clavepre": "3-32-40-08-000", "ORIG_FID": 270 }, "geometry": { "type": "Point", "coordinates": [ -80.721142568779456, -0.982687204976093 ] } },
{ "type": "Feature", "properties": { "id": 92631, "lote_id": 68237, "clavecatas": "3-32-40-09-000", "zona": "3", "sector": "32", "manzana": "40", "lote": "09", "ph": "000", "propietari": "CASTRO MADRID JORGE MIGUEL", "documentop": "1309386504", "direccion": "MZ-I-5 LT. 09  URB. MUNICIPAL URBIROS", "area_m2": 120.0, "frente_uti": 8.0, "frente_tot": 0.0, "avaluo_con": 14400.0, "avaluo_sue": 8760.0, "zonaurbano": "URBANA", "parroquia": "TARQUI", "esta_bloqu": "NO", "es_tercera": "NO", "tiene_elec": "SI", "tiene_agua": "SI", "tiene_alca": "SI", "observacio": "C-4076-03 ACTUALIZACION INF. AMPARO Q. JUNIO 10/08 MR.-SE MODIF.NOMBRE X DEPURAC.26/06/12 A.Q.ACTZ.INF.PARA CERTIFICADO DANIELSALDARREAGA.  Y GRUPO DE ARQ. TECNICO MIGUEL CAJAPE,  AGOSTO 24/12 MR  6466-12 -SELLO CVTA. CARLOS D.09/12/12 Y.C.S.-\r\n\r\nING. PA", "observac_1": null, "barrio": "URBIRRIOS X", "parroquia_": 3, "barrio_id": 331, "proceso": 1, "fecha_regi": null, "activo_cat": "SI", "desactivad": 0, "avaluo_rem": 0.0, "avaluo_r_1": 0.0, "clasificac": "GENERAL", "anio_deuda": 2018, "deuda": 736.23, "valor_ip": 0.0, "coactiva": null, "ficharegis": 36139, "etam": 0.0912870929, "diferencia": 0.0384050854, "porc_difer": 0.0003200424, "admisible": 1, "deuda_anio": 689.38, "Clavepre": "3-32-40-09-000", "ORIG_FID": 271 }, "geometry": { "type": "Point", "coordinates": [ -80.721074687594566, -0.982712587875726 ] } },
{ "type": "Feature", "properties": { "id": 92632, "lote_id": 68238, "clavecatas": "3-32-40-10-000", "zona": "3", "sector": "32", "manzana": "40", "lote": "10", "ph": "000", "propietari": "HERNANDEZ QUIÑONEZ JOSE ANGEL RAFAEL", "documentop": "1301368765", "direccion": "MZ-I-5 LT. 10 URB. URBIRRIOS", "area_m2": 139.5, "frente_uti": 24.0, "frente_tot": 0.0, "avaluo_con": 4264.65, "avaluo_sue": 10692.68, "zonaurbano": "URBANA", "parroquia": "TARQUI", "esta_bloqu": "NO", "es_tercera": "SI", "tiene_elec": "SI", "tiene_agua": "SI", "tiene_alca": "NO", "observacio": "C-4077-03.- SELLO DONC. A.Q. 06/01/05 Y.C.S.-C-1941-06.- SELLO P. LEÒN 06/06/06 Y.C.S.- ING. X V. VERA REV. X M. CAJAPE 11-19-13 CERT.15.788-13.-SELLO CVTA. DANIEL S. 01/02/13 Y.C.S.-ING. X J. CASTRO REV. X M. CAJAPE 06-26-14 MR.- SELLO CVTA. GLORIA G.", "observac_1": null, "barrio": "URBIRRIOS X", "parroquia_": 3, "barrio_id": 331, "proceso": 1, "fecha_regi": null, "activo_cat": "SI", "desactivad": 0, "avaluo_rem": 0.0, "avaluo_r_1": 0.0, "clasificac": "GENERAL", "anio_deuda": 0, "deuda": 0.0, "valor_ip": 0.0, "coactiva": null, "ficharegis": 20987, "etam": 0.0846667513, "diferencia": 6.759909458, "porc_difer": 0.0484581323, "admisible": 1, "deuda_anio": 0.0, "Clavepre": "3-32-40-10-000", "ORIG_FID": 272 }, "geometry": { "type": "Point", "coordinates": [ -80.721003767774931, -0.982739338811366 ] } },
{ "type": "Feature", "properties": { "id": 92633, "lote_id": 68239, "clavecatas": "3-32-40-11-000", "zona": "3", "sector": "32", "manzana": "40", "lote": "11", "ph": "000", "propietari": "BERMUDEZ MERO MARITZA ALEXANDRA", "documentop": "1305275743", "direccion": "MZ-I-5 LT.11 URB. MUNICIPAL URBIRIOS", "area_m2": 139.5, "frente_uti": 24.0, "frente_tot": 0.0, "avaluo_con": 0.0, "avaluo_sue": 10183.5, "zonaurbano": "URBANA", "parroquia": "TARQUI", "esta_bloqu": "NO", "es_tercera": "NO", "tiene_elec": "SI", "tiene_agua": "SI", "tiene_alca": "NO", "observacio": "C-4078-03.-SE MODIF.NOMBRE X DEPURAC.26/06/12 A.Q. INF. PARA CERTIFICADO INGRESADO EN VENTANILLA RECIBIDO POR VALERIA VERA,REVIZADO GRUPO TECNICO ARQ. FERNANDO PAREDES,  EMITIDO EN FEBRERO 07-13  DE 2013 CERTIFICADO .Nº.  10562-13 -SELLO DONACION INSC.T", "observac_1": null, "barrio": "URBIRRIOS X", "parroquia_": 3, "barrio_id": 331, "proceso": 1, "fecha_regi": null, "activo_cat": "SI", "desactivad": 0, "avaluo_rem": 0.0, "avaluo_r_1": 0.0, "clasificac": "GENERAL", "anio_deuda": 0, "deuda": 0.0, "valor_ip": 0.0, "coactiva": null, "ficharegis": 39010, "etam": 0.0846667513, "diferencia": -2.6622897725, "porc_difer": -0.0190845145, "admisible": 1, "deuda_anio": 0.0, "Clavepre": "3-32-40-11-000", "ORIG_FID": 273 }, "geometry": { "type": "Point", "coordinates": [ -80.720953098384385, -0.98260927785787 ] } },
{ "type": "Feature", "properties": { "id": 92634, "lote_id": 68240, "clavecatas": "3-32-40-12-000", "zona": "3", "sector": "32", "manzana": "40", "lote": "12", "ph": "000", "propietari": "RUBIRA LUNA RUBEN Y SRA.", "documentop": "1303387714", "direccion": "MZ-I-5 LT. 12 URBIRIOS", "area_m2": 120.0, "frente_uti": 8.0, "frente_tot": 0.0, "avaluo_con": 0.0, "avaluo_sue": 8760.0, "zonaurbano": "URBANA", "parroquia": "TARQUI", "esta_bloqu": "NO", "es_tercera": "SI", "tiene_elec": "SI", "tiene_agua": "SI", "tiene_alca": "NO", "observacio": "C-4079-03 4063-05 -Sello Luis L.10/04/05 Y.C.S.-", "observac_1": null, "barrio": "URBIRRIOS X", "parroquia_": 3, "barrio_id": 331, "proceso": 1, "fecha_regi": null, "activo_cat": "SI", "desactivad": 0, "avaluo_rem": 0.0, "avaluo_r_1": 0.0, "clasificac": "DEPURACION CATASTRO", "anio_deuda": 0, "deuda": 0.0, "valor_ip": 0.0, "coactiva": null, "ficharegis": 0, "etam": 0.0912870929, "diferencia": 26.7802311849, "porc_difer": 0.2231685932, "admisible": 0, "deuda_anio": 0.0, "Clavepre": "3-32-40-12-000", "ORIG_FID": 274 }, "geometry": { "type": "Point", "coordinates": [ -80.721014871937456, -0.982585644525019 ] } },
{ "type": "Feature", "properties": { "id": 92635, "lote_id": 68241, "clavecatas": "3-32-40-13-000", "zona": "3", "sector": "32", "manzana": "40", "lote": "13", "ph": "000", "propietari": "RUBIRA LUNA RUBEN Y SRA.", "documentop": "1303387714", "direccion": "MZ-I-5 LT. 13 URBIRIOS", "area_m2": 120.0, "frente_uti": 8.0, "frente_tot": 0.0, "avaluo_con": 0.0, "avaluo_sue": 8760.0, "zonaurbano": "URBANA", "parroquia": "TARQUI", "esta_bloqu": "NO", "es_tercera": "SI", "tiene_elec": "SI", "tiene_agua": "SI", "tiene_alca": "NO", "observacio": "C-4080-03 4062-05 -SELLO LUIS L.10/04/05 Y.C.S.- -SELLO EXT.PAT.FAM.CARLOS D.12/02/05 Y.C.S.-", "observac_1": null, "barrio": "URBIRRIOS X", "parroquia_": 3, "barrio_id": 331, "proceso": 1, "fecha_regi": null, "activo_cat": "SI", "desactivad": 0, "avaluo_rem": 0.0, "avaluo_r_1": 0.0, "clasificac": "DEPURACION CATASTRO", "anio_deuda": 0, "deuda": 0.0, "valor_ip": 0.0, "coactiva": null, "ficharegis": 76099, "etam": 0.0912870929, "diferencia": -39.823003235100003, "porc_difer": -0.3318583603, "admisible": 0, "deuda_anio": 0.0, "Clavepre": "3-32-40-13-000", "ORIG_FID": 275 }, "geometry": { "type": "Point", "coordinates": [ -80.721081710366377, -0.982560274078037 ] } },
{ "type": "Feature", "properties": { "id": 92636, "lote_id": 68242, "clavecatas": "3-32-40-14-000", "zona": "3", "sector": "32", "manzana": "40", "lote": "14", "ph": "000", "propietari": "BARREZUETA MACIAS CESAR Y SRA.", "documentop": "1307768489", "direccion": "MZ-I-5 LT. 14 URBIRIOS", "area_m2": 120.0, "frente_uti": 8.0, "frente_tot": 0.0, "avaluo_con": 0.0, "avaluo_sue": 8760.0, "zonaurbano": "URBANA", "parroquia": "TARQUI", "esta_bloqu": "NO", "es_tercera": "NO", "tiene_elec": "SI", "tiene_agua": "SI", "tiene_alca": "NO", "observacio": "C-4081-03 C-5663-05 -SELLO CARLOS D.01/06/06 Y.C.S.- C-5654-07", "observac_1": null, "barrio": "URBIRRIOS X", "parroquia_": 3, "barrio_id": 331, "proceso": 1, "fecha_regi": null, "activo_cat": "SI", "desactivad": 0, "avaluo_rem": 0.0, "avaluo_r_1": 0.0, "clasificac": "DEPURACION CATASTRO", "anio_deuda": 2026, "deuda": 13.56, "valor_ip": 0.0, "coactiva": null, "ficharegis": 66658, "etam": 0.0912870929, "diferencia": -12.3422233163, "porc_difer": -0.102851861, "admisible": 0, "deuda_anio": 0.0, "Clavepre": "3-32-40-14-000", "ORIG_FID": 276 }, "geometry": { "type": "Point", "coordinates": [ -80.721157723452208, -0.982530910401734 ] } },
{ "type": "Feature", "properties": { "id": 92637, "lote_id": 68243, "clavecatas": "3-32-40-15-000", "zona": "3", "sector": "32", "manzana": "40", "lote": "15", "ph": "000", "propietari": "PONCE VILLEGAS JAIME ENRIQUE", "documentop": "1307724938", "direccion": "MZ-I-5 LT. 15 URB. MUNICIPAL URBIRIOS", "area_m2": 120.0, "frente_uti": 8.0, "frente_tot": 0.0, "avaluo_con": 0.0, "avaluo_sue": 8760.0, "zonaurbano": "URBANA", "parroquia": "TARQUI", "esta_bloqu": "NO", "es_tercera": "NO", "tiene_elec": "SI", "tiene_agua": "SI", "tiene_alca": "NO", "observacio": "C-4082-03 C-5036-08.-SE MODIF.NOMBRE X DEPURAC.26/06/12 A.Q.ING.PARA CERT.X MAYRA ESPINALES REV.X MIGUEL CAJAPE AGOSTO 05-14 MR -SELLO ADJUD.08/28/14 Y.C.S.-", "observac_1": null, "barrio": "URBIRRIOS X", "parroquia_": 3, "barrio_id": 331, "proceso": 1, "fecha_regi": null, "activo_cat": "SI", "desactivad": 0, "avaluo_rem": 0.0, "avaluo_r_1": 0.0, "clasificac": "GENERAL", "anio_deuda": 2026, "deuda": 13.9, "valor_ip": 0.0, "coactiva": null, "ficharegis": 43023, "etam": 0.0912870929, "diferencia": -19.138247891700001, "porc_difer": -0.1594853991, "admisible": 0, "deuda_anio": 0.0, "Clavepre": "3-32-40-15-000", "ORIG_FID": 277 }, "geometry": { "type": "Point", "coordinates": [ -80.721227493597041, -0.982505303623072 ] } },
{ "type": "Feature", "properties": { "id": 92638, "lote_id": 68244, "clavecatas": "3-32-40-16-000", "zona": "3", "sector": "32", "manzana": "40", "lote": "16", "ph": "000", "propietari": "RODRIGUEZ BRIONES JAIME Y SRA.", "documentop": "1308926748", "direccion": "MZ-I-5 LT. 16 URBIROS", "area_m2": 120.0, "frente_uti": 8.0, "frente_tot": 0.0, "avaluo_con": 0.0, "avaluo_sue": 8760.0, "zonaurbano": "URBANA", "parroquia": "TARQUI", "esta_bloqu": "NO", "es_tercera": "NO", "tiene_elec": "SI", "tiene_agua": "SI", "tiene_alca": "NO", "observacio": "C-4083-03 2259-09 -Sello Donacion Luis L.08/17/09 Y.C.S.-", "observac_1": null, "barrio": "URBIRRIOS X", "parroquia_": 3, "barrio_id": 331, "proceso": 1, "fecha_regi": null, "activo_cat": "SI", "desactivad": 0, "avaluo_rem": 0.0, "avaluo_r_1": 0.0, "clasificac": "DEPURACION CATASTRO", "anio_deuda": 2026, "deuda": 13.56, "valor_ip": 0.0, "coactiva": null, "ficharegis": 12823, "etam": 0.0912870929, "diferencia": -13.5101442568, "porc_difer": -0.1125845355, "admisible": 0, "deuda_anio": 0.0, "Clavepre": "3-32-40-16-000", "ORIG_FID": 278 }, "geometry": { "type": "Point", "coordinates": [ -80.721296933955372, -0.982479781148781 ] } },
{ "type": "Feature", "properties": { "id": 92639, "lote_id": 68245, "clavecatas": "3-32-40-17-000", "zona": "3", "sector": "32", "manzana": "40", "lote": "17", "ph": "000", "propietari": "MENDOZA MARIA MARLENE", "documentop": "1307300887", "direccion": "MZ-I-5 LT. 17 URBIRIOS", "area_m2": 120.0, "frente_uti": 8.0, "frente_tot": 0.0, "avaluo_con": 0.0, "avaluo_sue": 8760.0, "zonaurbano": "URBANA", "parroquia": "TARQUI", "esta_bloqu": "NO", "es_tercera": "NO", "tiene_elec": "SI", "tiene_agua": "SI", "tiene_alca": "NO", "observacio": "C-4084-03 -SELLO LUIS L. 04/15/05 Y.C.S.- C-4594-08 C-6864-08", "observac_1": null, "barrio": "URBIRRIOS X", "parroquia_": 3, "barrio_id": 331, "proceso": 1, "fecha_regi": null, "activo_cat": "SI", "desactivad": 0, "avaluo_rem": 0.0, "avaluo_r_1": 0.0, "clasificac": "DEPURACION CATASTRO", "anio_deuda": 2012, "deuda": 423.07, "valor_ip": 0.0, "coactiva": "JUICIO COACTIVA", "ficharegis": 6743, "etam": 0.0912870929, "diferencia": -9.4744970683999998, "porc_difer": -0.0789541422, "admisible": 1, "deuda_anio": 412.9, "Clavepre": "3-32-40-17-000", "ORIG_FID": 279 }, "geometry": { "type": "Point", "coordinates": [ -80.721363379076138, -0.982453452416051 ] } },
{ "type": "Feature", "properties": { "id": 92640, "lote_id": 68246, "clavecatas": "3-32-40-18-000", "zona": "3", "sector": "32", "manzana": "40", "lote": "18", "ph": "000", "propietari": "ARANEA ALAVA ALISSON CERELA", "documentop": "1313554691", "direccion": "MANZANA I-5, LOTE 18, AVENIDA 233", "area_m2": 120.0, "frente_uti": 8.0, "frente_tot": 0.0, "avaluo_con": 21600.0, "avaluo_sue": 8760.0, "zonaurbano": "URBANA", "parroquia": "TARQUI", "esta_bloqu": "NO", "es_tercera": "NO", "tiene_elec": "SI", "tiene_agua": "SI", "tiene_alca": "NO", "observacio": "C-4085-03 C-307-05 C,VTA FEBRERO 03/2005 MR C-525-05-SE ACTUALIZA INF CON ESCRITURA DE ACLARATORIA  INSCRITA EN EL REG. DE LA PROPIEDAD.09/06/2021 GGV -SE ACTUALIZA INFORMACION CON ESCRITURA DE DONACION DE GANANC.Y D/A CON RESERVA DE USUF.INSCRITA EN EL", "observac_1": null, "barrio": "URBIRRIOS X", "parroquia_": 3, "barrio_id": 331, "proceso": 1, "fecha_regi": null, "activo_cat": "SI", "desactivad": 0, "avaluo_rem": 0.0, "avaluo_r_1": 0.0, "clasificac": "GENERAL", "anio_deuda": 0, "deuda": 0.0, "valor_ip": 0.0, "coactiva": null, "ficharegis": 74812, "etam": 0.0912870929, "diferencia": -14.737330675899999, "porc_difer": -0.122811089, "admisible": 0, "deuda_anio": 0.0, "Clavepre": "3-32-40-18-000", "ORIG_FID": 280 }, "geometry": { "type": "Point", "coordinates": [ -80.721430683932084, -0.982427776867686 ] } },
{ "type": "Feature", "properties": { "id": 92646, "lote_id": 68252, "clavecatas": "3-32-42-04-000", "zona": "3", "sector": "32", "manzana": "42", "lote": "04", "ph": "000", "propietari": "ARTEAGA MOLINA ESLINDA OLIVIA", "documentop": "1301047146", "direccion": "MZ-I-4 LT. 04 URBIRIOS", "area_m2": 120.0, "frente_uti": 8.0, "frente_tot": 0.0, "avaluo_con": 0.0, "avaluo_sue": 8760.0, "zonaurbano": "URBANA", "parroquia": "TARQUI", "esta_bloqu": "NO", "es_tercera": "SI", "tiene_elec": "SI", "tiene_agua": "SI", "tiene_alca": "NO", "observacio": "C-3960-03  3101-06 -SELLO INSC.TARDIA (04) CARLOS D. 08/31/06 Y.C.S.- C-964-07", "observac_1": null, "barrio": "URBIRRIOS X", "parroquia_": 3, "barrio_id": 331, "proceso": 1, "fecha_regi": null, "activo_cat": "SI", "desactivad": 0, "avaluo_rem": 0.0, "avaluo_r_1": 0.0, "clasificac": "DEPURACION CATASTRO", "anio_deuda": 2023, "deuda": 74.61, "valor_ip": 0.0, "coactiva": null, "ficharegis": 45894, "etam": 0.0912870929, "diferencia": 2.0653296899, "porc_difer": 0.0172110807, "admisible": 1, "deuda_anio": 64.2, "Clavepre": "3-32-42-04-000", "ORIG_FID": 281 }, "geometry": { "type": "Point", "coordinates": [ -80.7206752082527, -0.982872534544224 ] } },
{ "type": "Feature", "properties": { "id": 92647, "lote_id": 68253, "clavecatas": "3-32-42-05-000", "zona": "3", "sector": "32", "manzana": "42", "lote": "05", "ph": "000", "propietari": "BAQUE MORALES BONIFACIO ISIDRO", "documentop": "1302804388", "direccion": "MZ-I-4 LT. 05 URBIROS", "area_m2": 120.0, "frente_uti": 8.0, "frente_tot": 0.0, "avaluo_con": 0.0, "avaluo_sue": 8760.0, "zonaurbano": "URBANA", "parroquia": "TARQUI", "esta_bloqu": "NO", "es_tercera": "SI", "tiene_elec": "SI", "tiene_agua": "SI", "tiene_alca": "NO", "observacio": "C-3961-03 C-5855-07 -Sello Carlos D.11/05/07 Y.C.S.-", "observac_1": null, "barrio": "URBIRRIOS X", "parroquia_": 3, "barrio_id": 331, "proceso": 1, "fecha_regi": null, "activo_cat": "SI", "desactivad": 0, "avaluo_rem": 0.0, "avaluo_r_1": 0.0, "clasificac": "DEPURACION CATASTRO", "anio_deuda": 0, "deuda": 0.0, "valor_ip": 0.0, "coactiva": null, "ficharegis": 0, "etam": 0.0912870929, "diferencia": -11.6437814915, "porc_difer": -0.0970315124, "admisible": 0, "deuda_anio": 0.0, "Clavepre": "3-32-42-05-000", "ORIG_FID": 282 }, "geometry": { "type": "Point", "coordinates": [ -80.720607362912716, -0.982901409878876 ] } },
{ "type": "Feature", "properties": { "id": 92912, "lote_id": 68515, "clavecatas": "3-32-67-39-000", "zona": "3", "sector": "32", "manzana": "67", "lote": "39", "ph": "000", "propietari": "MAZA BENAVIDES STALIN PATRICIO", "documentop": "0704499078", "direccion": "MZ-K2 LT. 39 URBIRIOS", "area_m2": 120.0, "frente_uti": 8.0, "frente_tot": 8.0, "avaluo_con": 14315.65, "avaluo_sue": 8760.0, "zonaurbano": "URBANA", "parroquia": "TARQUI", "esta_bloqu": "NO", "es_tercera": "NO", "tiene_elec": "SI", "tiene_agua": "SI", "tiene_alca": "SI", "observacio": "C-649-05 -SELLO DONACION CARLOS D.03/01/05 Y.C.S.-1.263-05 -SELLO CVTA.DANIEL S.01/10/12 Y.C.S.-", "observac_1": null, "barrio": "URBIRRIOS X", "parroquia_": 3, "barrio_id": 331, "proceso": 1, "fecha_regi": null, "activo_cat": "SI", "desactivad": 0, "avaluo_rem": 0.0, "avaluo_r_1": 0.0, "clasificac": "GENERAL", "anio_deuda": 0, "deuda": 0.0, "valor_ip": 0.0, "coactiva": null, "ficharegis": 12602, "etam": 0.0912870929, "diferencia": -3.7619589808999998, "porc_difer": -0.0313496582, "admisible": 1, "deuda_anio": 0.0, "Clavepre": "3-32-67-39-000", "ORIG_FID": 283 }, "geometry": { "type": "Point", "coordinates": [ -80.723203417771273, -0.98275133286482 ] } },
{ "type": "Feature", "properties": { "id": 93235, "lote_id": 68835, "clavecatas": "3-32-84-16-000", "zona": "3", "sector": "32", "manzana": "84", "lote": "16", "ph": "000", "propietari": "MANTUANO BARCIA JOSE Y SRA.", "documentop": "1302109937", "direccion": "MZ-O LT. 16 URBIRIOS", "area_m2": 150.0, "frente_uti": 10.0, "frente_tot": 0.0, "avaluo_con": 0.0, "avaluo_sue": 9750.0, "zonaurbano": "URBANA", "parroquia": "TARQUI", "esta_bloqu": "NO", "es_tercera": "NO", "tiene_elec": "SI", "tiene_agua": "SI", "tiene_alca": "NO", "observacio": "C-.3744-03 C-4109-08 -Sello Luis L.07/28/08 Y.C.S.-", "observac_1": null, "barrio": "URBIRRIOS X", "parroquia_": 3, "barrio_id": 331, "proceso": 1, "fecha_regi": null, "activo_cat": "SI", "desactivad": 0, "avaluo_rem": 0.0, "avaluo_r_1": 0.0, "clasificac": "DEPURACION CATASTRO", "anio_deuda": 2016, "deuda": 475.6, "valor_ip": 0.0, "coactiva": null, "ficharegis": 4316, "etam": 0.0816496581, "diferencia": -5.2111639003, "porc_difer": -0.0347410927, "admisible": 1, "deuda_anio": 459.49, "Clavepre": "3-32-84-16-000", "ORIG_FID": 284 }, "geometry": { "type": "Point", "coordinates": [ -80.726570345091503, -0.983230776420452 ] } },
{ "type": "Feature", "properties": { "id": 93339, "lote_id": 68937, "clavecatas": "3-32-87-15-000", "zona": "3", "sector": "32", "manzana": "87", "lote": "15", "ph": "000", "propietari": "CEDEÑO CARMEN BARTOLA", "documentop": "1303510786", "direccion": "MZ-Ñ LT. 15 URBIROS", "area_m2": 120.4, "frente_uti": 8.6, "frente_tot": 0.0, "avaluo_con": 0.0, "avaluo_sue": 8668.8, "zonaurbano": "URBANA", "parroquia": "TARQUI", "esta_bloqu": "NO", "es_tercera": "SI", "tiene_elec": "SI", "tiene_agua": "SI", "tiene_alca": "NO", "observacio": "C-3990-03 c-3610-07 sello cvta. carlos d.27/08/2007 amparo", "observac_1": null, "barrio": "URBIRRIOS X", "parroquia_": 3, "barrio_id": 331, "proceso": 1, "fecha_regi": null, "activo_cat": "SI", "desactivad": 0, "avaluo_rem": 0.0, "avaluo_r_1": 0.0, "clasificac": "DEPURACION CATASTRO", "anio_deuda": 0, "deuda": 0.0, "valor_ip": 0.0, "coactiva": null, "ficharegis": 0, "etam": 0.0911353271, "diferencia": 6.9371623573000001, "porc_difer": 0.0576176276, "admisible": 1, "deuda_anio": 0.0, "Clavepre": "3-32-87-15-000", "ORIG_FID": 285 }, "geometry": { "type": "Point", "coordinates": [ -80.722020106353895, -0.984263441624922 ] } },
{ "type": "Feature", "properties": { "id": 92592, "lote_id": 68202, "clavecatas": "3-32-36-01-000", "zona": "3", "sector": "32", "manzana": "36", "lote": "01", "ph": "000", "propietari": "GUARANDA PINCAY MARIA OLAYA", "documentop": "1201822408", "direccion": "MZ-G2 LT. 01 URBIRIOS", "area_m2": 155.0, "frente_uti": 26.0, "frente_tot": 0.0, "avaluo_con": 2319.64, "avaluo_sue": 11315.0, "zonaurbano": "URBANA", "parroquia": "TARQUI", "esta_bloqu": "NO", "es_tercera": "SI", "tiene_elec": "SI", "tiene_agua": "SI", "tiene_alca": "NO", "observacio": "C-4067-03", "observac_1": null, "barrio": "URBIRRIOS X", "parroquia_": 3, "barrio_id": 331, "proceso": 1, "fecha_regi": null, "activo_cat": "SI", "desactivad": 0, "avaluo_rem": 0.0, "avaluo_r_1": 0.0, "clasificac": "DEPURACION CATASTRO", "anio_deuda": 0, "deuda": 0.0, "valor_ip": 0.0, "coactiva": null, "ficharegis": 25994, "etam": 0.0803219329, "diferencia": -2.2686121106, "porc_difer": -0.0146362072, "admisible": 1, "deuda_anio": 0.0, "Clavepre": "3-32-36-01-000", "ORIG_FID": 286 }, "geometry": { "type": "Point", "coordinates": [ -80.723139038349984, -0.981699182854318 ] } }
]
}
