{
"type": "FeatureCollection",
"name": "2020_P",
"crs": { "type": "name", "properties": { "name": "urn:ogc:def:crs:OGC:1.3:CRS84" } },
"features": [
{ "type": "Feature", "properties": { "id": 86763, "lote_id": 66250, "clavecatas": "3-23-53-05-000", "zona": "3", "sector": "23", "manzana": "53", "lote": "05", "ph": "000", "propietari": "CALDERON VERNAZA WILMER URBANO", "documentop": "1305506287", "direccion": "URBIRRIOS II MZ-8 LOTE 5", "area_m2": 144.0, "frente_uti": 8.0, "frente_tot": 0.0, "avaluo_con": 0.0, "avaluo_sue": 5760.0, "zonaurbano": "URBANA", "parroquia": "TARQUI", "esta_bloqu": "NO", "es_tercera": "NO", "tiene_elec": "SI", "tiene_agua": "SI", "tiene_alca": "NO", "observacio": "-INGRESO NUEVO X LOTEO SE DESM. Y CANCELO HASTA EL 2005 CON LA 3270201 INF.AMPARO Q. 09/12/06 Y.C.S.- C-3843-07 ACTUALIZACION INF. AMPARO Q. JULIO 15/09 MR INF.PARA CERTIF. INGRES. POR AREA DE LEGALIZACION INSP. LUIS LOPEZ, ENERO 16-14 -SELLO PROT.DE ADJ", "observac_1": null, "barrio": "OTRAS AREAS", "parroquia_": 3, "barrio_id": 0, "proceso": 1, "fecha_regi": null, "activo_cat": "SI", "desactivad": 0, "avaluo_rem": 0.0, "avaluo_r_1": 0.0, "clasificac": "GENERAL", "anio_deuda": 2026, "deuda": 9.14, "valor_ip": 0.0, "coactiva": null, "ficharegis": 44418, "etam": 0.0833333333, "diferencia": -4.75168246, "porc_difer": -0.0329977949, "admisible": 1, "deuda_anio": 0.0, "2019_csv_C": null, "Clavepre": "3-23-53-05-000", "ORIG_FID": 0 }, "geometry": { "type": "Point", "coordinates": [ -80.72828999169613, -1.000269974683838 ] } },
{ "type": "Feature", "properties": { "id": 86764, "lote_id": 66251, "clavecatas": "3-23-53-06-000", "zona": "3", "sector": "23", "manzana": "53", "lote": "06", "ph": "000", "propietari": "VERA CEDEÑO YOLANDA MARISOL", "documentop": "1307333961", "direccion": "URBIRRIOS II MZ-8 LOTE 6", "area_m2": 144.0, "frente_uti": 8.0, "frente_tot": 0.0, "avaluo_con": 0.0, "avaluo_sue": 5760.0, "zonaurbano": "URBANA", "parroquia": "TARQUI", "esta_bloqu": "NO", "es_tercera": "NO", "tiene_elec": "SI", "tiene_agua": "SI", "tiene_alca": "NO", "observacio": "-INGRESO NUEVO X LOTEO SE DESM. Y CANCELO HASTA EL 2005 CON LA 3270201 INF.AMPARO Q. 09/12/06 Y.C.S.- C-3981-07 ACTUALIZACION INF.AMPARO Q.07/15/09 MR INF.PARA CERT.INGRES. X AREA D LEGALIZACION INSP.LUIS LOPEZ, 01-16-14 -SELLO PROT.DE ADJ.DANIEL S. 02/1", "observac_1": null, "barrio": "OTRAS AREAS", "parroquia_": 3, "barrio_id": 0, "proceso": 1, "fecha_regi": null, "activo_cat": "SI", "desactivad": 0, "avaluo_rem": 0.0, "avaluo_r_1": 0.0, "clasificac": "GENERAL", "anio_deuda": 0, "deuda": 0.0, "valor_ip": 0.0, "coactiva": null, "ficharegis": 44677, "etam": 0.0833333333, "diferencia": -5.8108555547999998, "porc_difer": -0.0403531636, "admisible": 1, "deuda_anio": 0.0, "2019_csv_C": null, "Clavepre": "3-23-53-06-000", "ORIG_FID": 1 }, "geometry": { "type": "Point", "coordinates": [ -80.7282279134064, -1.000309565908152 ] } },
{ "type": "Feature", "properties": { "id": 86765, "lote_id": 66252, "clavecatas": "3-23-53-07-000", "zona": "3", "sector": "23", "manzana": "53", "lote": "07", "ph": "000", "propietari": "AGUILA LOMBEIDA MIRIAN SUSANA", "documentop": "1716094980", "direccion": "BARRIO URBIRRIOS II MZ-8 LOTE 7", "area_m2": 144.0, "frente_uti": 8.0, "frente_tot": 0.0, "avaluo_con": 7392.0, "avaluo_sue": 5760.0, "zonaurbano": "URBANA", "parroquia": "TARQUI", "esta_bloqu": "NO", "es_tercera": "NO", "tiene_elec": "SI", "tiene_agua": "SI", "tiene_alca": "NO", "observacio": "ING.NUEVO X LOTEO SE DESM.Y CANCELO HASTA EL 2005 CON LA 3270201 INF.AMPARO Q.09/12\r\n/06 Y.C.S.-C-3854-07- ACTUAL.INF.AMPARO Q.JULIO 15/09 MR INF.PARA CERT.INGRES. POR AREA DE LEGALIZ.INSP.LUIS LOPEZ 01-16-14-SELLO PROT.DE ADJ.DANIEL S.02/20/14 Y.C.S.-SE", "observac_1": null, "barrio": "OTRAS AREAS", "parroquia_": 3, "barrio_id": 0, "proceso": 1, "fecha_regi": null, "activo_cat": "SI", "desactivad": 0, "avaluo_rem": 0.0, "avaluo_r_1": 0.0, "clasificac": "GENERAL", "anio_deuda": 2018, "deuda": 398.58, "valor_ip": 0.0, "coactiva": null, "ficharegis": 44947, "etam": 0.0833333333, "diferencia": -4.2907248583, "porc_difer": -0.0297967004, "admisible": 1, "deuda_anio": 376.66, "2019_csv_C": null, "Clavepre": "3-23-53-07-000", "ORIG_FID": 2 }, "geometry": { "type": "Point", "coordinates": [ -80.728166351376032, -1.000349694661659 ] } },
{ "type": "Feature", "properties": { "id": 86767, "lote_id": 66254, "clavecatas": "3-23-53-09-000", "zona": "3", "sector": "23", "manzana": "53", "lote": "09", "ph": "000", "propietari": "CUADRADO ORTIZ SILVIA EUGENIA", "documentop": "1600544983", "direccion": "URBIRRIOS II MZ-8 LOTE 9", "area_m2": 144.0, "frente_uti": 8.0, "frente_tot": 0.0, "avaluo_con": 0.0, "avaluo_sue": 5760.0, "zonaurbano": "URBANA", "parroquia": "TARQUI", "esta_bloqu": "NO", "es_tercera": "NO", "tiene_elec": "SI", "tiene_agua": "SI", "tiene_alca": "NO", "observacio": "-INGRESO NUEVO X LOTEO SE DESM. Y CANCELO HASTA EL 2005 CON LA 3270201 INF.AMPARO Q. 09/12/06 Y.C.S.- C-4629-07 ACTUALIZACION INF. AMPARO Q. JULIO 15/09 MR.-INF. PARA CERTIF. INGRES. POR AREA DE LEGALIZACION INSP. LUIS LOPEZ, ENERO 16-14.-SELLO PROTOC.DE", "observac_1": null, "barrio": "OTRAS AREAS", "parroquia_": 5, "barrio_id": 0, "proceso": 1, "fecha_regi": null, "activo_cat": "SI", "desactivad": 0, "avaluo_rem": 0.0, "avaluo_r_1": 0.0, "clasificac": "DEPURACION CATASTRO", "anio_deuda": 0, "deuda": 0.0, "valor_ip": 0.0, "coactiva": null, "ficharegis": 44898, "etam": 0.0833333333, "diferencia": -3.6389542972000002, "porc_difer": -0.025270516, "admisible": 1, "deuda_anio": 0.0, "2019_csv_C": null, "Clavepre": "3-23-53-09-000", "ORIG_FID": 3 }, "geometry": { "type": "Point", "coordinates": [ -80.728046712052929, -1.000428123160505 ] } },
{ "type": "Feature", "properties": { "id": 86768, "lote_id": 66255, "clavecatas": "3-23-53-10-000", "zona": "3", "sector": "23", "manzana": "53", "lote": "10", "ph": "000", "propietari": "CEDEÑO AVILA EDGAR ULISES", "documentop": "1311344269", "direccion": "BARRIO URBIRRIOS II MZ-08 LOTE 10", "area_m2": 144.0, "frente_uti": 8.0, "frente_tot": 0.0, "avaluo_con": 16544.0, "avaluo_sue": 5760.0, "zonaurbano": "URBANA", "parroquia": "TARQUI", "esta_bloqu": "NO", "es_tercera": "NO", "tiene_elec": "SI", "tiene_agua": "SI", "tiene_alca": "NO", "observacio": "-INGRESO NUEVO X LOTEO SE DESM. Y CANCELO HASTA EL 2005 CON LA 3270201 INF.AMPARO Q. 09/12/06 Y.C.S.- ACTUALIZACION INF. AMPARO Q. JULIO 15/09 MR INF.PARA CERTIF. INGRES. POR AREA DE LEGALIZACION INSP. LUIS LOPEZ, ENERO 16-14 -SELLO PRTO.DE ADJ.DANIEL S.", "observac_1": null, "barrio": "OTRAS AREAS", "parroquia_": 3, "barrio_id": 0, "proceso": 1, "fecha_regi": null, "activo_cat": "SI", "desactivad": 0, "avaluo_rem": 0.0, "avaluo_r_1": 0.0, "clasificac": "GENERAL", "anio_deuda": 2025, "deuda": 80.32, "valor_ip": 0.0, "coactiva": null, "ficharegis": 45133, "etam": 0.0833333333, "diferencia": -4.4570584831, "porc_difer": -0.030951795, "admisible": 1, "deuda_anio": 45.56, "2019_csv_C": null, "Clavepre": "3-23-53-10-000", "ORIG_FID": 4 }, "geometry": { "type": "Point", "coordinates": [ -80.727984904530146, -1.000468676291353 ] } },
{ "type": "Feature", "properties": { "id": 86769, "lote_id": 66256, "clavecatas": "3-23-53-11-000", "zona": "3", "sector": "23", "manzana": "53", "lote": "11", "ph": "000", "propietari": "COVEÑA VERA NELLY AUXILIADORA", "documentop": "1310072192", "direccion": "URBIRRIOS II MZ-8 LOTE 11", "area_m2": 144.0, "frente_uti": 8.0, "frente_tot": 0.0, "avaluo_con": 0.0, "avaluo_sue": 5760.0, "zonaurbano": "URBANA", "parroquia": "TARQUI", "esta_bloqu": "NO", "es_tercera": "NO", "tiene_elec": "SI", "tiene_agua": "SI", "tiene_alca": "NO", "observacio": "-INGRESO NUEVO X LOTEO SE DESM. Y CANCELO HASTA EL 2005 CON LA 3270201 INF.AMPARO Q. 09/12/06 Y.C.S.- C-3963-07 ACTUALIZACION INF. AMPARO Q. JULIO 15/09 MR INF.PARA CERTIF. INGRES. POR AREA DE LEGALIZACION INSP. LUIS LOPEZ, ENERO 16-14 -SELLO PROT.DE ADJ", "observac_1": null, "barrio": "OTRAS AREAS", "parroquia_": 3, "barrio_id": 0, "proceso": 1, "fecha_regi": null, "activo_cat": "SI", "desactivad": 0, "avaluo_rem": 0.0, "avaluo_r_1": 0.0, "clasificac": "GENERAL", "anio_deuda": 0, "deuda": 0.0, "valor_ip": 0.0, "coactiva": null, "ficharegis": 45427, "etam": 0.0833333333, "diferencia": -0.6053496241, "porc_difer": -0.0042038168, "admisible": 1, "deuda_anio": 0.0, "2019_csv_C": null, "Clavepre": "3-23-53-11-000", "ORIG_FID": 5 }, "geometry": { "type": "Point", "coordinates": [ -80.727922857544186, -1.000508388873411 ] } },
{ "type": "Feature", "properties": { "id": 86770, "lote_id": 66257, "clavecatas": "3-23-53-12-000", "zona": "3", "sector": "23", "manzana": "53", "lote": "12", "ph": "000", "propietari": "MONTES CARDENAS ROSA MERCEDES", "documentop": "1304126400", "direccion": "URBIRRIOS II MZ-8 LOTE 12", "area_m2": 144.0, "frente_uti": 8.0, "frente_tot": 0.0, "avaluo_con": 0.0, "avaluo_sue": 5760.0, "zonaurbano": "URBANA", "parroquia": "TARQUI", "esta_bloqu": "NO", "es_tercera": "NO", "tiene_elec": "SI", "tiene_agua": "SI", "tiene_alca": "NO", "observacio": "-INGRESO NUEVO X LOTEO SE DESM. Y CANCELO HASTA EL 2005 CON LA 3270201 INF.AMPARO Q. 09/12/06 Y.C.S.- ACTUALIZACION INF. AMPARO Q. JULIO 15/09 MR INF. PARA CERTIF. INGRES. POR AREA DE LEGALIZACION INSP. LUIS LOPEZ, ENERO 16-14 -SELLO PROT.DE ADJ.DANIEL S", "observac_1": null, "barrio": "OTRAS AREAS", "parroquia_": 3, "barrio_id": 0, "proceso": 1, "fecha_regi": null, "activo_cat": "SI", "desactivad": 0, "avaluo_rem": 0.0, "avaluo_r_1": 0.0, "clasificac": "GENERAL", "anio_deuda": 2025, "deuda": 20.17, "valor_ip": 0.0, "coactiva": null, "ficharegis": 44865, "etam": 0.0833333333, "diferencia": 0.5159811937, "porc_difer": 0.0035832027, "admisible": 1, "deuda_anio": 11.88, "2019_csv_C": null, "Clavepre": "3-23-53-12-000", "ORIG_FID": 6 }, "geometry": { "type": "Point", "coordinates": [ -80.727863291984633, -1.000549374192312 ] } },
{ "type": "Feature", "properties": { "id": 86771, "lote_id": 66258, "clavecatas": "3-23-53-13-000", "zona": "3", "sector": "23", "manzana": "53", "lote": "13", "ph": "000", "propietari": "HOLGUIN ESPINOZA RUBER EDUARDO", "documentop": "1306712470", "direccion": "URBIRRIOS II MZ-8 LOTE 13", "area_m2": 144.0, "frente_uti": 8.0, "frente_tot": 0.0, "avaluo_con": 0.0, "avaluo_sue": 5760.0, "zonaurbano": "URBANA", "parroquia": "TARQUI", "esta_bloqu": "NO", "es_tercera": "NO", "tiene_elec": "SI", "tiene_agua": "SI", "tiene_alca": "NO", "observacio": "-INGRESO NUEVO X LOTEO SE DESM. Y CANCELO HASTA EL 2005 CON LA 3270201 INF.AMPARO Q. 09/12/06 Y.C.S.- C-3962-07 C-3663-08 ACTUALIZACION INF. AMPARO Q. JULIO 15/09 MR INF. PARA CERTIF. INGRES. POR AREA DE LEGALIZACION INSP. LUIS LOPEZ, ENERO 16-14 -SELLO", "observac_1": null, "barrio": "OTRAS AREAS", "parroquia_": 3, "barrio_id": 0, "proceso": 1, "fecha_regi": null, "activo_cat": "SI", "desactivad": 0, "avaluo_rem": 0.0, "avaluo_r_1": 0.0, "clasificac": "GENERAL", "anio_deuda": 2017, "deuda": 237.84, "valor_ip": 0.0, "coactiva": null, "ficharegis": 44869, "etam": 0.0833333333, "diferencia": 7.6511756422000001, "porc_difer": 0.0531331642, "admisible": 1, "deuda_anio": 229.55, "2019_csv_C": null, "Clavepre": "3-23-53-13-000", "ORIG_FID": 7 }, "geometry": { "type": "Point", "coordinates": [ -80.727804687786659, -1.00058704786768 ] } },
{ "type": "Feature", "properties": { "id": 86772, "lote_id": 66259, "clavecatas": "3-23-53-14-000", "zona": "3", "sector": "23", "manzana": "53", "lote": "14", "ph": "000", "propietari": "CEDEÑO GARCIA ALFREDO ABEL", "documentop": "1307960367", "direccion": "URBIRRIOS II MZ-8 LOTE 14", "area_m2": 144.0, "frente_uti": 8.0, "frente_tot": 0.0, "avaluo_con": 0.0, "avaluo_sue": 5760.0, "zonaurbano": "URBANA", "parroquia": "TARQUI", "esta_bloqu": "NO", "es_tercera": "NO", "tiene_elec": "SI", "tiene_agua": "SI", "tiene_alca": "NO", "observacio": "-INGRESO NUEVO X LOTEO SE DESM. Y CANCELO HASTA EL 2005 CON LA 3270201 INF.AMPARO Q. 09/12/06 Y.C.S.- C-3964-07 C-3665-08 ACTUALIZACION INF. AMPARO Q.07/15/09 MR INF.PARA CERT.INGRES.X AREA D LEGALIZACION INSP.LUIS LOPEZ 01-16-14 -SELLO PROT.DE ADJ. DANI", "observac_1": null, "barrio": "OTRAS AREAS", "parroquia_": 3, "barrio_id": 0, "proceso": 1, "fecha_regi": null, "activo_cat": "SI", "desactivad": 0, "avaluo_rem": 0.0, "avaluo_r_1": 0.0, "clasificac": "GENERAL", "anio_deuda": 0, "deuda": 0.0, "valor_ip": 0.0, "coactiva": null, "ficharegis": 44528, "etam": 0.0833333333, "diferencia": -8.0357923976, "porc_difer": -0.0558041139, "admisible": 1, "deuda_anio": 0.0, "2019_csv_C": null, "Clavepre": "3-23-53-14-000", "ORIG_FID": 8 }, "geometry": { "type": "Point", "coordinates": [ -80.727745174869909, -1.000626100991576 ] } },
{ "type": "Feature", "properties": { "id": 86773, "lote_id": 66260, "clavecatas": "3-23-53-15-000", "zona": "3", "sector": "23", "manzana": "53", "lote": "15", "ph": "000", "propietari": "DONOSO JATIVA SANDRO RODRIGO", "documentop": "1711534311", "direccion": "URBIRRIOS II MZ-8 LOTE 15", "area_m2": 180.0, "frente_uti": 28.0, "frente_tot": 0.0, "avaluo_con": 0.0, "avaluo_sue": 7200.0, "zonaurbano": "URBANA", "parroquia": "TARQUI", "esta_bloqu": "NO", "es_tercera": "NO", "tiene_elec": "SI", "tiene_agua": "SI", "tiene_alca": "NO", "observacio": "-INGRESO NUEVO X LOTEO SE DESM. Y CANCELO HASTA EL 2005 CON LA 3270201 INF.AMPARO Q. 09/12/06 Y.C.S.- C-3872-07 C-5323-08 ACTUALIZACION INF. AMPARO Q. JULIO 15/09 MR INF. PARA CERTIF. INGRES. POR AREA DE LEGALIZACION INSP. LUIS LOPEZ, ENERO 16-14 -SELLO", "observac_1": null, "barrio": "OTRAS AREAS", "parroquia_": 3, "barrio_id": 0, "proceso": 1, "fecha_regi": null, "activo_cat": "SI", "desactivad": 0, "avaluo_rem": 0.0, "avaluo_r_1": 0.0, "clasificac": "GENERAL", "anio_deuda": 2019, "deuda": 436.65, "valor_ip": 0.0, "coactiva": null, "ficharegis": 44447, "etam": 0.0745355992, "diferencia": -4.1534189327000002, "porc_difer": -0.0230745496, "admisible": 1, "deuda_anio": 415.08, "2019_csv_C": null, "Clavepre": "3-23-53-15-000", "ORIG_FID": 9 }, "geometry": { "type": "Point", "coordinates": [ -80.72767617937572, -1.000671011809698 ] } },
{ "type": "Feature", "properties": { "id": 86774, "lote_id": 66261, "clavecatas": "3-23-53-16-000", "zona": "3", "sector": "23", "manzana": "53", "lote": "16", "ph": "000", "propietari": "MOLINA CHAVEZ KARLA MELISSA", "documentop": "1313513887", "direccion": "SECTOR URBIRRIOS II MZ-08 LOTE 16", "area_m2": 180.0, "frente_uti": 28.0, "frente_tot": 0.0, "avaluo_con": 0.0, "avaluo_sue": 7560.0, "zonaurbano": "URBANA", "parroquia": "TARQUI", "esta_bloqu": "NO", "es_tercera": "NO", "tiene_elec": "SI", "tiene_agua": "SI", "tiene_alca": "NO", "observacio": "ING. NUEVO X LOTEO SE DESM. Y CANCELO HASTA EL 2005 CON LA 3270201 INF. AMPARO Q.09/12/06 Y.C.S.C-4053-07 ACTU. INF. A.Q. 07/15/09 MR.- ING. X AREA D LEGALZ. INSP. L. LOPEZ 01-16-14.- ING. X J. CASTRO REV. M. CAJAPE 09/09-14 MR.-SELLO PROT. D ADJ. G. GAR", "observac_1": null, "barrio": "URBIRRIOS 2", "parroquia_": 3, "barrio_id": 1046, "proceso": 1, "fecha_regi": null, "activo_cat": "SI", "desactivad": 0, "avaluo_rem": 0.0, "avaluo_r_1": 0.0, "clasificac": "GENERAL", "anio_deuda": 0, "deuda": 0.0, "valor_ip": 0.0, "coactiva": null, "ficharegis": 47540, "etam": 0.0745355992, "diferencia": -4.4965438813, "porc_difer": -0.0249807993, "admisible": 1, "deuda_anio": 0.0, "2019_csv_C": null, "Clavepre": "3-23-53-16-000", "ORIG_FID": 10 }, "geometry": { "type": "Point", "coordinates": [ -80.727589009411446, -1.000531909669246 ] } },
{ "type": "Feature", "properties": { "id": 86775, "lote_id": 66262, "clavecatas": "3-23-53-17-000", "zona": "3", "sector": "23", "manzana": "53", "lote": "17", "ph": "000", "propietari": "SACON CAICEDO ANA GABRIELA", "documentop": "1313709188", "direccion": "BARRIO URBIRRIOS II MZ-8 LOTE 17", "area_m2": 144.0, "frente_uti": 8.0, "frente_tot": 0.0, "avaluo_con": 0.0, "avaluo_sue": 5760.0, "zonaurbano": "URBANA", "parroquia": "TARQUI", "esta_bloqu": "NO", "es_tercera": "NO", "tiene_elec": "SI", "tiene_agua": "SI", "tiene_alca": "NO", "observacio": "-INGRESO NUEVO X LOTEO SE DESM. Y CANCELO HASTA EL 2005 CON LA 3270201 INF.AMPARO Q. 09/12/06 Y.C.S.- ACTUALIZACION INF. AMPARO Q. JULIO 15/09 MR INF. PARA CERTIF. INGRES. POR AREA DE LEGALIZACION INSP. LUIS LOPEZ, ENERO 16-14 -SELLO PROT.DE ADJ.ANGEL M.", "observac_1": null, "barrio": "OTRAS AREAS", "parroquia_": 3, "barrio_id": 0, "proceso": 1, "fecha_regi": null, "activo_cat": "SI", "desactivad": 0, "avaluo_rem": 0.0, "avaluo_r_1": 0.0, "clasificac": "GENERAL", "anio_deuda": 2025, "deuda": 20.17, "valor_ip": 0.0, "coactiva": null, "ficharegis": 45042, "etam": 0.0833333333, "diferencia": 0.1273110353, "porc_difer": 0.0008841044, "admisible": 1, "deuda_anio": 11.88, "2019_csv_C": null, "Clavepre": "3-23-53-17-000", "ORIG_FID": 11 }, "geometry": { "type": "Point", "coordinates": [ -80.72765920494929, -1.000487857171765 ] } },
{ "type": "Feature", "properties": { "id": 86776, "lote_id": 66263, "clavecatas": "3-23-53-18-000", "zona": "3", "sector": "23", "manzana": "53", "lote": "18", "ph": "000", "propietari": "CHIQUITO MACIAS ARMANDO LEONARDO", "documentop": "1309235396", "direccion": "URBIRRIOS II MZ-8 LOTE 18", "area_m2": 144.0, "frente_uti": 8.0, "frente_tot": 0.0, "avaluo_con": 0.0, "avaluo_sue": 5760.0, "zonaurbano": "URBANA", "parroquia": "TARQUI", "esta_bloqu": "NO", "es_tercera": "NO", "tiene_elec": "SI", "tiene_agua": "SI", "tiene_alca": "NO", "observacio": "-INGRESO NUEVO X LOTEO SE DESM. Y CANCELO HASTA EL 2005 CON LA 3270201 INF.AMPARO Q. 09/12/06 Y.C.S.- ACTUALIZACION INF. AMPARO Q. JULIO 15/09 MR\r\nINF. PARA CERTIF. INGRES. POR AREA DE LEGALIZACION INSP. LUIS LOPEZ, ENERO 16-14 -SELLO PROT.DE ADJ.ANGEL M", "observac_1": null, "barrio": "OTRAS AREAS", "parroquia_": 3, "barrio_id": 0, "proceso": 1, "fecha_regi": null, "activo_cat": "SI", "desactivad": 0, "avaluo_rem": 0.0, "avaluo_r_1": 0.0, "clasificac": "GENERAL", "anio_deuda": 2025, "deuda": 22.96, "valor_ip": 0.0, "coactiva": null, "ficharegis": 44972, "etam": 0.0833333333, "diferencia": 9.2033461443999993, "porc_difer": 0.063912126, "admisible": 1, "deuda_anio": 13.58, "2019_csv_C": null, "Clavepre": "3-23-53-18-000", "ORIG_FID": 12 }, "geometry": { "type": "Point", "coordinates": [ -80.727717505766122, -1.000449016054903 ] } },
{ "type": "Feature", "properties": { "id": 86778, "lote_id": 66265, "clavecatas": "3-23-53-20-000", "zona": "3", "sector": "23", "manzana": "53", "lote": "20", "ph": "000", "propietari": "MOREIRA MACIAS MARIA AZUCENA", "documentop": "1306423177", "direccion": "URBIRRIOS II MZ-8 LOTE 20", "area_m2": 144.0, "frente_uti": 8.0, "frente_tot": 0.0, "avaluo_con": 0.0, "avaluo_sue": 5760.0, "zonaurbano": "URBANA", "parroquia": "TARQUI", "esta_bloqu": "NO", "es_tercera": "NO", "tiene_elec": "SI", "tiene_agua": "SI", "tiene_alca": "NO", "observacio": "-INGRESO NUEVO X LOTEO SE DESM. Y CANCELO HASTA EL 2005 CON LA 3270201 INF.AMPARO Q. 09/12/06 Y.C.S.-  ACTUALIZACION INF. AMPARO Q. JULIO 15/09 MR INF.PARA CERTIF.INGRES.X AREA DE LEGALIZACION INSP. LUIS LOPEZ, ENERO 16-14 -SELLO PROT.DE ADJ.FERNANDO N.", "observac_1": null, "barrio": "OTRAS AREAS", "parroquia_": 3, "barrio_id": 0, "proceso": 1, "fecha_regi": null, "activo_cat": "SI", "desactivad": 0, "avaluo_rem": 0.0, "avaluo_r_1": 0.0, "clasificac": "GENERAL", "anio_deuda": 2022, "deuda": 61.9, "valor_ip": 0.0, "coactiva": null, "ficharegis": 44379, "etam": 0.0833333333, "diferencia": -1.8781059121000001, "porc_difer": -0.0130424022, "admisible": 1, "deuda_anio": 53.61, "2019_csv_C": null, "Clavepre": "3-23-53-20-000", "ORIG_FID": 13 }, "geometry": { "type": "Point", "coordinates": [ -80.727837268734007, -1.000372986796175 ] } },
{ "type": "Feature", "properties": { "id": 86779, "lote_id": 66266, "clavecatas": "3-23-53-21-000", "zona": "3", "sector": "23", "manzana": "53", "lote": "21", "ph": "000", "propietari": "ARIAS MERO MARIA RICARDINA", "documentop": "1311549974", "direccion": "SECTOR URBIRRIOS II MZ-08 LOTE 21", "area_m2": 144.0, "frente_uti": 8.0, "frente_tot": 0.0, "avaluo_con": 0.0, "avaluo_sue": 5760.0, "zonaurbano": "URBANA", "parroquia": "MANTA", "esta_bloqu": "NO", "es_tercera": "NO", "tiene_elec": "SI", "tiene_agua": "SI", "tiene_alca": "NO", "observacio": "-INGRESO NUEVO X LOTEO SE DESM. Y CANCELO HASTA EL 2005 CON LA 3270201 INF.AMPARO Q. 09/12/06 Y.C.S.- ACTUALIZACION INF. AMPARO Q. JULIO 15/09 MR INF. PARA CERTIF. INGRES. POR AREA DE LEGALIZACION INSP. LUIS LOPEZ, ENERO 16-14 INF. PARA CERTIFICADO, INSP", "observac_1": null, "barrio": "OTRAS AREAS", "parroquia_": 1, "barrio_id": 0, "proceso": 1, "fecha_regi": null, "activo_cat": "SI", "desactivad": 0, "avaluo_rem": 0.0, "avaluo_r_1": 0.0, "clasificac": "GENERAL", "anio_deuda": 2018, "deuda": 205.94, "valor_ip": 0.0, "coactiva": null, "ficharegis": 49895, "etam": 0.0833333333, "diferencia": 1.9041775202, "porc_difer": 0.013223455, "admisible": 1, "deuda_anio": 196.8, "2019_csv_C": null, "Clavepre": "3-23-53-21-000", "ORIG_FID": 14 }, "geometry": { "type": "Point", "coordinates": [ -80.727898733267864, -1.000333564688765 ] } },
{ "type": "Feature", "properties": { "id": 86781, "lote_id": 66268, "clavecatas": "3-23-53-23-000", "zona": "3", "sector": "23", "manzana": "53", "lote": "23", "ph": "000", "propietari": "SABANDO MANTUANO JESSICA MARILU", "documentop": "1312338831", "direccion": "URBIRRIOS II MZ-8 LOTE 23", "area_m2": 144.0, "frente_uti": 8.0, "frente_tot": 0.0, "avaluo_con": 0.0, "avaluo_sue": 5760.0, "zonaurbano": "URBANA", "parroquia": "TARQUI", "esta_bloqu": "NO", "es_tercera": "NO", "tiene_elec": "SI", "tiene_agua": "SI", "tiene_alca": "NO", "observacio": "-INGRESO NUEVO X LOTEO SE DESM. Y CANCELO HASTA EL 2005 CON LA 3270201 INF.AMPARO Q. 09/12/06 Y.C.S.- C-3967-07 ACTUALIZACION INF. AMPARO Q. JULIO 15/09 MR INF.PARA CERT. INGRES. POR AREA DE LEGALIZACION INSP. LUIS LOPEZ, ENERO 16-14 -SELLO PRTO.DE ADJ.D", "observac_1": null, "barrio": "OTRAS AREAS", "parroquia_": 3, "barrio_id": 0, "proceso": 1, "fecha_regi": null, "activo_cat": "SI", "desactivad": 0, "avaluo_rem": 0.0, "avaluo_r_1": 0.0, "clasificac": "GENERAL", "anio_deuda": 2025, "deuda": 22.33, "valor_ip": 0.0, "coactiva": null, "ficharegis": 45141, "etam": 0.0833333333, "diferencia": 6.4394578488000001, "porc_difer": 0.0447184573, "admisible": 1, "deuda_anio": 13.19, "2019_csv_C": null, "Clavepre": "3-23-53-23-000", "ORIG_FID": 15 }, "geometry": { "type": "Point", "coordinates": [ -80.72801899142685, -1.000251561062586 ] } },
{ "type": "Feature", "properties": { "id": 86782, "lote_id": 66269, "clavecatas": "3-23-53-24-000", "zona": "3", "sector": "23", "manzana": "53", "lote": "24", "ph": "000", "propietari": "AGUILA LOMBEIDA MIRIAN SUSANA", "documentop": "1716094980", "direccion": "URBIRRIOS II MZ-08 LOTE 24", "area_m2": 144.0, "frente_uti": 8.0, "frente_tot": 0.0, "avaluo_con": 691.2, "avaluo_sue": 5760.0, "zonaurbano": "URBANA", "parroquia": "TARQUI", "esta_bloqu": "NO", "es_tercera": "NO", "tiene_elec": "SI", "tiene_agua": "SI", "tiene_alca": "NO", "observacio": "INGRESO NUEVO X LOTEO SE DESM.Y CANCELO HASTA EL 2005 CON LA 3270201 INF.AMPARO Q.09/12/06 Y.C.S.C-7771-08 ACTUALIZACION INF.AMPARO Q.07/15/09 MR.-INF.PARA CERT.INGRES.X AREA DE LEGALIZACION INSP.LUIS LOPEZ 01/16/14 -INF.PARA CERT.INGRES.X AREA DE LEGALI", "observac_1": null, "barrio": "OTRAS AREAS", "parroquia_": 3, "barrio_id": 0, "proceso": 1, "fecha_regi": null, "activo_cat": "SI", "desactivad": 0, "avaluo_rem": 0.0, "avaluo_r_1": 0.0, "clasificac": "GENERAL", "anio_deuda": 2020, "deuda": 138.14, "valor_ip": 0.0, "coactiva": null, "ficharegis": 51850, "etam": 0.0833333333, "diferencia": 1.0721377667, "porc_difer": 0.0074454012, "admisible": 1, "deuda_anio": 127.71, "2019_csv_C": null, "Clavepre": "3-23-53-24-000", "ORIG_FID": 16 }, "geometry": { "type": "Point", "coordinates": [ -80.728078018578401, -1.000212340610754 ] } },
{ "type": "Feature", "properties": { "id": 86783, "lote_id": 66270, "clavecatas": "3-23-53-25-000", "zona": "3", "sector": "23", "manzana": "53", "lote": "25", "ph": "000", "propietari": "MOREIRA ZAMBRANO MAYRA AZUCENA", "documentop": "1309992368", "direccion": "SECTOR URBIRRIOS II MZ-8 LOTE 25", "area_m2": 144.0, "frente_uti": 8.0, "frente_tot": 0.0, "avaluo_con": 16320.0, "avaluo_sue": 4665.6, "zonaurbano": "URBANA", "parroquia": "TARQUI", "esta_bloqu": "NO", "es_tercera": "NO", "tiene_elec": "SI", "tiene_agua": "SI", "tiene_alca": "NO", "observacio": "-INGRESO NUEVO X LOTEO SE DESM. Y CANCELO HASTA EL 2005 CON LA 3270201 INF.AMPARO Q. 09/12/06 Y.C.S.-C-4052-07.- ACTU. INF. AMPARO Q. 07/15/09 MR.- INF. PARA CERT. INGR. X AREA DE LEGALIZACION INSP.LUIS L. 01-16-14 -SELLO PROT. DE ADJ. DANIEL S. 02/12/14", "observac_1": null, "barrio": "URBIRRIOS 2", "parroquia_": 3, "barrio_id": 1046, "proceso": 1, "fecha_regi": null, "activo_cat": "SI", "desactivad": 0, "avaluo_rem": 0.0, "avaluo_r_1": 0.0, "clasificac": "GENERAL", "anio_deuda": 0, "deuda": 0.0, "valor_ip": 0.0, "coactiva": null, "ficharegis": 44680, "etam": 0.0833333333, "diferencia": -7.0981160539000001, "porc_difer": -0.0492924726, "admisible": 1, "deuda_anio": 0.0, "2019_csv_C": null, "Clavepre": "3-23-53-25-000", "ORIG_FID": 17 }, "geometry": { "type": "Point", "coordinates": [ -80.728139645263198, -1.00017176881785 ] } },
{ "type": "Feature", "properties": { "id": 86784, "lote_id": 66271, "clavecatas": "3-23-53-26-000", "zona": "3", "sector": "23", "manzana": "53", "lote": "26", "ph": "000", "propietari": "SEGOVIA VILLAMARIN ANDREA PAOLA", "documentop": "1308781135", "direccion": "URBIRRIOS II MZ-8 LOTE 26", "area_m2": 144.0, "frente_uti": 8.0, "frente_tot": 0.0, "avaluo_con": 13552.0, "avaluo_sue": 5760.0, "zonaurbano": "URBANA", "parroquia": "TARQUI", "esta_bloqu": "NO", "es_tercera": "NO", "tiene_elec": "SI", "tiene_agua": "SI", "tiene_alca": "NO", "observacio": "-INGRESO NUEVO X LOTEO SE DESM. Y CANCELO HASTA EL 2005 CON LA 3270201 INF.AMPARO Q. 09/12/06 Y.C.S.-C-2055-09 ACTUALIZACION INF. AMPARO Q. JULIO 15/09 MR INF. PARA CERTIF. INGRES. POR AREA DE LEGALIZACION INSP. LUIS LOPEZ, ENERO 16-14 INF. PARA CERTIFIC", "observac_1": null, "barrio": "OTRAS AREAS", "parroquia_": 3, "barrio_id": 0, "proceso": 1, "fecha_regi": null, "activo_cat": "SI", "desactivad": 0, "avaluo_rem": 0.0, "avaluo_r_1": 0.0, "clasificac": "GENERAL", "anio_deuda": 2024, "deuda": 100.2, "valor_ip": 0.0, "coactiva": null, "ficharegis": 61085, "etam": 0.0833333333, "diferencia": -1.7672162213, "porc_difer": -0.0122723349, "admisible": 1, "deuda_anio": 72.87, "2019_csv_C": null, "Clavepre": "3-23-53-26-000", "ORIG_FID": 18 }, "geometry": { "type": "Point", "coordinates": [ -80.728202337323765, -1.000132408376597 ] } },
{ "type": "Feature", "properties": { "id": 86785, "lote_id": 66272, "clavecatas": "3-23-53-27-000", "zona": "3", "sector": "23", "manzana": "53", "lote": "27", "ph": "000", "propietari": "INTRIAGO CELORIO VICENTA BENERANDA", "documentop": "1301483671", "direccion": "URBIRRIOS II MZ-8 LOTE 27", "area_m2": 144.0, "frente_uti": 8.0, "frente_tot": 8.0, "avaluo_con": 3000.0, "avaluo_sue": 5760.0, "zonaurbano": "URBANA", "parroquia": "TARQUI", "esta_bloqu": "NO", "es_tercera": "NO", "tiene_elec": "SI", "tiene_agua": "SI", "tiene_alca": "NO", "observacio": "-INGRESO NUEVO X LOTEO SE DESM. Y CANCELO HASTA EL 2005 CON LA 3270201 INF.AMPARO Q. 09/12/06 Y.C.S.- C-3844-07 ACTUALIZACION INF.AMPARO Q. 07/15/09 MR INF.PARA CERT.INGRES. POR AREA D LEGALIZACION INSP.LUIS LOPEZ, 01-16-14 -SELLO PROT.DE ADJ.DANIEL S. 0", "observac_1": null, "barrio": "OTRAS AREAS", "parroquia_": 3, "barrio_id": 0, "proceso": 1, "fecha_regi": null, "activo_cat": "SI", "desactivad": 0, "avaluo_rem": 0.0, "avaluo_r_1": 0.0, "clasificac": "GENERAL", "anio_deuda": 2025, "deuda": 26.57, "valor_ip": 0.0, "coactiva": null, "ficharegis": 44679, "etam": 0.0833333333, "diferencia": 0.1792367453, "porc_difer": 0.0012446996, "admisible": 1, "deuda_anio": 15.38, "2019_csv_C": null, "Clavepre": "3-23-53-27-000", "ORIG_FID": 19 }, "geometry": { "type": "Point", "coordinates": [ -80.728262739073628, -1.000093302688886 ] } },
{ "type": "Feature", "properties": { "id": 86787, "lote_id": 66274, "clavecatas": "3-23-53-29-000", "zona": "3", "sector": "23", "manzana": "53", "lote": "29", "ph": "000", "propietari": "MOREIRA ZAMBRANO MARTHA MONSERRATE", "documentop": "1308857471", "direccion": "URBIRRIOS II MZ-08 LOTE 29", "area_m2": 144.0, "frente_uti": 8.0, "frente_tot": 0.0, "avaluo_con": 0.0, "avaluo_sue": 5760.0, "zonaurbano": "URBANA", "parroquia": "TARQUI", "esta_bloqu": "NO", "es_tercera": "NO", "tiene_elec": "SI", "tiene_agua": "SI", "tiene_alca": "NO", "observacio": "-INGRESO NUEVO X LOTEO SE DESM.Y CANCELO HASTA EL 2005 CON LA 3270201 INF.AMPARO Q.09/12/06 Y.C.S.-C3845-07 ACTUALIZACION INF.AMPARO Q.07/15/09 MR INF.PARA CERT.INGRES.X AREA DE LEGALIZACION INSP.LUIS LOPEZ 01-16-14 ING.PARA CERT.X LORENA LOOR REV. GORET", "observac_1": null, "barrio": "OTRAS AREAS", "parroquia_": 3, "barrio_id": 0, "proceso": 1, "fecha_regi": null, "activo_cat": "SI", "desactivad": 0, "avaluo_rem": 0.0, "avaluo_r_1": 0.0, "clasificac": "GENERAL", "anio_deuda": 2026, "deuda": 9.17, "valor_ip": 0.0, "coactiva": null, "ficharegis": 53697, "etam": 0.0833333333, "diferencia": -2.7436138578999998, "porc_difer": -0.019052874, "admisible": 1, "deuda_anio": 0.0, "2019_csv_C": null, "Clavepre": "3-23-53-29-000", "ORIG_FID": 20 }, "geometry": { "type": "Point", "coordinates": [ -80.728383478225084, -1.000013977389685 ] } },
{ "type": "Feature", "properties": { "id": 86788, "lote_id": 66275, "clavecatas": "3-23-53-30-000", "zona": "3", "sector": "23", "manzana": "53", "lote": "30", "ph": "000", "propietari": "MOREIRA ZAMBRANO MARTHA MONSERRATE", "documentop": "1308857471", "direccion": "BARRIO URBIRRIOS II MZ-8 LOTE 30", "area_m2": 180.0, "frente_uti": 28.0, "frente_tot": 0.0, "avaluo_con": 6016.0, "avaluo_sue": 7200.0, "zonaurbano": "URBANA", "parroquia": "TARQUI", "esta_bloqu": "NO", "es_tercera": "NO", "tiene_elec": "SI", "tiene_agua": "SI", "tiene_alca": "NO", "observacio": "-INGRESO NUEVO X LOTEO SE DESM. Y CANCELO HASTA EL 2005 CON LA 3270201 INF.AMPARO Q. 09/12/06 Y.C.S.- ACTUALIZACION INF. AMPARO Q. JULIO 15/09 MR.-SELLO PROTOC.DANIEL S.14/01/14 A.Q.INF. PARA CERTIF. INGRES. POR AREA DE LEGALIZACION INSP. LUIS LOPEZ, ENE", "observac_1": null, "barrio": "OTRAS AREAS", "parroquia_": 3, "barrio_id": 0, "proceso": 1, "fecha_regi": null, "activo_cat": "SI", "desactivad": 0, "avaluo_rem": 0.0, "avaluo_r_1": 0.0, "clasificac": "GENERAL", "anio_deuda": 2026, "deuda": 33.12, "valor_ip": 0.0, "coactiva": null, "ficharegis": 44914, "etam": 0.0745355992, "diferencia": -3.3266238214000001, "porc_difer": -0.0184812435, "admisible": 1, "deuda_anio": 0.0, "2019_csv_C": null, "Clavepre": "3-23-53-30-000", "ORIG_FID": 21 }, "geometry": { "type": "Point", "coordinates": [ -80.728451420773766, -0.999969433809533 ] } },
{ "type": "Feature", "properties": { "id": 86789, "lote_id": 66276, "clavecatas": "3-23-54-01-000", "zona": "3", "sector": "23", "manzana": "54", "lote": "01", "ph": "000", "propietari": "CEDEÑO FERNANDEZ CARMEN NARCISA", "documentop": "1309786018", "direccion": "URBIRRIOS II MZ-7 LOTE 1", "area_m2": 180.0, "frente_uti": 28.0, "frente_tot": 0.0, "avaluo_con": 0.0, "avaluo_sue": 7200.0, "zonaurbano": "URBANA", "parroquia": "TARQUI", "esta_bloqu": "NO", "es_tercera": "NO", "tiene_elec": "SI", "tiene_agua": "SI", "tiene_alca": "NO", "observacio": "-INGRESO NUEVO X LOTEO SE DESM. Y CANCELO HASTA EL 2005 CON LA 3270201 INF.AMPARO Q. 09/1806 Y.C.S.- C-4010-07 ACTUALIZACION INF. AMPARO Q. JULIO 15/09 MR.-SELLO PROTOC.DANIEL S.14/01/14 A.Q.INF.PARA CERTIF. INGRES. POR AREA D LEGALIZACION INSP. LUIS LOP", "observac_1": null, "barrio": "OTRAS AREAS", "parroquia_": 3, "barrio_id": 0, "proceso": 1, "fecha_regi": null, "activo_cat": "SI", "desactivad": 0, "avaluo_rem": 0.0, "avaluo_r_1": 0.0, "clasificac": "GENERAL", "anio_deuda": 2023, "deuda": 134.0, "valor_ip": 0.0, "coactiva": null, "ficharegis": 44287, "etam": 0.0745355992, "diferencia": -2.2861264736, "porc_difer": -0.0127007026, "admisible": 1, "deuda_anio": 111.37, "2019_csv_C": null, "Clavepre": "3-23-54-01-000", "ORIG_FID": 22 }, "geometry": { "type": "Point", "coordinates": [ -80.728312964131774, -0.999758783967347 ] } },
{ "type": "Feature", "properties": { "id": 86790, "lote_id": 66277, "clavecatas": "3-23-54-02-000", "zona": "3", "sector": "23", "manzana": "54", "lote": "02", "ph": "000", "propietari": "BRIONES MACIAS MAYRA ELIZABETH", "documentop": "1308297603", "direccion": "URBIRRIOS II MZ-7 LOTE 2", "area_m2": 144.0, "frente_uti": 8.0, "frente_tot": 0.0, "avaluo_con": 0.0, "avaluo_sue": 5760.0, "zonaurbano": "URBANA", "parroquia": "TARQUI", "esta_bloqu": "NO", "es_tercera": "NO", "tiene_elec": "SI", "tiene_agua": "SI", "tiene_alca": "NO", "observacio": "-INGRESO NUEVO X LOTEO SE DESM. Y CANCELO HASTA EL 2005 CON LA 3270201 INF.AMPARO Q. 09/1806 Y.C.S.- C-4102-07 - ACTUALIZACION INF. AMPARO Q. JULIO 15/09 MRINF. PARA CERTIF. INGRES. POR AREA DE LEGALIZACION INSP. LUIS LOPEZ, ENERO 15-14 -SELLO PROT.DE AD", "observac_1": null, "barrio": "OTRAS AREAS", "parroquia_": 3, "barrio_id": 0, "proceso": 1, "fecha_regi": null, "activo_cat": "SI", "desactivad": 0, "avaluo_rem": 0.0, "avaluo_r_1": 0.0, "clasificac": "GENERAL", "anio_deuda": 2026, "deuda": 9.14, "valor_ip": 0.0, "coactiva": null, "ficharegis": 44449, "etam": 0.0833333333, "diferencia": 5.7954747446, "porc_difer": 0.0402463524, "admisible": 1, "deuda_anio": 0.0, "2019_csv_C": null, "Clavepre": "3-23-54-02-000", "ORIG_FID": 23 }, "geometry": { "type": "Point", "coordinates": [ -80.728246002690398, -0.999803191453677 ] } },
{ "type": "Feature", "properties": { "id": 86791, "lote_id": 66278, "clavecatas": "3-23-54-03-000", "zona": "3", "sector": "23", "manzana": "54", "lote": "03", "ph": "000", "propietari": "GONZALES MERO VICTOR WILFRIDO", "documentop": "1309503918", "direccion": "URBIRRIOS II MZ-7 LOTE 3", "area_m2": 144.0, "frente_uti": 8.0, "frente_tot": 0.0, "avaluo_con": 0.0, "avaluo_sue": 5760.0, "zonaurbano": "URBANA", "parroquia": "TARQUI", "esta_bloqu": "NO", "es_tercera": "NO", "tiene_elec": "SI", "tiene_agua": "SI", "tiene_alca": "NO", "observacio": "-INGRESO NUEVO X LOTEO SE DESM. Y CANCELO HASTA EL 2005 CON LA 3270201 INF.AMPARO Q. 09/1806 Y.C.S.- C-2848-09 ACTUALIZACION INF. AMPARO Q. JULIO 15/09 MR INF.PARA CERT. INGRES. POR AREA D LEGALIZACION INSP. LUIS LOPEZ 01-15-14 -SELLO PROT.DE ADJ.ANGEL M", "observac_1": null, "barrio": "OTRAS AREAS", "parroquia_": 3, "barrio_id": 0, "proceso": 1, "fecha_regi": null, "activo_cat": "SI", "desactivad": 0, "avaluo_rem": 0.0, "avaluo_r_1": 0.0, "clasificac": "GENERAL", "anio_deuda": 2021, "deuda": 89.06, "valor_ip": 0.0, "coactiva": null, "ficharegis": 44650, "etam": 0.0833333333, "diferencia": -3.7390275521, "porc_difer": -0.0259654691, "admisible": 1, "deuda_anio": 79.92, "2019_csv_C": null, "Clavepre": "3-23-54-03-000", "ORIG_FID": 24 }, "geometry": { "type": "Point", "coordinates": [ -80.728185922538501, -0.999841875755332 ] } },
{ "type": "Feature", "properties": { "id": 86792, "lote_id": 66279, "clavecatas": "3-23-54-04-000", "zona": "3", "sector": "23", "manzana": "54", "lote": "04", "ph": "000", "propietari": "SUAREZ CAGUA SOLANDA CONSUELO", "documentop": "1312171067", "direccion": "URBIRRIOS II MZ-7 LOTE 4", "area_m2": 144.0, "frente_uti": 8.0, "frente_tot": 0.0, "avaluo_con": 0.0, "avaluo_sue": 5760.0, "zonaurbano": "URBANA", "parroquia": "TARQUI", "esta_bloqu": "NO", "es_tercera": "NO", "tiene_elec": "SI", "tiene_agua": "SI", "tiene_alca": "NO", "observacio": "-INGRESO NUEVO X LOTEO SE DESM. Y CANCELO HASTA EL 2005 CON LA 3270201 INF.AMPARO Q. 09/1806 Y.C.S.- C-3874-07 ACTUALIZACION INF. AMPARO Q. JULIO 15/09 MR -SELLO PROT.DE ADJ.DANIEL S.02/03/14 Y.C.S.-", "observac_1": null, "barrio": "OTRAS AREAS", "parroquia_": 3, "barrio_id": 0, "proceso": 1, "fecha_regi": null, "activo_cat": "SI", "desactivad": 0, "avaluo_rem": 0.0, "avaluo_r_1": 0.0, "clasificac": "GENERAL", "anio_deuda": 0, "deuda": 0.0, "valor_ip": 0.0, "coactiva": null, "ficharegis": 44364, "etam": 0.0833333333, "diferencia": 0.8170749322, "porc_difer": 0.0056741315, "admisible": 1, "deuda_anio": 0.0, "2019_csv_C": null, "Clavepre": "3-23-54-04-000", "ORIG_FID": 25 }, "geometry": { "type": "Point", "coordinates": [ -80.728123990274199, -0.999880580419984 ] } },
{ "type": "Feature", "properties": { "id": 86793, "lote_id": 66280, "clavecatas": "3-23-54-05-000", "zona": "3", "sector": "23", "manzana": "54", "lote": "05", "ph": "000", "propietari": "CAICEDO ZAMBRANO JESSICA ELIZABETH", "documentop": "1310434954", "direccion": "URBIRRIOS II MZ-7 LOTE 5", "area_m2": 144.0, "frente_uti": 8.0, "frente_tot": 0.0, "avaluo_con": 0.0, "avaluo_sue": 5760.0, "zonaurbano": "URBANA", "parroquia": "TARQUI", "esta_bloqu": "NO", "es_tercera": "NO", "tiene_elec": "SI", "tiene_agua": "SI", "tiene_alca": "NO", "observacio": "-INGRESO NUEVO X LOTEO SE DESM. Y CANCELO HASTA EL 2005 CON LA 3270201 INF.AMPARO Q. 09/1806 Y.C.S.- C-3976-07 ACTUALIZACION INF. AMPARO Q. JULIO 15/09 MR INF.PARA CERT. INGRES.X AREA D LEGALIZACION INSP. LUIS LOPEZ 01-16-14 -SELLO PROT.DE ADJ. DANIEL S.", "observac_1": null, "barrio": "OTRAS AREAS", "parroquia_": 3, "barrio_id": 0, "proceso": 1, "fecha_regi": null, "activo_cat": "SI", "desactivad": 0, "avaluo_rem": 0.0, "avaluo_r_1": 0.0, "clasificac": "GENERAL", "anio_deuda": 2014, "deuda": 369.48, "valor_ip": 0.0, "coactiva": null, "ficharegis": 44543, "etam": 0.0833333333, "diferencia": -2.3313028303, "porc_difer": -0.016189603, "admisible": 1, "deuda_anio": 360.34, "2019_csv_C": null, "Clavepre": "3-23-54-05-000", "ORIG_FID": 26 }, "geometry": { "type": "Point", "coordinates": [ -80.728063984271827, -0.999921334152363 ] } },
{ "type": "Feature", "properties": { "id": 86794, "lote_id": 66281, "clavecatas": "3-23-54-06-000", "zona": "3", "sector": "23", "manzana": "54", "lote": "06", "ph": "000", "propietari": "MOREIRA ZAMBRANO ALINA DEL CARMEN", "documentop": "1307955037", "direccion": "URBIRRIOS II MZ-7 LOTE 6", "area_m2": 144.0, "frente_uti": 8.0, "frente_tot": 0.0, "avaluo_con": 0.0, "avaluo_sue": 5760.0, "zonaurbano": "URBANA", "parroquia": "TARQUI", "esta_bloqu": "NO", "es_tercera": "NO", "tiene_elec": "SI", "tiene_agua": "SI", "tiene_alca": "NO", "observacio": "-INGRESO NUEVO X LOTEO SE DESM. Y CANCELO HASTA EL 2005 CON LA 3270201 INF.AMPARO Q. 09/1806 Y.C.S.- C-3847-07 ACTUALIZACION INF.AMPARO Q.07/15/09 MR INF. PARA CERT.INGRES.X AREA D LEGALIZACION INSP.LUIS LOPEZ, 01-16-14 -SELLO PROT.DE ADJ.LUIS L. 02/03/1", "observac_1": null, "barrio": "OTRAS AREAS", "parroquia_": 3, "barrio_id": 0, "proceso": 1, "fecha_regi": null, "activo_cat": "SI", "desactivad": 0, "avaluo_rem": 0.0, "avaluo_r_1": 0.0, "clasificac": "GENERAL", "anio_deuda": 0, "deuda": 0.0, "valor_ip": 0.0, "coactiva": null, "ficharegis": 44380, "etam": 0.0833333333, "diferencia": 0.1926397444, "porc_difer": 0.001337776, "admisible": 1, "deuda_anio": 0.0, "2019_csv_C": null, "Clavepre": "3-23-54-06-000", "ORIG_FID": 27 }, "geometry": { "type": "Point", "coordinates": [ -80.728002639435829, -0.999960504774496 ] } },
{ "type": "Feature", "properties": { "id": 86795, "lote_id": 66282, "clavecatas": "3-23-54-07-000", "zona": "3", "sector": "23", "manzana": "54", "lote": "07", "ph": "000", "propietari": "TIGUA SOLEDISPA MARIA LORENA", "documentop": "1309780268", "direccion": "URBIRRIOS II MZ-7 LOTE 07", "area_m2": 144.0, "frente_uti": 8.0, "frente_tot": 0.0, "avaluo_con": 6048.0, "avaluo_sue": 5760.0, "zonaurbano": "URBANA", "parroquia": "TARQUI", "esta_bloqu": "NO", "es_tercera": "NO", "tiene_elec": "SI", "tiene_agua": "SI", "tiene_alca": "NO", "observacio": "ING. NUEVO X LOTEO SE DESM. Y CANCELO HASTA EL 2005 CON LA 3270201 INF.AMPARO Q. 09/1806 Y.C.S.-C-3957-07 ACT.INF.AMPARO Q.JULIO 15/09 MR INF.PARA CERTIF.\r\nINGRES.POR AREA DE LEGAL.INSP.LUIS LOPEZ,ENERO 16-14 ING.PARA CERTIF.\r\nPOR YULIANA ESPINALES REV.A", "observac_1": null, "barrio": "OTRAS AREAS", "parroquia_": 3, "barrio_id": 0, "proceso": 1, "fecha_regi": null, "activo_cat": "SI", "desactivad": 0, "avaluo_rem": 0.0, "avaluo_r_1": 0.0, "clasificac": "GENERAL", "anio_deuda": 2022, "deuda": 143.5, "valor_ip": 0.0, "coactiva": null, "ficharegis": 49708, "etam": 0.0833333333, "diferencia": 2.1718673303, "porc_difer": 0.015082412, "admisible": 1, "deuda_anio": 124.8, "2019_csv_C": null, "Clavepre": "3-23-54-07-000", "ORIG_FID": 28 }, "geometry": { "type": "Point", "coordinates": [ -80.72794213486867, -0.99999877903187 ] } },
{ "type": "Feature", "properties": { "id": 86796, "lote_id": 66283, "clavecatas": "3-23-54-08-000", "zona": "3", "sector": "23", "manzana": "54", "lote": "08", "ph": "000", "propietari": "VELEZ CEDEÑO JULIO ENRIQUE", "documentop": "1310385461", "direccion": "URBIRRIOS II MZ-7 LOTE 8", "area_m2": 144.0, "frente_uti": 8.0, "frente_tot": 0.0, "avaluo_con": 0.0, "avaluo_sue": 5760.0, "zonaurbano": "URBANA", "parroquia": "TARQUI", "esta_bloqu": "NO", "es_tercera": "NO", "tiene_elec": "SI", "tiene_agua": "SI", "tiene_alca": "NO", "observacio": "-INGRESO NUEVO X LOTEO SE DESM. Y CANCELO HASTA EL 2005 CON LA 3270201 INF.AMPARO Q. 09/1806 Y.C.S.- ACTUALIZACION INF. AMPARO Q. JULIO 15/09 MR INF.PARA CERTIF. INGRES. POR AREA DE LEGALIZACION INSP. LUIS LOPEZ, ENERO 16-14 -SELLO PROT.DE ADJ.LUIS L. 02", "observac_1": null, "barrio": "OTRAS AREAS", "parroquia_": 3, "barrio_id": 0, "proceso": 1, "fecha_regi": null, "activo_cat": "SI", "desactivad": 0, "avaluo_rem": 0.0, "avaluo_r_1": 0.0, "clasificac": "GENERAL", "anio_deuda": 2020, "deuda": 126.59, "valor_ip": 0.0, "coactiva": null, "ficharegis": 44448, "etam": 0.0833333333, "diferencia": 1.7386601324, "porc_difer": 0.0120740287, "admisible": 1, "deuda_anio": 117.45, "2019_csv_C": null, "Clavepre": "3-23-54-08-000", "ORIG_FID": 29 }, "geometry": { "type": "Point", "coordinates": [ -80.727883112777107, -1.000038889420188 ] } },
{ "type": "Feature", "properties": { "id": 86797, "lote_id": 66284, "clavecatas": "3-23-54-09-000", "zona": "3", "sector": "23", "manzana": "54", "lote": "09", "ph": "000", "propietari": "MOREIRA ZAMBRANO MARIANA DEL JESUS", "documentop": "1309991584", "direccion": "URBIRRIOS II MZ-7 LOTE 9", "area_m2": 144.0, "frente_uti": 8.0, "frente_tot": 0.0, "avaluo_con": 0.0, "avaluo_sue": 5760.0, "zonaurbano": "URBANA", "parroquia": "TARQUI", "esta_bloqu": "NO", "es_tercera": "NO", "tiene_elec": "SI", "tiene_agua": "SI", "tiene_alca": "NO", "observacio": "-INGRESO NUEVO X LOTEO SE DESM. Y CANCELO HASTA EL 2005 CON LA 3270201 INF.AMPARO Q. 09/1806 Y.C.S.- C-3885-07 ACTUALIZACION INF. AMPARO Q. JULIO 15/09 MR.-INF. PARA CERTIF. INGRES.POR AREA DE LEGALIZACION INSP. LUIS LOPEZ,ENERO 16-14-SELLO PROTOC.DE ADJ", "observac_1": null, "barrio": "URBIRRIOS X", "parroquia_": 5, "barrio_id": 331, "proceso": 1, "fecha_regi": null, "activo_cat": "SI", "desactivad": 0, "avaluo_rem": 0.0, "avaluo_r_1": 0.0, "clasificac": "GENERAL", "anio_deuda": 2013, "deuda": 404.06, "valor_ip": 0.0, "coactiva": null, "ficharegis": 44904, "etam": 0.0833333333, "diferencia": 2.1497136666, "porc_difer": 0.0149285671, "admisible": 1, "deuda_anio": 395.77, "2019_csv_C": null, "Clavepre": "3-23-54-09-000", "ORIG_FID": 30 }, "geometry": { "type": "Point", "coordinates": [ -80.727822765487502, -1.000077904745302 ] } },
{ "type": "Feature", "properties": { "id": 86798, "lote_id": 66285, "clavecatas": "3-23-54-10-000", "zona": "3", "sector": "23", "manzana": "54", "lote": "10", "ph": "000", "propietari": "MOREIRA ZAMBRANO MARIA ANUNCIATA", "documentop": "1308367679", "direccion": "URBIRRIOS II MZ-7 LOTE 10", "area_m2": 144.0, "frente_uti": 8.0, "frente_tot": 0.0, "avaluo_con": 0.0, "avaluo_sue": 5760.0, "zonaurbano": "URBANA", "parroquia": "TARQUI", "esta_bloqu": "NO", "es_tercera": "NO", "tiene_elec": "SI", "tiene_agua": "SI", "tiene_alca": "NO", "observacio": "-INGRESO NUEVO X LOTEO SE DESM. Y CANCELO HASTA EL 2005 CON LA 3270201 INF.AMPARO Q. 09/1806 Y.C.S.- C-3896-07 ACTUALIZACION INF. AMPARO Q. JULIO 15/09 MR INF.PARA CERT.INGRES. X AREA DE LEGALIZACION INSP.LUIS LOPEZ, ENERO 16-14 -SELLO PROT.DE ADJ. DANIE", "observac_1": null, "barrio": "OTRAS AREAS", "parroquia_": 3, "barrio_id": 0, "proceso": 1, "fecha_regi": null, "activo_cat": "SI", "desactivad": 0, "avaluo_rem": 0.0, "avaluo_r_1": 0.0, "clasificac": "GENERAL", "anio_deuda": 2019, "deuda": 161.41, "valor_ip": 0.0, "coactiva": null, "ficharegis": 44290, "etam": 0.0833333333, "diferencia": 0.2685470447, "porc_difer": 0.00186491, "admisible": 1, "deuda_anio": 153.12, "2019_csv_C": null, "Clavepre": "3-23-54-10-000", "ORIG_FID": 31 }, "geometry": { "type": "Point", "coordinates": [ -80.727762010879658, -1.000117695509013 ] } },
{ "type": "Feature", "properties": { "id": 86801, "lote_id": 66288, "clavecatas": "3-23-54-13-000", "zona": "3", "sector": "23", "manzana": "54", "lote": "13", "ph": "000", "propietari": "CASTRO MADRID ANGEL DARWIN", "documentop": "1310318314", "direccion": "BARRIO URBIRRIOS II MZ-07 LOTE 13", "area_m2": 144.0, "frente_uti": 8.0, "frente_tot": 0.0, "avaluo_con": 5906.4, "avaluo_sue": 5760.0, "zonaurbano": "URBANA", "parroquia": "TARQUI", "esta_bloqu": "NO", "es_tercera": "NO", "tiene_elec": "SI", "tiene_agua": "SI", "tiene_alca": "NO", "observacio": "ING. NUEVO X LOTEO SE DESM. Y CANCELO HASTA EL 2005 CON LA 3270201 INF. A.Q. 09/1806 Y.C.S.- C-3864-07 ACTUA. INF. AQ. 07/15/09 MR.- ING. X AREA D LEGALZ. INSP. L. LOPEZ 01/16/14- ING. X M. ESPINALS REV.X M. CAJAP 10/20/14 MR.- SELLO PROTOC. D ADJ. G. GA", "observac_1": null, "barrio": "OTRAS AREAS", "parroquia_": 3, "barrio_id": 0, "proceso": 1, "fecha_regi": null, "activo_cat": "SI", "desactivad": 0, "avaluo_rem": 0.0, "avaluo_r_1": 0.0, "clasificac": "GENERAL", "anio_deuda": 0, "deuda": 0.0, "valor_ip": 0.0, "coactiva": null, "ficharegis": 48855, "etam": 0.0833333333, "diferencia": -6.2331577195000003, "porc_difer": -0.0432858175, "admisible": 1, "deuda_anio": 0.0, "2019_csv_C": null, "Clavepre": "3-23-54-13-000", "ORIG_FID": 32 }, "geometry": { "type": "Point", "coordinates": [ -80.727580070294906, -1.000238316560226 ] } },
{ "type": "Feature", "properties": { "id": 86802, "lote_id": 66289, "clavecatas": "3-23-54-14-000", "zona": "3", "sector": "23", "manzana": "54", "lote": "14", "ph": "000", "propietari": "CASTRO MADRID JORGE MIGUEL", "documentop": "1309386504", "direccion": "URBIRRIOS II MZ-7 LOTE 14", "area_m2": 144.0, "frente_uti": 8.0, "frente_tot": 0.0, "avaluo_con": 6768.0, "avaluo_sue": 5760.0, "zonaurbano": "URBANA", "parroquia": "MANTA", "esta_bloqu": "NO", "es_tercera": "NO", "tiene_elec": "SI", "tiene_agua": "SI", "tiene_alca": "NO", "observacio": "-INGRESO NUEVO X LOTEO SE DESM. Y CANCELO HASTA EL 2005 CON LA 3270201 INF.AMPARO Q. 09/1806 Y.C.S.- C-3865-07 ACTUALIZACION INF. AMPARO Q. JULIO 15/09 MR\r\n-SE ACTUALIZA INF CON ESCRITURA DE ADJUDICACION INSCRITA EN EL REG. DE LA PROPIEDAD.17/04/19 GGV", "observac_1": null, "barrio": "OTRAS AREAS", "parroquia_": 1, "barrio_id": 0, "proceso": 1, "fecha_regi": null, "activo_cat": "SI", "desactivad": 0, "avaluo_rem": 0.0, "avaluo_r_1": 0.0, "clasificac": "DEPURACION CATASTRO", "anio_deuda": 2025, "deuda": 40.7, "valor_ip": 0.0, "coactiva": null, "ficharegis": 67036, "etam": 0.0833333333, "diferencia": 2.6548177953000001, "porc_difer": 0.0184362347, "admisible": 1, "deuda_anio": 24.7, "2019_csv_C": null, "Clavepre": "3-23-54-14-000", "ORIG_FID": 33 }, "geometry": { "type": "Point", "coordinates": [ -80.727520442941753, -1.000281123617824 ] } },
{ "type": "Feature", "properties": { "id": 86804, "lote_id": 66291, "clavecatas": "3-23-54-16-000", "zona": "3", "sector": "23", "manzana": "54", "lote": "16", "ph": "000", "propietari": "VARGAS MONTESDEOCA MARIO BOANERGE", "documentop": "1308921426", "direccion": "URBIRRIOS II MZ-7 LOTE 16", "area_m2": 180.0, "frente_uti": 28.0, "frente_tot": 0.0, "avaluo_con": 0.0, "avaluo_sue": 7200.0, "zonaurbano": "URBANA", "parroquia": "MANTA", "esta_bloqu": "NO", "es_tercera": "NO", "tiene_elec": "SI", "tiene_agua": "SI", "tiene_alca": "NO", "observacio": "-INGRESO NUEVO X LOTEO SE DESM. Y CANCELO HASTA EL 2005 CON LA 3270201 INF.AMPARO Q. 09/1806 Y.C.S.- ACTUALIZACION INF. AMPARO Q. JULIO 15/09 MR\r\n\r\nINF. PARA CERTIF. INGRES. POR AREA DE LEGALIZACION INSP. LUIS LOPEZ, ENERO 16-14 \r\n\r\nSELLO CAMBIO DE NOMBR", "observac_1": null, "barrio": "OTRAS AREAS", "parroquia_": 1, "barrio_id": 0, "proceso": 1, "fecha_regi": null, "activo_cat": "SI", "desactivad": 0, "avaluo_rem": 0.0, "avaluo_r_1": 0.0, "clasificac": "DEPURACION CATASTRO", "anio_deuda": 2026, "deuda": 21.57, "valor_ip": 0.0, "coactiva": null, "ficharegis": 45738, "etam": 0.0745355992, "diferencia": -4.3029452083999997, "porc_difer": -0.0239052512, "admisible": 1, "deuda_anio": 0.0, "2019_csv_C": null, "Clavepre": "3-23-54-16-000", "ORIG_FID": 34 }, "geometry": { "type": "Point", "coordinates": [ -80.727362980946452, -1.000191234038325 ] } },
{ "type": "Feature", "properties": { "id": 86814, "lote_id": 66301, "clavecatas": "3-23-54-26-000", "zona": "3", "sector": "23", "manzana": "54", "lote": "26", "ph": "000", "propietari": "REYES MENDOZA RODOLFO ARTURO", "documentop": "1308170321", "direccion": "URBIRRIOS II MZ-7 LOTE 26", "area_m2": 144.0, "frente_uti": 8.0, "frente_tot": 0.0, "avaluo_con": 0.0, "avaluo_sue": 5760.0, "zonaurbano": "URBANA", "parroquia": "TARQUI", "esta_bloqu": "NO", "es_tercera": "NO", "tiene_elec": "SI", "tiene_agua": "SI", "tiene_alca": "NO", "observacio": "-INGRESO NUEVO X LOTEO SE DESM. Y CANCELO HASTA EL 2005 CON LA 3270201 INF.AMPARO Q. 09/1806 Y.C.S.- C-696-09 ACTUALIZACION INF. AMPARO Q. JULIO 15/09 MR INF.PARA CERT.INGRES.X AREA D LEGALIZACION INSP.LUIS LOPEZ 01-16-14 -SELLO PROT.DE ADJ.DANIEL S. 02/", "observac_1": null, "barrio": "OTRAS AREAS", "parroquia_": 3, "barrio_id": 0, "proceso": 1, "fecha_regi": null, "activo_cat": "SI", "desactivad": 0, "avaluo_rem": 0.0, "avaluo_r_1": 0.0, "clasificac": "GENERAL", "anio_deuda": 0, "deuda": 0.0, "valor_ip": 0.0, "coactiva": null, "ficharegis": 44687, "etam": 0.0833333333, "diferencia": -6.5039284005000004, "porc_difer": -0.0451661694, "admisible": 1, "deuda_anio": 0.0, "2019_csv_C": null, "Clavepre": "3-23-54-26-000", "ORIG_FID": 35 }, "geometry": { "type": "Point", "coordinates": [ -80.727973722194335, -0.999782412471666 ] } },
{ "type": "Feature", "properties": { "id": 86805, "lote_id": 66292, "clavecatas": "3-23-54-17-000", "zona": "3", "sector": "23", "manzana": "54", "lote": "17", "ph": "000", "propietari": "MARRASQUIN CABALLERO  RICHARD ANDERSON", "documentop": "1311876344", "direccion": "BARRIO URBIRRIOS II MZ. 07 LOTE 17", "area_m2": 144.0, "frente_uti": 8.0, "frente_tot": 0.0, "avaluo_con": 0.0, "avaluo_sue": 5184.0, "zonaurbano": "URBANA", "parroquia": "TARQUI", "esta_bloqu": "NO", "es_tercera": "NO", "tiene_elec": "SI", "tiene_agua": "SI", "tiene_alca": "NO", "observacio": "INGR. NUEVO X LOTEO SE DESM. Y CANCELO HASTA EL 2005 CON LA 3270201 INF. AMPARO Q. 09/1806 Y.C.S.- ACTUA. INF. AMPARO Q. 07/15/09 MR.- INF. PARA CERT. X AREA DE LEGALIZ. INSP. L. LOPEZ 01-16-14.- SELLO PROT. DE ADJ. DANIEL S. 02/11/14 Y.C.S.- INGR. EN LI", "observac_1": null, "barrio": "OTRAS AREAS", "parroquia_": 3, "barrio_id": 0, "proceso": 1, "fecha_regi": null, "activo_cat": "SI", "desactivad": 0, "avaluo_rem": 0.0, "avaluo_r_1": 0.0, "clasificac": "GENERAL", "anio_deuda": 0, "deuda": 0.0, "valor_ip": 0.0, "coactiva": null, "ficharegis": 44726, "etam": 0.0833333333, "diferencia": 9.4560584038000002, "porc_difer": 0.0656670722, "admisible": 1, "deuda_anio": 0.0, "2019_csv_C": null, "Clavepre": "3-23-54-17-000", "ORIG_FID": 36 }, "geometry": { "type": "Point", "coordinates": [ -80.727429627099426, -1.000145786298338 ] } },
{ "type": "Feature", "properties": { "id": 86806, "lote_id": 66293, "clavecatas": "3-23-54-18-000", "zona": "3", "sector": "23", "manzana": "54", "lote": "18", "ph": "000", "propietari": "FALCONES ZAMBRANO EDGAR DANILO", "documentop": "1307145076", "direccion": "URBIRRIOS II MZ-7 LOTE 18", "area_m2": 144.0, "frente_uti": 8.0, "frente_tot": 0.0, "avaluo_con": 4881.6, "avaluo_sue": 4924.8, "zonaurbano": "URBANA", "parroquia": "TARQUI", "esta_bloqu": "NO", "es_tercera": "SI", "tiene_elec": "SI", "tiene_agua": "SI", "tiene_alca": "NO", "observacio": "INGRESO NUEVO X LOTEO SE DESM.Y CANCELO HASTA EL 2005 CON LA 3270201 INF.AMPARO Q.09/1806 Y.C.S.-C-3325-09 ACTUALIZ.\r\nINF.AMPARO Q.JULIO 16/09 MR INF.PARA CERTIF.INGRES.X AREA DE LEGAL,INSP.LUIS LOPEZ,ENERO 15-14 ING.PARA CERTIF.X LORENA LOOR REV.ARQ.MAR", "observac_1": null, "barrio": "URBIRRIOS 2", "parroquia_": 3, "barrio_id": 1046, "proceso": 1, "fecha_regi": null, "activo_cat": "SI", "desactivad": 0, "avaluo_rem": 0.0, "avaluo_r_1": 0.0, "clasificac": "GENERAL", "anio_deuda": 0, "deuda": 0.0, "valor_ip": 0.0, "coactiva": null, "ficharegis": 50832, "etam": 0.0833333333, "diferencia": -14.884727054700001, "porc_difer": -0.1033661601, "admisible": 0, "deuda_anio": 0.0, "2019_csv_C": null, "Clavepre": "3-23-54-18-000", "ORIG_FID": 37 }, "geometry": { "type": "Point", "coordinates": [ -80.72749046309994, -1.000104018791182 ] } },
{ "type": "Feature", "properties": { "id": 86808, "lote_id": 66295, "clavecatas": "3-23-54-20-000", "zona": "3", "sector": "23", "manzana": "54", "lote": "20", "ph": "000", "propietari": "ACOSTA BERMELLO MONICA ROSANA", "documentop": "1311544900", "direccion": "URBIRRIOS II MZ-7 LOTE 20", "area_m2": 144.0, "frente_uti": 8.0, "frente_tot": 0.0, "avaluo_con": 5527.2, "avaluo_sue": 5184.0, "zonaurbano": "URBANA", "parroquia": "TARQUI", "esta_bloqu": "NO", "es_tercera": "NO", "tiene_elec": "SI", "tiene_agua": "SI", "tiene_alca": "NO", "observacio": "-INGRESO NUEVO X LOTEO SE DESM. Y CANCELO HASTA EL 2005 CON LA 3270201 INF.AMPARO Q.09/1806 Y.C.S.-C-3871-07 ACTUALIZACION INF.AMPARO Q.07/15/09 MR INF.PARA CERT.INGRES.X AREA DE LEGALIZACION INSP.LUIS LOPEZ 01-16-14 ING.PARA CERT.X GABRIELA SOLORZANO RE", "observac_1": null, "barrio": "URBIRRIOS 2", "parroquia_": 3, "barrio_id": 1046, "proceso": 1, "fecha_regi": null, "activo_cat": "SI", "desactivad": 0, "avaluo_rem": 0.0, "avaluo_r_1": 0.0, "clasificac": "GENERAL", "anio_deuda": 0, "deuda": 0.0, "valor_ip": 0.0, "coactiva": null, "ficharegis": 49923, "etam": 0.0833333333, "diferencia": -9.3199126196000002, "porc_difer": -0.0647216154, "admisible": 1, "deuda_anio": 0.0, "2019_csv_C": null, "Clavepre": "3-23-54-20-000", "ORIG_FID": 38 }, "geometry": { "type": "Point", "coordinates": [ -80.727611688336211, -1.000023478126678 ] } },
{ "type": "Feature", "properties": { "id": 86809, "lote_id": 66296, "clavecatas": "3-23-54-21-000", "zona": "3", "sector": "23", "manzana": "54", "lote": "21", "ph": "000", "propietari": "MEJIA SOLORZANO  MERCEDES KARINA", "documentop": "1314813377", "direccion": "URBIRRIOS II MZ-7 LOTE 21", "area_m2": 144.0, "frente_uti": 8.0, "frente_tot": 0.0, "avaluo_con": 0.0, "avaluo_sue": 5184.0, "zonaurbano": "URBANA", "parroquia": "MANTA", "esta_bloqu": "NO", "es_tercera": "NO", "tiene_elec": "SI", "tiene_agua": "SI", "tiene_alca": "NO", "observacio": "-INGRESO NUEVO X LOTEO SE DESM. Y CANCELO HASTA EL 2005 CON LA 3270201 INF.AMPARO Q. 09/1806 Y.C.S.- C-3867-07 ACTUALIZACION INF. AMPARO Q. JULIO 15/09 MR\r\nINF. PARA CERTIF. INGRES. POR AREA DE LEGALIZACION INSP. LUIS LOPEZ, ENERO 15-14 \r\n\r\nSELLO CAMBIO", "observac_1": null, "barrio": "OTRAS AREAS", "parroquia_": 1, "barrio_id": 0, "proceso": 1, "fecha_regi": null, "activo_cat": "SI", "desactivad": 0, "avaluo_rem": 0.0, "avaluo_r_1": 0.0, "clasificac": "DEPURACION CATASTRO", "anio_deuda": 2024, "deuda": 36.42, "valor_ip": 0.0, "coactiva": null, "ficharegis": 45710, "etam": 0.0833333333, "diferencia": -2.6195098652, "porc_difer": -0.0181910407, "admisible": 1, "deuda_anio": 27.4, "2019_csv_C": null, "Clavepre": "3-23-54-21-000", "ORIG_FID": 39 }, "geometry": { "type": "Point", "coordinates": [ -80.727674152923001, -0.99998265627234 ] } },
{ "type": "Feature", "properties": { "id": 86810, "lote_id": 66297, "clavecatas": "3-23-54-22-000", "zona": "3", "sector": "23", "manzana": "54", "lote": "22", "ph": "000", "propietari": "PONCE BAQUE WALTER ROLANDO", "documentop": "1309798898", "direccion": "URBIRRIOS II MZ-7 LOTE 22", "area_m2": 144.0, "frente_uti": 8.0, "frente_tot": 0.0, "avaluo_con": 6480.0, "avaluo_sue": 5760.0, "zonaurbano": "URBANA", "parroquia": "TARQUI", "esta_bloqu": "NO", "es_tercera": "NO", "tiene_elec": "SI", "tiene_agua": "SI", "tiene_alca": "NO", "observacio": "-INGRESO NUEVO X LOTEO SE DESM. Y CANCELO HASTA EL 2005 CON LA 3270201 INF.AMPARO Q. 09/1806 Y.C.S.- C-4026-07 ACTUALIZACION INF. AMPARO Q. JULIO 15/09 MR INF.PARA CERTIF. INGRES. POR AREA DE LEGALIZACION INSP. LUIS LOPEZ, ENERO 16-14 -SELLO PROT.DE ADJ.", "observac_1": null, "barrio": "OTRAS AREAS", "parroquia_": 3, "barrio_id": 0, "proceso": 1, "fecha_regi": null, "activo_cat": "SI", "desactivad": 0, "avaluo_rem": 0.0, "avaluo_r_1": 0.0, "clasificac": "GENERAL", "anio_deuda": 0, "deuda": 0.0, "valor_ip": 0.0, "coactiva": null, "ficharegis": 44392, "etam": 0.0833333333, "diferencia": -3.2648627484000001, "porc_difer": -0.022672658, "admisible": 1, "deuda_anio": 0.0, "2019_csv_C": null, "Clavepre": "3-23-54-22-000", "ORIG_FID": 40 }, "geometry": { "type": "Point", "coordinates": [ -80.727734381407544, -0.999941854581587 ] } },
{ "type": "Feature", "properties": { "id": 86811, "lote_id": 66298, "clavecatas": "3-23-54-23-000", "zona": "3", "sector": "23", "manzana": "54", "lote": "23", "ph": "000", "propietari": "BASURTO ZAMBRANO ROSARIO ARACELY", "documentop": "1310403520", "direccion": "URBIRRIOS II MZ-7 LOTE 23", "area_m2": 144.0, "frente_uti": 8.0, "frente_tot": 0.0, "avaluo_con": 0.0, "avaluo_sue": 5760.0, "zonaurbano": "URBANA", "parroquia": "TARQUI", "esta_bloqu": "NO", "es_tercera": "NO", "tiene_elec": "SI", "tiene_agua": "SI", "tiene_alca": "NO", "observacio": "-INGRESO NUEVO X LOTEO SE DESM. Y CANCELO HASTA EL 2005 CON LA 3270201 INF.AMPARO Q. 09/1806 Y.C.S.- C-5526-07 ACTUALIZACION INF. AMPARO Q. JULIO 15/09 MR INF. PARA CERTIF. INGRES.X AREA D LEGALIZACION INSP. LUIS LOPEZ 01-15-14 -SELLO PROT.DE ADJ.DANIEL", "observac_1": null, "barrio": "OTRAS AREAS", "parroquia_": 3, "barrio_id": 0, "proceso": 1, "fecha_regi": null, "activo_cat": "SI", "desactivad": 0, "avaluo_rem": 0.0, "avaluo_r_1": 0.0, "clasificac": "GENERAL", "anio_deuda": 0, "deuda": 0.0, "valor_ip": 0.0, "coactiva": null, "ficharegis": 44475, "etam": 0.0833333333, "diferencia": 4.3404230823000001, "porc_difer": 0.030141827, "admisible": 1, "deuda_anio": 0.0, "2019_csv_C": null, "Clavepre": "3-23-54-23-000", "ORIG_FID": 41 }, "geometry": { "type": "Point", "coordinates": [ -80.727793309211734, -0.999902657303242 ] } },
{ "type": "Feature", "properties": { "id": 86812, "lote_id": 66299, "clavecatas": "3-23-54-24-000", "zona": "3", "sector": "23", "manzana": "54", "lote": "24", "ph": "000", "propietari": "BERNAL MACIAS ROSA CLEOTILDE", "documentop": "1308095544", "direccion": "URBIRRIOS II MZ-7 LOTE 24", "area_m2": 144.0, "frente_uti": 8.0, "frente_tot": 0.0, "avaluo_con": 0.0, "avaluo_sue": 5760.0, "zonaurbano": "URBANA", "parroquia": "TARQUI", "esta_bloqu": "NO", "es_tercera": "NO", "tiene_elec": "SI", "tiene_agua": "SI", "tiene_alca": "NO", "observacio": "-INGRESO NUEVO X LOTEO SE DESM. Y CANCELO HASTA EL 2005 CON LA 3270201 INF.AMPARO Q. 09/1806 Y.C.S.- ACTUALIZACION INF. AMPARO Q. JULIO 15/09 MR INF.PARA CERTIF.INGRES.X AREA D LEGALIZACION INSP. LUIS LOPEZ, ENERO 16-14 -SELLO PROT.DE ADJ.FERNANDO N.01/2", "observac_1": null, "barrio": "OTRAS AREAS", "parroquia_": 3, "barrio_id": 0, "proceso": 1, "fecha_regi": null, "activo_cat": "SI", "desactivad": 0, "avaluo_rem": 0.0, "avaluo_r_1": 0.0, "clasificac": "GENERAL", "anio_deuda": 2026, "deuda": 9.14, "valor_ip": 0.0, "coactiva": null, "ficharegis": 44213, "etam": 0.0833333333, "diferencia": -5.7755624507, "porc_difer": -0.0401080726, "admisible": 1, "deuda_anio": 0.0, "2019_csv_C": null, "Clavepre": "3-23-54-24-000", "ORIG_FID": 42 }, "geometry": { "type": "Point", "coordinates": [ -80.727852167398368, -0.999862369631078 ] } },
{ "type": "Feature", "properties": { "id": 86813, "lote_id": 66300, "clavecatas": "3-23-54-25-000", "zona": "3", "sector": "23", "manzana": "54", "lote": "25", "ph": "000", "propietari": "MOREIRA MACIAS JOEL ISIDRO", "documentop": "1308023850", "direccion": "URBIRRIOS II MZ-7 LOTE 25", "area_m2": 144.0, "frente_uti": 8.0, "frente_tot": 0.0, "avaluo_con": 0.0, "avaluo_sue": 5760.0, "zonaurbano": "URBANA", "parroquia": "TARQUI", "esta_bloqu": "NO", "es_tercera": "NO", "tiene_elec": "SI", "tiene_agua": "SI", "tiene_alca": "NO", "observacio": "-INGRESO NUEVO X LOTEO SE DESM. Y CANCELO HASTA EL 2005 CON LA 3270201 INF.AMPARO Q.09/1806 Y.C.S.- ACTUALIZACION INF. AMPARO Q. JULIO 15/09 MR INF.PARA CERT.INGRES.X AREA D LEGALIZACION INSP.LUIS LOPEZ 01-16-14 -SELLO PROT.DE ADJ.ANGEL M.02/11/14 Y.C.S.", "observac_1": null, "barrio": "OTRAS AREAS", "parroquia_": 3, "barrio_id": 0, "proceso": 1, "fecha_regi": null, "activo_cat": "SI", "desactivad": 0, "avaluo_rem": 0.0, "avaluo_r_1": 0.0, "clasificac": "GENERAL", "anio_deuda": 2026, "deuda": 9.14, "valor_ip": 0.0, "coactiva": null, "ficharegis": 44649, "etam": 0.0833333333, "diferencia": -2.7688567583000001, "porc_difer": -0.0192281719, "admisible": 1, "deuda_anio": 0.0, "2019_csv_C": null, "Clavepre": "3-23-54-25-000", "ORIG_FID": 43 }, "geometry": { "type": "Point", "coordinates": [ -80.72791327560293, -0.999822757825788 ] } },
{ "type": "Feature", "properties": { "id": 86815, "lote_id": 66302, "clavecatas": "3-23-54-27-000", "zona": "3", "sector": "23", "manzana": "54", "lote": "27", "ph": "000", "propietari": "LEMOS CHAVEZ LUCIA ELIZABETH", "documentop": "1309665477", "direccion": "URBIRRIOS II MZ-7 LOTE 27", "area_m2": 144.0, "frente_uti": 8.0, "frente_tot": 0.0, "avaluo_con": 0.0, "avaluo_sue": 5760.0, "zonaurbano": "URBANA", "parroquia": "TARQUI", "esta_bloqu": "NO", "es_tercera": "NO", "tiene_elec": "SI", "tiene_agua": "SI", "tiene_alca": "NO", "observacio": "-INGRESO NUEVO X LOTEO SE DESM. Y CANCELO HASTA EL 2005 CON LA 3270201 INF.AMPARO Q. 09/1806 Y.C.S.- C-4080-07 ACTUALIZACION INF.AMPARO Q. JULIO 15/09 MR INF.PARA CERT.INGRES.X AREA D LEGALIZACION INSP.LUIS LOPEZ 01-16-14 SELLO PROT.DE ADJ.DANIEL S. 02/0", "observac_1": null, "barrio": "OTRAS AREAS", "parroquia_": 3, "barrio_id": 0, "proceso": 1, "fecha_regi": null, "activo_cat": "SI", "desactivad": 0, "avaluo_rem": 0.0, "avaluo_r_1": 0.0, "clasificac": "GENERAL", "anio_deuda": 2026, "deuda": 9.14, "valor_ip": 0.0, "coactiva": null, "ficharegis": 44507, "etam": 0.0833333333, "diferencia": -4.683937852, "porc_difer": -0.0325273462, "admisible": 1, "deuda_anio": 0.0, "2019_csv_C": null, "Clavepre": "3-23-54-27-000", "ORIG_FID": 44 }, "geometry": { "type": "Point", "coordinates": [ -80.728035880486871, -0.999743446706045 ] } },
{ "type": "Feature", "properties": { "id": 86816, "lote_id": 66303, "clavecatas": "3-23-54-28-000", "zona": "3", "sector": "23", "manzana": "54", "lote": "28", "ph": "000", "propietari": "LEMOS CHAVEZ LUCIA ELIZABETH", "documentop": "1309665477", "direccion": "URBIRRIOS II MZ-7 LOTE 28", "area_m2": 144.0, "frente_uti": 8.0, "frente_tot": 0.0, "avaluo_con": 0.0, "avaluo_sue": 5184.0, "zonaurbano": "URBANA", "parroquia": "TARQUI", "esta_bloqu": "NO", "es_tercera": "NO", "tiene_elec": "SI", "tiene_agua": "SI", "tiene_alca": "NO", "observacio": "-INGRESO NUEVO X LOTEO SE DESM. Y CANCELO HASTA EL 2005 CON LA 3270201 INF.AMPARO Q. 09/1806 Y.C.S.- C-3983-07 ACTUALIZACION INF. AMPARO Q. JULIO 15/09 MR INF. PARA CERTIF. INGRES. POR AREA DE LEGALIZACION INSP. LUIS LOPEZ 01-16-14 -SELLO PROT.DE ADJ.ANG", "observac_1": null, "barrio": "OTRAS AREAS", "parroquia_": 3, "barrio_id": 0, "proceso": 1, "fecha_regi": null, "activo_cat": "SI", "desactivad": 0, "avaluo_rem": 0.0, "avaluo_r_1": 0.0, "clasificac": "GENERAL", "anio_deuda": 2026, "deuda": 8.93, "valor_ip": 0.0, "coactiva": null, "ficharegis": 45054, "etam": 0.0833333333, "diferencia": -3.8645447756000002, "porc_difer": -0.0268371165, "admisible": 1, "deuda_anio": 0.0, "2019_csv_C": null, "Clavepre": "3-23-54-28-000", "ORIG_FID": 45 }, "geometry": { "type": "Point", "coordinates": [ -80.728097216332529, -0.999704299310331 ] } },
{ "type": "Feature", "properties": { "id": 86817, "lote_id": 66304, "clavecatas": "3-23-54-29-000", "zona": "3", "sector": "23", "manzana": "54", "lote": "29", "ph": "000", "propietari": "MACIAS BRAVO WILMER LEODAN", "documentop": "1309806998", "direccion": "URBIRRIOS II MZ-7 LOTE 29", "area_m2": 144.0, "frente_uti": 8.0, "frente_tot": 0.0, "avaluo_con": 0.0, "avaluo_sue": 5760.0, "zonaurbano": "URBANA", "parroquia": "TARQUI", "esta_bloqu": "NO", "es_tercera": "NO", "tiene_elec": "SI", "tiene_agua": "SI", "tiene_alca": "NO", "observacio": "-INGRESO NUEVO X LOTEO SE DESM. Y CANCELO HASTA EL 2005 CON LA 3270201 INF.AMPARO Q. 09/1806 Y.C.S.- C-5635-08 ACTUALIZACION INF. AMPARO Q. JULIO 15/09 MR INF. PARA CERTIF. INGRES. POR AREA DE LEGALIZACION INSP. LUIS LOPEZ, ENERO 16-14 -SELLO PROT.DE ADJ", "observac_1": null, "barrio": "OTRAS AREAS", "parroquia_": 3, "barrio_id": 0, "proceso": 1, "fecha_regi": null, "activo_cat": "SI", "desactivad": 0, "avaluo_rem": 0.0, "avaluo_r_1": 0.0, "clasificac": "GENERAL", "anio_deuda": 2023, "deuda": 52.7, "valor_ip": 0.0, "coactiva": null, "ficharegis": 44373, "etam": 0.0833333333, "diferencia": 0.3692919746, "porc_difer": 0.0025645276, "admisible": 1, "deuda_anio": 43.56, "2019_csv_C": null, "Clavepre": "3-23-54-29-000", "ORIG_FID": 46 }, "geometry": { "type": "Point", "coordinates": [ -80.72815688967502, -0.999664759525535 ] } },
{ "type": "Feature", "properties": { "id": 86818, "lote_id": 66305, "clavecatas": "3-23-54-30-000", "zona": "3", "sector": "23", "manzana": "54", "lote": "30", "ph": "000", "propietari": "RIVAS MOREIRA CARMEN AMELIA", "documentop": "1306143627", "direccion": "URBIRRIOS II MZ-7 LOTE 30", "area_m2": 180.0, "frente_uti": 28.0, "frente_tot": 0.0, "avaluo_con": 0.0, "avaluo_sue": 7200.0, "zonaurbano": "URBANA", "parroquia": "TARQUI", "esta_bloqu": "NO", "es_tercera": "NO", "tiene_elec": "SI", "tiene_agua": "SI", "tiene_alca": "NO", "observacio": "-INGRESO NUEVO X LOTEO SE DESM. Y CANCELO HASTA EL 2005 CON LA 3270201 INF.AMPARO Q. 09/19/06 Y.C.S.- C-4094-07 ACTUALIZACION INF. AMPARO Q. JULIO 15/09 MR.-SELLO PROTOC.DANIEL S.14/01/14 A.Q.INF.PARA CERT.INGRESX AREA DE LEGALIZACION INSP. LUIS LOPEZ, E", "observac_1": null, "barrio": "OTRAS AREAS", "parroquia_": 3, "barrio_id": 0, "proceso": 1, "fecha_regi": null, "activo_cat": "SI", "desactivad": 0, "avaluo_rem": 0.0, "avaluo_r_1": 0.0, "clasificac": "GENERAL", "anio_deuda": 0, "deuda": 0.0, "valor_ip": 0.0, "coactiva": null, "ficharegis": 44958, "etam": 0.0745355992, "diferencia": -4.2024626796, "porc_difer": -0.0233470149, "admisible": 1, "deuda_anio": 0.0, "2019_csv_C": null, "Clavepre": "3-23-54-30-000", "ORIG_FID": 47 }, "geometry": { "type": "Point", "coordinates": [ -80.72822470540828, -0.999621107881771 ] } },
{ "type": "Feature", "properties": { "id": 86819, "lote_id": 66306, "clavecatas": "3-23-55-01-000", "zona": "3", "sector": "23", "manzana": "55", "lote": "01", "ph": "000", "propietari": "RODRIGUEZ PALADINES LUIS EDUARDO", "documentop": "1306322890", "direccion": "URBIRRIOS II MZ-6 LOTE 1", "area_m2": 180.0, "frente_uti": 28.0, "frente_tot": 0.0, "avaluo_con": 0.0, "avaluo_sue": 7200.0, "zonaurbano": "URBANA", "parroquia": "TARQUI", "esta_bloqu": "NO", "es_tercera": "NO", "tiene_elec": "SI", "tiene_agua": "SI", "tiene_alca": "NO", "observacio": "-INGRESO NUEVO X LOTEO SE DESM. Y CANCELO HASTA EL 2005 CON LA 3270201 INF.AMPARO Q. 09/19/06 Y.C.S.- ACTUALIZACION INF. AMPARO Q. JULIO 15/09 MR.-SELLO PROTOC.DANIEL S.14/01/14 A.Q. SELLO PROT.DE ADJ.DANIEL S. 02/05/14 Y.C.S.-", "observac_1": null, "barrio": "OTRAS AREAS", "parroquia_": 3, "barrio_id": 0, "proceso": 1, "fecha_regi": null, "activo_cat": "SI", "desactivad": 0, "avaluo_rem": 0.0, "avaluo_r_1": 0.0, "clasificac": "GENERAL", "anio_deuda": 2019, "deuda": 341.37, "valor_ip": 0.0, "coactiva": null, "ficharegis": 44505, "etam": 0.0745355992, "diferencia": -21.348422906, "porc_difer": -0.1186023495, "admisible": 0, "deuda_anio": 317.37, "2019_csv_C": null, "Clavepre": "3-23-55-01-000", "ORIG_FID": 48 }, "geometry": { "type": "Point", "coordinates": [ -80.728089708927655, -0.999409678010113 ] } },
{ "type": "Feature", "properties": { "id": 86820, "lote_id": 66307, "clavecatas": "3-23-55-02-000", "zona": "3", "sector": "23", "manzana": "55", "lote": "02", "ph": "000", "propietari": "ZAMBRANO ALCIVAR MONICA MARGARITA", "documentop": "1310467368", "direccion": "URBIRRIOS II MZ-6 LOTE 2", "area_m2": 144.0, "frente_uti": 8.0, "frente_tot": 0.0, "avaluo_con": 0.0, "avaluo_sue": 5760.0, "zonaurbano": "URBANA", "parroquia": "TARQUI", "esta_bloqu": "NO", "es_tercera": "NO", "tiene_elec": "SI", "tiene_agua": "SI", "tiene_alca": "NO", "observacio": "-INGRESO NUEVO X LOTEO SE DESM. Y CANCELO HASTA EL 2005 CON LA 3270201 INF.AMPARO Q. 09/19/06 Y.C.S.- ACTUALIZACION INF. AMPARO Q. JULIO 15/09 MR INF. PARA CERTIF. INGRES. POR AREA DE LEGALIZACION INSP. LUIS LOPEZ, ENERO 15-14 INF. PARA CERTIFICADO,  VEV", "observac_1": null, "barrio": "OTRAS AREAS", "parroquia_": 3, "barrio_id": 0, "proceso": 1, "fecha_regi": null, "activo_cat": "SI", "desactivad": 0, "avaluo_rem": 0.0, "avaluo_r_1": 0.0, "clasificac": "GENERAL", "anio_deuda": 2026, "deuda": 10.23, "valor_ip": 0.0, "coactiva": null, "ficharegis": 67100, "etam": 0.0833333333, "diferencia": 17.150784611300001, "porc_difer": 0.1191026709, "admisible": 0, "deuda_anio": 0.0, "2019_csv_C": null, "Clavepre": "3-23-55-02-000", "ORIG_FID": 49 }, "geometry": { "type": "Point", "coordinates": [ -80.728020340146486, -0.999453595878844 ] } },
{ "type": "Feature", "properties": { "id": 86821, "lote_id": 66308, "clavecatas": "3-23-55-03-000", "zona": "3", "sector": "23", "manzana": "55", "lote": "03", "ph": "000", "propietari": "ZAMBRANO ALCIVAR BEXI MARIBEL", "documentop": "1307401883", "direccion": "URBIRRIOS II MZ-6 LOTE 3", "area_m2": 144.0, "frente_uti": 8.0, "frente_tot": 0.0, "avaluo_con": 0.0, "avaluo_sue": 5760.0, "zonaurbano": "URBANA", "parroquia": "TARQUI", "esta_bloqu": "NO", "es_tercera": "NO", "tiene_elec": "SI", "tiene_agua": "SI", "tiene_alca": "NO", "observacio": "-INGRESO NUEVO X LOTEO SE DESM. Y CANCELO HASTA EL 2005 CON LA 3270201 INF.AMPARO Q. 09/19/06 Y.C.S.-ACTUALIZACION INF. AMPARO Q. JULIO 15/09 MR INF. PARA CERTIF. INGRES. POR AREA DE LEGALIZACION INSP. LUIS LOPEZ, ENERO 15-14 INF. PARA CERTIFICADO,  VEVI", "observac_1": null, "barrio": "OTRAS AREAS", "parroquia_": 3, "barrio_id": 0, "proceso": 1, "fecha_regi": null, "activo_cat": "SI", "desactivad": 0, "avaluo_rem": 0.0, "avaluo_r_1": 0.0, "clasificac": "GENERAL", "anio_deuda": 2019, "deuda": 175.54, "valor_ip": 0.0, "coactiva": null, "ficharegis": 67099, "etam": 0.0833333333, "diferencia": -8.2150727202000002, "porc_difer": -0.0570491161, "admisible": 1, "deuda_anio": 165.31, "2019_csv_C": null, "Clavepre": "3-23-55-03-000", "ORIG_FID": 50 }, "geometry": { "type": "Point", "coordinates": [ -80.727962184357366, -0.999492469879798 ] } },
{ "type": "Feature", "properties": { "id": 86822, "lote_id": 66309, "clavecatas": "3-23-55-04-000", "zona": "3", "sector": "23", "manzana": "55", "lote": "04", "ph": "000", "propietari": "SANCHEZ PLUA AMARILIS DEL ROCIO", "documentop": "1307195071", "direccion": "URBIRRIOS II MZ-06 LOTE 04", "area_m2": 144.0, "frente_uti": 8.0, "frente_tot": 0.0, "avaluo_con": 0.0, "avaluo_sue": 5760.0, "zonaurbano": "URBANA", "parroquia": "TARQUI", "esta_bloqu": "NO", "es_tercera": "NO", "tiene_elec": "SI", "tiene_agua": "SI", "tiene_alca": "NO", "observacio": "-INGRESO NUEVO X LOTEO SE DESM.Y CANCELO HASTA EL 2005 CON LA 3270201 INF.AMPARO Q.09/19/06 Y.C.S.-ACTUALIZACION INF.AMPARO Q.07/15/09 MR INF.PARA CERT.INGRES.X AREA DE LEGALIZACION INSP.LUIS LOPEZ 01-15-14 \r\nING.PARA CERT.X YULIANA CASTRO REV. MARIA FER", "observac_1": null, "barrio": "OTRAS AREAS", "parroquia_": 3, "barrio_id": 0, "proceso": 1, "fecha_regi": null, "activo_cat": "SI", "desactivad": 0, "avaluo_rem": 0.0, "avaluo_r_1": 0.0, "clasificac": "GENERAL", "anio_deuda": 2025, "deuda": 25.13, "valor_ip": 0.0, "coactiva": null, "ficharegis": 50909, "etam": 0.0833333333, "diferencia": 0.1712394779, "porc_difer": 0.001189163, "admisible": 1, "deuda_anio": 14.9, "2019_csv_C": null, "Clavepre": "3-23-55-04-000", "ORIG_FID": 51 }, "geometry": { "type": "Point", "coordinates": [ -80.727899886436987, -0.999533414606667 ] } },
{ "type": "Feature", "properties": { "id": 86823, "lote_id": 66310, "clavecatas": "3-23-55-05-000", "zona": "3", "sector": "23", "manzana": "55", "lote": "05", "ph": "000", "propietari": "FLORES RODRIGUEZ KAREN MARIBEL", "documentop": "1309847026", "direccion": "URBIRRIOS II MZ-6 LOTE 5", "area_m2": 144.0, "frente_uti": 8.0, "frente_tot": 0.0, "avaluo_con": 0.0, "avaluo_sue": 5760.0, "zonaurbano": "URBANA", "parroquia": "TARQUI", "esta_bloqu": "NO", "es_tercera": "NO", "tiene_elec": "SI", "tiene_agua": "SI", "tiene_alca": "NO", "observacio": "-INGRESO NUEVO X LOTEO SE DESM. Y CANCELO HASTA EL 2005 CON LA 3270201 INF.AMPARO Q. 09/19/06 Y.C.S.- C-3877-07 ACTUALIZACION INF. AMPARO Q. JULIO 15/09 MR -SELLO PROT.DE ADJ.DANIEL S. 02/18/14 Y.C.S.-", "observac_1": null, "barrio": "OTRAS AREAS", "parroquia_": 3, "barrio_id": 0, "proceso": 1, "fecha_regi": null, "activo_cat": "SI", "desactivad": 0, "avaluo_rem": 0.0, "avaluo_r_1": 0.0, "clasificac": "GENERAL", "anio_deuda": 2018, "deuda": 215.07, "valor_ip": 0.0, "coactiva": null, "ficharegis": 44909, "etam": 0.0833333333, "diferencia": -6.199761494, "porc_difer": -0.0430538993, "admisible": 1, "deuda_anio": 204.84, "2019_csv_C": null, "Clavepre": "3-23-55-05-000", "ORIG_FID": 52 }, "geometry": { "type": "Point", "coordinates": [ -80.727838549318932, -0.999574588120237 ] } },
{ "type": "Feature", "properties": { "id": 86824, "lote_id": 66311, "clavecatas": "3-23-55-06-000", "zona": "3", "sector": "23", "manzana": "55", "lote": "06", "ph": "000", "propietari": "BAQUE CHAVEZ FANNY JUANA", "documentop": "1310121270", "direccion": "URBIRRIOS II MZ-6 LOTE 6", "area_m2": 144.0, "frente_uti": 8.0, "frente_tot": 0.0, "avaluo_con": 0.0, "avaluo_sue": 5760.0, "zonaurbano": "URBANA", "parroquia": "TARQUI", "esta_bloqu": "NO", "es_tercera": "NO", "tiene_elec": "SI", "tiene_agua": "SI", "tiene_alca": "NO", "observacio": "ING. NUEVO X LOTEO SE DESM. Y CANCELO HASTA EL 2005 CON LA 3270201 INF. A.Q. 09/19/06 Y.C.S.- 2244-09 MDV ACTU. INF. AQ. 07/15/09 MR.- SELLO PROT. D ADJ. DANIEL S. 01/31/14 Y.C.S.- ING. X LORENA LOOR REV. X ARQ. M. CAJAPE ELAB. X LCDA. DELI CHAVEZ CERT.2", "observac_1": null, "barrio": "OTRAS AREAS", "parroquia_": 3, "barrio_id": 0, "proceso": 1, "fecha_regi": null, "activo_cat": "SI", "desactivad": 0, "avaluo_rem": 0.0, "avaluo_r_1": 0.0, "clasificac": "GENERAL", "anio_deuda": 0, "deuda": 0.0, "valor_ip": 0.0, "coactiva": null, "ficharegis": 44286, "etam": 0.0833333333, "diferencia": 7.768444678, "porc_difer": 0.0539475325, "admisible": 1, "deuda_anio": 0.0, "2019_csv_C": null, "Clavepre": "3-23-55-06-000", "ORIG_FID": 53 }, "geometry": { "type": "Point", "coordinates": [ -80.727778595201769, -0.99961393004089 ] } },
{ "type": "Feature", "properties": { "id": 86825, "lote_id": 66312, "clavecatas": "3-23-55-07-000", "zona": "3", "sector": "23", "manzana": "55", "lote": "07", "ph": "000", "propietari": "QUIROZ SORNOZA  EDITH MARIANA", "documentop": "1305018044", "direccion": "URBIRRIOS II MZ-6 LOTE 7", "area_m2": 144.0, "frente_uti": 8.0, "frente_tot": 0.0, "avaluo_con": 30263.4, "avaluo_sue": 5760.0, "zonaurbano": "URBANA", "parroquia": "TARQUI", "esta_bloqu": "NO", "es_tercera": "NO", "tiene_elec": "SI", "tiene_agua": "SI", "tiene_alca": "NO", "observacio": "-INGRESO NUEVO X LOTEO SE DESM. Y CANCELO HASTA EL 2005 CON LA 3270201 INF.AMPARO Q. 09/19/06 Y.C.S.- ACTUALIZACION INF. AMPARO Q. JULIO 15/09 MR -SELLO PROT.DE ADJ.DANIEL S.03/11/14 Y.C.S.-SE ACTUALIZA INF CON ESCRITURA DE CVTA INSCRITA EN EL REG. DE LA", "observac_1": null, "barrio": "OTRAS AREAS", "parroquia_": 3, "barrio_id": 0, "proceso": 1, "fecha_regi": null, "activo_cat": "SI", "desactivad": 0, "avaluo_rem": 0.0, "avaluo_r_1": 0.0, "clasificac": "GENERAL", "anio_deuda": 0, "deuda": 0.0, "valor_ip": 0.0, "coactiva": null, "ficharegis": 45242, "etam": 0.0833333333, "diferencia": -1.0724905045, "porc_difer": -0.0074478507, "admisible": 1, "deuda_anio": 0.0, "2019_csv_C": null, "Clavepre": "3-23-55-07-000", "ORIG_FID": 54 }, "geometry": { "type": "Point", "coordinates": [ -80.727719771455327, -0.999652569250631 ] } },
{ "type": "Feature", "properties": { "id": 86826, "lote_id": 66313, "clavecatas": "3-23-55-08-000", "zona": "3", "sector": "23", "manzana": "55", "lote": "08", "ph": "000", "propietari": "ALCIVAR BRAVO CARLOS REMBERTO", "documentop": "1310644552", "direccion": "URBIRRIOS II MZ-6 LOTE 8", "area_m2": 144.0, "frente_uti": 8.0, "frente_tot": 0.0, "avaluo_con": 0.0, "avaluo_sue": 5760.0, "zonaurbano": "URBANA", "parroquia": "TARQUI", "esta_bloqu": "NO", "es_tercera": "NO", "tiene_elec": "SI", "tiene_agua": "SI", "tiene_alca": "NO", "observacio": "INGRESO NUEVO X LOTEO SE DESM. Y CANCELO HASTA EL 2005 CON LA 3270201 INF. AMPARO Q. 09/19/06 Y.C.S.- C-7576-08 ACTUALZ. INF. AMPARO Q. 07/15/09 MR.- INF. PARA CERTIF. INGRES. X AREA DE LEGALIZACION INSP. LUIS LOPEZ, 01/15/14.- -SELLO PROT.DE ADJ.DANIEL", "observac_1": null, "barrio": "OTRAS AREAS", "parroquia_": 3, "barrio_id": 0, "proceso": 1, "fecha_regi": null, "activo_cat": "SI", "desactivad": 0, "avaluo_rem": 0.0, "avaluo_r_1": 0.0, "clasificac": "GENERAL", "anio_deuda": 2025, "deuda": 22.96, "valor_ip": 0.0, "coactiva": null, "ficharegis": 44937, "etam": 0.0833333333, "diferencia": -8.6535976594000008, "porc_difer": -0.0600944282, "admisible": 1, "deuda_anio": 13.58, "2019_csv_C": null, "Clavepre": "3-23-55-08-000", "ORIG_FID": 55 }, "geometry": { "type": "Point", "coordinates": [ -80.727657904641816, -0.999694078340781 ] } },
{ "type": "Feature", "properties": { "id": 86827, "lote_id": 66314, "clavecatas": "3-23-55-09-000", "zona": "3", "sector": "23", "manzana": "55", "lote": "09", "ph": "000", "propietari": "DOMINGUEZ OLMEDO EDWARD ALEXIS", "documentop": "0913399770", "direccion": "BARRIO URBIRRIOS II MZ-6 LOTE 9", "area_m2": 144.0, "frente_uti": 8.0, "frente_tot": 0.0, "avaluo_con": 0.0, "avaluo_sue": 5760.0, "zonaurbano": "URBANA", "parroquia": "TARQUI", "esta_bloqu": "NO", "es_tercera": "NO", "tiene_elec": "SI", "tiene_agua": "SI", "tiene_alca": "NO", "observacio": "INGRESO NUEVO X LOTEO SE DESM. Y CANCELO HASTA EL 2005 CON LA 3270201 INF.AMPARO Q. 09/19/06 Y.C.S.- ACTUALIZACION INF.AMPARO Q.07/15/09 MR.-INF.PARA CERT.INGRES.X AREA DE LEGALIZACION INSP.LUIS LOPEZ 01/15/14 -SELLO PROT.DE ADJ.DANIEL S.02/11/14 Y.C.S.-", "observac_1": null, "barrio": "OTRAS AREAS", "parroquia_": 3, "barrio_id": 0, "proceso": 1, "fecha_regi": null, "activo_cat": "SI", "desactivad": 0, "avaluo_rem": 0.0, "avaluo_r_1": 0.0, "clasificac": "GENERAL", "anio_deuda": 0, "deuda": 0.0, "valor_ip": 0.0, "coactiva": null, "ficharegis": 44664, "etam": 0.0833333333, "diferencia": 22.294351870900002, "porc_difer": 0.154821888, "admisible": 0, "deuda_anio": 0.0, "2019_csv_C": null, "Clavepre": "3-23-55-09-000", "ORIG_FID": 56 }, "geometry": { "type": "Point", "coordinates": [ -80.72759960119771, -0.999730317207356 ] } },
{ "type": "Feature", "properties": { "id": 86828, "lote_id": 66315, "clavecatas": "3-23-55-10-000", "zona": "3", "sector": "23", "manzana": "55", "lote": "10", "ph": "000", "propietari": "MONTES CHAVEZ LELIS FERNANDO", "documentop": "1311059842", "direccion": "URBIRRIOS II MZ-6 LOTE 10", "area_m2": 144.0, "frente_uti": 8.0, "frente_tot": 0.0, "avaluo_con": 0.0, "avaluo_sue": 5760.0, "zonaurbano": "URBANA", "parroquia": "TARQUI", "esta_bloqu": "NO", "es_tercera": "NO", "tiene_elec": "SI", "tiene_agua": "SI", "tiene_alca": "NO", "observacio": "ING.NUEVO X LOTEO SE DESM.Y CANC.HASTA EL 2005 CON LA 3270201 INF.AMPARO Q.09/19\r\n/06 Y.C.S.-ACTUAL.INF.AMPARO Q. 07/15/09 MR.-INF.PARA CERTIF.INGRES.X AREA DE LEGALIZ.INSP.LUIS LOPEZ, 01/15/14.-SELLO PROT.DE ADJ.DANIEL S.02/12/14 Y.C.S.-SE ACT CERT EMIT", "observac_1": null, "barrio": "OTRAS AREAS", "parroquia_": 3, "barrio_id": 0, "proceso": 1, "fecha_regi": null, "activo_cat": "SI", "desactivad": 0, "avaluo_rem": 0.0, "avaluo_r_1": 0.0, "clasificac": "GENERAL", "anio_deuda": 2026, "deuda": 9.38, "valor_ip": 0.0, "coactiva": null, "ficharegis": 44685, "etam": 0.0833333333, "diferencia": -16.7611341002, "porc_difer": -0.1163967646, "admisible": 0, "deuda_anio": 0.0, "2019_csv_C": null, "Clavepre": "3-23-55-10-000", "ORIG_FID": 57 }, "geometry": { "type": "Point", "coordinates": [ -80.727541776631256, -0.999771029911951 ] } },
{ "type": "Feature", "properties": { "id": 86829, "lote_id": 66316, "clavecatas": "3-23-55-11-000", "zona": "3", "sector": "23", "manzana": "55", "lote": "11", "ph": "000", "propietari": "PINCAY VERA BEATRIZ GUADALUPE", "documentop": "1308635562", "direccion": "URBIRRIOS II MZ-6 LOTE 11", "area_m2": 144.0, "frente_uti": 8.0, "frente_tot": 0.0, "avaluo_con": 0.0, "avaluo_sue": 5760.0, "zonaurbano": "URBANA", "parroquia": "MANTA", "esta_bloqu": "NO", "es_tercera": "NO", "tiene_elec": "SI", "tiene_agua": "SI", "tiene_alca": "NO", "observacio": "INGRESO NUEVO X LOTEO SE DESM. Y CANCELO HASTA EL 2005 CON LA 3270201 INF. AMPARO Q. 09/19/06 Y.C.S.- ACTUALIZACION INF. AMPARO Q. 07/15/09 MR.- INF. PARA CERTIF. INGRES. X AREA DE LEGALIZACION INSP. LUIS LOPEZ, 01/15/14.-\r\n\r\nSELLO CAMBIO DE NOMBRE CON E", "observac_1": null, "barrio": "OTRAS AREAS", "parroquia_": 1, "barrio_id": 0, "proceso": 1, "fecha_regi": null, "activo_cat": "SI", "desactivad": 0, "avaluo_rem": 0.0, "avaluo_r_1": 0.0, "clasificac": "DEPURACION CATASTRO", "anio_deuda": 2026, "deuda": 9.38, "valor_ip": 0.0, "coactiva": null, "ficharegis": 45616, "etam": 0.0833333333, "diferencia": 4.9020147344999998, "porc_difer": 0.034041769, "admisible": 1, "deuda_anio": 0.0, "2019_csv_C": null, "Clavepre": "3-23-55-11-000", "ORIG_FID": 58 }, "geometry": { "type": "Point", "coordinates": [ -80.727478679880036, -0.999811615152773 ] } },
{ "type": "Feature", "properties": { "id": 86830, "lote_id": 66317, "clavecatas": "3-23-55-12-000", "zona": "3", "sector": "23", "manzana": "55", "lote": "12", "ph": "000", "propietari": "MOREIRA MOREIRA BEATRIZ AUXILIADORA", "documentop": "1308667946", "direccion": "URBIRRIOS II MZ-6 LOTE 12", "area_m2": 144.0, "frente_uti": 8.0, "frente_tot": 0.0, "avaluo_con": 0.0, "avaluo_sue": 5760.0, "zonaurbano": "URBANA", "parroquia": "TARQUI", "esta_bloqu": "NO", "es_tercera": "NO", "tiene_elec": "SI", "tiene_agua": "SI", "tiene_alca": "NO", "observacio": "ING. NUEVO X LOTEO SE DESM. Y CANCELO HASTA EL 2005 CON LA 3270201 INF. A. Q.09/19/06 Y.C.S.- ACTUA. INF. A.Q. 07/15/09 MR.- ING. X AREA D LEGALIZ. INSP. L. LOPEZ 01-15-14.- ING. X JULI CASTRO REV. X M. CAJAPE 08-19-14 MR.-SELLO PROT. D RESOL. Y ADJ. GLO", "observac_1": null, "barrio": "OTRAS AREAS", "parroquia_": 3, "barrio_id": 0, "proceso": 1, "fecha_regi": null, "activo_cat": "SI", "desactivad": 0, "avaluo_rem": 0.0, "avaluo_r_1": 0.0, "clasificac": "GENERAL", "anio_deuda": 2026, "deuda": 9.38, "valor_ip": 0.0, "coactiva": null, "ficharegis": 48943, "etam": 0.0833333333, "diferencia": -1.1829897801, "porc_difer": -0.0082152068, "admisible": 1, "deuda_anio": 0.0, "2019_csv_C": null, "Clavepre": "3-23-55-12-000", "ORIG_FID": 59 }, "geometry": { "type": "Point", "coordinates": [ -80.727419736262647, -0.999851276624629 ] } },
{ "type": "Feature", "properties": { "id": 86831, "lote_id": 66318, "clavecatas": "3-23-55-13-000", "zona": "3", "sector": "23", "manzana": "55", "lote": "13", "ph": "000", "propietari": "ZEVALLOS ROSILLO MIGUEL ANGEL", "documentop": "1313721837", "direccion": "URBIRRIOS II MZ-06 LOTE 13", "area_m2": 144.0, "frente_uti": 8.0, "frente_tot": 0.0, "avaluo_con": 0.0, "avaluo_sue": 5184.0, "zonaurbano": "URBANA", "parroquia": "TARQUI", "esta_bloqu": "NO", "es_tercera": "NO", "tiene_elec": "SI", "tiene_agua": "SI", "tiene_alca": "NO", "observacio": "-INGRESO NUEVO X LOTEO SE DESM.Y CANCELO HASTA EL 2005 CON LA 3270201 INF.AMPARO Q. 09/19/06 Y.C.S.-ACTUALIZACION INF. AMPARO Q.07/15/09 MR INF.PARA CERT. REVIZADO X INSP.FERNANDO NAVARRETE,  MARZO 06-17 -SELLO ADJ.CON PROH,.DE ENAJ.(S/F)04/04/17 Y.C.S.-", "observac_1": null, "barrio": "OTRAS AREAS", "parroquia_": 3, "barrio_id": 0, "proceso": 1, "fecha_regi": null, "activo_cat": "SI", "desactivad": 0, "avaluo_rem": 0.0, "avaluo_r_1": 0.0, "clasificac": "GENERAL", "anio_deuda": 2026, "deuda": 9.23, "valor_ip": 0.0, "coactiva": null, "ficharegis": 47729, "etam": 0.0833333333, "diferencia": 0.5789762438, "porc_difer": 0.0040206684, "admisible": 1, "deuda_anio": 0.0, "2019_csv_C": null, "Clavepre": "3-23-55-13-000", "ORIG_FID": 60 }, "geometry": { "type": "Point", "coordinates": [ -80.727359305309818, -0.999890089739074 ] } },
{ "type": "Feature", "properties": { "id": 86832, "lote_id": 66319, "clavecatas": "3-23-55-14-000", "zona": "3", "sector": "23", "manzana": "55", "lote": "14", "ph": "000", "propietari": "VALLE PAREDES JENNY KATERINE", "documentop": "1315905420", "direccion": "URBIRRIOS II MZ-06 LOTE 14", "area_m2": 144.0, "frente_uti": 8.0, "frente_tot": 0.0, "avaluo_con": 9216.0, "avaluo_sue": 5760.0, "zonaurbano": "URBANA", "parroquia": "TARQUI", "esta_bloqu": "NO", "es_tercera": "NO", "tiene_elec": "SI", "tiene_agua": "SI", "tiene_alca": "NO", "observacio": "-INGRESO NUEVO X LOTEO SE DESM. Y CANCELO HASTA EL 2005 CON LA 3270201 INF.AMPARO Q. 09/19/06 Y.C.S.- ACTUALIZACION INF. AMPARO Q. JULIO 15/09 MRINF. PARA CERTIF. INGRES. POR AREA DE LEGALIZACION INSP. LUIS LOPEZ, ENERO 15-14 INF. PARA CERTIFICADO  REVIZ", "observac_1": null, "barrio": "OTRAS AREAS", "parroquia_": 3, "barrio_id": 0, "proceso": 1, "fecha_regi": null, "activo_cat": "SI", "desactivad": 0, "avaluo_rem": 0.0, "avaluo_r_1": 0.0, "clasificac": "GENERAL", "anio_deuda": 2025, "deuda": 37.45, "valor_ip": 0.0, "coactiva": null, "ficharegis": 47728, "etam": 0.0833333333, "diferencia": -8.2577603656999994, "porc_difer": -0.0573455581, "admisible": 1, "deuda_anio": 21.29, "2019_csv_C": null, "Clavepre": "3-23-55-14-000", "ORIG_FID": 61 }, "geometry": { "type": "Point", "coordinates": [ -80.727297991904422, -0.999931193820466 ] } },
{ "type": "Feature", "properties": { "id": 86833, "lote_id": 66320, "clavecatas": "3-23-55-15-000", "zona": "3", "sector": "23", "manzana": "55", "lote": "15", "ph": "000", "propietari": "MONTES ZAMORA JUAN CARLOS", "documentop": "1309313557", "direccion": "URBIRRIOS II MZ-6 LOTE 15", "area_m2": 180.0, "frente_uti": 28.0, "frente_tot": 0.0, "avaluo_con": 0.0, "avaluo_sue": 7200.0, "zonaurbano": "URBANA", "parroquia": "TARQUI", "esta_bloqu": "NO", "es_tercera": "NO", "tiene_elec": "SI", "tiene_agua": "SI", "tiene_alca": "NO", "observacio": "-INGRESO NUEVO X LOTEO SE DESM. Y CANCELO HASTA EL 2005 CON LA 3270201 INF.AMPARO Q. 09/19/06 Y.C.S.- ACTUALIZACION INF. AMPARO Q. JULIO 15/09 MR\r\nINF. PARA CERTIF. INGRES. POR AREA DE LEGALIZACION INSP. LUIS LOPEZ, ENERO 15-14 -SE ACTUALIZA INFORMACION", "observac_1": null, "barrio": "OTRAS AREAS", "parroquia_": 3, "barrio_id": 0, "proceso": 1, "fecha_regi": null, "activo_cat": "SI", "desactivad": 0, "avaluo_rem": 0.0, "avaluo_r_1": 0.0, "clasificac": "GENERAL", "anio_deuda": 2021, "deuda": 239.7, "valor_ip": 0.0, "coactiva": null, "ficharegis": 44932, "etam": 0.0745355992, "diferencia": 18.828419757799999, "porc_difer": 0.104602332, "admisible": 0, "deuda_anio": 216.76, "2019_csv_C": null, "Clavepre": "3-23-55-15-000", "ORIG_FID": 62 }, "geometry": { "type": "Point", "coordinates": [ -80.727232497550816, -0.999973877950948 ] } },
{ "type": "Feature", "properties": { "id": 86834, "lote_id": 66321, "clavecatas": "3-23-55-16-000", "zona": "3", "sector": "23", "manzana": "55", "lote": "16", "ph": "000", "propietari": "ZAMBRANO ZAMBRANO MANUEL EULOGIO", "documentop": "1309245668", "direccion": "URBIRRIOS II MZ-6 LOTE 16", "area_m2": 180.0, "frente_uti": 28.0, "frente_tot": 0.0, "avaluo_con": 0.0, "avaluo_sue": 7200.0, "zonaurbano": "URBANA", "parroquia": "TARQUI", "esta_bloqu": "NO", "es_tercera": "NO", "tiene_elec": "SI", "tiene_agua": "SI", "tiene_alca": "NO", "observacio": "-INGRESO NUEVO X LOTEO SE DESM. Y CANCELO HASTA EL 2005 CON LA 3270201 INF.AMPARO Q. 09/19/06 Y.C.S.-   C-3948-07 ACTUALIZACION INF. AMPARO Q. JULIO 15/09 MR INF. PARA CERTIF. INGRES.X AREA D LEGALIZACION INSP. LUIS LOPEZ 01-15-14 SELLO PROT.DE ADJ.DANIE", "observac_1": null, "barrio": "OTRAS AREAS", "parroquia_": 3, "barrio_id": 0, "proceso": 1, "fecha_regi": null, "activo_cat": "SI", "desactivad": 0, "avaluo_rem": 0.0, "avaluo_r_1": 0.0, "clasificac": "GENERAL", "anio_deuda": 2026, "deuda": 22.94, "valor_ip": 0.0, "coactiva": null, "ficharegis": 44498, "etam": 0.0745355992, "diferencia": 13.496521444100001, "porc_difer": 0.0749806747, "admisible": 0, "deuda_anio": 0.0, "2019_csv_C": null, "Clavepre": "3-23-55-16-000", "ORIG_FID": 63 }, "geometry": { "type": "Point", "coordinates": [ -80.727142584095077, -0.999838131131506 ] } },
{ "type": "Feature", "properties": { "id": 86835, "lote_id": 66322, "clavecatas": "3-23-55-17-000", "zona": "3", "sector": "23", "manzana": "55", "lote": "17", "ph": "000", "propietari": "CASTRO PIGUAVE JISSENIA ALEXANDRA", "documentop": "1310385305", "direccion": "URBIRRIOS II MZ-6 LOTE 17", "area_m2": 144.0, "frente_uti": 8.0, "frente_tot": 0.0, "avaluo_con": 13807.36, "avaluo_sue": 5760.0, "zonaurbano": "URBANA", "parroquia": "TARQUI", "esta_bloqu": "NO", "es_tercera": "NO", "tiene_elec": "SI", "tiene_agua": "SI", "tiene_alca": "NO", "observacio": "-INGRESO NUEVO X LOTEO SE DESM. Y CANCELO HASTA EL 2005 CON LA 3270201 INF.AMPARO Q. 09/19/06 Y.C.S.- C-566-09 ACTUALIZACION INF. AMPARO Q. JULIO 15/09 MR INF.PARA CERT.INGRES. POR AREA DE LEGALIZACION INSP.LUIS LOPEZ, ENERO 15-14 -SELLO PROT.DE ADJ.DANI", "observac_1": null, "barrio": "OTRAS AREAS", "parroquia_": 3, "barrio_id": 0, "proceso": 1, "fecha_regi": null, "activo_cat": "SI", "desactivad": 0, "avaluo_rem": 0.0, "avaluo_r_1": 0.0, "clasificac": "GENERAL", "anio_deuda": 0, "deuda": 0.0, "valor_ip": 0.0, "coactiva": null, "ficharegis": 44485, "etam": 0.0833333333, "diferencia": -7.9050255979, "porc_difer": -0.0548960111, "admisible": 1, "deuda_anio": 0.0, "2019_csv_C": null, "Clavepre": "3-23-55-17-000", "ORIG_FID": 64 }, "geometry": { "type": "Point", "coordinates": [ -80.727209310254551, -0.999794719835609 ] } },
{ "type": "Feature", "properties": { "id": 86837, "lote_id": 66324, "clavecatas": "3-23-55-19-000", "zona": "3", "sector": "23", "manzana": "55", "lote": "19", "ph": "000", "propietari": "DELGADO MONTECINO JOSE DELFIN", "documentop": "1304942814", "direccion": "URBIRRIOS II MZ-6 LOTE 19", "area_m2": 144.0, "frente_uti": 8.0, "frente_tot": 0.0, "avaluo_con": 0.0, "avaluo_sue": 5760.0, "zonaurbano": "URBANA", "parroquia": "TARQUI", "esta_bloqu": "NO", "es_tercera": "NO", "tiene_elec": "SI", "tiene_agua": "SI", "tiene_alca": "NO", "observacio": "-INGRESO NUEVO X LOTEO SE DESM. Y CANCELO HASTA EL 2005 CON LA 3270201 INF.AMPARO Q. 09/19/06 Y.C.S.-C-2486-09 ACTUALIZACION INF. AMPARO Q. JULIO 15/09 MR INF.PARA CERTIF. INGRES.X AREA D LEGALIZACION INSP. LUIS LOPEZ 01-15-14 -SELLO PROT.DE ADJ.DANIEL S", "observac_1": null, "barrio": "OTRAS AREAS", "parroquia_": 3, "barrio_id": 0, "proceso": 1, "fecha_regi": null, "activo_cat": "SI", "desactivad": 0, "avaluo_rem": 0.0, "avaluo_r_1": 0.0, "clasificac": "GENERAL", "anio_deuda": 2019, "deuda": 181.27, "valor_ip": 0.0, "coactiva": "AUTO", "ficharegis": 44479, "etam": 0.0833333333, "diferencia": -4.0950645068, "porc_difer": -0.028437948, "admisible": 1, "deuda_anio": 174.1, "2019_csv_C": null, "Clavepre": "3-23-55-19-000", "ORIG_FID": 65 }, "geometry": { "type": "Point", "coordinates": [ -80.727330690805942, -0.999713499360773 ] } },
{ "type": "Feature", "properties": { "id": 86838, "lote_id": 66325, "clavecatas": "3-23-55-20-000", "zona": "3", "sector": "23", "manzana": "55", "lote": "20", "ph": "000", "propietari": "VASQUEZ MENDOZA ORALIA AZUCENA", "documentop": "1307529634", "direccion": "URBIRRIOS II MZ-6 LOTE 20", "area_m2": 144.0, "frente_uti": 8.0, "frente_tot": 0.0, "avaluo_con": 0.0, "avaluo_sue": 5760.0, "zonaurbano": "URBANA", "parroquia": "TARQUI", "esta_bloqu": "NO", "es_tercera": "NO", "tiene_elec": "SI", "tiene_agua": "SI", "tiene_alca": "NO", "observacio": "-INGRESO NUEVO X LOTEO SE DESM. Y CANCELO HASTA EL 2005 CON LA 3270201 INF.AMPARO Q. 09/19/06 Y.C.S.- ACTUALIZACION INF. AMPARO Q. JULIO 15/09 MR INF.PARA CERTIF. INGRES. POR AREA DE LEGALIZACION INSP. LUIS LOPEZ, ENERO 15-14 -SELLO PROT.DE ADJ.DANIEL S.", "observac_1": null, "barrio": "OTRAS AREAS", "parroquia_": 3, "barrio_id": 0, "proceso": 1, "fecha_regi": null, "activo_cat": "SI", "desactivad": 0, "avaluo_rem": 0.0, "avaluo_r_1": 0.0, "clasificac": "GENERAL", "anio_deuda": 2015, "deuda": 335.68, "valor_ip": 0.0, "coactiva": null, "ficharegis": 44949, "etam": 0.0833333333, "diferencia": 2.0539388634, "porc_difer": 0.0142634643, "admisible": 1, "deuda_anio": 326.3, "2019_csv_C": null, "Clavepre": "3-23-55-20-000", "ORIG_FID": 66 }, "geometry": { "type": "Point", "coordinates": [ -80.727271067333149, -0.999754881896131 ] } },
{ "type": "Feature", "properties": { "id": 86839, "lote_id": 66326, "clavecatas": "3-23-55-21-000", "zona": "3", "sector": "23", "manzana": "55", "lote": "21", "ph": "000", "propietari": "SUASTI REYES SUSANA YADIRA", "documentop": "1309623625", "direccion": "URBIRRIOS II MZ-6 LOTE 21", "area_m2": 144.0, "frente_uti": 8.0, "frente_tot": 0.0, "avaluo_con": 0.0, "avaluo_sue": 5760.0, "zonaurbano": "URBANA", "parroquia": "TARQUI", "esta_bloqu": "NO", "es_tercera": "NO", "tiene_elec": "SI", "tiene_agua": "SI", "tiene_alca": "NO", "observacio": "-INGRESO NUEVO X LOTEO SE DESM. Y CANCELO HASTA EL 2005 CON LA 3270201 INF.AMPARO Q. 09/19/06 Y.C.S.- ACTUALIZACION INF. AMPARO Q. JULIO 15/09 MR INF. PARA CERTIF. INGRES. POR AREA DE LEGALIZACION INSP. LUIS LOPEZ, ENERO 15-14 -SELLO PROT.DE ADJ.DANIEL S", "observac_1": null, "barrio": "OTRAS AREAS", "parroquia_": 3, "barrio_id": 0, "proceso": 1, "fecha_regi": null, "activo_cat": "SI", "desactivad": 0, "avaluo_rem": 0.0, "avaluo_r_1": 0.0, "clasificac": "GENERAL", "anio_deuda": 2022, "deuda": 70.86, "valor_ip": 0.0, "coactiva": null, "ficharegis": 45225, "etam": 0.0833333333, "diferencia": -7.2955814257, "porc_difer": -0.0506637599, "admisible": 1, "deuda_anio": 61.48, "2019_csv_C": null, "Clavepre": "3-23-55-21-000", "ORIG_FID": 67 }, "geometry": { "type": "Point", "coordinates": [ -80.727452918854652, -0.999635035373928 ] } },
{ "type": "Feature", "properties": { "id": 86840, "lote_id": 66327, "clavecatas": "3-23-55-22-000", "zona": "3", "sector": "23", "manzana": "55", "lote": "22", "ph": "000", "propietari": "ANCHUNDIA FLORES CRUZ YANETH", "documentop": "1308340353", "direccion": "URBIRRIOS II MZ-6 LOTE 22", "area_m2": 144.0, "frente_uti": 8.0, "frente_tot": 0.0, "avaluo_con": 0.0, "avaluo_sue": 5760.0, "zonaurbano": "URBANA", "parroquia": "TARQUI", "esta_bloqu": "NO", "es_tercera": "NO", "tiene_elec": "SI", "tiene_agua": "SI", "tiene_alca": "NO", "observacio": "-INGRESO NUEVO X LOTEO SE DESM. Y CANCELO HASTA EL 2005 CON LA 3270201 INF.AMPARO Q. 09/19/06 Y.C.S.- ACTUALIZACION INF. AMPARO Q. JULIO 15/09 MR INF.PARA CERT.INGRES.X AREA D LEGALIZACION INSP.LUIS LOPEZ 01-15-14 -SELLO PROT.DE ADJ.DANIEL S.02/07/14 Y.C", "observac_1": null, "barrio": "OTRAS AREAS", "parroquia_": 3, "barrio_id": 0, "proceso": 1, "fecha_regi": null, "activo_cat": "SI", "desactivad": 0, "avaluo_rem": 0.0, "avaluo_r_1": 0.0, "clasificac": "GENERAL", "anio_deuda": 2022, "deuda": 70.86, "valor_ip": 0.0, "coactiva": null, "ficharegis": 44535, "etam": 0.0833333333, "diferencia": 8.0598746687999991, "porc_difer": 0.0559713519, "admisible": 1, "deuda_anio": 61.48, "2019_csv_C": null, "Clavepre": "3-23-55-22-000", "ORIG_FID": 68 }, "geometry": { "type": "Point", "coordinates": [ -80.727511532834541, -0.999593380527068 ] } },
{ "type": "Feature", "properties": { "id": 86841, "lote_id": 66328, "clavecatas": "3-23-55-23-000", "zona": "3", "sector": "23", "manzana": "55", "lote": "23", "ph": "000", "propietari": "LOPEZ MERO ZOILA BEATRIZ", "documentop": "1302755424", "direccion": "URBIRRIOS II MZ-6 LOTE 23", "area_m2": 144.0, "frente_uti": 8.0, "frente_tot": 0.0, "avaluo_con": 0.0, "avaluo_sue": 5760.0, "zonaurbano": "URBANA", "parroquia": "TARQUI", "esta_bloqu": "NO", "es_tercera": "SI", "tiene_elec": "SI", "tiene_agua": "SI", "tiene_alca": "NO", "observacio": "-INGRESO NUEVO X LOTEO SE DESM. Y CANCELO HASTA EL 2005 CON LA 3270201 INF.AMPARO Q. 09/19/06 Y.C.S.- C-3972-07 ACTUALIZACION INF.AMPARO Q. JULIO 15/09 MR INF.PARA CERT.INGRES. X AREA DE LEGALIZACION INSP.LUIS LOPEZ 01-15-14 -SELLO PROT.DE ADJ.DANIEL S.0", "observac_1": null, "barrio": "OTRAS AREAS", "parroquia_": 3, "barrio_id": 0, "proceso": 1, "fecha_regi": null, "activo_cat": "SI", "desactivad": 0, "avaluo_rem": 0.0, "avaluo_r_1": 0.0, "clasificac": "GENERAL", "anio_deuda": 0, "deuda": 0.0, "valor_ip": 0.0, "coactiva": null, "ficharegis": 44747, "etam": 0.0833333333, "diferencia": -3.2163633979, "porc_difer": -0.0223358569, "admisible": 1, "deuda_anio": 0.0, "2019_csv_C": null, "Clavepre": "3-23-55-23-000", "ORIG_FID": 69 }, "geometry": { "type": "Point", "coordinates": [ -80.727571665419646, -0.999556082685424 ] } },
{ "type": "Feature", "properties": { "id": 86842, "lote_id": 66329, "clavecatas": "3-23-55-24-000", "zona": "3", "sector": "23", "manzana": "55", "lote": "24", "ph": "000", "propietari": "CEDEÑO FALCONES JONNY NEXAR", "documentop": "1304376385", "direccion": "URBIRIOS II MZ-6  LOTE 24", "area_m2": 144.0, "frente_uti": 8.0, "frente_tot": 0.0, "avaluo_con": 0.0, "avaluo_sue": 5760.0, "zonaurbano": "URBANA", "parroquia": "TARQUI", "esta_bloqu": "NO", "es_tercera": "NO", "tiene_elec": "SI", "tiene_agua": "SI", "tiene_alca": "NO", "observacio": "-INGRESO NUEVO X LOTEO SE DESM. Y CANCELO HASTA EL 2005 CON LA 3270201 INF.AMPARO Q.09/19/06 Y.C.S.- ACTUALIZACION INF. AMPARO Q. JULIO 15/09 MR INF.PARA CERT.INGRES.X AREA D LEGALIZACION INSP.LUIS LOPEZ 01-15-14 -SELLO PROT.DE ADJ.ANGEL M.02/11/14 Y.C.S", "observac_1": null, "barrio": "OTRAS AREAS", "parroquia_": 3, "barrio_id": 0, "proceso": 1, "fecha_regi": null, "activo_cat": "SI", "desactivad": 0, "avaluo_rem": 0.0, "avaluo_r_1": 0.0, "clasificac": "GENERAL", "anio_deuda": 0, "deuda": 0.0, "valor_ip": 0.0, "coactiva": null, "ficharegis": 44646, "etam": 0.0833333333, "diferencia": -1.9940851912, "porc_difer": -0.0138478138, "admisible": 1, "deuda_anio": 0.0, "2019_csv_C": null, "Clavepre": "3-23-55-24-000", "ORIG_FID": 70 }, "geometry": { "type": "Point", "coordinates": [ -80.727632402379683, -0.999515312820877 ] } },
{ "type": "Feature", "properties": { "id": 86844, "lote_id": 66331, "clavecatas": "3-23-55-26-000", "zona": "3", "sector": "23", "manzana": "55", "lote": "26", "ph": "000", "propietari": "SOLORZANO VELEZ FLOR DEL ROCIO", "documentop": "1203438765", "direccion": "URBIRRIOS II MZ-6 LOTE 26", "area_m2": 144.0, "frente_uti": 8.0, "frente_tot": 0.0, "avaluo_con": 15040.0, "avaluo_sue": 5760.0, "zonaurbano": "URBANA", "parroquia": "MANTA", "esta_bloqu": "NO", "es_tercera": "NO", "tiene_elec": "SI", "tiene_agua": "SI", "tiene_alca": "NO", "observacio": "-INGRESO NUEVO X LOTEO SE DESM. Y CANCELO HASTA EL 2005 CON LA 3270201 INF.AMPARO Q. 09/19/06 Y.C.S.- C-4049-07 ACTUALIZACION INF. AMPARO Q. JULIO 15/09 MR\r\nINF. PARA CERTIF. INGRES. POR AREA DE LEGALIZACION INSP. LUIS LOPEZ, ENERO 15-14 8\tSE ACTUALIZA I", "observac_1": null, "barrio": "OTRAS AREAS", "parroquia_": 1, "barrio_id": 0, "proceso": 1, "fecha_regi": null, "activo_cat": "SI", "desactivad": 0, "avaluo_rem": 0.0, "avaluo_r_1": 0.0, "clasificac": "DEPURACION CATASTRO", "anio_deuda": 2021, "deuda": 193.02, "valor_ip": 0.0, "coactiva": null, "ficharegis": 73910, "etam": 0.0833333333, "diferencia": -3.5397456079, "porc_difer": -0.0245815667, "admisible": 1, "deuda_anio": 165.91, "2019_csv_C": null, "Clavepre": "3-23-55-26-000", "ORIG_FID": 71 }, "geometry": { "type": "Point", "coordinates": [ -80.727751314254633, -0.99943635711113 ] } },
{ "type": "Feature", "properties": { "id": 86845, "lote_id": 66332, "clavecatas": "3-23-55-27-000", "zona": "3", "sector": "23", "manzana": "55", "lote": "27", "ph": "000", "propietari": "FLORES MANTUANO ANA ROSA", "documentop": "1304658915", "direccion": "URBIRRIOS II MZ-6 LOTE 27", "area_m2": 144.0, "frente_uti": 8.0, "frente_tot": 0.0, "avaluo_con": 0.0, "avaluo_sue": 5760.0, "zonaurbano": "URBANA", "parroquia": "TARQUI", "esta_bloqu": "NO", "es_tercera": "NO", "tiene_elec": "SI", "tiene_agua": "SI", "tiene_alca": "NO", "observacio": "-INGRESO NUEVO X LOTEO SE DESM. Y CANCELO HASTA EL 2005 CON LA 3270201 INF.AMPARO Q. 09/19/06 Y.C.S.- ACTUALIZACION INF. AMPARO Q. JULIO 15/09 MR INF. PARA CERTIF. INGRES. POR AREA DE LEGALIZACION INSP. LUIS LOPEZ, ENERO 15-14 -SELLO PROT.DE ADJ.DANIEL S", "observac_1": null, "barrio": "OTRAS AREAS", "parroquia_": 3, "barrio_id": 0, "proceso": 1, "fecha_regi": null, "activo_cat": "SI", "desactivad": 0, "avaluo_rem": 0.0, "avaluo_r_1": 0.0, "clasificac": "GENERAL", "anio_deuda": 0, "deuda": 0.0, "valor_ip": 0.0, "coactiva": null, "ficharegis": 45381, "etam": 0.0833333333, "diferencia": -1.530178137, "porc_difer": -0.0106262371, "admisible": 1, "deuda_anio": 0.0, "2019_csv_C": null, "Clavepre": "3-23-55-27-000", "ORIG_FID": 72 }, "geometry": { "type": "Point", "coordinates": [ -80.727813005068853, -0.999397103062571 ] } },
{ "type": "Feature", "properties": { "id": 86846, "lote_id": 66333, "clavecatas": "3-23-55-28-000", "zona": "3", "sector": "23", "manzana": "55", "lote": "28", "ph": "000", "propietari": "ACOSTA MOLINA GUSTAVO ENRIQUE", "documentop": "1311660862", "direccion": "URBIRRIOS II MZ-6 LOTE 28", "area_m2": 144.0, "frente_uti": 8.0, "frente_tot": 0.0, "avaluo_con": 0.0, "avaluo_sue": 5760.0, "zonaurbano": "URBANA", "parroquia": "TARQUI", "esta_bloqu": "NO", "es_tercera": "NO", "tiene_elec": "SI", "tiene_agua": "SI", "tiene_alca": "NO", "observacio": "-INGRESO NUEVO X LOTEO SE DESM. Y CANCELO HASTA EL 2005 CON LA 3270201 INF.AMPARO Q. 09/19/06 Y.C.S.- C-4029-07 ACTUALIZACION INF. AMPARO Q. JULIO 15/09 MR INF.PARA CERT. INGRES. POR AREA DE LEGALIZACION INSP. LUIS LOPEZ 01-15-14 -SELLO PROT.DE ADJ.DANIE", "observac_1": null, "barrio": "OTRAS AREAS", "parroquia_": 3, "barrio_id": 0, "proceso": 1, "fecha_regi": null, "activo_cat": "SI", "desactivad": 0, "avaluo_rem": 0.0, "avaluo_r_1": 0.0, "clasificac": "GENERAL", "anio_deuda": 0, "deuda": 0.0, "valor_ip": 0.0, "coactiva": null, "ficharegis": 44814, "etam": 0.0833333333, "diferencia": -4.6344773691, "porc_difer": -0.0321838706, "admisible": 1, "deuda_anio": 0.0, "2019_csv_C": null, "Clavepre": "3-23-55-28-000", "ORIG_FID": 73 }, "geometry": { "type": "Point", "coordinates": [ -80.727874520322274, -0.999356910671436 ] } },
{ "type": "Feature", "properties": { "id": 86847, "lote_id": 66334, "clavecatas": "3-23-55-29-000", "zona": "3", "sector": "23", "manzana": "55", "lote": "29", "ph": "000", "propietari": "MORALES MONTOYA LUZ ALEGRIA", "documentop": "1303444127", "direccion": "URBIRRIOS II MZ-6 LOTE 29", "area_m2": 144.0, "frente_uti": 8.0, "frente_tot": 0.0, "avaluo_con": 0.0, "avaluo_sue": 5760.0, "zonaurbano": "URBANA", "parroquia": "TARQUI", "esta_bloqu": "NO", "es_tercera": "SI", "tiene_elec": "SI", "tiene_agua": "SI", "tiene_alca": "NO", "observacio": "INGRESO NUEVO X LOTEO SE DESM. Y CANCELO HASTA EL 2005 CON LA 3270201 INF.AMPARO Q. 09/19/06 Y.C.S.-C-3334-09 ACTUALIZACION INF.AMPARO Q.JULIO 15/09 MR INF.PARA CERT.INGRES.X AREA DE LEGALIZ.INSP.LUIS LOPEZ 01-15-14-SELLO PROT.DE ADJ.DANIEL S.03/07/14 Y.", "observac_1": null, "barrio": "OTRAS AREAS", "parroquia_": 3, "barrio_id": 0, "proceso": 1, "fecha_regi": null, "activo_cat": "SI", "desactivad": 0, "avaluo_rem": 0.0, "avaluo_r_1": 0.0, "clasificac": "GENERAL", "anio_deuda": 0, "deuda": 0.0, "valor_ip": 0.0, "coactiva": null, "ficharegis": 45169, "etam": 0.0833333333, "diferencia": 7.3010130206000001, "porc_difer": 0.0507014793, "admisible": 1, "deuda_anio": 0.0, "2019_csv_C": null, "Clavepre": "3-23-55-29-000", "ORIG_FID": 74 }, "geometry": { "type": "Point", "coordinates": [ -80.727932833699427, -0.999315691712957 ] } },
{ "type": "Feature", "properties": { "id": 86848, "lote_id": 66335, "clavecatas": "3-23-55-30-000", "zona": "3", "sector": "23", "manzana": "55", "lote": "30", "ph": "000", "propietari": "MANTUANO VEGA WILLIANS BERNABEL", "documentop": "1307088441", "direccion": "URBIRRIOS II MZ-06 LOTE 30", "area_m2": 180.0, "frente_uti": 28.0, "frente_tot": 0.0, "avaluo_con": 0.0, "avaluo_sue": 7200.0, "zonaurbano": "URBANA", "parroquia": "MANTA", "esta_bloqu": "NO", "es_tercera": "NO", "tiene_elec": "SI", "tiene_agua": "SI", "tiene_alca": "NO", "observacio": "-INGRESO NUEVO X LOTEO SE DESM. Y CANCELO HASTA EL 2005 CON LA 3270201 INF.AMPARO Q. 09/19/06 Y.C.S.- 2654-09 MDV.-SELLO PROTOC.DANIEL S.14/01/14 A.Q.\r\nINF. PARA CERTIF. INGRES. POR AREA DE LEGALIZACION INSP. LUIS LOPEZ, ENERO 15-14 \r\n\r\nING. PARA CERTIF.", "observac_1": null, "barrio": "OTRAS AREAS", "parroquia_": 1, "barrio_id": 0, "proceso": 1, "fecha_regi": null, "activo_cat": "SI", "desactivad": 0, "avaluo_rem": 0.0, "avaluo_r_1": 0.0, "clasificac": "DEPURACION CATASTRO", "anio_deuda": 2016, "deuda": 725.09, "valor_ip": 0.0, "coactiva": null, "ficharegis": 45499, "etam": 0.0745355992, "diferencia": -7.3187623534000004, "porc_difer": -0.0406597909, "admisible": 1, "deuda_anio": 700.86, "2019_csv_C": null, "Clavepre": "3-23-55-30-000", "ORIG_FID": 75 }, "geometry": { "type": "Point", "coordinates": [ -80.728001798737665, -0.999273072128259 ] } },
{ "type": "Feature", "properties": { "id": 86849, "lote_id": 66336, "clavecatas": "3-23-56-01-000", "zona": "3", "sector": "23", "manzana": "56", "lote": "01", "ph": "000", "propietari": "MURILLO CEVALLOS MARJORIE ELIZABETH", "documentop": "1309955282", "direccion": "URBIRRIOS II MZ-05 LOTE 1", "area_m2": 180.0, "frente_uti": 28.0, "frente_tot": 0.0, "avaluo_con": 0.0, "avaluo_sue": 7200.0, "zonaurbano": "URBANA", "parroquia": "TARQUI", "esta_bloqu": "NO", "es_tercera": "NO", "tiene_elec": "SI", "tiene_agua": "SI", "tiene_alca": "NO", "observacio": "-INGRESO NUEVO X LOTEO SE DESM. Y CANCELO HASTA EL 2005 CON LA 3270201 INF.AMPARO Q. 09/19/06 Y.C.S.- C-3932-07 ACTUALIZACION INF. AMPARO Q. JULIO 15/09 MR.-SELLO PROTOC.DANIEL S.14/01/14 A.Q.INF.PARA CERT.INGRES.X AREA D LEGALIZACION INSP. LUIS LOPEZ 01", "observac_1": null, "barrio": "OTRAS AREAS", "parroquia_": 3, "barrio_id": 0, "proceso": 1, "fecha_regi": null, "activo_cat": "SI", "desactivad": 0, "avaluo_rem": 0.0, "avaluo_r_1": 0.0, "clasificac": "GENERAL", "anio_deuda": 2023, "deuda": 134.0, "valor_ip": 0.0, "coactiva": null, "ficharegis": 44412, "etam": 0.0745355992, "diferencia": -6.8434063614999996, "porc_difer": -0.0380189242, "admisible": 1, "deuda_anio": 111.37, "2019_csv_C": null, "Clavepre": "3-23-56-01-000", "ORIG_FID": 76 }, "geometry": { "type": "Point", "coordinates": [ -80.727824490245069, -0.998994175949382 ] } },
{ "type": "Feature", "properties": { "id": 86850, "lote_id": 66337, "clavecatas": "3-23-56-02-000", "zona": "3", "sector": "23", "manzana": "56", "lote": "02", "ph": "000", "propietari": "VERA FERNANDEZ VICTOR CELEANO", "documentop": "1201638739", "direccion": "URBIRRIOS II MZ- 5 LOTE 2", "area_m2": 144.0, "frente_uti": 8.0, "frente_tot": 0.0, "avaluo_con": 0.0, "avaluo_sue": 5760.0, "zonaurbano": "URBANA", "parroquia": "TARQUI", "esta_bloqu": "NO", "es_tercera": "NO", "tiene_elec": "SI", "tiene_agua": "SI", "tiene_alca": "NO", "observacio": "-INGRESO NUEVO X LOTEO SE DESM. Y CANCELO HASTA EL 2005 CON LA 3270201 INF.AMPARO Q. 09/19/06 Y.C.S.-  C-3961-07 ACTUALIZACION INF.AMPARO Q.07/15/09 MR INF.PARA CERT.INGRES.X AREA DE LEGALIZACION INSP.LUIS LOPEZ 01-22-14 -SELLO PROT.DE ADJ.DANIEL S. 03/1", "observac_1": null, "barrio": "OTRAS AREAS", "parroquia_": 3, "barrio_id": 0, "proceso": 1, "fecha_regi": null, "activo_cat": "SI", "desactivad": 0, "avaluo_rem": 0.0, "avaluo_r_1": 0.0, "clasificac": "GENERAL", "anio_deuda": 0, "deuda": 0.0, "valor_ip": 0.0, "coactiva": null, "ficharegis": 45369, "etam": 0.0833333333, "diferencia": -4.7e-09, "porc_difer": 0.0, "admisible": 1, "deuda_anio": 0.0, "2019_csv_C": null, "Clavepre": "3-23-56-02-000", "ORIG_FID": 77 }, "geometry": { "type": "Point", "coordinates": [ -80.727754787373527, -0.999038788967716 ] } },
{ "type": "Feature", "properties": { "id": 86851, "lote_id": 66338, "clavecatas": "3-23-56-03-000", "zona": "3", "sector": "23", "manzana": "56", "lote": "03", "ph": "000", "propietari": "REYES PICO MANUEL DE JESUS", "documentop": "1301142368", "direccion": "URBIRRIOS II MZ-05 LOTE 03", "area_m2": 144.0, "frente_uti": 8.0, "frente_tot": 0.0, "avaluo_con": 12800.0, "avaluo_sue": 5760.0, "zonaurbano": "URBANA", "parroquia": "TARQUI", "esta_bloqu": "NO", "es_tercera": "SI", "tiene_elec": "SI", "tiene_agua": "SI", "tiene_alca": "NO", "observacio": "-INGRESO NUEVO X LOTEO SE DESM. Y CANCELO HASTA EL 2005 CON LA 3270201 INF.AMPARO Q. 09/19/06 Y.C.S.- C-4050-07 ACTUALIZACION INF. AMPARO Q.07/15/09 MR INF. PARA CERT.INGRES.X AREA D LEGALIZACION INSP.LUIS LOPEZ 01-22-14 -SELLO PROT.DE ADJ.DANIEL S. 02/0", "observac_1": null, "barrio": "OTRAS AREAS", "parroquia_": 3, "barrio_id": 0, "proceso": 1, "fecha_regi": null, "activo_cat": "SI", "desactivad": 0, "avaluo_rem": 0.0, "avaluo_r_1": 0.0, "clasificac": "GENERAL", "anio_deuda": 2026, "deuda": 17.24, "valor_ip": 0.0, "coactiva": null, "ficharegis": 44483, "etam": 0.0833333333, "diferencia": -9.4e-09, "porc_difer": -1e-10, "admisible": 1, "deuda_anio": 0.0, "2019_csv_C": null, "Clavepre": "3-23-56-03-000", "ORIG_FID": 78 }, "geometry": { "type": "Point", "coordinates": [ -80.727694110850834, -0.999077624708386 ] } },
{ "type": "Feature", "properties": { "id": 86861, "lote_id": 66348, "clavecatas": "3-23-56-13-000", "zona": "3", "sector": "23", "manzana": "56", "lote": "13", "ph": "000", "propietari": "SALDARREAGA ZAMBRANO NANIS NIEVES", "documentop": "1306278464", "direccion": "URBIRRIOS II MZ-05 LOTE 13", "area_m2": 144.0, "frente_uti": 8.0, "frente_tot": 0.0, "avaluo_con": 0.0, "avaluo_sue": 5760.0, "zonaurbano": "URBANA", "parroquia": "TARQUI", "esta_bloqu": "NO", "es_tercera": "NO", "tiene_elec": "SI", "tiene_agua": "SI", "tiene_alca": "NO", "observacio": "-INGRESO NUEVO X LOTEO SE DESM. Y CANCELO HASTA EL 2005 CON LA 3270201 INF.AMPARO Q. 09/19/06 Y.C.S.- ACTUALIZACION INF. AMPARO Q. JULIO 15/09 MR INF.PARA CERTIF. INGRES. POR AREA DE LEGALIZACION INSP. LUIS LOPEZ 01-22-14 -SELLO PROT.DE ADJ.DANIEL S.02/2", "observac_1": null, "barrio": "OTRAS AREAS", "parroquia_": 3, "barrio_id": 0, "proceso": 1, "fecha_regi": null, "activo_cat": "SI", "desactivad": 0, "avaluo_rem": 0.0, "avaluo_r_1": 0.0, "clasificac": "GENERAL", "anio_deuda": 2026, "deuda": 8.29, "valor_ip": 0.0, "coactiva": null, "ficharegis": 44950, "etam": 0.0833333333, "diferencia": 0.8107121653, "porc_difer": 0.0056299456, "admisible": 1, "deuda_anio": 0.0, "2019_csv_C": null, "Clavepre": "3-23-56-13-000", "ORIG_FID": 79 }, "geometry": { "type": "Point", "coordinates": [ -80.727086371214853, -0.999464228911869 ] } },
{ "type": "Feature", "properties": { "id": 86852, "lote_id": 66339, "clavecatas": "3-23-56-04-000", "zona": "3", "sector": "23", "manzana": "56", "lote": "04", "ph": "000", "propietari": "GUALE VASQUEZ LUIS JAVIER", "documentop": "0923209498", "direccion": "URBIRRIOS II MZ-05 LOTE 4", "area_m2": 144.0, "frente_uti": 8.0, "frente_tot": 0.0, "avaluo_con": 0.0, "avaluo_sue": 5760.0, "zonaurbano": "URBANA", "parroquia": "TARQUI", "esta_bloqu": "NO", "es_tercera": "NO", "tiene_elec": "SI", "tiene_agua": "SI", "tiene_alca": "NO", "observacio": "-INGRESO NUEVO X LOTEO SE DESM. Y CANCELO HASTA EL 2005 CON LA 3270201 INF.AMPARO Q. 09/19/06 Y.C.S.- C-3968-07 C-4959-08 ACTUALIZACION INF. AMPARO Q. JULIO 15/09 MR INF. PARA CERTIF. INGRES. POR AREA DE LEGALIZACION INSP. LUIS LOPEZ, ENERO 22-14 ING. PA", "observac_1": null, "barrio": "OTRAS AREAS", "parroquia_": 3, "barrio_id": 0, "proceso": 1, "fecha_regi": null, "activo_cat": "SI", "desactivad": 0, "avaluo_rem": 0.0, "avaluo_r_1": 0.0, "clasificac": "GENERAL", "anio_deuda": 2023, "deuda": 47.44, "valor_ip": 0.0, "coactiva": null, "ficharegis": 51438, "etam": 0.0833333333, "diferencia": -2.34e-08, "porc_difer": -2.0000000000000001e-10, "admisible": 1, "deuda_anio": 39.15, "2019_csv_C": null, "Clavepre": "3-23-56-04-000", "ORIG_FID": 80 }, "geometry": { "type": "Point", "coordinates": [ -80.727633434326904, -0.999116460447525 ] } },
{ "type": "Feature", "properties": { "id": 86853, "lote_id": 66340, "clavecatas": "3-23-56-05-000", "zona": "3", "sector": "23", "manzana": "56", "lote": "05", "ph": "000", "propietari": "MANTUANO DELGADO MONICA BEATRIZ", "documentop": "1305088849", "direccion": "URBIRRIOS II MZ-05 LOTE 5", "area_m2": 144.0, "frente_uti": 8.0, "frente_tot": 0.0, "avaluo_con": 0.0, "avaluo_sue": 5760.0, "zonaurbano": "URBANA", "parroquia": "TARQUI", "esta_bloqu": "NO", "es_tercera": "NO", "tiene_elec": "SI", "tiene_agua": "SI", "tiene_alca": "NO", "observacio": "ING. NUEVO X LOTEO SE DESM. Y CANCELO HASTA EL 2005 CON LA 3270201 INF. A.Q. 09/19/06 Y.C.S.- C-3954-07 ACTU. INF. A.Q. 07/15/09 MR.- INF. PARA CERT. ING. X AREA D LEGAL. INSP. L. LOPEZ 01-22-14.- RENTAS FORM # 11269 FEB. 10717 INF. PARA CERTIFICADO  REV", "observac_1": null, "barrio": "OTRAS AREAS", "parroquia_": 3, "barrio_id": 0, "proceso": 1, "fecha_regi": null, "activo_cat": "SI", "desactivad": 0, "avaluo_rem": 0.0, "avaluo_r_1": 0.0, "clasificac": "GENERAL", "anio_deuda": 0, "deuda": 0.0, "valor_ip": 0.0, "coactiva": null, "ficharegis": 61321, "etam": 0.0833333333, "diferencia": -5.9916e-06, "porc_difer": -4.16e-08, "admisible": 1, "deuda_anio": 0.0, "2019_csv_C": null, "Clavepre": "3-23-56-05-000", "ORIG_FID": 81 }, "geometry": { "type": "Point", "coordinates": [ -80.727572757800658, -0.999155296186262 ] } },
{ "type": "Feature", "properties": { "id": 86863, "lote_id": 66350, "clavecatas": "3-23-56-15-000", "zona": "3", "sector": "23", "manzana": "56", "lote": "15", "ph": "000", "propietari": "MACIAS ALCIVAR NURY EDILMA", "documentop": "1308500139", "direccion": "URBIRRIOS II MZ-05 LOTE 15", "area_m2": 180.0, "frente_uti": 28.0, "frente_tot": 0.0, "avaluo_con": 0.0, "avaluo_sue": 7200.0, "zonaurbano": "URBANA", "parroquia": "TARQUI", "esta_bloqu": "NO", "es_tercera": "NO", "tiene_elec": "SI", "tiene_agua": "SI", "tiene_alca": "NO", "observacio": "-INGRESO NUEVO X LOTEO SE DESM. Y CANCELO HASTA EL 2005 CON LA 3270201 INF.AMPARO Q. 09/19/06 Y.C.S.-C-4091-07 ACTUALIZACION INF. AMPARO Q. JULIO 15/09 MR INF.PARA CERT.INGRES.X AREA D LEGALIZACION INSP.LUIS LOPEZ 01-22-14 -SELLO PROT.DE ADJ. DANIEL S.01", "observac_1": null, "barrio": "OTRAS AREAS", "parroquia_": 3, "barrio_id": 0, "proceso": 1, "fecha_regi": null, "activo_cat": "SI", "desactivad": 0, "avaluo_rem": 0.0, "avaluo_r_1": 0.0, "clasificac": "GENERAL", "anio_deuda": 0, "deuda": 0.0, "valor_ip": 0.0, "coactiva": null, "ficharegis": 44304, "etam": 0.0745355992, "diferencia": -9.4795508839, "porc_difer": -0.0526641716, "admisible": 1, "deuda_anio": 0.0, "2019_csv_C": null, "Clavepre": "3-23-56-15-000", "ORIG_FID": 82 }, "geometry": { "type": "Point", "coordinates": [ -80.72695532027312, -0.99954912005609 ] } },
{ "type": "Feature", "properties": { "id": 86854, "lote_id": 66341, "clavecatas": "3-23-56-06-000", "zona": "3", "sector": "23", "manzana": "56", "lote": "06", "ph": "000", "propietari": "MENDOZA SOTOMAYOR ESTHER VICTORIA", "documentop": "0701563074", "direccion": "URBIRRIOS II MZ-05 LOTE 6", "area_m2": 144.0, "frente_uti": 8.0, "frente_tot": 0.0, "avaluo_con": 7219.2, "avaluo_sue": 4665.6, "zonaurbano": "URBANA", "parroquia": "TARQUI", "esta_bloqu": "NO", "es_tercera": "NO", "tiene_elec": "SI", "tiene_agua": "SI", "tiene_alca": "NO", "observacio": "-INGRESO NUEVO X LOTEO SE DESM. Y CANCELO HASTA EL 2005 CON LA 3270201 INF.AMPARO Q. 09/19/06 Y.C.S.-C-145-09 ACTUALIZACION INF. AMPARO Q. JULIO 15/09 MR INF.PARA CERTIF. INGRES. POR AREA DE LEGALIZACION INSP. LUIS LOPEZ, ENERO 22-14 -SELLO PROT.DE ADJ.D", "observac_1": null, "barrio": "OTRAS AREAS", "parroquia_": 3, "barrio_id": 0, "proceso": 1, "fecha_regi": null, "activo_cat": "SI", "desactivad": 0, "avaluo_rem": 0.0, "avaluo_r_1": 0.0, "clasificac": "GENERAL", "anio_deuda": 0, "deuda": 0.0, "valor_ip": 0.0, "coactiva": null, "ficharegis": 45176, "etam": 0.0833333333, "diferencia": 5.9837e-06, "porc_difer": 4.16e-08, "admisible": 1, "deuda_anio": 0.0, "2019_csv_C": null, "Clavepre": "3-23-56-06-000", "ORIG_FID": 83 }, "geometry": { "type": "Point", "coordinates": [ -80.727512081273858, -0.999194131921717 ] } },
{ "type": "Feature", "properties": { "id": 86855, "lote_id": 66342, "clavecatas": "3-23-56-07-000", "zona": "3", "sector": "23", "manzana": "56", "lote": "07", "ph": "000", "propietari": "CEDEÑO LOPEZ TATIANA GREGORIA", "documentop": "1311445397", "direccion": "URBIRRIOS II MZ-05 LOTE 7", "area_m2": 144.0, "frente_uti": 8.0, "frente_tot": 0.0, "avaluo_con": 0.0, "avaluo_sue": 5760.0, "zonaurbano": "URBANA", "parroquia": "TARQUI", "esta_bloqu": "NO", "es_tercera": "NO", "tiene_elec": "SI", "tiene_agua": "SI", "tiene_alca": "NO", "observacio": "-INGRESO NUEVO X LOTEO SE DESM. Y CANCELO HASTA EL 2005 CON LA 3270201 INF.AMPARO Q. 09/19/06 Y.C.S.- ACTUALIZACION INF. AMPARO Q. JULIO 15/09 MR INF.PARA CERT. INGRES. POR AREA DE LEGALIZACION INSP. LUIS LOPEZ, ENERO 22-14 -SELLO PROT.DE ADJ.DANIEL S.02", "observac_1": null, "barrio": "OTRAS AREAS", "parroquia_": 3, "barrio_id": 0, "proceso": 1, "fecha_regi": null, "activo_cat": "SI", "desactivad": 0, "avaluo_rem": 0.0, "avaluo_r_1": 0.0, "clasificac": "GENERAL", "anio_deuda": 2025, "deuda": 20.17, "valor_ip": 0.0, "coactiva": null, "ficharegis": 44963, "etam": 0.0833333333, "diferencia": 0.0458631526, "porc_difer": 0.0003184941, "admisible": 1, "deuda_anio": 11.88, "2019_csv_C": null, "Clavepre": "3-23-56-07-000", "ORIG_FID": 84 }, "geometry": { "type": "Point", "coordinates": [ -80.727451414410226, -0.999232961471287 ] } },
{ "type": "Feature", "properties": { "id": 86856, "lote_id": 66343, "clavecatas": "3-23-56-08-000", "zona": "3", "sector": "23", "manzana": "56", "lote": "08", "ph": "000", "propietari": "PEREZ GUARANDA NURI MARLENE", "documentop": "1307818763", "direccion": "URBIRRIOS II MZ-05 LOTE 8", "area_m2": 144.0, "frente_uti": 8.0, "frente_tot": 0.0, "avaluo_con": 0.0, "avaluo_sue": 5760.0, "zonaurbano": "URBANA", "parroquia": "TARQUI", "esta_bloqu": "NO", "es_tercera": "NO", "tiene_elec": "SI", "tiene_agua": "SI", "tiene_alca": "NO", "observacio": "-INGRESO NUEVO X LOTEO SE DESM. Y CANCELO HASTA EL 2005 CON LA 3270201 INF.AMPARO Q. 09/19/06 Y.C.S.- MDV 2437-09 MDV.-INF. PARA CERTIF. INGRES.X AREA DE LEGALIZACION INSP. LUIS LOPEZ 01-22-14 -SELLO PROT.DE ADJ.DANIEL S.02/07/14 Y.C.S.-", "observac_1": null, "barrio": "OTRAS AREAS", "parroquia_": 3, "barrio_id": 0, "proceso": 1, "fecha_regi": null, "activo_cat": "SI", "desactivad": 0, "avaluo_rem": 0.0, "avaluo_r_1": 0.0, "clasificac": "GENERAL", "anio_deuda": 0, "deuda": 0.0, "valor_ip": 0.0, "coactiva": null, "ficharegis": 44514, "etam": 0.0833333333, "diferencia": -0.0458631821, "porc_difer": -0.0003184943, "admisible": 1, "deuda_anio": 0.0, "2019_csv_C": null, "Clavepre": "3-23-56-08-000", "ORIG_FID": 85 }, "geometry": { "type": "Point", "coordinates": [ -80.727390737881336, -0.99927179720432 ] } },
{ "type": "Feature", "properties": { "id": 86858, "lote_id": 66345, "clavecatas": "3-23-56-10-000", "zona": "3", "sector": "23", "manzana": "56", "lote": "10", "ph": "000", "propietari": "IGLESIA DE DIOS MISION MUNDIAL .", "documentop": "1791297407001", "direccion": "BARRIO URBIRRIOS II MZ. 05 LOTE 10", "area_m2": 144.0, "frente_uti": 8.0, "frente_tot": 0.0, "avaluo_con": 13915.58, "avaluo_sue": 5184.0, "zonaurbano": "URBANA", "parroquia": "TARQUI", "esta_bloqu": "NO", "es_tercera": "NO", "tiene_elec": "SI", "tiene_agua": "SI", "tiene_alca": "NO", "observacio": "INGR. NUEVO X LOTEO SE DESM. Y CANCELO HASTA EL 2005 CON LA 3270201 INF.AMPARO Q. 09/19/06 Y.C.S- C-6241-07 ACTU. INF. AMPARO Q. 07/15/09 MR.- INF. PARA CERT. X AREA D LEGAL. INSP. L. LOPEZ 01-22-14 \r\nCAMBIO DE NOMBRE CON ESCR. DE PROTOCOL. DE DCTOS. SOL", "observac_1": null, "barrio": "URBIRRIOS 2", "parroquia_": 3, "barrio_id": 1046, "proceso": 1, "fecha_regi": null, "activo_cat": "SI", "desactivad": 0, "avaluo_rem": 0.0, "avaluo_r_1": 0.0, "clasificac": "GENERAL", "anio_deuda": 2025, "deuda": 55.7, "valor_ip": 0.0, "coactiva": null, "ficharegis": 45535, "etam": 0.0833333333, "diferencia": 7.3269457907, "porc_difer": 0.050881568, "admisible": 1, "deuda_anio": 31.5, "2019_csv_C": null, "Clavepre": "3-23-56-10-000", "ORIG_FID": 86 }, "geometry": { "type": "Point", "coordinates": [ -80.727267133616891, -0.999346000236146 ] } },
{ "type": "Feature", "properties": { "id": 86859, "lote_id": 66346, "clavecatas": "3-23-56-11-000", "zona": "3", "sector": "23", "manzana": "56", "lote": "11", "ph": "000", "propietari": "DELGADO MENDOZA RAMONA EMPERATRIZ", "documentop": "1307782894", "direccion": "URBIRRIOS II MZ-05 LOTE 11", "area_m2": 144.0, "frente_uti": 8.0, "frente_tot": 0.0, "avaluo_con": 0.0, "avaluo_sue": 5760.0, "zonaurbano": "URBANA", "parroquia": "TARQUI", "esta_bloqu": "NO", "es_tercera": "NO", "tiene_elec": "SI", "tiene_agua": "SI", "tiene_alca": "NO", "observacio": "-INGRESO NUEVO X LOTEO SE DESM. Y CANCELO HASTA EL 2005 CON LA 3270201 INF.AMPARO Q. 09/19/06 Y.C.S.- C-3879-07 ACTUALIZACION INF. AMPARO Q. JULIO 15/09 MR INF. PARA CERTIF. INGRES. POR AREA DE LEGALIZACION INSP. LUIS LOPEZ, ENERO 22-14 -SELLO PROT.DE AD", "observac_1": null, "barrio": "OTRAS AREAS", "parroquia_": 3, "barrio_id": 0, "proceso": 1, "fecha_regi": null, "activo_cat": "SI", "desactivad": 0, "avaluo_rem": 0.0, "avaluo_r_1": 0.0, "clasificac": "GENERAL", "anio_deuda": 0, "deuda": 0.0, "valor_ip": 0.0, "coactiva": null, "ficharegis": 44457, "etam": 0.0833333333, "diferencia": 6.4295555653000003, "porc_difer": 0.0446496914, "admisible": 1, "deuda_anio": 0.0, "2019_csv_C": null, "Clavepre": "3-23-56-11-000", "ORIG_FID": 87 }, "geometry": { "type": "Point", "coordinates": [ -80.7272067278452, -0.999385264051643 ] } },
{ "type": "Feature", "properties": { "id": 86860, "lote_id": 66347, "clavecatas": "3-23-56-12-000", "zona": "3", "sector": "23", "manzana": "56", "lote": "12", "ph": "000", "propietari": "MACIAS CASTRO MERCEDES MARIELA", "documentop": "1311966137", "direccion": "URBIRRIOS II MZ-05 LOTE 12", "area_m2": 144.0, "frente_uti": 8.0, "frente_tot": 0.0, "avaluo_con": 11020.8, "avaluo_sue": 5760.0, "zonaurbano": "URBANA", "parroquia": "TARQUI", "esta_bloqu": "NO", "es_tercera": "NO", "tiene_elec": "SI", "tiene_agua": "SI", "tiene_alca": "SI", "observacio": "-INGRESO NUEVO X LOTEO SE DESM. Y CANCELO HASTA EL 2005 CON LA 3270201 INF.AMPARO Q. 09/19/06 Y.C.S.- C-3855-07 ACTUALIZACION INF. AMPARO Q. JULIO 15/09 MR ACTZ.INF.PARA CERTIFICADO VALERIA VERA,Y REVISADO X MIGUEL  CAJAPE,  11-19-12 CERT 8649-12 INF.PAR", "observac_1": null, "barrio": "OTRAS AREAS", "parroquia_": 3, "barrio_id": 0, "proceso": 1, "fecha_regi": null, "activo_cat": "SI", "desactivad": 0, "avaluo_rem": 0.0, "avaluo_r_1": 0.0, "clasificac": "GENERAL", "anio_deuda": 0, "deuda": 0.0, "valor_ip": 0.0, "coactiva": null, "ficharegis": 44425, "etam": 0.0833333333, "diferencia": 2.9902333126, "porc_difer": 0.0207655091, "admisible": 1, "deuda_anio": 0.0, "2019_csv_C": null, "Clavepre": "3-23-56-12-000", "ORIG_FID": 88 }, "geometry": { "type": "Point", "coordinates": [ -80.72714691268321, -0.999425866780921 ] } },
{ "type": "Feature", "properties": { "id": 86862, "lote_id": 66349, "clavecatas": "3-23-56-14-000", "zona": "3", "sector": "23", "manzana": "56", "lote": "14", "ph": "000", "propietari": "BRIONES CEVALLOS YULETZI NICOLE", "documentop": "1350815799", "direccion": "URBIRRIOS II MZ-5 LOTE 14", "area_m2": 144.0, "frente_uti": 8.0, "frente_tot": 0.0, "avaluo_con": 0.0, "avaluo_sue": 4924.8, "zonaurbano": "URBANA", "parroquia": "TARQUI", "esta_bloqu": "NO", "es_tercera": "NO", "tiene_elec": "SI", "tiene_agua": "SI", "tiene_alca": "NO", "observacio": "-INGRESO NUEVO X LOTEO SE DESM. Y CANCELO HASTA EL 2005 CON LA 3270201 INF.AMPARO Q.09/19/06 Y.C.S.- ACTUALIZACION INF.AMPARO Q. JULIO 15/09 MR INF.PARA CERT.INGRES.X AREA DE LEGALIZACION INSP.LUIS LOPEZ, 02-14-14 -SELLO PROT.DE ADJ.DANIEL S.03/11/14 Y.C", "observac_1": null, "barrio": "URBIRRIOS 2", "parroquia_": 3, "barrio_id": 1046, "proceso": 1, "fecha_regi": null, "activo_cat": "SI", "desactivad": 0, "avaluo_rem": 0.0, "avaluo_r_1": 0.0, "clasificac": "GENERAL", "anio_deuda": 0, "deuda": 0.0, "valor_ip": 0.0, "coactiva": null, "ficharegis": 45237, "etam": 0.0833333333, "diferencia": 1.4915256874, "porc_difer": 0.0103578173, "admisible": 1, "deuda_anio": 0.0, "2019_csv_C": null, "Clavepre": "3-23-56-14-000", "ORIG_FID": 89 }, "geometry": { "type": "Point", "coordinates": [ -80.727025024482657, -0.999501995729905 ] } },
{ "type": "Feature", "properties": { "id": 86864, "lote_id": 66351, "clavecatas": "3-23-56-16-000", "zona": "3", "sector": "23", "manzana": "56", "lote": "16", "ph": "000", "propietari": "ZAMBRANO BERMELLO BAIRON DARIO", "documentop": "1314349687", "direccion": "URBIRRIOS II MZ. 05 LOTE 16", "area_m2": 180.0, "frente_uti": 14.0, "frente_tot": 28.0, "avaluo_con": 0.0, "avaluo_sue": 7560.0, "zonaurbano": "URBANA", "parroquia": "TARQUI", "esta_bloqu": "NO", "es_tercera": "NO", "tiene_elec": "NO", "tiene_agua": "NO", "tiene_alca": "NO", "observacio": "ING. NUEVO X LOTEO SE DESM. Y CANCELO HASTA EL 2005 CON LA 3270201 INF.AMPARO Q. 09/19/06 Y.C.S- C-417-08- ACTU. INF. AMPARO Q. 07/15/09 MR.- INF. PARA CERT. ING. X AREA DE LEGALIZ. INSP. LUIS L. 01-22-14.- SELLO PROT. DE ADJ. LUIS L. 02/03/14 Y.C.S.- CE", "observac_1": null, "barrio": "OTRAS AREAS", "parroquia_": 3, "barrio_id": 0, "proceso": 1, "fecha_regi": null, "activo_cat": "SI", "desactivad": 0, "avaluo_rem": 0.0, "avaluo_r_1": 0.0, "clasificac": "GENERAL", "anio_deuda": 0, "deuda": 0.0, "valor_ip": 0.0, "coactiva": null, "ficharegis": 44353, "etam": 0.0745355992, "diferencia": -20.495300647499999, "porc_difer": -0.1138627814, "admisible": 0, "deuda_anio": 0.0, "2019_csv_C": null, "Clavepre": "3-23-56-16-000", "ORIG_FID": 90 }, "geometry": { "type": "Point", "coordinates": [ -80.726866830101059, -0.999408858324395 ] } },
{ "type": "Feature", "properties": { "id": 86866, "lote_id": 66353, "clavecatas": "3-23-56-18-000", "zona": "3", "sector": "23", "manzana": "56", "lote": "18", "ph": "000", "propietari": "VELEZ MONTESDEOCA FRANCISCA ESTHER", "documentop": "1307687747", "direccion": "URBIRRIOS II MZ-05 LOTE 18", "area_m2": 144.0, "frente_uti": 8.0, "frente_tot": 0.0, "avaluo_con": 0.0, "avaluo_sue": 5760.0, "zonaurbano": "URBANA", "parroquia": "TARQUI", "esta_bloqu": "NO", "es_tercera": "NO", "tiene_elec": "SI", "tiene_agua": "SI", "tiene_alca": "NO", "observacio": "-INGRESO NUEVO X LOTEO SE DESM. Y CANCELO HASTA EL 2005 CON LA 3270201 INF.AMPARO Q. 09/19/06 Y.C.S.- C-4035-07 ACTUALIZACION INF. AMPARO Q. JULIO 15/09 MR INF.PARA CERT.INGRES.X AREA DE LEGALIZACION INSP.LUIS LOPEZ, ENERO 22-14 -SELLO PROT.DE ADJ.DANIEL", "observac_1": null, "barrio": "OTRAS AREAS", "parroquia_": 3, "barrio_id": 0, "proceso": 1, "fecha_regi": null, "activo_cat": "SI", "desactivad": 0, "avaluo_rem": 0.0, "avaluo_r_1": 0.0, "clasificac": "GENERAL", "anio_deuda": 2026, "deuda": 8.29, "valor_ip": 0.0, "coactiva": null, "ficharegis": 0, "etam": 0.0833333333, "diferencia": -5.6487247572000001, "porc_difer": -0.0392272553, "admisible": 1, "deuda_anio": 0.0, "2019_csv_C": null, "Clavepre": "3-23-56-18-000", "ORIG_FID": 91 }, "geometry": { "type": "Point", "coordinates": [ -80.726997953921725, -0.999324118506006 ] } },
{ "type": "Feature", "properties": { "id": 86867, "lote_id": 66354, "clavecatas": "3-23-56-19-000", "zona": "3", "sector": "23", "manzana": "56", "lote": "19", "ph": "000", "propietari": "MACIAS GARCIA MARIA FERNANDA", "documentop": "1312380056", "direccion": "URBIRRIOS II MZ-05 LOTE 19", "area_m2": 144.0, "frente_uti": 8.0, "frente_tot": 0.0, "avaluo_con": 0.0, "avaluo_sue": 5760.0, "zonaurbano": "URBANA", "parroquia": "TARQUI", "esta_bloqu": "NO", "es_tercera": "NO", "tiene_elec": "SI", "tiene_agua": "SI", "tiene_alca": "NO", "observacio": "-INGRESO NUEVO X LOTEO SE DESM. Y CANCELO HASTA EL 2005 CON LA 3270201 INF.AMPARO Q. 09/19/06 Y.C.S.- ACTUALIZACION INF. AMPARO Q. JULIO 15/09 MR INF.PARA CERTIF. INGRES.X AREA D LEGALIZACION INSP. LUIS LOPEZ 01-22-14 -SELLO PROT.DE ADJ.DANIEL S. 02/05/1", "observac_1": null, "barrio": "OTRAS AREAS", "parroquia_": 3, "barrio_id": 0, "proceso": 1, "fecha_regi": null, "activo_cat": "SI", "desactivad": 0, "avaluo_rem": 0.0, "avaluo_r_1": 0.0, "clasificac": "GENERAL", "anio_deuda": 2019, "deuda": 161.63, "valor_ip": 0.0, "coactiva": null, "ficharegis": 44489, "etam": 0.0833333333, "diferencia": -7.4669500035, "porc_difer": -0.0518538195, "admisible": 1, "deuda_anio": 153.31, "2019_csv_C": null, "Clavepre": "3-23-56-19-000", "ORIG_FID": 92 }, "geometry": { "type": "Point", "coordinates": [ -80.727058962626685, -0.999286162316943 ] } },
{ "type": "Feature", "properties": { "id": 86868, "lote_id": 66355, "clavecatas": "3-23-56-20-000", "zona": "3", "sector": "23", "manzana": "56", "lote": "20", "ph": "000", "propietari": "SANCHEZ INTRIAGO EVELYN JOHANNA", "documentop": "1312041633", "direccion": "URBIRRIOS II MZ-05 LOTE 20", "area_m2": 144.0, "frente_uti": 8.0, "frente_tot": 0.0, "avaluo_con": 0.0, "avaluo_sue": 5760.0, "zonaurbano": "URBANA", "parroquia": "TARQUI", "esta_bloqu": "NO", "es_tercera": "NO", "tiene_elec": "SI", "tiene_agua": "SI", "tiene_alca": "NO", "observacio": "-INGRESO NUEVO X LOTEO SE DESM. Y CANCELO HASTA EL 2005 CON LA 3270201 INF.AMPARO Q. 09/19/06 Y.C.S.- C3589-09 ACTUALIZACION INF. AMPARO Q.07/15/09 MR INF. PARA CERT.INGRES.X AREA D LEGALIZACION INSP.LUIS LOPEZ 01-22-14 SELLO PROT.DE ADJ.DANIEL S. 02/05/", "observac_1": null, "barrio": "OTRAS AREAS", "parroquia_": 3, "barrio_id": 0, "proceso": 1, "fecha_regi": null, "activo_cat": "SI", "desactivad": 0, "avaluo_rem": 0.0, "avaluo_r_1": 0.0, "clasificac": "GENERAL", "anio_deuda": 2015, "deuda": 326.72, "valor_ip": 0.0, "coactiva": null, "ficharegis": 44499, "etam": 0.0833333333, "diferencia": -7.4668571031999997, "porc_difer": -0.0518531743, "admisible": 1, "deuda_anio": 318.43, "2019_csv_C": null, "Clavepre": "3-23-56-20-000", "ORIG_FID": 93 }, "geometry": { "type": "Point", "coordinates": [ -80.727119639152477, -0.999247326582333 ] } },
{ "type": "Feature", "properties": { "id": 86869, "lote_id": 66356, "clavecatas": "3-23-56-21-000", "zona": "3", "sector": "23", "manzana": "56", "lote": "21", "ph": "000", "propietari": "CHAVEZ RODRIGUEZ OLGA ANA", "documentop": "1307216810", "direccion": "URBIRRIOS II MZ-05 LOTE 21", "area_m2": 144.0, "frente_uti": 8.0, "frente_tot": 0.0, "avaluo_con": 0.0, "avaluo_sue": 5760.0, "zonaurbano": "URBANA", "parroquia": "MANTA", "esta_bloqu": "NO", "es_tercera": "NO", "tiene_elec": "SI", "tiene_agua": "SI", "tiene_alca": "NO", "observacio": "-INGRESO NUEVO X LOTEO SE DESM. Y CANCELO HASTA EL 2005 CON LA 3270201 INF.AMPARO Q. 09/19/06 Y.C.S.- C-3848-07 C-7112-08 ACTUALIZACION INF. AMPARO Q. JULIO 15/09 MR\r\n\r\nINF. PARA CERTIF. INGRES. POR AREA DE LEGALIZACION INSP. LUIS LOPEZ, ENERO 22-14 \r\n\r\n", "observac_1": null, "barrio": "OTRAS AREAS", "parroquia_": 1, "barrio_id": 0, "proceso": 1, "fecha_regi": null, "activo_cat": "SI", "desactivad": 0, "avaluo_rem": 0.0, "avaluo_r_1": 0.0, "clasificac": "DEPURACION CATASTRO", "anio_deuda": 0, "deuda": 0.0, "valor_ip": 0.0, "coactiva": null, "ficharegis": 45531, "etam": 0.0833333333, "diferencia": -7.4669035661000001, "porc_difer": -0.051853497, "admisible": 1, "deuda_anio": 0.0, "2019_csv_C": null, "Clavepre": "3-23-56-21-000", "ORIG_FID": 94 }, "geometry": { "type": "Point", "coordinates": [ -80.727180315676165, -0.999208490865504 ] } },
{ "type": "Feature", "properties": { "id": 86871, "lote_id": 66358, "clavecatas": "3-23-56-23-000", "zona": "3", "sector": "23", "manzana": "56", "lote": "23", "ph": "000", "propietari": "CEDEÑO FRANCO JANETH BEATRIZ", "documentop": "1309152823", "direccion": "URBIRRIOS II MZ-05 LOTE 23", "area_m2": 144.0, "frente_uti": 8.0, "frente_tot": 0.0, "avaluo_con": 5184.0, "avaluo_sue": 5760.0, "zonaurbano": "URBANA", "parroquia": "MANTA", "esta_bloqu": "NO", "es_tercera": "NO", "tiene_elec": "SI", "tiene_agua": "SI", "tiene_alca": "NO", "observacio": "-INGRESO NUEVO X LOTEO SE DESM. Y CANCELO HASTA EL 2005 CON LA 3270201 INF.AMPARO Q. 09/19/06 Y.C.S.- C-4100-07 ACTUALIZACION INF. AMPARO Q. JULIO 15/09 MR\r\n\r\nINF. PARA CERTIF. INGRES. POR AREA DE LEGALIZACION INSP. LUIS LOPEZ, ENERO 22-14 \r\n\r\nSELLO CAMB", "observac_1": null, "barrio": "OTRAS AREAS", "parroquia_": 1, "barrio_id": 0, "proceso": 1, "fecha_regi": null, "activo_cat": "SI", "desactivad": 0, "avaluo_rem": 0.0, "avaluo_r_1": 0.0, "clasificac": "DEPURACION CATASTRO", "anio_deuda": 2025, "deuda": 34.35, "valor_ip": 0.0, "coactiva": null, "ficharegis": 45605, "etam": 0.0833333333, "diferencia": -7.5151449810999997, "porc_difer": -0.0521885068, "admisible": 1, "deuda_anio": 19.82, "2019_csv_C": null, "Clavepre": "3-23-56-23-000", "ORIG_FID": 95 }, "geometry": { "type": "Point", "coordinates": [ -80.727301678395335, -0.999130813221885 ] } },
{ "type": "Feature", "properties": { "id": 86872, "lote_id": 66359, "clavecatas": "3-23-56-24-000", "zona": "3", "sector": "23", "manzana": "56", "lote": "24", "ph": "000", "propietari": "CEDEÑO CONFORME JANETH MIREYA", "documentop": "1310138001", "direccion": "URBIRRIOS II MZ-05 LOTE 24", "area_m2": 144.0, "frente_uti": 8.0, "frente_tot": 0.0, "avaluo_con": 0.0, "avaluo_sue": 5760.0, "zonaurbano": "URBANA", "parroquia": "TARQUI", "esta_bloqu": "NO", "es_tercera": "NO", "tiene_elec": "SI", "tiene_agua": "SI", "tiene_alca": "NO", "observacio": "-INGRESO NUEVO X LOTEO SE DESM. Y CANCELO HASTA EL 2005 CON LA 3270201 INF.AMPARO Q.09/19/06 Y.C.S.- ACTUALIZACION INF. AMPARO Q. JULIO 15/09 MR INF.PARA CERT. INGRES.X AREA D LEGALIZACION INSP. LUIS LOPEZ 01-22-14 -SELLO PROT.DE ADJ.DANIEL S.02/13/14 Y.", "observac_1": null, "barrio": "OTRAS AREAS", "parroquia_": 3, "barrio_id": 0, "proceso": 1, "fecha_regi": null, "activo_cat": "SI", "desactivad": 0, "avaluo_rem": 0.0, "avaluo_r_1": 0.0, "clasificac": "GENERAL", "anio_deuda": 0, "deuda": 0.0, "valor_ip": 0.0, "coactiva": null, "ficharegis": 44758, "etam": 0.0833333333, "diferencia": -7.4186621222999998, "porc_difer": -0.051518487, "admisible": 1, "deuda_anio": 0.0, "2019_csv_C": null, "Clavepre": "3-23-56-24-000", "ORIG_FID": 96 }, "geometry": { "type": "Point", "coordinates": [ -80.72736235492188, -0.9990919774902 ] } },
{ "type": "Feature", "properties": { "id": 86873, "lote_id": 66360, "clavecatas": "3-23-56-25-000", "zona": "3", "sector": "23", "manzana": "56", "lote": "25", "ph": "000", "propietari": "VELEZ CEDEÑO NATIVIDAD UBALDINA", "documentop": "1309154068", "direccion": "URBIRRIOS II MZ-05 LOTE 25", "area_m2": 144.0, "frente_uti": 8.0, "frente_tot": 0.0, "avaluo_con": 5850.0, "avaluo_sue": 4924.8, "zonaurbano": "URBANA", "parroquia": "TARQUI", "esta_bloqu": "NO", "es_tercera": "NO", "tiene_elec": "SI", "tiene_agua": "SI", "tiene_alca": "NO", "observacio": "-INGRESO NUEVO X LOTEO SE DESM. Y CANCELO HASTA EL 2005 CON LA 3270201 INF.AMPARO Q. 09/19/06 Y.C.S.- ACTUALIZACION INF. AMPARO Q. JULIO 15/09 MR INF.PARA CERTIF. INGRES. POR AREA DE LEGALIZACION INSP. LUIS LOPEZ, FEBRERO 12-14 -SELLO PROT.DE ADJ.DANIEL", "observac_1": null, "barrio": "OTRAS AREAS", "parroquia_": 3, "barrio_id": 0, "proceso": 1, "fecha_regi": null, "activo_cat": "SI", "desactivad": 0, "avaluo_rem": 0.0, "avaluo_r_1": 0.0, "clasificac": "GENERAL", "anio_deuda": 2024, "deuda": 40.69, "valor_ip": 0.0, "coactiva": null, "ficharegis": 44966, "etam": 0.0833333333, "diferencia": -7.4669014004000003, "porc_difer": -0.0518534819, "admisible": 1, "deuda_anio": 29.82, "2019_csv_C": null, "Clavepre": "3-23-56-25-000", "ORIG_FID": 97 }, "geometry": { "type": "Point", "coordinates": [ -80.727423021783821, -0.999053147941203 ] } },
{ "type": "Feature", "properties": { "id": 86874, "lote_id": 66361, "clavecatas": "3-23-56-26-000", "zona": "3", "sector": "23", "manzana": "56", "lote": "26", "ph": "000", "propietari": "MOREIRA DAVILA JESSICA ROSSANA", "documentop": "0950090373", "direccion": "URBIRIOS II MZ-5 LOTE 26", "area_m2": 144.0, "frente_uti": 8.0, "frente_tot": 0.0, "avaluo_con": 0.0, "avaluo_sue": 5184.0, "zonaurbano": "URBANA", "parroquia": "TARQUI", "esta_bloqu": "NO", "es_tercera": "NO", "tiene_elec": "SI", "tiene_agua": "SI", "tiene_alca": "NO", "observacio": "-INGRESO NUEVO X LOTEO SE DESM. Y CANCELO HASTA EL 2005 CON LA 3270201 INF.AMPARO Q. 09/19/06 Y.C.S.- ACTUALIZACION INF. AMPARO Q. JULIO 15/09 MR. RESOL  DE ADJUDICACION NO 044-ALC-M-JOZC DE REFORMA A LA RESOL. NO 006-ALC-M-JEB-2013 A FAVOR DE XAVIER BOS", "observac_1": null, "barrio": "URBIRRIOS 2", "parroquia_": 3, "barrio_id": 1046, "proceso": 1, "fecha_regi": null, "activo_cat": "SI", "desactivad": 0, "avaluo_rem": 0.0, "avaluo_r_1": 0.0, "clasificac": "GENERAL", "anio_deuda": 2026, "deuda": 8.17, "valor_ip": 0.0, "coactiva": null, "ficharegis": 70044, "etam": 0.0833333333, "diferencia": -7.4669056774999998, "porc_difer": -0.0518535116, "admisible": 1, "deuda_anio": 0.0, "2019_csv_C": null, "Clavepre": "3-23-56-26-000", "ORIG_FID": 98 }, "geometry": { "type": "Point", "coordinates": [ -80.72748369830822, -0.999014312206995 ] } },
{ "type": "Feature", "properties": { "id": 86875, "lote_id": 66362, "clavecatas": "3-23-56-27-000", "zona": "3", "sector": "23", "manzana": "56", "lote": "27", "ph": "000", "propietari": "CASTRO TOALA REYNA VIRGINIA", "documentop": "1306034438", "direccion": "URBIRRIOS II MZ-05 LOTE 27", "area_m2": 144.0, "frente_uti": 8.0, "frente_tot": 0.0, "avaluo_con": 0.0, "avaluo_sue": 5760.0, "zonaurbano": "URBANA", "parroquia": "TARQUI", "esta_bloqu": "NO", "es_tercera": "NO", "tiene_elec": "SI", "tiene_agua": "SI", "tiene_alca": "NO", "observacio": "ING. NUEVO X LOTEO SE DESM. Y CANCELO HASTA EL 2005 CON LA 3270201 INF. A.Q. 09/19/06 Y.C.S.- C-381-09 ACTU. ING. A.Q. 07/15/09 MR.- ING. X AREA D LEGALZ. INSP. L. LOPEZ 01-22-14.- SELLO PROT. D ADJ. DANIEL S. 02/07/14 Y.C.S.- ING. X JULIANA CASTRO REV.X", "observac_1": null, "barrio": "OTRAS AREAS", "parroquia_": 3, "barrio_id": 0, "proceso": 1, "fecha_regi": null, "activo_cat": "SI", "desactivad": 0, "avaluo_rem": 0.0, "avaluo_r_1": 0.0, "clasificac": "GENERAL", "anio_deuda": 0, "deuda": 0.0, "valor_ip": 0.0, "coactiva": null, "ficharegis": 44520, "etam": 0.0833333333, "diferencia": -7.4669035337, "porc_difer": -0.0518534968, "admisible": 1, "deuda_anio": 0.0, "2019_csv_C": null, "Clavepre": "3-23-56-27-000", "ORIG_FID": 99 }, "geometry": { "type": "Point", "coordinates": [ -80.727544374831169, -0.998975476469959 ] } },
{ "type": "Feature", "properties": { "id": 86876, "lote_id": 66363, "clavecatas": "3-23-56-28-000", "zona": "3", "sector": "23", "manzana": "56", "lote": "28", "ph": "000", "propietari": "CASTRO MACIAS JACINTA DOLORES", "documentop": "1309032082", "direccion": "URBIRIOS II MZ-5 LOTE 28", "area_m2": 144.0, "frente_uti": 8.0, "frente_tot": 0.0, "avaluo_con": 0.0, "avaluo_sue": 5760.0, "zonaurbano": "URBANA", "parroquia": "TARQUI", "esta_bloqu": "NO", "es_tercera": "NO", "tiene_elec": "SI", "tiene_agua": "SI", "tiene_alca": "NO", "observacio": "ING. NUEVO X LOTEO SE DESM. Y CANCELO HASTA EL 2005 CON LA 3270201 INF. A.Q. 09/19/06 Y.C.S.- C-517-09 ACTUA. INF. A.Q. 07/15/09 MR.- SELLO PROT. D ADJ. DANIEL S. 02/07/14 Y.C.S.- ING. X LORENA LOOR REV. X ARQ. M. CAJAPE ELAB. X LCDA. DELI CHAVEZ CERT.25", "observac_1": null, "barrio": "OTRAS AREAS", "parroquia_": 3, "barrio_id": 0, "proceso": 1, "fecha_regi": null, "activo_cat": "SI", "desactivad": 0, "avaluo_rem": 0.0, "avaluo_r_1": 0.0, "clasificac": "GENERAL", "anio_deuda": 0, "deuda": 0.0, "valor_ip": 0.0, "coactiva": null, "ficharegis": 44547, "etam": 0.0833333333, "diferencia": -7.4669035477000003, "porc_difer": -0.0518534969, "admisible": 1, "deuda_anio": 0.0, "2019_csv_C": null, "Clavepre": "3-23-56-28-000", "ORIG_FID": 100 }, "geometry": { "type": "Point", "coordinates": [ -80.727605051352654, -0.998936640732016 ] } },
{ "type": "Feature", "properties": { "id": 86877, "lote_id": 66364, "clavecatas": "3-23-56-29-000", "zona": "3", "sector": "23", "manzana": "56", "lote": "29", "ph": "000", "propietari": "ECHEVERRIA MACIAS KLEBER RENAN", "documentop": "1306377225", "direccion": "URBIRRIOS II MZ-05 LOTE 29", "area_m2": 144.0, "frente_uti": 8.0, "frente_tot": 0.0, "avaluo_con": 0.0, "avaluo_sue": 5760.0, "zonaurbano": "URBANA", "parroquia": "TARQUI", "esta_bloqu": "NO", "es_tercera": "NO", "tiene_elec": "SI", "tiene_agua": "SI", "tiene_alca": "NO", "observacio": "-INGRESO NUEVO X LOTEO SE DESM. Y CANCELO HASTA EL 2005 CON LA 3270201 INF.AMPARO Q. 09/19/06 Y.C.S.- C-3989-07 ACTUALIZACION INF. AMPARO Q. JULIO 15/09 MR INF. PARA CERTIF. INGRES. POR AREA DE LEGALIZACION INSP. LUIS LOPEZ, 01-2-14 -SELLO PROT.DE ADJ.LU", "observac_1": null, "barrio": "OTRAS AREAS", "parroquia_": 3, "barrio_id": 0, "proceso": 1, "fecha_regi": null, "activo_cat": "SI", "desactivad": 0, "avaluo_rem": 0.0, "avaluo_r_1": 0.0, "clasificac": "GENERAL", "anio_deuda": 0, "deuda": 0.0, "valor_ip": 0.0, "coactiva": null, "ficharegis": 44356, "etam": 0.0833333333, "diferencia": -7.4669035321, "porc_difer": -0.0518534968, "admisible": 1, "deuda_anio": 0.0, "2019_csv_C": null, "Clavepre": "3-23-56-29-000", "ORIG_FID": 101 }, "geometry": { "type": "Point", "coordinates": [ -80.727665727872903, -0.998897804992526 ] } },
{ "type": "Feature", "properties": { "id": 86878, "lote_id": 66365, "clavecatas": "3-23-56-30-000", "zona": "3", "sector": "23", "manzana": "56", "lote": "30", "ph": "000", "propietari": "MOREIRA MOREIRA GABRIELA NATALY", "documentop": "1312732603", "direccion": "URBIRIOS II MZ-5 LOTE 30", "area_m2": 180.0, "frente_uti": 28.0, "frente_tot": 0.0, "avaluo_con": 0.0, "avaluo_sue": 6123.6, "zonaurbano": "URBANA", "parroquia": "TARQUI", "esta_bloqu": "NO", "es_tercera": "NO", "tiene_elec": "SI", "tiene_agua": "SI", "tiene_alca": "NO", "observacio": "-INGRESO NUEVO X LOTEO SE DESM. Y CANCELO HASTA EL 2005 CON LA 3270201 INF.AMPARO Q. 09/19/06 Y.C.S.- C-3172-08 ACTUALIZACION INF. AMPARO Q. JULIO 15/09 MR.-SELLO PROTOC.DANIEL S.14/01/14 A.Q.CERTIFICADO DE AVALÚO\r\nINF. ARQ. PATRICIO LEÓN 21/JULIO/2020", "observac_1": null, "barrio": "URBIRRIOS 2", "parroquia_": 3, "barrio_id": 1046, "proceso": 1, "fecha_regi": null, "activo_cat": "SI", "desactivad": 0, "avaluo_rem": 0.0, "avaluo_r_1": 0.0, "clasificac": "GENERAL", "anio_deuda": 0, "deuda": 0.0, "valor_ip": 0.0, "coactiva": null, "ficharegis": 73605, "etam": 0.0745355992, "diferencia": -16.531890304400001, "porc_difer": -0.091843835, "admisible": 0, "deuda_anio": 0.0, "2019_csv_C": null, "Clavepre": "3-23-56-30-000", "ORIG_FID": 102 }, "geometry": { "type": "Point", "coordinates": [ -80.727735430741646, -0.998853191975584 ] } },
{ "type": "Feature", "properties": { "id": 86880, "lote_id": 66367, "clavecatas": "3-23-57-02-000", "zona": "3", "sector": "23", "manzana": "57", "lote": "02", "ph": "000", "propietari": "CEDEÑO ROCA MEDARDO ENRIQUE", "documentop": "1309024378", "direccion": "URBIRRIOS II MZ-4 LOTE 2", "area_m2": 144.0, "frente_uti": 8.0, "frente_tot": 0.0, "avaluo_con": 0.0, "avaluo_sue": 5760.0, "zonaurbano": "URBANA", "parroquia": "MANTA", "esta_bloqu": "NO", "es_tercera": "NO", "tiene_elec": "SI", "tiene_agua": "SI", "tiene_alca": "NO", "observacio": "-INGRESO NUEVO X LOTEO SE DESM. Y CANCELO HASTA EL 2005 CON LA 3270201 INF.AMPARO Q. 09/20/06 Y.C.S.- ACTUALIZACION INF. AMPARO Q. JULIO 15/09 MR.-SELLO PROTOC.DANIEL S.14/01/14 A.Q.\r\n\r\nINF. PARA CERTIF. INGRES. POR AREA DE LEGALIZACION INSP. LUIS LOPEZ,", "observac_1": null, "barrio": "OTRAS AREAS", "parroquia_": 1, "barrio_id": 0, "proceso": 1, "fecha_regi": null, "activo_cat": "SI", "desactivad": 0, "avaluo_rem": 0.0, "avaluo_r_1": 0.0, "clasificac": "DEPURACION CATASTRO", "anio_deuda": 2008, "deuda": 467.39, "valor_ip": 0.0, "coactiva": null, "ficharegis": 45507, "etam": 0.0833333333, "diferencia": -7.9730856203, "porc_difer": -0.0553686501, "admisible": 1, "deuda_anio": 459.19, "2019_csv_C": null, "Clavepre": "3-23-57-02-000", "ORIG_FID": 103 }, "geometry": { "type": "Point", "coordinates": [ -80.727526019845072, -0.998687093450893 ] } },
{ "type": "Feature", "properties": { "id": 86881, "lote_id": 66368, "clavecatas": "3-23-57-03-000", "zona": "3", "sector": "23", "manzana": "57", "lote": "03", "ph": "000", "propietari": "CORONEL ZAMBRANO GRACIELA XIMENA", "documentop": "1310109713", "direccion": "URBIRRIOS II MZ-4 LOTE 03", "area_m2": 144.0, "frente_uti": 8.0, "frente_tot": 0.0, "avaluo_con": 0.0, "avaluo_sue": 5760.0, "zonaurbano": "URBANA", "parroquia": "TARQUI", "esta_bloqu": "NO", "es_tercera": "NO", "tiene_elec": "SI", "tiene_agua": "SI", "tiene_alca": "NO", "observacio": "-INGRESO NUEVO X LOTEO SE DESM. Y CANCELO HASTA EL 2005 CON LA 3270201 INF.AMPARO Q.09/20/06 Y.C.S.- ACTUALIZACION INF.AMPARO Q.07/15/09 MR INF.PARA CERTIF. INGRES.X AREA DE LEGALIZACION INSP. LUIS LOPEZ 01-17-14 -SELLO PROT.DE ADJ.DANIEL S. 02/18/14 Y.C", "observac_1": null, "barrio": "OTRAS AREAS", "parroquia_": 3, "barrio_id": 0, "proceso": 1, "fecha_regi": null, "activo_cat": "SI", "desactivad": 0, "avaluo_rem": 0.0, "avaluo_r_1": 0.0, "clasificac": "GENERAL", "anio_deuda": 2014, "deuda": 363.43, "valor_ip": 0.0, "coactiva": null, "ficharegis": 44889, "etam": 0.0833333333, "diferencia": -7.9730856274999997, "porc_difer": -0.0553686502, "admisible": 1, "deuda_anio": 355.23, "2019_csv_C": null, "Clavepre": "3-23-57-03-000", "ORIG_FID": 104 }, "geometry": { "type": "Point", "coordinates": [ -80.727465343328447, -0.998725929188419 ] } },
{ "type": "Feature", "properties": { "id": 86882, "lote_id": 66369, "clavecatas": "3-23-57-04-000", "zona": "3", "sector": "23", "manzana": "57", "lote": "04", "ph": "000", "propietari": "SALGADO ROCA ROSA INES", "documentop": "1306751627", "direccion": "URBIRIOS II MZ-4 LOTE 4", "area_m2": 144.0, "frente_uti": 8.0, "frente_tot": 0.0, "avaluo_con": 0.0, "avaluo_sue": 5760.0, "zonaurbano": "URBANA", "parroquia": "MANTA", "esta_bloqu": "NO", "es_tercera": "NO", "tiene_elec": "SI", "tiene_agua": "SI", "tiene_alca": "NO", "observacio": "-INGRESO NUEVO X LOTEO SE DESM. Y CANCELO HASTA EL 2005 CON LA 3270201 INF.AMPARO Q. 09/20/06 Y.C.S.- C-5630-08 ACTUALIZACION INF. AMPARO Q. JULIO 15/09 MR\r\n\r\nINF. PARA CERTIFICADO REVIZAD. POR LCDA, MARISOL ARTEAGA  JULIO 12 -2016 MR. RESOL ADMINIST. #", "observac_1": null, "barrio": "OTRAS AREAS", "parroquia_": 1, "barrio_id": 0, "proceso": 1, "fecha_regi": null, "activo_cat": "SI", "desactivad": 0, "avaluo_rem": 0.0, "avaluo_r_1": 0.0, "clasificac": "DEPURACION CATASTRO", "anio_deuda": 2022, "deuda": 61.53, "valor_ip": 0.0, "coactiva": null, "ficharegis": 56611, "etam": 0.0833333333, "diferencia": -7.9730856558000003, "porc_difer": -0.0553686504, "admisible": 1, "deuda_anio": 53.33, "2019_csv_C": null, "Clavepre": "3-23-57-04-000", "ORIG_FID": 105 }, "geometry": { "type": "Point", "coordinates": [ -80.727404666810543, -0.998764764924447 ] } },
{ "type": "Feature", "properties": { "id": 86883, "lote_id": 66370, "clavecatas": "3-23-57-05-000", "zona": "3", "sector": "23", "manzana": "57", "lote": "05", "ph": "000", "propietari": "BAILON VALENCIA ROSA MARIBEL", "documentop": "1350090716", "direccion": "URBIRIOS II MZ-4 LOTE 5", "area_m2": 144.0, "frente_uti": 8.0, "frente_tot": 0.0, "avaluo_con": 0.0, "avaluo_sue": 5184.0, "zonaurbano": "URBANA", "parroquia": "TARQUI", "esta_bloqu": "NO", "es_tercera": "NO", "tiene_elec": "SI", "tiene_agua": "SI", "tiene_alca": "NO", "observacio": "-INGRESO NUEVO X LOTEO SE DESM.Y CANCELO HASTA EL 2005 CON LA 3270201 INF.AMPARO Q.09/20/06 Y.C.S.-ACTUALIZACION INF.AMPARO Q.07/15/09 MR ING.PARA CERT.X LORENA LOOR REV.MIGUEL CAJAPE 06-15-15 MR -SELLO PROT.DE ADJ.GLORIA G.07/02/15 Y.C.S.-. SE ACTUALIZA", "observac_1": null, "barrio": "OTRAS AREAS", "parroquia_": 3, "barrio_id": 0, "proceso": 1, "fecha_regi": null, "activo_cat": "SI", "desactivad": 0, "avaluo_rem": 0.0, "avaluo_r_1": 0.0, "clasificac": "GENERAL", "anio_deuda": 2026, "deuda": 8.09, "valor_ip": 0.0, "coactiva": null, "ficharegis": 49894, "etam": 0.0833333333, "diferencia": -7.9730855962999998, "porc_difer": -0.05536865, "admisible": 1, "deuda_anio": 0.0, "2019_csv_C": null, "Clavepre": "3-23-57-05-000", "ORIG_FID": 106 }, "geometry": { "type": "Point", "coordinates": [ -80.72734399029143, -0.998803600658928 ] } },
{ "type": "Feature", "properties": { "id": 86884, "lote_id": 66371, "clavecatas": "3-23-57-06-000", "zona": "3", "sector": "23", "manzana": "57", "lote": "06", "ph": "000", "propietari": "LAJE MURILLO RAFAEL CRISTOBAL", "documentop": "1302369473", "direccion": "URBIRRIOS II MZ-4 LOTE 6", "area_m2": 144.0, "frente_uti": 8.0, "frente_tot": 0.0, "avaluo_con": 8280.0, "avaluo_sue": 4924.8, "zonaurbano": "URBANA", "parroquia": "TARQUI", "esta_bloqu": "NO", "es_tercera": "SI", "tiene_elec": "SI", "tiene_agua": "SI", "tiene_alca": "NO", "observacio": "-INGRESO NUEVO X LOTEO SE DESM. Y CANCELO HASTA EL 2005 CON LA 3270201 INF.AMPARO Q. 09/20/06 Y.C.S.- C-4126-07 ACTUALIZACION INF. AMPARO Q.07/15/09 MR INF.PARA CERT.INGRES.X AREA DE LEGALIZACION INSP.LUIS LOPEZ 01-17-14 SELLO PROT.DE ADJ.DANIEL S. 02/05", "observac_1": null, "barrio": "URBIRRIOS 2", "parroquia_": 3, "barrio_id": 1046, "proceso": 1, "fecha_regi": null, "activo_cat": "SI", "desactivad": 0, "avaluo_rem": 0.0, "avaluo_r_1": 0.0, "clasificac": "GENERAL", "anio_deuda": 0, "deuda": 0.0, "valor_ip": 0.0, "coactiva": null, "ficharegis": 44501, "etam": 0.0833333333, "diferencia": -7.9730856471999996, "porc_difer": -0.0553686503, "admisible": 1, "deuda_anio": 0.0, "2019_csv_C": null, "Clavepre": "3-23-57-06-000", "ORIG_FID": 107 }, "geometry": { "type": "Point", "coordinates": [ -80.727283313771068, -0.998842436391878 ] } },
{ "type": "Feature", "properties": { "id": 86885, "lote_id": 66372, "clavecatas": "3-23-57-07-000", "zona": "3", "sector": "23", "manzana": "57", "lote": "07", "ph": "000", "propietari": "GARCIA COBEÑA BEXI ESPERANZA", "documentop": "1308096708", "direccion": "BARRIO URBIRRIOS II MZ-04 LOTE 07", "area_m2": 144.0, "frente_uti": 8.0, "frente_tot": 0.0, "avaluo_con": 7065.6, "avaluo_sue": 5760.0, "zonaurbano": "URBANA", "parroquia": "TARQUI", "esta_bloqu": "NO", "es_tercera": "NO", "tiene_elec": "SI", "tiene_agua": "SI", "tiene_alca": "NO", "observacio": "-INGRESO NUEVO X LOTEO SE DESM.Y CANCELO HASTA EL 2005 CON LA 3270201 INF.AMPARO Q.09/20/06 YCS- C-3892-07 ACTUALIZACION INF.AMPARO Q.07/15/09 MR INF.PARA CERT.INGRES. X AREA D LEGALIZACION INSP.LUIS LOPEZ 01-17-14 INF.PARA CERT.INGRES.X AREA D LEGALIZAC", "observac_1": null, "barrio": "OTRAS AREAS", "parroquia_": 3, "barrio_id": 0, "proceso": 1, "fecha_regi": null, "activo_cat": "SI", "desactivad": 0, "avaluo_rem": 0.0, "avaluo_r_1": 0.0, "clasificac": "GENERAL", "anio_deuda": 2018, "deuda": 314.06, "valor_ip": 0.0, "coactiva": null, "ficharegis": 44559, "etam": 0.0833333333, "diferencia": -5.1550073275, "porc_difer": -0.035798662, "admisible": 1, "deuda_anio": 298.69, "2019_csv_C": null, "Clavepre": "3-23-57-07-000", "ORIG_FID": 108 }, "geometry": { "type": "Point", "coordinates": [ -80.727223650310975, -0.998882354814411 ] } },
{ "type": "Feature", "properties": { "id": 86887, "lote_id": 66374, "clavecatas": "3-23-57-09-000", "zona": "3", "sector": "23", "manzana": "57", "lote": "09", "ph": "000", "propietari": "MACIAS CUENCA JOSE GREGORIO", "documentop": "1308580412", "direccion": "URBIRRIOS II MZ-4 LOTE 9", "area_m2": 144.0, "frente_uti": 8.0, "frente_tot": 0.0, "avaluo_con": 0.0, "avaluo_sue": 5760.0, "zonaurbano": "URBANA", "parroquia": "TARQUI", "esta_bloqu": "NO", "es_tercera": "NO", "tiene_elec": "SI", "tiene_agua": "SI", "tiene_alca": "NO", "observacio": "-INGRESO NUEVO X LOTEO SE DESM. Y CANCELO HASTA EL 2005 CON LA 3270201 INF.AMPARO Q. 09/20/06 Y.C.S.- C-3982-07 ACTUALIZACION INF. AMPARO Q. JULIO 15/09 MR INF. PARA CERTIF. INGRES. POR AREA DE LEGALIZACION INSP. LUIS LOPEZ 01-17-14 -SELLO PROT.DE ADJ.DA", "observac_1": null, "barrio": "OTRAS AREAS", "parroquia_": 3, "barrio_id": 0, "proceso": 1, "fecha_regi": null, "activo_cat": "SI", "desactivad": 0, "avaluo_rem": 0.0, "avaluo_r_1": 0.0, "clasificac": "GENERAL", "anio_deuda": 2014, "deuda": 363.85, "valor_ip": 0.0, "coactiva": null, "ficharegis": 44906, "etam": 0.0833333333, "diferencia": -1.2158958163, "porc_difer": -0.0084437209, "admisible": 1, "deuda_anio": 355.65, "2019_csv_C": null, "Clavepre": "3-23-57-09-000", "ORIG_FID": 109 }, "geometry": { "type": "Point", "coordinates": [ -80.727103991089393, -0.998962261954993 ] } },
{ "type": "Feature", "properties": { "id": 86888, "lote_id": 66375, "clavecatas": "3-23-57-10-000", "zona": "3", "sector": "23", "manzana": "57", "lote": "10", "ph": "000", "propietari": "ESPINOZA BASURTO MARIS EUDALIS", "documentop": "1307864247", "direccion": "URBIRRIOS II MZ-4 LOTE 10", "area_m2": 144.0, "frente_uti": 8.0, "frente_tot": 0.0, "avaluo_con": 0.0, "avaluo_sue": 5760.0, "zonaurbano": "URBANA", "parroquia": "TARQUI", "esta_bloqu": "NO", "es_tercera": "NO", "tiene_elec": "SI", "tiene_agua": "SI", "tiene_alca": "NO", "observacio": "-INGRESO NUEVO X LOTEO SE DESM. Y CANCELO HASTA EL 2005 CON LA 3270201 INF.AMPARO Q.09/20/06 Y.C.S.- ACTUALIZACION INF. AMPARO Q. JULIO 15/09 MR INF.PARA CERT.INGRES.X AREA DE LEGALIZACION INSP.LUIS LOPEZ, ENERO 17-14 -SELLO PROT.DE ADJ.DANIEL S.02/20/14", "observac_1": null, "barrio": "OTRAS AREAS", "parroquia_": 3, "barrio_id": 0, "proceso": 1, "fecha_regi": null, "activo_cat": "SI", "desactivad": 0, "avaluo_rem": 0.0, "avaluo_r_1": 0.0, "clasificac": "GENERAL", "anio_deuda": 0, "deuda": 0.0, "valor_ip": 0.0, "coactiva": null, "ficharegis": 44933, "etam": 0.0833333333, "diferencia": 4.0859643744999996, "porc_difer": 0.0283747526, "admisible": 1, "deuda_anio": 0.0, "2019_csv_C": null, "Clavepre": "3-23-57-10-000", "ORIG_FID": 110 }, "geometry": { "type": "Point", "coordinates": [ -80.727044444995414, -0.999002873278791 ] } },
{ "type": "Feature", "properties": { "id": 86889, "lote_id": 66376, "clavecatas": "3-23-57-11-000", "zona": "3", "sector": "23", "manzana": "57", "lote": "11", "ph": "000", "propietari": "CARREÑO CARREÑO MARIA NINFA", "documentop": "0908275191", "direccion": "URBIRRIOS II MZ-04 LOTE 11", "area_m2": 144.0, "frente_uti": 8.0, "frente_tot": 0.0, "avaluo_con": 0.0, "avaluo_sue": 5760.0, "zonaurbano": "URBANA", "parroquia": "TARQUI", "esta_bloqu": "NO", "es_tercera": "SI", "tiene_elec": "SI", "tiene_agua": "SI", "tiene_alca": "NO", "observacio": "-INGRESO NUEVO X LOTEO SE DESM. Y CANCELO HASTA EL 2005 CON LA 3270201 INF.AMPARO Q. 09/20/06 Y.C.S.- ACTUALIZACION INF. AMPARO Q. JULIO 15/09 MR INF.PARA CERTIF. INGRES. POR AREA DE LEGALIZACION INSP. LUIS LOPEZ, ENERO 17-14 -SELLO PROT.DE ADJ.DANIEL S.", "observac_1": null, "barrio": "OTRAS AREAS", "parroquia_": 3, "barrio_id": 0, "proceso": 1, "fecha_regi": null, "activo_cat": "SI", "desactivad": 0, "avaluo_rem": 0.0, "avaluo_r_1": 0.0, "clasificac": "GENERAL", "anio_deuda": 2024, "deuda": 30.75, "valor_ip": 0.0, "coactiva": null, "ficharegis": 44940, "etam": 0.0833333333, "diferencia": 0.9546002295, "porc_difer": 0.0066291683, "admisible": 1, "deuda_anio": 24.49, "2019_csv_C": null, "Clavepre": "3-23-57-11-000", "ORIG_FID": 111 }, "geometry": { "type": "Point", "coordinates": [ -80.726983793171939, -0.999042438289696 ] } },
{ "type": "Feature", "properties": { "id": 86890, "lote_id": 66377, "clavecatas": "3-23-57-12-000", "zona": "3", "sector": "23", "manzana": "57", "lote": "12", "ph": "000", "propietari": "PLUA MARCILLO ANTONIA DIGNA", "documentop": "1303149577", "direccion": "URBIRIOS II MZ-4 LOTE 12", "area_m2": 144.0, "frente_uti": 8.0, "frente_tot": 0.0, "avaluo_con": 7144.0, "avaluo_sue": 5184.0, "zonaurbano": "URBANA", "parroquia": "TARQUI", "esta_bloqu": "NO", "es_tercera": "SI", "tiene_elec": "SI", "tiene_agua": "SI", "tiene_alca": "NO", "observacio": "ING.NUEVO X LOTEO SE DESM.Y CANCELO HASTA EL 2005 CON LA 3270201 INF.A.Q. 09/20/06 Y.C.S.-C-4081-09 INF.A.Q. 07/15/09 MR.-ING.X J.CASTRO REV.X M.CAJAPE ELAB.X DELI CHAVEZ CERT.25.484-09/30/14.-ING.X L.LOOR REV.X M.CAJAPE FEB.09-15 MR.-SELLO PROT.D ADJ.GL", "observac_1": null, "barrio": "OTRAS AREAS", "parroquia_": 3, "barrio_id": 0, "proceso": 1, "fecha_regi": null, "activo_cat": "SI", "desactivad": 0, "avaluo_rem": 0.0, "avaluo_r_1": 0.0, "clasificac": "GENERAL", "anio_deuda": 0, "deuda": 0.0, "valor_ip": 0.0, "coactiva": null, "ficharegis": 48055, "etam": 0.0833333333, "diferencia": 0.7935301928, "porc_difer": 0.0055106263, "admisible": 1, "deuda_anio": 0.0, "2019_csv_C": null, "Clavepre": "3-23-57-12-000", "ORIG_FID": 112 }, "geometry": { "type": "Point", "coordinates": [ -80.72692349150897, -0.999081928721842 ] } },
{ "type": "Feature", "properties": { "id": 86901, "lote_id": 66388, "clavecatas": "3-23-57-23-000", "zona": "3", "sector": "23", "manzana": "57", "lote": "23", "ph": "000", "propietari": "GARCIA PIHUAVE GARDENIA ELIZABETH", "documentop": "1310183429", "direccion": "URBIRRIOS II MZ-4 LOTE 23", "area_m2": 144.0, "frente_uti": 8.0, "frente_tot": 0.0, "avaluo_con": 0.0, "avaluo_sue": 5760.0, "zonaurbano": "URBANA", "parroquia": "TARQUI", "esta_bloqu": "NO", "es_tercera": "NO", "tiene_elec": "SI", "tiene_agua": "SI", "tiene_alca": "NO", "observacio": "-INGRESO NUEVO X LOTEO SE DESM. Y CANCELO HASTA EL 2005 CON LA 3270201 INF.AMPARO Q. 09/20/06 Y.C.S.- ACTUALIZACION INF. AMPARO Q. JULIO 15/09 MR INF.PARA CERTIF. INGRES. POR AREA DE LEGALIZACION INSP. LUIS LOPEZ, ENERO 17-14 -SELLO PROT.DE ADJ.DANIEL S.", "observac_1": null, "barrio": "OTRAS AREAS", "parroquia_": 3, "barrio_id": 0, "proceso": 1, "fecha_regi": null, "activo_cat": "SI", "desactivad": 0, "avaluo_rem": 0.0, "avaluo_r_1": 0.0, "clasificac": "GENERAL", "anio_deuda": 0, "deuda": 0.0, "valor_ip": 0.0, "coactiva": null, "ficharegis": 44888, "etam": 0.0833333333, "diferencia": -4.6296685043999997, "porc_difer": -0.0321504757, "admisible": 1, "deuda_anio": 0.0, "2019_csv_C": null, "Clavepre": "3-23-57-23-000", "ORIG_FID": 113 }, "geometry": { "type": "Point", "coordinates": [ -80.727074671390142, -0.99878124641319 ] } },
{ "type": "Feature", "properties": { "id": 86891, "lote_id": 66378, "clavecatas": "3-23-57-13-000", "zona": "3", "sector": "23", "manzana": "57", "lote": "13", "ph": "000", "propietari": "MOLINA FATIMA MONSERRATE", "documentop": "0701076747", "direccion": "URBIRRIOS II MZ-4 LOTE 13", "area_m2": 144.0, "frente_uti": 8.0, "frente_tot": 0.0, "avaluo_con": 0.0, "avaluo_sue": 5760.0, "zonaurbano": "URBANA", "parroquia": "TARQUI", "esta_bloqu": "NO", "es_tercera": "NO", "tiene_elec": "SI", "tiene_agua": "SI", "tiene_alca": "NO", "observacio": "-INGRESO NUEVO X LOTEO SE DESM.Y CANCELO HASTA EL 2005 CON LA 3270201 INF.AMPARO Q.09/20/06 Y.C.S.-C-4150-08 ACTUALIZACION INF.AMPARO Q. 07/15/09 MR INF.PARA CERT.INGRES.X AREA DE LEGALIZACION INSP.LUIS LOPEZ 01-20-14-SELLO PROT.DE ADJ.ANGEL M.02/13/14 Y", "observac_1": null, "barrio": "OTRAS AREAS", "parroquia_": 3, "barrio_id": 0, "proceso": 1, "fecha_regi": null, "activo_cat": "SI", "desactivad": 0, "avaluo_rem": 0.0, "avaluo_r_1": 0.0, "clasificac": "GENERAL", "anio_deuda": 2025, "deuda": 19.95, "valor_ip": 0.0, "coactiva": null, "ficharegis": 44801, "etam": 0.0833333333, "diferencia": -0.0642043719, "porc_difer": -0.0004458637, "admisible": 1, "deuda_anio": 11.75, "2019_csv_C": null, "Clavepre": "3-23-57-13-000", "ORIG_FID": 114 }, "geometry": { "type": "Point", "coordinates": [ -80.726863202206815, -0.999121232633508 ] } },
{ "type": "Feature", "properties": { "id": 86892, "lote_id": 66379, "clavecatas": "3-23-57-14-000", "zona": "3", "sector": "23", "manzana": "57", "lote": "14", "ph": "000", "propietari": "COELLO ROLDAN YARITA YANETH", "documentop": "1309299467", "direccion": "URBIRRIOS II MZ-4 LOTE 14", "area_m2": 144.0, "frente_uti": 8.0, "frente_tot": 0.0, "avaluo_con": 0.0, "avaluo_sue": 5760.0, "zonaurbano": "URBANA", "parroquia": "TARQUI", "esta_bloqu": "NO", "es_tercera": "NO", "tiene_elec": "SI", "tiene_agua": "SI", "tiene_alca": "NO", "observacio": "ING. NUEVO X LOTEO SE DESM. Y CANCELO HASTA EL 2005 CON LA 3270201 INF. A.Q. 09/20/06 Y.C.S.- C-4051-07 C-7323-08 ACTU. INF. A. QUIROZ 07/15/09 MR.- ING. X AREA D LEGAL. INSP. L. LOPEZ 01-17-14.- SELLO PROT. D ADJ. GLORIA G. 08/28/14 Y.C.S.- INF. PARA CE", "observac_1": null, "barrio": "OTRAS AREAS", "parroquia_": 3, "barrio_id": 0, "proceso": 1, "fecha_regi": null, "activo_cat": "SI", "desactivad": 0, "avaluo_rem": 0.0, "avaluo_r_1": 0.0, "clasificac": "GENERAL", "anio_deuda": 2026, "deuda": 8.2, "valor_ip": 0.0, "coactiva": null, "ficharegis": 47155, "etam": 0.0833333333, "diferencia": 3.2251971027000002, "porc_difer": 0.0223972021, "admisible": 1, "deuda_anio": 0.0, "2019_csv_C": null, "Clavepre": "3-23-57-14-000", "ORIG_FID": 115 }, "geometry": { "type": "Point", "coordinates": [ -80.726803591219621, -0.999161896317534 ] } },
{ "type": "Feature", "properties": { "id": 86893, "lote_id": 66380, "clavecatas": "3-23-57-15-000", "zona": "3", "sector": "23", "manzana": "57", "lote": "15", "ph": "000", "propietari": "CABRERA CARDENAS LAURA NATHALY", "documentop": "1313930255", "direccion": "URBIRRIOS II MZ-4 LOTE 15", "area_m2": 180.0, "frente_uti": 28.0, "frente_tot": 0.0, "avaluo_con": 0.0, "avaluo_sue": 7560.0, "zonaurbano": "URBANA", "parroquia": "TARQUI", "esta_bloqu": "NO", "es_tercera": "NO", "tiene_elec": "SI", "tiene_agua": "SI", "tiene_alca": "NO", "observacio": "-INGRESO NUEVO X LOTEO SE DESM. Y CANCELO HASTA EL 2005 CON LA 3270201 INF.AMPARO Q.09/20/06 Y.C.S.- ACTUALIZACION INF.AMPARO Q.07/15/09 MR INF.PARA CERT.INGRES.X AREA D LEGALIZACION INSP.LUIS LOPEZ, ENERO 17-14 -SELLO PROT.DE ADJ.DANIEL S.03/08/14 Y.C.S", "observac_1": null, "barrio": "OTRAS AREAS", "parroquia_": 3, "barrio_id": 0, "proceso": 1, "fecha_regi": null, "activo_cat": "SI", "desactivad": 0, "avaluo_rem": 0.0, "avaluo_r_1": 0.0, "clasificac": "GENERAL", "anio_deuda": 2024, "deuda": 88.89, "valor_ip": 0.0, "coactiva": null, "ficharegis": 45165, "etam": 0.0745355992, "diferencia": 0.3506028469, "porc_difer": 0.0019477936, "admisible": 1, "deuda_anio": 67.26, "2019_csv_C": null, "Clavepre": "3-23-57-15-000", "ORIG_FID": 116 }, "geometry": { "type": "Point", "coordinates": [ -80.726734446571498, -0.999204501420222 ] } },
{ "type": "Feature", "properties": { "id": 86895, "lote_id": 66382, "clavecatas": "3-23-57-17-000", "zona": "3", "sector": "23", "manzana": "57", "lote": "17", "ph": "000", "propietari": "COELLO ROLDAN YARITA YANETH", "documentop": "1309299467", "direccion": "BARRIO URBIRIOS II MZ-4 LOTE 17", "area_m2": 144.0, "frente_uti": 8.0, "frente_tot": 0.0, "avaluo_con": 0.0, "avaluo_sue": 4924.8, "zonaurbano": "URBANA", "parroquia": "TARQUI", "esta_bloqu": "NO", "es_tercera": "NO", "tiene_elec": "SI", "tiene_agua": "SI", "tiene_alca": "NO", "observacio": "-INGRESO NUEVO X LOTEO SE DESM. Y CANCELO HASTA EL 2005 CON LA 3270201 INF.AMPARO Q. 09/20/06 Y.C.S.- ACTUALIZACION INF. AMPARO Q. JULIO 15/09 MR-SE ACTUALIZA INF CON ESCRITURA DE ADJUDICACION INSCRITA EN EL REG. DE LA PROPIEDAD.24/09/2020 GGV-SE ACTUALI", "observac_1": null, "barrio": "URBIRRIOS 2", "parroquia_": 3, "barrio_id": 1046, "proceso": 1, "fecha_regi": null, "activo_cat": "SI", "desactivad": 0, "avaluo_rem": 0.0, "avaluo_r_1": 0.0, "clasificac": "GENERAL", "anio_deuda": 2026, "deuda": 8.09, "valor_ip": 0.0, "coactiva": null, "ficharegis": 73303, "etam": 0.0833333333, "diferencia": -2.3468647419000002, "porc_difer": -0.0162976718, "admisible": 1, "deuda_anio": 0.0, "2019_csv_C": null, "Clavepre": "3-23-57-17-000", "ORIG_FID": 117 }, "geometry": { "type": "Point", "coordinates": [ -80.726715953543803, -0.999021855253925 ] } },
{ "type": "Feature", "properties": { "id": 86897, "lote_id": 66384, "clavecatas": "3-23-57-19-000", "zona": "3", "sector": "23", "manzana": "57", "lote": "19", "ph": "000", "propietari": "ROSARIO DELGADO  NATHALI ELIZABETH", "documentop": "1312279993", "direccion": "BARRIO URBIRRIOS II MZ-04 LOTE 19", "area_m2": 144.0, "frente_uti": 8.0, "frente_tot": 0.0, "avaluo_con": 0.0, "avaluo_sue": 5184.0, "zonaurbano": "URBANA", "parroquia": "TARQUI", "esta_bloqu": "NO", "es_tercera": "NO", "tiene_elec": "SI", "tiene_agua": "SI", "tiene_alca": "NO", "observacio": "-INGRESO NUEVO X LOTEO SE DESM. Y CANCELO HASTA EL 2005 CON LA 3270201 INF.AMPARO Q. 09/20/06 Y.C.S.- ACTUALIZACION INF.AMPARO Q.07/15/09 MR INF.PARA CERT.INGRES.X AREA D LEGALIZACION INSP.LUIS LOPEZ 01-17-14 -SELLO PROT.DE ADJ.DANIEL S.02/13/14 Y.C.S.-\r", "observac_1": null, "barrio": "OTRAS AREAS", "parroquia_": 3, "barrio_id": 0, "proceso": 1, "fecha_regi": null, "activo_cat": "SI", "desactivad": 0, "avaluo_rem": 0.0, "avaluo_r_1": 0.0, "clasificac": "GENERAL", "anio_deuda": 2026, "deuda": 9.15, "valor_ip": 0.0, "coactiva": null, "ficharegis": 44815, "etam": 0.0833333333, "diferencia": -1.0416713411, "porc_difer": -0.0072338288, "admisible": 1, "deuda_anio": 0.0, "2019_csv_C": null, "Clavepre": "3-23-57-19-000", "ORIG_FID": 118 }, "geometry": { "type": "Point", "coordinates": [ -80.726835723185346, -0.998942645595092 ] } },
{ "type": "Feature", "properties": { "id": 86898, "lote_id": 66385, "clavecatas": "3-23-57-20-000", "zona": "3", "sector": "23", "manzana": "57", "lote": "20", "ph": "000", "propietari": "CASTRO CEDEÑO EVELYN CRISTINA", "documentop": "1312872839", "direccion": "URBIRRIOS II MZ-4 LOTE 20", "area_m2": 144.0, "frente_uti": 8.0, "frente_tot": 0.0, "avaluo_con": 0.0, "avaluo_sue": 5472.0, "zonaurbano": "URBANA", "parroquia": "TARQUI", "esta_bloqu": "NO", "es_tercera": "NO", "tiene_elec": "SI", "tiene_agua": "SI", "tiene_alca": "NO", "observacio": "INGR. NUEVO X LOTEO S DESM. Y CANCELO HASTA EL 2005 CON LA 3270201 INF. A. Q. 09/20/06 Y.C.S.- 2284-09 MDV- ING. X AREA D LEGALZ. INSP. L. LOPEZ 01/17/14- ING. X MAYRA ESPINALES REV. X ARQ. M. CAJAPE JUL.03-14 MR.- SELLO PROTOCLIZ. D DOCUM. GLORIA G. 8/0", "observac_1": null, "barrio": "OTRAS AREAS", "parroquia_": 3, "barrio_id": 0, "proceso": 1, "fecha_regi": null, "activo_cat": "SI", "desactivad": 0, "avaluo_rem": 0.0, "avaluo_r_1": 0.0, "clasificac": "GENERAL", "anio_deuda": 2023, "deuda": 52.92, "valor_ip": 0.0, "coactiva": null, "ficharegis": 46817, "etam": 0.0833333333, "diferencia": -6.0693350051000001, "porc_difer": -0.0421481598, "admisible": 1, "deuda_anio": 43.81, "2019_csv_C": null, "Clavepre": "3-23-57-20-000", "ORIG_FID": 119 }, "geometry": { "type": "Point", "coordinates": [ -80.72689628786712, -0.99890421490302 ] } },
{ "type": "Feature", "properties": { "id": 86899, "lote_id": 66386, "clavecatas": "3-23-57-21-000", "zona": "3", "sector": "23", "manzana": "57", "lote": "21", "ph": "000", "propietari": "LOPEZ MOROCHO MARIA JUDITH", "documentop": "1309375978", "direccion": "URBIRRIOS II MZ-4 LOTE 21", "area_m2": 144.0, "frente_uti": 8.0, "frente_tot": 0.0, "avaluo_con": 0.0, "avaluo_sue": 5760.0, "zonaurbano": "URBANA", "parroquia": "TARQUI", "esta_bloqu": "NO", "es_tercera": "NO", "tiene_elec": "SI", "tiene_agua": "SI", "tiene_alca": "NO", "observacio": "-INGRESO NUEVO X LOTEO SE DESM. Y CANCELO HASTA EL 2005 CON LA 3270201 INF.AMPARO Q. 09/20/06 Y.C.S.- C-3887-07 ACTUALIZACION INF. AMPARO Q. JULIO 15/09 MR INF.PARA CERT. INGRES.X AREA DE LEGALIZACION INSP. LUIS LOPEZ 01-29-14 -SELLO PROT.DE ADJ.DANIEL S", "observac_1": null, "barrio": "OTRAS AREAS", "parroquia_": 3, "barrio_id": 0, "proceso": 1, "fecha_regi": null, "activo_cat": "SI", "desactivad": 0, "avaluo_rem": 0.0, "avaluo_r_1": 0.0, "clasificac": "GENERAL", "anio_deuda": 2012, "deuda": 446.2, "valor_ip": 0.0, "coactiva": null, "ficharegis": 44826, "etam": 0.0833333333, "diferencia": -4.0885871308999997, "porc_difer": -0.0283929662, "admisible": 1, "deuda_anio": 438.0, "2019_csv_C": null, "Clavepre": "3-23-57-21-000", "ORIG_FID": 120 }, "geometry": { "type": "Point", "coordinates": [ -80.726956261281984, -0.998864331593104 ] } },
{ "type": "Feature", "properties": { "id": 86900, "lote_id": 66387, "clavecatas": "3-23-57-22-000", "zona": "3", "sector": "23", "manzana": "57", "lote": "22", "ph": "000", "propietari": "GARCIA COBEÑA YESENIA MARIANA", "documentop": "1310245236", "direccion": "URBIRRIOS II MZ-4 LOTE 22", "area_m2": 144.0, "frente_uti": 8.0, "frente_tot": 0.0, "avaluo_con": 0.0, "avaluo_sue": 5760.0, "zonaurbano": "URBANA", "parroquia": "TARQUI", "esta_bloqu": "NO", "es_tercera": "NO", "tiene_elec": "SI", "tiene_agua": "SI", "tiene_alca": "NO", "observacio": "-INGRESO NUEVO X LOTEO SE DESM. Y CANCELO HASTA EL 2005 CON LA 3270201 INF.AMPARO Q.09/20/06 Y.C.S.- C-3891-07 ACTUALIZACION INF.AMPARO Q.07/15/09 MR INF.PARA CERT.INGRES.X AREA DE LEGALIZACION INSP.LUIS LOPEZ 01-17-14 -SELLO PROT.DE ADJ.DANIEL S.02/07/1", "observac_1": null, "barrio": "OTRAS AREAS", "parroquia_": 3, "barrio_id": 0, "proceso": 1, "fecha_regi": null, "activo_cat": "SI", "desactivad": 0, "avaluo_rem": 0.0, "avaluo_r_1": 0.0, "clasificac": "GENERAL", "anio_deuda": 2014, "deuda": 363.85, "valor_ip": 0.0, "coactiva": null, "ficharegis": 44510, "etam": 0.0833333333, "diferencia": -7.3802218475999997, "porc_difer": -0.0512515406, "admisible": 1, "deuda_anio": 355.65, "2019_csv_C": null, "Clavepre": "3-23-57-22-000", "ORIG_FID": 121 }, "geometry": { "type": "Point", "coordinates": [ -80.727015543448132, -0.998822602452499 ] } },
{ "type": "Feature", "properties": { "id": 86902, "lote_id": 66389, "clavecatas": "3-23-57-24-000", "zona": "3", "sector": "23", "manzana": "57", "lote": "24", "ph": "000", "propietari": "GONZALEZ CAMPOS ALEX FERNANDO", "documentop": "1306620202", "direccion": "URBIRRIOS II MZ-4 LOTE 24", "area_m2": 144.0, "frente_uti": 8.0, "frente_tot": 0.0, "avaluo_con": 0.0, "avaluo_sue": 5760.0, "zonaurbano": "URBANA", "parroquia": "TARQUI", "esta_bloqu": "NO", "es_tercera": "NO", "tiene_elec": "SI", "tiene_agua": "SI", "tiene_alca": "NO", "observacio": "-INGRESO NUEVO X LOTEO SE DESM. Y CANCELO HASTA EL 2005 CON LA 3270201 INF.AMPARO Q. 09/20/06 Y.C.S.- C-3863-07 ACTUALIZACION INF.AMPARO Q.07/15/09 MR INF.PARA CERT.INGRES.X AREA DE LEGALIZACION INSP.LUIS LOPEZ, 01-17-14 -SELLO PROT.DE ADJ.DANIEL S. 03/1", "observac_1": null, "barrio": "OTRAS AREAS", "parroquia_": 3, "barrio_id": 0, "proceso": 1, "fecha_regi": null, "activo_cat": "SI", "desactivad": 0, "avaluo_rem": 0.0, "avaluo_r_1": 0.0, "clasificac": "GENERAL", "anio_deuda": 2017, "deuda": 215.26, "valor_ip": 0.0, "coactiva": null, "ficharegis": 45370, "etam": 0.0833333333, "diferencia": -2.1722215940999998, "porc_difer": -0.0150848722, "admisible": 1, "deuda_anio": 207.06, "2019_csv_C": null, "Clavepre": "3-23-57-24-000", "ORIG_FID": 122 }, "geometry": { "type": "Point", "coordinates": [ -80.727134041787764, -0.998741257199592 ] } },
{ "type": "Feature", "properties": { "id": 86903, "lote_id": 66390, "clavecatas": "3-23-57-25-000", "zona": "3", "sector": "23", "manzana": "57", "lote": "25", "ph": "000", "propietari": "PILLIGUA CHIQUITO ROCIO PILAR", "documentop": "1312178880", "direccion": "URBIRRIOS II MZ-04 LOTE 25", "area_m2": 144.0, "frente_uti": 8.0, "frente_tot": 0.0, "avaluo_con": 0.0, "avaluo_sue": 5760.0, "zonaurbano": "URBANA", "parroquia": "MANTA", "esta_bloqu": "NO", "es_tercera": "NO", "tiene_elec": "SI", "tiene_agua": "SI", "tiene_alca": "NO", "observacio": "INGR. NUEVO X LOTEO SE DESM. Y CANCELO HASTA EL 2005 CON LA 3270201 INF. AMPARO Q. 09/20/06 Y.C.S.- ACTUALIZACION INF. AMPARO Q. 07/15/09 MR.- INF. PARA CERTIF. INGRES. POR AREA DE LEGALIZACION INSPECT. LUIS LOPEZ, 03/ABRIL/14 CERTF. N. 20.973-ANULADO N.", "observac_1": null, "barrio": "OTRAS AREAS", "parroquia_": 1, "barrio_id": 0, "proceso": 1, "fecha_regi": null, "activo_cat": "SI", "desactivad": 0, "avaluo_rem": 0.0, "avaluo_r_1": 0.0, "clasificac": "DEPURACION CATASTRO", "anio_deuda": 2026, "deuda": 8.2, "valor_ip": 0.0, "coactiva": null, "ficharegis": 45697, "etam": 0.0833333333, "diferencia": -1.12e-08, "porc_difer": -1e-10, "admisible": 1, "deuda_anio": 0.0, "2019_csv_C": null, "Clavepre": "3-23-57-25-000", "ORIG_FID": 123 }, "geometry": { "type": "Point", "coordinates": [ -80.727194101723924, -0.998701210882589 ] } },
{ "type": "Feature", "properties": { "id": 86904, "lote_id": 66391, "clavecatas": "3-23-57-26-000", "zona": "3", "sector": "23", "manzana": "57", "lote": "26", "ph": "000", "propietari": "VELASQUEZ ALMEIDA WILSON RAFAEL", "documentop": "1305397216", "direccion": "URBIRRIOS II MZ-04 LOTE 26", "area_m2": 144.0, "frente_uti": 8.0, "frente_tot": 0.0, "avaluo_con": 0.0, "avaluo_sue": 4924.8, "zonaurbano": "URBANA", "parroquia": "TARQUI", "esta_bloqu": "NO", "es_tercera": "SI", "tiene_elec": "SI", "tiene_agua": "SI", "tiene_alca": "NO", "observacio": "-INGRESO NUEVO X LOTEO SE DESM. Y CANCELO HASTA EL 2005 CON LA 3270201 INF.AMPARO Q. 09/20/06 Y.C.S.- C-4031-07 ACTUALIZACION INF. AMPARO Q. JULIO 15/09 MR\r\n\r\nINF. PARA CERTIF. INGRES. POR AREA DE LEGALIZACION INSP. LUIS LOPEZ, ENERO 17-14 \r\n\r\nSELLO CAMB", "observac_1": null, "barrio": "URBIRRIOS 2", "parroquia_": 3, "barrio_id": 1046, "proceso": 1, "fecha_regi": null, "activo_cat": "SI", "desactivad": 0, "avaluo_rem": 0.0, "avaluo_r_1": 0.0, "clasificac": "GENERAL", "anio_deuda": 0, "deuda": 0.0, "valor_ip": 0.0, "coactiva": null, "ficharegis": 45646, "etam": 0.0833333333, "diferencia": 5.8e-08, "porc_difer": 4.0000000000000001e-10, "admisible": 1, "deuda_anio": 0.0, "2019_csv_C": null, "Clavepre": "3-23-57-26-000", "ORIG_FID": 124 }, "geometry": { "type": "Point", "coordinates": [ -80.727254778241843, -0.998662375150836 ] } },
{ "type": "Feature", "properties": { "id": 86906, "lote_id": 66393, "clavecatas": "3-23-57-28-000", "zona": "3", "sector": "23", "manzana": "57", "lote": "28", "ph": "000", "propietari": "SANCHEZ MOREIRA LAURA MARIA", "documentop": "1312313867", "direccion": "URBIRRIOS II MZ-4 LOTE 28", "area_m2": 144.0, "frente_uti": 8.0, "frente_tot": 0.0, "avaluo_con": 0.0, "avaluo_sue": 5760.0, "zonaurbano": "URBANA", "parroquia": "TARQUI", "esta_bloqu": "NO", "es_tercera": "NO", "tiene_elec": "SI", "tiene_agua": "SI", "tiene_alca": "NO", "observacio": "-INGRESO NUEVO X LOTEO SE DESM. Y CANCELO HASTA EL 2005 CON LA 3270201 INF.AMPARO Q. 09/20/06 Y.C.S.- C-424-09 ACTUALIZACION INF. AMPARO Q. JULIO 15/09 MRINF. PARA CERTIF. INGRES. POR AREA DE LEGALIZACION INSP. LUIS LOPEZ, 01-17-14 -SELLO PROT.DE ADJ.DAN", "observac_1": null, "barrio": "OTRAS AREAS", "parroquia_": 3, "barrio_id": 0, "proceso": 1, "fecha_regi": null, "activo_cat": "SI", "desactivad": 0, "avaluo_rem": 0.0, "avaluo_r_1": 0.0, "clasificac": "GENERAL", "anio_deuda": 2025, "deuda": 19.95, "valor_ip": 0.0, "coactiva": null, "ficharegis": 44899, "etam": 0.0833333333, "diferencia": -5.6e-09, "porc_difer": 0.0, "admisible": 1, "deuda_anio": 11.75, "2019_csv_C": null, "Clavepre": "3-23-57-28-000", "ORIG_FID": 125 }, "geometry": { "type": "Point", "coordinates": [ -80.727376131273942, -0.998584703682721 ] } },
{ "type": "Feature", "properties": { "id": 86907, "lote_id": 66394, "clavecatas": "3-23-57-29-000", "zona": "3", "sector": "23", "manzana": "57", "lote": "29", "ph": "000", "propietari": "MARIN ALONZO MARIANA MARIA", "documentop": "1305360446", "direccion": "URBIRRIOS II MZ-4 LOTE 29", "area_m2": 144.0, "frente_uti": 8.0, "frente_tot": 0.0, "avaluo_con": 0.0, "avaluo_sue": 5760.0, "zonaurbano": "URBANA", "parroquia": "TARQUI", "esta_bloqu": "NO", "es_tercera": "NO", "tiene_elec": "SI", "tiene_agua": "SI", "tiene_alca": "NO", "observacio": "-INGRESO NUEVO X LOTEO SE DESM. Y CANCELO HASTA EL 2005 CON LA 3270201 INF.AMPARO Q. 09/20/06 Y.C.S.- ACTUALIZACION INF. AMPARO Q. JULIO 15/09 MR INF.PARA CERTIF. INGRES. POR AREA DE LEGALIZACION INSP. LUIS LOPEZ, ENERO 17-14 -SELLO PROT.DE ADJ.DANIEL S.", "observac_1": null, "barrio": "OTRAS AREAS", "parroquia_": 3, "barrio_id": 0, "proceso": 1, "fecha_regi": null, "activo_cat": "SI", "desactivad": 0, "avaluo_rem": 0.0, "avaluo_r_1": 0.0, "clasificac": "GENERAL", "anio_deuda": 0, "deuda": 0.0, "valor_ip": 0.0, "coactiva": null, "ficharegis": 45084, "etam": 0.0833333333, "diferencia": 2.05e-08, "porc_difer": 1e-10, "admisible": 1, "deuda_anio": 0.0, "2019_csv_C": null, "Clavepre": "3-23-57-29-000", "ORIG_FID": 126 }, "geometry": { "type": "Point", "coordinates": [ -80.727436807788138, -0.998545867946377 ] } },
{ "type": "Feature", "properties": { "id": 86908, "lote_id": 66395, "clavecatas": "3-23-57-30-000", "zona": "3", "sector": "23", "manzana": "57", "lote": "30", "ph": "000", "propietari": "VELEZ SALTOS DIONES CLOMIDES", "documentop": "1303686701", "direccion": "URBIRIOS II MZ-04 LOTE 30", "area_m2": 180.0, "frente_uti": 28.0, "frente_tot": 0.0, "avaluo_con": 0.0, "avaluo_sue": 7200.0, "zonaurbano": "URBANA", "parroquia": "TARQUI", "esta_bloqu": "NO", "es_tercera": "NO", "tiene_elec": "SI", "tiene_agua": "SI", "tiene_alca": "NO", "observacio": "ING. NUEVO X LOTEO SE DESM. Y CANCELO HASTA EL 2005 CON LA 3270201 INF. A.Q. 09/20/06 Y.C.S.- C-3893-07 SE CORRIGE AREA CON INF. D AMPARO 08-14-07 MAR.- ACTU. INF. A.Q. 07/15/09 MR.-SELLO PROTC. DANIEL S. 14/01/14 A.Q.- ING.X MAYRA ESPINALS REV. X M. CAJ", "observac_1": null, "barrio": "OTRAS AREAS", "parroquia_": 3, "barrio_id": 0, "proceso": 1, "fecha_regi": null, "activo_cat": "SI", "desactivad": 0, "avaluo_rem": 0.0, "avaluo_r_1": 0.0, "clasificac": "GENERAL", "anio_deuda": 0, "deuda": 0.0, "valor_ip": 0.0, "coactiva": null, "ficharegis": 47473, "etam": 0.0745355992, "diferencia": -17.999949857899999, "porc_difer": -0.0999997214, "admisible": 0, "deuda_anio": 0.0, "2019_csv_C": null, "Clavepre": "3-23-57-30-000", "ORIG_FID": 127 }, "geometry": { "type": "Point", "coordinates": [ -80.72750886113657, -0.998499750514233 ] } },
{ "type": "Feature", "properties": { "id": 86909, "lote_id": 66396, "clavecatas": "3-23-58-01-000", "zona": "3", "sector": "23", "manzana": "58", "lote": "01", "ph": "000", "propietari": "QUIROZ BAQUE EUGENIA ARGENTINA", "documentop": "1306967413", "direccion": "URBIRIOS II MZ-03 LOTE 1", "area_m2": 180.0, "frente_uti": 28.0, "frente_tot": 0.0, "avaluo_con": 0.0, "avaluo_sue": 7200.0, "zonaurbano": "URBANA", "parroquia": "TARQUI", "esta_bloqu": "NO", "es_tercera": "NO", "tiene_elec": "SI", "tiene_agua": "SI", "tiene_alca": "NO", "observacio": "-INGRESO NUEVO X LOTEO SE DESM. Y CANCELO HASTA EL 2005 CON LA 3270201 INF.AMPARO Q. 09/20/06 Y.C.S.- VARIA AREA Y AVA. INF. AMPARO Q. AGOSTO 13/07 MR2312-09.-INF. PARA CERT. INGRES.X AREA DE LEGALIZACION INSPET. LUIS LOPEZ, ENERO 14-14.-SELLO PROTOC.DAN", "observac_1": null, "barrio": "URBIRIOS", "parroquia_": 3, "barrio_id": 231, "proceso": 1, "fecha_regi": null, "activo_cat": "SI", "desactivad": 0, "avaluo_rem": 0.0, "avaluo_r_1": 0.0, "clasificac": "GENERAL", "anio_deuda": 0, "deuda": 0.0, "valor_ip": 0.0, "coactiva": null, "ficharegis": 45444, "etam": 0.0745355992, "diferencia": -18.056382014699999, "porc_difer": -0.1003132334, "admisible": 0, "deuda_anio": 0.0, "2019_csv_C": null, "Clavepre": "3-23-58-01-000", "ORIG_FID": 128 }, "geometry": { "type": "Point", "coordinates": [ -80.727373949093135, -0.998286206908896 ] } },
{ "type": "Feature", "properties": { "id": 86910, "lote_id": 66397, "clavecatas": "3-23-58-02-000", "zona": "3", "sector": "23", "manzana": "58", "lote": "02", "ph": "000", "propietari": "PARRAGA CEDEÑO ANGELICA MARIA", "documentop": "1305306142", "direccion": "URBIRIOS II MZ-03 LOTE 2", "area_m2": 144.0, "frente_uti": 8.0, "frente_tot": 0.0, "avaluo_con": 0.0, "avaluo_sue": 5760.0, "zonaurbano": "URBANA", "parroquia": "TARQUI", "esta_bloqu": "NO", "es_tercera": "NO", "tiene_elec": "SI", "tiene_agua": "SI", "tiene_alca": "NO", "observacio": "-INGRESO NUEVO X LOTEO SE DESM. Y CANCELO HASTA EL 2005 CON LA 3270201 INF.AMPARO Q.09/20/06 Y.C.S.- ACTUALIZACION INF. AMPARO Q. JULIO 15/09 MR.-INF.PARA CERTIF. INGRES. POR AREA DE LEGALIZACION INSPET. LUIS LOPEZ, ENERO 14-14.-SELLO PROTOC. DANIEL S.14", "observac_1": null, "barrio": "OTRAS AREAS", "parroquia_": 3, "barrio_id": 0, "proceso": 1, "fecha_regi": null, "activo_cat": "SI", "desactivad": 0, "avaluo_rem": 0.0, "avaluo_r_1": 0.0, "clasificac": "GENERAL", "anio_deuda": 2020, "deuda": 115.73, "valor_ip": 0.0, "coactiva": null, "ficharegis": 45031, "etam": 0.0833333333, "diferencia": 0.2471308384, "porc_difer": 0.0017161864, "admisible": 1, "deuda_anio": 107.53, "2019_csv_C": null, "Clavepre": "3-23-58-02-000", "ORIG_FID": 129 }, "geometry": { "type": "Point", "coordinates": [ -80.727301964905962, -0.998332344533698 ] } },
{ "type": "Feature", "properties": { "id": 86912, "lote_id": 66399, "clavecatas": "3-23-58-04-000", "zona": "3", "sector": "23", "manzana": "58", "lote": "04", "ph": "000", "propietari": "MORRILLO MENDOZA JENNY GUADALUPE", "documentop": "1312269341", "direccion": "URBIRIOS II MZ-03 LOTE 4", "area_m2": 144.0, "frente_uti": 8.0, "frente_tot": 0.0, "avaluo_con": 0.0, "avaluo_sue": 5184.0, "zonaurbano": "URBANA", "parroquia": "TARQUI", "esta_bloqu": "NO", "es_tercera": "NO", "tiene_elec": "SI", "tiene_agua": "SI", "tiene_alca": "NO", "observacio": "-INGRESO NUEVO X LOTEO SE DESM. Y CANCELO HASTA EL 2005 CON LA 3270201 INF.AMPARO Q.09/20/06 Y.C.S.-ACTUALIZACION INF.AMPARO Q.JULIO 15/09 MR INF.PARA CERTIF. INGRES.POR AREA DE LEGALIZACION INSPET.LUIS LOPEZ,ENERO 14-14.-SELLO PROT.DOC.GLORIA G.09/10/14", "observac_1": null, "barrio": "OTRAS AREAS", "parroquia_": 3, "barrio_id": 0, "proceso": 1, "fecha_regi": null, "activo_cat": "SI", "desactivad": 0, "avaluo_rem": 0.0, "avaluo_r_1": 0.0, "clasificac": "GENERAL", "anio_deuda": 2026, "deuda": 8.06, "valor_ip": 0.0, "coactiva": null, "ficharegis": 47559, "etam": 0.0833333333, "diferencia": 6.2e-09, "porc_difer": 0.0, "admisible": 1, "deuda_anio": 0.0, "2019_csv_C": null, "Clavepre": "3-23-58-04-000", "ORIG_FID": 130 }, "geometry": { "type": "Point", "coordinates": [ -80.727180558739661, -0.998409994721927 ] } },
{ "type": "Feature", "properties": { "id": 86913, "lote_id": 66400, "clavecatas": "3-23-58-05-000", "zona": "3", "sector": "23", "manzana": "58", "lote": "05", "ph": "000", "propietari": "MORRILLO POSLIGUA URBANO ELIECER", "documentop": "1301737688", "direccion": "URBIRIOS II MZ-03 LOTE 5", "area_m2": 144.0, "frente_uti": 8.0, "frente_tot": 0.0, "avaluo_con": 0.0, "avaluo_sue": 5184.0, "zonaurbano": "URBANA", "parroquia": "TARQUI", "esta_bloqu": "NO", "es_tercera": "SI", "tiene_elec": "SI", "tiene_agua": "SI", "tiene_alca": "NO", "observacio": "-INGRESO NUEVO X LOTEO SE DESM. Y CANCELO HASTA EL 2005 CON LA 3270201 INF.AMPARO Q. 09/20/06 Y.C.S.- C-300-09 ACTUALIZACION INF. AMPARO Q. JULIO 15/09 MR INF.PARA CERT.INGRES.X AREA D LEGALIZACION INSPET.LUIS LOPEZ 04-14-14 -SELLO PROT.DE ADJ.GLORIA G.", "observac_1": null, "barrio": "OTRAS AREAS", "parroquia_": 3, "barrio_id": 0, "proceso": 1, "fecha_regi": null, "activo_cat": "SI", "desactivad": 0, "avaluo_rem": 0.0, "avaluo_r_1": 0.0, "clasificac": "GENERAL", "anio_deuda": 0, "deuda": 0.0, "valor_ip": 0.0, "coactiva": null, "ficharegis": 46795, "etam": 0.0833333333, "diferencia": -1.95e-08, "porc_difer": -1e-10, "admisible": 1, "deuda_anio": 0.0, "2019_csv_C": null, "Clavepre": "3-23-58-05-000", "ORIG_FID": 131 }, "geometry": { "type": "Point", "coordinates": [ -80.727119882226702, -0.998448830453417 ] } },
{ "type": "Feature", "properties": { "id": 86914, "lote_id": 66401, "clavecatas": "3-23-58-06-000", "zona": "3", "sector": "23", "manzana": "58", "lote": "06", "ph": "000", "propietari": "BAQUE MACIAS JACINTO ROBERTO", "documentop": "0913671434", "direccion": "URBIRIOS II MZ-03 LOTE 6", "area_m2": 144.0, "frente_uti": 8.0, "frente_tot": 0.0, "avaluo_con": 0.0, "avaluo_sue": 5760.0, "zonaurbano": "URBANA", "parroquia": "TARQUI", "esta_bloqu": "NO", "es_tercera": "NO", "tiene_elec": "SI", "tiene_agua": "SI", "tiene_alca": "NO", "observacio": "-INGRESO NUEVO X LOTEO SE DESM. Y CANCELO HASTA EL 2005 CON LA 3270201 INF.AMPARO Q. 09/20/06 Y.C.S.- ACTUALIZACION INF. AMPARO Q. JULIO 15/09 MR INF.PARA CERTIF. INGRES. POR AREA DE LEGALIZACION INSPET. LUIS LOPEZ 01-14-14 -SELLO PROT.DE ADJ.DANIEL S.02", "observac_1": null, "barrio": "OTRAS AREAS", "parroquia_": 3, "barrio_id": 0, "proceso": 1, "fecha_regi": null, "activo_cat": "SI", "desactivad": 0, "avaluo_rem": 0.0, "avaluo_r_1": 0.0, "clasificac": "GENERAL", "anio_deuda": 2026, "deuda": 8.2, "valor_ip": 0.0, "coactiva": null, "ficharegis": 44271, "etam": 0.0833333333, "diferencia": -9.8e-09, "porc_difer": -1e-10, "admisible": 1, "deuda_anio": 0.0, "2019_csv_C": null, "Clavepre": "3-23-58-06-000", "ORIG_FID": 132 }, "geometry": { "type": "Point", "coordinates": [ -80.727059205712479, -0.998487666183361 ] } },
{ "type": "Feature", "properties": { "id": 86917, "lote_id": 66404, "clavecatas": "3-23-58-09-000", "zona": "3", "sector": "23", "manzana": "58", "lote": "09", "ph": "000", "propietari": "PALMA VELEZ LILIAN MONSERRATE", "documentop": "0920160652", "direccion": "URBIRIOS II MZ-03 LOTE 9", "area_m2": 144.0, "frente_uti": 8.0, "frente_tot": 0.0, "avaluo_con": 5529.6, "avaluo_sue": 5760.0, "zonaurbano": "URBANA", "parroquia": "TARQUI", "esta_bloqu": "NO", "es_tercera": "NO", "tiene_elec": "SI", "tiene_agua": "SI", "tiene_alca": "NO", "observacio": "-INGRESO NUEVO X LOTEO SE DESM. Y CANCELO HASTA EL 2005 CON LA 3270201 INF.AMPARO Q. 09/20/06 Y.C.S.- ACTUALIZACION INF. AMPARO Q. JULIO 15/09 MR ING. PARA CERTIF.  POR MAYRA ESPINALES, REV.ARQ.  MIGUEL CAJAPE LINO, FEBRERO 12-2015 MR.   -SE ACTUALIZA IN", "observac_1": null, "barrio": "OTRAS AREAS", "parroquia_": 3, "barrio_id": 0, "proceso": 1, "fecha_regi": null, "activo_cat": "SI", "desactivad": 0, "avaluo_rem": 0.0, "avaluo_r_1": 0.0, "clasificac": "GENERAL", "anio_deuda": 0, "deuda": 0.0, "valor_ip": 0.0, "coactiva": null, "ficharegis": 49813, "etam": 0.0833333333, "diferencia": -0.0169727506, "porc_difer": -0.0001178663, "admisible": 1, "deuda_anio": 0.0, "2019_csv_C": null, "Clavepre": "3-23-58-09-000", "ORIG_FID": 133 }, "geometry": { "type": "Point", "coordinates": [ -80.726877172586541, -0.998604175652739 ] } },
{ "type": "Feature", "properties": { "id": 86918, "lote_id": 66405, "clavecatas": "3-23-58-10-000", "zona": "3", "sector": "23", "manzana": "58", "lote": "10", "ph": "000", "propietari": "MENDOZA MACIAS GROBER RENE", "documentop": "1202935738", "direccion": "URBIRIOS II MZ-03 LOTE 10", "area_m2": 144.0, "frente_uti": 8.0, "frente_tot": 0.0, "avaluo_con": 0.0, "avaluo_sue": 5760.0, "zonaurbano": "URBANA", "parroquia": "TARQUI", "esta_bloqu": "NO", "es_tercera": "NO", "tiene_elec": "SI", "tiene_agua": "SI", "tiene_alca": "NO", "observacio": "-INGRESO NUEVO X LOTEO SE DESM. Y CANCELO HASTA EL 2005 CON LA 3270201 INF.AMPARO Q. 09/20/06 Y.C.S.- ACTUALIZACION INF. AMPARO Q. JULIO 15/09 MR INF.PARA CERT.INGRES.X AREA D LEGALIZACION INSPET.LUIS LOPEZ 01-14-14 -SELLO PROT.DE ADJ.DANIEL S. 02/04/14", "observac_1": null, "barrio": "OTRAS AREAS", "parroquia_": 3, "barrio_id": 0, "proceso": 1, "fecha_regi": null, "activo_cat": "SI", "desactivad": 0, "avaluo_rem": 0.0, "avaluo_r_1": 0.0, "clasificac": "GENERAL", "anio_deuda": 2026, "deuda": 8.2, "valor_ip": 0.0, "coactiva": null, "ficharegis": 44437, "etam": 0.0833333333, "diferencia": 0.016972739, "porc_difer": 0.0001178662, "admisible": 1, "deuda_anio": 0.0, "2019_csv_C": null, "Clavepre": "3-23-58-10-000", "ORIG_FID": 134 }, "geometry": { "type": "Point", "coordinates": [ -80.726816496067372, -0.998643011376558 ] } },
{ "type": "Feature", "properties": { "id": 86919, "lote_id": 66406, "clavecatas": "3-23-58-11-000", "zona": "3", "sector": "23", "manzana": "58", "lote": "11", "ph": "000", "propietari": "ARGUELLO DIAZ HECTOR VICTOR", "documentop": "1304698424", "direccion": "URBIRIOS II MZ-3 LOTE 11", "area_m2": 144.0, "frente_uti": 8.0, "frente_tot": 0.0, "avaluo_con": 0.0, "avaluo_sue": 5760.0, "zonaurbano": "URBANA", "parroquia": "MANTA", "esta_bloqu": "NO", "es_tercera": "NO", "tiene_elec": "SI", "tiene_agua": "SI", "tiene_alca": "NO", "observacio": "ING. NUEVO X LOTEO SE DESM. Y CANCELO HASTA EL 2005 CON LA 3270201 INF. A.Q. 09/20/06 Y.C.S- ACTU. INF. A.Q. 07/15/09 MR.- ING. PARA AREA D LEGALZ. INSP. L. LOPEZ 01-14-14.- \r\n\r\nING. PARA CERTIF. POR LORENA LOOR,  REV. ARQ. MARIA FERRIN,   SEPT. 28 - 15", "observac_1": null, "barrio": "OTRAS AREAS", "parroquia_": 1, "barrio_id": 0, "proceso": 1, "fecha_regi": null, "activo_cat": "SI", "desactivad": 0, "avaluo_rem": 0.0, "avaluo_r_1": 0.0, "clasificac": "DEPURACION CATASTRO", "anio_deuda": 2026, "deuda": 8.23, "valor_ip": 0.0, "coactiva": null, "ficharegis": 53331, "etam": 0.0833333333, "diferencia": -7.4e-09, "porc_difer": -1e-10, "admisible": 1, "deuda_anio": 0.0, "2019_csv_C": null, "Clavepre": "3-23-58-11-000", "ORIG_FID": 135 }, "geometry": { "type": "Point", "coordinates": [ -80.726755823122801, -0.998681844810147 ] } },
{ "type": "Feature", "properties": { "id": 86920, "lote_id": 66407, "clavecatas": "3-23-58-12-000", "zona": "3", "sector": "23", "manzana": "58", "lote": "12", "ph": "000", "propietari": "PALMA SANCHEZ DEXY HEROINA", "documentop": "1309748406", "direccion": "URBIRIOS II MZ-3 LOTE 12", "area_m2": 144.0, "frente_uti": 8.0, "frente_tot": 0.0, "avaluo_con": 0.0, "avaluo_sue": 5760.0, "zonaurbano": "URBANA", "parroquia": "TARQUI", "esta_bloqu": "NO", "es_tercera": "NO", "tiene_elec": "SI", "tiene_agua": "SI", "tiene_alca": "NO", "observacio": "-INGRESO NUEVO X LOTEO SE DESM. Y CANCELO HASTA EL 2005 CON LA 3270201 INF.AMPARO Q. 09/20/06 Y.C.S.- ACTUALIZACION INF. AMPARO Q. JULIO 15/09 MR INF. PARA CERTIF. INGRES. POR AREA DE LEGALIZACION INSPET. LUIS LOPEZ, ENERO 14-14 -SELLO PROT.DE ADJ.DANIEL", "observac_1": null, "barrio": "OTRAS AREAS", "parroquia_": 3, "barrio_id": 0, "proceso": 1, "fecha_regi": null, "activo_cat": "SI", "desactivad": 0, "avaluo_rem": 0.0, "avaluo_r_1": 0.0, "clasificac": "GENERAL", "anio_deuda": 2014, "deuda": 363.43, "valor_ip": 0.0, "coactiva": null, "ficharegis": 44894, "etam": 0.0833333333, "diferencia": 9.5e-09, "porc_difer": 1e-10, "admisible": 1, "deuda_anio": 355.23, "2019_csv_C": null, "Clavepre": "3-23-58-12-000", "ORIG_FID": 136 }, "geometry": { "type": "Point", "coordinates": [ -80.726695146601159, -0.998720680530904 ] } },
{ "type": "Feature", "properties": { "id": 86922, "lote_id": 66409, "clavecatas": "3-23-58-14-000", "zona": "3", "sector": "23", "manzana": "58", "lote": "14", "ph": "000", "propietari": "PALMA PICO MARIA FERNANDA", "documentop": "1311924227", "direccion": "URBIRIOS II MZ-3 LOTE 14", "area_m2": 144.0, "frente_uti": 8.0, "frente_tot": 0.0, "avaluo_con": 0.0, "avaluo_sue": 5760.0, "zonaurbano": "URBANA", "parroquia": "MANTA", "esta_bloqu": "NO", "es_tercera": "NO", "tiene_elec": "SI", "tiene_agua": "SI", "tiene_alca": "NO", "observacio": "-INGRESO NUEVO X LOTEO SE DESM. Y CANCELO HASTA EL 2005 CON LA 3270201 INF.AMPARO Q. 09/20/06 Y.C.S.- ACTUALIZACION INF. AMPARO Q. JULIO 15/09 MR\r\n\r\nINF. PARA CERTIF. INGRES. POR AREA DE LEGALIZACION INSPET. LUIS LOPEZ, ENERO 14-14 \r\n\r\n\r\nINF. PARA CERTIF", "observac_1": null, "barrio": "OTRAS AREAS", "parroquia_": 1, "barrio_id": 0, "proceso": 1, "fecha_regi": null, "activo_cat": "SI", "desactivad": 0, "avaluo_rem": 0.0, "avaluo_r_1": 0.0, "clasificac": "DEPURACION CATASTRO", "anio_deuda": 0, "deuda": 0.0, "valor_ip": 0.0, "coactiva": null, "ficharegis": 58443, "etam": 0.0833333333, "diferencia": -1.51e-08, "porc_difer": -1e-10, "admisible": 1, "deuda_anio": 0.0, "2019_csv_C": null, "Clavepre": "3-23-58-14-000", "ORIG_FID": 137 }, "geometry": { "type": "Point", "coordinates": [ -80.726573793554124, -0.99879835196784 ] } },
{ "type": "Feature", "properties": { "id": 86923, "lote_id": 66410, "clavecatas": "3-23-58-15-000", "zona": "3", "sector": "23", "manzana": "58", "lote": "15", "ph": "000", "propietari": "PALMA PICO MARIA FERNANDA", "documentop": "1311924227", "direccion": "URBIRIOS II MZ-3 LOTE 15", "area_m2": 144.0, "frente_uti": 28.0, "frente_tot": 0.0, "avaluo_con": 0.0, "avaluo_sue": 6048.0, "zonaurbano": "URBANA", "parroquia": "TARQUI", "esta_bloqu": "NO", "es_tercera": "NO", "tiene_elec": "SI", "tiene_agua": "SI", "tiene_alca": "NO", "observacio": "-INGRESO NUEVO X LOTEO SE DESM. Y CANCELO HASTA EL 2005 CON LA 3270201 INF.AMPARO Q.09/20/06 Y.C.S.-SE MODIFICA AREA Y AVAL. INF.AMPARO Q.AGOSTO 13/07 MR ACTUALIZACION INF.AMPARO Q.JULIO 15/09 MR INF.PARA CERTIF.INGRES. POR AREA DE LEGALIZACION INSPET. L", "observac_1": null, "barrio": "URBIRIOS", "parroquia_": 3, "barrio_id": 231, "proceso": 1, "fecha_regi": null, "activo_cat": "SI", "desactivad": 0, "avaluo_rem": 0.0, "avaluo_r_1": 0.0, "clasificac": "GENERAL", "anio_deuda": 0, "deuda": 0.0, "valor_ip": 0.0, "coactiva": null, "ficharegis": 58442, "etam": 0.0833333333, "diferencia": -35.999999985999999, "porc_difer": -0.24999999989999999, "admisible": 0, "deuda_anio": 0.0, "2019_csv_C": null, "Clavepre": "3-23-58-15-000", "ORIG_FID": 138 }, "geometry": { "type": "Point", "coordinates": [ -80.72650553246298, -0.998842042148406 ] } },
{ "type": "Feature", "properties": { "id": 86924, "lote_id": 66411, "clavecatas": "3-23-58-16-000", "zona": "3", "sector": "23", "manzana": "58", "lote": "16", "ph": "000", "propietari": "MENDOZA ZAMBRANO WASHINGTON GERARDO", "documentop": "1310310949", "direccion": "BARRIO URBIRIOS II MZ. 3 LOTE 16", "area_m2": 180.0, "frente_uti": 28.0, "frente_tot": 0.0, "avaluo_con": 0.0, "avaluo_sue": 7560.0, "zonaurbano": "URBANA", "parroquia": "TARQUI", "esta_bloqu": "NO", "es_tercera": "NO", "tiene_elec": "SI", "tiene_agua": "SI", "tiene_alca": "NO", "observacio": "ING. NUEVO X LOTEO SE DESM. Y CANCELO HASTA EL 2005 CON LA 3270201 INF.AMPARO Q. 09/20/06 Y.C.S.- SE MODIFICA AREA AVAL. X NUEVO REDISEÑO INF. AMPARO Q. 08/13/07 MR.- ACTUA. INF. A. QUIROZ 07/15/09 MR.- INF. PARA CERT. X AREA D LEGALIZ. INSP. L. LOPEZ 0", "observac_1": null, "barrio": "OTRAS AREAS", "parroquia_": 3, "barrio_id": 0, "proceso": 1, "fecha_regi": null, "activo_cat": "SI", "desactivad": 0, "avaluo_rem": 0.0, "avaluo_r_1": 0.0, "clasificac": "GENERAL", "anio_deuda": 2023, "deuda": 138.7, "valor_ip": 0.0, "coactiva": null, "ficharegis": 44666, "etam": 0.0745355992, "diferencia": 6.4e-09, "porc_difer": 0.0, "admisible": 1, "deuda_anio": 115.3, "2019_csv_C": null, "Clavepre": "3-23-58-16-000", "ORIG_FID": 139 }, "geometry": { "type": "Point", "coordinates": [ -80.726418723696867, -0.998704621037772 ] } },
{ "type": "Feature", "properties": { "id": 86925, "lote_id": 66412, "clavecatas": "3-23-58-17-000", "zona": "3", "sector": "23", "manzana": "58", "lote": "17", "ph": "000", "propietari": "CARPIO GUERRERO IVONNE ROXANA", "documentop": "1203309313", "direccion": "URBIRIOS II MZ-3 LOTE 17", "area_m2": 144.0, "frente_uti": 8.0, "frente_tot": 0.0, "avaluo_con": 0.0, "avaluo_sue": 5184.0, "zonaurbano": "URBANA", "parroquia": "TARQUI", "esta_bloqu": "NO", "es_tercera": "NO", "tiene_elec": "SI", "tiene_agua": "SI", "tiene_alca": "NO", "observacio": "ING. NUEVO X LOTEO SE DESM. CANCELO HASTA EL 2005 CON LA 3270201 INF. A.Q. 09/20/06 Y.C.S.-ACTU.INF.A.QUIROZ 07/15/09 MR-INF. PARA CERT.X AREA DE LEGALZ.INSP.L.LOPEZ 01-14-14- ING.X DANIEL S.REV.X M.ARTEAGA 02-19-16 MR- ING.X GABY S.REV.X M.ARTEAGA ELAB.", "observac_1": null, "barrio": "OTRAS AREAS", "parroquia_": 3, "barrio_id": 0, "proceso": 1, "fecha_regi": null, "activo_cat": "SI", "desactivad": 0, "avaluo_rem": 0.0, "avaluo_r_1": 0.0, "clasificac": "GENERAL", "anio_deuda": 2026, "deuda": 8.09, "valor_ip": 0.0, "coactiva": null, "ficharegis": 55020, "etam": 0.0833333333, "diferencia": -1.45e-08, "porc_difer": -1e-10, "admisible": 1, "deuda_anio": 0.0, "2019_csv_C": null, "Clavepre": "3-23-58-17-000", "ORIG_FID": 140 }, "geometry": { "type": "Point", "coordinates": [ -80.726486984785325, -0.998660930858498 ] } },
{ "type": "Feature", "properties": { "id": 86926, "lote_id": 66413, "clavecatas": "3-23-58-18-000", "zona": "3", "sector": "23", "manzana": "58", "lote": "18", "ph": "000", "propietari": "LLORENTE CHEME YOLANDA MARGARITA", "documentop": "1306696095", "direccion": "URBIRIOS II MZ-3 LOTE 18", "area_m2": 144.0, "frente_uti": 8.0, "frente_tot": 0.0, "avaluo_con": 0.0, "avaluo_sue": 5760.0, "zonaurbano": "URBANA", "parroquia": "TARQUI", "esta_bloqu": "NO", "es_tercera": "NO", "tiene_elec": "SI", "tiene_agua": "SI", "tiene_alca": "NO", "observacio": "-INGRESO NUEVO X LOTEO SE DESM. Y CANCELO HASTA EL 2005 CON LA 3270201 INF.AMPARO Q. 09/20/06 Y.C.S.- ACTUALIZACION INF.AMPARO Q.04/15/09 MR INF.PARA CERT.INGRES.X AREA D LEGALIZACION INSPET.LUIS LOPEZ 01-14-14 -SELLO PROT.DE ADJ.02/08/14 Y.C.S.-\r\n\r\nING.", "observac_1": null, "barrio": "OTRAS AREAS", "parroquia_": 3, "barrio_id": 0, "proceso": 1, "fecha_regi": null, "activo_cat": "SI", "desactivad": 0, "avaluo_rem": 0.0, "avaluo_r_1": 0.0, "clasificac": "GENERAL", "anio_deuda": 2024, "deuda": 32.69, "valor_ip": 0.0, "coactiva": null, "ficharegis": 44552, "etam": 0.0833333333, "diferencia": 2.71e-08, "porc_difer": 2.0000000000000001e-10, "admisible": 1, "deuda_anio": 24.49, "2019_csv_C": null, "Clavepre": "3-23-58-18-000", "ORIG_FID": 141 }, "geometry": { "type": "Point", "coordinates": [ -80.72654766130708, -0.998622095141969 ] } },
{ "type": "Feature", "properties": { "id": 86927, "lote_id": 66414, "clavecatas": "3-23-58-19-000", "zona": "3", "sector": "23", "manzana": "58", "lote": "19", "ph": "000", "propietari": "BAILON CALDERON MARIA PILAR", "documentop": "1310103567", "direccion": "URBIRIOS II MZ-3 LOTE 19", "area_m2": 144.0, "frente_uti": 8.0, "frente_tot": 0.0, "avaluo_con": 0.0, "avaluo_sue": 5760.0, "zonaurbano": "URBANA", "parroquia": "TARQUI", "esta_bloqu": "NO", "es_tercera": "NO", "tiene_elec": "SI", "tiene_agua": "SI", "tiene_alca": "NO", "observacio": "-INGRESO NUEVO X LOTEO SE DESM. Y CANCELO HASTA EL 2005 CON LA 3270201 INF.AMPARO Q. 09/20/06 Y.C.S.- ACTUALIZACION INF. AMPARO Q. JULIO 15/09 MR INF.PARA CERTIF. INGRES. POR AREA DE LEGALIZACION INSPET. LUIS LOPEZ, ENERO 14-14 -SELLO PROT.DE ADJ.LUIS L.", "observac_1": null, "barrio": "OTRAS AREAS", "parroquia_": 3, "barrio_id": 0, "proceso": 1, "fecha_regi": null, "activo_cat": "SI", "desactivad": 0, "avaluo_rem": 0.0, "avaluo_r_1": 0.0, "clasificac": "GENERAL", "anio_deuda": 2015, "deuda": 330.63, "valor_ip": 0.0, "coactiva": "AUTO", "ficharegis": 45801, "etam": 0.0833333333, "diferencia": 1.48e-08, "porc_difer": 1e-10, "admisible": 1, "deuda_anio": 322.43, "2019_csv_C": null, "Clavepre": "3-23-58-19-000", "ORIG_FID": 142 }, "geometry": { "type": "Point", "coordinates": [ -80.726608337827585, -0.998583259423907 ] } },
{ "type": "Feature", "properties": { "id": 86928, "lote_id": 66415, "clavecatas": "3-23-58-20-000", "zona": "3", "sector": "23", "manzana": "58", "lote": "20", "ph": "000", "propietari": "CEVALLOS CEDEÑO JUAN CARLOS", "documentop": "1310033715", "direccion": "URBIRIOS II MZ-03 LOTE 20", "area_m2": 144.0, "frente_uti": 8.0, "frente_tot": 0.0, "avaluo_con": 13616.0, "avaluo_sue": 5760.0, "zonaurbano": "URBANA", "parroquia": "TARQUI", "esta_bloqu": "NO", "es_tercera": "NO", "tiene_elec": "SI", "tiene_agua": "SI", "tiene_alca": "NO", "observacio": "ING. NUEVO X LOTEO SE DESM. Y CANCELO HASTA EL 2005 CON LA 3270201 INF. A.Q. 09/20/06 Y.C.S.- ACTU. INF. A.Q. 07/15/09 MR.- ING. PARA AREA DE LEGALZ. INSP. L. LOPEZ 01-14-14.- SE ACTU. CERT EMITIDO X GABY S. REV. X G. FERRIN 29/01/15.-SELLO PROT. D ADJ.", "observac_1": null, "barrio": "OTRAS AREAS", "parroquia_": 3, "barrio_id": 0, "proceso": 1, "fecha_regi": null, "activo_cat": "SI", "desactivad": 0, "avaluo_rem": 0.0, "avaluo_r_1": 0.0, "clasificac": "GENERAL", "anio_deuda": 2020, "deuda": 335.75, "valor_ip": 0.0, "coactiva": null, "ficharegis": 49632, "etam": 0.0833333333, "diferencia": 4.7e-09, "porc_difer": 0.0, "admisible": 1, "deuda_anio": 309.15, "2019_csv_C": null, "Clavepre": "3-23-58-20-000", "ORIG_FID": 143 }, "geometry": { "type": "Point", "coordinates": [ -80.726669014346854, -0.998544423704315 ] } },
{ "type": "Feature", "properties": { "id": 86929, "lote_id": 66416, "clavecatas": "3-23-58-21-000", "zona": "3", "sector": "23", "manzana": "58", "lote": "21", "ph": "000", "propietari": "DELGADO BAZURTO VIVIANA MONCERRATE", "documentop": "1309383550", "direccion": "URBIRIOS II MZ-3 LOTE 21", "area_m2": 144.0, "frente_uti": 8.0, "frente_tot": 0.0, "avaluo_con": 10304.0, "avaluo_sue": 5760.0, "zonaurbano": "URBANA", "parroquia": "TARQUI", "esta_bloqu": "NO", "es_tercera": "NO", "tiene_elec": "SI", "tiene_agua": "SI", "tiene_alca": "NO", "observacio": "-INGRESO NUEVO X LOTEO SE DESM. Y CANCELO HASTA EL 2005 CON LA 3270201 INF.AMPARO Q. 09/20/06 Y.C.S.- ACTUALIZACION INF. AMPARO Q. JULIO 15/09 MR INF. PARA CERTIF.INGRES. POR AREA DE LEGALIZACION INSPET. LUIS LOPEZ, ENERO 14-14 -SELLO PROT.DE ADJ.FERNAND", "observac_1": null, "barrio": "OTRAS AREAS", "parroquia_": 3, "barrio_id": 0, "proceso": 1, "fecha_regi": null, "activo_cat": "SI", "desactivad": 0, "avaluo_rem": 0.0, "avaluo_r_1": 0.0, "clasificac": "GENERAL", "anio_deuda": 2025, "deuda": 54.07, "valor_ip": 0.0, "coactiva": null, "ficharegis": 44382, "etam": 0.0833333333, "diferencia": 0.0169727735, "porc_difer": 0.0001178665, "admisible": 1, "deuda_anio": 30.79, "2019_csv_C": null, "Clavepre": "3-23-58-21-000", "ORIG_FID": 144 }, "geometry": { "type": "Point", "coordinates": [ -80.726729687289037, -0.99850559027189 ] } },
{ "type": "Feature", "properties": { "id": 86930, "lote_id": 66417, "clavecatas": "3-23-58-22-000", "zona": "3", "sector": "23", "manzana": "58", "lote": "22", "ph": "000", "propietari": "DEL VALLE VERA JOSE HUMBERTO", "documentop": "1312105586", "direccion": "BARRIO URBIRIOS II MZ-03 LOTE 22", "area_m2": 144.0, "frente_uti": 8.0, "frente_tot": 0.0, "avaluo_con": 0.0, "avaluo_sue": 5760.0, "zonaurbano": "URBANA", "parroquia": "TARQUI", "esta_bloqu": "NO", "es_tercera": "NO", "tiene_elec": "SI", "tiene_agua": "SI", "tiene_alca": "NO", "observacio": "-INGRESO NUEVO X LOTEO SE DESM. Y CANCELO HASTA EL 2005 CON LA 3270201 INF.AMPARO Q. 09/20/06 Y.C.S.- ACTUALIZACION INF. AMPARO Q. JULIO 15/09 MR INF.PARA CERTIF. INGRES. POR AREA DE LEGALIZACION INSPET. LUIS LOPEZ, ENERO 14-14 -SELLO PROT.DE ADJ.DANIEL", "observac_1": null, "barrio": "OTRAS AREAS", "parroquia_": 3, "barrio_id": 0, "proceso": 1, "fecha_regi": null, "activo_cat": "SI", "desactivad": 0, "avaluo_rem": 0.0, "avaluo_r_1": 0.0, "clasificac": "GENERAL", "anio_deuda": 0, "deuda": 0.0, "valor_ip": 0.0, "coactiva": null, "ficharegis": 44941, "etam": 0.0833333333, "diferencia": -0.0169727139, "porc_difer": -0.0001178661, "admisible": 1, "deuda_anio": 0.0, "2019_csv_C": null, "Clavepre": "3-23-58-22-000", "ORIG_FID": 145 }, "geometry": { "type": "Point", "coordinates": [ -80.726790363805819, -0.998466754549235 ] } },
{ "type": "Feature", "properties": { "id": 86931, "lote_id": 66418, "clavecatas": "3-23-58-23-000", "zona": "3", "sector": "23", "manzana": "58", "lote": "23", "ph": "000", "propietari": "LOPEZ ESPINAL CATALINA GISSELA", "documentop": "0926038811", "direccion": "URBIRIOS II MZ-3 LOTE 23", "area_m2": 144.0, "frente_uti": 8.0, "frente_tot": 0.0, "avaluo_con": 32049.86, "avaluo_sue": 5760.0, "zonaurbano": "URBANA", "parroquia": "TARQUI", "esta_bloqu": "NO", "es_tercera": "NO", "tiene_elec": "SI", "tiene_agua": "SI", "tiene_alca": "NO", "observacio": "-INGRESO NUEVO X LOTEO SE DESM. Y CANCELO HASTA EL 2005 CON LA 3270201 INF.AMPARO Q. 09/20/06 Y.C.S.- ACTUALIZACION INF. AMPARO Q. JULIO 15/09 MR INF. PARA CERTIF. INGRES. POR AREA DE LEGALIZACION INSPET. LUIS LOPEZ, ENERO 14-14 CERTIFICADO DE AVALUOS IN", "observac_1": null, "barrio": "OTRAS AREAS", "parroquia_": 3, "barrio_id": 0, "proceso": 1, "fecha_regi": null, "activo_cat": "SI", "desactivad": 0, "avaluo_rem": 0.0, "avaluo_r_1": 0.0, "clasificac": "GENERAL", "anio_deuda": 0, "deuda": 0.0, "valor_ip": 0.0, "coactiva": null, "ficharegis": 70257, "etam": 0.0833333333, "diferencia": -5.0000000000000001e-09, "porc_difer": 0.0, "admisible": 1, "deuda_anio": 0.0, "2019_csv_C": null, "Clavepre": "3-23-58-23-000", "ORIG_FID": 146 }, "geometry": { "type": "Point", "coordinates": [ -80.726851043897241, -0.998427916536331 ] } },
{ "type": "Feature", "properties": { "id": 86933, "lote_id": 66420, "clavecatas": "3-23-58-25-000", "zona": "3", "sector": "23", "manzana": "58", "lote": "25", "ph": "000", "propietari": "MACIAS ANCHUNDIA MARIBEL DEL ROCIO", "documentop": "1309079315", "direccion": "URBIRIOS II MZ-3 LOTE 25", "area_m2": 144.0, "frente_uti": 8.0, "frente_tot": 0.0, "avaluo_con": 0.0, "avaluo_sue": 5760.0, "zonaurbano": "URBANA", "parroquia": "TARQUI", "esta_bloqu": "NO", "es_tercera": "NO", "tiene_elec": "SI", "tiene_agua": "SI", "tiene_alca": "NO", "observacio": "ING. NUEVO X LOTEO SE DESM. Y CANCELO HASTA EL 2005 CON LA 3270201 INF. A. QUIROZ 09/20/06 Y.C.S.- ACTU. INF. A. Q. 0715/09 MR.- ING. X AREA D LEGALZ. INSP. L. LOPEZ 01-14-14.- SELLO PROT. D RESOL. D PART. Y ADJUD. GLORIA G. 09/03/14 Y.C.S.-", "observac_1": null, "barrio": "OTRAS AREAS", "parroquia_": 3, "barrio_id": 0, "proceso": 1, "fecha_regi": null, "activo_cat": "SI", "desactivad": 0, "avaluo_rem": 0.0, "avaluo_r_1": 0.0, "clasificac": "GENERAL", "anio_deuda": 0, "deuda": 0.0, "valor_ip": 0.0, "coactiva": null, "ficharegis": 47440, "etam": 0.0833333333, "diferencia": 1.51e-08, "porc_difer": 1e-10, "admisible": 1, "deuda_anio": 0.0, "2019_csv_C": null, "Clavepre": "3-23-58-25-000", "ORIG_FID": 147 }, "geometry": { "type": "Point", "coordinates": [ -80.726972396924609, -0.998350245083349 ] } },
{ "type": "Feature", "properties": { "id": 86934, "lote_id": 66421, "clavecatas": "3-23-58-26-000", "zona": "3", "sector": "23", "manzana": "58", "lote": "26", "ph": "000", "propietari": "PARRALES JURADO VALERIA VIVIANA", "documentop": "1313719237", "direccion": "URBIRIOS II MZ-3 LOTE 26", "area_m2": 144.0, "frente_uti": 8.0, "frente_tot": 0.0, "avaluo_con": 0.0, "avaluo_sue": 5760.0, "zonaurbano": "URBANA", "parroquia": "TARQUI", "esta_bloqu": "NO", "es_tercera": "NO", "tiene_elec": "SI", "tiene_agua": "SI", "tiene_alca": "NO", "observacio": "ING.NUEVO X LOTEO SE DESM.Y CANC. HASTA EL 2005 CON LA 3270201 INF.\r\nAMPARO Q. 09/20/06 Y.C.S.-ACTUALIZ INF.AMPARO Q.JULIO 15/09 MR INF.\r\nPARA CERTIF.INGRES.X AREA DE LEGALIZ.INSP.LUIS LOPEZ, ENERO 14-14.-SELLO ADJUD.MUNICIP.S/F.16/12/16 A.Q.\r\nINF. PARA", "observac_1": null, "barrio": "OTRAS AREAS", "parroquia_": 3, "barrio_id": 0, "proceso": 1, "fecha_regi": null, "activo_cat": "SI", "desactivad": 0, "avaluo_rem": 0.0, "avaluo_r_1": 0.0, "clasificac": "GENERAL", "anio_deuda": 2026, "deuda": 8.2, "valor_ip": 0.0, "coactiva": null, "ficharegis": 59315, "etam": 0.0833333333, "diferencia": 3.43e-08, "porc_difer": 2.0000000000000001e-10, "admisible": 1, "deuda_anio": 0.0, "2019_csv_C": null, "Clavepre": "3-23-58-26-000", "ORIG_FID": 148 }, "geometry": { "type": "Point", "coordinates": [ -80.727033073436459, -0.99831140935457 ] } },
{ "type": "Feature", "properties": { "id": 86935, "lote_id": 66422, "clavecatas": "3-23-58-27-000", "zona": "3", "sector": "23", "manzana": "58", "lote": "27", "ph": "000", "propietari": "PINARGOTE BAILON MARJORIE VIVIANA", "documentop": "1310412661", "direccion": "URBIRIOS II MZ-3 LOTE 27", "area_m2": 144.0, "frente_uti": 8.0, "frente_tot": 0.0, "avaluo_con": 0.0, "avaluo_sue": 5760.0, "zonaurbano": "URBANA", "parroquia": "TARQUI", "esta_bloqu": "NO", "es_tercera": "NO", "tiene_elec": "SI", "tiene_agua": "SI", "tiene_alca": "NO", "observacio": "-INGRESO NUEVO X LOTEO SE DESM. Y CANCELO HASTA EL 2005 CON LA 3270201 INF.AMPARO Q. 09/20/06 Y.C.S.- ACTUALIZACION INF. AMPARO Q. JULIO 15/09 MR INF. PARA CERTIF. INGRES. POR AREA DE LEGALIZACION INSPET. LUIS LOPEZ, ENERO 14-14 -SELLO PROT.DE ADJ.DANIEL", "observac_1": null, "barrio": "OTRAS AREAS", "parroquia_": 3, "barrio_id": 0, "proceso": 1, "fecha_regi": null, "activo_cat": "SI", "desactivad": 0, "avaluo_rem": 0.0, "avaluo_r_1": 0.0, "clasificac": "GENERAL", "anio_deuda": 0, "deuda": 0.0, "valor_ip": 0.0, "coactiva": null, "ficharegis": 44431, "etam": 0.0833333333, "diferencia": 2.43e-08, "porc_difer": 2.0000000000000001e-10, "admisible": 1, "deuda_anio": 0.0, "2019_csv_C": null, "Clavepre": "3-23-58-27-000", "ORIG_FID": 149 }, "geometry": { "type": "Point", "coordinates": [ -80.727093749947045, -0.998272573624261 ] } },
{ "type": "Feature", "properties": { "id": 86936, "lote_id": 66423, "clavecatas": "3-23-58-28-000", "zona": "3", "sector": "23", "manzana": "58", "lote": "28", "ph": "000", "propietari": "CEDEÑO MERA CESAR ALFREDO", "documentop": "1309296877", "direccion": "BARRIO URBIRIOS II MZ-3 LOTE 28", "area_m2": 144.0, "frente_uti": 8.0, "frente_tot": 0.0, "avaluo_con": 0.0, "avaluo_sue": 5760.0, "zonaurbano": "URBANA", "parroquia": "TARQUI", "esta_bloqu": "NO", "es_tercera": "NO", "tiene_elec": "SI", "tiene_agua": "SI", "tiene_alca": "NO", "observacio": "-INGRESO NUEVO X LOTEO SE DESM. Y CANCELO HASTA EL 2005 CON LA 3270201 INF.AMPARO Q. 09/20/06 Y.C.S.- ACTUALIZACION INF. AMPARO Q. JULIO 15/09 MR INF. PARA CERTIF. INGRES. POR AREA DE LEGALIZACION INSPET. LUIS LOPEZ, ENERO 14-14 INF. PARA CERTIFICADO ING", "observac_1": null, "barrio": "OTRAS AREAS", "parroquia_": 3, "barrio_id": 0, "proceso": 1, "fecha_regi": null, "activo_cat": "SI", "desactivad": 0, "avaluo_rem": 0.0, "avaluo_r_1": 0.0, "clasificac": "GENERAL", "anio_deuda": 2019, "deuda": 160.94, "valor_ip": 0.0, "coactiva": null, "ficharegis": 65802, "etam": 0.0833333333, "diferencia": -0.5729889071, "porc_difer": -0.0039790896, "admisible": 1, "deuda_anio": 152.74, "2019_csv_C": null, "Clavepre": "3-23-58-28-000", "ORIG_FID": 150 }, "geometry": { "type": "Point", "coordinates": [ -80.727154527842046, -0.998233629980398 ] } },
{ "type": "Feature", "properties": { "id": 86967, "lote_id": 66454, "clavecatas": "3-23-59-29-000", "zona": "3", "sector": "23", "manzana": "59", "lote": "29", "ph": "000", "propietari": "VELIZ VALENCIA JAIME MAURICIO", "documentop": "1310847684", "direccion": "URBIRRIOS II MZ- 2 LT 29", "area_m2": 144.0, "frente_uti": 8.0, "frente_tot": 0.0, "avaluo_con": 0.0, "avaluo_sue": 5760.0, "zonaurbano": "URBANA", "parroquia": "TARQUI", "esta_bloqu": "NO", "es_tercera": "NO", "tiene_elec": "SI", "tiene_agua": "SI", "tiene_alca": "NO", "observacio": "ING.CON EL PLANO 14/04/09 A.Q. ACTUALIZACION INF. AMPARO Q. 07/15/09 MR.- INF. PARA CERTIF. INGRES. X AREA DE LEGALIZACION INSP. L. LOPEZ, 24/01/14.- -SELLO PROT.DE ADJ.LUIS L. 02/03/14 Y.C.S.-", "observac_1": null, "barrio": "URBIRRIOS X", "parroquia_": 3, "barrio_id": 331, "proceso": 1, "fecha_regi": null, "activo_cat": "SI", "desactivad": 0, "avaluo_rem": 0.0, "avaluo_r_1": 0.0, "clasificac": "GENERAL", "anio_deuda": 0, "deuda": 0.0, "valor_ip": 0.0, "coactiva": null, "ficharegis": 44426, "etam": 0.0833333333, "diferencia": -2.63876e-05, "porc_difer": -1.832e-07, "admisible": 1, "deuda_anio": 0.0, "2019_csv_C": null, "Clavepre": "3-23-59-29-000", "ORIG_FID": 151 }, "geometry": { "type": "Point", "coordinates": [ -80.726988351706325, -0.99785155637587 ] } },
{ "type": "Feature", "properties": { "id": 87028, "lote_id": 95217, "clavecatas": "3-23-63-07-000", "zona": "3", "sector": "23", "manzana": "63", "lote": "07", "ph": "000", "propietari": "CARTAYA BURGUILLOS ANYA ALEXANDRA", "documentop": "1760136604", "direccion": "SECTOR URBIRRIOS II MZ 26 LOTE 4", "area_m2": 144.0, "frente_uti": 8.0, "frente_tot": 8.0, "avaluo_con": 0.0, "avaluo_sue": 5472.0, "zonaurbano": "URBANA", "parroquia": "TARQUI", "esta_bloqu": "NO", "es_tercera": "NO", "tiene_elec": "NO", "tiene_agua": "NO", "tiene_alca": "NO", "observacio": "INGR. NUEVO INF LUIS LOPEZ 23/04/2019.- ING. PARA CERT. EVALUADO POR PERITO LCDA. M. ARTEAGA, ELAB. X LCDA. DELI CH.\r\n\r\n- SE ACTUALIZA POR ESCRITURA DE ADJUDICACIÓN INSCRITA EN EL REGISTRO DE LA PROPIEDAD 01/10/2019 JDEN -SE ACTUALIZA INF EN BASE A ESCR", "observac_1": null, "barrio": "URBIRRIOS 2", "parroquia_": 3, "barrio_id": 1046, "proceso": 0, "fecha_regi": null, "activo_cat": "SI", "desactivad": 0, "avaluo_rem": 0.0, "avaluo_r_1": 0.0, "clasificac": "GENERAL", "anio_deuda": 0, "deuda": 0.0, "valor_ip": 0.0, "coactiva": null, "ficharegis": 66531, "etam": 0.0833333333, "diferencia": -2.24915e-05, "porc_difer": -1.562e-07, "admisible": 1, "deuda_anio": 0.0, "2019_csv_C": null, "Clavepre": "3-23-63-07-000", "ORIG_FID": 152 }, "geometry": { "type": "Point", "coordinates": [ -80.725241454510808, -0.999129119250897 ] } },
{ "type": "Feature", "properties": { "id": 92668, "lote_id": 68274, "clavecatas": "3-32-44-10-000", "zona": "3", "sector": "32", "manzana": "44", "lote": "10", "ph": "000", "propietari": "LOPEZ RIVERA JULIO ISAURO Y SRA VICENTA", "documentop": "1303613515", "direccion": "MZ-G-1 LT.10 URBIRIOS", "area_m2": 120.0, "frente_uti": 8.0, "frente_tot": 0.0, "avaluo_con": 0.0, "avaluo_sue": 8760.0, "zonaurbano": "URBANA", "parroquia": "TARQUI", "esta_bloqu": "NO", "es_tercera": "NO", "tiene_elec": "SI", "tiene_agua": "SI", "tiene_alca": "NO", "observacio": "C-4018-03 Sello cvta. x Luis 28 /03/05 LLCH. C-1886-05", "observac_1": null, "barrio": "URBIRRIOS X", "parroquia_": 3, "barrio_id": 331, "proceso": 1, "fecha_regi": null, "activo_cat": "SI", "desactivad": 0, "avaluo_rem": 0.0, "avaluo_r_1": 0.0, "clasificac": "DEPURACION CATASTRO", "anio_deuda": 2026, "deuda": 13.55, "valor_ip": 0.0, "coactiva": null, "ficharegis": 0, "etam": 0.0912870929, "diferencia": 7.7759835647999997, "porc_difer": 0.064799863, "admisible": 1, "deuda_anio": 0.0, "2019_csv_C": null, "Clavepre": "3-32-44-10-000", "ORIG_FID": 153 }, "geometry": { "type": "Point", "coordinates": [ -80.72380836233225, -0.981549784260614 ] } },
{ "type": "Feature", "properties": { "id": 92672, "lote_id": 68278, "clavecatas": "3-32-44-14-000", "zona": "3", "sector": "32", "manzana": "44", "lote": "14", "ph": "000", "propietari": "BERMUDEZ MOREIRA TERESA ISABEL", "documentop": "1303193773", "direccion": "MZ-G1 LT. 14 URBIRIOS", "area_m2": 120.0, "frente_uti": 8.0, "frente_tot": 0.0, "avaluo_con": 0.0, "avaluo_sue": 8760.0, "zonaurbano": "URBANA", "parroquia": "TARQUI", "esta_bloqu": "NO", "es_tercera": "SI", "tiene_elec": "SI", "tiene_agua": "SI", "tiene_alca": "NO", "observacio": "C-4014-03 -Sello Carlos D. 10/05/04 Y.C.S.- 1.537-05 6555-09", "observac_1": null, "barrio": "URBIRRIOS X", "parroquia_": 3, "barrio_id": 331, "proceso": 1, "fecha_regi": null, "activo_cat": "SI", "desactivad": 0, "avaluo_rem": 0.0, "avaluo_r_1": 0.0, "clasificac": "DEPURACION CATASTRO", "anio_deuda": 2026, "deuda": 10.15, "valor_ip": 0.0, "coactiva": null, "ficharegis": 12616, "etam": 0.0912870929, "diferencia": 6.5541671347000001, "porc_difer": 0.0546180595, "admisible": 1, "deuda_anio": 0.0, "2019_csv_C": null, "Clavepre": "3-32-44-14-000", "ORIG_FID": 154 }, "geometry": { "type": "Point", "coordinates": [ -80.723737766331709, -0.981441756725727 ] } },
{ "type": "Feature", "properties": { "id": 92669, "lote_id": 68275, "clavecatas": "3-32-44-11-000", "zona": "3", "sector": "32", "manzana": "44", "lote": "11", "ph": "000", "propietari": "SILVA BAQUE AURELIO SILVINO", "documentop": "1306822345", "direccion": "MZ-G1 LT. 11 URBIRIOS", "area_m2": 120.0, "frente_uti": 8.0, "frente_tot": 0.0, "avaluo_con": 0.0, "avaluo_sue": 8760.0, "zonaurbano": "URBANA", "parroquia": "TARQUI", "esta_bloqu": "NO", "es_tercera": "NO", "tiene_elec": "SI", "tiene_agua": "SI", "tiene_alca": "NO", "observacio": "C-4017-03 -Cert.4153-05 -Sello Luis L.09/28/05 Y.C.S.-", "observac_1": null, "barrio": "URBIRRIOS X", "parroquia_": 3, "barrio_id": 331, "proceso": 1, "fecha_regi": null, "activo_cat": "SI", "desactivad": 0, "avaluo_rem": 0.0, "avaluo_r_1": 0.0, "clasificac": "DEPURACION CATASTRO", "anio_deuda": 0, "deuda": 0.0, "valor_ip": 0.0, "coactiva": null, "ficharegis": 0, "etam": 0.0912870929, "diferencia": 18.1713211382, "porc_difer": 0.1514276762, "admisible": 0, "deuda_anio": 0.0, "2019_csv_C": null, "Clavepre": "3-32-44-11-000", "ORIG_FID": 155 }, "geometry": { "type": "Point", "coordinates": [ -80.723858240931008, -0.981501874579672 ] } },
{ "type": "Feature", "properties": { "id": 92657, "lote_id": 68263, "clavecatas": "3-32-42-15-000", "zona": "3", "sector": "32", "manzana": "42", "lote": "15", "ph": "000", "propietari": "CHONILLO MOLINA LUCIA BEATRIZ .", "documentop": "1305476192", "direccion": "MZ-I-4 LT. 15 URBIRIOS", "area_m2": 120.0, "frente_uti": 8.0, "frente_tot": 0.0, "avaluo_con": 0.0, "avaluo_sue": 8760.0, "zonaurbano": "URBANA", "parroquia": "TARQUI", "esta_bloqu": "NO", "es_tercera": "SI", "tiene_elec": "SI", "tiene_agua": "SI", "tiene_alca": "NO", "observacio": "C-3968-03   DONACION INF, CARLOS D. OCT. 28/2004 MR C-427-05", "observac_1": null, "barrio": "URBIRRIOS X", "parroquia_": 3, "barrio_id": 331, "proceso": 1, "fecha_regi": null, "activo_cat": "SI", "desactivad": 0, "avaluo_rem": 0.0, "avaluo_r_1": 0.0, "clasificac": "DEPURACION CATASTRO", "anio_deuda": 0, "deuda": 0.0, "valor_ip": 0.0, "coactiva": null, "ficharegis": 0, "etam": 0.0912870929, "diferencia": -21.393572818199999, "porc_difer": -0.1782797735, "admisible": 0, "deuda_anio": 0.0, "2019_csv_C": null, "Clavepre": "3-32-42-15-000", "ORIG_FID": 156 }, "geometry": { "type": "Point", "coordinates": [ -80.720827863170598, -0.982659416431081 ] } },
{ "type": "Feature", "properties": { "id": 92665, "lote_id": 68271, "clavecatas": "3-32-44-07-000", "zona": "3", "sector": "32", "manzana": "44", "lote": "07", "ph": "000", "propietari": "MEZA CEVALLOS BARTOLO DEL JESUS", "documentop": "1305422386", "direccion": "MZ  G1 LT. 07 URBIRIOS", "area_m2": 120.0, "frente_uti": 8.0, "frente_tot": 0.0, "avaluo_con": 3897.43, "avaluo_sue": 8760.0, "zonaurbano": "URBANA", "parroquia": "TARQUI", "esta_bloqu": "NO", "es_tercera": "NO", "tiene_elec": "SI", "tiene_agua": "SI", "tiene_alca": "NO", "observacio": "C-4021-03", "observac_1": null, "barrio": "URBIRRIOS X", "parroquia_": 3, "barrio_id": 331, "proceso": 1, "fecha_regi": null, "activo_cat": "SI", "desactivad": 0, "avaluo_rem": 0.0, "avaluo_r_1": 0.0, "clasificac": "DEPURACION CATASTRO", "anio_deuda": 2015, "deuda": 395.9, "valor_ip": 0.0, "coactiva": null, "ficharegis": 22683, "etam": 0.0912870929, "diferencia": 5.2169589276000004, "porc_difer": 0.0434746577, "admisible": 1, "deuda_anio": 379.24, "2019_csv_C": null, "Clavepre": "3-32-44-07-000", "ORIG_FID": 157 }, "geometry": { "type": "Point", "coordinates": [ -80.723647690570857, -0.981698437855255 ] } },
{ "type": "Feature", "properties": { "id": 92666, "lote_id": 68272, "clavecatas": "3-32-44-08-000", "zona": "3", "sector": "32", "manzana": "44", "lote": "08", "ph": "000", "propietari": "INTRIAGO MANUEL CLOTARIO", "documentop": "1304165242", "direccion": "URB. MUNICIPAL URBIRIOS MZ-G-1 LT. 08", "area_m2": 120.0, "frente_uti": 8.0, "frente_tot": 0.0, "avaluo_con": 3360.0, "avaluo_sue": 8760.0, "zonaurbano": "URBANA", "parroquia": "TARQUI", "esta_bloqu": "NO", "es_tercera": "SI", "tiene_elec": "SI", "tiene_agua": "SI", "tiene_alca": "NO", "observacio": "C-4020-03.-SE MODIF.NOMBRE X DEPURAC.26/06/12 A.Q.SE EMITE CERT. REV.X ANGEL MENDOZA Y ELAB.X MARISOL A.C-20757-14 -SELLO CVTA.DANIEL S. 05/19/14 Y.C.S.-", "observac_1": null, "barrio": "URBIRRIOS X", "parroquia_": 3, "barrio_id": 331, "proceso": 1, "fecha_regi": null, "activo_cat": "SI", "desactivad": 0, "avaluo_rem": 0.0, "avaluo_r_1": 0.0, "clasificac": "GENERAL", "anio_deuda": 2015, "deuda": 488.29, "valor_ip": 0.0, "coactiva": null, "ficharegis": 42857, "etam": 0.0912870929, "diferencia": 9.7167198058000004, "porc_difer": 0.080972665, "admisible": 1, "deuda_anio": 473.93, "2019_csv_C": null, "Clavepre": "3-32-44-08-000", "ORIG_FID": 158 }, "geometry": { "type": "Point", "coordinates": [ -80.72370018911694, -0.981649534367574 ] } },
{ "type": "Feature", "properties": { "id": 92641, "lote_id": 68247, "clavecatas": "3-32-40-19-000", "zona": "3", "sector": "32", "manzana": "40", "lote": "19", "ph": "000", "propietari": "LOOR MURILLO CITA ALFREDINA", "documentop": "1301116289", "direccion": "MZ-I-5 LT.19 URBIRIOS", "area_m2": 120.0, "frente_uti": 8.0, "frente_tot": 8.0, "avaluo_con": 18739.84, "avaluo_sue": 8760.0, "zonaurbano": "URBANA", "parroquia": "TARQUI", "esta_bloqu": "NO", "es_tercera": "NO", "tiene_elec": "SI", "tiene_agua": "SI", "tiene_alca": "NO", "observacio": "C-4086-03 -SELLO DONACION LUIS L. 01/24/12 Y.C.S.-\r\n\r\nINF. PARA CANON DE ARRENDAMIENTO INSP, LUIS LOPEZ MARZO 09-17 MR CANON 004-17", "observac_1": null, "barrio": "URBIRRIOS X", "parroquia_": 3, "barrio_id": 331, "proceso": 1, "fecha_regi": null, "activo_cat": "SI", "desactivad": 0, "avaluo_rem": 0.0, "avaluo_r_1": 0.0, "clasificac": "GENERAL", "anio_deuda": 2026, "deuda": 20.79, "valor_ip": 0.0, "coactiva": null, "ficharegis": 27917, "etam": 0.0912870929, "diferencia": -14.172278207, "porc_difer": -0.1181023184, "admisible": 0, "deuda_anio": 0.0, "2019_csv_C": null, "Clavepre": "3-32-40-19-000", "ORIG_FID": 159 }, "geometry": { "type": "Point", "coordinates": [ -80.721498623878986, -0.982401641114631 ] } },
{ "type": "Feature", "properties": { "id": 92642, "lote_id": 68248, "clavecatas": "3-32-40-20-000", "zona": "3", "sector": "32", "manzana": "40", "lote": "20", "ph": "000", "propietari": "MENDOZA PALMA HILER Y SRA.", "documentop": "0907130157", "direccion": "MZ-I-5 LT. 20 URB. URBIRRIOS", "area_m2": 150.0, "frente_uti": 25.0, "frente_tot": 0.0, "avaluo_con": 6975.0, "avaluo_sue": 11497.5, "zonaurbano": "URBANA", "parroquia": "TARQUI", "esta_bloqu": "NO", "es_tercera": "SI", "tiene_elec": "SI", "tiene_agua": "SI", "tiene_alca": "NO", "observacio": "C-4087-03 -SELLO LUIS L. 03/01/07 Y.C.S.- C-1801-07 C/4136/07 C-5470-08 C-032-09", "observac_1": null, "barrio": "URBIRRIOS X", "parroquia_": 3, "barrio_id": 331, "proceso": 1, "fecha_regi": null, "activo_cat": "SI", "desactivad": 0, "avaluo_rem": 0.0, "avaluo_r_1": 0.0, "clasificac": "DEPURACION CATASTRO", "anio_deuda": 0, "deuda": 0.0, "valor_ip": 0.0, "coactiva": null, "ficharegis": 7064, "etam": 0.0816496581, "diferencia": -21.145595684700002, "porc_difer": -0.1409706379, "admisible": 0, "deuda_anio": 0.0, "2019_csv_C": null, "Clavepre": "3-32-40-20-000", "ORIG_FID": 160 }, "geometry": { "type": "Point", "coordinates": [ -80.721575372046829, -0.982370345159274 ] } },
{ "type": "Feature", "properties": { "id": 92643, "lote_id": 68249, "clavecatas": "3-32-42-01-000", "zona": "3", "sector": "32", "manzana": "42", "lote": "01", "ph": "000", "propietari": "MONTALUISA CAÑA MILTON RAUL", "documentop": "0501966675", "direccion": "MZ-I-4 LT. 01 URBIRIOS", "area_m2": 120.0, "frente_uti": 23.0, "frente_tot": 23.0, "avaluo_con": 18460.93, "avaluo_sue": 8760.0, "zonaurbano": "URBANA", "parroquia": "TARQUI", "esta_bloqu": "NO", "es_tercera": "NO", "tiene_elec": "NO", "tiene_agua": "NO", "tiene_alca": "NO", "observacio": "C-3957-03* 951-2005", "observac_1": null, "barrio": "URBIRRIOS X", "parroquia_": 3, "barrio_id": 331, "proceso": 1, "fecha_regi": null, "activo_cat": "SI", "desactivad": 0, "avaluo_rem": 0.0, "avaluo_r_1": 0.0, "clasificac": "DEPURACION CATASTRO", "anio_deuda": 2022, "deuda": 327.89, "valor_ip": 0.0, "coactiva": null, "ficharegis": 28996, "etam": 0.0912870929, "diferencia": 3.7322510595999998, "porc_difer": 0.0311020922, "admisible": 1, "deuda_anio": 270.9, "2019_csv_C": null, "Clavepre": "3-32-42-01-000", "ORIG_FID": 161 }, "geometry": { "type": "Point", "coordinates": [ -80.720880087214169, -0.982788653682551 ] } },
{ "type": "Feature", "properties": { "id": 92648, "lote_id": 68254, "clavecatas": "3-32-42-06-000", "zona": "3", "sector": "32", "manzana": "42", "lote": "06", "ph": "000", "propietari": "VEGA LOOR MIGUEL ANGEL", "documentop": "1313068056", "direccion": "MZ-I-4 LOTE  06 URBIRIOS", "area_m2": 120.0, "frente_uti": 8.0, "frente_tot": 0.0, "avaluo_con": 2496.0, "avaluo_sue": 8760.0, "zonaurbano": "URBANA", "parroquia": "TARQUI", "esta_bloqu": "NO", "es_tercera": "NO", "tiene_elec": "SI", "tiene_agua": "SI", "tiene_alca": "NO", "observacio": "C-3962-03 C-3157-06 C.VTA MUNICIPAL INF. CARLOS D. SEPT. 25/06 MR\r\nSOLAR INF. ARQ. PATRICIO LEÓN\r\n19/MARZO/2018 INF. PARA CERTIFICADO INGRESADO POR VENTANILLA REIZADO POR FERNANDO NAVARRETE  AUTORIZA DIR. REALIZAR EN MANTA GIS,  19 DE MARZO  DEL 2018, M", "observac_1": null, "barrio": "URBIRRIOS X", "parroquia_": 3, "barrio_id": 331, "proceso": 1, "fecha_regi": null, "activo_cat": "SI", "desactivad": 0, "avaluo_rem": 0.0, "avaluo_r_1": 0.0, "clasificac": "GENERAL", "anio_deuda": 2026, "deuda": 13.08, "valor_ip": 0.0, "coactiva": null, "ficharegis": 23002, "etam": 0.0912870929, "diferencia": -0.39405924, "porc_difer": -0.003283827, "admisible": 1, "deuda_anio": 0.0, "2019_csv_C": null, "Clavepre": "3-32-42-06-000", "ORIG_FID": 162 }, "geometry": { "type": "Point", "coordinates": [ -80.720537452449662, -0.982927685286983 ] } },
{ "type": "Feature", "properties": { "id": 92649, "lote_id": 68255, "clavecatas": "3-32-42-07-000", "zona": "3", "sector": "32", "manzana": "42", "lote": "07", "ph": "000", "propietari": "DELGADO GARCIA YEREMY ANTONIO", "documentop": "1315331478", "direccion": "MZ-I-4 LT. 07 URBIRRIOS", "area_m2": 120.0, "frente_uti": 8.0, "frente_tot": 0.0, "avaluo_con": 26944.0, "avaluo_sue": 8760.0, "zonaurbano": "URBANA", "parroquia": "TARQUI", "esta_bloqu": "NO", "es_tercera": "NO", "tiene_elec": "SI", "tiene_agua": "SI", "tiene_alca": "NO", "observacio": "C-3984-03 C-2441-05 -SELLO LUIS L.09/30/05 Y.C.S.- C-7017-08 -SELLO CARLOS D. 11/14/08 Y.C.S.-SE ACTUALIZA INF CON ESCRITURA DE CVTA INSCRITA EN EL REG. DE LA PROPIEDAD.18/12/2020 GGV -SE ACTUALIZA INFORMACION CON ESCRITURA DE CVTA.INSCRITA EN EL REG.DE", "observac_1": null, "barrio": "URBIRRIOS X", "parroquia_": 3, "barrio_id": 331, "proceso": 1, "fecha_regi": null, "activo_cat": "SI", "desactivad": 0, "avaluo_rem": 0.0, "avaluo_r_1": 0.0, "clasificac": "GENERAL", "anio_deuda": 2026, "deuda": 32.06, "valor_ip": 0.0, "coactiva": null, "ficharegis": 8756, "etam": 0.0912870929, "diferencia": -5.8332125776000003, "porc_difer": -0.0486101048, "admisible": 1, "deuda_anio": 0.0, "2019_csv_C": null, "Clavepre": "3-32-42-07-000", "ORIG_FID": 163 }, "geometry": { "type": "Point", "coordinates": [ -80.720469809862522, -0.982954903097905 ] } },
{ "type": "Feature", "properties": { "id": 92650, "lote_id": 68256, "clavecatas": "3-32-42-08-000", "zona": "3", "sector": "32", "manzana": "42", "lote": "08", "ph": "000", "propietari": "ESPINOZA ESPINOZA SONNIA ROSARIO", "documentop": "1307962181", "direccion": "MZ-I-4 LT. 08 URB. URBIRIOS", "area_m2": 150.0, "frente_uti": 25.0, "frente_tot": 25.0, "avaluo_con": 9632.0, "avaluo_sue": 10950.0, "zonaurbano": "URBANA", "parroquia": "TARQUI", "esta_bloqu": "NO", "es_tercera": "NO", "tiene_elec": "SI", "tiene_agua": "SI", "tiene_alca": "SI", "observacio": "C-3963-03 -SELLO LUIS L. 11/09/04 Y.C.S.- -SE SELLA LA COPIA CUARTA POR AUT.DE MARIOSL YA QUE SE LE PERDIO LA PRIMERA QUE ETSBAA SELLADA. CARLOS D.12/20/04 Y.C.S.-1.419-05\r\n\r\nACTZ.INF.PARA CERTIFICADO VALERIA VERA,  Y  REVISADO POR ARQ.  MIGUEL  CAJAPE,\r", "observac_1": null, "barrio": "URBIRRIOS X", "parroquia_": 3, "barrio_id": 331, "proceso": 1, "fecha_regi": null, "activo_cat": "SI", "desactivad": 0, "avaluo_rem": 0.0, "avaluo_r_1": 0.0, "clasificac": "DEPURACION CATASTRO", "anio_deuda": 0, "deuda": 0.0, "valor_ip": 0.0, "coactiva": null, "ficharegis": 29157, "etam": 0.0816496581, "diferencia": -9.2052557106999995, "porc_difer": -0.0613683714, "admisible": 1, "deuda_anio": 0.0, "2019_csv_C": null, "Clavepre": "3-32-42-08-000", "ORIG_FID": 164 }, "geometry": { "type": "Point", "coordinates": [ -80.720345610127211, -0.982852193508695 ] } },
{ "type": "Feature", "properties": { "id": 92667, "lote_id": 68273, "clavecatas": "3-32-44-09-000", "zona": "3", "sector": "32", "manzana": "44", "lote": "09", "ph": "000", "propietari": "LOOR CEVALLOS OSCAR Y SRA.", "documentop": "1308259918", "direccion": "MZ-G1 LT. 9 URBIRIOS", "area_m2": 120.0, "frente_uti": 8.0, "frente_tot": 0.0, "avaluo_con": 0.0, "avaluo_sue": 8760.0, "zonaurbano": "URBANA", "parroquia": "TARQUI", "esta_bloqu": "NO", "es_tercera": "NO", "tiene_elec": "SI", "tiene_agua": "SI", "tiene_alca": "NO", "observacio": "C-4019-03 -Sello Luis L. 12/10/04 Y.C.S.-935-05", "observac_1": null, "barrio": "URBIRRIOS X", "parroquia_": 3, "barrio_id": 331, "proceso": 1, "fecha_regi": null, "activo_cat": "SI", "desactivad": 0, "avaluo_rem": 0.0, "avaluo_r_1": 0.0, "clasificac": "DEPURACION CATASTRO", "anio_deuda": 2010, "deuda": 584.35, "valor_ip": 0.0, "coactiva": null, "ficharegis": 23343, "etam": 0.0912870929, "diferencia": -0.8953732078, "porc_difer": -0.0074614434, "admisible": 1, "deuda_anio": 570.8, "2019_csv_C": null, "Clavepre": "3-32-44-09-000", "ORIG_FID": 165 }, "geometry": { "type": "Point", "coordinates": [ -80.723754194939445, -0.98160062012573 ] } },
{ "type": "Feature", "properties": { "id": 92651, "lote_id": 68257, "clavecatas": "3-32-42-09-000", "zona": "3", "sector": "32", "manzana": "42", "lote": "09", "ph": "000", "propietari": "MENDOZA HERRERA JUANFER SEBASTIAN", "documentop": "00022", "direccion": "MZ-I-4 LT.  09  URB. URBIRIOS", "area_m2": 120.0, "frente_uti": 8.0, "frente_tot": 0.0, "avaluo_con": 11232.0, "avaluo_sue": 8760.0, "zonaurbano": "URBANA", "parroquia": "TARQUI", "esta_bloqu": "NO", "es_tercera": "NO", "tiene_elec": "SI", "tiene_agua": "SI", "tiene_alca": "SI", "observacio": "6938-09 C-3964-03 C-2014 -SELLO LUIS L.05/09/05 Y.C.S.- -SELLO EXT. PAT.FAM.LUIS L.09/30/05 Y.C.S.- -CERT.4980-05 C-2460-06 -SELLO CARLOS D. 10/13/06 Y.C.S.- C-6619-08 SELLO CVTA X LUPITA 21/10/08 A.Q.ACTZ.INF.PARA CERTIFICADO DANIEL SALDARREAGA Y GRUPO", "observac_1": null, "barrio": "URBIRRIOS X", "parroquia_": 3, "barrio_id": 331, "proceso": 1, "fecha_regi": null, "activo_cat": "SI", "desactivad": 0, "avaluo_rem": 0.0, "avaluo_r_1": 0.0, "clasificac": "GENERAL", "anio_deuda": 2013, "deuda": 810.87, "valor_ip": 0.0, "coactiva": null, "ficharegis": 8240, "etam": 0.0912870929, "diferencia": -7.3736516877999998, "porc_difer": -0.0614470974, "admisible": 1, "deuda_anio": 0.0, "2019_csv_C": null, "Clavepre": "3-32-42-09-000", "ORIG_FID": 166 }, "geometry": { "type": "Point", "coordinates": [ -80.720422218231093, -0.982823102205523 ] } },
{ "type": "Feature", "properties": { "id": 92652, "lote_id": 68258, "clavecatas": "3-32-42-10-000", "zona": "3", "sector": "32", "manzana": "42", "lote": "10", "ph": "000", "propietari": "MACIAS MACIAS ANNABEL MONSERRATE", "documentop": "1306428408", "direccion": "MZ-I-4 LT. 10 URBIRIOS", "area_m2": 120.0, "frente_uti": 8.0, "frente_tot": 8.0, "avaluo_con": 11819.52, "avaluo_sue": 8760.0, "zonaurbano": "URBANA", "parroquia": "TARQUI", "esta_bloqu": "NO", "es_tercera": "NO", "tiene_elec": "SI", "tiene_agua": "SI", "tiene_alca": "NO", "observacio": "C-3965-03 -SELLO LUIS L. 04/07/05 Y.C.S.- C-2986-05 2296-08 MDV -SE ACTUALIZA INFORMACION CON ESCRITURA DE CVTA.E HIP.AB.INSCRITA EN EL REG.DE LA PROPIEDAD 06/05/19 Y.C.S.-", "observac_1": null, "barrio": "URBIRRIOS X", "parroquia_": 3, "barrio_id": 331, "proceso": 1, "fecha_regi": null, "activo_cat": "SI", "desactivad": 0, "avaluo_rem": 0.0, "avaluo_r_1": 0.0, "clasificac": "GENERAL", "anio_deuda": 2024, "deuda": 129.75, "valor_ip": 0.0, "coactiva": null, "ficharegis": 3090, "etam": 0.0912870929, "diferencia": -5.6538203224999997, "porc_difer": -0.0471151694, "admisible": 1, "deuda_anio": 95.16, "2019_csv_C": null, "Clavepre": "3-32-42-10-000", "ORIG_FID": 167 }, "geometry": { "type": "Point", "coordinates": [ -80.720489421614502, -0.982796672653838 ] } },
{ "type": "Feature", "properties": { "id": 92653, "lote_id": 68259, "clavecatas": "3-32-42-11-000", "zona": "3", "sector": "32", "manzana": "42", "lote": "11", "ph": "000", "propietari": "CASTRO MADRID MARIA ALEXANDRA", "documentop": "1309561262", "direccion": "MZ-I-4 LT. 11 URBANIZACION URBIRIOS", "area_m2": 120.0, "frente_uti": 8.0, "frente_tot": 0.0, "avaluo_con": 0.0, "avaluo_sue": 8760.0, "zonaurbano": "URBANA", "parroquia": "TARQUI", "esta_bloqu": "NO", "es_tercera": "NO", "tiene_elec": "SI", "tiene_agua": "SI", "tiene_alca": "NO", "observacio": "C-3966-03-SELLO CARLOS D.11/10/04 YCS-INF.PARA CERT.VENTANILLA DELI CHAVEZ REVIZADO X EL TECNICO MIGUEL CAJAPE 10-17-13 CERT.16.096-13 -SELLO CVTA.DE GANANC.JULIO L.11/07/13 Y.C.S.-\r\n\r\nING. PARA CERTIF.  POR LORENA LOOR,   REV.  ARQ. MARIA FERRIN,  JUNIO", "observac_1": null, "barrio": "URBIRRIOS X", "parroquia_": 3, "barrio_id": 331, "proceso": 1, "fecha_regi": null, "activo_cat": "SI", "desactivad": 0, "avaluo_rem": 0.0, "avaluo_r_1": 0.0, "clasificac": "GENERAL", "anio_deuda": 0, "deuda": 0.0, "valor_ip": 0.0, "coactiva": null, "ficharegis": 40063, "etam": 0.0912870929, "diferencia": -7.6465051609000003, "porc_difer": -0.0637208763, "admisible": 1, "deuda_anio": 0.0, "2019_csv_C": null, "Clavepre": "3-32-42-11-000", "ORIG_FID": 168 }, "geometry": { "type": "Point", "coordinates": [ -80.720556734993025, -0.982769785045852 ] } },
{ "type": "Feature", "properties": { "id": 92654, "lote_id": 68260, "clavecatas": "3-32-42-12-000", "zona": "3", "sector": "32", "manzana": "42", "lote": "12", "ph": "000", "propietari": "CABEZAS OBREGON JUAN BOSCO", "documentop": "1309896213", "direccion": "MZ-I-4 LT. 12 URB. MUNICIPAL URBIRRIOS", "area_m2": 120.0, "frente_uti": 8.0, "frente_tot": 0.0, "avaluo_con": 32659.2, "avaluo_sue": 8760.0, "zonaurbano": "URBANA", "parroquia": "TARQUI", "esta_bloqu": "NO", "es_tercera": "NO", "tiene_elec": "SI", "tiene_agua": "SI", "tiene_alca": "NO", "observacio": "C-3969-03 C-4209-06.-SE MODIF.NOMBRE X DEPURAC.26/06/12 A.Q.CERTIFICADO DE AVALÚOS INF.PATRICIO LEÓN 07/JUNIO/2017 PTE ACTUALIZAR AUT.DE PLAU-SELLO CVTA.CON PAT.FAM.INSC.TARDIA 2006 (S/F) 06/16/17 Y.C.S.-INF. PARA CERTIFICADO REVIZZADO, POR FERNANDO NA", "observac_1": null, "barrio": "URBIRRIOS X", "parroquia_": 5, "barrio_id": 331, "proceso": 1, "fecha_regi": null, "activo_cat": "SI", "desactivad": 0, "avaluo_rem": 0.0, "avaluo_r_1": 0.0, "clasificac": "GENERAL", "anio_deuda": 2018, "deuda": 1100.5, "valor_ip": 0.0, "coactiva": null, "ficharegis": 60129, "etam": 0.0912870929, "diferencia": -6.5004860104000004, "porc_difer": -0.0541707168, "admisible": 1, "deuda_anio": 1026.27, "2019_csv_C": null, "Clavepre": "3-32-42-12-000", "ORIG_FID": 169 }, "geometry": { "type": "Point", "coordinates": [ -80.720624280953061, -0.982742917602458 ] } },
{ "type": "Feature", "properties": { "id": 92655, "lote_id": 68261, "clavecatas": "3-32-42-13-000", "zona": "3", "sector": "32", "manzana": "42", "lote": "13", "ph": "000", "propietari": "ESTUPIÑAN LINCE MARIA LORENA", "documentop": "1311346215", "direccion": "MZ-I-4 LT. 13 URB. URBIRRIOS", "area_m2": 120.0, "frente_uti": 8.0, "frente_tot": 0.0, "avaluo_con": 29798.0, "avaluo_sue": 8760.0, "zonaurbano": "URBANA", "parroquia": "TARQUI", "esta_bloqu": "NO", "es_tercera": "NO", "tiene_elec": "SI", "tiene_agua": "SI", "tiene_alca": "NO", "observacio": "C-3970-03 -SELLO LUIS L. 09/07/04 Y.C.S.-SE ACTUALIZA INF CON ESCRITURA EN ESCRITURA DE CVTA.27/10/2023 GGV", "observac_1": null, "barrio": "URBIRRIOS X", "parroquia_": 3, "barrio_id": 331, "proceso": 1, "fecha_regi": null, "activo_cat": "SI", "desactivad": 0, "avaluo_rem": 0.0, "avaluo_r_1": 0.0, "clasificac": "GENERAL", "anio_deuda": 0, "deuda": 0.0, "valor_ip": 0.0, "coactiva": null, "ficharegis": 27964, "etam": 0.0912870929, "diferencia": -10.575113093900001, "porc_difer": -0.0881259424, "admisible": 1, "deuda_anio": 0.0, "2019_csv_C": null, "Clavepre": "3-32-42-13-000", "ORIG_FID": 170 }, "geometry": { "type": "Point", "coordinates": [ -80.720690633848278, -0.982715491269257 ] } },
{ "type": "Feature", "properties": { "id": 92656, "lote_id": 68262, "clavecatas": "3-32-42-14-000", "zona": "3", "sector": "32", "manzana": "42", "lote": "14", "ph": "000", "propietari": "MORALES VARGAS JORGE ENRIQUE", "documentop": "0907080469", "direccion": "MZ-I-4 LT. 14 URBIRIOS", "area_m2": 120.0, "frente_uti": 8.0, "frente_tot": 8.0, "avaluo_con": 46258.01, "avaluo_sue": 8760.0, "zonaurbano": "URBANA", "parroquia": "TARQUI", "esta_bloqu": "NO", "es_tercera": "SI", "tiene_elec": "SI", "tiene_agua": "SI", "tiene_alca": "NO", "observacio": "C-3967-03 -C.3602-06 -Sello Carlos D.10/23/06 Y.C.S.-", "observac_1": null, "barrio": "URBIRRIOS X", "parroquia_": 3, "barrio_id": 331, "proceso": 1, "fecha_regi": null, "activo_cat": "SI", "desactivad": 0, "avaluo_rem": 0.0, "avaluo_r_1": 0.0, "clasificac": "DEPURACION CATASTRO", "anio_deuda": 2017, "deuda": 1350.63, "valor_ip": 0.0, "coactiva": null, "ficharegis": 28840, "etam": 0.0912870929, "diferencia": -13.323334581799999, "porc_difer": -0.1110277882, "admisible": 0, "deuda_anio": 1292.78, "2019_csv_C": null, "Clavepre": "3-32-42-14-000", "ORIG_FID": 171 }, "geometry": { "type": "Point", "coordinates": [ -80.720758636541248, -0.982689660262224 ] } },
{ "type": "Feature", "properties": { "id": 92658, "lote_id": 68264, "clavecatas": "3-32-42-16-000", "zona": "3", "sector": "32", "manzana": "42", "lote": "16", "ph": "000", "propietari": "DELGADO MERA DIEGO JOEL", "documentop": "1315641645", "direccion": "MZ-I-4 LT. 7A  URBIRRIOS", "area_m2": 120.0, "frente_uti": 23.0, "frente_tot": 0.0, "avaluo_con": 0.0, "avaluo_sue": 9198.0, "zonaurbano": "URBANA", "parroquia": "TARQUI", "esta_bloqu": "NO", "es_tercera": "NO", "tiene_elec": "NO", "tiene_agua": "NO", "tiene_alca": "NO", "observacio": "C-3971-03 C-173-06 -SELLO PATRICIO L.02/10/06 Y.C.S.- -SELLO EXT.PAT.FAM.PATRICIO L. 11/14/08 Y.C.S.- C-7684-08--C. VTA INF. CARLOS D. DIC. 04/08 MR-SE ACTUALIZA INF CON ESCRITURA DE CVTA INSCRITA EN EL REG. DE LA PROPIEDAD.17/12/2020 GGV", "observac_1": null, "barrio": "URBIRRIOS X", "parroquia_": 3, "barrio_id": 331, "proceso": 1, "fecha_regi": null, "activo_cat": "SI", "desactivad": 0, "avaluo_rem": 0.0, "avaluo_r_1": 0.0, "clasificac": "DEPURACION CATASTRO", "anio_deuda": 2025, "deuda": 32.91, "valor_ip": 0.0, "coactiva": null, "ficharegis": 8751, "etam": 0.0912870929, "diferencia": -26.293822843000001, "porc_difer": -0.2191151904, "admisible": 0, "deuda_anio": 19.21, "2019_csv_C": null, "Clavepre": "3-32-42-16-000", "ORIG_FID": 172 }, "geometry": { "type": "Point", "coordinates": [ -80.72039515952747, -0.982983112922638 ] } },
{ "type": "Feature", "properties": { "id": 92659, "lote_id": 68265, "clavecatas": "3-32-44-01-000", "zona": "3", "sector": "32", "manzana": "44", "lote": "01", "ph": "000", "propietari": "ROMERO BARRETO PAULO Y SRA .", "documentop": "0918618307", "direccion": "MZ-G1 LT. 01 URBIRIOS", "area_m2": 150.0, "frente_uti": 25.0, "frente_tot": 0.0, "avaluo_con": 0.0, "avaluo_sue": 10950.0, "zonaurbano": "URBANA", "parroquia": "TARQUI", "esta_bloqu": "NO", "es_tercera": "NO", "tiene_elec": "SI", "tiene_agua": "SI", "tiene_alca": "NO", "observacio": "C-4027-03 C-293-05 c.vta febrero 02/2005 inf. Luis L. mr c-4425-07", "observac_1": null, "barrio": "URBIRRIOS X", "parroquia_": 3, "barrio_id": 331, "proceso": 1, "fecha_regi": null, "activo_cat": "SI", "desactivad": 0, "avaluo_rem": 0.0, "avaluo_r_1": 0.0, "clasificac": "DEPURACION CATASTRO", "anio_deuda": 0, "deuda": 0.0, "valor_ip": 0.0, "coactiva": null, "ficharegis": 0, "etam": 0.0816496581, "diferencia": 7.154602563, "porc_difer": 0.0476973504, "admisible": 1, "deuda_anio": 0.0, "2019_csv_C": null, "Clavepre": "3-32-44-01-000", "ORIG_FID": 173 }, "geometry": { "type": "Point", "coordinates": [ -80.723308900695088, -0.981980834122187 ] } },
{ "type": "Feature", "properties": { "id": 92660, "lote_id": 68266, "clavecatas": "3-32-44-02-000", "zona": "3", "sector": "32", "manzana": "44", "lote": "02", "ph": "000", "propietari": "TUMBACO GUARANDA JUANA MARIANA", "documentop": "1306174911", "direccion": "URBZ. URBIRRIOS MZ. G-1, LT. 02", "area_m2": 120.0, "frente_uti": 8.0, "frente_tot": 0.0, "avaluo_con": 4968.0, "avaluo_sue": 8760.0, "zonaurbano": "URBANA", "parroquia": "TARQUI", "esta_bloqu": "NO", "es_tercera": "SI", "tiene_elec": "SI", "tiene_agua": "SI", "tiene_alca": "SI", "observacio": "C-4026-03 C-3176-08.- INGRESADO EN VENTANILLA X LUIS PLUA, REVISADO X ARQ. FERNANDO PAREDES, ELABORADO X LCDA. DELI CHAVEZ ABRIL 24/13 CERTF. N.12.296.- -SELLO DONACION DANIEL S. 06/10/13 Y.C.S.-", "observac_1": "SE BLOQUEA PORQUE SE REALIZA CRUCES DE CUENTA DE VALORES CANCELADOS CON CLAVE EQUIVOCADA RESOL 021, PRESENTAR RECIBOS DE PAGO ORIGINALES CON ANITA FIGUEROA", "barrio": "URBIRRIOS X", "parroquia_": 3, "barrio_id": 331, "proceso": 1, "fecha_regi": null, "activo_cat": "SI", "desactivad": 0, "avaluo_rem": 0.0, "avaluo_r_1": 0.0, "clasificac": "GENERAL", "anio_deuda": 2014, "deuda": 431.4, "valor_ip": 0.0, "coactiva": null, "ficharegis": 39887, "etam": 0.0912870929, "diferencia": -0.1777745232, "porc_difer": -0.0014814544, "admisible": 1, "deuda_anio": 417.95, "2019_csv_C": null, "Clavepre": "3-32-44-02-000", "ORIG_FID": 174 }, "geometry": { "type": "Point", "coordinates": [ -80.723371516011056, -0.981928934974618 ] } },
{ "type": "Feature", "properties": { "id": 92661, "lote_id": 68267, "clavecatas": "3-32-44-03-000", "zona": "3", "sector": "32", "manzana": "44", "lote": "03", "ph": "000", "propietari": "BRIONES MARIA ESTHER", "documentop": "1304650623", "direccion": "MZ-G1 LT. 3 URBIRIOS", "area_m2": 120.0, "frente_uti": 8.0, "frente_tot": 0.0, "avaluo_con": 1234.02, "avaluo_sue": 8760.0, "zonaurbano": "URBANA", "parroquia": "TARQUI", "esta_bloqu": "NO", "es_tercera": "NO", "tiene_elec": "SI", "tiene_agua": "SI", "tiene_alca": "NO", "observacio": "C-4025-03 C-1613-08     donacion inf. fernando navarrete marzo 27/08 mr 3.106-MDV", "observac_1": null, "barrio": "URBIRRIOS X", "parroquia_": 3, "barrio_id": 331, "proceso": 1, "fecha_regi": null, "activo_cat": "SI", "desactivad": 0, "avaluo_rem": 0.0, "avaluo_r_1": 0.0, "clasificac": "DEPURACION CATASTRO", "anio_deuda": 0, "deuda": 0.0, "valor_ip": 0.0, "coactiva": null, "ficharegis": 1500, "etam": 0.0912870929, "diferencia": 0.831254745, "porc_difer": 0.0069271229, "admisible": 1, "deuda_anio": 0.0, "2019_csv_C": null, "Clavepre": "3-32-44-03-000", "ORIG_FID": 175 }, "geometry": { "type": "Point", "coordinates": [ -80.723427635357382, -0.98188350984797 ] } },
{ "type": "Feature", "properties": { "id": 92662, "lote_id": 68268, "clavecatas": "3-32-44-04-000", "zona": "3", "sector": "32", "manzana": "44", "lote": "04", "ph": "000", "propietari": "ESPINOZA VELEZ LUIS ANTONIO", "documentop": "1314873348", "direccion": "MZ-G1 LT. 04 URB. URBIRIOS", "area_m2": 120.0, "frente_uti": 8.0, "frente_tot": 8.0, "avaluo_con": 6552.0, "avaluo_sue": 8760.0, "zonaurbano": "URBANA", "parroquia": "TARQUI", "esta_bloqu": "NO", "es_tercera": "NO", "tiene_elec": "SI", "tiene_agua": "SI", "tiene_alca": "NO", "observacio": "C-4024-03 -SELLO DONACIÓN CARLOS D.04/13/05 Y.C.S.-INF.PARA CERT. REVIZADO X EL TECNICO MIGUEL CAJAPE 08-13-13 CERT.14.767-13 -SELLO CVTA.DANIEL S.08/22/13 Y.C.S.-", "observac_1": null, "barrio": "URBIRRIOS X", "parroquia_": 3, "barrio_id": 331, "proceso": 1, "fecha_regi": null, "activo_cat": "SI", "desactivad": 0, "avaluo_rem": 0.0, "avaluo_r_1": 0.0, "clasificac": "GENERAL", "anio_deuda": 2026, "deuda": 26.61, "valor_ip": 0.0, "coactiva": null, "ficharegis": 293, "etam": 0.0912870929, "diferencia": -5.0850479160999997, "porc_difer": -0.0423753993, "admisible": 1, "deuda_anio": 0.0, "2019_csv_C": null, "Clavepre": "3-32-44-04-000", "ORIG_FID": 176 }, "geometry": { "type": "Point", "coordinates": [ -80.723485212900812, -0.981836949454026 ] } },
{ "type": "Feature", "properties": { "id": 92673, "lote_id": 68279, "clavecatas": "3-32-44-15-000", "zona": "3", "sector": "32", "manzana": "44", "lote": "15", "ph": "000", "propietari": "CEVALLOS CHONILLO ALEXANDRA JAQUELINE", "documentop": "1307837680", "direccion": "MZ-G1 LT. 15 URBIRIOS 1", "area_m2": 120.0, "frente_uti": 8.0, "frente_tot": 0.0, "avaluo_con": 0.0, "avaluo_sue": 8760.0, "zonaurbano": "URBANA", "parroquia": "TARQUI", "esta_bloqu": "NO", "es_tercera": "NO", "tiene_elec": "SI", "tiene_agua": "SI", "tiene_alca": "NO", "observacio": "C-4013-03.-SE MODIF.NOMBRE X DEPURAC.26/06/12 A.Q.INF. PARA CERTIFICADO  REVIZADO POR LCDA MARIA MARISOL ARTEAGA RIVAS,  OCTUBRE 27 -16 MR INF. PARA CERTIFICADO  REVIZADO POR INSP. FERNANDO NAVARRETE,  MARZO 13-2017 -SE ACTUALIZA INFORMACION CON ESCRITUR", "observac_1": null, "barrio": "URBIRRIOS X", "parroquia_": 3, "barrio_id": 331, "proceso": 1, "fecha_regi": null, "activo_cat": "SI", "desactivad": 0, "avaluo_rem": 0.0, "avaluo_r_1": 0.0, "clasificac": "GENERAL", "anio_deuda": 2018, "deuda": 253.95, "valor_ip": 0.0, "coactiva": null, "ficharegis": 59326, "etam": 0.0912870929, "diferencia": 1.5472057838, "porc_difer": 0.0128933815, "admisible": 1, "deuda_anio": 240.06, "2019_csv_C": null, "Clavepre": "3-32-44-15-000", "ORIG_FID": 177 }, "geometry": { "type": "Point", "coordinates": [ -80.723683730152999, -0.981489296734482 ] } },
{ "type": "Feature", "properties": { "id": 92674, "lote_id": 68280, "clavecatas": "3-32-44-16-000", "zona": "3", "sector": "32", "manzana": "44", "lote": "16", "ph": "000", "propietari": "AVILA CEDEÑO LEONOR ALEXANDRA", "documentop": "1308256971", "direccion": "MZ-G1 LT. 16 URBIRIOS", "area_m2": 120.0, "frente_uti": 8.0, "frente_tot": 0.0, "avaluo_con": 0.0, "avaluo_sue": 8760.0, "zonaurbano": "URBANA", "parroquia": "TARQUI", "esta_bloqu": "NO", "es_tercera": "NO", "tiene_elec": "SI", "tiene_agua": "SI", "tiene_alca": "NO", "observacio": "C-4012-03 -SELLO CARLOS D. 10/26/04Y.C.S.-C-3240-07", "observac_1": null, "barrio": "URBIRRIOS X", "parroquia_": 3, "barrio_id": 331, "proceso": 1, "fecha_regi": null, "activo_cat": "SI", "desactivad": 0, "avaluo_rem": 0.0, "avaluo_r_1": 0.0, "clasificac": "DEPURACION CATASTRO", "anio_deuda": 2011, "deuda": 544.97, "valor_ip": 0.0, "coactiva": null, "ficharegis": 60908, "etam": 0.0912870929, "diferencia": 6.5967271477000002, "porc_difer": 0.0549727262, "admisible": 1, "deuda_anio": 531.42, "2019_csv_C": null, "Clavepre": "3-32-44-16-000", "ORIG_FID": 178 }, "geometry": { "type": "Point", "coordinates": [ -80.723630349260247, -0.981537603218348 ] } },
{ "type": "Feature", "properties": { "id": 92676, "lote_id": 68282, "clavecatas": "3-32-44-18-000", "zona": "3", "sector": "32", "manzana": "44", "lote": "18", "ph": "000", "propietari": "SANCHEZ ZAMORA MIREYA MARIA", "documentop": "1310583933", "direccion": "MZ-G1 LT. 18 URBIRIOS", "area_m2": 120.0, "frente_uti": 8.0, "frente_tot": 0.0, "avaluo_con": 0.0, "avaluo_sue": 8760.0, "zonaurbano": "URBANA", "parroquia": "TARQUI", "esta_bloqu": "NO", "es_tercera": "NO", "tiene_elec": "SI", "tiene_agua": "SI", "tiene_alca": "NO", "observacio": "C-4010-03 C-216-05 -Sello Carlos D.01/20/05 Y.C.S.-", "observac_1": null, "barrio": "URBIRRIOS X", "parroquia_": 3, "barrio_id": 331, "proceso": 1, "fecha_regi": null, "activo_cat": "SI", "desactivad": 0, "avaluo_rem": 0.0, "avaluo_r_1": 0.0, "clasificac": "DEPURACION CATASTRO", "anio_deuda": 2010, "deuda": 584.58, "valor_ip": 0.0, "coactiva": null, "ficharegis": 0, "etam": 0.0912870929, "diferencia": 9.3991620255000008, "porc_difer": 0.0783263502, "admisible": 1, "deuda_anio": 571.03, "2019_csv_C": null, "Clavepre": "3-32-44-18-000", "ORIG_FID": 179 }, "geometry": { "type": "Point", "coordinates": [ -80.723526039287407, -0.981631691382075 ] } },
{ "type": "Feature", "properties": { "id": 92677, "lote_id": 68283, "clavecatas": "3-32-44-19-000", "zona": "3", "sector": "32", "manzana": "44", "lote": "19", "ph": "000", "propietari": "CHAVEZ CASQUETE WILMA EDILMA", "documentop": "1305705038", "direccion": "MZ-G-1 LT. 19 URBIRIOS I", "area_m2": 120.0, "frente_uti": 8.0, "frente_tot": 0.0, "avaluo_con": 2160.0, "avaluo_sue": 8760.0, "zonaurbano": "URBANA", "parroquia": "TARQUI", "esta_bloqu": "NO", "es_tercera": "NO", "tiene_elec": "SI", "tiene_agua": "SI", "tiene_alca": "SI", "observacio": "C-4009-03,ING.DE NOMBRE INF.AMPARO Q. 08/08/07 MRACTZ.INF.PARA CERTIFICADO DANIEL SALDARREAGA Y GRUPO DE ARQ. TECNICO ABRIL 17/12 CERT.2.972-12.-SE MODIF.NOMBRE X DEPURAC.26/06/12 A.Q. I\r\nINF.PARA CERT.REVIZADO X PERITO MARISOL ARTEAGA 08-08-16 MR -SELLO", "observac_1": null, "barrio": "URBIRRIOS X", "parroquia_": 5, "barrio_id": 331, "proceso": 1, "fecha_regi": null, "activo_cat": "SI", "desactivad": 0, "avaluo_rem": 0.0, "avaluo_r_1": 0.0, "clasificac": "GENERAL", "anio_deuda": 0, "deuda": 0.0, "valor_ip": 0.0, "coactiva": null, "ficharegis": 33816, "etam": 0.0912870929, "diferencia": 0.7668998186, "porc_difer": 0.0063908318, "admisible": 1, "deuda_anio": 0.0, "2019_csv_C": null, "Clavepre": "3-32-44-19-000", "ORIG_FID": 180 }, "geometry": { "type": "Point", "coordinates": [ -80.723471584073692, -0.981676836989656 ] } },
{ "type": "Feature", "properties": { "id": 92678, "lote_id": 68284, "clavecatas": "3-32-44-20-000", "zona": "3", "sector": "32", "manzana": "44", "lote": "20", "ph": "000", "propietari": "PONCE AVILA GLENDY LOURDES", "documentop": "1304162157", "direccion": "MZ-G1 LT. 20 URBIRIOS", "area_m2": 120.0, "frente_uti": 8.0, "frente_tot": 0.0, "avaluo_con": 8589.38, "avaluo_sue": 8760.0, "zonaurbano": "URBANA", "parroquia": "TARQUI", "esta_bloqu": "NO", "es_tercera": "NO", "tiene_elec": "SI", "tiene_agua": "SI", "tiene_alca": "NO", "observacio": "C-4008-03 Sello Cvta. x Luis 25/082004 LLCH. C-298-05 3097-07 MDV, ING. CONCTRIUCCION INF. AMPARO Q. JUNIO 11/08 MR", "observac_1": null, "barrio": "URBIRRIOS X", "parroquia_": 3, "barrio_id": 331, "proceso": 1, "fecha_regi": null, "activo_cat": "SI", "desactivad": 0, "avaluo_rem": 0.0, "avaluo_r_1": 0.0, "clasificac": "DEPURACION CATASTRO", "anio_deuda": 2025, "deuda": 67.94, "valor_ip": 0.0, "coactiva": null, "ficharegis": 0, "etam": 0.0912870929, "diferencia": 5.0604109132000001, "porc_difer": 0.0421700909, "admisible": 1, "deuda_anio": 39.04, "2019_csv_C": null, "Clavepre": "3-32-44-20-000", "ORIG_FID": 181 }, "geometry": { "type": "Point", "coordinates": [ -80.723414412113144, -0.981722356370851 ] } },
{ "type": "Feature", "properties": { "id": 92680, "lote_id": 68286, "clavecatas": "3-32-44-22-000", "zona": "3", "sector": "32", "manzana": "44", "lote": "22", "ph": "000", "propietari": "ARTEAGA MOLINA WILSON Y ANTONIA PEREZ", "documentop": "1303381212", "direccion": "MZ-G1 LT. 22 URBIRIOS", "area_m2": 120.0, "frente_uti": 8.0, "frente_tot": 0.0, "avaluo_con": 15061.31, "avaluo_sue": 8760.0, "zonaurbano": "URBANA", "parroquia": "TARQUI", "esta_bloqu": "NO", "es_tercera": "NO", "tiene_elec": "SI", "tiene_agua": "SI", "tiene_alca": "NO", "observacio": "C-4002-03 -Sello donacion Carlos D., se ingresa la const. 03/02/05 Y.C.S.- C-4205-07 se ingresa la const. para cert. con inf. de Luis 08-24-07 mar", "observac_1": null, "barrio": "URBIRRIOS X", "parroquia_": 3, "barrio_id": 331, "proceso": 1, "fecha_regi": null, "activo_cat": "SI", "desactivad": 0, "avaluo_rem": 0.0, "avaluo_r_1": 0.0, "clasificac": "DEPURACION CATASTRO", "anio_deuda": 0, "deuda": 0.0, "valor_ip": 0.0, "coactiva": null, "ficharegis": 0, "etam": 0.0912870929, "diferencia": 5.8507099047000004, "porc_difer": 0.0487559159, "admisible": 1, "deuda_anio": 0.0, "2019_csv_C": null, "Clavepre": "3-32-44-22-000", "ORIG_FID": 182 }, "geometry": { "type": "Point", "coordinates": [ -80.723303342117262, -0.981816175667973 ] } },
{ "type": "Feature", "properties": { "id": 92681, "lote_id": 68287, "clavecatas": "3-32-44-23-000", "zona": "3", "sector": "32", "manzana": "44", "lote": "23", "ph": "000", "propietari": "RIVERA PONCE KLEBER ISMAEL", "documentop": "1308463403", "direccion": "URBZ. URBIRRIOS MZ. G-1 LT. 23", "area_m2": 150.0, "frente_uti": 25.0, "frente_tot": 25.0, "avaluo_con": 36960.0, "avaluo_sue": 10950.0, "zonaurbano": "URBANA", "parroquia": "TARQUI", "esta_bloqu": "NO", "es_tercera": "NO", "tiene_elec": "SI", "tiene_agua": "SI", "tiene_alca": "SI", "observacio": "C-4001-03.-INGRESADO EN VENTANILLA X LUIS PLUA,REVISADO X FERNANDO PAREDES,ELABORADO X DELI CHAVEZ 04/26/13 CERT.12.397.-INF.PARA CERT. ING.EN VENTANILLA RECIBIDO X VALERIA VERA,INSP.REVIZADO GRUPO TECNICO MIGUEL CAJAPE,06-27-13 CERT.13.612-13 -SELLO CVT", "observac_1": null, "barrio": "URBIRRIOS X", "parroquia_": 3, "barrio_id": 331, "proceso": 1, "fecha_regi": null, "activo_cat": "SI", "desactivad": 0, "avaluo_rem": 0.0, "avaluo_r_1": 0.0, "clasificac": "GENERAL", "anio_deuda": 2024, "deuda": 372.9, "valor_ip": 0.0, "coactiva": null, "ficharegis": 28725, "etam": 0.0816496581, "diferencia": 8.866103333, "porc_difer": 0.0591073556, "admisible": 1, "deuda_anio": 274.95, "2019_csv_C": null, "Clavepre": "3-32-44-23-000", "ORIG_FID": 183 }, "geometry": { "type": "Point", "coordinates": [ -80.723241658827064, -0.981869684281247 ] } },
{ "type": "Feature", "properties": { "id": 92696, "lote_id": 68301, "clavecatas": "3-32-47-06-000", "zona": "3", "sector": "32", "manzana": "47", "lote": "06", "ph": "000", "propietari": "MACIAS CARLOS JOEL Y SRA", "documentop": null, "direccion": "MZ-I-3 LT. 06 URBIRIOS", "area_m2": 120.0, "frente_uti": 8.0, "frente_tot": 0.0, "avaluo_con": 0.0, "avaluo_sue": 8760.0, "zonaurbano": "URBANA", "parroquia": "TARQUI", "esta_bloqu": "NO", "es_tercera": "NO", "tiene_elec": "SI", "tiene_agua": "SI", "tiene_alca": "NO", "observacio": "C-3877-03   SELLO INF. LUIS L. JUNIO 17/2004 MR C-2022-05 C-1215-07", "observac_1": null, "barrio": "URBIRRIOS X", "parroquia_": 3, "barrio_id": 331, "proceso": 1, "fecha_regi": null, "activo_cat": "SI", "desactivad": 0, "avaluo_rem": 0.0, "avaluo_r_1": 0.0, "clasificac": "DEPURACION CATASTRO", "anio_deuda": 0, "deuda": 0.0, "valor_ip": 0.0, "coactiva": null, "ficharegis": 70454, "etam": 0.0912870929, "diferencia": -0.6766884222, "porc_difer": -0.0056390702, "admisible": 1, "deuda_anio": 0.0, "2019_csv_C": null, "Clavepre": "3-32-47-06-000", "ORIG_FID": 184 }, "geometry": { "type": "Point", "coordinates": [ -80.721395175492205, -0.982940725794278 ] } },
{ "type": "Feature", "properties": { "id": 92684, "lote_id": 68290, "clavecatas": "3-32-44-26-000", "zona": "3", "sector": "32", "manzana": "44", "lote": "26", "ph": "000", "propietari": "GONZALEZ PICO CARMEN AZUCENA", "documentop": "1308202918", "direccion": "URBIRIOS MZ-G1 L-26", "area_m2": 107.76, "frente_uti": 8.0, "frente_tot": 0.0, "avaluo_con": 0.0, "avaluo_sue": 7866.48, "zonaurbano": "URBANA", "parroquia": "TARQUI", "esta_bloqu": "NO", "es_tercera": "NO", "tiene_elec": "SI", "tiene_agua": "SI", "tiene_alca": "NO", "observacio": "NUEVO INGR. SELLO REDÑ. AMPARO Q. 09/11/07 Y.C.S.- C-466-09.- SE MODIF. NOMBRE X DEPURAC. 26/06/12 A.Q.-SELLO ADJ.GLORIA G.08/13/14 Y.C.S.-", "observac_1": null, "barrio": "OTRAS AREAS", "parroquia_": 3, "barrio_id": 0, "proceso": 1, "fecha_regi": null, "activo_cat": "SI", "desactivad": 0, "avaluo_rem": 0.0, "avaluo_r_1": 0.0, "clasificac": "GENERAL", "anio_deuda": 2015, "deuda": 367.41, "valor_ip": 0.0, "coactiva": null, "ficharegis": 45083, "etam": 0.0963321401, "diferencia": 2.5029995429, "porc_difer": 0.0232275384, "admisible": 1, "deuda_anio": 354.29, "2019_csv_C": null, "Clavepre": "3-32-44-26-000", "ORIG_FID": 185 }, "geometry": { "type": "Point", "coordinates": [ -80.723947859987433, -0.981247617813988 ] } },
{ "type": "Feature", "properties": { "id": 92686, "lote_id": 68292, "clavecatas": "3-32-44-28-000", "zona": "3", "sector": "32", "manzana": "44", "lote": "28", "ph": "000", "propietari": "LOOR HERMIDA GABRIELA ADELA S/E /GAD MANTA", "documentop": "1310269780", "direccion": "MZ-G1 LT.28 URBIRIOS", "area_m2": 108.0, "frente_uti": 8.0, "frente_tot": 0.0, "avaluo_con": 0.0, "avaluo_sue": 7884.0, "zonaurbano": "URBANA", "parroquia": "TARQUI", "esta_bloqu": "NO", "es_tercera": "NO", "tiene_elec": "SI", "tiene_agua": "SI", "tiene_alca": "NO", "observacio": "INF. AMPARO Q. OCT. 18-05 MR -SE MODIFICA SELLO REDISEÑO AMPARO Q.09/11/07 Y.C.S.-SE MODIF.NOMBRE X DEPURAC.26/06/12 A.Q.", "observac_1": null, "barrio": "URBIRRIOS X", "parroquia_": 3, "barrio_id": 331, "proceso": 1, "fecha_regi": null, "activo_cat": "SI", "desactivad": 0, "avaluo_rem": 0.0, "avaluo_r_1": 0.0, "clasificac": "DEPURACION CATASTRO", "anio_deuda": 2010, "deuda": 565.84, "valor_ip": 0.0, "coactiva": null, "ficharegis": 0, "etam": 0.0962250449, "diferencia": -0.4410461756, "porc_difer": -0.0040837609, "admisible": 1, "deuda_anio": 553.03, "2019_csv_C": null, "Clavepre": "3-32-44-28-000", "ORIG_FID": 186 }, "geometry": { "type": "Point", "coordinates": [ -80.724010569831577, -0.981349791594646 ] } },
{ "type": "Feature", "properties": { "id": 92687, "lote_id": 68293, "clavecatas": "3-32-44-29-000", "zona": "3", "sector": "32", "manzana": "44", "lote": "29", "ph": "000", "propietari": "CEDEÑO FRANCO JOSE Y MACIAS MACIAS SANTA", "documentop": "1303841991", "direccion": "URBIRIOS MZ-G1 L-29", "area_m2": 105.93, "frente_uti": 8.0, "frente_tot": 0.0, "avaluo_con": 0.0, "avaluo_sue": 7732.89, "zonaurbano": "URBANA", "parroquia": "TARQUI", "esta_bloqu": "NO", "es_tercera": "NO", "tiene_elec": "SI", "tiene_agua": "SI", "tiene_alca": "NO", "observacio": "-Nuevo ingreso Sello rediseño Amparo Q.09/11/07 Y.C.S.- C-7279-08 sello donacion x carlos 31/03/09 a.q.", "observac_1": null, "barrio": "OTRAS AREAS", "parroquia_": 3, "barrio_id": 0, "proceso": 1, "fecha_regi": null, "activo_cat": "SI", "desactivad": 0, "avaluo_rem": 0.0, "avaluo_r_1": 0.0, "clasificac": "DEPURACION CATASTRO", "anio_deuda": 2010, "deuda": 561.78, "valor_ip": 0.0, "coactiva": null, "ficharegis": 6470, "etam": 0.0971606729, "diferencia": -11.5606912792, "porc_difer": -0.1091351957, "admisible": 0, "deuda_anio": 549.11, "2019_csv_C": null, "Clavepre": "3-32-44-29-000", "ORIG_FID": 187 }, "geometry": { "type": "Point", "coordinates": [ -80.724069136089199, -0.981300225181455 ] } },
{ "type": "Feature", "properties": { "id": 92688, "lote_id": 68294, "clavecatas": "3-32-44-30-000", "zona": "3", "sector": "32", "manzana": "44", "lote": "30", "ph": "000", "propietari": "PARRAGA HERMIDA RAMON Y SRA.", "documentop": "1309028304", "direccion": "MZ-G-1 LT. 30 URBIRIOS", "area_m2": 184.95, "frente_uti": 30.3, "frente_tot": 0.0, "avaluo_con": 0.0, "avaluo_sue": 13501.35, "zonaurbano": "URBANA", "parroquia": "TARQUI", "esta_bloqu": "NO", "es_tercera": "NO", "tiene_elec": "SI", "tiene_agua": "SI", "tiene_alca": "NO", "observacio": "-Se modifica Sello rediseño Amparo Q.09/11/07 Y.C.S.- c-5371-08 c-4642-09 -Sello Carlos D.11/30/09 Y.C.S.-", "observac_1": null, "barrio": "URBIRIOS", "parroquia_": 3, "barrio_id": 231, "proceso": 1, "fecha_regi": null, "activo_cat": "SI", "desactivad": 0, "avaluo_rem": 0.0, "avaluo_r_1": 0.0, "clasificac": "DEPURACION CATASTRO", "anio_deuda": 0, "deuda": 0.0, "valor_ip": 0.0, "coactiva": null, "ficharegis": 6413, "etam": 0.0735313996, "diferencia": 13.731096920300001, "porc_difer": 0.074242211, "admisible": 0, "deuda_anio": 0.0, "2019_csv_C": null, "Clavepre": "3-32-44-30-000", "ORIG_FID": 188 }, "geometry": { "type": "Point", "coordinates": [ -80.724142462115239, -0.981229635688293 ] } },
{ "type": "Feature", "properties": { "id": 92691, "lote_id": 68296, "clavecatas": "3-32-47-01-000", "zona": "3", "sector": "32", "manzana": "47", "lote": "01", "ph": "000", "propietari": "MORALES MORAN ESTALIN H Y MARJORIE GILER", "documentop": "1202800783", "direccion": "MZ-I-3 LT. 01 URBIRIOS", "area_m2": 150.0, "frente_uti": 25.0, "frente_tot": 0.0, "avaluo_con": 0.0, "avaluo_sue": 10950.0, "zonaurbano": "URBANA", "parroquia": "TARQUI", "esta_bloqu": "NO", "es_tercera": "NO", "tiene_elec": "SI", "tiene_agua": "SI", "tiene_alca": "NO", "observacio": "C-3872-03 C-2771-05", "observac_1": null, "barrio": "URBIRRIOS X", "parroquia_": 3, "barrio_id": 331, "proceso": 1, "fecha_regi": null, "activo_cat": "SI", "desactivad": 0, "avaluo_rem": 0.0, "avaluo_r_1": 0.0, "clasificac": "DEPURACION CATASTRO", "anio_deuda": 2025, "deuda": 65.53, "valor_ip": 0.0, "coactiva": null, "ficharegis": 0, "etam": 0.0816496581, "diferencia": -4.64790155, "porc_difer": -0.0309860103, "admisible": 1, "deuda_anio": 38.9, "2019_csv_C": null, "Clavepre": "3-32-47-01-000", "ORIG_FID": 189 }, "geometry": { "type": "Point", "coordinates": [ -80.721739804816238, -0.98280966926421 ] } },
{ "type": "Feature", "properties": { "id": 92694, "lote_id": 68299, "clavecatas": "3-32-47-04-000", "zona": "3", "sector": "32", "manzana": "47", "lote": "04", "ph": "000", "propietari": "ARIAS MERO SANTA MAGDALENA", "documentop": "0922160056", "direccion": "MZ-I-3 LT. 04 URBIRIOS", "area_m2": 120.0, "frente_uti": 8.0, "frente_tot": 0.0, "avaluo_con": 6156.0, "avaluo_sue": 8760.0, "zonaurbano": "URBANA", "parroquia": "TARQUI", "esta_bloqu": "NO", "es_tercera": "NO", "tiene_elec": "SI", "tiene_agua": "SI", "tiene_alca": "NO", "observacio": "C-3875-03-CERT.5368-05 SELLO INF.CARLOS D.DIC.28/05 CAMBIO DE NOMBRE CON ACTA DE ENTREGA DE TERRENO AGOSTO 17-2016.-SELLO CVTA S/F.14/02/17 A.Q.", "observac_1": null, "barrio": "URBIRRIOS X", "parroquia_": 3, "barrio_id": 331, "proceso": 1, "fecha_regi": null, "activo_cat": "SI", "desactivad": 0, "avaluo_rem": 0.0, "avaluo_r_1": 0.0, "clasificac": "GENERAL", "anio_deuda": 2018, "deuda": 399.26, "valor_ip": 0.0, "coactiva": null, "ficharegis": 37714, "etam": 0.0912870929, "diferencia": -5.9103806322, "porc_difer": -0.0492531719, "admisible": 1, "deuda_anio": 374.07, "2019_csv_C": null, "Clavepre": "3-32-47-04-000", "ORIG_FID": 190 }, "geometry": { "type": "Point", "coordinates": [ -80.721530408866755, -0.982889412358865 ] } },
{ "type": "Feature", "properties": { "id": 92695, "lote_id": 68300, "clavecatas": "3-32-47-05-000", "zona": "3", "sector": "32", "manzana": "47", "lote": "05", "ph": "000", "propietari": "LOOR QUIROZ LUIA ALFREDO Y SRA", "documentop": "1305406793", "direccion": "MZ-I-3 LT. 05 URBIRIOS", "area_m2": 120.0, "frente_uti": 8.0, "frente_tot": 0.0, "avaluo_con": 0.0, "avaluo_sue": 8760.0, "zonaurbano": "URBANA", "parroquia": "TARQUI", "esta_bloqu": "NO", "es_tercera": "SI", "tiene_elec": "SI", "tiene_agua": "SI", "tiene_alca": "NO", "observacio": "C-3876-03,  C. Vta. febrero 04/2005 inf. luis l. mr", "observac_1": null, "barrio": "URBIRRIOS X", "parroquia_": 3, "barrio_id": 331, "proceso": 1, "fecha_regi": null, "activo_cat": "SI", "desactivad": 0, "avaluo_rem": 0.0, "avaluo_r_1": 0.0, "clasificac": "DEPURACION CATASTRO", "anio_deuda": 2020, "deuda": 166.83, "valor_ip": 0.0, "coactiva": null, "ficharegis": 0, "etam": 0.0912870929, "diferencia": 2.2219745219, "porc_difer": 0.0185164543, "admisible": 1, "deuda_anio": 156.69, "2019_csv_C": null, "Clavepre": "3-32-47-05-000", "ORIG_FID": 191 }, "geometry": { "type": "Point", "coordinates": [ -80.721461705053997, -0.982914359149357 ] } },
{ "type": "Feature", "properties": { "id": 92697, "lote_id": 68302, "clavecatas": "3-32-47-07-000", "zona": "3", "sector": "32", "manzana": "47", "lote": "07", "ph": "000", "propietari": "CHEVEZ RAMON Y SONIA VILLAFUERTE CANTOS", "documentop": "1303418113", "direccion": "MZ-I-3  LT. 07 URBIROS", "area_m2": 120.0, "frente_uti": 8.0, "frente_tot": 0.0, "avaluo_con": 7508.68, "avaluo_sue": 8760.0, "zonaurbano": "URBANA", "parroquia": "TARQUI", "esta_bloqu": "NO", "es_tercera": "SI", "tiene_elec": "SI", "tiene_agua": "SI", "tiene_alca": "NO", "observacio": "c-3878-03 c-1081-08 c, vta municipal inf. Luis López Marzo 26/08 mr c-3730-08 ingreso de const. para el bono inf. Luis López 06-23-08 mar", "observac_1": null, "barrio": "URBIRRIOS X", "parroquia_": 3, "barrio_id": 331, "proceso": 1, "fecha_regi": null, "activo_cat": "SI", "desactivad": 0, "avaluo_rem": 0.0, "avaluo_r_1": 0.0, "clasificac": "DEPURACION CATASTRO", "anio_deuda": 2014, "deuda": 646.12, "valor_ip": 0.0, "coactiva": null, "ficharegis": 1442, "etam": 0.0912870929, "diferencia": -8.6019475711000002, "porc_difer": -0.0716828964, "admisible": 1, "deuda_anio": 628.8, "2019_csv_C": null, "Clavepre": "3-32-47-07-000", "ORIG_FID": 192 }, "geometry": { "type": "Point", "coordinates": [ -80.721327011089755, -0.982969541188275 ] } },
{ "type": "Feature", "properties": { "id": 92699, "lote_id": 68304, "clavecatas": "3-32-47-09-000", "zona": "3", "sector": "32", "manzana": "47", "lote": "09", "ph": "000", "propietari": "VILLAFUERTE BAQUE JAIRO Y SRA", "documentop": "1305989673", "direccion": "MZ-I-3 LT. 09 URBIROS", "area_m2": 120.0, "frente_uti": 8.0, "frente_tot": 0.0, "avaluo_con": 0.0, "avaluo_sue": 8760.0, "zonaurbano": "URBANA", "parroquia": "TARQUI", "esta_bloqu": "NO", "es_tercera": "NO", "tiene_elec": "SI", "tiene_agua": "SI", "tiene_alca": "NO", "observacio": "C-3880-03- C. VTA JUNIO 03/2004 INF. FERNANDO NAVARRTE  MR C-749-05", "observac_1": null, "barrio": "URBIRRIOS X", "parroquia_": 3, "barrio_id": 331, "proceso": 1, "fecha_regi": null, "activo_cat": "SI", "desactivad": 0, "avaluo_rem": 0.0, "avaluo_r_1": 0.0, "clasificac": "DEPURACION CATASTRO", "anio_deuda": 0, "deuda": 0.0, "valor_ip": 0.0, "coactiva": null, "ficharegis": 56113, "etam": 0.0912870929, "diferencia": 7.1565378312999997, "porc_difer": 0.0596378153, "admisible": 1, "deuda_anio": 0.0, "2019_csv_C": null, "Clavepre": "3-32-47-09-000", "ORIG_FID": 193 }, "geometry": { "type": "Point", "coordinates": [ -80.721192463096969, -0.983018169224151 ] } },
{ "type": "Feature", "properties": { "id": 92700, "lote_id": 68305, "clavecatas": "3-32-47-10-000", "zona": "3", "sector": "32", "manzana": "47", "lote": "10", "ph": "000", "propietari": "VILLAFUERTE LUCIA MONSERRATE", "documentop": "1303098774", "direccion": "MZ-I-3 LT. 10 URBIRIOS", "area_m2": 120.0, "frente_uti": 23.0, "frente_tot": 0.0, "avaluo_con": 0.0, "avaluo_sue": 8760.0, "zonaurbano": "URBANA", "parroquia": "TARQUI", "esta_bloqu": "NO", "es_tercera": "NO", "tiene_elec": "SI", "tiene_agua": "SI", "tiene_alca": "NO", "observacio": "C-3901-03 C-1731-04 -Sello Carlos D. 06/30/04 Y.C.S.- 1.439-05", "observac_1": null, "barrio": "URBIRRIOS X", "parroquia_": 3, "barrio_id": 331, "proceso": 1, "fecha_regi": null, "activo_cat": "SI", "desactivad": 0, "avaluo_rem": 0.0, "avaluo_r_1": 0.0, "clasificac": "DEPURACION CATASTRO", "anio_deuda": 0, "deuda": 0.0, "valor_ip": 0.0, "coactiva": null, "ficharegis": 0, "etam": 0.0912870929, "diferencia": -10.593946793500001, "porc_difer": -0.0882828899, "admisible": 1, "deuda_anio": 0.0, "2019_csv_C": null, "Clavepre": "3-32-47-10-000", "ORIG_FID": 194 }, "geometry": { "type": "Point", "coordinates": [ -80.721125221249039, -0.983044993840519 ] } },
{ "type": "Feature", "properties": { "id": 92701, "lote_id": 68306, "clavecatas": "3-32-47-11-000", "zona": "3", "sector": "32", "manzana": "47", "lote": "11", "ph": "000", "propietari": "MENENDEZ MACIAS JUAN Y ANA ARTEAGA", "documentop": "1311543704", "direccion": "MZ-I-3 LT. 11 URBIROS", "area_m2": 120.0, "frente_uti": 8.0, "frente_tot": 0.0, "avaluo_con": 0.0, "avaluo_sue": 8760.0, "zonaurbano": "URBANA", "parroquia": "TARQUI", "esta_bloqu": "NO", "es_tercera": "NO", "tiene_elec": "SI", "tiene_agua": "SI", "tiene_alca": "NO", "observacio": "C-3902-03 2.047-09 -Sello Donacion Luis L.08/17/09 Y.C.S.-", "observac_1": null, "barrio": "URBIRRIOS X", "parroquia_": 3, "barrio_id": 331, "proceso": 1, "fecha_regi": null, "activo_cat": "SI", "desactivad": 0, "avaluo_rem": 0.0, "avaluo_r_1": 0.0, "clasificac": "DEPURACION CATASTRO", "anio_deuda": 2010, "deuda": 584.3, "valor_ip": 0.0, "coactiva": null, "ficharegis": 12532, "etam": 0.0912870929, "diferencia": -13.5315893363, "porc_difer": -0.1127632445, "admisible": 0, "deuda_anio": 570.76, "2019_csv_C": null, "Clavepre": "3-32-47-11-000", "ORIG_FID": 195 }, "geometry": { "type": "Point", "coordinates": [ -80.721075547449374, -0.982918181984968 ] } },
{ "type": "Feature", "properties": { "id": 92702, "lote_id": 68307, "clavecatas": "3-32-47-12-000", "zona": "3", "sector": "32", "manzana": "47", "lote": "12", "ph": "000", "propietari": "ARTEAGA TUMBACO CARLOS Y SRA.", "documentop": "1308923786", "direccion": "MZ-I-3 LT. 12 URBIROS", "area_m2": 120.0, "frente_uti": 8.0, "frente_tot": 0.0, "avaluo_con": 0.0, "avaluo_sue": 8760.0, "zonaurbano": "URBANA", "parroquia": "TARQUI", "esta_bloqu": "NO", "es_tercera": "NO", "tiene_elec": "SI", "tiene_agua": "SI", "tiene_alca": "NO", "observacio": "C-3903-03 2.091-09 -Sello Donacion Luis L.08/17/09 Y.C.S.-", "observac_1": null, "barrio": "URBIRRIOS X", "parroquia_": 3, "barrio_id": 331, "proceso": 1, "fecha_regi": null, "activo_cat": "SI", "desactivad": 0, "avaluo_rem": 0.0, "avaluo_r_1": 0.0, "clasificac": "DEPURACION CATASTRO", "anio_deuda": 2010, "deuda": 584.3, "valor_ip": 0.0, "coactiva": null, "ficharegis": 12533, "etam": 0.0912870929, "diferencia": 4.9590981306000002, "porc_difer": 0.0413258178, "admisible": 1, "deuda_anio": 570.76, "2019_csv_C": null, "Clavepre": "3-32-47-12-000", "ORIG_FID": 196 }, "geometry": { "type": "Point", "coordinates": [ -80.721145723478912, -0.982891557426952 ] } },
{ "type": "Feature", "properties": { "id": 92703, "lote_id": 68308, "clavecatas": "3-32-47-13-000", "zona": "3", "sector": "32", "manzana": "47", "lote": "13", "ph": "000", "propietari": "VELEZ CONSTANTE EDISON Y NANCY PINCAY", "documentop": "1306420157", "direccion": "MZ-I-3 LT. 13URBIRIOS", "area_m2": 120.0, "frente_uti": 8.0, "frente_tot": 0.0, "avaluo_con": 0.0, "avaluo_sue": 8760.0, "zonaurbano": "URBANA", "parroquia": "TARQUI", "esta_bloqu": "NO", "es_tercera": "NO", "tiene_elec": "SI", "tiene_agua": "SI", "tiene_alca": "NO", "observacio": "C-3904-03 c-2467-08 -Sello Donacion Carlos D.05/19/08 Y.C.S.-", "observac_1": null, "barrio": "URBIRRIOS X", "parroquia_": 3, "barrio_id": 331, "proceso": 1, "fecha_regi": null, "activo_cat": "SI", "desactivad": 0, "avaluo_rem": 0.0, "avaluo_r_1": 0.0, "clasificac": "DEPURACION CATASTRO", "anio_deuda": 2010, "deuda": 584.3, "valor_ip": 0.0, "coactiva": null, "ficharegis": 2658, "etam": 0.0912870929, "diferencia": -3.5063426314, "porc_difer": -0.0292195219, "admisible": 1, "deuda_anio": 570.76, "2019_csv_C": null, "Clavepre": "3-32-47-13-000", "ORIG_FID": 197 }, "geometry": { "type": "Point", "coordinates": [ -80.721212653219752, -0.982866013228883 ] } },
{ "type": "Feature", "properties": { "id": 92704, "lote_id": 68309, "clavecatas": "3-32-47-14-000", "zona": "3", "sector": "32", "manzana": "47", "lote": "14", "ph": "000", "propietari": "VINCES ALAVA ELSA AGRIPINA", "documentop": "1304047465", "direccion": "MZ-I-3 LT. 14 URBIROS", "area_m2": 120.0, "frente_uti": 8.0, "frente_tot": 0.0, "avaluo_con": 0.0, "avaluo_sue": 8760.0, "zonaurbano": "URBANA", "parroquia": "TARQUI", "esta_bloqu": "NO", "es_tercera": "NO", "tiene_elec": "SI", "tiene_agua": "SI", "tiene_alca": "NO", "observacio": "C-3905-03 C-744-05 -Sello donacion Luis L.05/04/05 Y.C.S.-C-2857-05", "observac_1": null, "barrio": "URBIRRIOS X", "parroquia_": 3, "barrio_id": 331, "proceso": 1, "fecha_regi": null, "activo_cat": "SI", "desactivad": 0, "avaluo_rem": 0.0, "avaluo_r_1": 0.0, "clasificac": "DEPURACION CATASTRO", "anio_deuda": 2012, "deuda": 501.87, "valor_ip": 0.0, "coactiva": null, "ficharegis": 26562, "etam": 0.0912870929, "diferencia": 3.3178685988000001, "porc_difer": 0.027648905, "admisible": 1, "deuda_anio": 488.33, "2019_csv_C": null, "Clavepre": "3-32-47-14-000", "ORIG_FID": 198 }, "geometry": { "type": "Point", "coordinates": [ -80.721279878209884, -0.98283964753982 ] } },
{ "type": "Feature", "properties": { "id": 92705, "lote_id": 68310, "clavecatas": "3-32-47-15-000", "zona": "3", "sector": "32", "manzana": "47", "lote": "15", "ph": "000", "propietari": "ZAMBRANO MENDOZA MANUEL RODOLFO", "documentop": "1307149243", "direccion": "MZ-I-3 LT. 15 URBIRRIOS", "area_m2": 120.0, "frente_uti": 8.0, "frente_tot": 0.0, "avaluo_con": 18900.0, "avaluo_sue": 8760.0, "zonaurbano": "URBANA", "parroquia": "TARQUI", "esta_bloqu": "NO", "es_tercera": "NO", "tiene_elec": "SI", "tiene_agua": "SI", "tiene_alca": "SI", "observacio": "C-3906-03 C-3171-05 -SELLO LUIS L.07/28/05 Y.C.S.-\r\nINF. PARA CANON DE ARRENDAMIENTO    INGRESADO EN VENTANILLA RECIBIDO POR  DELI CHAVEZ,  INSP. DANIEL SALDARREAGA,   REVIZADO GRUPO TECNICO ARQ.  ANGEL MENDOZA,  EMITIDO EN  MAYO 16-13  CANON  N°.\r\n\r\nIN", "observac_1": null, "barrio": "URBIRRIOS X", "parroquia_": 3, "barrio_id": 331, "proceso": 1, "fecha_regi": null, "activo_cat": "SI", "desactivad": 0, "avaluo_rem": 0.0, "avaluo_r_1": 0.0, "clasificac": "DEPURACION CATASTRO", "anio_deuda": 2024, "deuda": 125.34, "valor_ip": 0.0, "coactiva": null, "ficharegis": 47830, "etam": 0.0912870929, "diferencia": -3.4990762317000002, "porc_difer": -0.0291589686, "admisible": 1, "deuda_anio": 88.57, "2019_csv_C": null, "Clavepre": "3-32-47-15-000", "ORIG_FID": 199 }, "geometry": { "type": "Point", "coordinates": [ -80.721346610820831, -0.98281325844772 ] } },
{ "type": "Feature", "properties": { "id": 92706, "lote_id": 68311, "clavecatas": "3-32-47-16-000", "zona": "3", "sector": "32", "manzana": "47", "lote": "16", "ph": "000", "propietari": "FRANK FIGUEROA JHONNY EDUARDO S/E /GAD MANTA", "documentop": "1305034553", "direccion": "MZ-I-3 LT. 16 URBIROS", "area_m2": 120.0, "frente_uti": 8.0, "frente_tot": 0.0, "avaluo_con": 0.0, "avaluo_sue": 8760.0, "zonaurbano": "URBANA", "parroquia": "TARQUI", "esta_bloqu": "NO", "es_tercera": "NO", "tiene_elec": "SI", "tiene_agua": "SI", "tiene_alca": "NO", "observacio": "C-3907-03.-SE MODIF.NOMBRE X DEPURAC.26/06/12 A.Q.", "observac_1": null, "barrio": "URBIRRIOS X", "parroquia_": 3, "barrio_id": 331, "proceso": 1, "fecha_regi": null, "activo_cat": "SI", "desactivad": 0, "avaluo_rem": 0.0, "avaluo_r_1": 0.0, "clasificac": "DEPURACION CATASTRO", "anio_deuda": 2017, "deuda": 284.59, "valor_ip": 0.0, "coactiva": null, "ficharegis": 41092, "etam": 0.0912870929, "diferencia": -0.7701936313, "porc_difer": -0.0064182803, "admisible": 1, "deuda_anio": 271.05, "2019_csv_C": null, "Clavepre": "3-32-47-16-000", "ORIG_FID": 200 }, "geometry": { "type": "Point", "coordinates": [ -80.721414472126966, -0.982787235030756 ] } },
{ "type": "Feature", "properties": { "id": 92707, "lote_id": 68312, "clavecatas": "3-32-47-17-000", "zona": "3", "sector": "32", "manzana": "47", "lote": "17", "ph": "000", "propietari": "ORELLANA CEDEÑO GLADYS ASUNCION", "documentop": "1305197863", "direccion": "MZ-I-3 LT. 17 URBIRIOS", "area_m2": 120.0, "frente_uti": 8.0, "frente_tot": 0.0, "avaluo_con": 11856.0, "avaluo_sue": 8760.0, "zonaurbano": "URBANA", "parroquia": "TARQUI", "esta_bloqu": "NO", "es_tercera": "NO", "tiene_elec": "SI", "tiene_agua": "SI", "tiene_alca": "NO", "observacio": "C-3908-03 C-3705-04 -SELLO LUIS L.12/28/04 Y.C.S.- C-223-05  C-1031-07, SE INGRESA LA CONST. INF. FERNANDO NAVARRETE  ENERO 105/08 MR", "observac_1": null, "barrio": "URBIRRIOS X", "parroquia_": 3, "barrio_id": 331, "proceso": 1, "fecha_regi": null, "activo_cat": "SI", "desactivad": 0, "avaluo_rem": 0.0, "avaluo_r_1": 0.0, "clasificac": "DEPURACION CATASTRO", "anio_deuda": 2018, "deuda": 537.23, "valor_ip": 0.0, "coactiva": null, "ficharegis": 82551, "etam": 0.0912870929, "diferencia": -5.5982377885999997, "porc_difer": -0.0466519816, "admisible": 1, "deuda_anio": 500.67, "2019_csv_C": null, "Clavepre": "3-32-47-17-000", "ORIG_FID": 201 }, "geometry": { "type": "Point", "coordinates": [ -80.721482729413239, -0.982761439772792 ] } },
{ "type": "Feature", "properties": { "id": 92708, "lote_id": 68313, "clavecatas": "3-32-47-18-000", "zona": "3", "sector": "32", "manzana": "47", "lote": "18", "ph": "000", "propietari": "RODRIGUEZ MARIA MAGDALENA", "documentop": "1302035462", "direccion": "MZ-I-3 LT. 18  URB. URBIRRIOS AVE. 233-A", "area_m2": 120.0, "frente_uti": 8.0, "frente_tot": 0.0, "avaluo_con": 34813.84, "avaluo_sue": 8760.0, "zonaurbano": "URBANA", "parroquia": "TARQUI", "esta_bloqu": "NO", "es_tercera": "SI", "tiene_elec": "SI", "tiene_agua": "SI", "tiene_alca": "NO", "observacio": "INF. A.Q. 10/27/03 MR. C-3419-03 CVTA MARZ 10/04 MR 1.031-05 C-1093-08-SELLO CARLOS D.03/03/08 Y.C.S.- SELLO ACLAR. D NOMBRE Y EST. CIVIL GLORIA G. 09/02/14 Y.C.S- SE ACTU. CERT EMITIDO X GABY S. REV. X M. CAJAPE N.28573-15.- SELLO CVTA. GLORIA G. 12/02/", "observac_1": null, "barrio": "URBIRRIOS X", "parroquia_": 3, "barrio_id": 331, "proceso": 1, "fecha_regi": null, "activo_cat": "SI", "desactivad": 0, "avaluo_rem": 0.0, "avaluo_r_1": 0.0, "clasificac": "GENERAL", "anio_deuda": 2026, "deuda": 22.78, "valor_ip": 0.0, "coactiva": null, "ficharegis": 872, "etam": 0.0912870929, "diferencia": -4.8122313896, "porc_difer": -0.0401019282, "admisible": 1, "deuda_anio": 0.0, "2019_csv_C": null, "Clavepre": "3-32-47-18-000", "ORIG_FID": 202 }, "geometry": { "type": "Point", "coordinates": [ -80.721550814780059, -0.982734827778294 ] } },
{ "type": "Feature", "properties": { "id": 92709, "lote_id": 68314, "clavecatas": "3-32-47-19-000", "zona": "3", "sector": "32", "manzana": "47", "lote": "19", "ph": "000", "propietari": "RODRIGUEZ MARIA MAGDALENA", "documentop": "1302035462", "direccion": "MZ-I-3 LT. 19 URB. URBIRRIOS AVE. 233-A", "area_m2": 120.0, "frente_uti": 8.0, "frente_tot": 0.0, "avaluo_con": 5546.0, "avaluo_sue": 8760.0, "zonaurbano": "URBANA", "parroquia": "TARQUI", "esta_bloqu": "NO", "es_tercera": "SI", "tiene_elec": "SI", "tiene_agua": "SI", "tiene_alca": "NO", "observacio": "INF. A.Q. 10/27/03 MR C-3418-03 CVTA. MARZO 10/04 MR.-SE CAMBIA D NOMBRE CON DECLAR.D CESION INF.AB.D.CEDEÑO 09/03/08 Y.C.S.-C-5455-08.-SELLO INF.CARLOS D. 09/15/08 MR.- ING. X L. LOOR REV. X M. CAJAPE 07/21/14 MR.- SELLO EX. PAT. FAM. G. GARCIA 08/27/1", "observac_1": null, "barrio": "URBIRRIOS X", "parroquia_": 3, "barrio_id": 331, "proceso": 1, "fecha_regi": null, "activo_cat": "SI", "desactivad": 0, "avaluo_rem": 0.0, "avaluo_r_1": 0.0, "clasificac": "GENERAL", "anio_deuda": 2026, "deuda": 12.4, "valor_ip": 0.0, "coactiva": null, "ficharegis": 6590, "etam": 0.0912870929, "diferencia": 6.0282114025000002, "porc_difer": 0.050235095, "admisible": 1, "deuda_anio": 0.0, "2019_csv_C": null, "Clavepre": "3-32-47-19-000", "ORIG_FID": 203 }, "geometry": { "type": "Point", "coordinates": [ -80.721615239612831, -0.982710085888914 ] } },
{ "type": "Feature", "properties": { "id": 92710, "lote_id": 68315, "clavecatas": "3-32-47-20-000", "zona": "3", "sector": "32", "manzana": "47", "lote": "20", "ph": "000", "propietari": "CAMPOVERDE BALCAZAR REY R.  SRA.", "documentop": "1101984407", "direccion": "MZ-I-3 LT.20 URB. URBIRIOS AVE. 233-A", "area_m2": 150.0, "frente_uti": 25.0, "frente_tot": 0.0, "avaluo_con": 47040.0, "avaluo_sue": 11497.5, "zonaurbano": "URBANA", "parroquia": "TARQUI", "esta_bloqu": "NO", "es_tercera": "SI", "tiene_elec": "SI", "tiene_agua": "SI", "tiene_alca": "NO", "observacio": "INF. AMPARO Q. ORT. 28/2003 MR  C- 3442-03 -SELLO CARLOS D.10/13/04 Y.C.S.- C-244-05 281-07", "observac_1": null, "barrio": "URBIRRIOS X", "parroquia_": 3, "barrio_id": 331, "proceso": 1, "fecha_regi": null, "activo_cat": "SI", "desactivad": 0, "avaluo_rem": 0.0, "avaluo_r_1": 0.0, "clasificac": "DEPURACION CATASTRO", "anio_deuda": 2026, "deuda": 71.76, "valor_ip": 0.0, "coactiva": null, "ficharegis": 21294, "etam": 0.0816496581, "diferencia": -14.1467865363, "porc_difer": -0.0943119102, "admisible": 0, "deuda_anio": 0.0, "2019_csv_C": null, "Clavepre": "3-32-47-20-000", "ORIG_FID": 204 }, "geometry": { "type": "Point", "coordinates": [ -80.721690506305606, -0.982681919873414 ] } },
{ "type": "Feature", "properties": { "id": 92711, "lote_id": 68316, "clavecatas": "3-32-49-01-000", "zona": "3", "sector": "32", "manzana": "49", "lote": "01", "ph": "000", "propietari": "MACIAS MACIAS  ISAAC RIGOBERTO", "documentop": "1307565281", "direccion": "MZ-I-2 LT. 01 URBIRIOS", "area_m2": 120.0, "frente_uti": 8.0, "frente_tot": 0.0, "avaluo_con": 0.0, "avaluo_sue": 8760.0, "zonaurbano": "URBANA", "parroquia": "TARQUI", "esta_bloqu": "NO", "es_tercera": "NO", "tiene_elec": "SI", "tiene_agua": "SI", "tiene_alca": "NO", "observacio": "C-3780-03 C-507-08 -Sello Luis L.01/13/08 Y.C.S.- c-2195-08", "observac_1": null, "barrio": "URBIRRIOS X", "parroquia_": 3, "barrio_id": 331, "proceso": 1, "fecha_regi": null, "activo_cat": "SI", "desactivad": 0, "avaluo_rem": 0.0, "avaluo_r_1": 0.0, "clasificac": "DEPURACION CATASTRO", "anio_deuda": 0, "deuda": 0.0, "valor_ip": 0.0, "coactiva": null, "ficharegis": 675, "etam": 0.0912870929, "diferencia": -20.225016174699999, "porc_difer": -0.1685418015, "admisible": 0, "deuda_anio": 0.0, "2019_csv_C": null, "Clavepre": "3-32-49-01-000", "ORIG_FID": 205 }, "geometry": { "type": "Point", "coordinates": [ -80.720995949626214, -0.983095123027774 ] } },
{ "type": "Feature", "properties": { "id": 92712, "lote_id": 68317, "clavecatas": "3-32-49-02-000", "zona": "3", "sector": "32", "manzana": "49", "lote": "02", "ph": "000", "propietari": "PILOSO BAQUE EDISSON ISMAEL", "documentop": "1304314915", "direccion": "MZ-I-2 LT. 02 URBIRIOS", "area_m2": 120.0, "frente_uti": 8.0, "frente_tot": 0.0, "avaluo_con": 0.0, "avaluo_sue": 8760.0, "zonaurbano": "URBANA", "parroquia": "TARQUI", "esta_bloqu": "NO", "es_tercera": "NO", "tiene_elec": "SI", "tiene_agua": "SI", "tiene_alca": "NO", "observacio": "C.3781-03 -SELLO LUIS L. 06/18/04 Y.C.S.- C-3970-04 -SELLO LUIS L.11/12/04 Y.C.S.-*970-05", "observac_1": null, "barrio": "URBIRRIOS X", "parroquia_": 3, "barrio_id": 331, "proceso": 1, "fecha_regi": null, "activo_cat": "SI", "desactivad": 0, "avaluo_rem": 0.0, "avaluo_r_1": 0.0, "clasificac": "DEPURACION CATASTRO", "anio_deuda": 2023, "deuda": 78.03, "valor_ip": 0.0, "coactiva": null, "ficharegis": 55399, "etam": 0.0912870929, "diferencia": 4.6051129574000003, "porc_difer": 0.0383759413, "admisible": 1, "deuda_anio": 64.15, "2019_csv_C": null, "Clavepre": "3-32-49-02-000", "ORIG_FID": 206 }, "geometry": { "type": "Point", "coordinates": [ -80.720925664694605, -0.983123843581206 ] } },
{ "type": "Feature", "properties": { "id": 92713, "lote_id": 68318, "clavecatas": "3-32-49-03-000", "zona": "3", "sector": "32", "manzana": "49", "lote": "03", "ph": "000", "propietari": "MUENTES ALVAREZ JASMINA Y JESSENIA", "documentop": "1311463739", "direccion": "MZ-I-2 LT. 03 URBIRIOS", "area_m2": 120.0, "frente_uti": 8.0, "frente_tot": 8.0, "avaluo_con": 2900.27, "avaluo_sue": 8760.0, "zonaurbano": "URBANA", "parroquia": "TARQUI", "esta_bloqu": "NO", "es_tercera": "NO", "tiene_elec": "SI", "tiene_agua": "SI", "tiene_alca": "NO", "observacio": "C-3782-03 C-3032-09 -Sello Luis L.08/17/09 Y.C.S.-", "observac_1": null, "barrio": "URBIRRIOS X", "parroquia_": 3, "barrio_id": 331, "proceso": 1, "fecha_regi": null, "activo_cat": "SI", "desactivad": 0, "avaluo_rem": 0.0, "avaluo_r_1": 0.0, "clasificac": "DEPURACION CATASTRO", "anio_deuda": 2022, "deuda": 112.38, "valor_ip": 0.0, "coactiva": null, "ficharegis": 11973, "etam": 0.0912870929, "diferencia": -2.2544234729000001, "porc_difer": -0.0187868623, "admisible": 1, "deuda_anio": 100.11, "2019_csv_C": null, "Clavepre": "3-32-49-03-000", "ORIG_FID": 207 }, "geometry": { "type": "Point", "coordinates": [ -80.720859247948198, -0.983150657019442 ] } },
{ "type": "Feature", "properties": { "id": 92714, "lote_id": 68319, "clavecatas": "3-32-49-04-000", "zona": "3", "sector": "32", "manzana": "49", "lote": "04", "ph": "000", "propietari": "KELAL PILOSO JULIO CESAR", "documentop": "1310698475", "direccion": "MZ-I-2 LT. 04 URBIRIOS", "area_m2": 120.0, "frente_uti": 8.0, "frente_tot": 0.0, "avaluo_con": 9728.0, "avaluo_sue": 8760.0, "zonaurbano": "URBANA", "parroquia": "TARQUI", "esta_bloqu": "NO", "es_tercera": "NO", "tiene_elec": "SI", "tiene_agua": "SI", "tiene_alca": "NO", "observacio": "C-3783-03 C-2214-05-SELLO CAROS D.06/09/05 Y.C.S.-C-3836-08 SE ING. LA CONST.INF.TEDDY 07-03-08 MAR SE ACT CER EMITIDO POR GS REVISADO YA LA CONSTRUCCION GS.-SELLO CVTA S/F.13/01/17 A.Q.\r\n\r\nINF. PARA CERTIFICADO  REVIZADO POR INSP. FERNANDO NAVARRETE, AB", "observac_1": null, "barrio": "URBIRRIOS X", "parroquia_": 3, "barrio_id": 331, "proceso": 1, "fecha_regi": null, "activo_cat": "SI", "desactivad": 0, "avaluo_rem": 0.0, "avaluo_r_1": 0.0, "clasificac": "GENERAL", "anio_deuda": 2022, "deuda": 239.95, "valor_ip": 0.0, "coactiva": null, "ficharegis": 4188, "etam": 0.0912870929, "diferencia": 0.7282798237, "porc_difer": 0.0060689985, "admisible": 1, "deuda_anio": 207.17, "2019_csv_C": null, "Clavepre": "3-32-49-04-000", "ORIG_FID": 208 }, "geometry": { "type": "Point", "coordinates": [ -80.720791110201148, -0.983177395761291 ] } },
{ "type": "Feature", "properties": { "id": 92715, "lote_id": 68320, "clavecatas": "3-32-49-05-000", "zona": "3", "sector": "32", "manzana": "49", "lote": "05", "ph": "000", "propietari": "BAQUE MORALES REGINA NATIVIDAD .", "documentop": "1302665409", "direccion": "MZ-I-2 LT. 05 URBIRIOS", "area_m2": 120.0, "frente_uti": 8.0, "frente_tot": 0.0, "avaluo_con": 14485.0, "avaluo_sue": 8760.0, "zonaurbano": "URBANA", "parroquia": "TARQUI", "esta_bloqu": "NO", "es_tercera": "SI", "tiene_elec": "SI", "tiene_agua": "SI", "tiene_alca": "NO", "observacio": "C-3784-03 C-1907-05 ACTUALIZACION INF. CARLOS D. JUNIO 26/08 MR C-3820-08 SE INGRESA LA CONST. INF. TEDDY 07-03-08 MAR", "observac_1": null, "barrio": "URBIRRIOS X", "parroquia_": 3, "barrio_id": 331, "proceso": 1, "fecha_regi": null, "activo_cat": "SI", "desactivad": 0, "avaluo_rem": 0.0, "avaluo_r_1": 0.0, "clasificac": "DEPURACION CATASTRO", "anio_deuda": 0, "deuda": 0.0, "valor_ip": 0.0, "coactiva": null, "ficharegis": 4120, "etam": 0.0912870929, "diferencia": -107.71890981689999, "porc_difer": -0.8976575818, "admisible": 0, "deuda_anio": 0.0, "2019_csv_C": null, "Clavepre": "3-32-49-05-000", "ORIG_FID": 209 }, "geometry": { "type": "Point", "coordinates": [ -80.720688772956791, -0.983211097355191 ] } },
{ "type": "Feature", "properties": { "id": 92716, "lote_id": 68321, "clavecatas": "3-32-49-06-000", "zona": "3", "sector": "32", "manzana": "49", "lote": "06", "ph": "000", "propietari": "BRAVO VERA JOEL ARTURO", "documentop": "1302591001", "direccion": "MZ-I- DOS LT. 06 URB. URBIRIOS", "area_m2": 120.0, "frente_uti": 8.0, "frente_tot": 0.0, "avaluo_con": 0.0, "avaluo_sue": 8760.0, "zonaurbano": "URBANA", "parroquia": "TARQUI", "esta_bloqu": "NO", "es_tercera": "SI", "tiene_elec": "SI", "tiene_agua": "SI", "tiene_alca": "NO", "observacio": "C-3785-03 C-1693-05 -SELLO CARLOS D.04/28/05 Y.C.S.-ING.PARA CERT.X DANIEL SALDARREAGA REV.X FERNANDO NAVARRTE 01-19-16 MR -SELLO CVTA.02/05/16 Y.C.S.-", "observac_1": null, "barrio": "URBIRRIOS X", "parroquia_": 3, "barrio_id": 331, "proceso": 1, "fecha_regi": null, "activo_cat": "SI", "desactivad": 0, "avaluo_rem": 0.0, "avaluo_r_1": 0.0, "clasificac": "GENERAL", "anio_deuda": 2026, "deuda": 10.4, "valor_ip": 0.0, "coactiva": null, "ficharegis": 53032, "etam": 0.0912870929, "diferencia": -97.934465398200004, "porc_difer": -0.816120545, "admisible": 0, "deuda_anio": 0.0, "2019_csv_C": null, "Clavepre": "3-32-49-06-000", "ORIG_FID": 210 }, "geometry": { "type": "Point", "coordinates": [ -80.720574205204244, -0.983117792017989 ] } },
{ "type": "Feature", "properties": { "id": 92717, "lote_id": 68322, "clavecatas": "3-32-49-07-000", "zona": "3", "sector": "32", "manzana": "49", "lote": "07", "ph": "000", "propietari": "MOLINA GARCIA SIMON LEONIDAS", "documentop": "1301495147", "direccion": "MZ-I-2 LT. 7 URB. MUNICIPAL URBIRRIOS I", "area_m2": 120.0, "frente_uti": 23.0, "frente_tot": 0.0, "avaluo_con": 1920.0, "avaluo_sue": 8760.0, "zonaurbano": "URBANA", "parroquia": "TARQUI", "esta_bloqu": "NO", "es_tercera": "SI", "tiene_elec": "SI", "tiene_agua": "SI", "tiene_alca": "NO", "observacio": "C-3786-03.-SE MODIF.NOMBRE X DEPURAC.26/06/12 A.Q.\r\nING. PARA CERTIF. POR GABRIEL MEUNIER,  REV. LCDA. MARIA MARISOL ARTEAGA RIVAS,NOV. 25-2015 MR. \r\n\r\nSELLO ADJUDICACION MUNICIPAL, REVZD. POR GLORIA GARCIA  DIC. 29-15. MR", "observac_1": null, "barrio": "URBIRRIOS X", "parroquia_": 3, "barrio_id": 331, "proceso": 1, "fecha_regi": null, "activo_cat": "SI", "desactivad": 0, "avaluo_rem": 0.0, "avaluo_r_1": 0.0, "clasificac": "DEPURACION CATASTRO", "anio_deuda": 2026, "deuda": 19.18, "valor_ip": 0.0, "coactiva": null, "ficharegis": 53956, "etam": 0.0912870929, "diferencia": 2.4338872803, "porc_difer": 0.020282394, "admisible": 1, "deuda_anio": 0.0, "2019_csv_C": null, "Clavepre": "3-32-49-07-000", "ORIG_FID": 211 }, "geometry": { "type": "Point", "coordinates": [ -80.720674482551573, -0.983080712992897 ] } },
{ "type": "Feature", "properties": { "id": 92720, "lote_id": 68325, "clavecatas": "3-32-49-10-000", "zona": "3", "sector": "32", "manzana": "49", "lote": "10", "ph": "000", "propietari": "MOLINA GARCIA SIMON LEONIDAS", "documentop": "1301495147", "direccion": "LOTE 10 MZ-I-2  URBANIZACION MUNICIPAL URBIRIOS", "area_m2": 120.0, "frente_uti": 8.0, "frente_tot": 8.0, "avaluo_con": 0.0, "avaluo_sue": 8760.0, "zonaurbano": "URBANA", "parroquia": "TARQUI", "esta_bloqu": "NO", "es_tercera": "SI", "tiene_elec": "SI", "tiene_agua": "SI", "tiene_alca": "SI", "observacio": "C-3789-03.-SE MODIF.NOMBRE X DEPURAC. 26/06/12 A.Q.ACTZ.INF.PARA CERT.V. VERA Y REV. X ANGEL M. DIC. 12-13 CERIF.9214-12ANUL. 9270-12 -SELLO CVTA X CARLOS D. 29/12/12 A.Q. INF.PARA CERT.REV. X M. ARTEAGA 12-30-16 MR.- SELLO CVTA. (S/F) 01/10/17 Y.C.S.- I", "observac_1": null, "barrio": "URBIRRIOS X", "parroquia_": 3, "barrio_id": 331, "proceso": 1, "fecha_regi": null, "activo_cat": "SI", "desactivad": 0, "avaluo_rem": 0.0, "avaluo_r_1": 0.0, "clasificac": "GENERAL", "anio_deuda": 2026, "deuda": 11.02, "valor_ip": 0.0, "coactiva": null, "ficharegis": 38304, "etam": 0.0912870929, "diferencia": 12.9151771143, "porc_difer": 0.107626476, "admisible": 0, "deuda_anio": 0.0, "2019_csv_C": null, "Clavepre": "3-32-49-10-000", "ORIG_FID": 212 }, "geometry": { "type": "Point", "coordinates": [ -80.720874707116948, -0.982998889665433 ] } },
{ "type": "Feature", "properties": { "id": 92721, "lote_id": 68326, "clavecatas": "3-32-49-11-000", "zona": "3", "sector": "32", "manzana": "49", "lote": "11", "ph": "000", "propietari": "CEDEÑO EDUARDO ALBERTO Y SRA.", "documentop": "1301800510", "direccion": "MZ-I-2 LT. 11 URBIRIOS", "area_m2": 120.0, "frente_uti": 8.0, "frente_tot": 0.0, "avaluo_con": 0.0, "avaluo_sue": 8760.0, "zonaurbano": "URBANA", "parroquia": "TARQUI", "esta_bloqu": "NO", "es_tercera": "SI", "tiene_elec": "SI", "tiene_agua": "SI", "tiene_alca": "NO", "observacio": "C-3790-03 C-2831-05 -Sello Patricio L.08/04/05 Y.C.S.- c-5991-08", "observac_1": null, "barrio": "URBIRRIOS X", "parroquia_": 3, "barrio_id": 331, "proceso": 1, "fecha_regi": null, "activo_cat": "SI", "desactivad": 0, "avaluo_rem": 0.0, "avaluo_r_1": 0.0, "clasificac": "DEPURACION CATASTRO", "anio_deuda": 2026, "deuda": 10.14, "valor_ip": 0.0, "coactiva": null, "ficharegis": 8013, "etam": 0.0912870929, "diferencia": -23.8701139826, "porc_difer": -0.1989176165, "admisible": 0, "deuda_anio": 0.0, "2019_csv_C": null, "Clavepre": "3-32-49-11-000", "ORIG_FID": 213 }, "geometry": { "type": "Point", "coordinates": [ -80.72094628224842, -0.982970053872515 ] } },
{ "type": "Feature", "properties": { "id": 92722, "lote_id": 68327, "clavecatas": "3-32-50-01-000", "zona": "3", "sector": "32", "manzana": "50", "lote": "01", "ph": "000", "propietari": "ALAVA MENDOZA SIMON BOLIVAR", "documentop": "1304195645", "direccion": "MZ-G LT. 01 URB. URBIRIOS", "area_m2": 150.0, "frente_uti": 25.0, "frente_tot": 0.0, "avaluo_con": 0.0, "avaluo_sue": 10950.0, "zonaurbano": "URBANA", "parroquia": "TARQUI", "esta_bloqu": "NO", "es_tercera": "NO", "tiene_elec": "SI", "tiene_agua": "SI", "tiene_alca": "NO", "observacio": "INF. AMPARO Q. OCT. 24/2003 MR C-3368 -SELLO LUIS L. 04/16/04 Y.C.S.-3799-05 SE ACT CERT REVISADO POR FNZ EL 04/05/20147 49202 GS", "observac_1": null, "barrio": "URBIRRIOS X", "parroquia_": 3, "barrio_id": 331, "proceso": 1, "fecha_regi": null, "activo_cat": "SI", "desactivad": 0, "avaluo_rem": 0.0, "avaluo_r_1": 0.0, "clasificac": "DEPURACION CATASTRO", "anio_deuda": 0, "deuda": 0.0, "valor_ip": 0.0, "coactiva": null, "ficharegis": 62048, "etam": 0.0816496581, "diferencia": 4.0155035335999996, "porc_difer": 0.0267700236, "admisible": 1, "deuda_anio": 0.0, "2019_csv_C": null, "Clavepre": "3-32-50-01-000", "ORIG_FID": 214 }, "geometry": { "type": "Point", "coordinates": [ -80.723479823575261, -0.982258572550228 ] } },
{ "type": "Feature", "properties": { "id": 92723, "lote_id": 68328, "clavecatas": "3-32-50-02-000", "zona": "3", "sector": "32", "manzana": "50", "lote": "02", "ph": "000", "propietari": "VARELA ROMERO BERLY GEOVANNY", "documentop": "1307551869", "direccion": "MZ- G LT. 02 URB. URBIRIOS", "area_m2": 120.0, "frente_uti": 8.0, "frente_tot": 0.0, "avaluo_con": 22163.12, "avaluo_sue": 8760.0, "zonaurbano": "URBANA", "parroquia": "TARQUI", "esta_bloqu": "NO", "es_tercera": "NO", "tiene_elec": "SI", "tiene_agua": "SI", "tiene_alca": "NO", "observacio": "INF. AMPARO Q. OCT. 24/2003 MR C-3369-03 C-658-04 C-2008-07 ING.\r\nPARA CERTIF.X GABRIELA SOLORZANO\r\nREV.X SR.MARISOL ARTEAGA RIVAS\r\nMARZO 21-2016 MR.SELLO CVTA S/F.\r\n16/09/16 A.Q.    \r\n\r\n\r\n", "observac_1": null, "barrio": "URBIRRIOS X", "parroquia_": 3, "barrio_id": 331, "proceso": 1, "fecha_regi": null, "activo_cat": "SI", "desactivad": 0, "avaluo_rem": 0.0, "avaluo_r_1": 0.0, "clasificac": "GENERAL", "anio_deuda": 2024, "deuda": 168.86, "valor_ip": 0.0, "coactiva": null, "ficharegis": 55259, "etam": 0.0912870929, "diferencia": 2.250775167, "porc_difer": 0.0187564597, "admisible": 1, "deuda_anio": 123.38, "2019_csv_C": null, "Clavepre": "3-32-50-02-000", "ORIG_FID": 215 }, "geometry": { "type": "Point", "coordinates": [ -80.72354355186549, -0.982208668664603 ] } },
{ "type": "Feature", "properties": { "id": 92724, "lote_id": 68329, "clavecatas": "3-32-50-03-000", "zona": "3", "sector": "32", "manzana": "50", "lote": "03", "ph": "000", "propietari": "MACIAS CHAVEZ LUIS ALBERTO", "documentop": "1310064736", "direccion": "MZ-G LT. 03 URB. URBIRIOS", "area_m2": 120.0, "frente_uti": 8.0, "frente_tot": 0.0, "avaluo_con": 0.0, "avaluo_sue": 8760.0, "zonaurbano": "URBANA", "parroquia": "TARQUI", "esta_bloqu": "NO", "es_tercera": "NO", "tiene_elec": "SI", "tiene_agua": "SI", "tiene_alca": "NO", "observacio": "inf. ampaor q. oct. 24/2003 mr C-3370-03 -Sello Carlos D. 08/06/04 Y.C.S.-", "observac_1": null, "barrio": "URBIRRIOS X", "parroquia_": 3, "barrio_id": 331, "proceso": 1, "fecha_regi": null, "activo_cat": "SI", "desactivad": 0, "avaluo_rem": 0.0, "avaluo_r_1": 0.0, "clasificac": "DEPURACION CATASTRO", "anio_deuda": 0, "deuda": 0.0, "valor_ip": 0.0, "coactiva": null, "ficharegis": 0, "etam": 0.0912870929, "diferencia": 9.6431946775000004, "porc_difer": 0.0803599556, "admisible": 1, "deuda_anio": 0.0, "2019_csv_C": null, "Clavepre": "3-32-50-03-000", "ORIG_FID": 216 }, "geometry": { "type": "Point", "coordinates": [ -80.723598653818215, -0.982163636174656 ] } },
{ "type": "Feature", "properties": { "id": 92725, "lote_id": 68330, "clavecatas": "3-32-50-04-000", "zona": "3", "sector": "32", "manzana": "50", "lote": "04", "ph": "000", "propietari": "CEDEÑO MARIANA DE JESUS", "documentop": "1303857856", "direccion": "MZ-G LT. 04 BARRIO  URBIRIOS", "area_m2": 120.0, "frente_uti": 8.0, "frente_tot": 0.0, "avaluo_con": 0.0, "avaluo_sue": 8760.0, "zonaurbano": "URBANA", "parroquia": "TARQUI", "esta_bloqu": "NO", "es_tercera": "SI", "tiene_elec": "SI", "tiene_agua": "SI", "tiene_alca": "NO", "observacio": "INF. A.Q. 10/24/03 MR. C-3371-03- SE MODIF. NOMBRE X DEPURAC. 26/06/12 A.Q- ING. X M. ESPINALS REV. X LCDA. M. ARTEAGA JUN. 09/14 MR- SELLO ADJ. MUNICIP. GLORIA G. 26/06/14.-", "observac_1": null, "barrio": "URBIRRIOS X", "parroquia_": 3, "barrio_id": 331, "proceso": 1, "fecha_regi": null, "activo_cat": "SI", "desactivad": 0, "avaluo_rem": 0.0, "avaluo_r_1": 0.0, "clasificac": "GENERAL", "anio_deuda": 0, "deuda": 0.0, "valor_ip": 0.0, "coactiva": null, "ficharegis": 46341, "etam": 0.0912870929, "diferencia": 2.8255779674000001, "porc_difer": 0.0235464831, "admisible": 1, "deuda_anio": 0.0, "2019_csv_C": null, "Clavepre": "3-32-50-04-000", "ORIG_FID": 217 }, "geometry": { "type": "Point", "coordinates": [ -80.723652485633039, -0.982117099515286 ] } },
{ "type": "Feature", "properties": { "id": 92728, "lote_id": 68333, "clavecatas": "3-32-50-07-000", "zona": "3", "sector": "32", "manzana": "50", "lote": "07", "ph": "000", "propietari": "VERA VELEZ JOSE MERVIN", "documentop": "1312848748", "direccion": "URB. URBIRIOS I  MZ- G LOTE 07", "area_m2": 120.0, "frente_uti": 8.0, "frente_tot": 0.0, "avaluo_con": 0.0, "avaluo_sue": 8760.0, "zonaurbano": "URBANA", "parroquia": "TARQUI", "esta_bloqu": "NO", "es_tercera": "NO", "tiene_elec": "SI", "tiene_agua": "SI", "tiene_alca": "NO", "observacio": "INGRESO NUEVO REV. X AMPARO Q. 10-24-03 MAR C-3374-03.-SE MODIF.NOMBRE X DEPURAC.26/06/12 A.Q.CASA ANTERIOR DEMOLIDA, ACTUALMENTE EXISTE UNA PEQUEÑA CONSTRUCCIÓN DE CAÑA LEY DE SOLIDARIDAD SELLO ROJO INF.PATRICIO LEÓN 10/AGOSTO/2017 INF. PARA CERTIFI", "observac_1": null, "barrio": "URBIRRIOS X", "parroquia_": 3, "barrio_id": 331, "proceso": 1, "fecha_regi": null, "activo_cat": "SI", "desactivad": 0, "avaluo_rem": 0.0, "avaluo_r_1": 0.0, "clasificac": "GENERAL", "anio_deuda": 0, "deuda": 0.0, "valor_ip": 0.0, "coactiva": null, "ficharegis": 63125, "etam": 0.0912870929, "diferencia": 0.5460716554, "porc_difer": 0.0045505971, "admisible": 1, "deuda_anio": 0.0, "2019_csv_C": null, "Clavepre": "3-32-50-07-000", "ORIG_FID": 218 }, "geometry": { "type": "Point", "coordinates": [ -80.723815746854783, -0.981969415265203 ] } },
{ "type": "Feature", "properties": { "id": 92729, "lote_id": 68334, "clavecatas": "3-32-50-08-000", "zona": "3", "sector": "32", "manzana": "50", "lote": "08", "ph": "000", "propietari": "MENENDEZ BRIONES JESSELY MONSERRATE", "documentop": "1310063225", "direccion": "URBIRIOS MZ G L-8", "area_m2": 120.0, "frente_uti": 8.0, "frente_tot": 8.0, "avaluo_con": 3658.39, "avaluo_sue": 8760.0, "zonaurbano": "URBANA", "parroquia": "TARQUI", "esta_bloqu": "NO", "es_tercera": "NO", "tiene_elec": "SI", "tiene_agua": "SI", "tiene_alca": "NO", "observacio": "ingreso nuevo rev. x Amparo 10-24-03 mar C-3375-03 C-1164-04 -Sello insc.tardia (04) Luis L. 09/12/06 Y.C.S.- c-2426-07", "observac_1": null, "barrio": "URBIRRIOS X", "parroquia_": 3, "barrio_id": 331, "proceso": 1, "fecha_regi": null, "activo_cat": "SI", "desactivad": 0, "avaluo_rem": 0.0, "avaluo_r_1": 0.0, "clasificac": "DEPURACION CATASTRO", "anio_deuda": 0, "deuda": 0.0, "valor_ip": 0.0, "coactiva": null, "ficharegis": 24170, "etam": 0.0912870929, "diferencia": 2.6685514941, "porc_difer": 0.0222379291, "admisible": 1, "deuda_anio": 0.0, "2019_csv_C": null, "Clavepre": "3-32-50-08-000", "ORIG_FID": 219 }, "geometry": { "type": "Point", "coordinates": [ -80.723869381794501, -0.981923130943578 ] } },
{ "type": "Feature", "properties": { "id": 92731, "lote_id": 68336, "clavecatas": "3-32-50-10-000", "zona": "3", "sector": "32", "manzana": "50", "lote": "10", "ph": "000", "propietari": "TUBAY LOOR VICENTE Y SRA.", "documentop": "1306370105", "direccion": "URB. URBIRIOS MZ G L-10", "area_m2": 120.0, "frente_uti": 8.0, "frente_tot": 0.0, "avaluo_con": 0.0, "avaluo_sue": 8760.0, "zonaurbano": "URBANA", "parroquia": "TARQUI", "esta_bloqu": "NO", "es_tercera": "NO", "tiene_elec": "SI", "tiene_agua": "NO", "tiene_alca": "NO", "observacio": "INGRESO NUEVO INF. AMPARO 10-24-03 MAR C-3377-03 C-190-08 -SELLO CARLOS D. 01/23/08 Y.C.S.- C-915-08", "observac_1": null, "barrio": "URBIRRIOS X", "parroquia_": 3, "barrio_id": 331, "proceso": 1, "fecha_regi": null, "activo_cat": "SI", "desactivad": 0, "avaluo_rem": 0.0, "avaluo_r_1": 0.0, "clasificac": "DEPURACION CATASTRO", "anio_deuda": 0, "deuda": 0.0, "valor_ip": 0.0, "coactiva": null, "ficharegis": 473, "etam": 0.0912870929, "diferencia": 2.9013178060999998, "porc_difer": 0.0241776484, "admisible": 1, "deuda_anio": 0.0, "2019_csv_C": null, "Clavepre": "3-32-50-10-000", "ORIG_FID": 220 }, "geometry": { "type": "Point", "coordinates": [ -80.72397622668845, -0.981826466586257 ] } },
{ "type": "Feature", "properties": { "id": 92736, "lote_id": 68341, "clavecatas": "3-32-50-15-000", "zona": "3", "sector": "32", "manzana": "50", "lote": "15", "ph": "000", "propietari": "BAILON ARAUZ AGUSTIN FERNANDO", "documentop": "1308429610", "direccion": "MZ-G LT. 15 URBIRIOS I", "area_m2": 120.0, "frente_uti": 8.0, "frente_tot": 0.0, "avaluo_con": 0.0, "avaluo_sue": 8760.0, "zonaurbano": "URBANA", "parroquia": "TARQUI", "esta_bloqu": "NO", "es_tercera": "NO", "tiene_elec": "SI", "tiene_agua": "SI", "tiene_alca": "NO", "observacio": "INF. AMPARO Q. OCT. 24/2003 MR . C-3357-03.-SE MODIF.NOMBRE X DEPURAC.26/06/12 A.Q.CERTIFICADO DE AVALÚOS INF.PATRICIO LEÓN 29/SEPT./2017 -SE ACTUALIZA INFORMACION CON ESCRITURA DE CVTA.CON PAT.FAM.INSCRITA EN EL REG.DE LA PROPIEDAD (S/F)03/15/18 Y.C.S", "observac_1": null, "barrio": "URBIRRIOS X", "parroquia_": 3, "barrio_id": 331, "proceso": 1, "fecha_regi": null, "activo_cat": "SI", "desactivad": 0, "avaluo_rem": 0.0, "avaluo_r_1": 0.0, "clasificac": "GENERAL", "anio_deuda": 2019, "deuda": 215.52, "valor_ip": 0.0, "coactiva": null, "ficharegis": 63629, "etam": 0.0912870929, "diferencia": 1.5781548988, "porc_difer": 0.0131512908, "admisible": 1, "deuda_anio": 201.64, "2019_csv_C": null, "Clavepre": "3-32-50-15-000", "ORIG_FID": 221 }, "geometry": { "type": "Point", "coordinates": [ -80.723901695314353, -0.981718369364232 ] } },
{ "type": "Feature", "properties": { "id": 92737, "lote_id": 68342, "clavecatas": "3-32-50-16-000", "zona": "3", "sector": "32", "manzana": "50", "lote": "16", "ph": "000", "propietari": "VELEZ SUAREZ DANNY Y ROCIO GARCIA", "documentop": "1308176542", "direccion": "MZ-G LT. 16 URBIRIOS", "area_m2": 120.0, "frente_uti": 8.0, "frente_tot": 0.0, "avaluo_con": 0.0, "avaluo_sue": 8760.0, "zonaurbano": "URBANA", "parroquia": "TARQUI", "esta_bloqu": "NO", "es_tercera": "NO", "tiene_elec": "SI", "tiene_agua": "SI", "tiene_alca": "NO", "observacio": "inf. amparo q. oct. 24/2003 mr C-3358-03 c-3177-06 -Sello Patricio L.10/18/06 Y.C.S.-", "observac_1": null, "barrio": "URBIRRIOS X", "parroquia_": 3, "barrio_id": 331, "proceso": 1, "fecha_regi": null, "activo_cat": "SI", "desactivad": 0, "avaluo_rem": 0.0, "avaluo_r_1": 0.0, "clasificac": "DEPURACION CATASTRO", "anio_deuda": 2026, "deuda": 13.54, "valor_ip": 0.0, "coactiva": null, "ficharegis": 0, "etam": 0.0912870929, "diferencia": 9.5985649885999997, "porc_difer": 0.0799880416, "admisible": 1, "deuda_anio": 0.0, "2019_csv_C": null, "Clavepre": "3-32-50-16-000", "ORIG_FID": 222 }, "geometry": { "type": "Point", "coordinates": [ -80.723850235257899, -0.981766361246263 ] } },
{ "type": "Feature", "properties": { "id": 92740, "lote_id": 68345, "clavecatas": "3-32-50-19-000", "zona": "3", "sector": "32", "manzana": "50", "lote": "19", "ph": "000", "propietari": "BAQUE CHILAN CARLOS Y SRA.", "documentop": "1307130136", "direccion": "MZ-G LT. 19 URBIRIOS", "area_m2": 120.0, "frente_uti": 8.0, "frente_tot": 0.0, "avaluo_con": 0.0, "avaluo_sue": 8760.0, "zonaurbano": "URBANA", "parroquia": "TARQUI", "esta_bloqu": "NO", "es_tercera": "NO", "tiene_elec": "SI", "tiene_agua": "SI", "tiene_alca": "NO", "observacio": "inf. amparo q. oct. 24/203 mr C-3361-03 C-1133-04 -Sello Luis L. 06/04/04 Y.C.S.-", "observac_1": null, "barrio": "URBIRRIOS X", "parroquia_": 3, "barrio_id": 331, "proceso": 1, "fecha_regi": null, "activo_cat": "SI", "desactivad": 0, "avaluo_rem": 0.0, "avaluo_r_1": 0.0, "clasificac": "DEPURACION CATASTRO", "anio_deuda": 2017, "deuda": 284.6, "valor_ip": 0.0, "coactiva": null, "ficharegis": 0, "etam": 0.0912870929, "diferencia": 4.0654235856999996, "porc_difer": 0.0338785299, "admisible": 1, "deuda_anio": 271.06, "2019_csv_C": null, "Clavepre": "3-32-50-19-000", "ORIG_FID": 223 }, "geometry": { "type": "Point", "coordinates": [ -80.723690149995335, -0.981911764995049 ] } },
{ "type": "Feature", "properties": { "id": 92741, "lote_id": 68346, "clavecatas": "3-32-50-20-000", "zona": "3", "sector": "32", "manzana": "50", "lote": "20", "ph": "000", "propietari": "TUMBACO ARTEAGA LEONARDO Y SRA.", "documentop": "1302921075", "direccion": "MZ-G LT. 20 URBIRIOS", "area_m2": 128.0, "frente_uti": 9.0, "frente_tot": 9.0, "avaluo_con": 0.0, "avaluo_sue": 9344.0, "zonaurbano": "URBANA", "parroquia": "TARQUI", "esta_bloqu": "NO", "es_tercera": "NO", "tiene_elec": "SI", "tiene_agua": "SI", "tiene_alca": "NO", "observacio": "inf. amparo q. oct. 24/2003 mr C-3362-03 C-1174-04 -Sello Luis L. 06/04/04 Y.C.S.-", "observac_1": null, "barrio": "URBIRRIOS X", "parroquia_": 3, "barrio_id": 331, "proceso": 1, "fecha_regi": null, "activo_cat": "SI", "desactivad": 0, "avaluo_rem": 0.0, "avaluo_r_1": 0.0, "clasificac": "DEPURACION CATASTRO", "anio_deuda": 0, "deuda": 0.0, "valor_ip": 0.0, "coactiva": null, "ficharegis": 24133, "etam": 0.0883883476, "diferencia": 4.6284414545, "porc_difer": 0.0361596989, "admisible": 1, "deuda_anio": 0.0, "2019_csv_C": null, "Clavepre": "3-32-50-20-000", "ORIG_FID": 224 }, "geometry": { "type": "Point", "coordinates": [ -80.723634574926876, -0.981959160532253 ] } },
{ "type": "Feature", "properties": { "id": 92742, "lote_id": 68347, "clavecatas": "3-32-50-21-000", "zona": "3", "sector": "32", "manzana": "50", "lote": "21", "ph": "000", "propietari": "GARCIA MERA MARYURY VICENTA", "documentop": "0802188425", "direccion": "MZ-G LT. 21 URB. MUNICIPAL  URBIRIOS", "area_m2": 120.0, "frente_uti": 8.0, "frente_tot": 0.0, "avaluo_con": 24544.8, "avaluo_sue": 8760.0, "zonaurbano": "URBANA", "parroquia": "TARQUI", "esta_bloqu": "NO", "es_tercera": "NO", "tiene_elec": "SI", "tiene_agua": "SI", "tiene_alca": "NO", "observacio": "INF.AMPARO Q.10/24/03 MR C-3363-03 C-6398-08 SELLO CVTA X LUIS L 24/03/12 LUPE INF.VENTANILLA VALERIA VERA REVIZADO X EL TECNICO MIGUEL CAJAPE 11-22-13 CERT.16.889-13 -SELLO RESC.DE CVTA.DANIEL S.12/12/13 Y.C.S.-CERT. INF.PARA CERT.D VENTANILLA ISABEL MU", "observac_1": null, "barrio": "URBIRRIOS X", "parroquia_": 3, "barrio_id": 331, "proceso": 1, "fecha_regi": null, "activo_cat": "SI", "desactivad": 0, "avaluo_rem": 0.0, "avaluo_r_1": 0.0, "clasificac": "GENERAL", "anio_deuda": 0, "deuda": 0.0, "valor_ip": 0.0, "coactiva": null, "ficharegis": 43886, "etam": 0.0912870929, "diferencia": 3.8268755591, "porc_difer": 0.0318906297, "admisible": 1, "deuda_anio": 0.0, "2019_csv_C": null, "Clavepre": "3-32-50-21-000", "ORIG_FID": 225 }, "geometry": { "type": "Point", "coordinates": [ -80.723579024432013, -0.982006223542815 ] } },
{ "type": "Feature", "properties": { "id": 92745, "lote_id": 68350, "clavecatas": "3-32-50-24-000", "zona": "3", "sector": "32", "manzana": "50", "lote": "24", "ph": "000", "propietari": "PINCAY PONCE PIEDAD PATRICIA", "documentop": "1309621058", "direccion": "MZ-G LT. 24 URBIRIOS", "area_m2": 150.0, "frente_uti": 25.0, "frente_tot": 0.0, "avaluo_con": 0.0, "avaluo_sue": 10950.0, "zonaurbano": "URBANA", "parroquia": "TARQUI", "esta_bloqu": "NO", "es_tercera": "NO", "tiene_elec": "SI", "tiene_agua": "SI", "tiene_alca": "NO", "observacio": "inf amparo q. oct. 24/2003 mr C-3367-03 c-5570-08 sello donac. x carlos d.29/09/08 a.q.", "observac_1": null, "barrio": "URBIRRIOS X", "parroquia_": 3, "barrio_id": 331, "proceso": 1, "fecha_regi": null, "activo_cat": "SI", "desactivad": 0, "avaluo_rem": 0.0, "avaluo_r_1": 0.0, "clasificac": "DEPURACION CATASTRO", "anio_deuda": 0, "deuda": 0.0, "valor_ip": 0.0, "coactiva": null, "ficharegis": 5256, "etam": 0.0816496581, "diferencia": -1.5636083774, "porc_difer": -0.0104240558, "admisible": 1, "deuda_anio": 0.0, "2019_csv_C": null, "Clavepre": "3-32-50-24-000", "ORIG_FID": 226 }, "geometry": { "type": "Point", "coordinates": [ -80.723406049950611, -0.982143389214154 ] } },
{ "type": "Feature", "properties": { "id": 92767, "lote_id": 68372, "clavecatas": "3-32-53-11-000", "zona": "3", "sector": "32", "manzana": "53", "lote": "11", "ph": "000", "propietari": "VELASQUEZ VERA GLADYS BERNARDA", "documentop": "1309075909", "direccion": "MZ-I LT. 11 URBIRIOS", "area_m2": 120.0, "frente_uti": 23.0, "frente_tot": 0.0, "avaluo_con": 0.0, "avaluo_sue": 8760.0, "zonaurbano": "URBANA", "parroquia": "TARQUI", "esta_bloqu": "NO", "es_tercera": "NO", "tiene_elec": "SI", "tiene_agua": "SI", "tiene_alca": "NO", "observacio": "INF. AMPARO Q. OCT. 27/2003 MR C-3405-03 -SELLO AMPARO Q. 05/14/04 Y.C.S.-", "observac_1": null, "barrio": "URBIRRIOS X", "parroquia_": 3, "barrio_id": 331, "proceso": 1, "fecha_regi": null, "activo_cat": "SI", "desactivad": 0, "avaluo_rem": 0.0, "avaluo_r_1": 0.0, "clasificac": "DEPURACION CATASTRO", "anio_deuda": 2010, "deuda": 1341.49, "valor_ip": 0.0, "coactiva": null, "ficharegis": 48939, "etam": 0.0912870929, "diferencia": -3.7283659240999998, "porc_difer": -0.031069716, "admisible": 1, "deuda_anio": 1300.13, "2019_csv_C": null, "Clavepre": "3-32-53-11-000", "ORIG_FID": 227 }, "geometry": { "type": "Point", "coordinates": [ -80.721194186442077, -0.983223839678378 ] } },
{ "type": "Feature", "properties": { "id": 92747, "lote_id": 68352, "clavecatas": "3-32-50-26-000", "zona": "3", "sector": "32", "manzana": "50", "lote": "26", "ph": "000", "propietari": "INTRIAGO AYOSA GEMA MARIANA", "documentop": "1315593143", "direccion": "URBIRIOS MZ-G L-26", "area_m2": 109.2, "frente_uti": 8.0, "frente_tot": 0.0, "avaluo_con": 14288.0, "avaluo_sue": 7971.6, "zonaurbano": "URBANA", "parroquia": "TARQUI", "esta_bloqu": "NO", "es_tercera": "NO", "tiene_elec": "SI", "tiene_agua": "SI", "tiene_alca": "NO", "observacio": "-NUEVO INGRESO SELLO REDISEÑO AMPARO Q.09/11/07 Y.C.S.- C-6787-08 -SELLO LUIS L. 11/11/08 Y.C.S.- C-7624-08-SE ACTUALIZA INF CON ESCRITURA DE CVTA INSCRITA EN EL REG. DE LA PROPIEDAD.01/08/2021 GGV", "observac_1": null, "barrio": "OTRAS AREAS", "parroquia_": 3, "barrio_id": 0, "proceso": 1, "fecha_regi": null, "activo_cat": "SI", "desactivad": 0, "avaluo_rem": 0.0, "avaluo_r_1": 0.0, "clasificac": "DEPURACION CATASTRO", "anio_deuda": 2026, "deuda": 26.34, "valor_ip": 0.0, "coactiva": null, "ficharegis": 8268, "etam": 0.0956948753, "diferencia": -6.4524137431000002, "porc_difer": -0.0590880379, "admisible": 1, "deuda_anio": 0.0, "2019_csv_C": null, "Clavepre": "3-32-50-26-000", "ORIG_FID": 228 }, "geometry": { "type": "Point", "coordinates": [ -80.724149907609089, -0.981477160122118 ] } },
{ "type": "Feature", "properties": { "id": 92748, "lote_id": 68353, "clavecatas": "3-32-50-27-000", "zona": "3", "sector": "32", "manzana": "50", "lote": "27", "ph": "000", "propietari": "GOMEZ TREJO BELLA ALEXANDRA", "documentop": "0912501616", "direccion": "MZ-G LT.27 CIUD. URBIRIOS", "area_m2": 107.2, "frente_uti": 8.0, "frente_tot": 8.0, "avaluo_con": 1224.56, "avaluo_sue": 7825.6, "zonaurbano": "URBANA", "parroquia": "TARQUI", "esta_bloqu": "NO", "es_tercera": "NO", "tiene_elec": "SI", "tiene_agua": "SI", "tiene_alca": "NO", "observacio": "ING. NUEVO INF. AMPARO Q. JULIO 13 DEL 2007 MR -se modifica Sello rediseño Amparo Q.09/11/07 Y.C.S.-", "observac_1": null, "barrio": "URBIRIOS", "parroquia_": 3, "barrio_id": 231, "proceso": 1, "fecha_regi": null, "activo_cat": "SI", "desactivad": 0, "avaluo_rem": 0.0, "avaluo_r_1": 0.0, "clasificac": "DEPURACION CATASTRO", "anio_deuda": 2011, "deuda": 494.31, "valor_ip": 0.0, "coactiva": null, "ficharegis": 23439, "etam": 0.0965834262, "diferencia": -2.3947544117000001, "porc_difer": -0.022339127, "admisible": 1, "deuda_anio": 484.03, "2019_csv_C": null, "Clavepre": "3-32-50-27-000", "ORIG_FID": 229 }, "geometry": { "type": "Point", "coordinates": [ -80.72420006812915, -0.98142514825448 ] } },
{ "type": "Feature", "properties": { "id": 92749, "lote_id": 68354, "clavecatas": "3-32-50-28-000", "zona": "3", "sector": "32", "manzana": "50", "lote": "28", "ph": "000", "propietari": "SACON GARCIA PAULA DOLORES", "documentop": "1305508580", "direccion": "MZ-G LT.28 URBIRIOS", "area_m2": 108.8, "frente_uti": 8.0, "frente_tot": 0.0, "avaluo_con": 0.0, "avaluo_sue": 7942.4, "zonaurbano": "URBANA", "parroquia": "TARQUI", "esta_bloqu": "NO", "es_tercera": "NO", "tiene_elec": "SI", "tiene_agua": "SI", "tiene_alca": "NO", "observacio": "ING. NUEVO INF. AMPARO Q. JULIO 12/07 MR -se modifica Sello rediseño Amparo Q.09/11/07 Y.C.S.- C-6565-08 -Sello Teddy M.02/12/09 Y.C.S.- 2.030-09 MDV", "observac_1": null, "barrio": "URBIRIOS", "parroquia_": 3, "barrio_id": 231, "proceso": 1, "fecha_regi": null, "activo_cat": "SI", "desactivad": 0, "avaluo_rem": 0.0, "avaluo_r_1": 0.0, "clasificac": "DEPURACION CATASTRO", "anio_deuda": 2011, "deuda": 528.64, "valor_ip": 0.0, "coactiva": null, "ficharegis": 7734, "etam": 0.0958706236, "diferencia": 2.5798848812, "porc_difer": 0.0237121772, "admisible": 1, "deuda_anio": 515.79, "2019_csv_C": null, "Clavepre": "3-32-50-28-000", "ORIG_FID": 230 }, "geometry": { "type": "Point", "coordinates": [ -80.724247618454172, -0.981372347506838 ] } },
{ "type": "Feature", "properties": { "id": 92752, "lote_id": 68357, "clavecatas": "3-32-50-31-000", "zona": "3", "sector": "32", "manzana": "50", "lote": "31", "ph": "000", "propietari": "ESTRADA TREJO JULIA VERONICA", "documentop": "1310263882", "direccion": "MZ-G LT.31 URBIRIOS", "area_m2": 108.8, "frente_uti": 8.0, "frente_tot": 0.0, "avaluo_con": 0.0, "avaluo_sue": 7942.4, "zonaurbano": "URBANA", "parroquia": "TARQUI", "esta_bloqu": "NO", "es_tercera": "NO", "tiene_elec": "SI", "tiene_agua": "SI", "tiene_alca": "NO", "observacio": "ING. NUEVO INF. AMPARO Q. JULIO 12/07 MR -SE MODIFICA  SELLO REDISEÑO AMPARO Q.09/11/07 Y.C.S.- C-3696-09", "observac_1": null, "barrio": "URBIRIOS", "parroquia_": 3, "barrio_id": 231, "proceso": 1, "fecha_regi": null, "activo_cat": "SI", "desactivad": 0, "avaluo_rem": 0.0, "avaluo_r_1": 0.0, "clasificac": "DEPURACION CATASTRO", "anio_deuda": 2014, "deuda": 367.85, "valor_ip": 0.0, "coactiva": null, "ficharegis": 14458, "etam": 0.0958706236, "diferencia": 3.3900268075, "porc_difer": 0.0311583346, "admisible": 1, "deuda_anio": 355.0, "2019_csv_C": null, "Clavepre": "3-32-50-31-000", "ORIG_FID": 231 }, "geometry": { "type": "Point", "coordinates": [ -80.724338642697518, -0.98144970624249 ] } },
{ "type": "Feature", "properties": { "id": 92753, "lote_id": 68358, "clavecatas": "3-32-50-32-000", "zona": "3", "sector": "32", "manzana": "50", "lote": "32", "ph": "000", "propietari": "GARCIA FELIX MONSERRATE", "documentop": "1706247473", "direccion": "MZ-G LT. 32 URBIRIOS", "area_m2": 107.2, "frente_uti": 8.0, "frente_tot": 0.0, "avaluo_con": 0.0, "avaluo_sue": 7825.6, "zonaurbano": "URBANA", "parroquia": "TARQUI", "esta_bloqu": "NO", "es_tercera": "SI", "tiene_elec": "SI", "tiene_agua": "SI", "tiene_alca": "NO", "observacio": "ING. NUEVO INF- AMPARO QUIROZ, JULIO 12/07 MR -SE MODIFICA SELLO REDISEÑO AMPARO Q.09/11/07 Y.C.S.-SE MODIF.NOMBRE X DEPURAC.26/06/12 A.Q.-SE ACTUALIZA INF CON ESCRITURA DE ADJUDICACION INSCRITA EN EL REGISTRO DE LA PROPIEDAD.16/12/2020 GGV", "observac_1": null, "barrio": "URBIRIOS", "parroquia_": 3, "barrio_id": 231, "proceso": 1, "fecha_regi": null, "activo_cat": "SI", "desactivad": 0, "avaluo_rem": 0.0, "avaluo_r_1": 0.0, "clasificac": "DEPURACION CATASTRO", "anio_deuda": 2025, "deuda": 26.81, "valor_ip": 0.0, "coactiva": null, "ficharegis": 73755, "etam": 0.0965834262, "diferencia": 3.2272431755, "porc_difer": 0.0301048804, "admisible": 1, "deuda_anio": 17.5, "2019_csv_C": null, "Clavepre": "3-32-50-32-000", "ORIG_FID": 232 }, "geometry": { "type": "Point", "coordinates": [ -80.72428973858247, -0.981503995966291 ] } },
{ "type": "Feature", "properties": { "id": 92755, "lote_id": 68360, "clavecatas": "3-32-50-34-000", "zona": "3", "sector": "32", "manzana": "50", "lote": "34", "ph": "000", "propietari": "ARAUZ GUERRERO ZORAIDA NARCIZA", "documentop": "1306095645", "direccion": "MZ-G LT.34  SECTOR URBIRIOS 1", "area_m2": 119.9, "frente_uti": 11.4, "frente_tot": 0.0, "avaluo_con": 6768.0, "avaluo_sue": 8752.7, "zonaurbano": "URBANA", "parroquia": "TARQUI", "esta_bloqu": "NO", "es_tercera": "NO", "tiene_elec": "SI", "tiene_agua": "SI", "tiene_alca": "NO", "observacio": "SE INGRES CON INF. DE PLAU ESCRTITURA EN TRAMITE INF AMPARO Q.OCT.04/05 MR -SE MODIFICA SELLO REDISEÑO AMPARO Q.09/11/07 Y.C.S.-SE MODIF.NOMBRE X  DEPURAC.26/06/12 A.Q.SOLAR CERT.DE AVAL.20/JUNIO/2017 INF.PARA CERT.REVI.X FERNANDO NAVARRETE,ING.X VENTAN", "observac_1": null, "barrio": "URBIRRIOS X", "parroquia_": 3, "barrio_id": 331, "proceso": 1, "fecha_regi": null, "activo_cat": "SI", "desactivad": 0, "avaluo_rem": 0.0, "avaluo_r_1": 0.0, "clasificac": "GENERAL", "anio_deuda": 2021, "deuda": 197.54, "valor_ip": 0.0, "coactiva": null, "ficharegis": 62459, "etam": 0.091325153, "diferencia": -6.0100611330999998, "porc_difer": -0.0501256141, "admisible": 1, "deuda_anio": 173.01, "2019_csv_C": null, "Clavepre": "3-32-50-34-000", "ORIG_FID": 233 }, "geometry": { "type": "Point", "coordinates": [ -80.724184545570253, -0.98162160245964 ] } },
{ "type": "Feature", "properties": { "id": 92768, "lote_id": 68373, "clavecatas": "3-32-53-12-000", "zona": "3", "sector": "32", "manzana": "53", "lote": "12", "ph": "000", "propietari": "CASTRO MIRANDA MIGUEL Y SRA.", "documentop": "1304866526", "direccion": "MZ-I LT. 12 URBIRIOS", "area_m2": 120.0, "frente_uti": 8.0, "frente_tot": 0.0, "avaluo_con": 0.0, "avaluo_sue": 8760.0, "zonaurbano": "URBANA", "parroquia": "TARQUI", "esta_bloqu": "NO", "es_tercera": "SI", "tiene_elec": "SI", "tiene_agua": "SI", "tiene_alca": "NO", "observacio": "INF. AMPARO Q. OCT. 27/2003 MR C-3406-03 -SELLO CARLOS D. 04/14/04 Y.C.S.- C-5594-07", "observac_1": null, "barrio": "URBIRRIOS X", "parroquia_": 3, "barrio_id": 331, "proceso": 1, "fecha_regi": null, "activo_cat": "SI", "desactivad": 0, "avaluo_rem": 0.0, "avaluo_r_1": 0.0, "clasificac": "DEPURACION CATASTRO", "anio_deuda": 2019, "deuda": 235.9, "valor_ip": 0.0, "coactiva": null, "ficharegis": 66164, "etam": 0.0912870929, "diferencia": 3.7855337362000001, "porc_difer": 0.0315461145, "admisible": 1, "deuda_anio": 220.9, "2019_csv_C": null, "Clavepre": "3-32-53-12-000", "ORIG_FID": 234 }, "geometry": { "type": "Point", "coordinates": [ -80.72126189860343, -0.983197460894313 ] } },
{ "type": "Feature", "properties": { "id": 92756, "lote_id": 68361, "clavecatas": "3-32-50-35-000", "zona": "3", "sector": "32", "manzana": "50", "lote": "35", "ph": "000", "propietari": "URETA DELGADO SILVIA MONSERRATE", "documentop": "1309816252", "direccion": "MZ-G LT.35 URB. URBIRIOS", "area_m2": 113.6, "frente_uti": 8.0, "frente_tot": 0.0, "avaluo_con": 6336.0, "avaluo_sue": 8292.8, "zonaurbano": "URBANA", "parroquia": "TARQUI", "esta_bloqu": "NO", "es_tercera": "NO", "tiene_elec": "SI", "tiene_agua": "SI", "tiene_alca": "NO", "observacio": "SE INGRESA EL NOMBRE  CON INF. DE PLAU ESTRITURA EN TRAMITE INF. AMPARO Q. OCT. 04/05 MR C-2991-07 -SE MODIFICA SELLO REDISEÑO AMPARO Q.09/11/07 Y.C.S.- C-1494-08  C. VTA MUNICIPAL INF. LUIS L. MARZO 26/08 MR.SE DESBLOQUEA, PREDIO REVISADO POR DELI CHAV", "observac_1": "- Bloqueo Sin CEM 2010. Memorando 066-DACR-JCM-GADM-17, 0245-CVDM-DF-(E)-2017. SE DESBLOQUEA, PREDIO REVISADO POR DELI CHAVEZ PARA INGRESO DE IMAGENES  PARA RELIQUIDAR DIC. 30 DE 2020", "barrio": "URBIRRIOS X", "parroquia_": 3, "barrio_id": 331, "proceso": 1, "fecha_regi": null, "activo_cat": "SI", "desactivad": 0, "avaluo_rem": 0.0, "avaluo_r_1": 0.0, "clasificac": "COLEGIOS PUBLICOS", "anio_deuda": 2026, "deuda": 16.65, "valor_ip": 0.0, "coactiva": null, "ficharegis": 1169, "etam": 0.0938233281, "diferencia": 16.9387887902, "porc_difer": 0.1491090563, "admisible": 0, "deuda_anio": 0.0, "2019_csv_C": null, "Clavepre": "3-32-50-35-000", "ORIG_FID": 235 }, "geometry": { "type": "Point", "coordinates": [ -80.72412914670376, -0.98167631595788 ] } },
{ "type": "Feature", "properties": { "id": 92757, "lote_id": 68362, "clavecatas": "3-32-53-01-000", "zona": "3", "sector": "32", "manzana": "53", "lote": "01", "ph": "000", "propietari": "HOLGUIN HOLGUIN ANGEL Y SRA.", "documentop": "1306278910", "direccion": "MZ-I LT 01 URBIRIOS", "area_m2": 150.0, "frente_uti": 25.0, "frente_tot": 0.0, "avaluo_con": 25502.4, "avaluo_sue": 10950.0, "zonaurbano": "URBANA", "parroquia": "TARQUI", "esta_bloqu": "NO", "es_tercera": "NO", "tiene_elec": "SI", "tiene_agua": "SI", "tiene_alca": "NO", "observacio": "INF. AMPARO Q. OCT. 28/2003 MR C.3395-03 C-485-05 -SELLO CARLOS D.02/25/05 Y.C.S.-", "observac_1": null, "barrio": "URBIRRIOS X", "parroquia_": 3, "barrio_id": 331, "proceso": 1, "fecha_regi": null, "activo_cat": "SI", "desactivad": 0, "avaluo_rem": 0.0, "avaluo_r_1": 0.0, "clasificac": "DEPURACION CATASTRO", "anio_deuda": 0, "deuda": 0.0, "valor_ip": 0.0, "coactiva": null, "ficharegis": 60936, "etam": 0.0816496581, "diferencia": 3.7072783634, "porc_difer": 0.0247151891, "admisible": 1, "deuda_anio": 0.0, "2019_csv_C": null, "Clavepre": "3-32-53-01-000", "ORIG_FID": 236 }, "geometry": { "type": "Point", "coordinates": [ -80.72185849765296, -0.983111275315357 ] } },
{ "type": "Feature", "properties": { "id": 92758, "lote_id": 68363, "clavecatas": "3-32-53-02-000", "zona": "3", "sector": "32", "manzana": "53", "lote": "02", "ph": "000", "propietari": "ZAMBRANO MOREIRA JOSE FERNANDO .", "documentop": "1307773976", "direccion": "MZ-I LT. 02 URB. URBIRIOS", "area_m2": 120.0, "frente_uti": 8.0, "frente_tot": 0.0, "avaluo_con": 48392.0, "avaluo_sue": 8760.0, "zonaurbano": "URBANA", "parroquia": "TARQUI", "esta_bloqu": "NO", "es_tercera": "NO", "tiene_elec": "SI", "tiene_agua": "SI", "tiene_alca": "NO", "observacio": "INF. AMPAOR Q. OCT. 28/2003 MR C-3396-03 C-1515-04 SELLO JULIO 02/2004 MR ACT. INF LUIS L. SEPT. 25/09 MR\r\n\r\nINF. PARA CERTIFICADO  REVIZADO POR LCDA MARIA MARISOL ARTEAGA RIVAS,  NOV. 30-16 MR", "observac_1": null, "barrio": "URBIRRIOS X", "parroquia_": 3, "barrio_id": 331, "proceso": 1, "fecha_regi": null, "activo_cat": "SI", "desactivad": 0, "avaluo_rem": 0.0, "avaluo_r_1": 0.0, "clasificac": "DEPURACION CATASTRO", "anio_deuda": 0, "deuda": 0.0, "valor_ip": 0.0, "coactiva": null, "ficharegis": 9165, "etam": 0.0912870929, "diferencia": -3.3817696374000001, "porc_difer": -0.0281814136, "admisible": 1, "deuda_anio": 0.0, "2019_csv_C": null, "Clavepre": "3-32-53-02-000", "ORIG_FID": 237 }, "geometry": { "type": "Point", "coordinates": [ -80.721781838700863, -0.983140964641041 ] } },
{ "type": "Feature", "properties": { "id": 92759, "lote_id": 68364, "clavecatas": "3-32-53-03-000", "zona": "3", "sector": "32", "manzana": "53", "lote": "03", "ph": "000", "propietari": "MURILLO PARRAGA NARCISA PATRICIA", "documentop": "1306177237", "direccion": "MZ-I LT. 03 URBIRIOS", "area_m2": 120.0, "frente_uti": 8.0, "frente_tot": 0.0, "avaluo_con": 8448.0, "avaluo_sue": 8760.0, "zonaurbano": "URBANA", "parroquia": "TARQUI", "esta_bloqu": "NO", "es_tercera": "NO", "tiene_elec": "SI", "tiene_agua": "SI", "tiene_alca": "NO", "observacio": "INF.A.Q.10/28/03 MR.C-3397-03 C-4804-04.-SELLO L.LÓPEZ 12/27/04 Y.C.S.-C-431-06- SELLO HIP. AB. C. DUEÑAS 02/24/06 Y.C.S.-ING. X JULI CASTRO REV.X ARQ.M.CAJAPE ELAB.X LCDA.DELI CHAVEZ CERT.25.421-09/\r\n26/14.-SELLO CVTA GLORIA G.28/01/\r\n15 A.Q. SE ACTUA", "observac_1": null, "barrio": "URBIRRIOS X", "parroquia_": 3, "barrio_id": 331, "proceso": 1, "fecha_regi": null, "activo_cat": "SI", "desactivad": 0, "avaluo_rem": 0.0, "avaluo_r_1": 0.0, "clasificac": "GENERAL", "anio_deuda": 2026, "deuda": 25.85, "valor_ip": 0.0, "coactiva": null, "ficharegis": 14379, "etam": 0.0912870929, "diferencia": 5.2166526634999997, "porc_difer": 0.0434721055, "admisible": 1, "deuda_anio": 0.0, "2019_csv_C": null, "Clavepre": "3-32-53-03-000", "ORIG_FID": 238 }, "geometry": { "type": "Point", "coordinates": [ -80.721714350641861, -0.983167399874894 ] } },
{ "type": "Feature", "properties": { "id": 92760, "lote_id": 68365, "clavecatas": "3-32-53-04-000", "zona": "3", "sector": "32", "manzana": "53", "lote": "04", "ph": "000", "propietari": "GUILLEN CATAGUA TERESA ISABEL", "documentop": "1305074823", "direccion": "MZ-I LT. 04 URBIRIOS", "area_m2": 120.0, "frente_uti": 8.0, "frente_tot": 0.0, "avaluo_con": 10047.41, "avaluo_sue": 8760.0, "zonaurbano": "URBANA", "parroquia": "TARQUI", "esta_bloqu": "NO", "es_tercera": "NO", "tiene_elec": "SI", "tiene_agua": "SI", "tiene_alca": "NO", "observacio": "INF. AMPARO Q, OCT. 28/2003 MR C-3398-03 C-668-05 -SELLO CARLOS D.03/01/05 Y.C.S.- 1.337-05", "observac_1": null, "barrio": "URBIRRIOS X", "parroquia_": 3, "barrio_id": 331, "proceso": 1, "fecha_regi": null, "activo_cat": "SI", "desactivad": 0, "avaluo_rem": 0.0, "avaluo_r_1": 0.0, "clasificac": "DEPURACION CATASTRO", "anio_deuda": 2024, "deuda": 144.27, "valor_ip": 0.0, "coactiva": null, "ficharegis": 10570, "etam": 0.0912870929, "diferencia": -0.2960118497, "porc_difer": -0.0024667654, "admisible": 1, "deuda_anio": 107.35, "2019_csv_C": null, "Clavepre": "3-32-53-04-000", "ORIG_FID": 239 }, "geometry": { "type": "Point", "coordinates": [ -80.721647821485803, -0.983193100567928 ] } },
{ "type": "Feature", "properties": { "id": 92761, "lote_id": 68366, "clavecatas": "3-32-53-05-000", "zona": "3", "sector": "32", "manzana": "53", "lote": "05", "ph": "000", "propietari": "VEGA LOOR JOSE ALBERTO", "documentop": "1306021096", "direccion": "MZ-I LT. 05 URB-MUNICIPAL URBIRIOS I", "area_m2": 120.0, "frente_uti": 8.0, "frente_tot": 0.0, "avaluo_con": 6192.0, "avaluo_sue": 8760.0, "zonaurbano": "URBANA", "parroquia": "TARQUI", "esta_bloqu": "NO", "es_tercera": "NO", "tiene_elec": "SI", "tiene_agua": "SI", "tiene_alca": "NO", "observacio": "INF. AMPARO Q. OCT. 28/2003 MR C-3399-03 C-4218-08 INF. PARA CERTIFICADO INGRESADO POR VENTANILLA REIZADO POR FERNANDO NAVARRETE  AUTORIZA DIR. REALIZAR EN MANTA GIS,  02 DE ABRIL  DEL 2018, MR -SE ACTUALIZA INFORMACION CON ESCRITURA DE CVTA.CON PAT.FAM.", "observac_1": null, "barrio": "URBIRRIOS X", "parroquia_": 3, "barrio_id": 331, "proceso": 1, "fecha_regi": null, "activo_cat": "SI", "desactivad": 0, "avaluo_rem": 0.0, "avaluo_r_1": 0.0, "clasificac": "GENERAL", "anio_deuda": 2025, "deuda": 73.23, "valor_ip": 0.0, "coactiva": null, "ficharegis": 65868, "etam": 0.0912870929, "diferencia": -2.4629547442000002, "porc_difer": -0.0205246229, "admisible": 1, "deuda_anio": 42.48, "2019_csv_C": null, "Clavepre": "3-32-53-05-000", "ORIG_FID": 240 }, "geometry": { "type": "Point", "coordinates": [ -80.721579866880376, -0.983219624335466 ] } },
{ "type": "Feature", "properties": { "id": 92762, "lote_id": 68367, "clavecatas": "3-32-53-06-000", "zona": "3", "sector": "32", "manzana": "53", "lote": "06", "ph": "000", "propietari": "CEDEÑO MACIAS OSCAR Y SRA", "documentop": null, "direccion": "MZ-I LT. 06 URBIRIOS", "area_m2": 120.0, "frente_uti": 8.0, "frente_tot": 0.0, "avaluo_con": 0.0, "avaluo_sue": 8760.0, "zonaurbano": "URBANA", "parroquia": "TARQUI", "esta_bloqu": "NO", "es_tercera": "NO", "tiene_elec": "SI", "tiene_agua": "SI", "tiene_alca": "NO", "observacio": "INF. AMPARO Q. OCT. 28/2003 MR C-3400-03 -CERT.3487-05 C, VTA INF. CARLOS D. AGOSTO 18/05 MR C-4802-07", "observac_1": null, "barrio": "URBIRRIOS X", "parroquia_": 3, "barrio_id": 331, "proceso": 1, "fecha_regi": null, "activo_cat": "SI", "desactivad": 0, "avaluo_rem": 0.0, "avaluo_r_1": 0.0, "clasificac": "DEPURACION CATASTRO", "anio_deuda": 2025, "deuda": 48.88, "valor_ip": 0.0, "coactiva": null, "ficharegis": 40695, "etam": 0.0912870929, "diferencia": 2.0176098449, "porc_difer": 0.0168134154, "admisible": 1, "deuda_anio": 0.0, "2019_csv_C": null, "Clavepre": "3-32-53-06-000", "ORIG_FID": 241 }, "geometry": { "type": "Point", "coordinates": [ -80.721512299416617, -0.98324547039874 ] } },
{ "type": "Feature", "properties": { "id": 92763, "lote_id": 68368, "clavecatas": "3-32-53-07-000", "zona": "3", "sector": "32", "manzana": "53", "lote": "07", "ph": "000", "propietari": "MERA MACIAS LUCRECIA LASTENIA", "documentop": "1307928091", "direccion": "MZ-I LT.07 URBIRIOS", "area_m2": 120.0, "frente_uti": 8.0, "frente_tot": 0.0, "avaluo_con": 0.0, "avaluo_sue": 8760.0, "zonaurbano": "URBANA", "parroquia": "TARQUI", "esta_bloqu": "NO", "es_tercera": "NO", "tiene_elec": "SI", "tiene_agua": "SI", "tiene_alca": "NO", "observacio": "INF. AMPARO Q. OCT. 28/2003 MR C-3401-03 -Cert.4393-05 -Sello Luis L.07/28/06 Y.C.S.-", "observac_1": null, "barrio": "URBIRRIOS X", "parroquia_": 3, "barrio_id": 331, "proceso": 1, "fecha_regi": null, "activo_cat": "SI", "desactivad": 0, "avaluo_rem": 0.0, "avaluo_r_1": 0.0, "clasificac": "DEPURACION CATASTRO", "anio_deuda": 2026, "deuda": 19.87, "valor_ip": 0.0, "coactiva": null, "ficharegis": 45366, "etam": 0.0912870929, "diferencia": -0.041161292, "porc_difer": -0.0003430108, "admisible": 1, "deuda_anio": 0.0, "2019_csv_C": null, "Clavepre": "3-32-53-07-000", "ORIG_FID": 242 }, "geometry": { "type": "Point", "coordinates": [ -80.721444823536544, -0.983270624230324 ] } },
{ "type": "Feature", "properties": { "id": 92765, "lote_id": 68370, "clavecatas": "3-32-53-09-000", "zona": "3", "sector": "32", "manzana": "53", "lote": "09", "ph": "000", "propietari": "HOLGUIN MANUEL TOMAS Y SRA.", "documentop": "1302273295", "direccion": "MZ-I LT. 09 URBIRIOS", "area_m2": 120.0, "frente_uti": 23.0, "frente_tot": 0.0, "avaluo_con": 3002.76, "avaluo_sue": 8760.0, "zonaurbano": "URBANA", "parroquia": "TARQUI", "esta_bloqu": "NO", "es_tercera": "SI", "tiene_elec": "SI", "tiene_agua": "SI", "tiene_alca": "NO", "observacio": "inf.  Amparo q. ocrubre 27/2003 mr C-3403-03 -Sello Luis L. 06/23/04 Y.C.S.- C-1799-05", "observac_1": null, "barrio": "URBIRRIOS X", "parroquia_": 3, "barrio_id": 331, "proceso": 1, "fecha_regi": null, "activo_cat": "SI", "desactivad": 0, "avaluo_rem": 0.0, "avaluo_r_1": 0.0, "clasificac": "DEPURACION CATASTRO", "anio_deuda": 0, "deuda": 0.0, "valor_ip": 0.0, "coactiva": null, "ficharegis": 0, "etam": 0.0912870929, "diferencia": 1.1013778874, "porc_difer": 0.0091781491, "admisible": 1, "deuda_anio": 0.0, "2019_csv_C": null, "Clavepre": "3-32-53-09-000", "ORIG_FID": 243 }, "geometry": { "type": "Point", "coordinates": [ -80.721310732636084, -0.983323018207161 ] } },
{ "type": "Feature", "properties": { "id": 92766, "lote_id": 68371, "clavecatas": "3-32-53-10-000", "zona": "3", "sector": "32", "manzana": "53", "lote": "10", "ph": "000", "propietari": "LOOR ALCIVAR YOLY MARIA", "documentop": "1306811363", "direccion": "MZ-I LT. 10 URBIRRIOS", "area_m2": 120.0, "frente_uti": 23.0, "frente_tot": 0.0, "avaluo_con": 15068.0, "avaluo_sue": 8760.0, "zonaurbano": "URBANA", "parroquia": "TARQUI", "esta_bloqu": "NO", "es_tercera": "NO", "tiene_elec": "SI", "tiene_agua": "SI", "tiene_alca": "NO", "observacio": "INF., AMPARO Q. OCT. 27/2003 MR C-3404-03\r\nSE ACTUALIZA SEGUN ESCRITURA INSCRITA EN EL REGISTRO DE LA PROPIEDAD. 10-09-2024_MVFCH -SE ACTUALIZA INFORMACION CON ESCRITURA DE CVTA.INSCRITA EN EL REG.DE LA PROPIEDAD 12/18/2025 Y.C.S.-", "observac_1": null, "barrio": "URBIRRIOS X", "parroquia_": 3, "barrio_id": 331, "proceso": 1, "fecha_regi": null, "activo_cat": "SI", "desactivad": 0, "avaluo_rem": 0.0, "avaluo_r_1": 0.0, "clasificac": "GENERAL", "anio_deuda": 0, "deuda": 0.0, "valor_ip": 0.0, "coactiva": null, "ficharegis": 20746, "etam": 0.0912870929, "diferencia": -1.0988581274, "porc_difer": -0.0091571511, "admisible": 1, "deuda_anio": 0.0, "2019_csv_C": null, "Clavepre": "3-32-53-10-000", "ORIG_FID": 244 }, "geometry": { "type": "Point", "coordinates": [ -80.721243918971354, -0.983349625352828 ] } },
{ "type": "Feature", "properties": { "id": 92769, "lote_id": 68374, "clavecatas": "3-32-53-13-000", "zona": "3", "sector": "32", "manzana": "53", "lote": "13", "ph": "000", "propietari": "MUENTES ALVAREZ MARJORIE SORAYA", "documentop": "1307784841", "direccion": "MZ-I LT. 13 URBIRIOS", "area_m2": 120.0, "frente_uti": 8.0, "frente_tot": 0.0, "avaluo_con": 0.0, "avaluo_sue": 8760.0, "zonaurbano": "URBANA", "parroquia": "TARQUI", "esta_bloqu": "NO", "es_tercera": "NO", "tiene_elec": "SI", "tiene_agua": "SI", "tiene_alca": "NO", "observacio": "inf- ampaero q. oct. 27/2003 mr C-3407-03 C-2107-04 -Sello Luis L. 07/23/04 Y.C.S.- c-5662-07", "observac_1": null, "barrio": "URBIRRIOS X", "parroquia_": 3, "barrio_id": 331, "proceso": 1, "fecha_regi": null, "activo_cat": "SI", "desactivad": 0, "avaluo_rem": 0.0, "avaluo_r_1": 0.0, "clasificac": "DEPURACION CATASTRO", "anio_deuda": 2025, "deuda": 48.88, "valor_ip": 0.0, "coactiva": null, "ficharegis": 0, "etam": 0.0912870929, "diferencia": 0.7347549199, "porc_difer": 0.0061229577, "admisible": 1, "deuda_anio": 29.01, "2019_csv_C": null, "Clavepre": "3-32-53-13-000", "ORIG_FID": 245 }, "geometry": { "type": "Point", "coordinates": [ -80.721328187309823, -0.983170706440474 ] } },
{ "type": "Feature", "properties": { "id": 92770, "lote_id": 68375, "clavecatas": "3-32-53-14-000", "zona": "3", "sector": "32", "manzana": "53", "lote": "14", "ph": "000", "propietari": "MACIAS MACIAS HERNAN JAVIER", "documentop": "1309793907", "direccion": "MZ. I, LT. 14 URBIRIOS", "area_m2": 120.0, "frente_uti": 8.0, "frente_tot": 0.0, "avaluo_con": 6720.0, "avaluo_sue": 8760.0, "zonaurbano": "URBANA", "parroquia": "TARQUI", "esta_bloqu": "NO", "es_tercera": "NO", "tiene_elec": "SI", "tiene_agua": "SI", "tiene_alca": "SI", "observacio": "INF. AMPARO Q. OCT. 27/2003 MR C-3408-03 ACTUALIZACION INF. AMPARO Q. JULIO 21/08 M,R.-SE MODIF.NOMBRE X DEPURAC.26/06/12 A.Q.- REVISADO X ARQ. ANGEL MENDOZA, ELABORADO X LCDA. DELI CHÁVEZ D. CERTF. 5546-19/7/12.- -SELLO CVTA.CARLOS D. 08/17/12 Y.C.S.-", "observac_1": null, "barrio": "URBIRRIOS X", "parroquia_": 3, "barrio_id": 331, "proceso": 1, "fecha_regi": null, "activo_cat": "SI", "desactivad": 0, "avaluo_rem": 0.0, "avaluo_r_1": 0.0, "clasificac": "GENERAL", "anio_deuda": 0, "deuda": 0.0, "valor_ip": 0.0, "coactiva": null, "ficharegis": 35142, "etam": 0.0912870929, "diferencia": -1.533092091, "porc_difer": -0.0127757674, "admisible": 1, "deuda_anio": 0.0, "2019_csv_C": null, "Clavepre": "3-32-53-14-000", "ORIG_FID": 246 }, "geometry": { "type": "Point", "coordinates": [ -80.721396171161715, -0.983144655828291 ] } },
{ "type": "Feature", "properties": { "id": 92771, "lote_id": 68376, "clavecatas": "3-32-53-15-000", "zona": "3", "sector": "32", "manzana": "53", "lote": "15", "ph": "000", "propietari": "ALONZO SUAREZ LUIS Y SRA.", "documentop": "1303684474", "direccion": "MZ-I LT. 15 URBIRIOS", "area_m2": 120.0, "frente_uti": 8.0, "frente_tot": 0.0, "avaluo_con": 0.0, "avaluo_sue": 8760.0, "zonaurbano": "URBANA", "parroquia": "TARQUI", "esta_bloqu": "NO", "es_tercera": "NO", "tiene_elec": "SI", "tiene_agua": "SI", "tiene_alca": "NO", "observacio": "INF, AMPARO Q. OCT. 27/2003 MR C-3409-03 C-2297-04 -SELLO LUIS L. 07/28/04 Y.C.S.- C-172-05", "observac_1": "- Verif. Sis. por favor no desbloquear hasta confirmar en sistemas", "barrio": "URBIRRIOS X", "parroquia_": 3, "barrio_id": 331, "proceso": 1, "fecha_regi": null, "activo_cat": "SI", "desactivad": 0, "avaluo_rem": 0.0, "avaluo_r_1": 0.0, "clasificac": "DEPURACION CATASTRO", "anio_deuda": 0, "deuda": 0.0, "valor_ip": 0.0, "coactiva": null, "ficharegis": 85059, "etam": 0.0912870929, "diferencia": 0.6945700635, "porc_difer": 0.0057880839, "admisible": 1, "deuda_anio": 0.0, "2019_csv_C": null, "Clavepre": "3-32-53-15-000", "ORIG_FID": 247 }, "geometry": { "type": "Point", "coordinates": [ -80.721463132117748, -0.983118744916251 ] } },
{ "type": "Feature", "properties": { "id": 92772, "lote_id": 68377, "clavecatas": "3-32-53-16-000", "zona": "3", "sector": "32", "manzana": "53", "lote": "16", "ph": "000", "propietari": "OSTAIZA RIVAS WILLIAMS STALIN", "documentop": "1203337207", "direccion": "MZ-I LT. 16 URBIRIOS", "area_m2": 120.0, "frente_uti": 8.0, "frente_tot": 0.0, "avaluo_con": 0.0, "avaluo_sue": 8760.0, "zonaurbano": "URBANA", "parroquia": "TARQUI", "esta_bloqu": "NO", "es_tercera": "NO", "tiene_elec": "SI", "tiene_agua": "SI", "tiene_alca": "SI", "observacio": "IND, AMPARO Q. OCT. 27/2003 MR C-3410-03 ACTZ.INF.PARA CERTIFICADO DANIEL SALDARREAGAENERO 12/12 MR CERT.245-12 -SELLO CVTA.LUIS L. 02/06/12 Y.C.S.- REVISADO X ARQ. MIGUEL CAJAPE, ELABORADO X LCDA. DELI CHÁVEZ D. MAYO 7/12 CERTF. 3433/12.- -SELLO CVTA.C", "observac_1": null, "barrio": "URBIRRIOS X", "parroquia_": 3, "barrio_id": 331, "proceso": 1, "fecha_regi": null, "activo_cat": "SI", "desactivad": 0, "avaluo_rem": 0.0, "avaluo_r_1": 0.0, "clasificac": "GENERAL", "anio_deuda": 2026, "deuda": 20.21, "valor_ip": 0.0, "coactiva": null, "ficharegis": 25254, "etam": 0.0912870929, "diferencia": -6.6924809474, "porc_difer": -0.0557706746, "admisible": 1, "deuda_anio": 0.0, "2019_csv_C": null, "Clavepre": "3-32-53-16-000", "ORIG_FID": 248 }, "geometry": { "type": "Point", "coordinates": [ -80.721531426534426, -0.983092105061341 ] } },
{ "type": "Feature", "properties": { "id": 92773, "lote_id": 68378, "clavecatas": "3-32-53-17-000", "zona": "3", "sector": "32", "manzana": "53", "lote": "17", "ph": "000", "propietari": "OSTAIZA RIVAS WILLIAMS Y SRA.", "documentop": "1203337207", "direccion": "MZ-I LT.17 URBIRIOS", "area_m2": 120.0, "frente_uti": 8.0, "frente_tot": 0.0, "avaluo_con": 17154.28, "avaluo_sue": 8760.0, "zonaurbano": "URBANA", "parroquia": "TARQUI", "esta_bloqu": "NO", "es_tercera": "NO", "tiene_elec": "SI", "tiene_agua": "SI", "tiene_alca": "NO", "observacio": "INF. AMPARO Q. OCT. 27/2003 MR C-3411-03 -SELLO LUIS L. 04/20/04 Y.C.S.- C-7419-08 INSG. DE CONST. INF. AMPARO 11-20-08 MAR", "observac_1": null, "barrio": "URBIRRIOS X", "parroquia_": 3, "barrio_id": 331, "proceso": 1, "fecha_regi": null, "activo_cat": "SI", "desactivad": 0, "avaluo_rem": 0.0, "avaluo_r_1": 0.0, "clasificac": "DEPURACION CATASTRO", "anio_deuda": 2026, "deuda": 47.72, "valor_ip": 0.0, "coactiva": null, "ficharegis": 9121, "etam": 0.0912870929, "diferencia": -0.3770704721, "porc_difer": -0.0031422539, "admisible": 1, "deuda_anio": 0.0, "2019_csv_C": null, "Clavepre": "3-32-53-17-000", "ORIG_FID": 249 }, "geometry": { "type": "Point", "coordinates": [ -80.721600611270532, -0.98306689804549 ] } },
{ "type": "Feature", "properties": { "id": 92774, "lote_id": 68379, "clavecatas": "3-32-53-18-000", "zona": "3", "sector": "32", "manzana": "53", "lote": "18", "ph": "000", "propietari": "PILOZO PARRALES WILMER LORENZO", "documentop": "1304697137", "direccion": "MZ-I LT. 18 URB.  URBIRIOS", "area_m2": 120.0, "frente_uti": 8.0, "frente_tot": 0.0, "avaluo_con": 8832.0, "avaluo_sue": 8760.0, "zonaurbano": "URBANA", "parroquia": "TARQUI", "esta_bloqu": "NO", "es_tercera": "NO", "tiene_elec": "SI", "tiene_agua": "SI", "tiene_alca": "NO", "observacio": "INF.AMPARO Q.10/27/03 MR C-3412-03 C-2245-04.-SELLO CARLOS D.10/29/04 Y.C.S.-C-106-05 C-5115-07.-INGR. X VALERIA VER, REVZ. X ARQ.G.FERRIN, 01/31/14.-SELLO CVTA DANIEL S. 18/02/14 A.Q.-INGR.X LCDA. G. SOLORZANO,REVZ.X ARQ.G.FERRIN,ELAB. X LCDA.DELI CHAVE", "observac_1": null, "barrio": "URBIRRIOS X", "parroquia_": 3, "barrio_id": 331, "proceso": 1, "fecha_regi": null, "activo_cat": "SI", "desactivad": 0, "avaluo_rem": 0.0, "avaluo_r_1": 0.0, "clasificac": "GENERAL", "anio_deuda": 2026, "deuda": 36.19, "valor_ip": 0.0, "coactiva": null, "ficharegis": 22974, "etam": 0.0912870929, "diferencia": -0.3347561697, "porc_difer": -0.0027896347, "admisible": 1, "deuda_anio": 0.0, "2019_csv_C": null, "Clavepre": "3-32-53-18-000", "ORIG_FID": 250 }, "geometry": { "type": "Point", "coordinates": [ -80.721667673154244, -0.983040627726905 ] } },
{ "type": "Feature", "properties": { "id": 92775, "lote_id": 68380, "clavecatas": "3-32-53-19-000", "zona": "3", "sector": "32", "manzana": "53", "lote": "19", "ph": "000", "propietari": "DELGADO INTRIAGO ANDREA PAOLA", "documentop": "1308239019", "direccion": "MZ-I LT. 19 URBIRIOS", "area_m2": 120.0, "frente_uti": 8.0, "frente_tot": 0.0, "avaluo_con": 0.0, "avaluo_sue": 8760.0, "zonaurbano": "URBANA", "parroquia": "TARQUI", "esta_bloqu": "NO", "es_tercera": "NO", "tiene_elec": "SI", "tiene_agua": "SI", "tiene_alca": "NO", "observacio": "INF. AMPARO Q. OCT. 27/2003 MR C-3413-03 C-715-05 SELLO CVTA X CARLOS 15/03/05 LLCH. C-509-09", "observac_1": null, "barrio": "URBIRRIOS X", "parroquia_": 3, "barrio_id": 331, "proceso": 1, "fecha_regi": null, "activo_cat": "SI", "desactivad": 0, "avaluo_rem": 0.0, "avaluo_r_1": 0.0, "clasificac": "DEPURACION CATASTRO", "anio_deuda": 2025, "deuda": 48.88, "valor_ip": 0.0, "coactiva": null, "ficharegis": 11177, "etam": 0.0912870929, "diferencia": 4.7381405258999996, "porc_difer": 0.0394845044, "admisible": 1, "deuda_anio": 29.01, "2019_csv_C": null, "Clavepre": "3-32-53-19-000", "ORIG_FID": 251 }, "geometry": { "type": "Point", "coordinates": [ -80.721733803385675, -0.983015402686448 ] } },
{ "type": "Feature", "properties": { "id": 92776, "lote_id": 68381, "clavecatas": "3-32-53-20-000", "zona": "3", "sector": "32", "manzana": "53", "lote": "20", "ph": "000", "propietari": "CELI FARIAS SAUL Y SRA.", "documentop": "1710954189", "direccion": "MZ-I LT. 20 URBIRIOS", "area_m2": 150.0, "frente_uti": 25.0, "frente_tot": 0.0, "avaluo_con": 0.0, "avaluo_sue": 10950.0, "zonaurbano": "URBANA", "parroquia": "TARQUI", "esta_bloqu": "NO", "es_tercera": "NO", "tiene_elec": "SI", "tiene_agua": "SI", "tiene_alca": "NO", "observacio": "INF. AMPARO Q. OCT. 27/2003 MR C-3414-03 C-2507-04 -SELLO CARLOS D.09/14/04 Y.C.S.-", "observac_1": null, "barrio": "URBIRRIOS X", "parroquia_": 3, "barrio_id": 331, "proceso": 1, "fecha_regi": null, "activo_cat": "SI", "desactivad": 0, "avaluo_rem": 0.0, "avaluo_r_1": 0.0, "clasificac": "DEPURACION CATASTRO", "anio_deuda": 2020, "deuda": 454.24, "valor_ip": 0.0, "coactiva": null, "ficharegis": 64793, "etam": 0.0816496581, "diferencia": 1.1701792253000001, "porc_difer": 0.0078011948, "admisible": 1, "deuda_anio": 407.57, "2019_csv_C": null, "Clavepre": "3-32-53-20-000", "ORIG_FID": 252 }, "geometry": { "type": "Point", "coordinates": [ -80.721808750497985, -0.982987888678001 ] } },
{ "type": "Feature", "properties": { "id": 92777, "lote_id": 68382, "clavecatas": "3-32-54-01-000", "zona": "3", "sector": "32", "manzana": "54", "lote": "01", "ph": "000", "propietari": "MUÑIZ MACIAS KLEBER Y MERCEDES ZAMBRANO", "documentop": "1306475607", "direccion": "MZ-I-1 LT. 01 URBIRIOS", "area_m2": 120.0, "frente_uti": 23.0, "frente_tot": 0.0, "avaluo_con": 0.0, "avaluo_sue": 8760.0, "zonaurbano": "URBANA", "parroquia": "TARQUI", "esta_bloqu": "NO", "es_tercera": "NO", "tiene_elec": "SI", "tiene_agua": "SI", "tiene_alca": "NO", "observacio": "C-3766-03 C-3573-04 -SELLO LUIS L.11/10/05 Y.C.S.- C-2857-07 C-3151-07", "observac_1": null, "barrio": "URBIRRIOS X", "parroquia_": 3, "barrio_id": 331, "proceso": 1, "fecha_regi": null, "activo_cat": "SI", "desactivad": 0, "avaluo_rem": 0.0, "avaluo_r_1": 0.0, "clasificac": "DEPURACION CATASTRO", "anio_deuda": 0, "deuda": 0.0, "valor_ip": 0.0, "coactiva": null, "ficharegis": 77777, "etam": 0.0912870929, "diferencia": 3.991589857, "porc_difer": 0.0332632488, "admisible": 1, "deuda_anio": 0.0, "2019_csv_C": null, "Clavepre": "3-32-54-01-000", "ORIG_FID": 253 }, "geometry": { "type": "Point", "coordinates": [ -80.721123235578716, -0.983395380894039 ] } },
{ "type": "Feature", "properties": { "id": 92778, "lote_id": 68383, "clavecatas": "3-32-54-02-000", "zona": "3", "sector": "32", "manzana": "54", "lote": "02", "ph": "000", "propietari": "NUPIA SILVA LUIS ALBERTO Y MENDOZA ENRIQ", "documentop": "1204806457", "direccion": "MZ-I-1 LT. 02 URBIRIOS", "area_m2": 120.0, "frente_uti": 8.0, "frente_tot": 0.0, "avaluo_con": 0.0, "avaluo_sue": 8760.0, "zonaurbano": "URBANA", "parroquia": "TARQUI", "esta_bloqu": "NO", "es_tercera": "NO", "tiene_elec": "SI", "tiene_agua": "SI", "tiene_alca": "NO", "observacio": "C-3773-03 C-5497-08 c-501-09 sello cvta x fernando 30/03/09 a.q.", "observac_1": null, "barrio": "URBIRRIOS X", "parroquia_": 3, "barrio_id": 331, "proceso": 1, "fecha_regi": null, "activo_cat": "SI", "desactivad": 0, "avaluo_rem": 0.0, "avaluo_r_1": 0.0, "clasificac": "DEPURACION CATASTRO", "anio_deuda": 0, "deuda": 0.0, "valor_ip": 0.0, "coactiva": null, "ficharegis": 11125, "etam": 0.0912870929, "diferencia": -1.4575490083, "porc_difer": -0.0121462417, "admisible": 1, "deuda_anio": 0.0, "2019_csv_C": null, "Clavepre": "3-32-54-02-000", "ORIG_FID": 254 }, "geometry": { "type": "Point", "coordinates": [ -80.721058670438737, -0.983420074811076 ] } },
{ "type": "Feature", "properties": { "id": 92779, "lote_id": 68384, "clavecatas": "3-32-54-03-000", "zona": "3", "sector": "32", "manzana": "54", "lote": "03", "ph": "000", "propietari": "PADILLA LAJONES ANGEL Y SRA.", "documentop": "0912245982", "direccion": "MZ-I-1 LT. 03 URBIRIOS", "area_m2": 192.36, "frente_uti": 35.0, "frente_tot": 0.0, "avaluo_con": 0.0, "avaluo_sue": 14042.28, "zonaurbano": "URBANA", "parroquia": "TARQUI", "esta_bloqu": "NO", "es_tercera": "NO", "tiene_elec": "SI", "tiene_agua": "SI", "tiene_alca": "NO", "observacio": "INF. AMPARO Q. OCT. 29/2003 MR C-3774-03 -Sello Luis L. 12/06/04 Y.C.S.-", "observac_1": null, "barrio": "URBIRRIOS X", "parroquia_": 3, "barrio_id": 331, "proceso": 1, "fecha_regi": null, "activo_cat": "SI", "desactivad": 0, "avaluo_rem": 0.0, "avaluo_r_1": 0.0, "clasificac": "DEPURACION CATASTRO", "anio_deuda": 0, "deuda": 0.0, "valor_ip": 0.0, "coactiva": null, "ficharegis": 9908, "etam": 0.0721012204, "diferencia": -25.1316262763, "porc_difer": -0.1306489201, "admisible": 0, "deuda_anio": 0.0, "2019_csv_C": null, "Clavepre": "3-32-54-03-000", "ORIG_FID": 255 }, "geometry": { "type": "Point", "coordinates": [ -80.72096308444992, -0.983450776158551 ] } },
{ "type": "Feature", "properties": { "id": 92780, "lote_id": 68385, "clavecatas": "3-32-54-04-000", "zona": "3", "sector": "32", "manzana": "54", "lote": "04", "ph": "000", "propietari": "GONGORA CEVALLOS MARIA JOSE", "documentop": "1316219185", "direccion": "MZ-I-1 LT. 4 URB. URBIRIOS", "area_m2": 166.86, "frente_uti": 29.0, "frente_tot": 0.0, "avaluo_con": 7920.0, "avaluo_sue": 12789.82, "zonaurbano": "URBANA", "parroquia": "TARQUI", "esta_bloqu": "NO", "es_tercera": "NO", "tiene_elec": "SI", "tiene_agua": "SI", "tiene_alca": "NO", "observacio": "C-3775-03- SELLO CARLOS D.03/11/05 Y.C.S- C-2413-07 SE ING. LA CONST. PARA CERT. MIDUVI CON INF. D P. LEÓN 06-29-07 MAR.- ING. X L. LOOR REV.X ARQ. M. CAJAPE ELAB. X LCDA. DELI CHAVEZ CERT.25.214 09/18/14.-ING. X J. CASTRO REV. X M. CAJAPE 02/25/15 MR.-", "observac_1": null, "barrio": "URBIRRIOS X", "parroquia_": 3, "barrio_id": 331, "proceso": 1, "fecha_regi": null, "activo_cat": "SI", "desactivad": 0, "avaluo_rem": 0.0, "avaluo_r_1": 0.0, "clasificac": "GENERAL", "anio_deuda": 2026, "deuda": 39.04, "valor_ip": 0.0, "coactiva": null, "ficharegis": 47626, "etam": 0.0774147794, "diferencia": -16.304343084900001, "porc_difer": -0.0977127118, "admisible": 0, "deuda_anio": 0.0, "2019_csv_C": null, "Clavepre": "3-32-54-04-000", "ORIG_FID": 256 }, "geometry": { "type": "Point", "coordinates": [ -80.720847660993428, -0.983353280209831 ] } },
{ "type": "Feature", "properties": { "id": 92781, "lote_id": 68386, "clavecatas": "3-32-54-05-000", "zona": "3", "sector": "32", "manzana": "54", "lote": "05", "ph": "000", "propietari": "PICO ZAMBRANO HERNAN Y SRA.", "documentop": "1303462434", "direccion": "MZ-I-1 LT. 05 URBIRIOS", "area_m2": 120.0, "frente_uti": 8.0, "frente_tot": 0.0, "avaluo_con": 6707.12, "avaluo_sue": 8760.0, "zonaurbano": "URBANA", "parroquia": "TARQUI", "esta_bloqu": "NO", "es_tercera": "NO", "tiene_elec": "SI", "tiene_agua": "SI", "tiene_alca": "NO", "observacio": "C-3776-03 C-3471-07 -SELLO LUIS L.08/15/07 Y.C.S.- SE INGRES. LA CONST. PARA CERT. CON INF.  DE PATRICIO 09-11-07 MAR C- 4645-07", "observac_1": null, "barrio": "URBIRRIOS X", "parroquia_": 3, "barrio_id": 331, "proceso": 1, "fecha_regi": null, "activo_cat": "SI", "desactivad": 0, "avaluo_rem": 0.0, "avaluo_r_1": 0.0, "clasificac": "DEPURACION CATASTRO", "anio_deuda": 2019, "deuda": 404.78, "valor_ip": 0.0, "coactiva": null, "ficharegis": 55751, "etam": 0.0912870929, "diferencia": 0.1473092749, "porc_difer": 0.0012275773, "admisible": 1, "deuda_anio": 376.58, "2019_csv_C": null, "Clavepre": "3-32-54-05-000", "ORIG_FID": 257 }, "geometry": { "type": "Point", "coordinates": [ -80.720941001758547, -0.983322825189594 ] } },
{ "type": "Feature", "properties": { "id": 92782, "lote_id": 68387, "clavecatas": "3-32-54-06-000", "zona": "3", "sector": "32", "manzana": "54", "lote": "06", "ph": "000", "propietari": "CEVALLOS EDULFA LAURENTINA", "documentop": "1302083611", "direccion": "MZ-I-1 LT. 06 URBIRIOS", "area_m2": 120.0, "frente_uti": 8.0, "frente_tot": 0.0, "avaluo_con": 1827.16, "avaluo_sue": 8760.0, "zonaurbano": "URBANA", "parroquia": "TARQUI", "esta_bloqu": "NO", "es_tercera": "SI", "tiene_elec": "SI", "tiene_agua": "SI", "tiene_alca": "NO", "observacio": "C-3777-03 FM2010", "observac_1": "[FM 2010]", "barrio": "URBIRRIOS X", "parroquia_": 3, "barrio_id": 331, "proceso": 1, "fecha_regi": null, "activo_cat": "SI", "desactivad": 0, "avaluo_rem": 0.0, "avaluo_r_1": 0.0, "clasificac": "GENERAL", "anio_deuda": 2012, "deuda": 226.47, "valor_ip": 0.0, "coactiva": null, "ficharegis": 22210, "etam": 0.0912870929, "diferencia": 6.8204186717999997, "porc_difer": 0.0568368223, "admisible": 1, "deuda_anio": 215.13, "2019_csv_C": null, "Clavepre": "3-32-54-06-000", "ORIG_FID": 258 }, "geometry": { "type": "Point", "coordinates": [ -80.721009622905612, -0.983295640193991 ] } },
{ "type": "Feature", "properties": { "id": 92783, "lote_id": 68388, "clavecatas": "3-32-54-07-000", "zona": "3", "sector": "32", "manzana": "54", "lote": "07", "ph": "000", "propietari": "LUCIO ROLDAN CELIDA MARIBEL", "documentop": "1309903787", "direccion": "MZ-I-1 LT. 07 URBIRIOS", "area_m2": 120.0, "frente_uti": 8.0, "frente_tot": 0.0, "avaluo_con": 9231.95, "avaluo_sue": 8760.0, "zonaurbano": "URBANA", "parroquia": "TARQUI", "esta_bloqu": "NO", "es_tercera": "NO", "tiene_elec": "SI", "tiene_agua": "SI", "tiene_alca": "NO", "observacio": "C-3778-03 -Sello Amparo Q. 05/03/04 Y.C.S.-3815-05 c-5083-07", "observac_1": null, "barrio": "URBIRRIOS X", "parroquia_": 3, "barrio_id": 331, "proceso": 1, "fecha_regi": null, "activo_cat": "SI", "desactivad": 0, "avaluo_rem": 0.0, "avaluo_r_1": 0.0, "clasificac": "DEPURACION CATASTRO", "anio_deuda": 2025, "deuda": 68.22, "valor_ip": 0.0, "coactiva": null, "ficharegis": 1508, "etam": 0.0912870929, "diferencia": 13.081544039500001, "porc_difer": 0.109012867, "admisible": 0, "deuda_anio": 39.07, "2019_csv_C": null, "Clavepre": "3-32-54-07-000", "ORIG_FID": 259 }, "geometry": { "type": "Point", "coordinates": [ -80.721073818735306, -0.983270040300163 ] } },
{ "type": "Feature", "properties": { "id": 92784, "lote_id": 68389, "clavecatas": "3-32-55-01-000", "zona": "3", "sector": "32", "manzana": "55", "lote": "01", "ph": "000", "propietari": "CRIOLLO BRAVO WILSON Y TANIA TEJENA", "documentop": "1307612646", "direccion": "MZ-J3 LT. 1 URBIRIOS", "area_m2": 150.0, "frente_uti": 25.0, "frente_tot": 0.0, "avaluo_con": 2309.8, "avaluo_sue": 10950.0, "zonaurbano": "URBANA", "parroquia": "TARQUI", "esta_bloqu": "NO", "es_tercera": "NO", "tiene_elec": "SI", "tiene_agua": "SI", "tiene_alca": "NO", "observacio": "C-4211-03 1.328-05 -Sello Luis L.05/19/05 Y.C.S.- 2.665-05 se ingresa la const. inf. Fernando N. sept. 04/06 mr 5.158-07", "observac_1": null, "barrio": "URBIRRIOS X", "parroquia_": 3, "barrio_id": 331, "proceso": 1, "fecha_regi": null, "activo_cat": "SI", "desactivad": 0, "avaluo_rem": 0.0, "avaluo_r_1": 0.0, "clasificac": "DEPURACION CATASTRO", "anio_deuda": 2010, "deuda": 1422.07, "valor_ip": 0.0, "coactiva": null, "ficharegis": 21630, "etam": 0.0816496581, "diferencia": -0.7072614687, "porc_difer": -0.0047150765, "admisible": 1, "deuda_anio": 1390.3, "2019_csv_C": null, "Clavepre": "3-32-55-01-000", "ORIG_FID": 260 }, "geometry": { "type": "Point", "coordinates": [ -80.723678471935216, -0.982580632882895 ] } },
{ "type": "Feature", "properties": { "id": 92785, "lote_id": 68390, "clavecatas": "3-32-55-02-000", "zona": "3", "sector": "32", "manzana": "55", "lote": "02", "ph": "000", "propietari": "BARBERAN BARRETO WALTER MANUEL", "documentop": "1308920139", "direccion": "MZ-J-3 LT. 02 URBIRIOS", "area_m2": 120.0, "frente_uti": 8.0, "frente_tot": 0.0, "avaluo_con": 0.0, "avaluo_sue": 8760.0, "zonaurbano": "URBANA", "parroquia": "TARQUI", "esta_bloqu": "NO", "es_tercera": "NO", "tiene_elec": "SI", "tiene_agua": "SI", "tiene_alca": "NO", "observacio": "C-1528-04  INSCRP. TARDIA INF CARLOS D. AGOSTO 16/05 MR", "observac_1": null, "barrio": "URBIRRIOS X", "parroquia_": 3, "barrio_id": 331, "proceso": 1, "fecha_regi": null, "activo_cat": "SI", "desactivad": 0, "avaluo_rem": 0.0, "avaluo_r_1": 0.0, "clasificac": "DEPURACION CATASTRO", "anio_deuda": 2016, "deuda": 329.66, "valor_ip": 0.0, "coactiva": null, "ficharegis": 0, "etam": 0.0912870929, "diferencia": 1.8939990282000001, "porc_difer": 0.0157833252, "admisible": 1, "deuda_anio": 316.22, "2019_csv_C": null, "Clavepre": "3-32-55-02-000", "ORIG_FID": 261 }, "geometry": { "type": "Point", "coordinates": [ -80.723743404775377, -0.98253108729425 ] } },
{ "type": "Feature", "properties": { "id": 92786, "lote_id": 68391, "clavecatas": "3-32-55-03-000", "zona": "3", "sector": "32", "manzana": "55", "lote": "03", "ph": "000", "propietari": "BARBERAN MURILLO BETTY IGZABETH", "documentop": "1304419136", "direccion": "MZ-J3 LT. 3 URBIRIOS", "area_m2": 120.0, "frente_uti": 8.0, "frente_tot": 0.0, "avaluo_con": 7900.83, "avaluo_sue": 8760.0, "zonaurbano": "URBANA", "parroquia": "TARQUI", "esta_bloqu": "NO", "es_tercera": "NO", "tiene_elec": "SI", "tiene_agua": "SI", "tiene_alca": "NO", "observacio": "c-7939-08 C.-8168-08 -Sello Donacion Carlos D.01/13/09 Y.C.S.-", "observac_1": null, "barrio": "URBIRRIOS X", "parroquia_": 3, "barrio_id": 331, "proceso": 1, "fecha_regi": null, "activo_cat": "SI", "desactivad": 0, "avaluo_rem": 0.0, "avaluo_r_1": 0.0, "clasificac": "DEPURACION CATASTRO", "anio_deuda": 2015, "deuda": 640.03, "valor_ip": 0.0, "coactiva": null, "ficharegis": 10403, "etam": 0.0912870929, "diferencia": 2.641784576, "porc_difer": 0.0220148715, "admisible": 1, "deuda_anio": 610.8, "2019_csv_C": null, "Clavepre": "3-32-55-03-000", "ORIG_FID": 262 }, "geometry": { "type": "Point", "coordinates": [ -80.723799940006813, -0.982485864312129 ] } },
{ "type": "Feature", "properties": { "id": 92788, "lote_id": 68393, "clavecatas": "3-32-55-05-000", "zona": "3", "sector": "32", "manzana": "55", "lote": "05", "ph": "000", "propietari": "CEDEÑO TUMBACO CLOTILDE OLIVA", "documentop": "1307380210", "direccion": "MZ-J3 LT. 05 URBIRIOS", "area_m2": 120.0, "frente_uti": 8.0, "frente_tot": 0.0, "avaluo_con": 0.0, "avaluo_sue": 8760.0, "zonaurbano": "URBANA", "parroquia": "TARQUI", "esta_bloqu": "NO", "es_tercera": "NO", "tiene_elec": "SI", "tiene_agua": "SI", "tiene_alca": "NO", "observacio": "C-1758-05 -Sello Carlos D. 05/12/05 Y.C.S.- c-4936-07", "observac_1": null, "barrio": "URBIRRIOS X", "parroquia_": 3, "barrio_id": 331, "proceso": 1, "fecha_regi": null, "activo_cat": "SI", "desactivad": 0, "avaluo_rem": 0.0, "avaluo_r_1": 0.0, "clasificac": "DEPURACION CATASTRO", "anio_deuda": 0, "deuda": 0.0, "valor_ip": 0.0, "coactiva": null, "ficharegis": 0, "etam": 0.0912870929, "diferencia": -0.3325398719, "porc_difer": -0.0027711656, "admisible": 1, "deuda_anio": 0.0, "2019_csv_C": null, "Clavepre": "3-32-55-05-000", "ORIG_FID": 263 }, "geometry": { "type": "Point", "coordinates": [ -80.723911201352607, -0.982395011444721 ] } },
{ "type": "Feature", "properties": { "id": 92789, "lote_id": 68394, "clavecatas": "3-32-55-06-000", "zona": "3", "sector": "32", "manzana": "55", "lote": "06", "ph": "000", "propietari": "CANTOS CONFORME JUANA AGRIPINA", "documentop": "1307670263", "direccion": "MZ-J3 LT. 06 URBIRIOS", "area_m2": 120.0, "frente_uti": 8.0, "frente_tot": 0.0, "avaluo_con": 0.0, "avaluo_sue": 8760.0, "zonaurbano": "URBANA", "parroquia": "TARQUI", "esta_bloqu": "NO", "es_tercera": "NO", "tiene_elec": "SI", "tiene_agua": "SI", "tiene_alca": "NO", "observacio": "C-1759-05 -Sello Carlos D. 05/12/05 Y.C.S.- C-4933-07 2.292-08 MDV", "observac_1": null, "barrio": "URBIRRIOS X", "parroquia_": 3, "barrio_id": 331, "proceso": 1, "fecha_regi": null, "activo_cat": "SI", "desactivad": 0, "avaluo_rem": 0.0, "avaluo_r_1": 0.0, "clasificac": "DEPURACION CATASTRO", "anio_deuda": 0, "deuda": 0.0, "valor_ip": 0.0, "coactiva": null, "ficharegis": 0, "etam": 0.0912870929, "diferencia": -1.4605513708, "porc_difer": -0.0121712614, "admisible": 1, "deuda_anio": 0.0, "2019_csv_C": null, "Clavepre": "3-32-55-06-000", "ORIG_FID": 264 }, "geometry": { "type": "Point", "coordinates": [ -80.723964099564739, -0.9823447697685 ] } },
{ "type": "Feature", "properties": { "id": 92790, "lote_id": 68395, "clavecatas": "3-32-55-07-000", "zona": "3", "sector": "32", "manzana": "55", "lote": "07", "ph": "000", "propietari": "MACIAS ZAMBRANO JOSE ALFONSO", "documentop": "1308736501", "direccion": "MZ-J3 LT. 7 URB. MUNICIPAL URBIRIOS", "area_m2": 120.0, "frente_uti": 8.0, "frente_tot": 0.0, "avaluo_con": 2520.0, "avaluo_sue": 8760.0, "zonaurbano": "URBANA", "parroquia": "TARQUI", "esta_bloqu": "NO", "es_tercera": "SI", "tiene_elec": "SI", "tiene_agua": "SI", "tiene_alca": "SI", "observacio": "ACTZ.INF.PARA CERTIFICADO VALERIA VERA, Y  REVISADO POR ARQ. ANGEL MENDOZA  CON AUT. DE PLAU 10/31/12 MR   8183-12 CERT.INF.PARA CERT.D VENTANILLA ISABEL MURILLO REVIZADO X TECNICO GORETY FERRRIN FEB.04-14 -SELLO ADJ.DANIEL S.02/25/14 Y.C.S.-", "observac_1": null, "barrio": "URBIRRIOS X", "parroquia_": 3, "barrio_id": 331, "proceso": 1, "fecha_regi": null, "activo_cat": "SI", "desactivad": 0, "avaluo_rem": 0.0, "avaluo_r_1": 0.0, "clasificac": "GENERAL", "anio_deuda": 0, "deuda": 0.0, "valor_ip": 0.0, "coactiva": null, "ficharegis": 26847, "etam": 0.0912870929, "diferencia": 2.7794624696, "porc_difer": 0.0231621872, "admisible": 1, "deuda_anio": 0.0, "2019_csv_C": null, "Clavepre": "3-32-55-07-000", "ORIG_FID": 265 }, "geometry": { "type": "Point", "coordinates": [ -80.724016993603712, -0.982297269921403 ] } },
{ "type": "Feature", "properties": { "id": 92791, "lote_id": 68396, "clavecatas": "3-32-55-08-000", "zona": "3", "sector": "32", "manzana": "55", "lote": "08", "ph": "000", "propietari": "CEDEÑO SOLORZANO DEXI JACQUELINE", "documentop": "1308251477", "direccion": "MZ-J3 LT. 08 URBIRIOS", "area_m2": 120.0, "frente_uti": 8.0, "frente_tot": 0.0, "avaluo_con": 11200.0, "avaluo_sue": 8760.0, "zonaurbano": "URBANA", "parroquia": "TARQUI", "esta_bloqu": "NO", "es_tercera": "NO", "tiene_elec": "SI", "tiene_agua": "SI", "tiene_alca": "NO", "observacio": "C-5807-08-SE ING. CONST.Y SE ACT.SEGÚN  AUT.PUM #587-6053 DEL 22/09/2016-F.V.V-26/10/2016-SELLO CVTA S/F.11/01/17 A.Q.", "observac_1": null, "barrio": "URBIRRIOS X", "parroquia_": 3, "barrio_id": 331, "proceso": 1, "fecha_regi": null, "activo_cat": "SI", "desactivad": 0, "avaluo_rem": 0.0, "avaluo_r_1": 0.0, "clasificac": "GENERAL", "anio_deuda": 2021, "deuda": 271.43, "valor_ip": 0.0, "coactiva": null, "ficharegis": 59230, "etam": 0.0912870929, "diferencia": -4.2295728135, "porc_difer": -0.0352464401, "admisible": 1, "deuda_anio": 240.3, "2019_csv_C": null, "Clavepre": "3-32-55-08-000", "ORIG_FID": 266 }, "geometry": { "type": "Point", "coordinates": [ -80.724069773086129, -0.982247528692763 ] } },
{ "type": "Feature", "properties": { "id": 92792, "lote_id": 68397, "clavecatas": "3-32-55-09-000", "zona": "3", "sector": "32", "manzana": "55", "lote": "09", "ph": "000", "propietari": "LOPEZ REYES ANGEL Y JUANA CHILAN", "documentop": "1305567586", "direccion": "MZ-J3 LT. 9 URBIRIOS", "area_m2": 120.0, "frente_uti": 8.0, "frente_tot": 0.0, "avaluo_con": 807.33, "avaluo_sue": 8760.0, "zonaurbano": "URBANA", "parroquia": "TARQUI", "esta_bloqu": "NO", "es_tercera": "NO", "tiene_elec": "SI", "tiene_agua": "SI", "tiene_alca": "NO", "observacio": "C-881-05 -Sello Luis L. se ingresa la const. 03/11/05 Y.C.S.- C-1889-05 c-3220-07", "observac_1": null, "barrio": "URBIRRIOS X", "parroquia_": 3, "barrio_id": 331, "proceso": 1, "fecha_regi": null, "activo_cat": "SI", "desactivad": 0, "avaluo_rem": 0.0, "avaluo_r_1": 0.0, "clasificac": "DEPURACION CATASTRO", "anio_deuda": 0, "deuda": 0.0, "valor_ip": 0.0, "coactiva": null, "ficharegis": 0, "etam": 0.0912870929, "diferencia": -9.5588356072000007, "porc_difer": -0.0796569634, "admisible": 1, "deuda_anio": 0.0, "2019_csv_C": null, "Clavepre": "3-32-55-09-000", "ORIG_FID": 267 }, "geometry": { "type": "Point", "coordinates": [ -80.72412403392417, -0.982194874735427 ] } },
{ "type": "Feature", "properties": { "id": 92793, "lote_id": 68398, "clavecatas": "3-32-55-10-000", "zona": "3", "sector": "32", "manzana": "55", "lote": "10", "ph": "000", "propietari": "CASTILLO MERO JOSE ENNRIQUE Y FLORES PIT", "documentop": "1305906735", "direccion": "MZ-J3 LT. 10 URBIRIOS", "area_m2": 120.0, "frente_uti": 8.0, "frente_tot": 0.0, "avaluo_con": 545.94, "avaluo_sue": 8760.0, "zonaurbano": "URBANA", "parroquia": "TARQUI", "esta_bloqu": "NO", "es_tercera": "NO", "tiene_elec": "SI", "tiene_agua": "SI", "tiene_alca": "NO", "observacio": "c-7989-08 c-859-09 MDV- 2564-09 sello donacion x teddy 2/04/09 a.q.", "observac_1": null, "barrio": "URBIRRIOS X", "parroquia_": 3, "barrio_id": 331, "proceso": 1, "fecha_regi": null, "activo_cat": "SI", "desactivad": 0, "avaluo_rem": 0.0, "avaluo_r_1": 0.0, "clasificac": "DEPURACION CATASTRO", "anio_deuda": 0, "deuda": 0.0, "valor_ip": 0.0, "coactiva": null, "ficharegis": 10543, "etam": 0.0912870929, "diferencia": 2.6101970528999998, "porc_difer": 0.0217516421, "admisible": 1, "deuda_anio": 0.0, "2019_csv_C": null, "Clavepre": "3-32-55-10-000", "ORIG_FID": 268 }, "geometry": { "type": "Point", "coordinates": [ -80.724175220688622, -0.982143154090368 ] } },
{ "type": "Feature", "properties": { "id": 92795, "lote_id": 68400, "clavecatas": "3-32-55-12-000", "zona": "3", "sector": "32", "manzana": "55", "lote": "12", "ph": "000", "propietari": "CEDEÑO SOSA SIMON Y MARIA VASCONEZ", "documentop": "1308344074", "direccion": "MZ-J3 LT. 12 URBIRIOS", "area_m2": 120.0, "frente_uti": 8.0, "frente_tot": 0.0, "avaluo_con": 0.0, "avaluo_sue": 8760.0, "zonaurbano": "URBANA", "parroquia": "TARQUI", "esta_bloqu": "NO", "es_tercera": "NO", "tiene_elec": "SI", "tiene_agua": "SI", "tiene_alca": "NO", "observacio": "C-2305-05 -SELLO LUIS L. 07/04/05 Y.C.S.-", "observac_1": null, "barrio": "URBIRRIOS X", "parroquia_": 3, "barrio_id": 331, "proceso": 1, "fecha_regi": null, "activo_cat": "SI", "desactivad": 0, "avaluo_rem": 0.0, "avaluo_r_1": 0.0, "clasificac": "DEPURACION CATASTRO", "anio_deuda": 2016, "deuda": 330.1, "valor_ip": 0.0, "coactiva": null, "ficharegis": 75158, "etam": 0.0912870929, "diferencia": -1.7958519487, "porc_difer": -0.0149654329, "admisible": 1, "deuda_anio": 316.66, "2019_csv_C": null, "Clavepre": "3-32-55-12-000", "ORIG_FID": 269 }, "geometry": { "type": "Point", "coordinates": [ -80.724273034705135, -0.982040131302238 ] } },
{ "type": "Feature", "properties": { "id": 92796, "lote_id": 68401, "clavecatas": "3-32-55-13-000", "zona": "3", "sector": "32", "manzana": "55", "lote": "13", "ph": "000", "propietari": "QUIJIJE MOREIRA ALICIA MARIBEL", "documentop": "1309364568", "direccion": "MZ-J3 LT. 13 URBIRIOS", "area_m2": 120.0, "frente_uti": 8.0, "frente_tot": 0.0, "avaluo_con": 1505.69, "avaluo_sue": 8760.0, "zonaurbano": "URBANA", "parroquia": "TARQUI", "esta_bloqu": "NO", "es_tercera": "NO", "tiene_elec": "SI", "tiene_agua": "SI", "tiene_alca": "NO", "observacio": "c-5233-08 Sello cvta.x Carlos 09/09/08 LLCH. 2624-09 MDV", "observac_1": null, "barrio": "URBIRRIOS X", "parroquia_": 3, "barrio_id": 331, "proceso": 1, "fecha_regi": null, "activo_cat": "SI", "desactivad": 0, "avaluo_rem": 0.0, "avaluo_r_1": 0.0, "clasificac": "DEPURACION CATASTRO", "anio_deuda": 2018, "deuda": 272.72, "valor_ip": 0.0, "coactiva": null, "ficharegis": 4706, "etam": 0.0912870929, "diferencia": -1.3861999686, "porc_difer": -0.0115516664, "admisible": 1, "deuda_anio": 257.95, "2019_csv_C": null, "Clavepre": "3-32-55-13-000", "ORIG_FID": 270 }, "geometry": { "type": "Point", "coordinates": [ -80.724322864668807, -0.981986710947101 ] } },
{ "type": "Feature", "properties": { "id": 92797, "lote_id": 68402, "clavecatas": "3-32-55-14-000", "zona": "3", "sector": "32", "manzana": "55", "lote": "14", "ph": "000", "propietari": "SALTOS MERO MARIA MONSERRATE", "documentop": "1304011115", "direccion": "MZ-J3 LT. 14 URBIRIOS", "area_m2": 120.0, "frente_uti": 8.0, "frente_tot": 0.0, "avaluo_con": 0.0, "avaluo_sue": 8760.0, "zonaurbano": "URBANA", "parroquia": "TARQUI", "esta_bloqu": "NO", "es_tercera": "NO", "tiene_elec": "SI", "tiene_agua": "SI", "tiene_alca": "NO", "observacio": "ING. X DANIEL S. REV. X TECNICS 03/28/12 MR. CERT.2.652-12.- SE MODIF. NOMBRE X DEPURAC. 26/06/12 A.Q.- SE ACTU. CERT REV. X M. CAJAPE ING. X L. LOOR EMITIDO X GABY S. 02/10/14.- SELLO ADJUD. GLORIA G. 12/18/14 Y.C.S.-", "observac_1": null, "barrio": "URBIRRIOS X", "parroquia_": 3, "barrio_id": 331, "proceso": 1, "fecha_regi": null, "activo_cat": "SI", "desactivad": 0, "avaluo_rem": 0.0, "avaluo_r_1": 0.0, "clasificac": "GENERAL", "anio_deuda": 2015, "deuda": 373.53, "valor_ip": 0.0, "coactiva": null, "ficharegis": 47932, "etam": 0.0912870929, "diferencia": 4.2295311602999996, "porc_difer": 0.035246093, "admisible": 1, "deuda_anio": 359.5, "2019_csv_C": null, "Clavepre": "3-32-55-14-000", "ORIG_FID": 271 }, "geometry": { "type": "Point", "coordinates": [ -80.724372007112606, -0.981935090062362 ] } },
{ "type": "Feature", "properties": { "id": 92798, "lote_id": 68403, "clavecatas": "3-32-55-15-000", "zona": "3", "sector": "32", "manzana": "55", "lote": "15", "ph": "000", "propietari": "DELGADO FIGUEROA BARTOLA MARGARITA", "documentop": "1305564930", "direccion": "MZ-J3 LT. 15 URBIRIOS", "area_m2": 120.0, "frente_uti": 8.0, "frente_tot": 0.0, "avaluo_con": 4331.36, "avaluo_sue": 8760.0, "zonaurbano": "URBANA", "parroquia": "TARQUI", "esta_bloqu": "NO", "es_tercera": "SI", "tiene_elec": "SI", "tiene_agua": "SI", "tiene_alca": "NO", "observacio": "C-1976-05 -SELLO DONAION LUIS L.05/26/05 Y.C.S.-3901-05", "observac_1": null, "barrio": "URBIRRIOS X", "parroquia_": 3, "barrio_id": 331, "proceso": 1, "fecha_regi": null, "activo_cat": "SI", "desactivad": 0, "avaluo_rem": 0.0, "avaluo_r_1": 0.0, "clasificac": "DEPURACION CATASTRO", "anio_deuda": 0, "deuda": 0.0, "valor_ip": 0.0, "coactiva": null, "ficharegis": 53392, "etam": 0.0912870929, "diferencia": -1.7788563245, "porc_difer": -0.0148238027, "admisible": 1, "deuda_anio": 0.0, "2019_csv_C": null, "Clavepre": "3-32-55-15-000", "ORIG_FID": 272 }, "geometry": { "type": "Point", "coordinates": [ -80.724421789640317, -0.981882383173107 ] } },
{ "type": "Feature", "properties": { "id": 92799, "lote_id": 68404, "clavecatas": "3-32-55-16-000", "zona": "3", "sector": "32", "manzana": "55", "lote": "16", "ph": "000", "propietari": "SANTANDER GARCIA ROBERTO G. Y GOMEZ PISC", "documentop": "1301005243", "direccion": "MZ-J3 LT. 16 URBIROS", "area_m2": 120.0, "frente_uti": 8.0, "frente_tot": 0.0, "avaluo_con": 0.0, "avaluo_sue": 8760.0, "zonaurbano": "URBANA", "parroquia": "TARQUI", "esta_bloqu": "NO", "es_tercera": "SI", "tiene_elec": "SI", "tiene_agua": "SI", "tiene_alca": "NO", "observacio": "c-6051-08 ACTUALIZACION INF.AMPAROQ . OCT- 06/08 MR", "observac_1": null, "barrio": "URBIRRIOS X", "parroquia_": 3, "barrio_id": 331, "proceso": 1, "fecha_regi": null, "activo_cat": "SI", "desactivad": 0, "avaluo_rem": 0.0, "avaluo_r_1": 0.0, "clasificac": "DEPURACION CATASTRO", "anio_deuda": 0, "deuda": 0.0, "valor_ip": 0.0, "coactiva": null, "ficharegis": 19633, "etam": 0.0912870929, "diferencia": -2.2089987488, "porc_difer": -0.0184083229, "admisible": 1, "deuda_anio": 0.0, "2019_csv_C": null, "Clavepre": "3-32-55-16-000", "ORIG_FID": 273 }, "geometry": { "type": "Point", "coordinates": [ -80.724474721355776, -0.981830502792507 ] } },
{ "type": "Feature", "properties": { "id": 92801, "lote_id": 68406, "clavecatas": "3-32-55-18-000", "zona": "3", "sector": "32", "manzana": "55", "lote": "18", "ph": "000", "propietari": "CHAVEZ MARTINEZ IRLANDA MARIA", "documentop": "1306443605", "direccion": "MZ-J3 LT. 18 URBIROS", "area_m2": 120.0, "frente_uti": 8.0, "frente_tot": 0.0, "avaluo_con": 706.99, "avaluo_sue": 8760.0, "zonaurbano": "URBANA", "parroquia": "TARQUI", "esta_bloqu": "NO", "es_tercera": "NO", "tiene_elec": "SI", "tiene_agua": "SI", "tiene_alca": "NO", "observacio": "C-3187-09 -SELLO LUIS L. 06/02/09 Y.C.S.-", "observac_1": null, "barrio": "URBIRRIOS X", "parroquia_": 3, "barrio_id": 331, "proceso": 1, "fecha_regi": null, "activo_cat": "SI", "desactivad": 0, "avaluo_rem": 0.0, "avaluo_r_1": 0.0, "clasificac": "DEPURACION CATASTRO", "anio_deuda": 0, "deuda": 0.0, "valor_ip": 0.0, "coactiva": null, "ficharegis": 13922, "etam": 0.0912870929, "diferencia": -6.7202572182999996, "porc_difer": -0.0560021435, "admisible": 1, "deuda_anio": 0.0, "2019_csv_C": null, "Clavepre": "3-32-55-18-000", "ORIG_FID": 274 }, "geometry": { "type": "Point", "coordinates": [ -80.724446648322186, -0.98166760038576 ] } },
{ "type": "Feature", "properties": { "id": 92804, "lote_id": 68409, "clavecatas": "3-32-55-21-000", "zona": "3", "sector": "32", "manzana": "55", "lote": "21", "ph": "000", "propietari": "CHOMPOY ZAMBRANO BETTY", "documentop": "1203404320", "direccion": "MZ-J3 LT. 21 URBIRIOS", "area_m2": 120.0, "frente_uti": 8.0, "frente_tot": 0.0, "avaluo_con": 0.0, "avaluo_sue": 8760.0, "zonaurbano": "URBANA", "parroquia": "TARQUI", "esta_bloqu": "NO", "es_tercera": "NO", "tiene_elec": "SI", "tiene_agua": "SI", "tiene_alca": "NO", "observacio": "C-3127-09-- C. VTA INF. CARLOS D. MAYO 12/09 MR", "observac_1": null, "barrio": "URBIRRIOS X", "parroquia_": 3, "barrio_id": 331, "proceso": 1, "fecha_regi": null, "activo_cat": "SI", "desactivad": 0, "avaluo_rem": 0.0, "avaluo_r_1": 0.0, "clasificac": "DEPURACION CATASTRO", "anio_deuda": 0, "deuda": 0.0, "valor_ip": 0.0, "coactiva": null, "ficharegis": 13879, "etam": 0.0912870929, "diferencia": 9.2252361121999993, "porc_difer": 0.0768769676, "admisible": 1, "deuda_anio": 0.0, "2019_csv_C": null, "Clavepre": "3-32-55-21-000", "ORIG_FID": 275 }, "geometry": { "type": "Point", "coordinates": [ -80.724298653651786, -0.981823406280393 ] } },
{ "type": "Feature", "properties": { "id": 92805, "lote_id": 68410, "clavecatas": "3-32-55-22-000", "zona": "3", "sector": "32", "manzana": "55", "lote": "22", "ph": "000", "propietari": "MACIAS CEDEÑO LUIS VICENTE", "documentop": "1311365454", "direccion": "MZ-J3 LT. 22 URB. MUNICIPAL URBIRIOS", "area_m2": 120.0, "frente_uti": 8.0, "frente_tot": 0.0, "avaluo_con": 0.0, "avaluo_sue": 8760.0, "zonaurbano": "URBANA", "parroquia": "TARQUI", "esta_bloqu": "NO", "es_tercera": "NO", "tiene_elec": "SI", "tiene_agua": "SI", "tiene_alca": "NO", "observacio": "SE MODIFICA NOMBR X DEPURAC.27/06/12 A.Q.CERT.ING.VENTANILLA, ISABEL MURILLO,REV.POR TEC.ARQ.MIGUEL CAJAPE ABRIL 21-2014 MR.-SELLO CVTA.GLORIA G.05/20/14 Y.C.S.-", "observac_1": null, "barrio": "URBIRRIOS X", "parroquia_": 3, "barrio_id": 331, "proceso": 1, "fecha_regi": null, "activo_cat": "SI", "desactivad": 0, "avaluo_rem": 0.0, "avaluo_r_1": 0.0, "clasificac": "GENERAL", "anio_deuda": 0, "deuda": 0.0, "valor_ip": 0.0, "coactiva": null, "ficharegis": 37880, "etam": 0.0912870929, "diferencia": 15.3267183742, "porc_difer": 0.1277226531, "admisible": 0, "deuda_anio": 0.0, "2019_csv_C": null, "Clavepre": "3-32-55-22-000", "ORIG_FID": 276 }, "geometry": { "type": "Point", "coordinates": [ -80.724250182976391, -0.981875568477586 ] } },
{ "type": "Feature", "properties": { "id": 92806, "lote_id": 68411, "clavecatas": "3-32-55-23-000", "zona": "3", "sector": "32", "manzana": "55", "lote": "23", "ph": "000", "propietari": "GONZALEZ POROZO CLAUDIA S/E/GAD MANTA", "documentop": "1310033681", "direccion": "MZ-J3 LT. 23 URBIROS", "area_m2": 120.0, "frente_uti": 8.0, "frente_tot": 0.0, "avaluo_con": 0.0, "avaluo_sue": 8760.0, "zonaurbano": "URBANA", "parroquia": "TARQUI", "esta_bloqu": "NO", "es_tercera": "NO", "tiene_elec": "SI", "tiene_agua": "SI", "tiene_alca": "NO", "observacio": "C-4223-03 C-3304-07.-SE MODIFICA NOMBRE X DEPURAC.27/06/12 A.Q.", "observac_1": null, "barrio": "URBIRRIOS X", "parroquia_": 3, "barrio_id": 331, "proceso": 1, "fecha_regi": null, "activo_cat": "SI", "desactivad": 0, "avaluo_rem": 0.0, "avaluo_r_1": 0.0, "clasificac": "DEPURACION CATASTRO", "anio_deuda": 2024, "deuda": 52.92, "valor_ip": 0.0, "coactiva": null, "ficharegis": 0, "etam": 0.0912870929, "diferencia": 8.573599752, "porc_difer": 0.0714466646, "admisible": 1, "deuda_anio": 39.48, "2019_csv_C": null, "Clavepre": "3-32-55-23-000", "ORIG_FID": 277 }, "geometry": { "type": "Point", "coordinates": [ -80.724200799098767, -0.981927025303123 ] } },
{ "type": "Feature", "properties": { "id": 92807, "lote_id": 68412, "clavecatas": "3-32-55-24-000", "zona": "3", "sector": "32", "manzana": "55", "lote": "24", "ph": "000", "propietari": "GUAMAN ZAPATA RAUL ERNESTO", "documentop": "1720223849", "direccion": "MZ-J-3 LT. 24 URB. URBIRIOS AVE. 234", "area_m2": 120.0, "frente_uti": 8.0, "frente_tot": 8.0, "avaluo_con": 9856.0, "avaluo_sue": 8760.0, "zonaurbano": "URBANA", "parroquia": "TARQUI", "esta_bloqu": "NO", "es_tercera": "NO", "tiene_elec": "SI", "tiene_agua": "SI", "tiene_alca": "SI", "observacio": "C-4222-03 ACTZ.INF.PARA CERT.DANIEL SALDARREAGA Y GRUPO D ARQ. TECNICO ABRIL 10/12 CERT.2.887-12 -SELLO CVTA.CARLOS D.08/06/12 Y.C.S.-INF. PARA CERT.REV.X TEC.MIGUEL CAJAPE 07-29-13 CERT.14.414-13 -SELLO CVTA.E HIP.AB.DANIEL S.09/05/13 Y.C.S.-", "observac_1": null, "barrio": "URBIRRIOS X", "parroquia_": 3, "barrio_id": 331, "proceso": 1, "fecha_regi": null, "activo_cat": "SI", "desactivad": 0, "avaluo_rem": 0.0, "avaluo_r_1": 0.0, "clasificac": "GENERAL", "anio_deuda": 0, "deuda": 0.0, "valor_ip": 0.0, "coactiva": null, "ficharegis": 28531, "etam": 0.0912870929, "diferencia": 11.1793960539, "porc_difer": 0.0931616338, "admisible": 0, "deuda_anio": 0.0, "2019_csv_C": null, "Clavepre": "3-32-55-24-000", "ORIG_FID": 278 }, "geometry": { "type": "Point", "coordinates": [ -80.724151665994597, -0.981978596419745 ] } },
{ "type": "Feature", "properties": { "id": 92808, "lote_id": 68413, "clavecatas": "3-32-55-25-000", "zona": "3", "sector": "32", "manzana": "55", "lote": "25", "ph": "000", "propietari": "FRANCO PARRALES JESENIA MONSERRATE", "documentop": "1306475847", "direccion": "MZ-J3 LT. 25 URBIRIOS", "area_m2": 120.0, "frente_uti": 8.0, "frente_tot": 0.0, "avaluo_con": 15840.0, "avaluo_sue": 8760.0, "zonaurbano": "URBANA", "parroquia": "TARQUI", "esta_bloqu": "NO", "es_tercera": "NO", "tiene_elec": "SI", "tiene_agua": "SI", "tiene_alca": "NO", "observacio": "C-4221-03.-SE MODIFICA NOMBRE X DEPURAC.27/06/12 A.Q.SELLO ADJUD.\r\nMUNIC.17/06/16 A.Q.", "observac_1": null, "barrio": "URBIRRIOS X", "parroquia_": 3, "barrio_id": 331, "proceso": 1, "fecha_regi": null, "activo_cat": "SI", "desactivad": 0, "avaluo_rem": 0.0, "avaluo_r_1": 0.0, "clasificac": "GENERAL", "anio_deuda": 0, "deuda": 0.0, "valor_ip": 0.0, "coactiva": null, "ficharegis": 43046, "etam": 0.0912870929, "diferencia": 3.8262657982000001, "porc_difer": 0.0318855483, "admisible": 1, "deuda_anio": 0.0, "2019_csv_C": null, "Clavepre": "3-32-55-25-000", "ORIG_FID": 279 }, "geometry": { "type": "Point", "coordinates": [ -80.724101472299282, -0.982028444285683 ] } },
{ "type": "Feature", "properties": { "id": 92809, "lote_id": 68414, "clavecatas": "3-32-55-26-000", "zona": "3", "sector": "32", "manzana": "55", "lote": "26", "ph": "000", "propietari": "RESTREPO BAILON TANIA ALEXANDRA", "documentop": "1311759953", "direccion": "MZ-J3 LT. 26 URBIRIOS", "area_m2": 120.0, "frente_uti": 8.0, "frente_tot": 0.0, "avaluo_con": 0.0, "avaluo_sue": 8760.0, "zonaurbano": "URBANA", "parroquia": "TARQUI", "esta_bloqu": "NO", "es_tercera": "NO", "tiene_elec": "SI", "tiene_agua": "SI", "tiene_alca": "SI", "observacio": "C-4220-03\r\n\r\nACTZ.INF.PARA CERTIFICADO VALERIA VERA, Y  REVISADO POR ARQ.FERNANDO PAREDES, NOV.221-12   CERT 8754-12", "observac_1": null, "barrio": "URBIRRIOS X", "parroquia_": 3, "barrio_id": 331, "proceso": 1, "fecha_regi": null, "activo_cat": "SI", "desactivad": 0, "avaluo_rem": 0.0, "avaluo_r_1": 0.0, "clasificac": "DEPURACION CATASTRO", "anio_deuda": 0, "deuda": 0.0, "valor_ip": 0.0, "coactiva": null, "ficharegis": 19360, "etam": 0.0912870929, "diferencia": 0.7493770427000001, "porc_difer": 0.0062448087, "admisible": 1, "deuda_anio": 0.0, "2019_csv_C": null, "Clavepre": "3-32-55-26-000", "ORIG_FID": 280 }, "geometry": { "type": "Point", "coordinates": [ -80.724049433715436, -0.982080314655783 ] } },
{ "type": "Feature", "properties": { "id": 92811, "lote_id": 68416, "clavecatas": "3-32-55-28-000", "zona": "3", "sector": "32", "manzana": "55", "lote": "28", "ph": "000", "propietari": "SALTOS ROLDAN NANCY MONSERRATE .", "documentop": "1305908194", "direccion": "MZ-J-3  LT. 28 URB. URBIRIOS", "area_m2": 120.0, "frente_uti": 8.0, "frente_tot": 0.0, "avaluo_con": 1641.6, "avaluo_sue": 8760.0, "zonaurbano": "URBANA", "parroquia": "TARQUI", "esta_bloqu": "NO", "es_tercera": "NO", "tiene_elec": "SI", "tiene_agua": "SI", "tiene_alca": "SI", "observacio": "C-4218-03 C-870-05 SELLO DONACION X CARLOS 17/03/05 L. L. CH.- INGR. X VALERIA VERA, REVZ. X ARQ. MIGUEL CAJAPE, 10/23/12 MR. 6394-12- 8711-ANULADO- 8852-12- CERTF. REV. X MIGUEL CAJAPE ELAB. X MARISOL A. C. 20790-ANULADO- CERTF N. 20878.-", "observac_1": null, "barrio": "URBIRRIOS X", "parroquia_": 3, "barrio_id": 331, "proceso": 1, "fecha_regi": null, "activo_cat": "SI", "desactivad": 0, "avaluo_rem": 0.0, "avaluo_r_1": 0.0, "clasificac": "DEPURACION CATASTRO", "anio_deuda": 0, "deuda": 0.0, "valor_ip": 0.0, "coactiva": null, "ficharegis": 36210, "etam": 0.0912870929, "diferencia": -0.0462216724, "porc_difer": -0.0003851806, "admisible": 1, "deuda_anio": 0.0, "2019_csv_C": null, "Clavepre": "3-32-55-28-000", "ORIG_FID": 281 }, "geometry": { "type": "Point", "coordinates": [ -80.723943347595764, -0.982179076271648 ] } },
{ "type": "Feature", "properties": { "id": 92812, "lote_id": 68417, "clavecatas": "3-32-55-29-000", "zona": "3", "sector": "32", "manzana": "55", "lote": "29", "ph": "000", "propietari": "LINO CHIQUITO LORENA JESSENIA", "documentop": "1307721355", "direccion": "MZ-J-3 LT. 29 URB. MUNICIPAL URBIRRIOS 1", "area_m2": 120.0, "frente_uti": 8.0, "frente_tot": 0.0, "avaluo_con": 0.0, "avaluo_sue": 8760.0, "zonaurbano": "URBANA", "parroquia": "TARQUI", "esta_bloqu": "NO", "es_tercera": "NO", "tiene_elec": "SI", "tiene_agua": "SI", "tiene_alca": "NO", "observacio": "C-4217-03.-SE MODIFICA NOMBRE X DEPURAC.\r\n27/06/12 A.Q.ING.PARA CERT.X GABRIEL MEUNIER REV.MIGEL CAJAPE 10-13-15 MR -SELLO ADJ.CON PAT.FAM.GLORIA G.11/10/15 Y.C.S.-", "observac_1": null, "barrio": "URBIRRIOS X", "parroquia_": 3, "barrio_id": 331, "proceso": 1, "fecha_regi": null, "activo_cat": "SI", "desactivad": 0, "avaluo_rem": 0.0, "avaluo_r_1": 0.0, "clasificac": "GENERAL", "anio_deuda": 0, "deuda": 0.0, "valor_ip": 0.0, "coactiva": null, "ficharegis": 53521, "etam": 0.0912870929, "diferencia": 0.3143940818, "porc_difer": 0.0026199507, "admisible": 1, "deuda_anio": 0.0, "2019_csv_C": null, "Clavepre": "3-32-55-29-000", "ORIG_FID": 282 }, "geometry": { "type": "Point", "coordinates": [ -80.72389152974327, -0.982228517731478 ] } },
{ "type": "Feature", "properties": { "id": 92813, "lote_id": 68418, "clavecatas": "3-32-55-30-000", "zona": "3", "sector": "32", "manzana": "55", "lote": "30", "ph": "000", "propietari": "CEVALLOS CEDEÑO ROBINSON DANIEL", "documentop": "1312145780", "direccion": "MZ-J3 LT. 30 CIUD.  MUNICIPAL URBIRRIOS", "area_m2": 120.0, "frente_uti": 8.0, "frente_tot": 0.0, "avaluo_con": 14400.0, "avaluo_sue": 8760.0, "zonaurbano": "URBANA", "parroquia": "TARQUI", "esta_bloqu": "NO", "es_tercera": "NO", "tiene_elec": "SI", "tiene_agua": "SI", "tiene_alca": "NO", "observacio": "C-4216-03-SE MODIFICA NOMBRE X DEPURAC.27/06/12 A.Q.ING.PARA CERTIF.X MAYRA ESPINALES,REV.ARQ.\r\nMIGUEL CAJAPE DIC.19-14 MR.-SELLO CVTA GLORIA G.21/01/15 A.Q.   \r\n\r\nSE ACTUALIZA SEGUN ESCRITURA INSCRITA EN EL REGISTRO DE LA PROPIEDAD. 22-07-2024_MVFCH\r\n", "observac_1": null, "barrio": "URBIRRIOS X", "parroquia_": 3, "barrio_id": 331, "proceso": 1, "fecha_regi": null, "activo_cat": "SI", "desactivad": 0, "avaluo_rem": 0.0, "avaluo_r_1": 0.0, "clasificac": "GENERAL", "anio_deuda": 0, "deuda": 0.0, "valor_ip": 0.0, "coactiva": null, "ficharegis": 40544, "etam": 0.0912870929, "diferencia": -3.2049444231000002, "porc_difer": -0.0267078702, "admisible": 1, "deuda_anio": 0.0, "2019_csv_C": null, "Clavepre": "3-32-55-30-000", "ORIG_FID": 283 }, "geometry": { "type": "Point", "coordinates": [ -80.723837466404206, -0.982275584924802 ] } },
{ "type": "Feature", "properties": { "id": 92815, "lote_id": 68420, "clavecatas": "3-32-55-32-000", "zona": "3", "sector": "32", "manzana": "55", "lote": "32", "ph": "000", "propietari": "MENDOZA FERNANDEZ JUANA DEL CARMEN", "documentop": "1307748143", "direccion": "MZ-J-3 LT. 32 URB. MUNICIPAL URBIRRIOS 1", "area_m2": 120.0, "frente_uti": 8.0, "frente_tot": 0.0, "avaluo_con": 39984.0, "avaluo_sue": 8760.0, "zonaurbano": "URBANA", "parroquia": "TARQUI", "esta_bloqu": "NO", "es_tercera": "NO", "tiene_elec": "NO", "tiene_agua": "NO", "tiene_alca": "NO", "observacio": "C-4214-03 ACTUA.INF.A.QUIROZ NOV.5/08 MR.-SE MODIF.NOMBRE X DEPURC.27/06/12 A.Q.-ING.X L.LOOR REV.X M.CAJAPE 09-23-15 MR.-SELLO ADJUD.CON PAT.FAM.GLORIA G.10/30/15 Y.C.S.-INF.PARA CERT.REV.X FERNANDO NAVARRETE,ING.X VENTANILLA,  JUNIO 08 DEL 2017 MR-SELL", "observac_1": null, "barrio": "URBIRRIOS X", "parroquia_": 3, "barrio_id": 331, "proceso": 1, "fecha_regi": null, "activo_cat": "SI", "desactivad": 0, "avaluo_rem": 0.0, "avaluo_r_1": 0.0, "clasificac": "GENERAL", "anio_deuda": 2026, "deuda": 41.86, "valor_ip": 0.0, "coactiva": null, "ficharegis": 53243, "etam": 0.0912870929, "diferencia": -3.4983323944000002, "porc_difer": -0.02915277, "admisible": 1, "deuda_anio": 0.0, "2019_csv_C": null, "Clavepre": "3-32-55-32-000", "ORIG_FID": 284 }, "geometry": { "type": "Point", "coordinates": [ -80.723726408215413, -0.982368192519137 ] } },
{ "type": "Feature", "properties": { "id": 92816, "lote_id": 68421, "clavecatas": "3-32-55-33-000", "zona": "3", "sector": "32", "manzana": "55", "lote": "33", "ph": "000", "propietari": "PINCAY VILLAMAR BENITO ERACLITO", "documentop": "1302941354", "direccion": "URBZ. URBIRRIOS 1, MZ. J-3, LT. #. 33", "area_m2": 120.0, "frente_uti": 8.0, "frente_tot": 0.0, "avaluo_con": 7700.0, "avaluo_sue": 8760.0, "zonaurbano": "URBANA", "parroquia": "TARQUI", "esta_bloqu": "NO", "es_tercera": "SI", "tiene_elec": "SI", "tiene_agua": "SI", "tiene_alca": "SI", "observacio": "C-4213-03 C-3770-07- REV. X ARQ. A. MENDOZA ELAB. X LCDA. DELI CHÁVEZ CERT. 4949/ JUL.4/12- SELLO DONAC. C. DUEÑAS 07/30/12 Y.C.S.-", "observac_1": null, "barrio": "URBIRRIOS X", "parroquia_": 3, "barrio_id": 331, "proceso": 1, "fecha_regi": null, "activo_cat": "SI", "desactivad": 0, "avaluo_rem": 0.0, "avaluo_r_1": 0.0, "clasificac": "GENERAL", "anio_deuda": 0, "deuda": 0.0, "valor_ip": 0.0, "coactiva": null, "ficharegis": 35465, "etam": 0.0912870929, "diferencia": -4.3379880027000004, "porc_difer": -0.0361499, "admisible": 1, "deuda_anio": 0.0, "2019_csv_C": null, "Clavepre": "3-32-55-33-000", "ORIG_FID": 285 }, "geometry": { "type": "Point", "coordinates": [ -80.723671111002091, -0.982413661348348 ] } },
{ "type": "Feature", "properties": { "id": 92817, "lote_id": 68422, "clavecatas": "3-32-55-34-000", "zona": "3", "sector": "32", "manzana": "55", "lote": "34", "ph": "000", "propietari": "TUMBACO ROLDAN RITA EUDENCIA", "documentop": "1304319674", "direccion": "MZ-J3 LT. 34 URBIRIOS", "area_m2": 150.0, "frente_uti": 25.0, "frente_tot": 0.0, "avaluo_con": 0.0, "avaluo_sue": 10950.0, "zonaurbano": "URBANA", "parroquia": "TARQUI", "esta_bloqu": "NO", "es_tercera": "NO", "tiene_elec": "SI", "tiene_agua": "SI", "tiene_alca": "NO", "observacio": "C-4212-03 -Sello Luis L. 04/18/05 Y.C.S.- C-117-09", "observac_1": null, "barrio": "URBIRRIOS X", "parroquia_": 3, "barrio_id": 331, "proceso": 1, "fecha_regi": null, "activo_cat": "SI", "desactivad": 0, "avaluo_rem": 0.0, "avaluo_r_1": 0.0, "clasificac": "DEPURACION CATASTRO", "anio_deuda": 2026, "deuda": 26.53, "valor_ip": 0.0, "coactiva": null, "ficharegis": 10550, "etam": 0.0816496581, "diferencia": -5.5378078612000001, "porc_difer": -0.0369187191, "admisible": 1, "deuda_anio": 0.0, "2019_csv_C": null, "Clavepre": "3-32-55-34-000", "ORIG_FID": 286 }, "geometry": { "type": "Point", "coordinates": [ -80.72360717301224, -0.982465575203294 ] } },
{ "type": "Feature", "properties": { "id": 92818, "lote_id": 68423, "clavecatas": "3-32-55-35-000", "zona": "3", "sector": "32", "manzana": "55", "lote": "35", "ph": "000", "propietari": "MENENDEZ CASTRO MARIA DEL CARMEN", "documentop": "1309195202", "direccion": "URB- MUNICIPAL URBIRIOS MZ-J-3 LT.35", "area_m2": 120.8, "frente_uti": 8.0, "frente_tot": 0.0, "avaluo_con": 0.0, "avaluo_sue": 8818.4, "zonaurbano": "URBANA", "parroquia": "TARQUI", "esta_bloqu": "NO", "es_tercera": "NO", "tiene_elec": "SI", "tiene_agua": "SI", "tiene_alca": "NO", "observacio": "INF.NUEVO INF AMPARO Q.DIC.07/05 MR -SE MODIFICA SELLO REDISEÑO AMPARO Q.09/11/07 YCS- -SE ANULA EL ANTERIOR Y SE SELLA PROT.D PLANOS D REDISEÑO AMPARO Q.01/07/08 Y.C.S.-SE MODIFICA NOMBRE X DEPURAC.27/06/12 A.Q.INF. PARA CERT.REV.X TEC.MIGUEL CAJAPE J", "observac_1": null, "barrio": "URBIRRIOS X", "parroquia_": 3, "barrio_id": 331, "proceso": 1, "fecha_regi": null, "activo_cat": "SI", "desactivad": 0, "avaluo_rem": 0.0, "avaluo_r_1": 0.0, "clasificac": "GENERAL", "anio_deuda": 2024, "deuda": 54.54, "valor_ip": 0.0, "coactiva": null, "ficharegis": 40891, "etam": 0.0909843157, "diferencia": 2.0406636088000001, "porc_difer": 0.0168929107, "admisible": 1, "deuda_anio": 40.71, "2019_csv_C": null, "Clavepre": "3-32-55-35-000", "ORIG_FID": 287 }, "geometry": { "type": "Point", "coordinates": [ -80.724497501882951, -0.981612815246474 ] } },
{ "type": "Feature", "properties": { "id": 92819, "lote_id": 68424, "clavecatas": "3-32-55-36-000", "zona": "3", "sector": "32", "manzana": "55", "lote": "36", "ph": "000", "propietari": "LOPEZ BURGOS JENNIFER LISSETH", "documentop": "1315203222", "direccion": "MZ-J-3 LT. 36 URB. URBIRRIOS", "area_m2": 259.23, "frente_uti": 29.91, "frente_tot": 0.0, "avaluo_con": 0.0, "avaluo_sue": 17882.98, "zonaurbano": "URBANA", "parroquia": "TARQUI", "esta_bloqu": "NO", "es_tercera": "NO", "tiene_elec": "SI", "tiene_agua": "SI", "tiene_alca": "NO", "observacio": "INF.NUEVO INF.AMPARO Q 04/21/07 MR -SE MODIFICA -NUEVO INGRESO  AMPARO Q 09/11/07 Y.C.S.- C-1066-08 SE MOD.EL AREA D ACUERDO A AUT. D P.URB.SE DA CON EL MISMO VALOR YA Q LA ESC.YA ESTABA CON EL VALOR ANTERIOR 03-06-08 MAR -SELLO LUIS L03/06/08 Y.C.S -SEL", "observac_1": null, "barrio": "URBIRIOS", "parroquia_": 3, "barrio_id": 231, "proceso": 1, "fecha_regi": null, "activo_cat": "SI", "desactivad": 0, "avaluo_rem": 0.0, "avaluo_r_1": 0.0, "clasificac": "GENERAL", "anio_deuda": 2024, "deuda": 243.86, "valor_ip": 0.0, "coactiva": null, "ficharegis": 926, "etam": 0.1242188104, "diferencia": 5.251700095, "porc_difer": 0.0202588439, "admisible": 1, "deuda_anio": 166.0, "2019_csv_C": null, "Clavepre": "3-32-55-36-000", "ORIG_FID": 288 }, "geometry": { "type": "Point", "coordinates": [ -80.724579296489992, -0.981531706065069 ] } },
{ "type": "Feature", "properties": { "id": 92820, "lote_id": 68425, "clavecatas": "3-32-55-37-000", "zona": "3", "sector": "32", "manzana": "55", "lote": "37", "ph": "000", "propietari": "CALDERON SALTOS ADRIANA CAROLINA", "documentop": "1314730209", "direccion": "URBIRIOS I MZ-J3 LT. -37", "area_m2": 217.54, "frente_uti": 8.0, "frente_tot": 0.0, "avaluo_con": 1497.6, "avaluo_sue": 15880.42, "zonaurbano": "URBANA", "parroquia": "TARQUI", "esta_bloqu": "NO", "es_tercera": "NO", "tiene_elec": "SI", "tiene_agua": "SI", "tiene_alca": "NO", "observacio": "NUEVO INGR. SELLO REDISEÑO AMPARO Q. 09/11/07 Y.C.S.- INGR. X DANIEL S. REVIZ. X ARQ. MIGUEL CAJAPE 05/28/12 MR 4064-12.- SE MODIFICA NOMBRE X DEPURAC. 27/06/12 A. Q.-INGR. X VERA VALERIA REVZ. X ARQ. MIGUEL CAJAPE 10-30-13 CERT.16.381-13.- SELLO D DONA", "observac_1": null, "barrio": "OTRAS AREAS", "parroquia_": 3, "barrio_id": 0, "proceso": 1, "fecha_regi": null, "activo_cat": "SI", "desactivad": 0, "avaluo_rem": 0.0, "avaluo_r_1": 0.0, "clasificac": "GENERAL", "anio_deuda": 2020, "deuda": 262.64, "valor_ip": 0.0, "coactiva": null, "ficharegis": 34579, "etam": 0.1356002323, "diferencia": -5.3137008057, "porc_difer": -0.0244263161, "admisible": 1, "deuda_anio": 237.4, "2019_csv_C": null, "Clavepre": "3-32-55-37-000", "ORIG_FID": 289 }, "geometry": { "type": "Point", "coordinates": [ -80.724699436026143, -0.981594864861844 ] } },
{ "type": "Feature", "properties": { "id": 92821, "lote_id": 68426, "clavecatas": "3-32-55-38-000", "zona": "3", "sector": "32", "manzana": "55", "lote": "38", "ph": "000", "propietari": "CHAVEZ ZAMBRANO NELLY VICTORIA", "documentop": "1304613209", "direccion": "URBIRIOS MZ-J3 L-38", "area_m2": 121.6, "frente_uti": 8.0, "frente_tot": 0.0, "avaluo_con": 0.0, "avaluo_sue": 8876.8, "zonaurbano": "URBANA", "parroquia": "TARQUI", "esta_bloqu": "NO", "es_tercera": "NO", "tiene_elec": "SI", "tiene_agua": "SI", "tiene_alca": "NO", "observacio": "-Nuevo ingreso Sello rediseño Amparo Q.09/11/07 Y.C.S.- se corrige area con inf. de amparo 05-07-08 mar c-3860-08 -Sello Carlos D. 07/15/08 Y.C.S.-", "observac_1": null, "barrio": "OTRAS AREAS", "parroquia_": 3, "barrio_id": 0, "proceso": 1, "fecha_regi": null, "activo_cat": "SI", "desactivad": 0, "avaluo_rem": 0.0, "avaluo_r_1": 0.0, "clasificac": "DEPURACION CATASTRO", "anio_deuda": 0, "deuda": 0.0, "valor_ip": 0.0, "coactiva": null, "ficharegis": 3755, "etam": 0.0906845313, "diferencia": 5.4725688217000004, "porc_difer": 0.0450046778, "admisible": 1, "deuda_anio": 0.0, "2019_csv_C": null, "Clavepre": "3-32-55-38-000", "ORIG_FID": 290 }, "geometry": { "type": "Point", "coordinates": [ -80.724627286868767, -0.981669120734826 ] } },
{ "type": "Feature", "properties": { "id": 92822, "lote_id": 68427, "clavecatas": "3-32-55-39-000", "zona": "3", "sector": "32", "manzana": "55", "lote": "39", "ph": "000", "propietari": "BAJAÑA FERNANDEZ MIGUEL CIRILO", "documentop": "1706677497", "direccion": "MZ- J-3 LT. 39 URB. MUNICIPAL URBIRRIOS", "area_m2": 120.8, "frente_uti": 8.0, "frente_tot": 0.0, "avaluo_con": 153.0, "avaluo_sue": 8818.4, "zonaurbano": "URBANA", "parroquia": "TARQUI", "esta_bloqu": "NO", "es_tercera": "SI", "tiene_elec": "NO", "tiene_agua": "NO", "tiene_alca": "NO", "observacio": "INF. A.Q. 11/25/05 MR.- SE MODIFICA SELLO RED. A.Q. 09/11/07 Y.C.S.- SE MODIFICA NOMBRE X DEPURAC. 27/06/12 A.Q.- ING. X I. MURILLO REV. X M. CAJAPE 05/27/14 MR.- SELLO CVTA. CON USUF. GLORIA G. 09/22/14 Y.C.S.- SE ACTUALIZA INF CON ESCRITURA DE CVTA INS", "observac_1": null, "barrio": "URBIRRIOS X", "parroquia_": 3, "barrio_id": 331, "proceso": 1, "fecha_regi": null, "activo_cat": "SI", "desactivad": 0, "avaluo_rem": 0.0, "avaluo_r_1": 0.0, "clasificac": "GENERAL", "anio_deuda": 2025, "deuda": 29.92, "valor_ip": 0.0, "coactiva": null, "ficharegis": 45220, "etam": 0.0909843157, "diferencia": 5.2124855678, "porc_difer": 0.043149715, "admisible": 1, "deuda_anio": 19.51, "2019_csv_C": null, "Clavepre": "3-32-55-39-000", "ORIG_FID": 291 }, "geometry": { "type": "Point", "coordinates": [ -80.724578884735337, -0.981721274100065 ] } },
{ "type": "Feature", "properties": { "id": 92823, "lote_id": 68428, "clavecatas": "3-32-61-01-000", "zona": "3", "sector": "32", "manzana": "61", "lote": "01", "ph": "000", "propietari": "GUARDERIA-URBIRIOS-(MUNICIPIO)", "documentop": null, "direccion": "CDLA. URBIRIOS MZ F' L# 1", "area_m2": 451.37, "frente_uti": 20.0, "frente_tot": 0.0, "avaluo_con": 64438.85, "avaluo_sue": 32950.01, "zonaurbano": "URBANA", "parroquia": "TARQUI", "esta_bloqu": "NO", "es_tercera": "NO", "tiene_elec": "SI", "tiene_agua": "SI", "tiene_alca": "NO", "observacio": "INGRESO NUEVO CON INF. DE AMPARO 08-08-03 MAR", "observac_1": null, "barrio": "URBIRRIOS X", "parroquia_": 3, "barrio_id": 331, "proceso": 1, "fecha_regi": null, "activo_cat": "SI", "desactivad": 0, "avaluo_rem": 0.0, "avaluo_r_1": 0.0, "clasificac": "PROPIEDADES MUNICIPALES", "anio_deuda": 0, "deuda": 0.0, "valor_ip": 0.0, "coactiva": null, "ficharegis": 0, "etam": 0.1412065718, "diferencia": -8.6310178785999998, "porc_difer": -0.0191218244, "admisible": 1, "deuda_anio": 0.0, "2019_csv_C": null, "Clavepre": "3-32-61-01-000", "ORIG_FID": 292 }, "geometry": { "type": "Point", "coordinates": [ -80.721980162832367, -0.983580857469503 ] } },
{ "type": "Feature", "properties": { "id": 92824, "lote_id": 68429, "clavecatas": "3-32-61-02-000", "zona": "3", "sector": "32", "manzana": "61", "lote": "02", "ph": "000", "propietari": "COMODATO - BASE DE LA DEFENSA CIVIL MAN", "documentop": null, "direccion": "MZ-F' LT.2  CIUD.URBIRIOS", "area_m2": 764.82, "frente_uti": 36.0, "frente_tot": 0.0, "avaluo_con": 0.0, "avaluo_sue": 55831.86, "zonaurbano": "URBANA", "parroquia": "TARQUI", "esta_bloqu": "NO", "es_tercera": "NO", "tiene_elec": "NO", "tiene_agua": "NO", "tiene_alca": "NO", "observacio": "INF. AMPARO Q. RESL. # 4718 JULIO 11/2002. VARIA EL AREA CON LEVANTAMIENTO Y REPLANTEO DE LA MZ F' X PLAN. UR. REV. X AMPARO 08-08-03 MAR", "observac_1": null, "barrio": "URBIRRIOS X", "parroquia_": 3, "barrio_id": 331, "proceso": 1, "fecha_regi": null, "activo_cat": "SI", "desactivad": 0, "avaluo_rem": 0.0, "avaluo_r_1": 0.0, "clasificac": "DEPURACION CATASTRO", "anio_deuda": 2006, "deuda": 4515.02, "valor_ip": 0.0, "coactiva": null, "ficharegis": 0, "etam": 0.1446373224, "diferencia": 43.621349748199997, "porc_difer": 0.0570347922, "admisible": 1, "deuda_anio": 0.0, "2019_csv_C": null, "Clavepre": "3-32-61-02-000", "ORIG_FID": 293 }, "geometry": { "type": "Point", "coordinates": [ -80.721750139924794, -0.983683257446624 ] } },
{ "type": "Feature", "properties": { "id": 92826, "lote_id": 68431, "clavecatas": "3-32-61-04-000", "zona": "3", "sector": "32", "manzana": "61", "lote": "04", "ph": "000", "propietari": "SUBCENTRO MEDICO URBIRIOS", "documentop": null, "direccion": "URB. URBIRIOS MZ F' L# 4", "area_m2": 842.57, "frente_uti": 37.2, "frente_tot": 0.0, "avaluo_con": 0.0, "avaluo_sue": 61507.61, "zonaurbano": "URBANA", "parroquia": "TARQUI", "esta_bloqu": "NO", "es_tercera": "NO", "tiene_elec": "NO", "tiene_agua": "NO", "tiene_alca": "NO", "observacio": "INGRESO NUEVO CON INF. DE AMPARO SEGUN CON MEMORANDO # 5062 DE SEC.  Y 5180 DE LEVANTAMIENTO Y REPLANTEO 08-08-03 MAR. RESOL. # 6164 DE SEPTIEMBRE 4 DEL 2003-DONACION IND. CARLOS D. MARZO 24-2004 MR RESOL 7295 DEL 26/JUNIO-09 PARA CONSTRUIR LA SEDE SOCIA", "observac_1": null, "barrio": "URBIRRIOS X", "parroquia_": 3, "barrio_id": 331, "proceso": 1, "fecha_regi": null, "activo_cat": "SI", "desactivad": 0, "avaluo_rem": 0.0, "avaluo_r_1": 0.0, "clasificac": "DEPURACION CATASTRO", "anio_deuda": 2022, "deuda": 1351.37, "valor_ip": 0.0, "coactiva": null, "ficharegis": 0, "etam": 0.1378024679, "diferencia": 1.3696016878, "porc_difer": 0.0016255049, "admisible": 1, "deuda_anio": 0.0, "2019_csv_C": null, "Clavepre": "3-32-61-04-000", "ORIG_FID": 294 }, "geometry": { "type": "Point", "coordinates": [ -80.721656344073978, -0.983497931310687 ] } },
{ "type": "Feature", "properties": { "id": 92828, "lote_id": 68433, "clavecatas": "3-32-61-06-000", "zona": "3", "sector": "32", "manzana": "61", "lote": "06", "ph": "000", "propietari": "MINISTERIO DE EDUCACION COLEGIO MUNICIPAL URBIRRIOS", "documentop": ".", "direccion": "CIUD. URBIRIOS MZ F' L# 6", "area_m2": 1552.75, "frente_uti": 134.77, "frente_tot": 0.0, "avaluo_con": 60359.5, "avaluo_sue": 113350.75, "zonaurbano": "URBANA", "parroquia": "TARQUI", "esta_bloqu": "NO", "es_tercera": "NO", "tiene_elec": "SI", "tiene_agua": "SI", "tiene_alca": "SI", "observacio": "ING. NUEVO CON INF. DE A.Q. 08-08-03.-SE CORRIGE NOMBRE Y DATS CON ESCR. X Q CUANDO FUE SELLADA NO MODIFIC. LOS DATS Y X ERROR SE PASO EL SELLO CON LA 3322801 CUANDO DEBIO SER LA 3326106 16/10/12 A.Q.-", "observac_1": "- MEMORANDO 055-DACR-DCR-GADM-15", "barrio": "URBIRRIOS X", "parroquia_": 3, "barrio_id": 331, "proceso": 1, "fecha_regi": null, "activo_cat": "SI", "desactivad": 0, "avaluo_rem": 0.0, "avaluo_r_1": 0.0, "clasificac": "INSTITUCIONES PUBLICAS", "anio_deuda": 2021, "deuda": 3304.24, "valor_ip": 0.0, "coactiva": null, "ficharegis": 19433, "etam": 0.1268876153, "diferencia": 18.283127435099999, "porc_difer": 0.0117746755, "admisible": 1, "deuda_anio": 0.0, "2019_csv_C": null, "Clavepre": "3-32-61-06-000", "ORIG_FID": 295 }, "geometry": { "type": "Point", "coordinates": [ -80.722016839153596, -0.983859145917192 ] } },
{ "type": "Feature", "properties": { "id": 92831, "lote_id": 68434, "clavecatas": "3-32-62-01-000", "zona": "3", "sector": "32", "manzana": "62", "lote": "01", "ph": "000", "propietari": "FRANCO CATAGUA JOSE Y GLADIS SANTANA", "documentop": "1310450570", "direccion": "MZ-J2 LT. 01 URBIRIOS", "area_m2": 150.0, "frente_uti": 25.0, "frente_tot": 0.0, "avaluo_con": 0.0, "avaluo_sue": 10950.0, "zonaurbano": "URBANA", "parroquia": "TARQUI", "esta_bloqu": "NO", "es_tercera": "NO", "tiene_elec": "SI", "tiene_agua": "SI", "tiene_alca": "NO", "observacio": "se desc, area con inf. de AMPARO c-737-07 -Sello Luis L.03/09/07 Y.C.S.- -Sello Ext.Pat.Fam.Luis L.10/01/07 Y.C.S.- C-5329-07 -Sello Carlos D.10/10/07 Y.C.S.- 6005-09 -Sello Carlos D. 10/12/09 Y.C.S.-", "observac_1": null, "barrio": "URBIRRIOS X", "parroquia_": 3, "barrio_id": 331, "proceso": 1, "fecha_regi": null, "activo_cat": "SI", "desactivad": 0, "avaluo_rem": 0.0, "avaluo_r_1": 0.0, "clasificac": "DEPURACION CATASTRO", "anio_deuda": 2026, "deuda": 26.52, "valor_ip": 0.0, "coactiva": null, "ficharegis": 17503, "etam": 0.0816496581, "diferencia": 2.9387713896999998, "porc_difer": 0.0195918093, "admisible": 1, "deuda_anio": 0.0, "2019_csv_C": null, "Clavepre": "3-32-62-01-000", "ORIG_FID": 296 }, "geometry": { "type": "Point", "coordinates": [ -80.72385074372869, -0.982862811115371 ] } },
{ "type": "Feature", "properties": { "id": 92832, "lote_id": 68435, "clavecatas": "3-32-62-02-000", "zona": "3", "sector": "32", "manzana": "62", "lote": "02", "ph": "000", "propietari": "PINCAY ROMERO PETITA PAULINA", "documentop": "1307482503", "direccion": "URBIRIOS  MZ J-2 LOTE 2", "area_m2": 120.0, "frente_uti": 8.0, "frente_tot": 0.0, "avaluo_con": 1582.08, "avaluo_sue": 8760.0, "zonaurbano": "URBANA", "parroquia": "TARQUI", "esta_bloqu": "NO", "es_tercera": "NO", "tiene_elec": "SI", "tiene_agua": "SI", "tiene_alca": "NO", "observacio": "se desm de la 3326201 pago con la misma inf. Amparo 02-26-07 mar c-736-07 mar -Sello donacion Luis L. 03/09/07 Y.C.S.-", "observac_1": null, "barrio": "URBIRIOS", "parroquia_": 3, "barrio_id": 231, "proceso": 1, "fecha_regi": null, "activo_cat": "SI", "desactivad": 0, "avaluo_rem": 0.0, "avaluo_r_1": 0.0, "clasificac": "DEPURACION CATASTRO", "anio_deuda": 2011, "deuda": 510.63, "valor_ip": 0.0, "coactiva": null, "ficharegis": 0, "etam": 0.0912870929, "diferencia": -0.1805236181, "porc_difer": -0.0015043635, "admisible": 1, "deuda_anio": 496.02, "2019_csv_C": null, "Clavepre": "3-32-62-02-000", "ORIG_FID": 297 }, "geometry": { "type": "Point", "coordinates": [ -80.72391502032491, -0.982813490982318 ] } },
{ "type": "Feature", "properties": { "id": 92833, "lote_id": 68436, "clavecatas": "3-32-62-03-000", "zona": "3", "sector": "32", "manzana": "62", "lote": "03", "ph": "000", "propietari": "BARRETE  MACIAS ANGEL FELIX Y MARLENE", "documentop": "1304317884", "direccion": "MZ-J2 LT. 03 URBIRIOS", "area_m2": 120.0, "frente_uti": 8.0, "frente_tot": 0.0, "avaluo_con": 0.0, "avaluo_sue": 8760.0, "zonaurbano": "URBANA", "parroquia": "TARQUI", "esta_bloqu": "NO", "es_tercera": "NO", "tiene_elec": "SI", "tiene_agua": "SI", "tiene_alca": "NO", "observacio": "c-4439-08 Sello donacion x Carlos 04/09/08 LLCH.", "observac_1": null, "barrio": "URBIRRIOS X", "parroquia_": 3, "barrio_id": 331, "proceso": 1, "fecha_regi": null, "activo_cat": "SI", "desactivad": 0, "avaluo_rem": 0.0, "avaluo_r_1": 0.0, "clasificac": "DEPURACION CATASTRO", "anio_deuda": 2016, "deuda": 330.0, "valor_ip": 0.0, "coactiva": null, "ficharegis": 4526, "etam": 0.0912870929, "diferencia": 1.5879962648, "porc_difer": 0.0132333022, "admisible": 1, "deuda_anio": 316.57, "2019_csv_C": null, "Clavepre": "3-32-62-03-000", "ORIG_FID": 298 }, "geometry": { "type": "Point", "coordinates": [ -80.723971216770195, -0.982766968281105 ] } },
{ "type": "Feature", "properties": { "id": 92834, "lote_id": 68437, "clavecatas": "3-32-62-04-000", "zona": "3", "sector": "32", "manzana": "62", "lote": "04", "ph": "000", "propietari": "MERA JOSE LUTGARDO Y MARIA RODRIGUEZ", "documentop": "1303731382", "direccion": "MZ-J2 LT. 04 URBIRIOS", "area_m2": 120.0, "frente_uti": 8.0, "frente_tot": 0.0, "avaluo_con": 0.0, "avaluo_sue": 8760.0, "zonaurbano": "URBANA", "parroquia": "TARQUI", "esta_bloqu": "NO", "es_tercera": "SI", "tiene_elec": "SI", "tiene_agua": "SI", "tiene_alca": "NO", "observacio": "C-3824-07 c-873-08 -Sello Luis L.02/27/08 Y.C.S.-     2625-09 MDV", "observac_1": null, "barrio": "URBIRRIOS X", "parroquia_": 3, "barrio_id": 331, "proceso": 1, "fecha_regi": null, "activo_cat": "SI", "desactivad": 0, "avaluo_rem": 0.0, "avaluo_r_1": 0.0, "clasificac": "DEPURACION CATASTRO", "anio_deuda": 0, "deuda": 0.0, "valor_ip": 0.0, "coactiva": null, "ficharegis": 1044, "etam": 0.0912870929, "diferencia": 3.6938017027000001, "porc_difer": 0.0307816809, "admisible": 1, "deuda_anio": 0.0, "2019_csv_C": null, "Clavepre": "3-32-62-04-000", "ORIG_FID": 299 }, "geometry": { "type": "Point", "coordinates": [ -80.724027042480529, -0.982721474493607 ] } },
{ "type": "Feature", "properties": { "id": 92835, "lote_id": 68438, "clavecatas": "3-32-62-05-000", "zona": "3", "sector": "32", "manzana": "62", "lote": "05", "ph": "000", "propietari": "PONCE SANTANDER DARWIN Y RAQUEL ELIZABER", "documentop": "1308941226", "direccion": "MZ-J 2 LT. 05 URBIRIOS", "area_m2": 120.0, "frente_uti": 8.0, "frente_tot": 0.0, "avaluo_con": 0.0, "avaluo_sue": 8760.0, "zonaurbano": "URBANA", "parroquia": "TARQUI", "esta_bloqu": "NO", "es_tercera": "NO", "tiene_elec": "SI", "tiene_agua": "SI", "tiene_alca": "NO", "observacio": "1.540-05 -SELLO CARLOS D. 04/18/05 Y.C.S.- 4290-07 C-4893-08", "observac_1": null, "barrio": "URBIRRIOS X", "parroquia_": 3, "barrio_id": 331, "proceso": 1, "fecha_regi": null, "activo_cat": "SI", "desactivad": 0, "avaluo_rem": 0.0, "avaluo_r_1": 0.0, "clasificac": "DEPURACION CATASTRO", "anio_deuda": 2018, "deuda": 251.08, "valor_ip": 0.0, "coactiva": null, "ficharegis": 6180, "etam": 0.0912870929, "diferencia": 1.674886338, "porc_difer": 0.0139573861, "admisible": 1, "deuda_anio": 237.65, "2019_csv_C": null, "Clavepre": "3-32-62-05-000", "ORIG_FID": 300 }, "geometry": { "type": "Point", "coordinates": [ -80.7240825270692, -0.982676055546771 ] } },
{ "type": "Feature", "properties": { "id": 92836, "lote_id": 68439, "clavecatas": "3-32-62-06-000", "zona": "3", "sector": "32", "manzana": "62", "lote": "06", "ph": "000", "propietari": "PONCE SIXTO WALTER Y SRA .", "documentop": "130165284-6", "direccion": "MZ-J2 LT. 06 URBIRIOS", "area_m2": 120.0, "frente_uti": 8.0, "frente_tot": 0.0, "avaluo_con": 6480.0, "avaluo_sue": 8760.0, "zonaurbano": "URBANA", "parroquia": "TARQUI", "esta_bloqu": "NO", "es_tercera": "NO", "tiene_elec": "SI", "tiene_agua": "SI", "tiene_alca": "NO", "observacio": "C-1535-04  SELLO AGOSTO 17/2004 MR C-3768-07", "observac_1": null, "barrio": "URBIRRIOS X", "parroquia_": 3, "barrio_id": 331, "proceso": 1, "fecha_regi": null, "activo_cat": "SI", "desactivad": 0, "avaluo_rem": 0.0, "avaluo_r_1": 0.0, "clasificac": "DEPURACION CATASTRO", "anio_deuda": 0, "deuda": 0.0, "valor_ip": 0.0, "coactiva": null, "ficharegis": 55315, "etam": 0.0912870929, "diferencia": 0.385111953, "porc_difer": 0.0032092663, "admisible": 1, "deuda_anio": 0.0, "2019_csv_C": null, "Clavepre": "3-32-62-06-000", "ORIG_FID": 301 }, "geometry": { "type": "Point", "coordinates": [ -80.724138353530407, -0.982630020155458 ] } },
{ "type": "Feature", "properties": { "id": 92837, "lote_id": 68440, "clavecatas": "3-32-62-07-000", "zona": "3", "sector": "32", "manzana": "62", "lote": "07", "ph": "000", "propietari": "PARRALES ANCHUNDIA JUAN Y SRA.", "documentop": "1309406690", "direccion": "MZ-J2 LT. 07 URBIIRIOS", "area_m2": 120.0, "frente_uti": 8.0, "frente_tot": 0.0, "avaluo_con": 0.0, "avaluo_sue": 8760.0, "zonaurbano": "URBANA", "parroquia": "TARQUI", "esta_bloqu": "NO", "es_tercera": "NO", "tiene_elec": "SI", "tiene_agua": "SI", "tiene_alca": "NO", "observacio": "C-1836-05 -Sello Carlos D. 05/10/05 Y.C.S.- c-3219-07 -Sello Hip.Ab.Carlos D. 02/21/08 Y.C.S.-", "observac_1": null, "barrio": "URBIRRIOS X", "parroquia_": 3, "barrio_id": 331, "proceso": 1, "fecha_regi": null, "activo_cat": "SI", "desactivad": 0, "avaluo_rem": 0.0, "avaluo_r_1": 0.0, "clasificac": "DEPURACION CATASTRO", "anio_deuda": 2020, "deuda": 169.47, "valor_ip": 0.0, "coactiva": null, "ficharegis": 730, "etam": 0.0912870929, "diferencia": -0.1285452705, "porc_difer": -0.0010712106, "admisible": 1, "deuda_anio": 156.04, "2019_csv_C": null, "Clavepre": "3-32-62-07-000", "ORIG_FID": 302 }, "geometry": { "type": "Point", "coordinates": [ -80.724193327082745, -0.982582092353793 ] } },
{ "type": "Feature", "properties": { "id": 92838, "lote_id": 68441, "clavecatas": "3-32-62-08-000", "zona": "3", "sector": "32", "manzana": "62", "lote": "08", "ph": "000", "propietari": "RODRIGUEZ CONFORME ANGEL Y SALTOS MERO M", "documentop": "0901163741", "direccion": "MZ-J2 LT.08 URBIRIOS", "area_m2": 120.0, "frente_uti": 8.0, "frente_tot": 0.0, "avaluo_con": 0.0, "avaluo_sue": 8760.0, "zonaurbano": "URBANA", "parroquia": "TARQUI", "esta_bloqu": "NO", "es_tercera": "SI", "tiene_elec": "SI", "tiene_agua": "SI", "tiene_alca": "NO", "observacio": "c-4613-08 sello donacion x carlos d.30/09/08 a.q.", "observac_1": null, "barrio": "URBIRRIOS X", "parroquia_": 3, "barrio_id": 331, "proceso": 1, "fecha_regi": null, "activo_cat": "SI", "desactivad": 0, "avaluo_rem": 0.0, "avaluo_r_1": 0.0, "clasificac": "DEPURACION CATASTRO", "anio_deuda": 2014, "deuda": 436.77, "valor_ip": 0.0, "coactiva": null, "ficharegis": 5161, "etam": 0.0912870929, "diferencia": -1.7447720908, "porc_difer": -0.0145397674, "admisible": 1, "deuda_anio": 426.7, "2019_csv_C": null, "Clavepre": "3-32-62-08-000", "ORIG_FID": 303 }, "geometry": { "type": "Point", "coordinates": [ -80.724249667995281, -0.982535400646428 ] } },
{ "type": "Feature", "properties": { "id": 92839, "lote_id": 68442, "clavecatas": "3-32-62-09-000", "zona": "3", "sector": "32", "manzana": "62", "lote": "09", "ph": "000", "propietari": "SANTANDER GOMEZ FERNANDO Y SRA.", "documentop": "1307861110", "direccion": "MZ-J2 LT. 09 URBIRIOS", "area_m2": 120.0, "frente_uti": 8.0, "frente_tot": 0.0, "avaluo_con": 0.0, "avaluo_sue": 8760.0, "zonaurbano": "URBANA", "parroquia": "TARQUI", "esta_bloqu": "NO", "es_tercera": "NO", "tiene_elec": "SI", "tiene_agua": "SI", "tiene_alca": "NO", "observacio": "C-3418-04 -SELLO CARLOS D. 02/23/05 Y.C.S.- SE ACT CERT EMITIDO POR GABRIELA S REVISADO POR ARQ MIGUEL CAJAPE LINO 32683-15", "observac_1": null, "barrio": "URBIRRIOS X", "parroquia_": 3, "barrio_id": 331, "proceso": 1, "fecha_regi": null, "activo_cat": "SI", "desactivad": 0, "avaluo_rem": 0.0, "avaluo_r_1": 0.0, "clasificac": "DEPURACION CATASTRO", "anio_deuda": 2016, "deuda": 346.8, "valor_ip": 0.0, "coactiva": null, "ficharegis": 19631, "etam": 0.0912870929, "diferencia": 3.0750620189000002, "porc_difer": 0.0256255168, "admisible": 1, "deuda_anio": 333.37, "2019_csv_C": null, "Clavepre": "3-32-62-09-000", "ORIG_FID": 304 }, "geometry": { "type": "Point", "coordinates": [ -80.72430192288661, -0.982486112479932 ] } },
{ "type": "Feature", "properties": { "id": 92840, "lote_id": 68443, "clavecatas": "3-32-62-10-000", "zona": "3", "sector": "32", "manzana": "62", "lote": "10", "ph": "000", "propietari": "ORBE PALMA DARWIN RAUL", "documentop": "1311840563", "direccion": "MZ-J2 LT. 10 URBIRIOS", "area_m2": 120.0, "frente_uti": 8.0, "frente_tot": 0.0, "avaluo_con": 5200.0, "avaluo_sue": 8760.0, "zonaurbano": "URBANA", "parroquia": "TARQUI", "esta_bloqu": "NO", "es_tercera": "NO", "tiene_elec": "SI", "tiene_agua": "SI", "tiene_alca": "NO", "observacio": "SE MODIFICA NOMBRE X DEPURAC.\r\n27/06/12 A.Q.SELLO CVTA.(S/F)12/08/16 Y.C.S.-", "observac_1": null, "barrio": "URBIRRIOS X", "parroquia_": 3, "barrio_id": 331, "proceso": 1, "fecha_regi": null, "activo_cat": "SI", "desactivad": 0, "avaluo_rem": 0.0, "avaluo_r_1": 0.0, "clasificac": "GENERAL", "anio_deuda": 0, "deuda": 0.0, "valor_ip": 0.0, "coactiva": null, "ficharegis": 60246, "etam": 0.0912870929, "diferencia": -9.2820494063000005, "porc_difer": -0.0773504117, "admisible": 1, "deuda_anio": 0.0, "2019_csv_C": null, "Clavepre": "3-32-62-10-000", "ORIG_FID": 305 }, "geometry": { "type": "Point", "coordinates": [ -80.724354194518298, -0.982434325058431 ] } },
{ "type": "Feature", "properties": { "id": 92842, "lote_id": 68445, "clavecatas": "3-32-62-12-000", "zona": "3", "sector": "32", "manzana": "62", "lote": "12", "ph": "000", "propietari": "PINARGOTE SANTANA TERESA TRINIDAD", "documentop": "1306484005", "direccion": "MZ-J2 LT.12 URBIRIOS", "area_m2": 120.0, "frente_uti": 8.0, "frente_tot": 0.0, "avaluo_con": 0.0, "avaluo_sue": 8760.0, "zonaurbano": "URBANA", "parroquia": "TARQUI", "esta_bloqu": "NO", "es_tercera": "NO", "tiene_elec": "SI", "tiene_agua": "SI", "tiene_alca": "NO", "observacio": "c-2708-06 -Sello Carlos D. 08/24/06 Y.C.S.-", "observac_1": null, "barrio": "URBIRRIOS X", "parroquia_": 3, "barrio_id": 331, "proceso": 1, "fecha_regi": null, "activo_cat": "SI", "desactivad": 0, "avaluo_rem": 0.0, "avaluo_r_1": 0.0, "clasificac": "DEPURACION CATASTRO", "anio_deuda": 2026, "deuda": 13.43, "valor_ip": 0.0, "coactiva": null, "ficharegis": 37028, "etam": 0.0912870929, "diferencia": -0.1464818838, "porc_difer": -0.0012206824, "admisible": 1, "deuda_anio": 0.0, "2019_csv_C": null, "Clavepre": "3-32-62-12-000", "ORIG_FID": 306 }, "geometry": { "type": "Point", "coordinates": [ -80.724455712839884, -0.982333653182126 ] } }
]
}
