{
"type": "FeatureCollection",
"name": "2022_P",
"crs": { "type": "name", "properties": { "name": "urn:ogc:def:crs:OGC:1.3:CRS84" } },
"features": [
{ "type": "Feature", "properties": { "id": 86722, "lote_id": 66209, "clavecatas": "3-23-51-24-000", "zona": "3", "sector": "23", "manzana": "51", "lote": "24", "ph": "000", "propietari": "CEVALLOS MERA ALCIDES ADALBERTO", "documentop": "1303932188", "direccion": "URBIRRIOS II MZ-10 LOTE 24", "area_m2": 144.0, "frente_uti": 8.0, "frente_tot": 0.0, "avaluo_con": 10349.36, "avaluo_sue": 5760.0, "zonaurbano": "URBANA", "parroquia": "TARQUI", "esta_bloqu": "NO", "es_tercera": "NO", "tiene_elec": "SI", "tiene_agua": "SI", "tiene_alca": "NO", "observacio": "-INGRESO NUEVO X LOTEO SE DESM. Y CANCELO HASTA EL 2005 CON LA 3270201 INF.AMPARO Q. 07/03/06 Y.C.S.- C-3384-09 ACTUALIZACION INF. AMPARO Q. JULIO 14/09 MR INF. PARA CERTIF. INGRES. POR AREA DE LEGALIZACION INSP. LUIS LOPEZ, ENERO 16-14 -SE ACTUALIZA INF", "observac_1": null, "barrio": "OTRAS AREAS", "parroquia_": 3, "barrio_id": 0, "proceso": 1, "fecha_regi": null, "activo_cat": "SI", "desactivad": 0, "avaluo_rem": 0.0, "avaluo_r_1": 0.0, "clasificac": "GENERAL", "anio_deuda": 0, "deuda": 0.0, "valor_ip": 0.0, "coactiva": null, "ficharegis": 73842, "etam": 0.0833333333, "diferencia": -2.2939967526, "porc_difer": -0.015930533, "admisible": 1, "deuda_anio": 0.0, "2019_csv_c": "3-23-51-24-000", "clavecat_1": null, "2021__csv_": null, "2021__csv1": null, "Clavepre": "3-23-51-24-000", "RESOLUCION": "443-17-03-2022", "ORIG_FID": 0 }, "geometry": { "type": "Point", "coordinates": [ -80.728527794841597, -1.000915893070548 ] } },
{ "type": "Feature", "properties": { "id": 33613, "lote_id": 22665, "clavecatas": "2-02-21-58-000", "zona": "2", "sector": "02", "manzana": "21", "lote": "58", "ph": "000", "propietari": "GOBIERNO AUTONOMO DESCENTRALIZADO  MUNICIPAL MANTA .", "documentop": "1360000980001", "direccion": "AVE.104 CALLE 115 LAZARETO", "area_m2": 120.0, "frente_uti": 6.5, "frente_tot": 0.0, "avaluo_con": 14348.88, "avaluo_sue": 24000.0, "zonaurbano": "URBANA", "parroquia": "LOS ESTEROS", "esta_bloqu": "NO", "es_tercera": "NO", "tiene_elec": "SI", "tiene_agua": "SI", "tiene_alca": "NO", "observacio": "INF, AMPARO Q.  Y PATRICIO LEON SEP. 16/2004 MRse modifica ubicacion de la calle inf. de coactiva luis <salcedo marzo 03/205 mr", "observac_1": null, "barrio": "OTRAS AREAS", "parroquia_": 4, "barrio_id": 0, "proceso": 1, "fecha_regi": null, "activo_cat": "SI", "desactivad": 0, "avaluo_rem": 0.0, "avaluo_r_1": 0.0, "clasificac": "DEPURACION CATASTRO", "anio_deuda": 2026, "deuda": 87.38, "valor_ip": 0.0, "coactiva": null, "ficharegis": 0, "etam": 0.0912870929, "diferencia": 45.389880507599997, "porc_difer": 0.3782490042, "admisible": 0, "deuda_anio": 0.0, "2019_csv_c": null, "clavecat_1": null, "2021__csv_": null, "2021__csv1": null, "Clavepre": "2-02-21-58-000", "RESOLUCION": "443-17-03-2022", "ORIG_FID": 1 }, "geometry": { "type": "Point", "coordinates": [ -80.705702955992038, -0.953087132065817 ] } },
{ "type": "Feature", "properties": { "id": 34366, "lote_id": 87187, "clavecatas": "2-03-12-86-000", "zona": "2", "sector": "03", "manzana": "12", "lote": "86", "ph": "000", "propietari": "GOBIERNO AUTONOMO DESCENTRALIZADO MCPAL.DEL CANTON MANTA .", "documentop": "1360000980001", "direccion": "AV. 108 - B. 9 DE OCTUBRE -CALLEJON", "area_m2": 42.25, "frente_uti": 6.5, "frente_tot": 0.0, "avaluo_con": 0.0, "avaluo_sue": 4647.5, "zonaurbano": "URBANA", "parroquia": "TARQUI", "esta_bloqu": "SI", "es_tercera": "NO", "tiene_elec": "NO", "tiene_agua": "NO", "tiene_alca": "NO", "observacio": "INGRESO NUEVO PARA BIENE MOSTRENCOS 21/05/15 LLCH. \r\n\r\nINF.  PARA CERTIF. INSP.LUPE LANDA,  GRUPO DE LEGALIZACION REV. POR  ARQ.  MARIA FERRIN, JUNIO 09 -2015   MR.  POR LEGALIZAR PARRALES CARRASCO CARLOTA LEONOR SE CORRIGE AREA CON INF. LEGALIZAR 17/09/", "observac_1": "- Bloqueo Sin CEM 2013 y 2014. Memorando 053-AR-AFI-2017.- SE DESBLOQUEA A PETICIÓN DE LA ARQ. LUPE LANDA PARA ACTUALIZAR INFORMACIÓN DEL ÁREA DE LEGALIZACIÓN 17/09/2020", "barrio": "BUENOS AIRES", "parroquia_": 3, "barrio_id": 204, "proceso": 1, "fecha_regi": null, "activo_cat": "NO", "desactivad": 0, "avaluo_rem": 0.0, "avaluo_r_1": 0.0, "clasificac": "PROPIEDADES MUNICIPALES", "anio_deuda": 0, "deuda": 0.0, "valor_ip": 0.0, "coactiva": null, "ficharegis": 0, "etam": 0.1, "diferencia": -20.3277676636, "porc_difer": -0.4811305956, "admisible": 0, "deuda_anio": 116.49, "2019_csv_c": null, "clavecat_1": null, "2021__csv_": null, "2021__csv1": null, "Clavepre": "2-03-12-86-000", "RESOLUCION": "443-17-03-2022", "ORIG_FID": 2 }, "geometry": { "type": "Point", "coordinates": [ -80.710973155899239, -0.956108561294143 ] } },
{ "type": "Feature", "properties": { "id": 38419, "lote_id": 77150, "clavecatas": "2-06-02-14-000", "zona": "2", "sector": "06", "manzana": "02", "lote": "14", "ph": "000", "propietari": "GOBIERNO AUTÓNOMO DESCENTRALIZADO DE MANTA .", "documentop": "1360000980001", "direccion": "BARRIO MIRAMAR LOTE 12 MZ A", "area_m2": 116.64, "frente_uti": 7.5, "frente_tot": 7.5, "avaluo_con": 3240.0, "avaluo_sue": 14580.0, "zonaurbano": "URBANA", "parroquia": "LOS ESTEROS", "esta_bloqu": "NO", "es_tercera": "NO", "tiene_elec": "SI", "tiene_agua": "SI", "tiene_alca": "NO", "observacio": "SELLO PROTOC.DE PLANO X FERNANDO N.27/12/12 A.Q.-SELLO PROTOC.DE REDIS.21/06/16 A.Q.SEGUN EL CENSO EN ESTE TERRENO VIVE ACTUALMENTE EL SR.JORGE CESAR ANTON SUAREZ CON # DE TELEFONO 0939528761 NO MODIFICO LA INF.EN PROPIET.XQ CAMBIA LA INF.EN TODOS LOS TE", "observac_1": null, "barrio": "MIRAMAR", "parroquia_": 4, "barrio_id": 1025, "proceso": 1, "fecha_regi": null, "activo_cat": "SI", "desactivad": 0, "avaluo_rem": 0.0, "avaluo_r_1": 0.0, "clasificac": "PROPIEDADES MUNICIPALES", "anio_deuda": 0, "deuda": 0.0, "valor_ip": 0.0, "coactiva": null, "ficharegis": 0, "etam": 0.0925925926, "diferencia": 0.4717632674, "porc_difer": 0.0040446096, "admisible": 1, "deuda_anio": 0.0, "2019_csv_c": null, "clavecat_1": null, "2021__csv_": null, "2021__csv1": null, "Clavepre": "2-06-02-14-000", "RESOLUCION": "443-17-03-2022", "ORIG_FID": 3 }, "geometry": { "type": "Point", "coordinates": [ -80.698896998311113, -0.948962087583564 ] } },
{ "type": "Feature", "properties": { "id": 38422, "lote_id": 77161, "clavecatas": "2-06-02-17-000", "zona": "2", "sector": "06", "manzana": "02", "lote": "17", "ph": "000", "propietari": "GOBIERNO AUTÓNOMO DESCENTRALIZADO DE MANTA .", "documentop": "1360000980001", "direccion": "BARRIO MIRAMAR MZ -B LOTE 5 LOS ESTEROS", "area_m2": 127.79, "frente_uti": 16.5, "frente_tot": 16.5, "avaluo_con": 323.14, "avaluo_sue": 15973.75, "zonaurbano": "URBANA", "parroquia": "LOS ESTEROS", "esta_bloqu": "NO", "es_tercera": "NO", "tiene_elec": "SI", "tiene_agua": "SI", "tiene_alca": "NO", "observacio": "INGRESO NUEVO 8 DE MAYO DEL 2012 ANTONIO SANTOS.-SELLO PROTOC.DE PLANO X FERNANDO N. 27/12/12 A.Q.INF. PARA CERTIFICADO\r\nREVIZADO POR LCDA MARIA MARISOL ARTEAGA RIVAS,OCTUBRE 31 -16 MR - CAMBIO DE CLASIFICACIÓN: MEMORANDO MTA-DFIN-MEM-160920211226, TRÁ", "observac_1": null, "barrio": "MIRAMAR", "parroquia_": 4, "barrio_id": 1025, "proceso": 1, "fecha_regi": null, "activo_cat": "SI", "desactivad": 0, "avaluo_rem": 0.0, "avaluo_r_1": 0.0, "clasificac": "PROPIEDADES MUNICIPALES", "anio_deuda": 0, "deuda": 0.0, "valor_ip": 0.0, "coactiva": null, "ficharegis": 75505, "etam": 0.0884609431, "diferencia": -1.0005861146, "porc_difer": -0.007829925, "admisible": 1, "deuda_anio": 0.0, "2019_csv_c": null, "clavecat_1": null, "2021__csv_": null, "2021__csv1": null, "Clavepre": "2-06-02-17-000", "RESOLUCION": "443-17-03-2022", "ORIG_FID": 4 }, "geometry": { "type": "Point", "coordinates": [ -80.698795268295513, -0.948753225103076 ] } },
{ "type": "Feature", "properties": { "id": 38436, "lote_id": 77136, "clavecatas": "2-06-02-31-000", "zona": "2", "sector": "06", "manzana": "02", "lote": "31", "ph": "000", "propietari": "GOBIERNO AUTONOMO DESCENTRALIZADO DEL CANTON MANTA .", "documentop": "1302329881", "direccion": "BARRIO MIRAMAR MZ C LOTE 13 LOS ESTEROS", "area_m2": 119.81, "frente_uti": 8.2, "frente_tot": 8.2, "avaluo_con": 691.97, "avaluo_sue": 14976.25, "zonaurbano": "URBANA", "parroquia": "LOS ESTEROS", "esta_bloqu": "NO", "es_tercera": "SI", "tiene_elec": "SI", "tiene_agua": "SI", "tiene_alca": "NO", "observacio": "INGRESO NUEVO 7 DE MAYO DEL 2012 LUIS LOPEZ - ANTONIO SANTOS.-SELLO PROTOC.DE PLANO X FERNANDO N. 27/12/12 A.Q.", "observac_1": null, "barrio": "MIRAMAR", "parroquia_": 4, "barrio_id": 1025, "proceso": 1, "fecha_regi": null, "activo_cat": "SI", "desactivad": 0, "avaluo_rem": 0.0, "avaluo_r_1": 0.0, "clasificac": "PROPIEDADES MUNICIPALES", "anio_deuda": 0, "deuda": 0.0, "valor_ip": 0.0, "coactiva": null, "ficharegis": 0, "etam": 0.0913594478, "diferencia": -0.1906046128, "porc_difer": -0.0015908907, "admisible": 1, "deuda_anio": 0.0, "2019_csv_c": null, "clavecat_1": null, "2021__csv_": null, "2021__csv1": null, "Clavepre": "2-06-02-31-000", "RESOLUCION": "443-17-03-2022", "ORIG_FID": 5 }, "geometry": { "type": "Point", "coordinates": [ -80.698179912392661, -0.949001581882731 ] } },
{ "type": "Feature", "properties": { "id": 38425, "lote_id": 77158, "clavecatas": "2-06-02-20-000", "zona": "2", "sector": "06", "manzana": "02", "lote": "20", "ph": "000", "propietari": "GOBIERNO AUTÓNOMO DESCENTRALIZADO DE MANTA .", "documentop": "1360000980001", "direccion": "BARRIO MIRAMAR MZ B LOTE 3 LOS ESTEROS", "area_m2": 189.77, "frente_uti": 14.7, "frente_tot": 14.7, "avaluo_con": 0.0, "avaluo_sue": 23721.25, "zonaurbano": "URBANA", "parroquia": "LOS ESTEROS", "esta_bloqu": "NO", "es_tercera": "NO", "tiene_elec": "SI", "tiene_agua": "SI", "tiene_alca": "NO", "observacio": "INGRESO NUEVO 8 DE MAYO DEL 2012 ANTONIO SANTOS.-SELLO PROTOC.DE PLANO X FERNANDO N. 27/12/12 A.Q.  - Cambio de Clasificación: Memorando MTA-DFIN-MEM-160920211226, trámite TE090920211550 en base a Art. 509 del COOTAD.", "observac_1": null, "barrio": "MIRAMAR", "parroquia_": 4, "barrio_id": 1025, "proceso": 1, "fecha_regi": null, "activo_cat": "SI", "desactivad": 0, "avaluo_rem": 0.0, "avaluo_r_1": 0.0, "clasificac": "PROPIEDADES MUNICIPALES", "anio_deuda": 0, "deuda": 0.0, "valor_ip": 0.0, "coactiva": null, "ficharegis": 0, "etam": 0.0725915753, "diferencia": 31.763704750799999, "porc_difer": 0.1673800113, "admisible": 0, "deuda_anio": 0.0, "2019_csv_c": null, "clavecat_1": null, "2021__csv_": null, "2021__csv1": null, "Clavepre": "2-06-02-20-000", "RESOLUCION": "443-17-03-2022", "ORIG_FID": 6 }, "geometry": { "type": "Point", "coordinates": [ -80.698664302355041, -0.948803845320729 ] } },
{ "type": "Feature", "properties": { "id": 38427, "lote_id": 77156, "clavecatas": "2-06-02-22-000", "zona": "2", "sector": "06", "manzana": "02", "lote": "22", "ph": "000", "propietari": "ANTON CUEVA MARIA MAYUMI", "documentop": "1351202575", "direccion": "BARRIO MIRAMAR MZ B LOTE 1 LOS ESTEROS", "area_m2": 105.74, "frente_uti": 20.45, "frente_tot": 20.45, "avaluo_con": 7402.5, "avaluo_sue": 13217.5, "zonaurbano": "URBANA", "parroquia": "LOS ESTEROS", "esta_bloqu": "NO", "es_tercera": "NO", "tiene_elec": "SI", "tiene_agua": "SI", "tiene_alca": "NO", "observacio": "INGRESO NUEVO 08 DE MAYO DEL 2012 LUIS LOPEZ.-SELLO PROTOC.DE PLANO X FERNANDO N. 27/12/12 A.Q. SE ACTUALIZA INF EN BASE A ESCRITURA DE ADJUDICACION INSCRITA EN EL REG. DE LA PROPIEDAD. 31/07/2025 GGV", "observac_1": null, "barrio": "MIRAMAR", "parroquia_": 4, "barrio_id": 1025, "proceso": 1, "fecha_regi": null, "activo_cat": "SI", "desactivad": 0, "avaluo_rem": 0.0, "avaluo_r_1": 0.0, "clasificac": "GENERAL", "anio_deuda": 2026, "deuda": 34.41, "valor_ip": 0.0, "coactiva": null, "ficharegis": 80970, "etam": 0.0972479258, "diferencia": -0.0763383732, "porc_difer": -0.0007219441, "admisible": 1, "deuda_anio": 0.0, "2019_csv_c": null, "clavecat_1": null, "2021__csv_": null, "2021__csv1": null, "Clavepre": "2-06-02-22-000", "RESOLUCION": "443-17-03-2022", "ORIG_FID": 7 }, "geometry": { "type": "Point", "coordinates": [ -80.698557780855353, -0.948919574054084 ] } },
{ "type": "Feature", "properties": { "id": 38435, "lote_id": 77129, "clavecatas": "2-06-02-30-000", "zona": "2", "sector": "06", "manzana": "02", "lote": "30", "ph": "000", "propietari": "G.A.D.MCPAL.DEL CANTON MANTA .", "documentop": "1360000980001", "direccion": "BARRIO MIRAMAR MZ C LOTE 6 LOS ESTEROS", "area_m2": 115.35, "frente_uti": 8.23, "frente_tot": 8.23, "avaluo_con": 12012.0, "avaluo_sue": 14418.75, "zonaurbano": "URBANA", "parroquia": "LOS ESTEROS", "esta_bloqu": "NO", "es_tercera": "NO", "tiene_elec": "SI", "tiene_agua": "SI", "tiene_alca": "NO", "observacio": "INGRESO NUEVO LUIS LOPEZ - MARIA JOSE PISCO.-SELLO PROTOC.DE PLANO X FERNANDO N. 27/12/12 A.Q.", "observac_1": null, "barrio": "MIRAMAR", "parroquia_": 4, "barrio_id": 1025, "proceso": 1, "fecha_regi": null, "activo_cat": "SI", "desactivad": 0, "avaluo_rem": 0.0, "avaluo_r_1": 0.0, "clasificac": "GENERAL", "anio_deuda": 2026, "deuda": 43.9, "valor_ip": 0.0, "coactiva": null, "ficharegis": 0, "etam": 0.093108901, "diferencia": 0.1686438646, "porc_difer": 0.0014620188, "admisible": 1, "deuda_anio": 0.0, "2019_csv_c": null, "clavecat_1": null, "2021__csv_": null, "2021__csv1": null, "Clavepre": "2-06-02-30-000", "RESOLUCION": "443-17-03-2022", "ORIG_FID": 8 }, "geometry": { "type": "Point", "coordinates": [ -80.698251669155269, -0.949111009496958 ] } },
{ "type": "Feature", "properties": { "id": 38441, "lote_id": 77127, "clavecatas": "2-06-02-36-000", "zona": "2", "sector": "06", "manzana": "02", "lote": "36", "ph": "000", "propietari": "GOBIERNO AUTONOMO DESCENTRALIZADO  MUNICIPAL MANTA .", "documentop": "1360000980001", "direccion": "BARRIO MIRAMAR MZ- C LOTE 3 LOS ESTEROS", "area_m2": 112.0, "frente_uti": 8.0, "frente_tot": 8.0, "avaluo_con": 11642.4, "avaluo_sue": 14000.0, "zonaurbano": "URBANA", "parroquia": "LOS ESTEROS", "esta_bloqu": "NO", "es_tercera": "NO", "tiene_elec": "SI", "tiene_agua": "SI", "tiene_alca": "NO", "observacio": "INGRESO NUEVO 07 DE MAYO 2012.-SELLO PROTOC.DE PLANO X FERNANDO N. 27/12/12 A.Q.  - CAMBIO DE CLASIFICACIÓN: MEMORANDO MTA-DFIN-MEM-160920211226, TRÁMITE TE090920211550 EN BASE A ART. 509 DEL COOTAD.", "observac_1": null, "barrio": "MIRAMAR", "parroquia_": 4, "barrio_id": 1025, "proceso": 1, "fecha_regi": null, "activo_cat": "SI", "desactivad": 0, "avaluo_rem": 0.0, "avaluo_r_1": 0.0, "clasificac": "POR LEGALIZAR", "anio_deuda": 0, "deuda": 0.0, "valor_ip": 0.0, "coactiva": null, "ficharegis": 0, "etam": 0.0944911183, "diferencia": -0.0583776642, "porc_difer": -0.0005212291, "admisible": 1, "deuda_anio": 0.0, "2019_csv_c": null, "clavecat_1": null, "2021__csv_": null, "2021__csv1": null, "Clavepre": "2-06-02-36-000", "RESOLUCION": "443-17-03-2022", "ORIG_FID": 9 }, "geometry": { "type": "Point", "coordinates": [ -80.698071385124152, -0.949231267465926 ] } },
{ "type": "Feature", "properties": { "id": 38454, "lote_id": 77762, "clavecatas": "2-06-02-49-000", "zona": "2", "sector": "06", "manzana": "02", "lote": "49", "ph": "000", "propietari": "G.A.D.MCPAL.DEL CANTON MANTA .", "documentop": "1360000980001", "direccion": "BARRIO MIRAMAR MZ B LOTE 8 LOS ESTEROS", "area_m2": 101.12, "frente_uti": 8.88, "frente_tot": 8.88, "avaluo_con": 5076.0, "avaluo_sue": 12640.0, "zonaurbano": "URBANA", "parroquia": "LOS ESTEROS", "esta_bloqu": "NO", "es_tercera": "NO", "tiene_elec": "SI", "tiene_agua": "SI", "tiene_alca": "SI", "observacio": "INGRESO NUEVO.-SELLO PROTOC.DE PLANO X FERNANDO N. 27/12/12 A.Q.  - CAMBIO DE CLASIFICACIÓN: MEMORANDO MTA-DFIN-MEM-160920211226, TRÁMITE TE090920211550 EN BASE A ART. 509 DEL COOTAD.", "observac_1": null, "barrio": "MIRAMAR", "parroquia_": 4, "barrio_id": 1025, "proceso": 1, "fecha_regi": null, "activo_cat": "SI", "desactivad": 0, "avaluo_rem": 0.0, "avaluo_r_1": 0.0, "clasificac": "POR LEGALIZAR", "anio_deuda": 0, "deuda": 0.0, "valor_ip": 0.0, "coactiva": null, "ficharegis": 0, "etam": 0.0994446605, "diferencia": -0.0823368903, "porc_difer": -0.0008142493, "admisible": 1, "deuda_anio": 0.0, "2019_csv_c": null, "clavecat_1": null, "2021__csv_": null, "2021__csv1": null, "Clavepre": "2-06-02-49-000", "RESOLUCION": "443-17-03-2022", "ORIG_FID": 10 }, "geometry": { "type": "Point", "coordinates": [ -80.698502786774554, -0.948829535603715 ] } },
{ "type": "Feature", "properties": { "id": 38518, "lote_id": 77110, "clavecatas": "2-06-07-04-000", "zona": "2", "sector": "06", "manzana": "07", "lote": "04", "ph": "000", "propietari": "GOBIERNO AUTONOMO DESCENTRALIZADO  MUNICIPAL MANTA .", "documentop": "1360000980001", "direccion": "MIRAMAR MZ F LOTE 1 LOS ESTEROS", "area_m2": 134.24, "frente_uti": 32.57, "frente_tot": 32.57, "avaluo_con": 6480.0, "avaluo_sue": 16780.0, "zonaurbano": "URBANA", "parroquia": "LOS ESTEROS", "esta_bloqu": "NO", "es_tercera": "NO", "tiene_elec": "SI", "tiene_agua": "SI", "tiene_alca": "NO", "observacio": "INGRESO NUEVO 07 DE MAYO 2012.-SELLO PROTOC.DE PLANO X FERNANDO N. 27/12/12 A.Q.", "observac_1": null, "barrio": "MIRAMAR", "parroquia_": 4, "barrio_id": 1025, "proceso": 1, "fecha_regi": null, "activo_cat": "SI", "desactivad": 0, "avaluo_rem": 0.0, "avaluo_r_1": 0.0, "clasificac": "GENERAL", "anio_deuda": 2026, "deuda": 60.43, "valor_ip": 0.0, "coactiva": null, "ficharegis": 80972, "etam": 0.086309585, "diferencia": -28.2105025768, "porc_difer": -0.210149751, "admisible": 0, "deuda_anio": 0.0, "2019_csv_c": null, "clavecat_1": null, "2021__csv_": null, "2021__csv1": null, "Clavepre": "2-06-07-04-000", "RESOLUCION": "443-17-03-2022", "ORIG_FID": 11 }, "geometry": { "type": "Point", "coordinates": [ -80.697933134447453, -0.949594044222042 ] } },
{ "type": "Feature", "properties": { "id": 38520, "lote_id": 77112, "clavecatas": "2-06-07-06-000", "zona": "2", "sector": "06", "manzana": "07", "lote": "06", "ph": "000", "propietari": "GOBIERNO AUTONOMO DESCENTRALIZADO MUNICIPAL DEL CANTON MANTA .", "documentop": "1360000980001", "direccion": "BARRIO MIRAMAR MZ F LOTE 3 LOS ESTEROS", "area_m2": 120.16, "frente_uti": 8.0, "frente_tot": 8.0, "avaluo_con": 5880.0, "avaluo_sue": 15020.0, "zonaurbano": "URBANA", "parroquia": "LOS ESTEROS", "esta_bloqu": "NO", "es_tercera": "NO", "tiene_elec": "SI", "tiene_agua": "SI", "tiene_alca": "NO", "observacio": "INGRESO NUEVO 7 DE MAYO DEL 2012 LUIS LOPEZ- MARIA JOSE PISCO.-SELLO PROTOC.DE PLANO X FERNANDO N. 27/12/12 A.Q.", "observac_1": null, "barrio": "MIRAMAR", "parroquia_": 4, "barrio_id": 1025, "proceso": 1, "fecha_regi": null, "activo_cat": "SI", "desactivad": 0, "avaluo_rem": 0.0, "avaluo_r_1": 0.0, "clasificac": "POR LEGALIZAR", "anio_deuda": 0, "deuda": 0.0, "valor_ip": 0.0, "coactiva": null, "ficharegis": 0, "etam": 0.0912262956, "diferencia": -0.0083354306, "porc_difer": -6.93694e-05, "admisible": 1, "deuda_anio": 0.0, "2019_csv_c": null, "clavecat_1": null, "2021__csv_": null, "2021__csv1": null, "Clavepre": "2-06-07-06-000", "RESOLUCION": "443-17-03-2022", "ORIG_FID": 12 }, "geometry": { "type": "Point", "coordinates": [ -80.697782751019133, -0.949548690624399 ] } },
{ "type": "Feature", "properties": { "id": 38524, "lote_id": 77114, "clavecatas": "2-06-07-10-000", "zona": "2", "sector": "06", "manzana": "07", "lote": "10", "ph": "000", "propietari": "GOBIERNO AUTÓNOMO DESCENTRALIZADO DE MANTA .", "documentop": "1360000980001", "direccion": "BARRIO MIRAMAR MZ F LOTE 5 LOS ESTEROS", "area_m2": 161.87, "frente_uti": 25.55, "frente_tot": 25.55, "avaluo_con": 0.0, "avaluo_sue": 20233.75, "zonaurbano": "URBANA", "parroquia": "LOS ESTEROS", "esta_bloqu": "NO", "es_tercera": "NO", "tiene_elec": "SI", "tiene_agua": "SI", "tiene_alca": "NO", "observacio": "INGRESO NUEVO 7 DE MAYO DEL 2012 LUIS LOPEZ-MARIA JOSE PISCO.-SELLO PROTOC.DE PLANO X FERNANDO N.27/12\r\n/12 A.Q.SE MODIF.AREA CON LA\r\nESCRIT.DE PROTOC.RESOL.08-ALC.M.\r\nJOZC 6/04/16 A.Q.SELLO PROTOC.DE REDIS.21 /06/16 A.Q.    - CAMBIO DE CLASIFICACIÓN: M", "observac_1": null, "barrio": "MIRAMAR", "parroquia_": 4, "barrio_id": 1025, "proceso": 1, "fecha_regi": null, "activo_cat": "SI", "desactivad": 0, "avaluo_rem": 0.0, "avaluo_r_1": 0.0, "clasificac": "PROPIEDADES MUNICIPALES", "anio_deuda": 0, "deuda": 0.0, "valor_ip": 0.0, "coactiva": null, "ficharegis": 0, "etam": 0.0785989631, "diferencia": -4.3261567506, "porc_difer": -0.0267261182, "admisible": 1, "deuda_anio": 0.0, "2019_csv_c": null, "clavecat_1": null, "2021__csv_": null, "2021__csv1": null, "Clavepre": "2-06-07-10-000", "RESOLUCION": "443-17-03-2022", "ORIG_FID": 13 }, "geometry": { "type": "Point", "coordinates": [ -80.697644904363557, -0.949538357381197 ] } },
{ "type": "Feature", "properties": { "id": 38526, "lote_id": 77118, "clavecatas": "2-06-07-12-000", "zona": "2", "sector": "06", "manzana": "07", "lote": "12", "ph": "000", "propietari": "GOBIERNO AUTÓNOMO DESCENTRALIZADO DE MANTA .", "documentop": "1360000980001", "direccion": "BARRIO MIRAMAR MZ- F LOTE 7 LOS ESTEROS", "area_m2": 181.13, "frente_uti": 8.0, "frente_tot": 8.0, "avaluo_con": 9475.2, "avaluo_sue": 22641.25, "zonaurbano": "URBANA", "parroquia": "LOS ESTEROS", "esta_bloqu": "NO", "es_tercera": "NO", "tiene_elec": "SI", "tiene_agua": "SI", "tiene_alca": "NO", "observacio": "INGRESO NUEVO LUIS LOPEZ- MARIA JOSE PISCO.-SELLO PROTOC.DE PLANO X FERNANDO N. 27/12/12 A.Q.SE MODIFICA AREA CON LA ESCRIT.DE PROTOC.RESOL.08-ALC.M.JOZC 6/04/16 A.Q.  \r\n\r\nINF. PARA CERTIFICADO  REVIZADO POR LCDA MARIA MARISOL ARTEAGA RIVAS,  OCTUBRE 10", "observac_1": null, "barrio": "MIRAMAR", "parroquia_": 4, "barrio_id": 1025, "proceso": 1, "fecha_regi": null, "activo_cat": "SI", "desactivad": 0, "avaluo_rem": 0.0, "avaluo_r_1": 0.0, "clasificac": "POR LEGALIZAR", "anio_deuda": 0, "deuda": 0.0, "valor_ip": 0.0, "coactiva": null, "ficharegis": 0, "etam": 0.0743027361, "diferencia": 2.8008849750999998, "porc_difer": 0.0154633963, "admisible": 1, "deuda_anio": 0.0, "2019_csv_c": null, "clavecat_1": null, "2021__csv_": null, "2021__csv1": null, "Clavepre": "2-06-07-12-000", "RESOLUCION": "443-17-03-2022", "ORIG_FID": 14 }, "geometry": { "type": "Point", "coordinates": [ -80.697547919184828, -0.949628519477258 ] } },
{ "type": "Feature", "properties": { "id": 38528, "lote_id": 77155, "clavecatas": "2-06-07-14-000", "zona": "2", "sector": "06", "manzana": "07", "lote": "14", "ph": "000", "propietari": "GOBIERNO AUTÓNOMO DESCENTRALIZADO DE MANTA .", "documentop": "1360000980001", "direccion": "BARRIO MIRAMAR MZ F LOTE 11 LOS ESTEROS", "area_m2": 139.22, "frente_uti": 25.78, "frente_tot": 25.78, "avaluo_con": 9072.0, "avaluo_sue": 16532.38, "zonaurbano": "URBANA", "parroquia": "LOS ESTEROS", "esta_bloqu": "NO", "es_tercera": "NO", "tiene_elec": "SI", "tiene_agua": "SI", "tiene_alca": "NO", "observacio": "SE MODIFICA AREA, MZ Y LOTE CON LA ESCRIT.DE PROTOC.DE LA RESOL.08-ALC-M-JOZC-2016 6/04/16 A.Q.SELLO PROTOC.DE REDIS.21 /06/16 A.Q.   - CAMBIO DE CLASIFICACIÓN: MEMORANDO MTA-DFIN-MEM-160920211226, TRÁMITE TE090920211550 EN BASE A ART. 509 DEL COOTAD.", "observac_1": null, "barrio": "MIRAMAR", "parroquia_": 4, "barrio_id": 1025, "proceso": 1, "fecha_regi": null, "activo_cat": "SI", "desactivad": 0, "avaluo_rem": 0.0, "avaluo_r_1": 0.0, "clasificac": "GENERAL", "anio_deuda": 2026, "deuda": 49.81, "valor_ip": 0.0, "coactiva": null, "ficharegis": 80968, "etam": 0.0847518497, "diferencia": 0.054073358, "porc_difer": 0.0003884022, "admisible": 1, "deuda_anio": 0.0, "2019_csv_c": null, "clavecat_1": null, "2021__csv_": null, "2021__csv1": null, "Clavepre": "2-06-07-14-000", "RESOLUCION": "443-17-03-2022", "ORIG_FID": 15 }, "geometry": { "type": "Point", "coordinates": [ -80.697506240590883, -0.949499237487653 ] } },
{ "type": "Feature", "properties": { "id": 38529, "lote_id": 77154, "clavecatas": "2-06-07-15-000", "zona": "2", "sector": "06", "manzana": "07", "lote": "15", "ph": "000", "propietari": "GOBIERNO AUTÓNOMO DESCENTRALIZADO DE MANTA .", "documentop": "1360000980001", "direccion": "BARRIO MIRAMAR MZ D LOTE 1 LOS ESTEROS", "area_m2": 120.48, "frente_uti": 16.0, "frente_tot": 16.0, "avaluo_con": 0.0, "avaluo_sue": 15060.0, "zonaurbano": "URBANA", "parroquia": "LOS ESTEROS", "esta_bloqu": "NO", "es_tercera": "NO", "tiene_elec": "NO", "tiene_agua": "NO", "tiene_alca": "NO", "observacio": "INGRESO NUEVO 08 DE MAYO DEL 2012 LUIS LOPEZ.-SELLO PROTOC.DE PLANO X FERNANDO N. 27/12/12 A.Q.SE MODIF.AREA CON LA ESCRIT.DE PROTOC.RESOL.08-ALC.M.JOZC 6/04/16 A.Q.SELLO PROTOC.DE REDIS.21/06/16 A.Q.    - Cambio de Clasificación: Memorando MTA-DFIN-MEM", "observac_1": null, "barrio": "MIRAMAR", "parroquia_": 4, "barrio_id": 1025, "proceso": 1, "fecha_regi": null, "activo_cat": "SI", "desactivad": 0, "avaluo_rem": 0.0, "avaluo_r_1": 0.0, "clasificac": "PROPIEDADES MUNICIPALES", "anio_deuda": 0, "deuda": 0.0, "valor_ip": 0.0, "coactiva": null, "ficharegis": 0, "etam": 0.0911050646, "diferencia": 0.016922443, "porc_difer": 0.0001404585, "admisible": 1, "deuda_anio": 0.0, "2019_csv_c": null, "clavecat_1": null, "2021__csv_": null, "2021__csv1": null, "Clavepre": "2-06-07-15-000", "RESOLUCION": "443-17-03-2022", "ORIG_FID": 16 }, "geometry": { "type": "Point", "coordinates": [ -80.697328001929108, -0.949873796304111 ] } },
{ "type": "Feature", "properties": { "id": 38533, "lote_id": 89083, "clavecatas": "2-06-07-20-000", "zona": "2", "sector": "06", "manzana": "07", "lote": "20", "ph": "000", "propietari": "GOBIERNO AUTONOMO DESCENTRALIZADO  MUNICIPAL MANTA .", "documentop": "1360000980001", "direccion": "BARRIO MIRAMAR MZ D LOTE # 04", "area_m2": 120.0, "frente_uti": 8.0, "frente_tot": 8.0, "avaluo_con": 0.0, "avaluo_sue": 15000.0, "zonaurbano": "URBANA", "parroquia": "LOS ESTEROS", "esta_bloqu": "NO", "es_tercera": "NO", "tiene_elec": "SI", "tiene_agua": "SI", "tiene_alca": "NO", "observacio": "INGRESO DE LOTE CON LA ESCRIT.DE PROTOC.RESOL.08-ALC.M.JOZC 6/04/16 A.Q.SELLO PROTOC.DE REDIS.21/06/16 A.Q.    - Cambio de Clasificación: Memorando MTA-DFIN-MEM-160920211226, trámite TE090920211550 en base a Art. 509 del COOTAD.", "observac_1": "- Bloqueo Sin CEM 2010. Memorando 066-DACR-JCM-GADM-17, 0245-CVDM-DF-(E)-2017 se desbloquea a solicitud de Luis Lopez para legalizacion abril 14 de 2022", "barrio": "MIRAMAR", "parroquia_": 4, "barrio_id": 1025, "proceso": 1, "fecha_regi": null, "activo_cat": "SI", "desactivad": 0, "avaluo_rem": 0.0, "avaluo_r_1": 0.0, "clasificac": "PROPIEDADES MUNICIPALES", "anio_deuda": 0, "deuda": 0.0, "valor_ip": 0.0, "coactiva": null, "ficharegis": 0, "etam": 0.0912870929, "diferencia": -2.7607e-06, "porc_difer": -2.3e-08, "admisible": 1, "deuda_anio": 0.0, "2019_csv_c": null, "clavecat_1": null, "2021__csv_": null, "2021__csv1": null, "Clavepre": "2-06-07-20-000", "RESOLUCION": "443-17-03-2022", "ORIG_FID": 17 }, "geometry": { "type": "Point", "coordinates": [ -80.69712810536285, -0.949955419939699 ] } },
{ "type": "Feature", "properties": { "id": 38534, "lote_id": 89084, "clavecatas": "2-06-07-21-000", "zona": "2", "sector": "06", "manzana": "07", "lote": "21", "ph": "000", "propietari": "GOBIERNO AUTÓNOMO DESCENTRALIZADO DE MANTA .", "documentop": "1360000980001", "direccion": "BARRIO MIRAMAR MZ D LOTE # 05", "area_m2": 120.0, "frente_uti": 8.0, "frente_tot": 8.0, "avaluo_con": 0.0, "avaluo_sue": 15000.0, "zonaurbano": "URBANA", "parroquia": "LOS ESTEROS", "esta_bloqu": "NO", "es_tercera": "NO", "tiene_elec": "SI", "tiene_agua": "SI", "tiene_alca": "NO", "observacio": "INGRESO DE LOTE CON LA ESCRIT.DE PROTOC.RESOL.08-ALC.M.JOZC 6/04/16 A.Q.SELLO PROTOC.DE REDIS.21/06/16 A.Q.    - Cambio de Clasificación: Memorando MTA-DFIN-MEM-160920211226, trámite TE090920211550 en base a Art. 509 del COOTAD.", "observac_1": "- Bloqueo Sin CEM 2010. Memorando 066-DACR-JCM-GADM-17, 0245-CVDM-DF-(E)-2017 se procede a desbloqueo a solicitud de Luis Lopez para legalizacion abril 14 de 2022 mar", "barrio": "MIRAMAR", "parroquia_": 4, "barrio_id": 1025, "proceso": 1, "fecha_regi": null, "activo_cat": "SI", "desactivad": 0, "avaluo_rem": 0.0, "avaluo_r_1": 0.0, "clasificac": "PROPIEDADES MUNICIPALES", "anio_deuda": 0, "deuda": 0.0, "valor_ip": 0.0, "coactiva": null, "ficharegis": 0, "etam": 0.0912870929, "diferencia": -2.7493e-06, "porc_difer": -2.29e-08, "admisible": 1, "deuda_anio": 0.0, "2019_csv_c": null, "clavecat_1": null, "2021__csv_": null, "2021__csv1": null, "Clavepre": "2-06-07-21-000", "RESOLUCION": "443-17-03-2022", "ORIG_FID": 18 }, "geometry": { "type": "Point", "coordinates": [ -80.697061509745367, -0.949982710377017 ] } },
{ "type": "Feature", "properties": { "id": 38535, "lote_id": 89080, "clavecatas": "2-06-07-22-000", "zona": "2", "sector": "06", "manzana": "07", "lote": "22", "ph": "000", "propietari": "GOBIERNO AUTONOMO DESCENTRALIZADO MUNICIPAL DEL CANTON MANTA .", "documentop": "1360000980001", "direccion": "BARRIO MIRAMAR MZ D LOTE 02", "area_m2": 120.0, "frente_uti": 8.0, "frente_tot": 8.0, "avaluo_con": 0.0, "avaluo_sue": 15000.0, "zonaurbano": "URBANA", "parroquia": "LOS ESTEROS", "esta_bloqu": "NO", "es_tercera": "NO", "tiene_elec": "SI", "tiene_agua": "SI", "tiene_alca": "NO", "observacio": "INGRESO DE LOTE CON LA ESCRIT.DE PROTOC.RESOL.08-ALC.M.JOZC 6/04/16 A.Q.SELLO PROTOC.DE REDIS.21/06/16 A.Q.    - Cambio de Clasificación: Memorando MTA-DFIN-MEM-160920211226, trámite TE090920211550 en base a Art. 509 del COOTAD.", "observac_1": "- Bloqueo Sin CEM 2010. Memorando 066-DACR-JCM-GADM-17, 0245-CVDM-DF-(E)-2017", "barrio": "MIRAMAR", "parroquia_": 4, "barrio_id": 1025, "proceso": 1, "fecha_regi": null, "activo_cat": "SI", "desactivad": 0, "avaluo_rem": 0.0, "avaluo_r_1": 0.0, "clasificac": "PROPIEDADES MUNICIPALES", "anio_deuda": 0, "deuda": 0.0, "valor_ip": 0.0, "coactiva": null, "ficharegis": 0, "etam": 0.0912870929, "diferencia": -0.1625103179, "porc_difer": -0.0013542526, "admisible": 1, "deuda_anio": 0.0, "2019_csv_c": null, "clavecat_1": null, "2021__csv_": null, "2021__csv1": null, "Clavepre": "2-06-07-22-000", "RESOLUCION": "443-17-03-2022", "ORIG_FID": 19 }, "geometry": { "type": "Point", "coordinates": [ -80.697261346027659, -0.949900918060429 ] } },
{ "type": "Feature", "properties": { "id": 38976, "lote_id": 27129, "clavecatas": "2-06-18-12-000", "zona": "2", "sector": "06", "manzana": "18", "lote": "12", "ph": "000", "propietari": "GOBIERNO AUTONOMO DESCENTRALIZADO  MUNICIPAL MANTA .", "documentop": "1360000980001", "direccion": "AVE.103 LT.10 LA FLORITA", "area_m2": 105.0, "frente_uti": 10.0, "frente_tot": 0.0, "avaluo_con": 0.0, "avaluo_sue": 13125.0, "zonaurbano": "URBANA", "parroquia": "LOS ESTEROS", "esta_bloqu": "NO", "es_tercera": "NO", "tiene_elec": "NO", "tiene_agua": "NO", "tiene_alca": "NO", "observacio": "declarado de util.publ.afect. via puerto aeropuerto resol. # 2110 de abril 4 del 2003 mar, varia area y aval. por nuevo rediseño de loteo  inf. AMparo Q. marzo 15/07 mr -Sello Prot. de dctos.Amparo Q.03/15/07 Y.C.S.-", "observac_1": null, "barrio": "BARRIO LA FLORITA  X", "parroquia_": 4, "barrio_id": 247, "proceso": 1, "fecha_regi": null, "activo_cat": "SI", "desactivad": 0, "avaluo_rem": 0.0, "avaluo_r_1": 0.0, "clasificac": "PROPIEDADES MUNICIPALES", "anio_deuda": 0, "deuda": 0.0, "valor_ip": 0.0, "coactiva": null, "ficharegis": 0, "etam": 0.0975900073, "diferencia": 2.5340017323000001, "porc_difer": 0.0241333498, "admisible": 1, "deuda_anio": 0.0, "2019_csv_c": null, "clavecat_1": null, "2021__csv_": null, "2021__csv1": null, "Clavepre": "2-06-18-12-000", "RESOLUCION": "443-17-03-2022", "ORIG_FID": 20 }, "geometry": { "type": "Point", "coordinates": [ -80.694866014484276, -0.951440170347834 ] } },
{ "type": "Feature", "properties": { "id": 38990, "lote_id": 27143, "clavecatas": "2-06-19-11-000", "zona": "2", "sector": "06", "manzana": "19", "lote": "11", "ph": "000", "propietari": "G.A.D.MCPAL.DEL CANTON MANTA .", "documentop": "1360000980001", "direccion": "LA FLORITA LOTE B", "area_m2": 100.0, "frente_uti": 10.0, "frente_tot": 0.0, "avaluo_con": 0.0, "avaluo_sue": 12500.0, "zonaurbano": "URBANA", "parroquia": "LOS ESTEROS", "esta_bloqu": "NO", "es_tercera": "NO", "tiene_elec": "SI", "tiene_agua": "SI", "tiene_alca": "NO", "observacio": "ING. NUEVO INF. AMPARO QUIROZ, 06/12/06 MR SELLO PROTOCOLIZA CIÓN PLANO Y DOCUMENTO X PATRICIO 11/09/ 08 LLCH.SE MODIF.NOMBRE X DEPURAC.11/06/12 A.Q.", "observac_1": null, "barrio": "OTRAS AREAS", "parroquia_": 4, "barrio_id": 0, "proceso": 1, "fecha_regi": null, "activo_cat": "SI", "desactivad": 0, "avaluo_rem": 0.0, "avaluo_r_1": 0.0, "clasificac": "DEPURACION CATASTRO", "anio_deuda": 2026, "deuda": 14.68, "valor_ip": 0.0, "coactiva": null, "ficharegis": 73749, "etam": 0.1, "diferencia": 7.9180113092999997, "porc_difer": 0.0791801131, "admisible": 1, "deuda_anio": 0.0, "2019_csv_c": null, "clavecat_1": null, "2021__csv_": null, "2021__csv1": null, "Clavepre": "2-06-19-11-000", "RESOLUCION": "443-17-03-2022", "ORIG_FID": 21 }, "geometry": { "type": "Point", "coordinates": [ -80.694090894807175, -0.951761446762157 ] } },
{ "type": "Feature", "properties": { "id": 38998, "lote_id": 27151, "clavecatas": "2-06-19-19-000", "zona": "2", "sector": "06", "manzana": "19", "lote": "19", "ph": "000", "propietari": "GARCIA CEVALLOS ANGELA PATRICIA", "documentop": "1305523340", "direccion": "LA FLORITA LOTE F", "area_m2": 72.96, "frente_uti": 7.0, "frente_tot": 0.0, "avaluo_con": 11505.6, "avaluo_sue": 9120.0, "zonaurbano": "URBANA", "parroquia": "LOS ESTEROS", "esta_bloqu": "NO", "es_tercera": "NO", "tiene_elec": "SI", "tiene_agua": "SI", "tiene_alca": "NO", "observacio": "ING. NUEVO INF. AMPARO QUIROZ, 06/12/06 MR SELLO PROTOCOLIZA CIÓN PLANO Y DOCUMENTO X PATRICIO 11/09/ 08 LLCH.SE MODIF.NOMBRE X DEPURAC.11/06/12 A.Q.SE CAMBIA DE NOMBRE A FAVOR DEL MUNICIPIO PARA LEGALIZAR A FAVOR DEL SR. PIGUAVE MANUEL 3/01/18 A.Q.-SE", "observac_1": null, "barrio": "LA FLORITA", "parroquia_": 4, "barrio_id": 1125, "proceso": 1, "fecha_regi": null, "activo_cat": "SI", "desactivad": 0, "avaluo_rem": 0.0, "avaluo_r_1": 0.0, "clasificac": "GENERAL", "anio_deuda": 0, "deuda": 0.0, "valor_ip": 0.0, "coactiva": null, "ficharegis": 73751, "etam": 0.1, "diferencia": -5.6870980808000002, "porc_difer": -0.0779481645, "admisible": 1, "deuda_anio": 0.0, "2019_csv_c": null, "clavecat_1": null, "2021__csv_": null, "2021__csv1": null, "Clavepre": "2-06-19-19-000", "RESOLUCION": "443-17-03-2022", "ORIG_FID": 22 }, "geometry": { "type": "Point", "coordinates": [ -80.694116080488598, -0.95158779364335 ] } },
{ "type": "Feature", "properties": { "id": 39002, "lote_id": 27155, "clavecatas": "2-06-19-23-000", "zona": "2", "sector": "06", "manzana": "19", "lote": "23", "ph": "000", "propietari": "GOBIERNO AUTONOMO DESCENTRALIZADO MUNICIPAL DEL CANTON MANTA .", "documentop": "1360000980001", "direccion": "BARRIO LA FLORITA LOTE J MZ-2", "area_m2": 121.52, "frente_uti": 14.3, "frente_tot": 14.3, "avaluo_con": 20868.68, "avaluo_sue": 13671.0, "zonaurbano": "URBANA", "parroquia": "LOS ESTEROS", "esta_bloqu": "NO", "es_tercera": "NO", "tiene_elec": "SI", "tiene_agua": "SI", "tiene_alca": "NO", "observacio": "ING. NUEVO INF. AMPARO QUIROZ, JUNIO 12/06 MR PROTOCOLIZACIÓN PLANO Y DOCUMENTO X PATRICIO 11/09/08 LLCH.", "observac_1": null, "barrio": "LA FLORITA / LA SIRENA", "parroquia_": 4, "barrio_id": 306, "proceso": 1, "fecha_regi": null, "activo_cat": "SI", "desactivad": 0, "avaluo_rem": 0.0, "avaluo_r_1": 0.0, "clasificac": "GENERAL", "anio_deuda": 2026, "deuda": 55.14, "valor_ip": 0.0, "coactiva": null, "ficharegis": 73754, "etam": 0.0907143764, "diferencia": -38.039715684199997, "porc_difer": -0.3130325517, "admisible": 0, "deuda_anio": 0.0, "2019_csv_c": null, "clavecat_1": null, "2021__csv_": null, "2021__csv1": null, "Clavepre": "2-06-19-23-000", "RESOLUCION": "443-17-03-2022", "ORIG_FID": 23 }, "geometry": { "type": "Point", "coordinates": [ -80.694334561197181, -0.951392425798837 ] } },
{ "type": "Feature", "properties": { "id": 39711, "lote_id": 27793, "clavecatas": "2-06-62-05-000", "zona": "2", "sector": "06", "manzana": "62", "lote": "05", "ph": "000", "propietari": "GOBIERNO AUTONOMO DESCENTRALIZADO  MUNICIPAL MANTA .", "documentop": "1360000980001", "direccion": "LA FLORITA LT. 05", "area_m2": 119.07, "frente_uti": 42.13, "frente_tot": 0.0, "avaluo_con": 0.0, "avaluo_sue": 14883.75, "zonaurbano": "URBANA", "parroquia": "LOS ESTEROS", "esta_bloqu": "NO", "es_tercera": "NO", "tiene_elec": "SI", "tiene_agua": "SI", "tiene_alca": "NO", "observacio": "ING. CON NUEVO DISEÑO DE LA FLORITA AFECTADO POR LA VIA PUERTO AEROPUIERTO INF. AMPARO Q. MARZO 15/07 MR -SELLO PROT. DE DCTOS.AMPARO Q.03/15/07 Y.C.S.-", "observac_1": null, "barrio": "LA FLORITA / LA SIRENA", "parroquia_": 4, "barrio_id": 306, "proceso": 1, "fecha_regi": null, "activo_cat": "SI", "desactivad": 0, "avaluo_rem": 0.0, "avaluo_r_1": 0.0, "clasificac": "PROPIEDADES MUNICIPALES", "anio_deuda": 0, "deuda": 0.0, "valor_ip": 0.0, "coactiva": null, "ficharegis": 0, "etam": 0.0916428999, "diferencia": -6.0190845213, "porc_difer": -0.0505508064, "admisible": 1, "deuda_anio": 0.0, "2019_csv_c": null, "clavecat_1": null, "2021__csv_": null, "2021__csv1": null, "Clavepre": "2-06-62-05-000", "RESOLUCION": "443-17-03-2022", "ORIG_FID": 24 }, "geometry": { "type": "Point", "coordinates": [ -80.694808331500809, -0.95102701803183 ] } },
{ "type": "Feature", "properties": { "id": 44185, "lote_id": 97348, "clavecatas": "2-11-36-28-000", "zona": "2", "sector": "11", "manzana": "36", "lote": "28", "ph": "000", "propietari": "MERO SALTOS  ROSA DEL CARMEN", "documentop": "1304878141", "direccion": "EL PALMAR CALLE SEGUNDA", "area_m2": 193.3, "frente_uti": 11.4, "frente_tot": 31.4, "avaluo_con": 3456.0, "avaluo_sue": 18449.52, "zonaurbano": "URBANA", "parroquia": "LOS ESTEROS", "esta_bloqu": "NO", "es_tercera": "NO", "tiene_elec": "SI", "tiene_agua": "SI", "tiene_alca": "SI", "observacio": "SE CREA EN ATENCIÓN AL MEMORANDO N°M-DGJ-OPFP-2019-0231, ENVIADO DE LA DIRECCIÓN DE GESTIÓN JURÍDICA, REFERENTE A LA LEGALIZACIÓN DE LOS PREDIOS DE LAS FAMILIAS QUE FUERON AFECTADAS POR EL INCENDIO EN EL BARRIO EL PALMAR, DONDE SE ADJUNTA INFORME E", "observac_1": null, "barrio": "EL PALMAR", "parroquia_": 4, "barrio_id": 311, "proceso": 0, "fecha_regi": null, "activo_cat": "SI", "desactivad": 0, "avaluo_rem": 0.0, "avaluo_r_1": 0.0, "clasificac": "GENERAL", "anio_deuda": 0, "deuda": 0.0, "valor_ip": 0.0, "coactiva": null, "ficharegis": 81879, "etam": 0.071925696, "diferencia": -11.7752619421, "porc_difer": -0.0609170302, "admisible": 1, "deuda_anio": 0.0, "2019_csv_c": null, "clavecat_1": null, "2021__csv_": null, "2021__csv1": null, "Clavepre": "2-11-36-28-000", "RESOLUCION": "443-17-03-2022", "ORIG_FID": 25 }, "geometry": { "type": "Point", "coordinates": [ -80.690655705016169, -0.96483734007189 ] } },
{ "type": "Feature", "properties": { "id": 54420, "lote_id": 39417, "clavecatas": "2-18-43-16-000", "zona": "2", "sector": "18", "manzana": "43", "lote": "16", "ph": "000", "propietari": "GOBIERNO AUTONOMO DESCENTRALIZADO  MUNICIPAL MANTA .", "documentop": "1360000980001", "direccion": "LOT. VILLAMARINA MZ-11 L#01", "area_m2": 185.98, "frente_uti": 9.3, "frente_tot": 9.3, "avaluo_con": 0.0, "avaluo_sue": 19527.9, "zonaurbano": "URBANA", "parroquia": "LOS ESTEROS", "esta_bloqu": "NO", "es_tercera": "NO", "tiene_elec": "SI", "tiene_agua": "SI", "tiene_alca": "NO", "observacio": "* AUTORIZADO. SE CREA EL PRESENTE CÓDIGO CATASTRAL MEDIANTE RESOLUCIÓN LEGISLATIVA N°. 448-24-03-2022, QUE DISPONE “AUTORIZAR LA TRANSFERENCIA DE DOMINIO DE 59 LOTES, Y DECLARAR, INCORPORAR AL PATRIMONIO MUNICIPAL, 122 LOTES DE TERRENO CONTENIDOS EN", "observac_1": null, "barrio": "VILLAMARINA", "parroquia_": 4, "barrio_id": 232, "proceso": 1, "fecha_regi": null, "activo_cat": "SI", "desactivad": 0, "avaluo_rem": 0.0, "avaluo_r_1": 0.0, "clasificac": "GENERAL", "anio_deuda": 2026, "deuda": 35.73, "valor_ip": 0.0, "coactiva": null, "ficharegis": 0, "etam": 0.0733275, "diferencia": -0.0045782499, "porc_difer": -2.46169e-05, "admisible": 1, "deuda_anio": 0.0, "2019_csv_c": null, "clavecat_1": null, "2021__csv_": null, "2021__csv1": null, "Clavepre": "2-18-43-16-000", "RESOLUCION": "447-24-03-2022", "ORIG_FID": 26 }, "geometry": { "type": "Point", "coordinates": [ -80.672786387236442, -0.962872598368099 ] } },
{ "type": "Feature", "properties": { "id": 54430, "lote_id": 39426, "clavecatas": "2-18-44-10-000", "zona": "2", "sector": "18", "manzana": "44", "lote": "10", "ph": "000", "propietari": "MACIAS MACIAS PAMELA ESTEFANIA", "documentop": "1313461970", "direccion": "VILLAMARINA MZ 12 LOTE 02", "area_m2": 180.7, "frente_uti": 10.5, "frente_tot": 10.5, "avaluo_con": 17448.34, "avaluo_sue": 18973.5, "zonaurbano": "URBANA", "parroquia": "LOS ESTEROS", "esta_bloqu": "NO", "es_tercera": "NO", "tiene_elec": "SI", "tiene_agua": "SI", "tiene_alca": "NO", "observacio": "-SE ACTUALIZA INFORMACION CON ESCRITURA DE ADJ.CON PROH.DE ENAJ.INSCRITA EN EL REG.DE LA PROPIEDAD 05/05/2023 Y.C.S.-", "observac_1": null, "barrio": "VILLAMARINA", "parroquia_": 4, "barrio_id": 232, "proceso": 1, "fecha_regi": null, "activo_cat": "SI", "desactivad": 0, "avaluo_rem": 0.0, "avaluo_r_1": 0.0, "clasificac": "GENERAL", "anio_deuda": 0, "deuda": 0.0, "valor_ip": 0.0, "coactiva": null, "ficharegis": 83147, "etam": 0.0743910903, "diferencia": -7.153300592, "porc_difer": -0.0395866109, "admisible": 1, "deuda_anio": 0.0, "2019_csv_c": null, "clavecat_1": null, "2021__csv_": null, "2021__csv1": null, "Clavepre": "2-18-44-10-000", "RESOLUCION": "448-24-03-2022", "ORIG_FID": 27 }, "geometry": { "type": "Point", "coordinates": [ -80.672137808011485, -0.962569957419577 ] } },
{ "type": "Feature", "properties": { "id": 54431, "lote_id": 39427, "clavecatas": "2-18-44-11-000", "zona": "2", "sector": "18", "manzana": "44", "lote": "11", "ph": "000", "propietari": "GOBIERNO AUTONOMO DESCENTRALIZADO  MUNICIPAL MANTA .", "documentop": "1360000980001", "direccion": "VILLAMARINA MZ 12 LOTE 03", "area_m2": 194.8, "frente_uti": 10.9, "frente_tot": 10.9, "avaluo_con": 0.0, "avaluo_sue": 20454.0, "zonaurbano": "URBANA", "parroquia": "LOS ESTEROS", "esta_bloqu": "NO", "es_tercera": "NO", "tiene_elec": "SI", "tiene_agua": "SI", "tiene_alca": "NO", "observacio": null, "observac_1": null, "barrio": "VILLAMARINA", "parroquia_": 4, "barrio_id": 232, "proceso": 1, "fecha_regi": null, "activo_cat": "SI", "desactivad": 0, "avaluo_rem": 0.0, "avaluo_r_1": 0.0, "clasificac": "POR LEGALIZAR", "anio_deuda": 0, "deuda": 0.0, "valor_ip": 0.0, "coactiva": null, "ficharegis": 0, "etam": 0.0716482395, "diferencia": -0.1283519636, "porc_difer": -0.000658891, "admisible": 1, "deuda_anio": 0.0, "2019_csv_c": null, "clavecat_1": null, "2021__csv_": null, "2021__csv1": null, "Clavepre": "2-18-44-11-000", "RESOLUCION": "447-24-03-2022", "ORIG_FID": 28 }, "geometry": { "type": "Point", "coordinates": [ -80.672050029778333, -0.962609455849431 ] } },
{ "type": "Feature", "properties": { "id": 54453, "lote_id": 39446, "clavecatas": "2-18-45-18-000", "zona": "2", "sector": "18", "manzana": "45", "lote": "18", "ph": "000", "propietari": "GOBIERNO AUTONOMO DESCENTRALIZADO  MUNICIPAL MANTA .", "documentop": "1360000980001", "direccion": "VILLAMARINA MZ 13 LOTE 03", "area_m2": 252.6, "frente_uti": 11.8, "frente_tot": 11.8, "avaluo_con": 0.0, "avaluo_sue": 26523.0, "zonaurbano": "URBANA", "parroquia": "LOS ESTEROS", "esta_bloqu": "NO", "es_tercera": "NO", "tiene_elec": "SI", "tiene_agua": "SI", "tiene_alca": "NO", "observacio": null, "observac_1": null, "barrio": "VILLAMARINA", "parroquia_": 4, "barrio_id": 232, "proceso": 0, "fecha_regi": null, "activo_cat": "SI", "desactivad": 0, "avaluo_rem": 0.0, "avaluo_r_1": 0.0, "clasificac": "POR LEGALIZAR", "anio_deuda": 0, "deuda": 0.0, "valor_ip": 0.0, "coactiva": null, "ficharegis": 0, "etam": 0.1258384391, "diferencia": 0.0043002408, "porc_difer": 1.70239e-05, "admisible": 1, "deuda_anio": 0.0, "2019_csv_c": null, "clavecat_1": null, "2021__csv_": null, "2021__csv1": null, "Clavepre": "2-18-45-18-000", "RESOLUCION": "447-24-03-2022", "ORIG_FID": 29 }, "geometry": { "type": "Point", "coordinates": [ -80.672015406596628, -0.963349059624113 ] } },
{ "type": "Feature", "properties": { "id": 54466, "lote_id": 39459, "clavecatas": "2-18-46-13-000", "zona": "2", "sector": "18", "manzana": "46", "lote": "13", "ph": "000", "propietari": "GOBIERNO AUTONOMO DESCENTRALIZADO  MUNICIPAL MANTA .", "documentop": "1360000980001", "direccion": "VILLAMARINA MZ 14 LOTE 01", "area_m2": 201.55, "frente_uti": 9.0, "frente_tot": 9.0, "avaluo_con": 0.0, "avaluo_sue": 21162.75, "zonaurbano": "URBANA", "parroquia": "LOS ESTEROS", "esta_bloqu": "NO", "es_tercera": "NO", "tiene_elec": "SI", "tiene_agua": "SI", "tiene_alca": "NO", "observacio": "* AUTORIZADO :SE CREA EL PRESENTE CÓDIGO CATASTRAL MEDIANTE RESOLUCIÓN LEGISLATIVA N°. 448-24-03-2022, QUE DISPONE “AUTORIZAR LA TRANSFERENCIA DE DOMINIO DE 59 LOTES, Y DECLARAR, INCORPORAR AL PATRIMONIO MUNICIPAL, 122 LOTES DE TERRENO CONTENIDOS EN", "observac_1": null, "barrio": "VILLAMARINA", "parroquia_": 4, "barrio_id": 232, "proceso": 0, "fecha_regi": null, "activo_cat": "SI", "desactivad": 0, "avaluo_rem": 0.0, "avaluo_r_1": 0.0, "clasificac": "POR LEGALIZAR", "anio_deuda": 0, "deuda": 0.0, "valor_ip": 0.0, "coactiva": null, "ficharegis": 0, "etam": 0.1408765133, "diferencia": -0.0068041223, "porc_difer": -3.3759e-05, "admisible": 1, "deuda_anio": 0.0, "2019_csv_c": null, "clavecat_1": null, "2021__csv_": null, "2021__csv1": null, "Clavepre": "2-18-46-13-000", "RESOLUCION": "447-24-03-2022", "ORIG_FID": 30 }, "geometry": { "type": "Point", "coordinates": [ -80.671397455636026, -0.963164559831883 ] } },
{ "type": "Feature", "properties": { "id": 54473, "lote_id": 39466, "clavecatas": "2-18-47-05-000", "zona": "2", "sector": "18", "manzana": "47", "lote": "05", "ph": "000", "propietari": "GOBIERNO AUTONOMO DESCENTRALIZADO  MUNICIPAL MANTA .", "documentop": "1360000980001", "direccion": "VILLAMARINA MZ 15 LOTE 06", "area_m2": 198.13, "frente_uti": 9.0, "frente_tot": 0.0, "avaluo_con": 0.0, "avaluo_sue": 20803.65, "zonaurbano": "URBANA", "parroquia": "LOS ESTEROS", "esta_bloqu": "NO", "es_tercera": "NO", "tiene_elec": "SI", "tiene_agua": "SI", "tiene_alca": "NO", "observacio": null, "observac_1": null, "barrio": "VILLAMARINA", "parroquia_": 4, "barrio_id": 232, "proceso": 0, "fecha_regi": null, "activo_cat": "SI", "desactivad": 0, "avaluo_rem": 0.0, "avaluo_r_1": 0.0, "clasificac": "POR LEGALIZAR", "anio_deuda": 0, "deuda": 0.0, "valor_ip": 0.0, "coactiva": null, "ficharegis": 0, "etam": 0.0710435869, "diferencia": -0.0044487575, "porc_difer": -2.24537e-05, "admisible": 1, "deuda_anio": 0.0, "2019_csv_c": null, "clavecat_1": null, "2021__csv_": null, "2021__csv1": null, "Clavepre": "2-18-47-05-000", "RESOLUCION": "447-24-03-2022", "ORIG_FID": 31 }, "geometry": { "type": "Point", "coordinates": [ -80.671207678726503, -0.963336281259647 ] } },
{ "type": "Feature", "properties": { "id": 54476, "lote_id": 39469, "clavecatas": "2-18-47-08-000", "zona": "2", "sector": "18", "manzana": "47", "lote": "08", "ph": "000", "propietari": "GOBIERNO AUTONOMO DESCENTRALIZADO  MUNICIPAL MANTA .", "documentop": "1360000980001", "direccion": "VILLAMARINA MZ 15 LOTE 01", "area_m2": 197.98, "frente_uti": 9.0, "frente_tot": 9.0, "avaluo_con": 0.0, "avaluo_sue": 20787.9, "zonaurbano": "URBANA", "parroquia": "LOS ESTEROS", "esta_bloqu": "NO", "es_tercera": "NO", "tiene_elec": "SI", "tiene_agua": "SI", "tiene_alca": "NO", "observacio": "* AUTORIZADO :SE CREA EL PRESENTE CÓDIGO CATASTRAL MEDIANTE RESOLUCIÓN LEGISLATIVA N°. 448-24-03-2022, QUE DISPONE “AUTORIZAR LA TRANSFERENCIA DE DOMINIO DE 59 LOTES, Y DECLARAR, INCORPORAR AL PATRIMONIO MUNICIPAL, 122 LOTES DE TERRENO CONTENIDOS EN", "observac_1": null, "barrio": "VILLAMARINA", "parroquia_": 4, "barrio_id": 232, "proceso": 0, "fecha_regi": null, "activo_cat": "SI", "desactivad": 0, "avaluo_rem": 0.0, "avaluo_r_1": 0.0, "clasificac": "POR LEGALIZAR", "anio_deuda": 0, "deuda": 0.0, "valor_ip": 0.0, "coactiva": null, "ficharegis": 0, "etam": 0.071070495, "diferencia": 0.0024135088, "porc_difer": 1.21907e-05, "admisible": 1, "deuda_anio": 0.0, "2019_csv_c": null, "clavecat_1": null, "2021__csv_": null, "2021__csv1": null, "Clavepre": "2-18-47-08-000", "RESOLUCION": "447-24-03-2022", "ORIG_FID": 32 }, "geometry": { "type": "Point", "coordinates": [ -80.671078917601946, -0.963118619997386 ] } },
{ "type": "Feature", "properties": { "id": 54483, "lote_id": 39476, "clavecatas": "2-18-47-15-000", "zona": "2", "sector": "18", "manzana": "47", "lote": "15", "ph": "000", "propietari": "CANTOS MERA  SONIA ANGELA", "documentop": "1307540870", "direccion": "VILLAMARINA MZ 15 LOTE 05", "area_m2": 193.42, "frente_uti": 9.8, "frente_tot": 9.8, "avaluo_con": 14199.68, "avaluo_sue": 16450.37, "zonaurbano": "URBANA", "parroquia": "LOS ESTEROS", "esta_bloqu": "NO", "es_tercera": "NO", "tiene_elec": "SI", "tiene_agua": "SI", "tiene_alca": "NO", "observacio": "SE ACTUALIZA INF CON ESCRITURA DE CVTA INSCRITA EN EL REG. DE LA PROPIEDAD.28/12/2022.AZP", "observac_1": null, "barrio": "VILLAMARINA", "parroquia_": 4, "barrio_id": 232, "proceso": 0, "fecha_regi": null, "activo_cat": "SI", "desactivad": 0, "avaluo_rem": 0.0, "avaluo_r_1": 0.0, "clasificac": "GENERAL", "anio_deuda": 0, "deuda": 0.0, "valor_ip": 0.0, "coactiva": null, "ficharegis": 80213, "etam": 0.0719033808, "diferencia": -0.0096068379, "porc_difer": -4.96683e-05, "admisible": 1, "deuda_anio": 0.0, "2019_csv_c": null, "clavecat_1": null, "2021__csv_": null, "2021__csv1": null, "Clavepre": "2-18-47-15-000", "RESOLUCION": "448-24-03-2022", "ORIG_FID": 33 }, "geometry": { "type": "Point", "coordinates": [ -80.671085163048772, -0.963478728713972 ] } },
{ "type": "Feature", "properties": { "id": 54540, "lote_id": 39517, "clavecatas": "2-18-52-01-000", "zona": "2", "sector": "18", "manzana": "52", "lote": "01", "ph": "000", "propietari": "GOBIERNO AUTONOMO DESCENTRALIZADO  MUNICIPAL MANTA .", "documentop": "1360000980001", "direccion": "VILLAMARINA MZ 16 LOTE 02", "area_m2": 162.81, "frente_uti": 10.0, "frente_tot": 10.0, "avaluo_con": 0.0, "avaluo_sue": 17095.05, "zonaurbano": "URBANA", "parroquia": "LOS ESTEROS", "esta_bloqu": "NO", "es_tercera": "NO", "tiene_elec": "SI", "tiene_agua": "SI", "tiene_alca": "NO", "observacio": "* AUTORIZADO :SE CREA EL PRESENTE CÓDIGO CATASTRAL MEDIANTE RESOLUCIÓN LEGISLATIVA N°. 448-24-03-2022, QUE DISPONE “AUTORIZAR LA TRANSFERENCIA DE DOMINIO DE 59 LOTES, Y DECLARAR, INCORPORAR AL PATRIMONIO MUNICIPAL, 122 LOTES DE TERRENO CONTENIDOS EN", "observac_1": null, "barrio": "VILLAMARINA", "parroquia_": 4, "barrio_id": 232, "proceso": 0, "fecha_regi": null, "activo_cat": "SI", "desactivad": 0, "avaluo_rem": 0.0, "avaluo_r_1": 0.0, "clasificac": "POR LEGALIZAR", "anio_deuda": 0, "deuda": 0.0, "valor_ip": 0.0, "coactiva": null, "ficharegis": 0, "etam": 0.0783717351, "diferencia": 0.0009766408, "porc_difer": 5.9987e-06, "admisible": 1, "deuda_anio": 0.0, "2019_csv_c": null, "clavecat_1": null, "2021__csv_": null, "2021__csv1": null, "Clavepre": "2-18-52-01-000", "RESOLUCION": "447-24-03-2022", "ORIG_FID": 34 }, "geometry": { "type": "Point", "coordinates": [ -80.670522102641712, -0.963974444242683 ] } },
{ "type": "Feature", "properties": { "id": 54551, "lote_id": 39528, "clavecatas": "2-18-52-14-000", "zona": "2", "sector": "18", "manzana": "52", "lote": "14", "ph": "000", "propietari": "CHOEZ CASTRO  AUSBERTO BIENVENIDO", "documentop": "1308200672", "direccion": "VILLAMARINA MZ 16 LOTE 01", "area_m2": 199.85, "frente_uti": 28.5, "frente_tot": 28.5, "avaluo_con": 10152.0, "avaluo_sue": 20984.25, "zonaurbano": "URBANA", "parroquia": "LOS ESTEROS", "esta_bloqu": "NO", "es_tercera": "NO", "tiene_elec": "SI", "tiene_agua": "SI", "tiene_alca": "NO", "observacio": "* AUTORIZADO :SE CREA EL PRESENTE CÓDIGO CATASTRAL MEDIANTE RESOLUCIÓN LEGISLATIVA N°. 448-24-03-2022, QUE DISPONE “AUTORIZAR LA TRANSFERENCIA DE DOMINIO DE 59 LOTES, Y DECLARAR, INCORPORAR AL PATRIMONIO MUNICIPAL, 122 LOTES DE TERRENO CONTENIDOS EN", "observac_1": null, "barrio": "VILLAMARINA", "parroquia_": 4, "barrio_id": 232, "proceso": 0, "fecha_regi": null, "activo_cat": "SI", "desactivad": 0, "avaluo_rem": 0.0, "avaluo_r_1": 0.0, "clasificac": "GENERAL", "anio_deuda": 0, "deuda": 0.0, "valor_ip": 0.0, "coactiva": null, "ficharegis": 82009, "etam": 0.0, "diferencia": 0.0020911272, "porc_difer": 1.04635e-05, "admisible": 0, "deuda_anio": 0.0, "2019_csv_c": null, "clavecat_1": null, "2021__csv_": null, "2021__csv1": null, "Clavepre": "2-18-52-14-000", "RESOLUCION": "448-24-03-2022", "ORIG_FID": 35 }, "geometry": { "type": "Point", "coordinates": [ -80.670235842060308, -0.963815645410255 ] } },
{ "type": "Feature", "properties": { "id": 54560, "lote_id": 39535, "clavecatas": "2-18-53-04-000", "zona": "2", "sector": "18", "manzana": "53", "lote": "04", "ph": "000", "propietari": "GOBIERNO AUTONOMO DESCENTRALIZADO  MUNICIPAL MANTA .", "documentop": "1360000980001", "direccion": "VILLAMARINA MZ 17 LOTE 02", "area_m2": 151.85, "frente_uti": 10.0, "frente_tot": 0.0, "avaluo_con": 0.0, "avaluo_sue": 15944.25, "zonaurbano": "URBANA", "parroquia": "LOS ESTEROS", "esta_bloqu": "NO", "es_tercera": "NO", "tiene_elec": "SI", "tiene_agua": "SI", "tiene_alca": "NO", "observacio": "CERTIFICADO #2894", "observac_1": null, "barrio": "VILLAMARINA", "parroquia_": 4, "barrio_id": 232, "proceso": 0, "fecha_regi": null, "activo_cat": "SI", "desactivad": 0, "avaluo_rem": 0.0, "avaluo_r_1": 0.0, "clasificac": "POR LEGALIZAR", "anio_deuda": 0, "deuda": 0.0, "valor_ip": 0.0, "coactiva": null, "ficharegis": 0, "etam": 0.0811507619, "diferencia": 0.0046749966, "porc_difer": 3.07869e-05, "admisible": 1, "deuda_anio": 0.0, "2019_csv_c": null, "clavecat_1": null, "2021__csv_": null, "2021__csv1": null, "Clavepre": "2-18-53-04-000", "RESOLUCION": "447-24-03-2022", "ORIG_FID": 36 }, "geometry": { "type": "Point", "coordinates": [ -80.66991907033794, -0.963775432339598 ] } },
{ "type": "Feature", "properties": { "id": 54745, "lote_id": 39700, "clavecatas": "2-18-66-10-000", "zona": "2", "sector": "18", "manzana": "66", "lote": "10", "ph": "000", "propietari": "GOBIERNO AUTONOMO DESCENTRALIZADO MCPAL.DEL CANTON MANTA .", "documentop": "1360000980001", "direccion": "VILLAMARINA MZ W3 L# 10", "area_m2": 194.98, "frente_uti": 10.0, "frente_tot": 0.0, "avaluo_con": 0.0, "avaluo_sue": 12673.7, "zonaurbano": "URBANA", "parroquia": "LOS ESTEROS", "esta_bloqu": "NO", "es_tercera": "NO", "tiene_elec": "SI", "tiene_agua": "SI", "tiene_alca": "NO", "observacio": "SE PROCEDE A ACTUALIZAR POR PROCESO DE LEGALIZACION\r\nSE ACTUALIZA INFORMACIÓN CON ESCRITURA DE TRANSFERENCIA DE DOMINIO POR EXPROPIACIÓN INSCRITA EN EL REGISTRO DE LA PROPIEDAD 21 DE ABRIL DEL 2023 YUBER ORTEGA", "observac_1": null, "barrio": "VILLAMARINA", "parroquia_": 4, "barrio_id": 232, "proceso": 0, "fecha_regi": null, "activo_cat": "SI", "desactivad": 0, "avaluo_rem": 0.0, "avaluo_r_1": 0.0, "clasificac": "GENERAL", "anio_deuda": 2026, "deuda": 28.55, "valor_ip": 0.0, "coactiva": null, "ficharegis": 82820, "etam": 0.0716151601, "diferencia": -0.000212303, "porc_difer": -1.0888e-06, "admisible": 1, "deuda_anio": 0.0, "2019_csv_c": null, "clavecat_1": null, "2021__csv_": null, "2021__csv1": null, "Clavepre": "2-18-66-10-000", "RESOLUCION": "430-17-02-2022", "ORIG_FID": 37 }, "geometry": { "type": "Point", "coordinates": [ -80.669507382596109, -0.961244135426692 ] } },
{ "type": "Feature", "properties": { "id": 54752, "lote_id": 100201, "clavecatas": "2-18-66-18-000", "zona": "2", "sector": "18", "manzana": "66", "lote": "18", "ph": "000", "propietari": "GOBIERNO AUTONOMO DESCENTRALIZADO MCPAL.DEL CANTON MANTA .", "documentop": "1360000980001", "direccion": "VILLAMARINA MZ W3 LOTE- 18", "area_m2": 194.98, "frente_uti": 10.0, "frente_tot": 10.0, "avaluo_con": 0.0, "avaluo_sue": 12673.7, "zonaurbano": "URBANA", "parroquia": "LOS ESTEROS", "esta_bloqu": "NO", "es_tercera": "NO", "tiene_elec": "SI", "tiene_agua": "SI", "tiene_alca": "SI", "observacio": "SE INGRESA ESTE CODIGO CON EL LISTADO DE PROCESO DE LEGALIZACION EN BASE A LA FICHA REGISTRAL 73844, EN BASE A LA INFORMACION TOMADA EIN SITU.\r\nSE ACTUALIZA INFORMACIÓN CON ESCRITURA DE TRANSFERENCIA DE DOMINIO POR EXPROPIACIÓN INSCRITA EN EL REGISTRO", "observac_1": null, "barrio": "VILLAMARINA", "parroquia_": 4, "barrio_id": 232, "proceso": 0, "fecha_regi": null, "activo_cat": "SI", "desactivad": 0, "avaluo_rem": 0.0, "avaluo_r_1": 0.0, "clasificac": "GENERAL", "anio_deuda": 2026, "deuda": 21.07, "valor_ip": 0.0, "coactiva": null, "ficharegis": 82819, "etam": 0.0716151601, "diferencia": -0.0002122777, "porc_difer": -1.0887e-06, "admisible": 1, "deuda_anio": 0.0, "2019_csv_c": null, "clavecat_1": null, "2021__csv_": null, "2021__csv1": null, "Clavepre": "2-18-66-18-000", "RESOLUCION": "430-17-02-2022", "ORIG_FID": 38 }, "geometry": { "type": "Point", "coordinates": [ -80.669471276426634, -0.961161285210822 ] } },
{ "type": "Feature", "properties": { "id": 54769, "lote_id": 39719, "clavecatas": "2-18-68-03-000", "zona": "2", "sector": "18", "manzana": "68", "lote": "03", "ph": "000", "propietari": "GOBIERNO AUTONOMO DESCENTRALIZADO MCPAL.DEL CANTON MANTA .", "documentop": "1360000980001", "direccion": "VILLAMRINA MZ W5LT.03", "area_m2": 203.01, "frente_uti": 10.93, "frente_tot": 10.93, "avaluo_con": 4928.0, "avaluo_sue": 13195.65, "zonaurbano": "URBANA", "parroquia": "LOS ESTEROS", "esta_bloqu": "NO", "es_tercera": "NO", "tiene_elec": "SI", "tiene_agua": "SI", "tiene_alca": "NO", "observacio": "UNIFICACION CON LA CC,2186804 INF, LUIS L. SEPT. 17/2003MR C# 2875-03\r\nSE CORRIGE AREA CON EL LISTADO EN EL PROCESO DE LEGALIZACION CON LA FICHA REGISTRAL 73844 EN BASE A LA INFORMACION TOMADA DEL SITIO POR LOS COMPAÑEROS 21/12/21 ARQ. LUPE LANDA..\r\nSE", "observac_1": null, "barrio": "VILLAMARINA", "parroquia_": 4, "barrio_id": 232, "proceso": 0, "fecha_regi": null, "activo_cat": "SI", "desactivad": 0, "avaluo_rem": 0.0, "avaluo_r_1": 0.0, "clasificac": "DEPURACION CATASTRO", "anio_deuda": 2018, "deuda": 48.34, "valor_ip": 0.0, "coactiva": null, "ficharegis": 82823, "etam": 0.1403690239, "diferencia": -0.217047036, "porc_difer": -0.0010691446, "admisible": 1, "deuda_anio": 0.97, "2019_csv_c": null, "clavecat_1": null, "2021__csv_": null, "2021__csv1": null, "Clavepre": "2-18-68-03-000", "RESOLUCION": "430-17-02-2022", "ORIG_FID": 39 }, "geometry": { "type": "Point", "coordinates": [ -80.669001070984109, -0.961749150627221 ] } },
{ "type": "Feature", "properties": { "id": 54774, "lote_id": 39724, "clavecatas": "2-18-68-09-000", "zona": "2", "sector": "18", "manzana": "68", "lote": "09", "ph": "000", "propietari": "GOBIERNO AUTONOMO DESCENTRALIZADO MCPAL.DEL CANTON MANTA .", "documentop": "1360000980001", "direccion": "VILLAMRINA MZ W5 LOTE - 09", "area_m2": 173.82, "frente_uti": 14.1, "frente_tot": 14.1, "avaluo_con": 2350.0, "avaluo_sue": 11298.3, "zonaurbano": "URBANA", "parroquia": "LOS ESTEROS", "esta_bloqu": "NO", "es_tercera": "NO", "tiene_elec": "SI", "tiene_agua": "SI", "tiene_alca": "NO", "observacio": "SE CORRIGE AREA DE ESTE DEL LISTADO EN EL PROCESO DE LEGALIZACION CON LA FICHA REGISTRAL 73844 EN BASE A LA INFORMACION TOMADA DEL SITIO POR LOS COMPAÑEROS 21/12/21 ARQ. LUPE LANDA..\r\nSE ACTUALIZA INFORMACIÓN CON ESCRITURA DE TRANSFERENCIA DE DOMINIO P", "observac_1": null, "barrio": "VILLAMARINA", "parroquia_": 4, "barrio_id": 232, "proceso": 0, "fecha_regi": null, "activo_cat": "SI", "desactivad": 0, "avaluo_rem": 0.0, "avaluo_r_1": 0.0, "clasificac": "GENERAL", "anio_deuda": 2018, "deuda": 42.0, "valor_ip": 0.0, "coactiva": null, "ficharegis": 82827, "etam": 0.0758490468, "diferencia": -0.0058049249, "porc_difer": -3.33962e-05, "admisible": 1, "deuda_anio": 0.44, "2019_csv_c": null, "clavecat_1": null, "2021__csv_": null, "2021__csv1": null, "Clavepre": "2-18-68-09-000", "RESOLUCION": "430-17-02-2022", "ORIG_FID": 40 }, "geometry": { "type": "Point", "coordinates": [ -80.668853437203296, -0.961755801965468 ] } },
{ "type": "Feature", "properties": { "id": 54801, "lote_id": 39748, "clavecatas": "2-18-70-07-000", "zona": "2", "sector": "18", "manzana": "70", "lote": "07", "ph": "000", "propietari": "GOBIERNO AUTONOMO DESCENTRALIZADO MCPAL.DEL CANTON MANTA .", "documentop": "1360000980001", "direccion": "VILLAMRINA MZ Y5 LOTE - 07", "area_m2": 189.99, "frente_uti": 10.0, "frente_tot": 10.0, "avaluo_con": 0.0, "avaluo_sue": 12349.35, "zonaurbano": "URBANA", "parroquia": "LOS ESTEROS", "esta_bloqu": "NO", "es_tercera": "NO", "tiene_elec": "SI", "tiene_agua": "SI", "tiene_alca": "NO", "observacio": "C# 2640\r\nSE CORRIGE AREA DE ESTE CODIGO CON EL LISTADO DE PROCESO DE LEGALIZACION CON LA FICHA REGISTRAL 73844 EN BASE A LA INFORMACION TOMADA DEL SITIO POR LOS COMPAÑEROS 22/12/21 ARQ. LUPE LANDA..\r\nSE ACTUALIZA INFORMACIÓN CON ESCRITURA DE TRANSFEREN", "observac_1": null, "barrio": "VILLAMARINA", "parroquia_": 4, "barrio_id": 232, "proceso": 0, "fecha_regi": null, "activo_cat": "SI", "desactivad": 0, "avaluo_rem": 0.0, "avaluo_r_1": 0.0, "clasificac": "DEPURACION CATASTRO", "anio_deuda": 2026, "deuda": 29.08, "valor_ip": 0.0, "coactiva": null, "ficharegis": 82912, "etam": 0.0725495342, "diferencia": 0.0014465421, "porc_difer": 7.6138e-06, "admisible": 1, "deuda_anio": 0.0, "2019_csv_c": null, "clavecat_1": null, "2021__csv_": null, "2021__csv1": null, "Clavepre": "2-18-70-07-000", "RESOLUCION": "430-17-02-2022", "ORIG_FID": 41 }, "geometry": { "type": "Point", "coordinates": [ -80.669173857694958, -0.960479388789908 ] } },
{ "type": "Feature", "properties": { "id": 54823, "lote_id": 39761, "clavecatas": "2-18-72-02-000", "zona": "2", "sector": "18", "manzana": "72", "lote": "02", "ph": "000", "propietari": "GOBIERNO AUTONOMO DESCENTRALIZADO MCPAL.DEL CANTON MANTA .", "documentop": "1360000980001", "direccion": "VILLAMARINA MZ- X3 LOTE - 2", "area_m2": 186.2, "frente_uti": 9.8, "frente_tot": 9.8, "avaluo_con": 3960.0, "avaluo_sue": 12103.0, "zonaurbano": "URBANA", "parroquia": "LOS ESTEROS", "esta_bloqu": "NO", "es_tercera": "NO", "tiene_elec": "SI", "tiene_agua": "SI", "tiene_alca": "NO", "observacio": "SE INGRESA ESTE CODIGO CON EL LISTADO DE PROCESO DE LEGALIZACION EN BASE A LA FICHA REGISTRAL 73844, EN BASE A LA INFORMACION TOMADA EIN SITU.\r\nSE ACTUALIZA INFORMACIÓN CON ESCRITURA DE TRANSFERENCIA DE DOMINIO POR EXPROPIACIÓN INSCRITA EN EL REGISTRO", "observac_1": null, "barrio": "VILLAMARINA", "parroquia_": 4, "barrio_id": 232, "proceso": 0, "fecha_regi": null, "activo_cat": "SI", "desactivad": 0, "avaluo_rem": 0.0, "avaluo_r_1": 0.0, "clasificac": "DEPURACION CATASTRO", "anio_deuda": 2026, "deuda": 32.92, "valor_ip": 0.0, "coactiva": null, "ficharegis": 82871, "etam": 0.073284168, "diferencia": -8.0000000000000003e-10, "porc_difer": 0.0, "admisible": 1, "deuda_anio": 0.0, "2019_csv_c": null, "clavecat_1": null, "2021__csv_": null, "2021__csv1": null, "Clavepre": "2-18-72-02-000", "RESOLUCION": "430-17-02-2022", "ORIG_FID": 42 }, "geometry": { "type": "Point", "coordinates": [ -80.670279295829943, -0.960476735291636 ] } },
{ "type": "Feature", "properties": { "id": 54824, "lote_id": 39762, "clavecatas": "2-18-72-03-000", "zona": "2", "sector": "18", "manzana": "72", "lote": "03", "ph": "000", "propietari": "GOBIERNO AUTONOMO DESCENTRALIZADO MCPAL.DEL CANTON MANTA .", "documentop": "1360000980001", "direccion": "VILLAMARINA MZ- X3 LOTE - 3", "area_m2": 190.0, "frente_uti": 10.0, "frente_tot": 10.0, "avaluo_con": 0.0, "avaluo_sue": 12350.0, "zonaurbano": "URBANA", "parroquia": "LOS ESTEROS", "esta_bloqu": "NO", "es_tercera": "NO", "tiene_elec": "SI", "tiene_agua": "SI", "tiene_alca": "NO", "observacio": "SE INGRESA ESTE CODIGO CON EL LISTADO DE PROCESO DE LEGALIZACION EN BASE A LA FICHA REGISTRAL 73844, EN BASE A LA INFORMACION TOMADA EIN SITU.\r\nSE ACTUALIZA INFORMACIÓN CON ESCRITURA DE TRANSFERENCIA DE DOMINIO POR EXPROPIACIÓN INSCRITA EN EL REGISTRO", "observac_1": null, "barrio": "VILLAMARINA", "parroquia_": 4, "barrio_id": 232, "proceso": 0, "fecha_regi": null, "activo_cat": "SI", "desactivad": 0, "avaluo_rem": 0.0, "avaluo_r_1": 0.0, "clasificac": "GENERAL", "anio_deuda": 2026, "deuda": 27.96, "valor_ip": 0.0, "coactiva": null, "ficharegis": 82872, "etam": 0.072547625, "diferencia": -1.387e-07, "porc_difer": -6.9999999999999996e-10, "admisible": 1, "deuda_anio": 0.0, "2019_csv_c": null, "clavecat_1": null, "2021__csv_": null, "2021__csv1": null, "Clavepre": "2-18-72-03-000", "RESOLUCION": "430-17-02-2022", "ORIG_FID": 43 }, "geometry": { "type": "Point", "coordinates": [ -80.67024353025154, -0.960394722615514 ] } },
{ "type": "Feature", "properties": { "id": 54836, "lote_id": 100157, "clavecatas": "2-18-72-15-000", "zona": "2", "sector": "18", "manzana": "72", "lote": "15", "ph": "000", "propietari": "GOBIERNO AUTONOMO DESCENTRALIZADO MCPAL.DEL CANTON MANTA .", "documentop": "1360000980001", "direccion": "VILLAMARINA MZ X3 LOTE - 15", "area_m2": 190.0, "frente_uti": 10.0, "frente_tot": 10.0, "avaluo_con": 10932.24, "avaluo_sue": 12350.0, "zonaurbano": "URBANA", "parroquia": "LOS ESTEROS", "esta_bloqu": "NO", "es_tercera": "NO", "tiene_elec": "SI", "tiene_agua": "SI", "tiene_alca": "SI", "observacio": "SE INGRESA ESTE CODIGO CON EL LISTADO DE PROCESO DE LEGALIZACION EN BASE A LA FICHA REGISTRAL 73844, EN BASE A LA INFORMACION TOMADA EIN SITU.\r\nSE ACTUALIZA INFORMACIÓN CON ESCRITURA DE TRANSFERENCIA DE DOMINIO POR EXPROPIACIÓN INSCRITA EN EL REGISTRO", "observac_1": null, "barrio": "VILLAMARINA", "parroquia_": 4, "barrio_id": 232, "proceso": 0, "fecha_regi": null, "activo_cat": "SI", "desactivad": 0, "avaluo_rem": 0.0, "avaluo_r_1": 0.0, "clasificac": "GENERAL", "anio_deuda": 2026, "deuda": 30.04, "valor_ip": 0.0, "coactiva": null, "ficharegis": 82874, "etam": 0.072547625, "diferencia": 1.1e-08, "porc_difer": 1e-10, "admisible": 1, "deuda_anio": 0.0, "2019_csv_c": null, "clavecat_1": null, "2021__csv_": null, "2021__csv1": null, "Clavepre": "2-18-72-15-000", "RESOLUCION": "430-17-02-2022", "ORIG_FID": 44 }, "geometry": { "type": "Point", "coordinates": [ -80.670099022876201, -0.960063358269825 ] } },
{ "type": "Feature", "properties": { "id": 54852, "lote_id": 100171, "clavecatas": "2-18-73-14-000", "zona": "2", "sector": "18", "manzana": "73", "lote": "14", "ph": "000", "propietari": "GOBIERNO AUTONOMO DESCENTRALIZADO MCPAL.DEL CANTON MANTA .", "documentop": "1360000980001", "direccion": "VILLAMARINA MZ X2 LOTE - 14", "area_m2": 184.3, "frente_uti": 9.68, "frente_tot": 9.68, "avaluo_con": 10098.88, "avaluo_sue": 11979.5, "zonaurbano": "URBANA", "parroquia": "LOS ESTEROS", "esta_bloqu": "NO", "es_tercera": "NO", "tiene_elec": "SI", "tiene_agua": "SI", "tiene_alca": "SI", "observacio": "SE INGRESA ESTE CODIGO CON EL LISTADO DE PROCESO DE LEGALIZACION EN BASE A LA FICHA REGISTRAL 73844, EN BASE A LA INFORMACION TOMADA EIN SITU.\r\nSE ACTUALIZA INFORMACIÓN CON ESCRITURA DE TRANSFERENCIA DE DOMINIO POR EXPROPIACIÓN INSCRITA EN EL REGISTRO", "observac_1": null, "barrio": "VILLAMARINA", "parroquia_": 4, "barrio_id": 232, "proceso": 0, "fecha_regi": null, "activo_cat": "SI", "desactivad": 0, "avaluo_rem": 0.0, "avaluo_r_1": 0.0, "clasificac": "GENERAL", "anio_deuda": 2026, "deuda": 28.71, "valor_ip": 0.0, "coactiva": null, "ficharegis": 82867, "etam": 0.0736609528, "diferencia": 0.1692230609, "porc_difer": 0.0009181935, "admisible": 1, "deuda_anio": 0.0, "2019_csv_c": null, "clavecat_1": null, "2021__csv_": null, "2021__csv1": null, "Clavepre": "2-18-73-14-000", "RESOLUCION": "430-17-02-2022", "ORIG_FID": 45 }, "geometry": { "type": "Point", "coordinates": [ -80.670331707183891, -0.959966486477226 ] } },
{ "type": "Feature", "properties": { "id": 54853, "lote_id": 100170, "clavecatas": "2-18-73-15-000", "zona": "2", "sector": "18", "manzana": "73", "lote": "15", "ph": "000", "propietari": "GOBIERNO AUTONOMO DESCENTRALIZADO MCPAL.DEL CANTON MANTA .", "documentop": "1360000980001", "direccion": "VILLAMARINA MZ X2 LOTE -15", "area_m2": 186.27, "frente_uti": 9.65, "frente_tot": 9.65, "avaluo_con": 376.99, "avaluo_sue": 12107.55, "zonaurbano": "URBANA", "parroquia": "LOS ESTEROS", "esta_bloqu": "NO", "es_tercera": "NO", "tiene_elec": "SI", "tiene_agua": "SI", "tiene_alca": "SI", "observacio": "SE INGRESA ESTE CODIGO CON EL LISTADO DE PROCESO DE LEGALIZACION EN BASE A LA FICHA REGISTRAL 73844, EN BASE A LA INFORMACION TOMADA EIN SITU.\r\nSE ACTUALIZA INFORMACIÓN CON ESCRITURA DE TRANSFERENCIA DE DOMINIO POR EXPROPIACIÓN INSCRITA EN EL REGISTRO", "observac_1": null, "barrio": "VILLAMARINA", "parroquia_": 4, "barrio_id": 232, "proceso": 0, "fecha_regi": null, "activo_cat": "SI", "desactivad": 0, "avaluo_rem": 0.0, "avaluo_r_1": 0.0, "clasificac": "GENERAL", "anio_deuda": 2026, "deuda": 20.37, "valor_ip": 0.0, "coactiva": null, "ficharegis": 82850, "etam": 0.0732703967, "diferencia": -0.007463639, "porc_difer": -4.00689e-05, "admisible": 1, "deuda_anio": 0.0, "2019_csv_c": null, "clavecat_1": null, "2021__csv_": null, "2021__csv1": null, "Clavepre": "2-18-73-15-000", "RESOLUCION": "430-17-02-2022", "ORIG_FID": 46 }, "geometry": { "type": "Point", "coordinates": [ -80.670486279978576, -0.95988993167031 ] } },
{ "type": "Feature", "properties": { "id": 54859, "lote_id": 39788, "clavecatas": "2-18-74-06-000", "zona": "2", "sector": "18", "manzana": "74", "lote": "06", "ph": "000", "propietari": "GOBIERNO AUTONOMO DESCENTRALIZADO MUNICIPAL DEL CANTON MANTA .", "documentop": "1360000980001", "direccion": "VILLAMARINA MZ-X1 LOTE 6", "area_m2": 184.98, "frente_uti": 10.0, "frente_tot": 10.0, "avaluo_con": 0.0, "avaluo_sue": 12023.7, "zonaurbano": "URBANA", "parroquia": "LOS ESTEROS", "esta_bloqu": "NO", "es_tercera": "NO", "tiene_elec": "SI", "tiene_agua": "SI", "tiene_alca": "NO", "observacio": "SE INGRESA ESTE CODIGO CON EL LISTADO DE PROCESO DE LEGALIZACION EN BASE A LA FICHA REGISTRAL 73844, EN BASE A LA INFORMACION TOMADA EIN SITU.\r\nSE ACTUALIZA INFORMACIÓN CON ESCRITURA DE TRANSFERENCIA DE DOMINIO POR EXPROPIACIÓN INSCRITA EN EL REGISTRO", "observac_1": null, "barrio": "VILLAMARINA", "parroquia_": 4, "barrio_id": 232, "proceso": 0, "fecha_regi": null, "activo_cat": "SI", "desactivad": 0, "avaluo_rem": 0.0, "avaluo_r_1": 0.0, "clasificac": "POR LEGALIZAR", "anio_deuda": 0, "deuda": 0.0, "valor_ip": 0.0, "coactiva": null, "ficharegis": 82840, "etam": 0.0735254367, "diferencia": -0.0024564061, "porc_difer": -1.32793e-05, "admisible": 1, "deuda_anio": 0.0, "2019_csv_c": null, "clavecat_1": null, "2021__csv_": null, "2021__csv1": null, "Clavepre": "2-18-74-06-000", "RESOLUCION": "430-17-02-2022", "ORIG_FID": 47 }, "geometry": { "type": "Point", "coordinates": [ -80.67074982482626, -0.959883160722354 ] } },
{ "type": "Feature", "properties": { "id": 54860, "lote_id": 39789, "clavecatas": "2-18-74-07-000", "zona": "2", "sector": "18", "manzana": "74", "lote": "07", "ph": "000", "propietari": "GOBIERNO AUTONOMO DESCENTRALIZADO MUNICIPAL DEL CANTON MANTA .", "documentop": "1360000980001", "direccion": "VILLAMARINA MZ-X1 LOTE 7", "area_m2": 177.95, "frente_uti": 10.0, "frente_tot": 10.0, "avaluo_con": 1983.4, "avaluo_sue": 11566.75, "zonaurbano": "URBANA", "parroquia": "LOS ESTEROS", "esta_bloqu": "NO", "es_tercera": "NO", "tiene_elec": "SI", "tiene_agua": "SI", "tiene_alca": "NO", "observacio": "SE INGRESA ESTE CODIGO CON EL LISTADO DE PROCESO DE LEGALIZACION EN BASE A LA FICHA REGISTRAL 73844, EN BASE A LA INFORMACION TOMADA EIN SITU.\r\nSE ACTUALIZA INFORMACIÓN CON ESCRITURA DE TRANSFERENCIA DE DOMINIO POR EXPROPIACIÓN INSCRITA EN EL REGISTRO", "observac_1": null, "barrio": "VILLAMARINA", "parroquia_": 4, "barrio_id": 232, "proceso": 0, "fecha_regi": null, "activo_cat": "SI", "desactivad": 0, "avaluo_rem": 0.0, "avaluo_r_1": 0.0, "clasificac": "GENERAL", "anio_deuda": 2026, "deuda": 29.42, "valor_ip": 0.0, "coactiva": null, "ficharegis": 82839, "etam": 0.0749636982, "diferencia": -0.0085863754, "porc_difer": -4.82516e-05, "admisible": 1, "deuda_anio": 0.0, "2019_csv_c": null, "clavecat_1": null, "2021__csv_": null, "2021__csv1": null, "Clavepre": "2-18-74-07-000", "RESOLUCION": "430-17-02-2022", "ORIG_FID": 48 }, "geometry": { "type": "Point", "coordinates": [ -80.670787206754198, -0.959967395520657 ] } },
{ "type": "Feature", "properties": { "id": 54861, "lote_id": 39790, "clavecatas": "2-18-74-08-000", "zona": "2", "sector": "18", "manzana": "74", "lote": "08", "ph": "000", "propietari": "GOBIERNO AUTONOMO DESCENTRALIZADO MUNICIPAL DEL CANTON MANTA .", "documentop": "1360000980001", "direccion": "VILLAMARINA MZ-X1 LOTE 8 Y 9", "area_m2": 349.05, "frente_uti": 10.0, "frente_tot": 0.0, "avaluo_con": 0.0, "avaluo_sue": 22688.25, "zonaurbano": "URBANA", "parroquia": "LOS ESTEROS", "esta_bloqu": "NO", "es_tercera": "NO", "tiene_elec": "SI", "tiene_agua": "SI", "tiene_alca": "NO", "observacio": "SE ACTUALIZA EL AREA PARA EL PROCESO DE LEGALIZACION DE ACUERDO A LOS DATOS TOMADOS EN EL SITIO INF. LUIS 11/01/2022 ARQ. LUPE LANDA - POR DISPOSICION SE ACTUALIZA AREA POR UNIFICACION CON EL CODIGO 2187409000 POR PROCESO DE LEGALIZACION MEDIANTE EXPROPI", "observac_1": null, "barrio": "VILLAMARINA", "parroquia_": 4, "barrio_id": 232, "proceso": 0, "fecha_regi": null, "activo_cat": "SI", "desactivad": 0, "avaluo_rem": 0.0, "avaluo_r_1": 0.0, "clasificac": "POR LEGALIZAR", "anio_deuda": 0, "deuda": 0.0, "valor_ip": 0.0, "coactiva": null, "ficharegis": 83003, "etam": 0.1605748162, "diferencia": 0.0025474695, "porc_difer": 7.2983e-06, "admisible": 1, "deuda_anio": 0.0, "2019_csv_c": null, "clavecat_1": null, "2021__csv_": null, "2021__csv1": null, "Clavepre": "2-18-74-08-000", "RESOLUCION": "430-17-02-2022", "ORIG_FID": 49 }, "geometry": { "type": "Point", "coordinates": [ -80.670842726012296, -0.960090370228402 ] } },
{ "type": "Feature", "properties": { "id": 54884, "lote_id": 39808, "clavecatas": "2-18-76-06-000", "zona": "2", "sector": "18", "manzana": "76", "lote": "06", "ph": "000", "propietari": "GOBIERNO AUTONOMO DESCENTRALIZADO MCPAL.DEL CANTON MANTA .", "documentop": "1360000980001", "direccion": "VILLAMARINA MZ Y6 LOTE - 6", "area_m2": 113.96, "frente_uti": 6.0, "frente_tot": 6.0, "avaluo_con": 6688.0, "avaluo_sue": 7407.4, "zonaurbano": "URBANA", "parroquia": "LOS ESTEROS", "esta_bloqu": "NO", "es_tercera": "NO", "tiene_elec": "SI", "tiene_agua": "SI", "tiene_alca": "NO", "observacio": "SE INGRESA ESTE CODIGO CON EL LISTADO DE PROCESO DE LEGALIZACION EN BASE A LA FICHA REGISTRAL 73844, EN BASE A LA INFORMACION TOMADA EIN SITU.\r\nSE ACTUALIZA INFORMACIÓN CON ESCRITURA DE TRANSFERENCIA DE DOMINIO POR EXPROPIACIÓN INSCRITA EN EL REGISTRO", "observac_1": null, "barrio": "VILLAMARINA", "parroquia_": 4, "barrio_id": 232, "proceso": 0, "fecha_regi": null, "activo_cat": "SI", "desactivad": 0, "avaluo_rem": 0.0, "avaluo_r_1": 0.0, "clasificac": "GENERAL", "anio_deuda": 2026, "deuda": 30.31, "valor_ip": 0.0, "coactiva": null, "ficharegis": 82989, "etam": 0.0936750168, "diferencia": -0.0033413691, "porc_difer": -2.93205e-05, "admisible": 1, "deuda_anio": 0.0, "2019_csv_c": null, "clavecat_1": null, "2021__csv_": null, "2021__csv1": null, "Clavepre": "2-18-76-06-000", "RESOLUCION": "430-17-02-2022", "ORIG_FID": 50 }, "geometry": { "type": "Point", "coordinates": [ -80.668826548770198, -0.960315563843165 ] } },
{ "type": "Feature", "properties": { "id": 54886, "lote_id": 100672, "clavecatas": "2-18-76-08-000", "zona": "2", "sector": "18", "manzana": "76", "lote": "08", "ph": "000", "propietari": "GOBIERNO AUTONOMO DESCENTRALIZADO  MUNICIPAL MANTA .", "documentop": "1360000980001", "direccion": "B. VILLAMARINA MZ-10 LOTE-02", "area_m2": 144.42, "frente_uti": 9.0, "frente_tot": 9.0, "avaluo_con": 0.0, "avaluo_sue": 9387.3, "zonaurbano": "URBANA", "parroquia": "LOS ESTEROS", "esta_bloqu": "NO", "es_tercera": "NO", "tiene_elec": "NO", "tiene_agua": "NO", "tiene_alca": "NO", "observacio": "* AUTORIZADO. SE CREA EL PRESENTE CÓDIGO CATASTRAL MEDIANTE RESOLUCIÓN LEGISLATIVA N°. 448-24-03-2022, QUE DISPONE “AUTORIZAR LA TRANSFERENCIA DE DOMINIO DE 59 LOTES, Y DECLARAR, INCORPORAR AL PATRIMONIO MUNICIPAL, 122 LOTES DE TERRENO CONTENIDOS EN", "observac_1": null, "barrio": "VILLAMARINA", "parroquia_": 4, "barrio_id": 232, "proceso": 0, "fecha_regi": null, "activo_cat": "SI", "desactivad": 0, "avaluo_rem": 0.0, "avaluo_r_1": 0.0, "clasificac": "POR LEGALIZAR", "anio_deuda": 0, "deuda": 0.0, "valor_ip": 0.0, "coactiva": null, "ficharegis": 0, "etam": 0.0832120708, "diferencia": -0.0079129597, "porc_difer": -5.47913e-05, "admisible": 1, "deuda_anio": 0.0, "2019_csv_c": null, "clavecat_1": null, "2021__csv_": null, "2021__csv1": null, "Clavepre": "2-18-76-08-000", "RESOLUCION": "447-24-03-2022", "ORIG_FID": 51 }, "geometry": { "type": "Point", "coordinates": [ -80.6685560434575, -0.960156285290416 ] } },
{ "type": "Feature", "properties": { "id": 54888, "lote_id": 100674, "clavecatas": "2-18-76-10-000", "zona": "2", "sector": "18", "manzana": "76", "lote": "10", "ph": "000", "propietari": "VELIZ ZAMBRANO  RAMON FERNANDO", "documentop": "1311107146", "direccion": "B.VILLAMARINA MZ-10  LOTE-04", "area_m2": 138.05, "frente_uti": 10.8, "frente_tot": 10.8, "avaluo_con": 21636.56, "avaluo_sue": 8075.93, "zonaurbano": "URBANA", "parroquia": "LOS ESTEROS", "esta_bloqu": "NO", "es_tercera": "NO", "tiene_elec": "NO", "tiene_agua": "NO", "tiene_alca": "NO", "observacio": "* AUTORIZADO. SE CREA EL PRESENTE CÓDIGO CATASTRAL MEDIANTE RESOLUCIÓN LEGISLATIVA N°. 448-24-03-2022, QUE DISPONE “AUTORIZAR LA TRANSFERENCIA DE DOMINIO DE 59 LOTES, Y DECLARAR, INCORPORAR AL PATRIMONIO MUNICIPAL, 122 LOTES DE TERRENO CONTENIDOS EN", "observac_1": null, "barrio": "VILLAMARINA", "parroquia_": 4, "barrio_id": 232, "proceso": 0, "fecha_regi": null, "activo_cat": "SI", "desactivad": 0, "avaluo_rem": 0.0, "avaluo_r_1": 0.0, "clasificac": "GENERAL", "anio_deuda": 0, "deuda": 0.0, "valor_ip": 0.0, "coactiva": null, "ficharegis": 82023, "etam": 0.085110236, "diferencia": -0.0086337983, "porc_difer": -6.25411e-05, "admisible": 1, "deuda_anio": 0.0, "2019_csv_c": null, "clavecat_1": null, "2021__csv_": null, "2021__csv1": null, "Clavepre": "2-18-76-10-000", "RESOLUCION": "448-24-03-2022", "ORIG_FID": 52 }, "geometry": { "type": "Point", "coordinates": [ -80.668613688279606, -0.960324981610246 ] } },
{ "type": "Feature", "properties": { "id": 54900, "lote_id": 100209, "clavecatas": "2-18-77-10-000", "zona": "2", "sector": "18", "manzana": "77", "lote": "10", "ph": "000", "propietari": "GOBIERNO AUTONOMO DESCENTRALIZADO MCPAL.DEL CANTON MANTA .", "documentop": "1360000980001", "direccion": "VILLAMARINA  MZ- Y5 LOTE - 10", "area_m2": 106.39, "frente_uti": 5.6, "frente_tot": 5.6, "avaluo_con": 5670.72, "avaluo_sue": 6915.35, "zonaurbano": "URBANA", "parroquia": "LOS ESTEROS", "esta_bloqu": "NO", "es_tercera": "NO", "tiene_elec": "NO", "tiene_agua": "NO", "tiene_alca": "NO", "observacio": "INGRESO NUEVO DEL LISTADO DE PROCESO DE LEGALIZACION CON LA FICHA REGISTRAL 73844 EN BASE A LA INFORMACION TOMADA DEL SITIO POR LOS COMPAÑEROS 22/12/21 ARQ. LUPE LANDA..\r\nSE ACTUALIZA INFORMACIÓN CON ESCRITURA DE TRANSFERENCIA DE DOMINIO POR EXPROPIACI", "observac_1": null, "barrio": "VILLAMARINA", "parroquia_": 4, "barrio_id": 232, "proceso": 0, "fecha_regi": null, "activo_cat": "SI", "desactivad": 0, "avaluo_rem": 0.0, "avaluo_r_1": 0.0, "clasificac": "PROPIEDADES MUNICIPALES", "anio_deuda": 0, "deuda": 0.0, "valor_ip": 0.0, "coactiva": null, "ficharegis": 82901, "etam": 0.0969503978, "diferencia": -0.0063022162, "porc_difer": -5.92369e-05, "admisible": 1, "deuda_anio": 0.0, "2019_csv_c": null, "clavecat_1": null, "2021__csv_": null, "2021__csv1": null, "Clavepre": "2-18-77-10-000", "RESOLUCION": "430-17-02-2022", "ORIG_FID": 53 }, "geometry": { "type": "Point", "coordinates": [ -80.669160955057507, -0.960020949979358 ] } },
{ "type": "Feature", "properties": { "id": 54902, "lote_id": 100208, "clavecatas": "2-18-77-12-000", "zona": "2", "sector": "18", "manzana": "77", "lote": "12", "ph": "000", "propietari": "GOBIERNO AUTONOMO DESCENTRALIZADO MCPAL.DEL CANTON MANTA .", "documentop": "1360000980001", "direccion": "VILLAMARINA MZ- Y5 LOTE 12", "area_m2": 125.39, "frente_uti": 25.6, "frente_tot": 25.6, "avaluo_con": 2640.0, "avaluo_sue": 8150.35, "zonaurbano": "URBANA", "parroquia": "LOS ESTEROS", "esta_bloqu": "NO", "es_tercera": "NO", "tiene_elec": "NO", "tiene_agua": "NO", "tiene_alca": "NO", "observacio": "INGRESO NUEVO DEL LISTADO DE PROCESO DE LEGALIZACION CON LA FICHA REGISTRAL 73844 EN BASE A LA INFORMACION TOMADA DEL SITIO POR LOS COMPAÑEROS 22/12/21 ARQ. LUPE LANDA..\r\nSE ACTUALIZA INFORMACIÓN CON ESCRITURA DE TRANSFERENCIA DE DOMINIO POR EXPROPIACI", "observac_1": null, "barrio": "VILLAMARINA", "parroquia_": 4, "barrio_id": 232, "proceso": 0, "fecha_regi": null, "activo_cat": "SI", "desactivad": 0, "avaluo_rem": 0.0, "avaluo_r_1": 0.0, "clasificac": "GENERAL", "anio_deuda": 2026, "deuda": 22.93, "valor_ip": 0.0, "coactiva": null, "ficharegis": 82914, "etam": 0.0893035141, "diferencia": -0.0061744972, "porc_difer": -4.92423e-05, "admisible": 1, "deuda_anio": 0.0, "2019_csv_c": null, "clavecat_1": null, "2021__csv_": null, "2021__csv1": null, "Clavepre": "2-18-77-12-000", "RESOLUCION": "430-17-02-2022", "ORIG_FID": 54 }, "geometry": { "type": "Point", "coordinates": [ -80.668915141505423, -0.959884292769034 ] } },
{ "type": "Feature", "properties": { "id": 54905, "lote_id": 39820, "clavecatas": "2-18-78-03-000", "zona": "2", "sector": "18", "manzana": "78", "lote": "03", "ph": "000", "propietari": "GOBIERNO AUTONOMO DESCENTRALIZADO MCPAL.DEL CANTON MANTA .", "documentop": "1360000980001", "direccion": "VILLAMARINA MZ- Y4 LOTE 3", "area_m2": 376.4, "frente_uti": 20.8, "frente_tot": 20.8, "avaluo_con": 9944.0, "avaluo_sue": 24466.0, "zonaurbano": "URBANA", "parroquia": "LOS ESTEROS", "esta_bloqu": "NO", "es_tercera": "NO", "tiene_elec": "SI", "tiene_agua": "SI", "tiene_alca": "NO", "observacio": "SE TIENE QUE ACTUALIZAR EL AREA EN EL SISTEMA A 375.91M2 SE INGRESA ESTE CODIGO CON EL LISTADO DE PROCESO DE LEGALIZACION EN BASE A LA FICHA REGISTRAL 73844, EN BASE A LA INFORMACION TOMADA EIN SITU.\r\nSE ACTUALIZA INFORMACIÓN CON ESCRITURA DE TRANSFEREN", "observac_1": null, "barrio": "VILLAMARINA", "parroquia_": 4, "barrio_id": 232, "proceso": 0, "fecha_regi": null, "activo_cat": "SI", "desactivad": 0, "avaluo_rem": 0.0, "avaluo_r_1": 0.0, "clasificac": "GENERAL", "anio_deuda": 2026, "deuda": 54.48, "valor_ip": 0.0, "coactiva": null, "ficharegis": 82886, "etam": 0.1546309583, "diferencia": 0.4820397689, "porc_difer": 0.0012806583, "admisible": 1, "deuda_anio": 0.0, "2019_csv_c": null, "clavecat_1": null, "2021__csv_": null, "2021__csv1": null, "Clavepre": "2-18-78-03-000", "RESOLUCION": "430-17-02-2022", "ORIG_FID": 55 }, "geometry": { "type": "Point", "coordinates": [ -80.669556069211893, -0.959865852465851 ] } },
{ "type": "Feature", "properties": { "id": 54913, "lote_id": 39828, "clavecatas": "2-18-78-11-000", "zona": "2", "sector": "18", "manzana": "78", "lote": "11", "ph": "000", "propietari": "GOBIERNO AUTONOMO DESCENTRALIZADO MCPAL.DEL CANTON MANTA .", "documentop": "1360000980001", "direccion": "VILLAMARINA MZ Y4 LOTE - 11", "area_m2": 194.9, "frente_uti": 10.0, "frente_tot": 10.0, "avaluo_con": 3168.0, "avaluo_sue": 12668.5, "zonaurbano": "URBANA", "parroquia": "LOS ESTEROS", "esta_bloqu": "NO", "es_tercera": "NO", "tiene_elec": "NO", "tiene_agua": "NO", "tiene_alca": "NO", "observacio": "SE INGRESA ESTE CODIGO CON EL LISTADO DE PROCESO DE LEGALIZACION EN BASE A LA FICHA REGISTRAL 73844, EN BASE A LA INFORMACION TOMADA EIN SITU.\r\nSE ACTUALIZA INFORMACIÓN CON ESCRITURA DE TRANSFERENCIA DE DOMINIO POR EXPROPIACIÓN INSCRITA EN EL REGISTRO", "observac_1": null, "barrio": "VILLAMARINA", "parroquia_": 4, "barrio_id": 232, "proceso": 0, "fecha_regi": null, "activo_cat": "SI", "desactivad": 0, "avaluo_rem": 0.0, "avaluo_r_1": 0.0, "clasificac": "GENERAL", "anio_deuda": 2026, "deuda": 33.92, "valor_ip": 0.0, "coactiva": null, "ficharegis": 82894, "etam": 0.0716298564, "diferencia": -0.0059201876, "porc_difer": -3.03755e-05, "admisible": 1, "deuda_anio": 0.0, "2019_csv_c": null, "clavecat_1": null, "2021__csv_": null, "2021__csv1": null, "Clavepre": "2-18-78-11-000", "RESOLUCION": "430-17-02-2022", "ORIG_FID": 56 }, "geometry": { "type": "Point", "coordinates": [ -80.669344221463518, -0.959804388786297 ] } },
{ "type": "Feature", "properties": { "id": 54922, "lote_id": 39835, "clavecatas": "2-18-79-08-000", "zona": "2", "sector": "18", "manzana": "79", "lote": "08", "ph": "000", "propietari": "GOBIERNO AUTONOMO DESCENTRALIZADO MCPAL.DEL CANTON MANTA .", "documentop": "1360000980001", "direccion": "VILLAMARINA MZ Y3 LOTE - 8", "area_m2": 196.86, "frente_uti": 10.2, "frente_tot": 10.2, "avaluo_con": 3960.0, "avaluo_sue": 12795.9, "zonaurbano": "URBANA", "parroquia": "LOS ESTEROS", "esta_bloqu": "NO", "es_tercera": "NO", "tiene_elec": "SI", "tiene_agua": "SI", "tiene_alca": "NO", "observacio": "SE INGRESA ESTE CODIGO CON EL LISTADO DE PROCESO DE LEGALIZACION EN BASE A LA FICHA REGISTRAL 73844, EN BASE A LA INFORMACION TOMADA EIN SITU.\r\nSE ACTUALIZA INFORMACIÓN CON ESCRITURA DE TRANSFERENCIA DE DOMINIO POR EXPROPIACIÓN INSCRITA EN EL REGISTRO", "observac_1": null, "barrio": "VILLAMARINA", "parroquia_": 4, "barrio_id": 232, "proceso": 0, "fecha_regi": null, "activo_cat": "SI", "desactivad": 0, "avaluo_rem": 0.0, "avaluo_r_1": 0.0, "clasificac": "GENERAL", "anio_deuda": 2026, "deuda": 34.02, "valor_ip": 0.0, "coactiva": null, "ficharegis": 82880, "etam": 0.0712723797, "diferencia": 0.0041005821, "porc_difer": 2.08299e-05, "admisible": 1, "deuda_anio": 0.0, "2019_csv_c": null, "clavecat_1": null, "2021__csv_": null, "2021__csv1": null, "Clavepre": "2-18-79-08-000", "RESOLUCION": "430-17-02-2022", "ORIG_FID": 57 }, "geometry": { "type": "Point", "coordinates": [ -80.669795075708763, -0.959797412332728 ] } },
{ "type": "Feature", "properties": { "id": 54927, "lote_id": 100240, "clavecatas": "2-18-79-13-000", "zona": "2", "sector": "18", "manzana": "79", "lote": "13", "ph": "000", "propietari": "GOBIERNO AUTONOMO DESCENTRALIZADO MCPAL.DEL CANTON MANTA .", "documentop": "1360000980001", "direccion": "VILLAMARINA MZ-Y3 LOTE-13", "area_m2": 191.07, "frente_uti": 9.9, "frente_tot": 9.9, "avaluo_con": 0.0, "avaluo_sue": 12419.55, "zonaurbano": "URBANA", "parroquia": "LOS ESTEROS", "esta_bloqu": "NO", "es_tercera": "NO", "tiene_elec": "NO", "tiene_agua": "NO", "tiene_alca": "NO", "observacio": "INGRESO NUEVO DEL LISTADO DE PROCESO DE LEGALIZACION CON LA FICHA REGISTRAL 73844 EN BASE A LA INFORMACION TOMADA DEL SITIO POR LOS COMPAÑEROS 26/12/21 ARQ. LUPE LANDA..\r\nSE ACTUALIZA INFORMACIÓN CON ESCRITURA DE TRANSFERENCIA DE DOMINIO POR EXPROPIACI", "observac_1": null, "barrio": "VILLAMARINA", "parroquia_": 4, "barrio_id": 232, "proceso": 0, "fecha_regi": null, "activo_cat": "SI", "desactivad": 0, "avaluo_rem": 0.0, "avaluo_r_1": 0.0, "clasificac": "GENERAL", "anio_deuda": 2026, "deuda": 19.76, "valor_ip": 0.0, "coactiva": null, "ficharegis": 82881, "etam": 0.072344205, "diferencia": 0.0034882577, "porc_difer": 1.82564e-05, "admisible": 1, "deuda_anio": 0.0, "2019_csv_c": null, "clavecat_1": null, "2021__csv_": null, "2021__csv1": null, "Clavepre": "2-18-79-13-000", "RESOLUCION": "430-17-02-2022", "ORIG_FID": 58 }, "geometry": { "type": "Point", "coordinates": [ -80.669904359166438, -0.960048006670087 ] } },
{ "type": "Feature", "properties": { "id": 54945, "lote_id": 39852, "clavecatas": "2-18-81-06-000", "zona": "2", "sector": "18", "manzana": "81", "lote": "06", "ph": "000", "propietari": "GOBIERNO AUTONOMO DESCENTRALIZADO MCPAL.DEL CANTON MANTA .", "documentop": "1360000980001", "direccion": "VILLAMARINA MZ Y1 LOTE 6", "area_m2": 251.59, "frente_uti": 12.9, "frente_tot": 12.9, "avaluo_con": 792.0, "avaluo_sue": 16353.35, "zonaurbano": "URBANA", "parroquia": "LOS ESTEROS", "esta_bloqu": "NO", "es_tercera": "NO", "tiene_elec": "SI", "tiene_agua": "SI", "tiene_alca": "NO", "observacio": "SE INGRESA ESTE CODIGO CON EL LISTADO DE PROCESO DE LEGALIZACION EN BASE A LA FICHA REGISTRAL 73844, EN BASE A LA INFORMACION TOMADA EIN SITU.\r\nSE ACTUALIZA INFORMACIÓN CON ESCRITURA DE TRANSFERENCIA DE DOMINIO POR EXPROPIACIÓN INSCRITA EN EL REGISTRO", "observac_1": null, "barrio": "VILLAMARINA", "parroquia_": 4, "barrio_id": 232, "proceso": 0, "fecha_regi": null, "activo_cat": "SI", "desactivad": 0, "avaluo_rem": 0.0, "avaluo_r_1": 0.0, "clasificac": "DEPURACION CATASTRO", "anio_deuda": 2026, "deuda": 37.04, "valor_ip": 0.0, "coactiva": null, "ficharegis": 82844, "etam": 0.1260907733, "diferencia": -0.0002341754, "porc_difer": -9.308e-07, "admisible": 1, "deuda_anio": 0.0, "2019_csv_c": null, "clavecat_1": null, "2021__csv_": null, "2021__csv1": null, "Clavepre": "2-18-81-06-000", "RESOLUCION": "430-17-02-2022", "ORIG_FID": 59 }, "geometry": { "type": "Point", "coordinates": [ -80.670516858995867, -0.959316619200989 ] } },
{ "type": "Feature", "properties": { "id": 54956, "lote_id": 39859, "clavecatas": "2-18-82-03-000", "zona": "2", "sector": "18", "manzana": "82", "lote": "03", "ph": "000", "propietari": "GOBIERNO AUTONOMO DESCENTRALIZADO MCPAL.DEL CANTON MANTA .", "documentop": "1360000980001", "direccion": "VILLAMARINA MZ-Y L#03", "area_m2": 180.37, "frente_uti": 9.5, "frente_tot": 9.5, "avaluo_con": 0.0, "avaluo_sue": 14429.6, "zonaurbano": "URBANA", "parroquia": "LOS ESTEROS", "esta_bloqu": "NO", "es_tercera": "NO", "tiene_elec": "SI", "tiene_agua": "SI", "tiene_alca": "NO", "observacio": "SE CORRIGE AREA DE ESTE CODIGO CON EL LISTADO DE PROCESO DE LEGALIZACION CON LA FICHA REGISTRAL 73844 EN BASE A LA INFORMACION TOMADA DEL SITIO POR LOS COMPAÑEROS 22/12/21 ARQ. LUPE LANDA..\r\nSE ACTUALIZA INFORMACIÓN CON ESCRITURA DE TRANSFERENCIA DE DO", "observac_1": null, "barrio": "VILLAMARINA", "parroquia_": 4, "barrio_id": 232, "proceso": 0, "fecha_regi": null, "activo_cat": "SI", "desactivad": 0, "avaluo_rem": 0.0, "avaluo_r_1": 0.0, "clasificac": "GENERAL", "anio_deuda": 2026, "deuda": 28.15, "valor_ip": 0.0, "coactiva": null, "ficharegis": 82831, "etam": 0.0744591111, "diferencia": -0.0086514881, "porc_difer": -4.79652e-05, "admisible": 1, "deuda_anio": 0.0, "2019_csv_c": null, "clavecat_1": null, "2021__csv_": null, "2021__csv1": null, "Clavepre": "2-18-82-03-000", "RESOLUCION": "430-17-02-2022", "ORIG_FID": 60 }, "geometry": { "type": "Point", "coordinates": [ -80.671271324528902, -0.95930946933657 ] } },
{ "type": "Feature", "properties": { "id": 55041, "lote_id": 39929, "clavecatas": "2-18-87-13-000", "zona": "2", "sector": "18", "manzana": "87", "lote": "13", "ph": "000", "propietari": "GOBIERNO AUTONOMO DESCENTRALIZADO MCPAL.DEL CANTON MANTA .", "documentop": "1360000980001", "direccion": "VILLAMARINA MZ- Z1 LOTE 13", "area_m2": 216.94, "frente_uti": 11.0, "frente_tot": 11.0, "avaluo_con": 0.0, "avaluo_sue": 14101.1, "zonaurbano": "URBANA", "parroquia": "LOS ESTEROS", "esta_bloqu": "NO", "es_tercera": "NO", "tiene_elec": "SI", "tiene_agua": "SI", "tiene_alca": "NO", "observacio": "SE INGRESA ESTE CODIGO CON EL LISTADO DE PROCESO DE LEGALIZACION EN BASE A LA FICHA REGISTRAL 73844, EN BASE A LA INFORMACION TOMADA EIN SITU.\r\nSE ACTUALIZA INFORMACIÓN CON ESCRITURA DE TRANSFERENCIA DE DOMINIO POR EXPROPIACIÓN INSCRITA EN EL REGISTRO", "observac_1": null, "barrio": "VILLAMARINA", "parroquia_": 4, "barrio_id": 232, "proceso": 0, "fecha_regi": null, "activo_cat": "SI", "desactivad": 0, "avaluo_rem": 0.0, "avaluo_r_1": 0.0, "clasificac": "GENERAL", "anio_deuda": 2026, "deuda": 30.49, "valor_ip": 0.0, "coactiva": null, "ficharegis": 82847, "etam": 0.1357876204, "diferencia": 0.0113742651, "porc_difer": 5.24305e-05, "admisible": 1, "deuda_anio": 0.0, "2019_csv_c": null, "clavecat_1": null, "2021__csv_": null, "2021__csv1": null, "Clavepre": "2-18-87-13-000", "RESOLUCION": "430-17-02-2022", "ORIG_FID": 61 }, "geometry": { "type": "Point", "coordinates": [ -80.670363701484106, -0.958968804999051 ] } },
{ "type": "Feature", "properties": { "id": 54969, "lote_id": 39872, "clavecatas": "2-18-83-05-000", "zona": "2", "sector": "18", "manzana": "83", "lote": "05", "ph": "000", "propietari": "GOBIERNO AUTONOMO DESCENTRALIZADO MCPAL.DEL CANTON MANTA .", "documentop": "1360000980001", "direccion": "VILLAMARINA MZ Z5 LOTE - 5", "area_m2": 187.13, "frente_uti": 9.7, "frente_tot": 9.7, "avaluo_con": 3582.48, "avaluo_sue": 12163.45, "zonaurbano": "URBANA", "parroquia": "LOS ESTEROS", "esta_bloqu": "NO", "es_tercera": "NO", "tiene_elec": "SI", "tiene_agua": "SI", "tiene_alca": "NO", "observacio": "SE CORRIGE AREA DE ESTE CODIGO CON EL LISTADO DE PROCESO DE LEGALIZACION CON LA FICHA REGISTRAL 73844 EN BASE A LA INFORMACION TOMADA DEL SITIO POR LOS COMPAÑEROS 21/12/21 ARQ. LUPE LANDA..\r\nSE ACTUALIZA INFORMACIÓN CON ESCRITURA DE TRANSFERENCIA DE DO", "observac_1": null, "barrio": "VILLAMARINA", "parroquia_": 4, "barrio_id": 232, "proceso": 0, "fecha_regi": null, "activo_cat": "SI", "desactivad": 0, "avaluo_rem": 0.0, "avaluo_r_1": 0.0, "clasificac": "GENERAL", "anio_deuda": 2026, "deuda": 32.7, "valor_ip": 0.0, "coactiva": null, "ficharegis": 82906, "etam": 0.0731018371, "diferencia": -0.0018006782, "porc_difer": -9.6226e-06, "admisible": 1, "deuda_anio": 0.0, "2019_csv_c": null, "clavecat_1": null, "2021__csv_": null, "2021__csv1": null, "Clavepre": "2-18-83-05-000", "RESOLUCION": "430-17-02-2022", "ORIG_FID": 62 }, "geometry": { "type": "Point", "coordinates": [ -80.668860718755255, -0.959334920543996 ] } },
{ "type": "Feature", "properties": { "id": 54979, "lote_id": 39881, "clavecatas": "2-18-84-01-000", "zona": "2", "sector": "18", "manzana": "84", "lote": "01", "ph": "000", "propietari": "GOBIERNO AUTONOMO DESCENTRALIZADO  MUNICIPAL MANTA .", "documentop": "1360000980001", "direccion": "VILLAMARINA MZ- Z4 LOTE - 01, 02, 03, 10, 11 Y 12", "area_m2": 1128.73, "frente_uti": 0.0, "frente_tot": 0.0, "avaluo_con": 61532.06, "avaluo_sue": 73367.45, "zonaurbano": "URBANA", "parroquia": "LOS ESTEROS", "esta_bloqu": "NO", "es_tercera": "NO", "tiene_elec": "SI", "tiene_agua": "SI", "tiene_alca": "NO", "observacio": "- POR DISPOSICION, SE ACTUALIZA AREA POR UNIFICACION CON LOS CODIGOS 2188402000, 2188403000, 2188410000, 2188411000 Y 2188412000, POR PROCESO DE LEGALIZACION MEDIANTE EXPROPIACION ESPECIAL - 13/04/2023.SE ACTUALIZA INF CON ESCRITURA DE CVTA INSCRITA EN E", "observac_1": null, "barrio": "VILLAMARINA", "parroquia_": 4, "barrio_id": 232, "proceso": 0, "fecha_regi": null, "activo_cat": "SI", "desactivad": 0, "avaluo_rem": 0.0, "avaluo_r_1": 0.0, "clasificac": "POR LEGALIZAR", "anio_deuda": 0, "deuda": 0.0, "valor_ip": 0.0, "coactiva": null, "ficharegis": 83008, "etam": 0.1488246844, "diferencia": 0.214053672, "porc_difer": 0.0001896412, "admisible": 1, "deuda_anio": 0.0, "2019_csv_c": null, "clavecat_1": null, "2021__csv_": null, "2021__csv1": null, "Clavepre": "2-18-84-01-000", "RESOLUCION": "430-17-02-2022", "ORIG_FID": 63 }, "geometry": { "type": "Point", "coordinates": [ -80.66927331403123, -0.9594410930011 ] } },
{ "type": "Feature", "properties": { "id": 54985, "lote_id": 39887, "clavecatas": "2-18-84-07-000", "zona": "2", "sector": "18", "manzana": "84", "lote": "07", "ph": "000", "propietari": "GOBIERNO AUTONOMO DESCENTRALIZADO MCPAL.DEL CANTON MANTA .", "documentop": "1360000980001", "direccion": "VILLAMARINA MZ-Z4 LOTE - 7", "area_m2": 185.25, "frente_uti": 9.9, "frente_tot": 9.9, "avaluo_con": 0.0, "avaluo_sue": 12041.25, "zonaurbano": "URBANA", "parroquia": "LOS ESTEROS", "esta_bloqu": "NO", "es_tercera": "NO", "tiene_elec": "SI", "tiene_agua": "SI", "tiene_alca": "NO", "observacio": "SE INGRESA ESTE CODIGO CON EL LISTADO DE PROCESO DE LEGALIZACION EN BASE A LA FICHA REGISTRAL 73844, EN BASE A LA INFORMACION TOMADA EIN SITU.\r\nSE ACTUALIZA INFORMACIÓN CON ESCRITURA DE TRANSFERENCIA DE DOMINIO POR EXPROPIACIÓN INSCRITA EN EL REGISTRO", "observac_1": null, "barrio": "VILLAMARINA", "parroquia_": 4, "barrio_id": 232, "proceso": 0, "fecha_regi": null, "activo_cat": "SI", "desactivad": 0, "avaluo_rem": 0.0, "avaluo_r_1": 0.0, "clasificac": "GENERAL", "anio_deuda": 2026, "deuda": 28.97, "valor_ip": 0.0, "coactiva": null, "ficharegis": 82896, "etam": 0.0734718358, "diferencia": -0.0041673006, "porc_difer": -2.24955e-05, "admisible": 1, "deuda_anio": 0.0, "2019_csv_c": null, "clavecat_1": null, "2021__csv_": null, "2021__csv1": null, "Clavepre": "2-18-84-07-000", "RESOLUCION": "430-17-02-2022", "ORIG_FID": 64 }, "geometry": { "type": "Point", "coordinates": [ -80.669051329652874, -0.959138926323964 ] } },
{ "type": "Feature", "properties": { "id": 54993, "lote_id": 39894, "clavecatas": "2-18-85-02-000", "zona": "2", "sector": "18", "manzana": "85", "lote": "02", "ph": "000", "propietari": "GOBIERNO AUTONOMO DESCENTRALIZADO  MUNICIPAL MANTA .", "documentop": "1360000980001", "direccion": "VILLAMARINA MZ-Z3 LOTE 2", "area_m2": 1066.24, "frente_uti": 0.0, "frente_tot": 0.0, "avaluo_con": 41630.16, "avaluo_sue": 69305.6, "zonaurbano": "URBANA", "parroquia": "LOS ESTEROS", "esta_bloqu": "NO", "es_tercera": "NO", "tiene_elec": "SI", "tiene_agua": "SI", "tiene_alca": "NO", "observacio": "- POR DISPOSICION, SE ACTUALIZA AREA POR UNIFICACION CON LOS CODIGOS 2188511000Y 2188512000, POR PROCESO DE LEGALIZACION MEDIANTE EXPROPIACION ESPECIAL - 13/04/2023.SE ACTUALIZA INF CON ESCRITURA DE CVTA INSCRITA EN EL REG. DE LA PROPIEDAD.13/04/2023.AZP", "observac_1": null, "barrio": "VILLAMARINA", "parroquia_": 4, "barrio_id": 232, "proceso": 0, "fecha_regi": null, "activo_cat": "SI", "desactivad": 0, "avaluo_rem": 0.0, "avaluo_r_1": 0.0, "clasificac": "POR LEGALIZAR", "anio_deuda": 0, "deuda": 0.0, "valor_ip": 0.0, "coactiva": null, "ficharegis": 83005, "etam": 0.1531237367, "diferencia": -0.0056360162, "porc_difer": -5.2859e-06, "admisible": 1, "deuda_anio": 0.0, "2019_csv_c": null, "clavecat_1": null, "2021__csv_": null, "2021__csv1": null, "Clavepre": "2-18-85-02-000", "RESOLUCION": "430-17-02-2022", "ORIG_FID": 65 }, "geometry": { "type": "Point", "coordinates": [ -80.669702028198472, -0.959384218065055 ] } },
{ "type": "Feature", "properties": { "id": 54994, "lote_id": 39895, "clavecatas": "2-18-85-03-000", "zona": "2", "sector": "18", "manzana": "85", "lote": "03", "ph": "000", "propietari": "GOBIERNO AUTONOMO DESCENTRALIZADO  MUNICIPAL MANTA .", "documentop": "1360000980001", "direccion": "VILLAMARINA MZ-Z3 LOTE 3", "area_m2": 381.08, "frente_uti": 10.0, "frente_tot": 0.0, "avaluo_con": 0.0, "avaluo_sue": 24770.2, "zonaurbano": "URBANA", "parroquia": "LOS ESTEROS", "esta_bloqu": "NO", "es_tercera": "NO", "tiene_elec": "SI", "tiene_agua": "SI", "tiene_alca": "NO", "observacio": "- POR DISPOSICION, SE ACTUALIZA AREA POR UNIFICACION CON EL CODIGO 2188510000 , POR PROCESO DE LEGALIZACION MEDIANTE EXPROPIACION ESPECIAL - 13/04/2023.SE ACTUALIZA INF CON ESCRITURA DE CVTA INSCRITA EN EL REG. DE LA PROPIEDAD.13/04/2023.AZP\r\nSE ACTUALIZ", "observac_1": null, "barrio": "VILLAMARINA", "parroquia_": 4, "barrio_id": 232, "proceso": 0, "fecha_regi": null, "activo_cat": "SI", "desactivad": 0, "avaluo_rem": 0.0, "avaluo_r_1": 0.0, "clasificac": "POR LEGALIZAR", "anio_deuda": 0, "deuda": 0.0, "valor_ip": 0.0, "coactiva": null, "ficharegis": 83006, "etam": 0.1536785225, "diferencia": -1.1033369303, "porc_difer": -0.0028952895, "admisible": 1, "deuda_anio": 0.0, "2019_csv_c": null, "clavecat_1": null, "2021__csv_": null, "2021__csv1": null, "Clavepre": "2-18-85-03-000", "RESOLUCION": "430-17-02-2022", "ORIG_FID": 66 }, "geometry": { "type": "Point", "coordinates": [ -80.669622520119688, -0.959189341075919 ] } },
{ "type": "Feature", "properties": { "id": 54998, "lote_id": 39899, "clavecatas": "2-18-85-07-000", "zona": "2", "sector": "18", "manzana": "85", "lote": "07", "ph": "000", "propietari": "GOBIERNO AUTONOMO DESCENTRALIZADO MCPAL.DEL CANTON MANTA .", "documentop": "1360000980001", "direccion": "VILLAMARINA MZ-Z3 LOTE -07", "area_m2": 386.96, "frente_uti": 39.2, "frente_tot": 39.2, "avaluo_con": 9988.88, "avaluo_sue": 25152.4, "zonaurbano": "URBANA", "parroquia": "LOS ESTEROS", "esta_bloqu": "NO", "es_tercera": "NO", "tiene_elec": "SI", "tiene_agua": "SI", "tiene_alca": "NO", "observacio": "SE TIENE QUE ACTUALZIAR AREA DE TEREENO A 384.06 SE INGRESA ESTE CODIGO CON EL LISTADO DE PROCESO DE LEGALIZACION EN BASE A LA FICHA REGISTRAL 73844, EN BASE A LA INFORMACION TOMADA EIN SITU.\r\nSE ACTUALIZA INFORMACIÓN CON ESCRITURA DE TRANSFERENCIA DE D", "observac_1": null, "barrio": "VILLAMARINA", "parroquia_": 4, "barrio_id": 232, "proceso": 0, "fecha_regi": null, "activo_cat": "SI", "desactivad": 0, "avaluo_rem": 0.0, "avaluo_r_1": 0.0, "clasificac": "GENERAL", "anio_deuda": 2026, "deuda": 65.91, "valor_ip": 0.0, "coactiva": null, "ficharegis": 82878, "etam": 0.152506452, "diferencia": -1.9003267474000001, "porc_difer": -0.0049109126, "admisible": 1, "deuda_anio": 0.0, "2019_csv_c": null, "clavecat_1": null, "2021__csv_": null, "2021__csv1": null, "Clavepre": "2-18-85-07-000", "RESOLUCION": "430-17-02-2022", "ORIG_FID": 67 }, "geometry": { "type": "Point", "coordinates": [ -80.66941650948749, -0.95892974459753 ] } },
{ "type": "Feature", "properties": { "id": 55031, "lote_id": 39919, "clavecatas": "2-18-87-03-000", "zona": "2", "sector": "18", "manzana": "87", "lote": "03", "ph": "000", "propietari": "GOBIERNO AUTONOMO DESCENTRALIZADO MCPAL.DEL CANTON MANTA .", "documentop": "1360000980001", "direccion": "VILLAMARINA MZ- 87  LOTE 03", "area_m2": 201.69, "frente_uti": 10.0, "frente_tot": 10.0, "avaluo_con": 3877.5, "avaluo_sue": 13109.85, "zonaurbano": "URBANA", "parroquia": "LOS ESTEROS", "esta_bloqu": "NO", "es_tercera": "NO", "tiene_elec": "SI", "tiene_agua": "SI", "tiene_alca": "NO", "observacio": "SE CORRIGE AREA DE ESTE CODIGO CON EL LISTADO DE PROCESO DE LEGALIZACION EN BASE A LA FICHA REGISTRAL 73844, EN BASE A LA INFORMACION TOMADA EN EL SITIO 20/12/21 ARQ. LUPE LANDA..\r\nSE ACTUALIZA INFORMACIÓN CON ESCRITURA DE TRANSFERENCIA DE DOMINIO POR E", "observac_1": null, "barrio": "VILLAMARINA", "parroquia_": 4, "barrio_id": 232, "proceso": 0, "fecha_regi": null, "activo_cat": "SI", "desactivad": 0, "avaluo_rem": 0.0, "avaluo_r_1": 0.0, "clasificac": "GENERAL", "anio_deuda": 2026, "deuda": 37.11, "valor_ip": 0.0, "coactiva": null, "ficharegis": 82838, "etam": 0.1408276112, "diferencia": -0.000168953, "porc_difer": -8.377e-07, "admisible": 1, "deuda_anio": 0.0, "2019_csv_c": null, "clavecat_1": null, "2021__csv_": null, "2021__csv1": null, "Clavepre": "2-18-87-03-000", "RESOLUCION": "430-17-02-2022", "ORIG_FID": 68 }, "geometry": { "type": "Point", "coordinates": [ -80.670521120299952, -0.958896669660897 ] } },
{ "type": "Feature", "properties": { "id": 55033, "lote_id": 39921, "clavecatas": "2-18-87-05-000", "zona": "2", "sector": "18", "manzana": "87", "lote": "05", "ph": "000", "propietari": "GOBIERNO AUTONOMO DESCENTRALIZADO MCPAL.DEL CANTON MANTA .", "documentop": "1360000980001", "direccion": "VILLAMARINA MZ- 87 LOTE - 05", "area_m2": 193.7, "frente_uti": 10.2, "frente_tot": 10.2, "avaluo_con": 3168.0, "avaluo_sue": 12590.5, "zonaurbano": "URBANA", "parroquia": "LOS ESTEROS", "esta_bloqu": "NO", "es_tercera": "NO", "tiene_elec": "NO", "tiene_agua": "NO", "tiene_alca": "NO", "observacio": "SE CORRIGE AREA DE ESTE CODIGO CON EL LISTADO DE PROCESO DE LEGALIZACION CON LA FICHA REGISTRAL 73844 EN BASE A LA INFORMACION TOMADA DEL SITIO POR LOS COMPAÑEROS 20/12/21 ARQ. LUPE LANDA..\r\nSE ACTUALIZA INFORMACIÓN CON ESCRITURA DE TRANSFERENCIA DE DO", "observac_1": null, "barrio": "VILLAMARINA", "parroquia_": 4, "barrio_id": 232, "proceso": 0, "fecha_regi": null, "activo_cat": "SI", "desactivad": 0, "avaluo_rem": 0.0, "avaluo_r_1": 0.0, "clasificac": "GENERAL", "anio_deuda": 2026, "deuda": 32.88, "valor_ip": 0.0, "coactiva": null, "ficharegis": 82937, "etam": 0.0718513926, "diferencia": -0.0036849343, "porc_difer": -1.90239e-05, "admisible": 1, "deuda_anio": 0.0, "2019_csv_c": null, "clavecat_1": null, "2021__csv_": null, "2021__csv1": null, "Clavepre": "2-18-87-05-000", "RESOLUCION": "430-17-02-2022", "ORIG_FID": 69 }, "geometry": { "type": "Point", "coordinates": [ -80.670683816745367, -0.958627016475054 ] } },
{ "type": "Feature", "properties": { "id": 55042, "lote_id": 39930, "clavecatas": "2-18-87-14-000", "zona": "2", "sector": "18", "manzana": "87", "lote": "14", "ph": "000", "propietari": "GOBIERNO AUTONOMO DESCENTRALIZADO MCPAL.DEL CANTON MANTA .", "documentop": "1360000980001", "direccion": "VILLAMARINA MZ- Z1 LOTE 14", "area_m2": 193.83, "frente_uti": 10.0, "frente_tot": 10.0, "avaluo_con": 9849.32, "avaluo_sue": 12598.95, "zonaurbano": "URBANA", "parroquia": "LOS ESTEROS", "esta_bloqu": "NO", "es_tercera": "NO", "tiene_elec": "SI", "tiene_agua": "SI", "tiene_alca": "NO", "observacio": "SE INGRESA ESTE CODIGO CON EL LISTADO DE PROCESO DE LEGALIZACION EN BASE A LA FICHA REGISTRAL 73844, EN BASE A LA INFORMACION TOMADA EIN SITU.\r\nSE ACTUALIZA INFORMACIÓN CON ESCRITURA DE TRANSFERENCIA DE DOMINIO POR EXPROPIACIÓN INSCRITA EN EL REGISTRO", "observac_1": null, "barrio": "VILLAMARINA", "parroquia_": 4, "barrio_id": 232, "proceso": 0, "fecha_regi": null, "activo_cat": "SI", "desactivad": 0, "avaluo_rem": 0.0, "avaluo_r_1": 0.0, "clasificac": "GENERAL", "anio_deuda": 2026, "deuda": 37.51, "valor_ip": 0.0, "coactiva": null, "ficharegis": 82846, "etam": 0.0718272935, "diferencia": -0.0048600707, "porc_difer": -2.50739e-05, "admisible": 1, "deuda_anio": 0.0, "2019_csv_c": null, "clavecat_1": null, "2021__csv_": null, "2021__csv1": null, "Clavepre": "2-18-87-14-000", "RESOLUCION": "430-17-02-2022", "ORIG_FID": 70 }, "geometry": { "type": "Point", "coordinates": [ -80.670402502067375, -0.959056313630793 ] } },
{ "type": "Feature", "properties": { "id": 55049, "lote_id": 39936, "clavecatas": "2-18-88-02-000", "zona": "2", "sector": "18", "manzana": "88", "lote": "02", "ph": "000", "propietari": "GOBIERNO AUTONOMO DESCENTRALIZADO MCPAL.DEL CANTON MANTA .", "documentop": "1360000980001", "direccion": "VILLAMARINA MZ Z6 LOTE - 2", "area_m2": 511.56, "frente_uti": 22.0, "frente_tot": 22.0, "avaluo_con": 0.0, "avaluo_sue": 33251.4, "zonaurbano": "URBANA", "parroquia": "LOS ESTEROS", "esta_bloqu": "NO", "es_tercera": "NO", "tiene_elec": "SI", "tiene_agua": "SI", "tiene_alca": "NO", "observacio": "SE CORRIGE AREA DE ESTE CODIGO CON EL LISTADO DE PROCESO DE LEGALIZACION CON LA FICHA REGISTRAL 73844 EN BASE A LA INFORMACION TOMADA DEL SITIO POR LOS COMPAÑEROS 21/12/21 ARQ. LUPE LANDA..\r\nSE ACTUALIZA INFORMACIÓN CON ESCRITURA DE TRANSFERENCIA DE DO", "observac_1": null, "barrio": "VILLAMARINA", "parroquia_": 4, "barrio_id": 232, "proceso": 0, "fecha_regi": null, "activo_cat": "SI", "desactivad": 0, "avaluo_rem": 0.0, "avaluo_r_1": 0.0, "clasificac": "GENERAL", "anio_deuda": 2026, "deuda": 58.4, "valor_ip": 0.0, "coactiva": null, "ficharegis": 82947, "etam": 0.176852703, "diferencia": -0.0013942766, "porc_difer": -2.7255e-06, "admisible": 1, "deuda_anio": 0.0, "2019_csv_c": null, "clavecat_1": null, "2021__csv_": null, "2021__csv1": null, "Clavepre": "2-18-88-02-000", "RESOLUCION": "430-17-02-2022", "ORIG_FID": 71 }, "geometry": { "type": "Point", "coordinates": [ -80.670154930448206, -0.95807564974418 ] } },
{ "type": "Feature", "properties": { "id": 55109, "lote_id": 39992, "clavecatas": "2-18-92-10-000", "zona": "2", "sector": "18", "manzana": "92", "lote": "10", "ph": "000", "propietari": "GOBIERNO AUTONOMO DESCENTRALIZADO MUNICIPAL DEL CANTON MANTA .", "documentop": "1360000980001", "direccion": "VILLAMARINA MZ- V1 LT.10", "area_m2": 190.0, "frente_uti": 10.0, "frente_tot": 0.0, "avaluo_con": 0.0, "avaluo_sue": 15200.0, "zonaurbano": "URBANA", "parroquia": "LOS ESTEROS", "esta_bloqu": "NO", "es_tercera": "NO", "tiene_elec": "SI", "tiene_agua": "SI", "tiene_alca": "NO", "observacio": "INF. TEDDY MACHUCA MARZO 12/2002 C# 1066\r\nSE ACTUALIZA INFORMACIÓN CON ESCRITURA DE TRANSFERENCIA DE DOMINIO POR EXPROPIACIÓN INSCRITA EN EL REGISTRO DE LA PROPIEDAD 18 DE ABRIL DEL 2023 YUBER ORTEGA", "observac_1": null, "barrio": "VILLAMARINA", "parroquia_": 4, "barrio_id": 232, "proceso": 0, "fecha_regi": null, "activo_cat": "SI", "desactivad": 0, "avaluo_rem": 0.0, "avaluo_r_1": 0.0, "clasificac": "DEPURACION CATASTRO", "anio_deuda": 2026, "deuda": 30.13, "valor_ip": 0.0, "coactiva": null, "ficharegis": 82797, "etam": 0.072547625, "diferencia": 0.1235961112, "porc_difer": 0.0006505058, "admisible": 1, "deuda_anio": 0.0, "2019_csv_c": null, "clavecat_1": null, "2021__csv_": null, "2021__csv1": null, "Clavepre": "2-18-92-10-000", "RESOLUCION": "430-17-02-2022", "ORIG_FID": 72 }, "geometry": { "type": "Point", "coordinates": [ -80.671607831994308, -0.960832032558285 ] } },
{ "type": "Feature", "properties": { "id": 55138, "lote_id": 40020, "clavecatas": "2-18-93-13-000", "zona": "2", "sector": "18", "manzana": "93", "lote": "13", "ph": "000", "propietari": "GOBIERNO AUTONOMO DESCENTRALIZADO MCPAL.DEL CANTON MANTA .", "documentop": "1360000980001", "direccion": "VILLAMRINA MZ V2 LOTE -13", "area_m2": 163.51, "frente_uti": 10.0, "frente_tot": 0.0, "avaluo_con": 9005.92, "avaluo_sue": 9087.07, "zonaurbano": "URBANA", "parroquia": "LOS ESTEROS", "esta_bloqu": "NO", "es_tercera": "NO", "tiene_elec": "SI", "tiene_agua": "SI", "tiene_alca": "NO", "observacio": "SE PROCEDE A ACTUALIZAR EL AREA POR PROCESO DE LEGALIZACION SE ACTUALIZA INFORMACIÓN CON ESCRITURA DE TRANSFERENCIA DE DOMINIO POR EXPROPIACIÓN INSCRITA EN EL REGISTRO DE LA PROPIEDAD 18 DE ABRIL DEL 2023 YUBER ORTEGA.\r\n\r\nTE271120251624 FUNCION JUDICIA", "observac_1": null, "barrio": "VILLAMARINA", "parroquia_": 4, "barrio_id": 232, "proceso": 0, "fecha_regi": null, "activo_cat": "SI", "desactivad": 0, "avaluo_rem": 0.0, "avaluo_r_1": 0.0, "clasificac": "GENERAL", "anio_deuda": 2026, "deuda": 32.95, "valor_ip": 0.0, "coactiva": null, "ficharegis": 82806, "etam": 0.0782037972, "diferencia": 0.7999944633, "porc_difer": 0.0048926333, "admisible": 1, "deuda_anio": 0.0, "2019_csv_c": null, "clavecat_1": null, "2021__csv_": null, "2021__csv1": null, "Clavepre": "2-18-93-13-000", "RESOLUCION": "430-17-02-2022", "ORIG_FID": 73 }, "geometry": { "type": "Point", "coordinates": [ -80.671203465044798, -0.961843493631123 ] } },
{ "type": "Feature", "properties": { "id": 55188, "lote_id": 100656, "clavecatas": "2-18-99-02-000", "zona": "2", "sector": "18", "manzana": "99", "lote": "02", "ph": "000", "propietari": "GOBIERNO AUTONOMO DESCENTRALIZADO  MUNICIPAL MANTA .", "documentop": "1360000980001", "direccion": "VILLAMARINA MZ 05 LOTE 02", "area_m2": 186.67, "frente_uti": 32.4, "frente_tot": 32.4, "avaluo_con": 0.0, "avaluo_sue": 12133.55, "zonaurbano": "URBANA", "parroquia": "LOS ESTEROS", "esta_bloqu": "NO", "es_tercera": "NO", "tiene_elec": "SI", "tiene_agua": "SI", "tiene_alca": "SI", "observacio": "AUTORIZADO...SE CREA EL PRESENTE CÓDIGO CATASTRAL MEDIANTE RESOLUCIÓN LEGISLATIVA N°. 448-24-03-2022, QUE DISPONE “AUTORIZAR LA TRANSFERENCIA DE DOMINIO DE 59 LOTES, Y DECLARAR, INCORPORAR AL PATRIMONIO MUNICIPAL, 122 LOTES DE TERRENO CONTENIDOS EN", "observac_1": null, "barrio": "VILLAMARINA", "parroquia_": 4, "barrio_id": 232, "proceso": 0, "fecha_regi": null, "activo_cat": "SI", "desactivad": 0, "avaluo_rem": 0.0, "avaluo_r_1": 0.0, "clasificac": "POR LEGALIZAR", "anio_deuda": 0, "deuda": 0.0, "valor_ip": 0.0, "coactiva": null, "ficharegis": 0, "etam": 0.073191852, "diferencia": -0.0019594079, "porc_difer": -1.04966e-05, "admisible": 1, "deuda_anio": 0.0, "2019_csv_c": null, "clavecat_1": null, "2021__csv_": null, "2021__csv1": null, "Clavepre": "2-18-99-02-000", "RESOLUCION": "447-24-03-2022", "ORIG_FID": 74 }, "geometry": { "type": "Point", "coordinates": [ -80.668438445287052, -0.961504061723397 ] } },
{ "type": "Feature", "properties": { "id": 55189, "lote_id": 100657, "clavecatas": "2-18-99-03-000", "zona": "2", "sector": "18", "manzana": "99", "lote": "03", "ph": "000", "propietari": "SOZA SORNOZA LUIS ANIBAL", "documentop": "1308915360", "direccion": "VILLAMARINA MZ 05 LOTE 03", "area_m2": 198.19, "frente_uti": 9.55, "frente_tot": 9.55, "avaluo_con": 21476.8, "avaluo_sue": 14269.68, "zonaurbano": "URBANA", "parroquia": "LOS ESTEROS", "esta_bloqu": "NO", "es_tercera": "NO", "tiene_elec": "SI", "tiene_agua": "SI", "tiene_alca": "SI", "observacio": "AUTORIZADO...SE CREA EL PRESENTE CÓDIGO CATASTRAL MEDIANTE RESOLUCIÓN LEGISLATIVA N°. 448-24-03-2022, QUE DISPONE “AUTORIZAR LA TRANSFERENCIA DE DOMINIO DE 59 LOTES, Y DECLARAR, INCORPORAR AL PATRIMONIO MUNICIPAL, 122 LOTES DE TERRENO CONTENIDOS EN", "observac_1": null, "barrio": "VILLAMARINA", "parroquia_": 4, "barrio_id": 232, "proceso": 0, "fecha_regi": null, "activo_cat": "SI", "desactivad": 0, "avaluo_rem": 0.0, "avaluo_r_1": 0.0, "clasificac": "GENERAL", "anio_deuda": 0, "deuda": 0.0, "valor_ip": 0.0, "coactiva": null, "ficharegis": 81505, "etam": 0.0710328322, "diferencia": -0.0020244871, "porc_difer": -1.02149e-05, "admisible": 1, "deuda_anio": 0.0, "2019_csv_c": null, "clavecat_1": null, "2021__csv_": null, "2021__csv1": null, "Clavepre": "2-18-99-03-000", "RESOLUCION": "448-24-03-2022", "ORIG_FID": 75 }, "geometry": { "type": "Point", "coordinates": [ -80.668464946434014, -0.961575567494236 ] } },
{ "type": "Feature", "properties": { "id": 55190, "lote_id": 100658, "clavecatas": "2-18-99-04-000", "zona": "2", "sector": "18", "manzana": "99", "lote": "04", "ph": "000", "propietari": "VERA ARTEAGA  DOLORES MAGDALENA", "documentop": "0925946543", "direccion": "VILLAMARINA MZ 05 LOTE 04", "area_m2": 365.47, "frente_uti": 20.25, "frente_tot": 20.25, "avaluo_con": 11237.78, "avaluo_sue": 24998.15, "zonaurbano": "URBANA", "parroquia": "LOS ESTEROS", "esta_bloqu": "NO", "es_tercera": "NO", "tiene_elec": "SI", "tiene_agua": "SI", "tiene_alca": "SI", "observacio": "AUTORIZADO...SE CREA EL PRESENTE CÓDIGO CATASTRAL MEDIANTE RESOLUCIÓN LEGISLATIVA N°. 448-24-03-2022, QUE DISPONE “AUTORIZAR LA TRANSFERENCIA DE DOMINIO DE 59 LOTES, Y DECLARAR, INCORPORAR AL PATRIMONIO MUNICIPAL, 122 LOTES DE TERRENO CONTENIDOS EN", "observac_1": null, "barrio": "VILLAMARINA", "parroquia_": 4, "barrio_id": 232, "proceso": 0, "fecha_regi": null, "activo_cat": "SI", "desactivad": 0, "avaluo_rem": 0.0, "avaluo_r_1": 0.0, "clasificac": "GENERAL", "anio_deuda": 0, "deuda": 0.0, "valor_ip": 0.0, "coactiva": null, "ficharegis": 81240, "etam": 0.1569261746, "diferencia": -0.0031555252, "porc_difer": -8.6342e-06, "admisible": 1, "deuda_anio": 0.0, "2019_csv_c": null, "clavecat_1": null, "2021__csv_": null, "2021__csv1": null, "Clavepre": "2-18-99-04-000", "RESOLUCION": "448-24-03-2022", "ORIG_FID": 76 }, "geometry": { "type": "Point", "coordinates": [ -80.668538525419521, -0.961643140902857 ] } },
{ "type": "Feature", "properties": { "id": 55191, "lote_id": 100659, "clavecatas": "2-18-99-05-000", "zona": "2", "sector": "18", "manzana": "99", "lote": "05", "ph": "000", "propietari": "GOBIERNO AUTONOMO DESCENTRALIZADO  MUNICIPAL MANTA .", "documentop": "1360000980001", "direccion": "VILLAMARINA MZ 05 LOTE 05", "area_m2": 180.38, "frente_uti": 9.8, "frente_tot": 9.8, "avaluo_con": 10221.45, "avaluo_sue": 12987.36, "zonaurbano": "URBANA", "parroquia": "LOS ESTEROS", "esta_bloqu": "NO", "es_tercera": "NO", "tiene_elec": "SI", "tiene_agua": "SI", "tiene_alca": "SI", "observacio": "AUTORIZADO...SE CREA EL PRESENTE CÓDIGO CATASTRAL MEDIANTE RESOLUCIÓN LEGISLATIVA N°. 448-24-03-2022, QUE DISPONE “AUTORIZAR LA TRANSFERENCIA DE DOMINIO DE 59 LOTES, Y DECLARAR, INCORPORAR AL PATRIMONIO MUNICIPAL, 122 LOTES DE TERRENO CONTENIDOS EN", "observac_1": null, "barrio": "VILLAMARINA", "parroquia_": 4, "barrio_id": 232, "proceso": 0, "fecha_regi": null, "activo_cat": "SI", "desactivad": 0, "avaluo_rem": 0.0, "avaluo_r_1": 0.0, "clasificac": "POR LEGALIZAR", "anio_deuda": 0, "deuda": 0.0, "valor_ip": 0.0, "coactiva": null, "ficharegis": 0, "etam": 0.0744570471, "diferencia": -0.0050538207, "porc_difer": -2.80176e-05, "admisible": 1, "deuda_anio": 0.0, "2019_csv_c": null, "clavecat_1": null, "2021__csv_": null, "2021__csv1": null, "Clavepre": "2-18-99-05-000", "RESOLUCION": "448-24-03-2022", "ORIG_FID": 77 }, "geometry": { "type": "Point", "coordinates": [ -80.668481827054492, -0.961760285852225 ] } },
{ "type": "Feature", "properties": { "id": 55192, "lote_id": 100660, "clavecatas": "2-18-99-06-000", "zona": "2", "sector": "18", "manzana": "99", "lote": "06", "ph": "000", "propietari": "HOLGUIN QUIJIJE MARIO FERNANDO", "documentop": "1307808319", "direccion": "VILLAMARINA MZ 05 LOTE 06", "area_m2": 199.38, "frente_uti": 9.95, "frente_tot": 9.95, "avaluo_con": 9074.78, "avaluo_sue": 14355.36, "zonaurbano": "URBANA", "parroquia": "LOS ESTEROS", "esta_bloqu": "NO", "es_tercera": "NO", "tiene_elec": "SI", "tiene_agua": "SI", "tiene_alca": "SI", "observacio": "AUTORIZADO...SE CREA EL PRESENTE CÓDIGO CATASTRAL MEDIANTE RESOLUCIÓN LEGISLATIVA N°. 448-24-03-2022, QUE DISPONE “AUTORIZAR LA TRANSFERENCIA DE DOMINIO DE 59 LOTES, Y DECLARAR, INCORPORAR AL PATRIMONIO MUNICIPAL, 122 LOTES DE TERRENO CONTENIDOS EN", "observac_1": null, "barrio": "VILLAMARINA", "parroquia_": 4, "barrio_id": 232, "proceso": 0, "fecha_regi": null, "activo_cat": "SI", "desactivad": 0, "avaluo_rem": 0.0, "avaluo_r_1": 0.0, "clasificac": "GENERAL", "anio_deuda": 2024, "deuda": 52.5, "valor_ip": 0.0, "coactiva": null, "ficharegis": 82063, "etam": 0.0, "diferencia": -0.0085201495, "porc_difer": -4.27332e-05, "admisible": 0, "deuda_anio": 35.17, "2019_csv_c": null, "clavecat_1": null, "2021__csv_": null, "2021__csv1": null, "Clavepre": "2-18-99-06-000", "RESOLUCION": "448-24-03-2022", "ORIG_FID": 78 }, "geometry": { "type": "Point", "coordinates": [ -80.668527624586446, -0.962026822698037 ] } },
{ "type": "Feature", "properties": { "id": 55193, "lote_id": 100661, "clavecatas": "2-18-99-07-000", "zona": "2", "sector": "18", "manzana": "99", "lote": "07", "ph": "000", "propietari": "GOBIERNO AUTONOMO DESCENTRALIZADO MUNICIPAL DEL CANTON MANTA .", "documentop": "1360000980001", "direccion": "VILLAMARINA MZ 05 LOTE 07", "area_m2": 193.09, "frente_uti": 10.05, "frente_tot": 10.05, "avaluo_con": 17794.3, "avaluo_sue": 13902.48, "zonaurbano": "URBANA", "parroquia": "LOS ESTEROS", "esta_bloqu": "NO", "es_tercera": "NO", "tiene_elec": "SI", "tiene_agua": "SI", "tiene_alca": "SI", "observacio": "AUTORIZADO...SE CREA EL PRESENTE CÓDIGO CATASTRAL MEDIANTE RESOLUCIÓN LEGISLATIVA N°. 448-24-03-2022, QUE DISPONE “AUTORIZAR LA TRANSFERENCIA DE DOMINIO DE 59 LOTES, Y DECLARAR, INCORPORAR AL PATRIMONIO MUNICIPAL, 122 LOTES DE TERRENO CONTENIDOS EN", "observac_1": null, "barrio": "VILLAMARINA", "parroquia_": 4, "barrio_id": 232, "proceso": 0, "fecha_regi": null, "activo_cat": "SI", "desactivad": 0, "avaluo_rem": 0.0, "avaluo_r_1": 0.0, "clasificac": "POR LEGALIZAR", "anio_deuda": 0, "deuda": 0.0, "valor_ip": 0.0, "coactiva": null, "ficharegis": 0, "etam": 0.0719647977, "diferencia": -0.0001975585, "porc_difer": -1.0231e-06, "admisible": 1, "deuda_anio": 0.0, "2019_csv_c": null, "clavecat_1": null, "2021__csv_": null, "2021__csv1": null, "Clavepre": "2-18-99-07-000", "RESOLUCION": "447-24-03-2022", "ORIG_FID": 79 }, "geometry": { "type": "Point", "coordinates": [ -80.66853784865053, -0.96211803253492 ] } },
{ "type": "Feature", "properties": { "id": 55196, "lote_id": 100664, "clavecatas": "2-18-99-10-000", "zona": "2", "sector": "18", "manzana": "99", "lote": "10", "ph": "000", "propietari": "BRIONES MARTINEZ  ANA AGUSTINA", "documentop": "1309340717", "direccion": "VILLAMARINA MZ 05 LOTE 10", "area_m2": 185.27, "frente_uti": 10.0, "frente_tot": 10.0, "avaluo_con": 745.01, "avaluo_sue": 13339.44, "zonaurbano": "URBANA", "parroquia": "LOS ESTEROS", "esta_bloqu": "NO", "es_tercera": "NO", "tiene_elec": "SI", "tiene_agua": "SI", "tiene_alca": "SI", "observacio": "AUTORIZADO...SE CREA EL PRESENTE CÓDIGO CATASTRAL MEDIANTE RESOLUCIÓN LEGISLATIVA N°. 448-24-03-2022, QUE DISPONE “AUTORIZAR LA TRANSFERENCIA DE DOMINIO DE 59 LOTES, Y DECLARAR, INCORPORAR AL PATRIMONIO MUNICIPAL, 122 LOTES DE TERRENO CONTENIDOS EN", "observac_1": null, "barrio": "VILLAMARINA", "parroquia_": 4, "barrio_id": 232, "proceso": 0, "fecha_regi": null, "activo_cat": "SI", "desactivad": 0, "avaluo_rem": 0.0, "avaluo_r_1": 0.0, "clasificac": "GENERAL", "anio_deuda": 0, "deuda": 0.0, "valor_ip": 0.0, "coactiva": null, "ficharegis": 81238, "etam": 0.0734678701, "diferencia": -0.0035503801, "porc_difer": -1.91633e-05, "admisible": 1, "deuda_anio": 0.0, "2019_csv_c": null, "clavecat_1": null, "2021__csv_": null, "2021__csv1": null, "Clavepre": "2-18-99-10-000", "RESOLUCION": "448-24-03-2022", "ORIG_FID": 80 }, "geometry": { "type": "Point", "coordinates": [ -80.668699368453233, -0.962056759296399 ] } },
{ "type": "Feature", "properties": { "id": 55197, "lote_id": 100665, "clavecatas": "2-18-99-11-000", "zona": "2", "sector": "18", "manzana": "99", "lote": "11", "ph": "000", "propietari": "ALCIVAR BRIONES  MAGALI ELIZABETH", "documentop": "1712300225", "direccion": "VILLAMARINA MZ 05 LOTE 11", "area_m2": 174.43, "frente_uti": 10.0, "frente_tot": 10.0, "avaluo_con": 10357.6, "avaluo_sue": 13954.4, "zonaurbano": "URBANA", "parroquia": "LOS ESTEROS", "esta_bloqu": "NO", "es_tercera": "NO", "tiene_elec": "SI", "tiene_agua": "SI", "tiene_alca": "SI", "observacio": "AUTORIZADO...SE CREA EL PRESENTE CÓDIGO CATASTRAL MEDIANTE RESOLUCIÓN LEGISLATIVA N°. 448-24-03-2022, QUE DISPONE “AUTORIZAR LA TRANSFERENCIA DE DOMINIO DE 59 LOTES, Y DECLARAR, INCORPORAR AL PATRIMONIO MUNICIPAL, 122 LOTES DE TERRENO CONTENIDOS EN", "observac_1": null, "barrio": "VILLAMARINA", "parroquia_": 4, "barrio_id": 232, "proceso": 0, "fecha_regi": null, "activo_cat": "SI", "desactivad": 0, "avaluo_rem": 0.0, "avaluo_r_1": 0.0, "clasificac": "GENERAL", "anio_deuda": 0, "deuda": 0.0, "valor_ip": 0.0, "coactiva": null, "ficharegis": 81710, "etam": 0.0757163046, "diferencia": -0.0025801711, "porc_difer": -1.4792e-05, "admisible": 1, "deuda_anio": 0.0, "2019_csv_c": null, "clavecat_1": null, "2021__csv_": null, "2021__csv1": null, "Clavepre": "2-18-99-11-000", "RESOLUCION": "448-24-03-2022", "ORIG_FID": 81 }, "geometry": { "type": "Point", "coordinates": [ -80.668686927280078, -0.961966173555191 ] } },
{ "type": "Feature", "properties": { "id": 55198, "lote_id": 100666, "clavecatas": "2-18-99-12-000", "zona": "2", "sector": "18", "manzana": "99", "lote": "12", "ph": "000", "propietari": "GOBIERNO AUTONOMO DESCENTRALIZADO  MUNICIPAL MANTA .", "documentop": "1360000980001", "direccion": "VILLAMARINA MZ 05 LOTE 12", "area_m2": 170.45, "frente_uti": 9.85, "frente_tot": 9.85, "avaluo_con": 0.0, "avaluo_sue": 13636.0, "zonaurbano": "URBANA", "parroquia": "LOS ESTEROS", "esta_bloqu": "NO", "es_tercera": "NO", "tiene_elec": "SI", "tiene_agua": "SI", "tiene_alca": "SI", "observacio": "AUTORIZADO...SE CREA EL PRESENTE CÓDIGO CATASTRAL MEDIANTE RESOLUCIÓN LEGISLATIVA N°. 448-24-03-2022, QUE DISPONE “AUTORIZAR LA TRANSFERENCIA DE DOMINIO DE 59 LOTES, Y DECLARAR, INCORPORAR AL PATRIMONIO MUNICIPAL, 122 LOTES DE TERRENO CONTENIDOS EN", "observac_1": null, "barrio": "VILLAMARINA", "parroquia_": 4, "barrio_id": 232, "proceso": 0, "fecha_regi": null, "activo_cat": "SI", "desactivad": 0, "avaluo_rem": 0.0, "avaluo_r_1": 0.0, "clasificac": "POR LEGALIZAR", "anio_deuda": 0, "deuda": 0.0, "valor_ip": 0.0, "coactiva": null, "ficharegis": 0, "etam": 0.0765951899, "diferencia": -0.0090536183, "porc_difer": -5.3116e-05, "admisible": 1, "deuda_anio": 0.0, "2019_csv_c": null, "clavecat_1": null, "2021__csv_": null, "2021__csv1": null, "Clavepre": "2-18-99-12-000", "RESOLUCION": "447-24-03-2022", "ORIG_FID": 82 }, "geometry": { "type": "Point", "coordinates": [ -80.668670254448614, -0.961878283330649 ] } },
{ "type": "Feature", "properties": { "id": 55199, "lote_id": 100667, "clavecatas": "2-18-99-13-000", "zona": "2", "sector": "18", "manzana": "99", "lote": "13", "ph": "000", "propietari": "MACIAS LOPEZ BEATRIZ MONSERRATE", "documentop": "1311683146", "direccion": "VILLAMARINA MZ 05 LOTE 13", "area_m2": 174.43, "frente_uti": 10.0, "frente_tot": 10.0, "avaluo_con": 19933.94, "avaluo_sue": 12558.96, "zonaurbano": "URBANA", "parroquia": "LOS ESTEROS", "esta_bloqu": "NO", "es_tercera": "NO", "tiene_elec": "SI", "tiene_agua": "SI", "tiene_alca": "SI", "observacio": "AUTORIZADO...SE CREA EL PRESENTE CÓDIGO CATASTRAL MEDIANTE RESOLUCIÓN LEGISLATIVA N°. 448-24-03-2022, QUE DISPONE “AUTORIZAR LA TRANSFERENCIA DE DOMINIO DE 59 LOTES, Y DECLARAR, INCORPORAR AL PATRIMONIO MUNICIPAL, 122 LOTES DE TERRENO CONTENIDOS EN", "observac_1": null, "barrio": "VILLAMARINA", "parroquia_": 4, "barrio_id": 232, "proceso": 0, "fecha_regi": null, "activo_cat": "SI", "desactivad": 0, "avaluo_rem": 0.0, "avaluo_r_1": 0.0, "clasificac": "GENERAL", "anio_deuda": 2024, "deuda": 80.54, "valor_ip": 0.0, "coactiva": null, "ficharegis": 81547, "etam": 0.0757163046, "diferencia": -0.0036972005, "porc_difer": -2.11959e-05, "admisible": 1, "deuda_anio": 54.79, "2019_csv_c": null, "clavecat_1": null, "2021__csv_": null, "2021__csv1": null, "Clavepre": "2-18-99-13-000", "RESOLUCION": "448-24-03-2022", "ORIG_FID": 83 }, "geometry": { "type": "Point", "coordinates": [ -80.668653187477474, -0.961790545161678 ] } },
{ "type": "Feature", "properties": { "id": 55201, "lote_id": 100655, "clavecatas": "2-18-99-15-000", "zona": "2", "sector": "18", "manzana": "99", "lote": "15", "ph": "000", "propietari": "ANCHUNDIA ANCHUNDIA  KELLY MARIA", "documentop": "1315734671", "direccion": "VILLAMARINA MZ 05 LOTE 01", "area_m2": 262.34, "frente_uti": 33.6, "frente_tot": 33.6, "avaluo_con": 7392.0, "avaluo_sue": 18841.26, "zonaurbano": "URBANA", "parroquia": "LOS ESTEROS", "esta_bloqu": "NO", "es_tercera": "NO", "tiene_elec": "SI", "tiene_agua": "SI", "tiene_alca": "SI", "observacio": "AUTORIZADO...SE CREA EL PRESENTE CÓDIGO CATASTRAL MEDIANTE RESOLUCIÓN LEGISLATIVA N°. 448-24-03-2022, QUE DISPONE “AUTORIZAR LA TRANSFERENCIA DE DOMINIO DE 59 LOTES, Y DECLARAR, INCORPORAR AL PATRIMONIO MUNICIPAL, 122 LOTES DE TERRENO CONTENIDOS EN", "observac_1": null, "barrio": "VILLAMARINA", "parroquia_": 4, "barrio_id": 232, "proceso": 0, "fecha_regi": null, "activo_cat": "SI", "desactivad": 0, "avaluo_rem": 0.0, "avaluo_r_1": 0.0, "clasificac": "GENERAL", "anio_deuda": 0, "deuda": 0.0, "valor_ip": 0.0, "coactiva": null, "ficharegis": 81396, "etam": 0.1234803178, "diferencia": -0.0024627646, "porc_difer": -9.3877e-06, "admisible": 1, "deuda_anio": 0.0, "2019_csv_c": null, "clavecat_1": null, "2021__csv_": null, "2021__csv1": null, "Clavepre": "2-18-99-15-000", "RESOLUCION": "448-24-03-2022", "ORIG_FID": 84 }, "geometry": { "type": "Point", "coordinates": [ -80.66860884648392, -0.961481996666322 ] } },
{ "type": "Feature", "properties": { "id": 53745, "lote_id": 100636, "clavecatas": "2-18-100-03-000", "zona": "2", "sector": "18", "manzana": "100", "lote": "03", "ph": "000", "propietari": "DELGADO MERO DIANA ALEXANDRA", "documentop": "1308929544", "direccion": "VILLAMARINA MZ 03 LOTE 03", "area_m2": 196.68, "frente_uti": 10.1, "frente_tot": 10.1, "avaluo_con": 75166.73, "avaluo_sue": 14160.96, "zonaurbano": "URBANA", "parroquia": "LOS ESTEROS", "esta_bloqu": "NO", "es_tercera": "NO", "tiene_elec": "SI", "tiene_agua": "SI", "tiene_alca": "SI", "observacio": "AUTORIZADO. SE CREA EL PRESENTE CÓDIGO CATASTRAL MEDIANTE RESOLUCIÓN LEGISLATIVA N°. 448-24-03-2022, QUE DISPONE “AUTORIZAR LA TRANSFERENCIA DE DOMINIO DE 59 LOTES, Y DECLARAR, INCORPORAR AL PATRIMONIO MUNICIPAL, 122 LOTES DE TERRENO CONTENIDOS EN E", "observac_1": "Se crea el presente código catastral mediante Resolución legislativa N°. 448-24-03-2022, que dispone “Autorizar la Transferencia de Dominio de 59 lotes, y declarar, incorporar al patrimonio municipal, 122 lotes de terreno contenidos en el informe MT", "barrio": "VILLAMARINA", "parroquia_": 4, "barrio_id": 232, "proceso": 0, "fecha_regi": null, "activo_cat": "SI", "desactivad": 0, "avaluo_rem": 0.0, "avaluo_r_1": 0.0, "clasificac": "GENERAL", "anio_deuda": 0, "deuda": 0.0, "valor_ip": 0.0, "coactiva": null, "ficharegis": 81523, "etam": 0.0713049862, "diferencia": -0.0025587951, "porc_difer": -1.30099e-05, "admisible": 1, "deuda_anio": 0.0, "2019_csv_c": null, "clavecat_1": null, "2021__csv_": null, "2021__csv1": null, "Clavepre": "2-18-100-03-000", "RESOLUCION": "448-24-03-2022", "ORIG_FID": 85 }, "geometry": { "type": "Point", "coordinates": [ -80.668608608690946, -0.962568337634489 ] } },
{ "type": "Feature", "properties": { "id": 53746, "lote_id": 100638, "clavecatas": "2-18-100-04-000", "zona": "2", "sector": "18", "manzana": "100", "lote": "04", "ph": "000", "propietari": "ANCHUNDIA CALLE AURA LORENA", "documentop": "1308174794", "direccion": "VILLAMARINA MZ 03 LOTE 04", "area_m2": 194.73, "frente_uti": 10.0, "frente_tot": 10.0, "avaluo_con": 18048.0, "avaluo_sue": 14020.56, "zonaurbano": "URBANA", "parroquia": "LOS ESTEROS", "esta_bloqu": "NO", "es_tercera": "NO", "tiene_elec": "SI", "tiene_agua": "SI", "tiene_alca": "SI", "observacio": "AUTORIZADO. SE CREA EL PRESENTE CÓDIGO CATASTRAL MEDIANTE RESOLUCIÓN LEGISLATIVA N°. 448-24-03-2022, QUE DISPONE “AUTORIZAR LA TRANSFERENCIA DE DOMINIO DE 59 LOTES, Y DECLARAR, INCORPORAR AL PATRIMONIO MUNICIPAL, 122 LOTES DE TERRENO CONTENIDOS EN E", "observac_1": null, "barrio": "VILLAMARINA", "parroquia_": 4, "barrio_id": 232, "proceso": 0, "fecha_regi": null, "activo_cat": "SI", "desactivad": 0, "avaluo_rem": 0.0, "avaluo_r_1": 0.0, "clasificac": "GENERAL", "anio_deuda": 0, "deuda": 0.0, "valor_ip": 0.0, "coactiva": null, "ficharegis": 81529, "etam": 0.0716611161, "diferencia": -0.0052066779, "porc_difer": -2.67379e-05, "admisible": 1, "deuda_anio": 0.0, "2019_csv_c": null, "clavecat_1": null, "2021__csv_": null, "2021__csv1": null, "Clavepre": "2-18-100-04-000", "RESOLUCION": "448-24-03-2022", "ORIG_FID": 86 }, "geometry": { "type": "Point", "coordinates": [ -80.668621723882509, -0.962658297831965 ] } },
{ "type": "Feature", "properties": { "id": 53747, "lote_id": 100637, "clavecatas": "2-18-100-05-000", "zona": "2", "sector": "18", "manzana": "100", "lote": "05", "ph": "000", "propietari": "ZAMBRANO MOREIRA OSCAR JUVENAL", "documentop": "1310221641", "direccion": "VILLAMARINA MZ 03 LOTE 05", "area_m2": 196.68, "frente_uti": 10.1, "frente_tot": 10.1, "avaluo_con": 13500.28, "avaluo_sue": 14160.96, "zonaurbano": "URBANA", "parroquia": "LOS ESTEROS", "esta_bloqu": "NO", "es_tercera": "NO", "tiene_elec": "SI", "tiene_agua": "SI", "tiene_alca": "SI", "observacio": "AUTORIZADO. SE CREA EL PRESENTE CÓDIGO CATASTRAL MEDIANTE RESOLUCIÓN LEGISLATIVA N°. 448-24-03-2022, QUE DISPONE “AUTORIZAR LA TRANSFERENCIA DE DOMINIO DE 59 LOTES, Y DECLARAR, INCORPORAR AL PATRIMONIO MUNICIPAL, 122 LOTES DE TERRENO CONTENIDOS EN E", "observac_1": null, "barrio": "VILLAMARINA", "parroquia_": 4, "barrio_id": 232, "proceso": 0, "fecha_regi": null, "activo_cat": "SI", "desactivad": 0, "avaluo_rem": 0.0, "avaluo_r_1": 0.0, "clasificac": "GENERAL", "anio_deuda": 0, "deuda": 0.0, "valor_ip": 0.0, "coactiva": null, "ficharegis": 81531, "etam": 0.0713049862, "diferencia": -0.0025587792, "porc_difer": -1.30099e-05, "admisible": 1, "deuda_anio": 0.0, "2019_csv_c": null, "clavecat_1": null, "2021__csv_": null, "2021__csv1": null, "Clavepre": "2-18-100-05-000", "RESOLUCION": "448-24-03-2022", "ORIG_FID": 87 }, "geometry": { "type": "Point", "coordinates": [ -80.668634839073974, -0.962748258029582 ] } },
{ "type": "Feature", "properties": { "id": 53748, "lote_id": 100639, "clavecatas": "2-18-100-06-000", "zona": "2", "sector": "18", "manzana": "100", "lote": "06", "ph": "000", "propietari": "ANCHUNDIA MERO JANETH MONSERRATE", "documentop": "1309076378", "direccion": "VILLAMARINA MZ 03 LOTE 06", "area_m2": 196.68, "frente_uti": 10.1, "frente_tot": 10.1, "avaluo_con": 47178.6, "avaluo_sue": 14160.96, "zonaurbano": "URBANA", "parroquia": "LOS ESTEROS", "esta_bloqu": "NO", "es_tercera": "NO", "tiene_elec": "SI", "tiene_agua": "SI", "tiene_alca": "SI", "observacio": "AUTORIZADO. SE CREA EL PRESENTE CÓDIGO CATASTRAL MEDIANTE RESOLUCIÓN LEGISLATIVA N°. 448-24-03-2022, QUE DISPONE “AUTORIZAR LA TRANSFERENCIA DE DOMINIO DE 59 LOTES, Y DECLARAR, INCORPORAR AL PATRIMONIO MUNICIPAL, 122 LOTES DE TERRENO CONTENIDOS EN E", "observac_1": null, "barrio": "VILLAMARINA", "parroquia_": 4, "barrio_id": 232, "proceso": 0, "fecha_regi": null, "activo_cat": "SI", "desactivad": 0, "avaluo_rem": 0.0, "avaluo_r_1": 0.0, "clasificac": "GENERAL", "anio_deuda": 0, "deuda": 0.0, "valor_ip": 0.0, "coactiva": null, "ficharegis": 81673, "etam": 0.0713049862, "diferencia": -0.0025587239, "porc_difer": -1.30096e-05, "admisible": 1, "deuda_anio": 0.0, "2019_csv_c": null, "clavecat_1": null, "2021__csv_": null, "2021__csv1": null, "Clavepre": "2-18-100-06-000", "RESOLUCION": "448-24-03-2022", "ORIG_FID": 88 }, "geometry": { "type": "Point", "coordinates": [ -80.668648019515018, -0.96283866579051 ] } },
{ "type": "Feature", "properties": { "id": 53749, "lote_id": 100641, "clavecatas": "2-18-100-07-000", "zona": "2", "sector": "18", "manzana": "100", "lote": "07", "ph": "000", "propietari": "GOBIERNO AUTONOMO DESCENTRALIZADO  MUNICIPAL MANTA .", "documentop": "1360000980001", "direccion": "VILLAMARINA MZ 03 LOTE 07", "area_m2": 194.73, "frente_uti": 10.0, "frente_tot": 10.0, "avaluo_con": 0.0, "avaluo_sue": 15578.4, "zonaurbano": "URBANA", "parroquia": "LOS ESTEROS", "esta_bloqu": "NO", "es_tercera": "NO", "tiene_elec": "SI", "tiene_agua": "SI", "tiene_alca": "SI", "observacio": "AUTORIZADO. SE CREA EL PRESENTE CÓDIGO CATASTRAL MEDIANTE RESOLUCIÓN LEGISLATIVA N°. 448-24-03-2022, QUE DISPONE “AUTORIZAR LA TRANSFERENCIA DE DOMINIO DE 59 LOTES, Y DECLARAR, INCORPORAR AL PATRIMONIO MUNICIPAL, 122 LOTES DE TERRENO CONTENIDOS EN E", "observac_1": null, "barrio": "VILLAMARINA", "parroquia_": 4, "barrio_id": 232, "proceso": 0, "fecha_regi": null, "activo_cat": "SI", "desactivad": 0, "avaluo_rem": 0.0, "avaluo_r_1": 0.0, "clasificac": "POR LEGALIZAR", "anio_deuda": 0, "deuda": 0.0, "valor_ip": 0.0, "coactiva": null, "ficharegis": 0, "etam": 0.0716611161, "diferencia": -0.005206721, "porc_difer": -2.67382e-05, "admisible": 1, "deuda_anio": 0.0, "2019_csv_c": null, "clavecat_1": null, "2021__csv_": null, "2021__csv1": null, "Clavepre": "2-18-100-07-000", "RESOLUCION": "447-24-03-2022", "ORIG_FID": 89 }, "geometry": { "type": "Point", "coordinates": [ -80.668661134706284, -0.962928625988427 ] } },
{ "type": "Feature", "properties": { "id": 53750, "lote_id": 100640, "clavecatas": "2-18-100-08-000", "zona": "2", "sector": "18", "manzana": "100", "lote": "08", "ph": "000", "propietari": "GOBIERNO AUTONOMO DESCENTRALIZADO  MUNICIPAL MANTA .", "documentop": "1360000980001", "direccion": "VILLAMARINA MZ 03 LOTE 08", "area_m2": 187.82, "frente_uti": 30.0, "frente_tot": 30.0, "avaluo_con": 0.0, "avaluo_sue": 15025.6, "zonaurbano": "URBANA", "parroquia": "LOS ESTEROS", "esta_bloqu": "NO", "es_tercera": "NO", "tiene_elec": "SI", "tiene_agua": "SI", "tiene_alca": "SI", "observacio": "AUTORIZADO. SE CREA EL PRESENTE CÓDIGO CATASTRAL MEDIANTE RESOLUCIÓN LEGISLATIVA N°. 448-24-03-2022, QUE DISPONE “AUTORIZAR LA TRANSFERENCIA DE DOMINIO DE 59 LOTES, Y DECLARAR, INCORPORAR AL PATRIMONIO MUNICIPAL, 122 LOTES DE TERRENO CONTENIDOS EN E", "observac_1": null, "barrio": "VILLAMARINA", "parroquia_": 4, "barrio_id": 232, "proceso": 0, "fecha_regi": null, "activo_cat": "SI", "desactivad": 0, "avaluo_rem": 0.0, "avaluo_r_1": 0.0, "clasificac": "POR LEGALIZAR", "anio_deuda": 0, "deuda": 0.0, "valor_ip": 0.0, "coactiva": null, "ficharegis": 0, "etam": 0.0729674353, "diferencia": -0.1773498688, "porc_difer": -0.0009442544, "admisible": 1, "deuda_anio": 0.0, "2019_csv_c": null, "clavecat_1": null, "2021__csv_": null, "2021__csv1": null, "Clavepre": "2-18-100-08-000", "RESOLUCION": "447-24-03-2022", "ORIG_FID": 90 }, "geometry": { "type": "Point", "coordinates": [ -80.668673676671986, -0.963016797879461 ] } },
{ "type": "Feature", "properties": { "id": 53751, "lote_id": 100642, "clavecatas": "2-18-100-09-000", "zona": "2", "sector": "18", "manzana": "100", "lote": "09", "ph": "000", "propietari": "GOBIERNO AUTONOMO DESCENTRALIZADO  MUNICIPAL MANTA .", "documentop": "1360000980001", "direccion": "VILLAMARINA MZ 03 LOTE 09", "area_m2": 171.19, "frente_uti": 28.8, "frente_tot": 28.8, "avaluo_con": 0.0, "avaluo_sue": 13695.2, "zonaurbano": "URBANA", "parroquia": "LOS ESTEROS", "esta_bloqu": "NO", "es_tercera": "NO", "tiene_elec": "SI", "tiene_agua": "SI", "tiene_alca": "SI", "observacio": "AUTORIZADO. SE CREA EL PRESENTE CÓDIGO CATASTRAL MEDIANTE RESOLUCIÓN LEGISLATIVA N°. 448-24-03-2022, QUE DISPONE “AUTORIZAR LA TRANSFERENCIA DE DOMINIO DE 59 LOTES, Y DECLARAR, INCORPORAR AL PATRIMONIO MUNICIPAL, 122 LOTES DE TERRENO CONTENIDOS EN E", "observac_1": null, "barrio": "VILLAMARINA", "parroquia_": 4, "barrio_id": 232, "proceso": 0, "fecha_regi": null, "activo_cat": "SI", "desactivad": 0, "avaluo_rem": 0.0, "avaluo_r_1": 0.0, "clasificac": "POR LEGALIZAR", "anio_deuda": 0, "deuda": 0.0, "valor_ip": 0.0, "coactiva": null, "ficharegis": 0, "etam": 0.0764294623, "diferencia": -0.0045402592, "porc_difer": -2.65218e-05, "admisible": 1, "deuda_anio": 0.0, "2019_csv_c": null, "clavecat_1": null, "2021__csv_": null, "2021__csv1": null, "Clavepre": "2-18-100-09-000", "RESOLUCION": "447-24-03-2022", "ORIG_FID": 91 }, "geometry": { "type": "Point", "coordinates": [ -80.668841219840829, -0.962949476733875 ] } },
{ "type": "Feature", "properties": { "id": 53753, "lote_id": 100643, "clavecatas": "2-18-100-10-000", "zona": "2", "sector": "18", "manzana": "100", "lote": "10", "ph": "000", "propietari": "GOBIERNO AUTONOMO DESCENTRALIZADO  MUNICIPAL MANTA .", "documentop": "1360000980001", "direccion": "VILLAMARINA MZ 03 LOTE 10", "area_m2": 214.96, "frente_uti": 10.9, "frente_tot": 10.9, "avaluo_con": 0.0, "avaluo_sue": 17196.8, "zonaurbano": "URBANA", "parroquia": "LOS ESTEROS", "esta_bloqu": "NO", "es_tercera": "NO", "tiene_elec": "SI", "tiene_agua": "SI", "tiene_alca": "SI", "observacio": "AUTORIZADO. SE CREA EL PRESENTE CÓDIGO CATASTRAL MEDIANTE RESOLUCIÓN LEGISLATIVA N°. 448-24-03-2022, QUE DISPONE “AUTORIZAR LA TRANSFERENCIA DE DOMINIO DE 59 LOTES, Y DECLARAR, INCORPORAR AL PATRIMONIO MUNICIPAL, 122 LOTES DE TERRENO CONTENIDOS EN E", "observac_1": null, "barrio": "VILLAMARINA", "parroquia_": 4, "barrio_id": 232, "proceso": 0, "fecha_regi": null, "activo_cat": "SI", "desactivad": 0, "avaluo_rem": 0.0, "avaluo_r_1": 0.0, "clasificac": "POR LEGALIZAR", "anio_deuda": 0, "deuda": 0.0, "valor_ip": 0.0, "coactiva": null, "ficharegis": 0, "etam": 0.1364115579, "diferencia": -0.2230411361, "porc_difer": -0.0010375937, "admisible": 1, "deuda_anio": 0.0, "2019_csv_c": null, "clavecat_1": null, "2021__csv_": null, "2021__csv1": null, "Clavepre": "2-18-100-10-000", "RESOLUCION": "447-24-03-2022", "ORIG_FID": 92 }, "geometry": { "type": "Point", "coordinates": [ -80.668827752391195, -0.96286082510328 ] } },
{ "type": "Feature", "properties": { "id": 53756, "lote_id": 100647, "clavecatas": "2-18-100-14-000", "zona": "2", "sector": "18", "manzana": "100", "lote": "14", "ph": "000", "propietari": "ARAUZ MEDRANDA  ORLEY ROLANDO", "documentop": "1308398229", "direccion": "VILLAMARINA MZ 03 LOTE 14", "area_m2": 194.73, "frente_uti": 10.0, "frente_tot": 10.0, "avaluo_con": 54693.0, "avaluo_sue": 14020.56, "zonaurbano": "URBANA", "parroquia": "LOS ESTEROS", "esta_bloqu": "NO", "es_tercera": "NO", "tiene_elec": "SI", "tiene_agua": "SI", "tiene_alca": "SI", "observacio": "AUTORIZADO. SE CREA EL PRESENTE CÓDIGO CATASTRAL MEDIANTE RESOLUCIÓN LEGISLATIVA N°. 448-24-03-2022, QUE DISPONE “AUTORIZAR LA TRANSFERENCIA DE DOMINIO DE 59 LOTES, Y DECLARAR, INCORPORAR AL PATRIMONIO MUNICIPAL, 122 LOTES DE TERRENO CONTENIDOS EN E", "observac_1": null, "barrio": "VILLAMARINA", "parroquia_": 4, "barrio_id": 232, "proceso": 0, "fecha_regi": null, "activo_cat": "SI", "desactivad": 0, "avaluo_rem": 0.0, "avaluo_r_1": 0.0, "clasificac": "GENERAL", "anio_deuda": 0, "deuda": 0.0, "valor_ip": 0.0, "coactiva": null, "ficharegis": 81679, "etam": 0.0716611161, "diferencia": -0.0052067073, "porc_difer": -2.67381e-05, "admisible": 1, "deuda_anio": 0.0, "2019_csv_c": null, "clavecat_1": null, "2021__csv_": null, "2021__csv1": null, "Clavepre": "2-18-100-14-000", "RESOLUCION": "448-24-03-2022", "ORIG_FID": 93 }, "geometry": { "type": "Point", "coordinates": [ -80.668762714842671, -0.962411990621573 ] } },
{ "type": "Feature", "properties": { "id": 53757, "lote_id": 100670, "clavecatas": "2-18-100-15-000", "zona": "2", "sector": "18", "manzana": "100", "lote": "15", "ph": "000", "propietari": "MERO LOEPZ JOHANA PAOLA", "documentop": "1309842696", "direccion": "B. VILLAMARINA MZ-03 LOTE-01", "area_m2": 194.73, "frente_uti": 30.0, "frente_tot": 30.0, "avaluo_con": 29000.0, "avaluo_sue": 14721.59, "zonaurbano": "URBANA", "parroquia": "LOS ESTEROS", "esta_bloqu": "NO", "es_tercera": "NO", "tiene_elec": "NO", "tiene_agua": "NO", "tiene_alca": "NO", "observacio": "* AUTORIZADO. SE CREA EL PRESENTE CÓDIGO CATASTRAL MEDIANTE RESOLUCIÓN LEGISLATIVA N°. 448-24-03-2022, QUE DISPONE “AUTORIZAR LA TRANSFERENCIA DE DOMINIO DE 59 LOTES, Y DECLARAR, INCORPORAR AL PATRIMONIO MUNICIPAL, 122 LOTES DE TERRENO CONTENIDOS EN", "observac_1": null, "barrio": "VILLAMARINA", "parroquia_": 4, "barrio_id": 232, "proceso": 0, "fecha_regi": null, "activo_cat": "SI", "desactivad": 0, "avaluo_rem": 0.0, "avaluo_r_1": 0.0, "clasificac": "GENERAL", "anio_deuda": 2023, "deuda": 162.48, "valor_ip": 0.0, "coactiva": null, "ficharegis": 81762, "etam": 0.0716611161, "diferencia": -0.0052066857, "porc_difer": -2.6738e-05, "admisible": 1, "deuda_anio": 123.84, "2019_csv_c": null, "clavecat_1": null, "2021__csv_": null, "2021__csv1": null, "Clavepre": "2-18-100-15-000", "RESOLUCION": "448-24-03-2022", "ORIG_FID": 94 }, "geometry": { "type": "Point", "coordinates": [ -80.668749664895685, -0.962322477986739 ] } },
{ "type": "Feature", "properties": { "id": 53758, "lote_id": 100671, "clavecatas": "2-18-100-16-000", "zona": "2", "sector": "18", "manzana": "100", "lote": "16", "ph": "000", "propietari": "ARAUZ MEDRANDA  TANIA MAGDALENA", "documentop": "1307555035", "direccion": "VILLAMARINA MZ-03  LOTE-02", "area_m2": 389.47, "frente_uti": 40.0, "frente_tot": 40.0, "avaluo_con": 38188.44, "avaluo_sue": 29443.93, "zonaurbano": "URBANA", "parroquia": "LOS ESTEROS", "esta_bloqu": "NO", "es_tercera": "NO", "tiene_elec": "NO", "tiene_agua": "NO", "tiene_alca": "NO", "observacio": "* AUTORIZADO. SE CREA EL PRESENTE CÓDIGO CATASTRAL MEDIANTE RESOLUCIÓN LEGISLATIVA N°. 448-24-03-2022, QUE DISPONE “AUTORIZAR LA TRANSFERENCIA DE DOMINIO DE 59 LOTES, Y DECLARAR, INCORPORAR AL PATRIMONIO MUNICIPAL, 122 LOTES DE TERRENO CONTENIDOS EN", "observac_1": null, "barrio": "VILLAMARINA", "parroquia_": 4, "barrio_id": 232, "proceso": 0, "fecha_regi": null, "activo_cat": "SI", "desactivad": 0, "avaluo_rem": 0.0, "avaluo_r_1": 0.0, "clasificac": "GENERAL", "anio_deuda": 2023, "deuda": 309.0, "valor_ip": 0.0, "coactiva": null, "ficharegis": 81725, "etam": 0.1520142319, "diferencia": -0.0004134391, "porc_difer": -1.0615e-06, "admisible": 1, "deuda_anio": 241.27, "2019_csv_c": null, "clavecat_1": null, "2021__csv_": null, "2021__csv1": null, "Clavepre": "2-18-100-16-000", "RESOLUCION": "448-24-03-2022", "ORIG_FID": 95 }, "geometry": { "type": "Point", "coordinates": [ -80.66858896852824, -0.962433621120124 ] } },
{ "type": "Feature", "properties": { "id": 53780, "lote_id": 100634, "clavecatas": "2-18-102-02-000", "zona": "2", "sector": "18", "manzana": "102", "lote": "02", "ph": "000", "propietari": "GOBIERNO AUTONOMO DESCENTRALIZADO  MUNICIPAL MANTA .", "documentop": "1360000980001", "direccion": "VILLAMARINA MZ-2  LOTE-02", "area_m2": 84.01, "frente_uti": 7.9, "frente_tot": 7.9, "avaluo_con": 456.68, "avaluo_sue": 6048.72, "zonaurbano": "URBANA", "parroquia": "LOS ESTEROS", "esta_bloqu": "NO", "es_tercera": "NO", "tiene_elec": "NO", "tiene_agua": "NO", "tiene_alca": "NO", "observacio": "* AUTORIZADO :SE CREA EL PRESENTE CÓDIGO CATASTRAL MEDIANTE RESOLUCIÓN LEGISLATIVA N°. 448-24-03-2022, QUE DISPONE “AUTORIZAR LA TRANSFERENCIA DE DOMINIO DE 59 LOTES, Y DECLARAR, INCORPORAR AL PATRIMONIO MUNICIPAL, 122 LOTES DE TERRENO CONTENIDOS EN", "observac_1": null, "barrio": "VILLAMARINA", "parroquia_": 4, "barrio_id": 232, "proceso": 0, "fecha_regi": null, "activo_cat": "SI", "desactivad": 0, "avaluo_rem": 0.0, "avaluo_r_1": 0.0, "clasificac": "POR LEGALIZAR", "anio_deuda": 0, "deuda": 0.0, "valor_ip": 0.0, "coactiva": null, "ficharegis": 0, "etam": 0.1, "diferencia": 0.6436666969, "porc_difer": 0.0076617867, "admisible": 1, "deuda_anio": 0.0, "2019_csv_c": null, "clavecat_1": null, "2021__csv_": null, "2021__csv1": null, "Clavepre": "2-18-102-02-000", "RESOLUCION": "448-24-03-2022", "ORIG_FID": 96 }, "geometry": { "type": "Point", "coordinates": [ -80.668720593579792, -0.96318189070886 ] } },
{ "type": "Feature", "properties": { "id": 53781, "lote_id": 100635, "clavecatas": "2-18-102-03-000", "zona": "2", "sector": "18", "manzana": "102", "lote": "03", "ph": "000", "propietari": "GARCIA VELEZ DIDIMA IRENE", "documentop": "0922051339", "direccion": "VILLAMARINA MZ-02  LOTE-03", "area_m2": 112.53, "frente_uti": 20.9, "frente_tot": 20.9, "avaluo_con": 9719.6, "avaluo_sue": 8507.27, "zonaurbano": "URBANA", "parroquia": "LOS ESTEROS", "esta_bloqu": "NO", "es_tercera": "NO", "tiene_elec": "NO", "tiene_agua": "NO", "tiene_alca": "NO", "observacio": "* AUTORIZADO :SE CREA EL PRESENTE CÓDIGO CATASTRAL MEDIANTE RESOLUCIÓN LEGISLATIVA N°. 448-24-03-2022, QUE DISPONE “AUTORIZAR LA TRANSFERENCIA DE DOMINIO DE 59 LOTES, Y DECLARAR, INCORPORAR AL PATRIMONIO MUNICIPAL, 122 LOTES DE TERRENO CONTENIDOS EN", "observac_1": null, "barrio": "VILLAMARINA", "parroquia_": 4, "barrio_id": 232, "proceso": 0, "fecha_regi": null, "activo_cat": "SI", "desactivad": 0, "avaluo_rem": 0.0, "avaluo_r_1": 0.0, "clasificac": "GENERAL", "anio_deuda": 2023, "deuda": 54.27, "valor_ip": 0.0, "coactiva": null, "ficharegis": 81729, "etam": 0.0942683359, "diferencia": -0.0060312605, "porc_difer": -5.35969e-05, "admisible": 1, "deuda_anio": 42.53, "2019_csv_c": null, "clavecat_1": null, "2021__csv_": null, "2021__csv1": null, "Clavepre": "2-18-102-03-000", "RESOLUCION": "448-24-03-2022", "ORIG_FID": 97 }, "geometry": { "type": "Point", "coordinates": [ -80.668643347240234, -0.963212300353287 ] } },
{ "type": "Feature", "properties": { "id": 53783, "lote_id": 100651, "clavecatas": "2-18-102-05-000", "zona": "2", "sector": "18", "manzana": "102", "lote": "05", "ph": "000", "propietari": "GOBIERNO AUTONOMO DESCENTRALIZADO MUNICIPAL DEL CANTON MANTA .", "documentop": "1360000980001", "direccion": "VILLAMARINA MZ 02 LOTE 05", "area_m2": 199.02, "frente_uti": 30.0, "frente_tot": 30.0, "avaluo_con": 0.0, "avaluo_sue": 15921.6, "zonaurbano": "URBANA", "parroquia": "LOS ESTEROS", "esta_bloqu": "NO", "es_tercera": "NO", "tiene_elec": "SI", "tiene_agua": "SI", "tiene_alca": "SI", "observacio": "AUTORIZADO. SE CREA EL PRESENTE CÓDIGO CATASTRAL MEDIANTE RESOLUCIÓN LEGISLATIVA N°. 448-24-03-2022, QUE DISPONE “AUTORIZAR LA TRANSFERENCIA DE DOMINIO DE 59 LOTES, Y DECLARAR, INCORPORAR AL PATRIMONIO MUNICIPAL, 122 LOTES DE TERRENO CONTENIDOS EN E", "observac_1": null, "barrio": "VILLAMARINA", "parroquia_": 4, "barrio_id": 232, "proceso": 0, "fecha_regi": null, "activo_cat": "SI", "desactivad": 0, "avaluo_rem": 0.0, "avaluo_r_1": 0.0, "clasificac": "POR LEGALIZAR", "anio_deuda": 0, "deuda": 0.0, "valor_ip": 0.0, "coactiva": null, "ficharegis": 0, "etam": 0.0, "diferencia": -0.0022366186, "porc_difer": -1.12382e-05, "admisible": 0, "deuda_anio": 0.0, "2019_csv_c": null, "clavecat_1": null, "2021__csv_": null, "2021__csv1": null, "Clavepre": "2-18-102-05-000", "RESOLUCION": "447-24-03-2022", "ORIG_FID": 98 }, "geometry": { "type": "Point", "coordinates": [ -80.668716096014975, -0.963374837487233 ] } },
{ "type": "Feature", "properties": { "id": 53784, "lote_id": 100652, "clavecatas": "2-18-102-06-000", "zona": "2", "sector": "18", "manzana": "102", "lote": "06", "ph": "000", "propietari": "LIRIO  LORENZO JACINTO", "documentop": "1305482455", "direccion": "VILLAMARINA MZ 02 LOTE 06", "area_m2": 213.95, "frente_uti": 10.0, "frente_tot": 10.0, "avaluo_con": 230.11, "avaluo_sue": 14634.18, "zonaurbano": "URBANA", "parroquia": "LOS ESTEROS", "esta_bloqu": "NO", "es_tercera": "NO", "tiene_elec": "SI", "tiene_agua": "SI", "tiene_alca": "SI", "observacio": "AUTORIZADO. SE CREA EL PRESENTE CÓDIGO CATASTRAL MEDIANTE RESOLUCIÓN LEGISLATIVA N°. 448-24-03-2022, QUE DISPONE “AUTORIZAR LA TRANSFERENCIA DE DOMINIO DE 59 LOTES, Y DECLARAR, INCORPORAR AL PATRIMONIO MUNICIPAL, 122 LOTES DE TERRENO CONTENIDOS EN E", "observac_1": null, "barrio": "VILLAMARINA", "parroquia_": 4, "barrio_id": 232, "proceso": 0, "fecha_regi": null, "activo_cat": "SI", "desactivad": 0, "avaluo_rem": 0.0, "avaluo_r_1": 0.0, "clasificac": "GENERAL", "anio_deuda": 2025, "deuda": 17.01, "valor_ip": 0.0, "coactiva": null, "ficharegis": 81677, "etam": 0.1367331598, "diferencia": -0.0037819475, "porc_difer": -1.76768e-05, "admisible": 1, "deuda_anio": 9.48, "2019_csv_c": null, "clavecat_1": null, "2021__csv_": null, "2021__csv1": null, "Clavepre": "2-18-102-06-000", "RESOLUCION": "448-24-03-2022", "ORIG_FID": 99 }, "geometry": { "type": "Point", "coordinates": [ -80.668869318284209, -0.963226008858717 ] } },
{ "type": "Feature", "properties": { "id": 53785, "lote_id": 100653, "clavecatas": "2-18-102-07-000", "zona": "2", "sector": "18", "manzana": "102", "lote": "07", "ph": "000", "propietari": "GOBIERNO AUTONOMO DESCENTRALIZADO  MUNICIPAL MANTA .", "documentop": "1360000980001", "direccion": "VILLAMARINA MZ 02 LOTE 01", "area_m2": 251.31, "frente_uti": 34.55, "frente_tot": 34.55, "avaluo_con": 13040.45, "avaluo_sue": 18049.08, "zonaurbano": "URBANA", "parroquia": "LOS ESTEROS", "esta_bloqu": "NO", "es_tercera": "NO", "tiene_elec": "SI", "tiene_agua": "SI", "tiene_alca": "SI", "observacio": "AUTORIZADO. SE CREA EL PRESENTE CÓDIGO CATASTRAL MEDIANTE RESOLUCIÓN LEGISLATIVA N°. 448-24-03-2022, QUE DISPONE “AUTORIZAR LA TRANSFERENCIA DE DOMINIO DE 59 LOTES, Y DECLARAR, INCORPORAR AL PATRIMONIO MUNICIPAL, 122 LOTES DE TERRENO CONTENIDOS EN E", "observac_1": null, "barrio": "VILLAMARINA", "parroquia_": 4, "barrio_id": 232, "proceso": 0, "fecha_regi": null, "activo_cat": "SI", "desactivad": 0, "avaluo_rem": 0.0, "avaluo_r_1": 0.0, "clasificac": "POR LEGALIZAR", "anio_deuda": 0, "deuda": 0.0, "valor_ip": 0.0, "coactiva": null, "ficharegis": 0, "etam": 0.1261609965, "diferencia": 7.0679712891, "porc_difer": 0.0281245127, "admisible": 1, "deuda_anio": 0.0, "2019_csv_c": null, "clavecat_1": null, "2021__csv_": null, "2021__csv1": null, "Clavepre": "2-18-102-07-000", "RESOLUCION": "448-24-03-2022", "ORIG_FID": 100 }, "geometry": { "type": "Point", "coordinates": [ -80.668849502918917, -0.963134266503767 ] } },
{ "type": "Feature", "properties": { "id": 53796, "lote_id": 100229, "clavecatas": "2-18-103-01-000", "zona": "2", "sector": "18", "manzana": "103", "lote": "01", "ph": "000", "propietari": "GOBIERNO AUTONOMO DESCENTRALIZADO MCPAL.DEL CANTON MANTA .", "documentop": "1360000980001", "direccion": "VILLAMARINA MZ - 103 LOTE - 01", "area_m2": 253.91, "frente_uti": 12.2, "frente_tot": 23.9, "avaluo_con": 3696.0, "avaluo_sue": 16504.15, "zonaurbano": "URBANA", "parroquia": "LOS ESTEROS", "esta_bloqu": "NO", "es_tercera": "NO", "tiene_elec": "NO", "tiene_agua": "NO", "tiene_alca": "NO", "observacio": "INGRESO NUEVO DEL LISTADO DE PROCESO DE LEGALIZACION CON LA FICHA REGISTRAL 73844 EN BASE A LA INFORMACION TOMADA DEL SITIO POR LOS COMPAÑEROS 27/12/21 ARQ. LUPE LANDA..\r\nSE ACTUALIZA INFORMACIÓN CON ESCRITURA DE TRANSFERENCIA DE DOMINIO POR EXPROPIACI", "observac_1": null, "barrio": "VILLAMARINA", "parroquia_": 4, "barrio_id": 232, "proceso": 0, "fecha_regi": null, "activo_cat": "SI", "desactivad": 0, "avaluo_rem": 0.0, "avaluo_r_1": 0.0, "clasificac": "GENERAL", "anio_deuda": 2026, "deuda": 25.64, "valor_ip": 0.0, "coactiva": null, "ficharegis": 82922, "etam": 0.1255133996, "diferencia": -0.0019743469, "porc_difer": -7.7758e-06, "admisible": 1, "deuda_anio": 0.0, "2019_csv_c": null, "clavecat_1": null, "2021__csv_": null, "2021__csv1": null, "Clavepre": "2-18-103-01-000", "RESOLUCION": "430-17-02-2022", "ORIG_FID": 101 }, "geometry": { "type": "Point", "coordinates": [ -80.671110519668744, -0.958623512586526 ] } },
{ "type": "Feature", "properties": { "id": 53801, "lote_id": 100235, "clavecatas": "2-18-103-06-000", "zona": "2", "sector": "18", "manzana": "103", "lote": "06", "ph": "000", "propietari": "GOBIERNO AUTONOMO DESCENTRALIZADO MCPAL.DEL CANTON MANTA .", "documentop": "1360000980001", "direccion": "VILLAMARINA MZ - 103 LOTE - 06", "area_m2": 210.91, "frente_uti": 20.2, "frente_tot": 20.2, "avaluo_con": 5698.88, "avaluo_sue": 13709.15, "zonaurbano": "URBANA", "parroquia": "LOS ESTEROS", "esta_bloqu": "NO", "es_tercera": "NO", "tiene_elec": "NO", "tiene_agua": "NO", "tiene_alca": "NO", "observacio": "INGRESO NUEVO DEL LISTADO DE PROCESO DE LEGALIZACION CON LA FICHA REGISTRAL 73844 EN BASE A LA INFORMACION TOMADA DEL SITIO POR LOS COMPAÑEROS 27/12/21 ARQ. LUPE LANDA..\r\nSE ACTUALIZA INFORMACIÓN CON ESCRITURA DE TRANSFERENCIA DE DOMINIO POR EXPROPIACI", "observac_1": null, "barrio": "VILLAMARINA", "parroquia_": 4, "barrio_id": 232, "proceso": 0, "fecha_regi": null, "activo_cat": "SI", "desactivad": 0, "avaluo_rem": 0.0, "avaluo_r_1": 0.0, "clasificac": "GENERAL", "anio_deuda": 2026, "deuda": 30.86, "valor_ip": 0.0, "coactiva": null, "ficharegis": 82928, "etam": 0.1377150518, "diferencia": -0.007019474, "porc_difer": -3.32818e-05, "admisible": 1, "deuda_anio": 0.0, "2019_csv_c": null, "clavecat_1": null, "2021__csv_": null, "2021__csv1": null, "Clavepre": "2-18-103-06-000", "RESOLUCION": "430-17-02-2022", "ORIG_FID": 102 }, "geometry": { "type": "Point", "coordinates": [ -80.670942291599701, -0.958216174262729 ] } },
{ "type": "Feature", "properties": { "id": 53807, "lote_id": 100226, "clavecatas": "2-18-103-11-000", "zona": "2", "sector": "18", "manzana": "103", "lote": "11", "ph": "000", "propietari": "GOBIERNO AUTONOMO DESCENTRALIZADO MCPAL.DEL CANTON MANTA .", "documentop": "1360000980001", "direccion": "VILLAMARINA MZ - 103 LOTE - 11", "area_m2": 191.92, "frente_uti": 11.38, "frente_tot": 11.38, "avaluo_con": 3174.16, "avaluo_sue": 12474.8, "zonaurbano": "URBANA", "parroquia": "LOS ESTEROS", "esta_bloqu": "NO", "es_tercera": "NO", "tiene_elec": "NO", "tiene_agua": "NO", "tiene_alca": "NO", "observacio": "INGRESO NUEVO DEL LISTADO DE PROCESO DE LEGALIZACION CON LA FICHA REGISTRAL 73844 EN BASE A LA INFORMACION TOMADA DEL SITIO POR LOS COMPAÑEROS 27/12/21 ARQ. LUPE LANDA..\r\nSE ACTUALIZA INFORMACIÓN CON ESCRITURA DE TRANSFERENCIA DE DOMINIO POR EXPROPIACI", "observac_1": null, "barrio": "VILLAMARINA", "parroquia_": 4, "barrio_id": 232, "proceso": 0, "fecha_regi": null, "activo_cat": "SI", "desactivad": 0, "avaluo_rem": 0.0, "avaluo_r_1": 0.0, "clasificac": "GENERAL", "anio_deuda": 2026, "deuda": 19.74, "valor_ip": 0.0, "coactiva": null, "ficharegis": 82931, "etam": 0.0721838235, "diferencia": -0.0091222542, "porc_difer": -4.75315e-05, "admisible": 1, "deuda_anio": 0.0, "2019_csv_c": null, "clavecat_1": null, "2021__csv_": null, "2021__csv1": null, "Clavepre": "2-18-103-11-000", "RESOLUCION": "430-17-02-2022", "ORIG_FID": 103 }, "geometry": { "type": "Point", "coordinates": [ -80.670909043371239, -0.958723613627986 ] } },
{ "type": "Feature", "properties": { "id": 53810, "lote_id": 102558, "clavecatas": "2-18-103-14-000", "zona": "2", "sector": "18", "manzana": "103", "lote": "14", "ph": "000", "propietari": "GOBIERNO AUTONOMO DESCENTRALIZADO  MUNICIPAL MANTA .", "documentop": "1360000980001", "direccion": "VILLAMARINA MZ 87 LOTE 03 - CALLE V-14", "area_m2": 190.85, "frente_uti": 10.0, "frente_tot": 10.0, "avaluo_con": 2550.0, "avaluo_sue": 12405.25, "zonaurbano": "URBANA", "parroquia": "LOS ESTEROS", "esta_bloqu": "NO", "es_tercera": "NO", "tiene_elec": "NO", "tiene_agua": "NO", "tiene_alca": "NO", "observacio": "SE PROCEDE A CREAR EL CODIGO CATASTRAL 2-18-103-14-000 POR PROCESO DE LEGALIZACION - EXPROPIACION ESPECIAL VILLAMARINA\r\nSE ACTUALIZA INFORMACIÓN CON ESCRITURA DE TRANSFERENCIA DE DOMINIO POR EXPROPIACIÓN INSCRITA EN EL REGISTRO DE LA PROPIEDAD 21 DE AB", "observac_1": null, "barrio": "VILLAMARINA", "parroquia_": 4, "barrio_id": 232, "proceso": 0, "fecha_regi": null, "activo_cat": "SI", "desactivad": 0, "avaluo_rem": 0.0, "avaluo_r_1": 0.0, "clasificac": "POR LEGALIZAR", "anio_deuda": 0, "deuda": 0.0, "valor_ip": 0.0, "coactiva": null, "ficharegis": 82938, "etam": 0.0723858899, "diferencia": -0.0083150456, "porc_difer": -4.35685e-05, "admisible": 1, "deuda_anio": 0.0, "2019_csv_c": null, "clavecat_1": null, "2021__csv_": null, "2021__csv1": null, "Clavepre": "2-18-103-14-000", "RESOLUCION": "430-17-02-2022", "ORIG_FID": 104 }, "geometry": { "type": "Point", "coordinates": [ -80.67072078966541, -0.958710379952595 ] } },
{ "type": "Feature", "properties": { "id": 53812, "lote_id": 102560, "clavecatas": "2-18-103-16-000", "zona": "2", "sector": "18", "manzana": "103", "lote": "16", "ph": "000", "propietari": "GOBIERNO AUTONOMO DESCENTRALIZADO  MUNICIPAL MANTA .", "documentop": "1360000980001", "direccion": "VILLAMARINA MZ 87 LOTE 01 - CALLE V-14", "area_m2": 360.88, "frente_uti": 18.7, "frente_tot": 18.7, "avaluo_con": 4320.24, "avaluo_sue": 23457.2, "zonaurbano": "URBANA", "parroquia": "LOS ESTEROS", "esta_bloqu": "NO", "es_tercera": "NO", "tiene_elec": "NO", "tiene_agua": "NO", "tiene_alca": "NO", "observacio": "SE PROCEDE A CREAR EL CODIGO CATASTRAL 2-18-103-16-000 POR PROCESO DE LEGALIZACION - EXPROPIACION ESPECIAL VILLAMARINA.\r\nSE ACTUALIZA INFORMACIÓN CON ESCRITURA DE TRANSFERENCIA DE DOMINIO POR EXPROPIACIÓN INSCRITA EN EL REGISTRO DE LA PROPIEDAD 21 DE A", "observac_1": null, "barrio": "VILLAMARINA", "parroquia_": 4, "barrio_id": 232, "proceso": 0, "fecha_regi": null, "activo_cat": "SI", "desactivad": 0, "avaluo_rem": 0.0, "avaluo_r_1": 0.0, "clasificac": "POR LEGALIZAR", "anio_deuda": 0, "deuda": 0.0, "valor_ip": 0.0, "coactiva": null, "ficharegis": 82940, "etam": 0.1579209863, "diferencia": 0.0134773815, "porc_difer": 3.73459e-05, "admisible": 1, "deuda_anio": 0.0, "2019_csv_c": null, "clavecat_1": null, "2021__csv_": null, "2021__csv1": null, "Clavepre": "2-18-103-16-000", "RESOLUCION": "430-17-02-2022", "ORIG_FID": 105 }, "geometry": { "type": "Point", "coordinates": [ -80.670810476800028, -0.958915942386028 ] } },
{ "type": "Feature", "properties": { "id": 53820, "lote_id": 100579, "clavecatas": "2-18-104-02-000", "zona": "2", "sector": "18", "manzana": "104", "lote": "02", "ph": "000", "propietari": "ALVARADO RIVAS  ELSITA ARACELY", "documentop": "1308053899", "direccion": "VILLAMARINA MZ 09 LOTE 02", "area_m2": 170.0, "frente_uti": 10.6, "frente_tot": 10.6, "avaluo_con": 28130.82, "avaluo_sue": 9972.63, "zonaurbano": "URBANA", "parroquia": "LOS ESTEROS", "esta_bloqu": "NO", "es_tercera": "NO", "tiene_elec": "SI", "tiene_agua": "SI", "tiene_alca": "SI", "observacio": "* AUTORIZADO :SE CREA EL PRESENTE CÓDIGO CATASTRAL MEDIANTE RESOLUCIÓN LEGISLATIVA N°. 448-24-03-2022, QUE DISPONE “AUTORIZAR LA TRANSFERENCIA DE DOMINIO DE 59 LOTES, Y DECLARAR, INCORPORAR AL PATRIMONIO MUNICIPAL, 122 LOTES DE TERRENO CONTENIDOS EN", "observac_1": null, "barrio": "VILLAMARINA", "parroquia_": 4, "barrio_id": 232, "proceso": 0, "fecha_regi": null, "activo_cat": "SI", "desactivad": 0, "avaluo_rem": 0.0, "avaluo_r_1": 0.0, "clasificac": "GENERAL", "anio_deuda": 2026, "deuda": 32.28, "valor_ip": 0.0, "coactiva": null, "ficharegis": 81832, "etam": 0.0766964989, "diferencia": -0.002971504, "porc_difer": -1.74794e-05, "admisible": 1, "deuda_anio": 0.0, "2019_csv_c": null, "clavecat_1": null, "2021__csv_": null, "2021__csv1": null, "Clavepre": "2-18-104-02-000", "RESOLUCION": "448-24-03-2022", "ORIG_FID": 106 }, "geometry": { "type": "Point", "coordinates": [ -80.66822604878945, -0.958323501065443 ] } },
{ "type": "Feature", "properties": { "id": 53821, "lote_id": 100580, "clavecatas": "2-18-104-03-000", "zona": "2", "sector": "18", "manzana": "104", "lote": "03", "ph": "000", "propietari": "TUBAY GOROZABEL MONICA DOLORES", "documentop": "1308673670", "direccion": "VILLAMARINA MZ 09 LOTE 03", "area_m2": 190.26, "frente_uti": 10.0, "frente_tot": 10.0, "avaluo_con": 19254.96, "avaluo_sue": 12366.9, "zonaurbano": "URBANA", "parroquia": "LOS ESTEROS", "esta_bloqu": "NO", "es_tercera": "NO", "tiene_elec": "SI", "tiene_agua": "SI", "tiene_alca": "SI", "observacio": "* AUTORIZADO :SE CREA EL PRESENTE CÓDIGO CATASTRAL MEDIANTE RESOLUCIÓN LEGISLATIVA N°. 448-24-03-2022, QUE DISPONE “AUTORIZAR LA TRANSFERENCIA DE DOMINIO DE 59 LOTES, Y DECLARAR, INCORPORAR AL PATRIMONIO MUNICIPAL, 122 LOTES DE TERRENO CONTENIDOS EN", "observac_1": null, "barrio": "VILLAMARINA", "parroquia_": 4, "barrio_id": 232, "proceso": 0, "fecha_regi": null, "activo_cat": "SI", "desactivad": 0, "avaluo_rem": 0.0, "avaluo_r_1": 0.0, "clasificac": "GENERAL", "anio_deuda": 2026, "deuda": 25.4, "valor_ip": 0.0, "coactiva": null, "ficharegis": 82003, "etam": 0.072498038, "diferencia": -0.0054311977, "porc_difer": -2.85462e-05, "admisible": 1, "deuda_anio": 0.0, "2019_csv_c": null, "clavecat_1": null, "2021__csv_": null, "2021__csv1": null, "Clavepre": "2-18-104-03-000", "RESOLUCION": "448-24-03-2022", "ORIG_FID": 107 }, "geometry": { "type": "Point", "coordinates": [ -80.668263031771289, -0.958401602864116 ] } },
{ "type": "Feature", "properties": { "id": 53861, "lote_id": 100592, "clavecatas": "2-18-107-10-000", "zona": "2", "sector": "18", "manzana": "107", "lote": "10", "ph": "000", "propietari": "GOBIERNO AUTONOMO DESCENTRALIZADO  MUNICIPAL MANTA .", "documentop": "1360000980001", "direccion": "B. VILLAMARINA MZ-6  LOTE-10", "area_m2": 196.83, "frente_uti": 29.4, "frente_tot": 29.4, "avaluo_con": 0.0, "avaluo_sue": 15746.4, "zonaurbano": "URBANA", "parroquia": "LOS ESTEROS", "esta_bloqu": "NO", "es_tercera": "NO", "tiene_elec": "NO", "tiene_agua": "NO", "tiene_alca": "NO", "observacio": "*AUTORIZADA: SE CREA EL PRESENTE CÓDIGO CATASTRAL MEDIANTE RESOLUCIÓN LEGISLATIVA N°. 448-24-03-2022, QUE DISPONE “AUTORIZAR LA TRANSFERENCIA DE DOMINIO DE 59 LOTES, Y DECLARAR, INCORPORAR AL PATRIMONIO MUNICIPAL, 122 LOTES DE TERRENO CONTENIDOS EN", "observac_1": null, "barrio": "VILLAMARINA", "parroquia_": 4, "barrio_id": 232, "proceso": 0, "fecha_regi": null, "activo_cat": "SI", "desactivad": 0, "avaluo_rem": 0.0, "avaluo_r_1": 0.0, "clasificac": "POR LEGALIZAR", "anio_deuda": 0, "deuda": 0.0, "valor_ip": 0.0, "coactiva": null, "ficharegis": 0, "etam": 0.071277811, "diferencia": -0.0095628073, "porc_difer": -4.85841e-05, "admisible": 1, "deuda_anio": 0.0, "2019_csv_c": null, "clavecat_1": null, "2021__csv_": null, "2021__csv1": null, "Clavepre": "2-18-107-10-000", "RESOLUCION": "447-24-03-2022", "ORIG_FID": 108 }, "geometry": { "type": "Point", "coordinates": [ -80.668579485009417, -0.961242583223647 ] } },
{ "type": "Feature", "properties": { "id": 53824, "lote_id": 100574, "clavecatas": "2-18-104-06-000", "zona": "2", "sector": "18", "manzana": "104", "lote": "06", "ph": "000", "propietari": "BURBANO FRANCO VIVIANA ELIZABETH", "documentop": "1310918444", "direccion": "VILLAMARINA MZ 09 LOTE 06", "area_m2": 191.77, "frente_uti": 10.0, "frente_tot": 10.0, "avaluo_con": 45584.0, "avaluo_sue": 12465.05, "zonaurbano": "URBANA", "parroquia": "LOS ESTEROS", "esta_bloqu": "NO", "es_tercera": "NO", "tiene_elec": "SI", "tiene_agua": "SI", "tiene_alca": "SI", "observacio": "SE CREA EL PRESENTE CÓDIGO CATASTRAL MEDIANTE RESOLUCIÓN LEGISLATIVA N°. 448-24-03-2022, QUE DISPONE “AUTORIZAR LA TRANSFERENCIA DE DOMINIO DE 59 LOTES, Y DECLARAR, INCORPORAR AL PATRIMONIO MUNICIPAL, 122 LOTES DE TERRENO CONTENIDOS EN EL INFORME MT", "observac_1": null, "barrio": "VILLAMARINA", "parroquia_": 4, "barrio_id": 232, "proceso": 0, "fecha_regi": null, "activo_cat": "SI", "desactivad": 0, "avaluo_rem": 0.0, "avaluo_r_1": 0.0, "clasificac": "GENERAL", "anio_deuda": 0, "deuda": 0.0, "valor_ip": 0.0, "coactiva": null, "ficharegis": 81637, "etam": 0.0722120486, "diferencia": -0.0028429651, "porc_difer": -1.48249e-05, "admisible": 1, "deuda_anio": 0.0, "2019_csv_c": null, "clavecat_1": null, "2021__csv_": null, "2021__csv1": null, "Clavepre": "2-18-104-06-000", "RESOLUCION": "448-24-03-2022", "ORIG_FID": 109 }, "geometry": { "type": "Point", "coordinates": [ -80.668369747411035, -0.958649561496021 ] } },
{ "type": "Feature", "properties": { "id": 53827, "lote_id": 100570, "clavecatas": "2-18-104-09-000", "zona": "2", "sector": "18", "manzana": "104", "lote": "09", "ph": "000", "propietari": "VELEZ PALADINES  JOSE FABIAN", "documentop": "1309549606", "direccion": "VILLAMARINA MZ 9 LOTE 9", "area_m2": 180.79, "frente_uti": 9.4, "frente_tot": 9.4, "avaluo_con": 1369.04, "avaluo_sue": 10047.4, "zonaurbano": "URBANA", "parroquia": "LOS ESTEROS", "esta_bloqu": "NO", "es_tercera": "NO", "tiene_elec": "SI", "tiene_agua": "SI", "tiene_alca": "SI", "observacio": "SE CREA EL PRESENTE CÓDIGO CATASTRAL MEDIANTE RESOLUCIÓN LEGISLATIVA N°. 448-24-03-2022, QUE DISPONE “AUTORIZAR LA TRANSFERENCIA DE DOMINIO DE 59 LOTES, Y DECLARAR, INCORPORAR AL PATRIMONIO MUNICIPAL, 122 LOTES DE TERRENO CONTENIDOS EN EL INFORME MT", "observac_1": null, "barrio": "VILLAMARINA", "parroquia_": 4, "barrio_id": 232, "proceso": 0, "fecha_regi": null, "activo_cat": "SI", "desactivad": 0, "avaluo_rem": 0.0, "avaluo_r_1": 0.0, "clasificac": "GENERAL", "anio_deuda": 0, "deuda": 0.0, "valor_ip": 0.0, "coactiva": null, "ficharegis": 81683, "etam": 0.0743725715, "diferencia": -0.0062164524, "porc_difer": -3.43849e-05, "admisible": 1, "deuda_anio": 0.0, "2019_csv_c": null, "clavecat_1": null, "2021__csv_": null, "2021__csv1": null, "Clavepre": "2-18-104-09-000", "RESOLUCION": "448-24-03-2022", "ORIG_FID": 110 }, "geometry": { "type": "Point", "coordinates": [ -80.668475817382586, -0.958897160295642 ] } },
{ "type": "Feature", "properties": { "id": 53828, "lote_id": 100571, "clavecatas": "2-18-104-10-000", "zona": "2", "sector": "18", "manzana": "104", "lote": "10", "ph": "000", "propietari": "GUTIERREZ PONCE JEFFERSON ALEXANDER", "documentop": "1315720258", "direccion": "VILLAMARINA MZ 9 LOTE 10", "area_m2": 155.08, "frente_uti": 8.0, "frente_tot": 8.0, "avaluo_con": 16581.6, "avaluo_sue": 10080.2, "zonaurbano": "URBANA", "parroquia": "LOS ESTEROS", "esta_bloqu": "NO", "es_tercera": "NO", "tiene_elec": "SI", "tiene_agua": "SI", "tiene_alca": "SI", "observacio": "SE CREA EL PRESENTE CÓDIGO CATASTRAL MEDIANTE RESOLUCIÓN LEGISLATIVA N°. 448-24-03-2022, QUE DISPONE “AUTORIZAR LA TRANSFERENCIA DE DOMINIO DE 59 LOTES, Y DECLARAR, INCORPORAR AL PATRIMONIO MUNICIPAL, 122 LOTES DE TERRENO CONTENIDOS EN EL INFORME MT", "observac_1": null, "barrio": "VILLAMARINA", "parroquia_": 4, "barrio_id": 232, "proceso": 0, "fecha_regi": null, "activo_cat": "SI", "desactivad": 0, "avaluo_rem": 0.0, "avaluo_r_1": 0.0, "clasificac": "GENERAL", "anio_deuda": 2023, "deuda": 94.57, "valor_ip": 0.0, "coactiva": null, "ficharegis": 81788, "etam": 0.0803012127, "diferencia": -0.0088054194, "porc_difer": -5.67799e-05, "admisible": 1, "deuda_anio": 74.52, "2019_csv_c": null, "clavecat_1": null, "2021__csv_": null, "2021__csv1": null, "Clavepre": "2-18-104-10-000", "RESOLUCION": "448-24-03-2022", "ORIG_FID": 111 }, "geometry": { "type": "Point", "coordinates": [ -80.668507341294955, -0.958969215406151 ] } },
{ "type": "Feature", "properties": { "id": 53829, "lote_id": 100572, "clavecatas": "2-18-104-11-000", "zona": "2", "sector": "18", "manzana": "104", "lote": "11", "ph": "000", "propietari": "GUTIERREZ PAZ  ZABULON CUPERTINO", "documentop": "1307395812", "direccion": "VILLAMARINA MZ 9 LOTE 11", "area_m2": 253.2, "frente_uti": 32.5, "frente_tot": 32.5, "avaluo_con": 13557.12, "avaluo_sue": 15552.81, "zonaurbano": "URBANA", "parroquia": "LOS ESTEROS", "esta_bloqu": "NO", "es_tercera": "NO", "tiene_elec": "SI", "tiene_agua": "SI", "tiene_alca": "SI", "observacio": "SE CREA EL PRESENTE CÓDIGO CATASTRAL MEDIANTE RESOLUCIÓN LEGISLATIVA N°. 448-24-03-2022, QUE DISPONE “AUTORIZAR LA TRANSFERENCIA DE DOMINIO DE 59 LOTES, Y DECLARAR, INCORPORAR AL PATRIMONIO MUNICIPAL, 122 LOTES DE TERRENO CONTENIDOS EN EL INFORME MT", "observac_1": null, "barrio": "VILLAMARINA", "parroquia_": 4, "barrio_id": 232, "proceso": 0, "fecha_regi": null, "activo_cat": "SI", "desactivad": 0, "avaluo_rem": 0.0, "avaluo_r_1": 0.0, "clasificac": "GENERAL", "anio_deuda": 2024, "deuda": 83.26, "valor_ip": 0.0, "coactiva": null, "ficharegis": 81261, "etam": 0.125689253, "diferencia": -0.0073491154, "porc_difer": -2.90249e-05, "admisible": 1, "deuda_anio": 61.1, "2019_csv_c": null, "clavecat_1": null, "2021__csv_": null, "2021__csv1": null, "Clavepre": "2-18-104-11-000", "RESOLUCION": "448-24-03-2022", "ORIG_FID": 112 }, "geometry": { "type": "Point", "coordinates": [ -80.668545006389408, -0.959056244210815 ] } },
{ "type": "Feature", "properties": { "id": 53830, "lote_id": 100607, "clavecatas": "2-18-104-12-000", "zona": "2", "sector": "18", "manzana": "104", "lote": "12", "ph": "000", "propietari": "SORNOZA CEDEÑO  JORGE LUIS", "documentop": "1312462912", "direccion": "VILLAMARINA MZ-09  LOTE-12", "area_m2": 203.23, "frente_uti": 29.25, "frente_tot": 29.25, "avaluo_con": 18975.97, "avaluo_sue": 12483.4, "zonaurbano": "URBANA", "parroquia": "LOS ESTEROS", "esta_bloqu": "NO", "es_tercera": "NO", "tiene_elec": "NO", "tiene_agua": "NO", "tiene_alca": "NO", "observacio": "* AUTORIZADO :SE CREA EL PRESENTE CÓDIGO CATASTRAL MEDIANTE RESOLUCIÓN LEGISLATIVA N°. 448-24-03-2022, QUE DISPONE “AUTORIZAR LA TRANSFERENCIA DE DOMINIO DE 59 LOTES, Y DECLARAR, INCORPORAR AL PATRIMONIO MUNICIPAL, 122 LOTES DE TERRENO CONTENIDOS EN", "observac_1": null, "barrio": "VILLAMARINA", "parroquia_": 4, "barrio_id": 232, "proceso": 0, "fecha_regi": null, "activo_cat": "SI", "desactivad": 0, "avaluo_rem": 0.0, "avaluo_r_1": 0.0, "clasificac": "GENERAL", "anio_deuda": 2023, "deuda": 121.75, "valor_ip": 0.0, "coactiva": null, "ficharegis": 81674, "etam": 0.1402930274, "diferencia": -0.0053164912, "porc_difer": -2.616e-05, "admisible": 1, "deuda_anio": 96.42, "2019_csv_c": null, "clavecat_1": null, "2021__csv_": null, "2021__csv1": null, "Clavepre": "2-18-104-12-000", "RESOLUCION": "448-24-03-2022", "ORIG_FID": 113 }, "geometry": { "type": "Point", "coordinates": [ -80.668702457149749, -0.958987659221563 ] } },
{ "type": "Feature", "properties": { "id": 53834, "lote_id": 100614, "clavecatas": "2-18-104-16-000", "zona": "2", "sector": "18", "manzana": "104", "lote": "16", "ph": "000", "propietari": "CEDEÑO ECHEVERRIA  JOSE GILBERTO", "documentop": "1310261100", "direccion": "B. VILLAMARINA MZ-09  LOTE-16", "area_m2": 184.24, "frente_uti": 19.7, "frente_tot": 19.7, "avaluo_con": 21080.06, "avaluo_sue": 10778.04, "zonaurbano": "URBANA", "parroquia": "LOS ESTEROS", "esta_bloqu": "NO", "es_tercera": "NO", "tiene_elec": "NO", "tiene_agua": "NO", "tiene_alca": "NO", "observacio": "* AUTORIZADO :SE CREA EL PRESENTE CÓDIGO CATASTRAL MEDIANTE RESOLUCIÓN LEGISLATIVA N°. 448-24-03-2022, QUE DISPONE “AUTORIZAR LA TRANSFERENCIA DE DOMINIO DE 59 LOTES, Y DECLARAR, INCORPORAR AL PATRIMONIO MUNICIPAL, 122 LOTES DE TERRENO CONTENIDOS EN", "observac_1": null, "barrio": "VILLAMARINA", "parroquia_": 4, "barrio_id": 232, "proceso": 0, "fecha_regi": null, "activo_cat": "SI", "desactivad": 0, "avaluo_rem": 0.0, "avaluo_r_1": 0.0, "clasificac": "GENERAL", "anio_deuda": 0, "deuda": 0.0, "valor_ip": 0.0, "coactiva": null, "ficharegis": 82014, "etam": 0.0736729462, "diferencia": -0.0053933023, "porc_difer": -2.92732e-05, "admisible": 1, "deuda_anio": 0.0, "2019_csv_c": null, "clavecat_1": null, "2021__csv_": null, "2021__csv1": null, "Clavepre": "2-18-104-16-000", "RESOLUCION": "448-24-03-2022", "ORIG_FID": 114 }, "geometry": { "type": "Point", "coordinates": [ -80.668524315463202, -0.958574282114272 ] } },
{ "type": "Feature", "properties": { "id": 53835, "lote_id": 100615, "clavecatas": "2-18-104-17-000", "zona": "2", "sector": "18", "manzana": "104", "lote": "17", "ph": "000", "propietari": "TUBAY GOROZABEL RODOLFO MIGUEL", "documentop": "1310145055", "direccion": "B. VILLAMARINA MZ-09  LOTE-17", "area_m2": 189.94, "frente_uti": 10.0, "frente_tot": 10.0, "avaluo_con": 24669.17, "avaluo_sue": 11111.49, "zonaurbano": "URBANA", "parroquia": "LOS ESTEROS", "esta_bloqu": "NO", "es_tercera": "NO", "tiene_elec": "NO", "tiene_agua": "NO", "tiene_alca": "NO", "observacio": "* AUTORIZADO :SE CREA EL PRESENTE CÓDIGO CATASTRAL MEDIANTE RESOLUCIÓN LEGISLATIVA N°. 448-24-03-2022, QUE DISPONE “AUTORIZAR LA TRANSFERENCIA DE DOMINIO DE 59 LOTES, Y DECLARAR, INCORPORAR AL PATRIMONIO MUNICIPAL, 122 LOTES DE TERRENO CONTENIDOS EN", "observac_1": null, "barrio": "VILLAMARINA", "parroquia_": 4, "barrio_id": 232, "proceso": 0, "fecha_regi": null, "activo_cat": "SI", "desactivad": 0, "avaluo_rem": 0.0, "avaluo_r_1": 0.0, "clasificac": "GENERAL", "anio_deuda": 0, "deuda": 0.0, "valor_ip": 0.0, "coactiva": null, "ficharegis": 82058, "etam": 0.0725590826, "diferencia": -0.0037044348, "porc_difer": -1.95032e-05, "admisible": 1, "deuda_anio": 0.0, "2019_csv_c": null, "clavecat_1": null, "2021__csv_": null, "2021__csv1": null, "Clavepre": "2-18-104-17-000", "RESOLUCION": "448-24-03-2022", "ORIG_FID": 115 }, "geometry": { "type": "Point", "coordinates": [ -80.668489332872184, -0.958492420184601 ] } },
{ "type": "Feature", "properties": { "id": 53836, "lote_id": 100616, "clavecatas": "2-18-104-18-000", "zona": "2", "sector": "18", "manzana": "104", "lote": "18", "ph": "000", "propietari": "TUBAY GOROZABEL  HECTOR JAVIER", "documentop": "1308673878", "direccion": "B. VILLAMARINA MZ-9  LOTE-18", "area_m2": 189.47, "frente_uti": 10.0, "frente_tot": 10.0, "avaluo_con": 8637.1, "avaluo_sue": 11084.0, "zonaurbano": "URBANA", "parroquia": "LOS ESTEROS", "esta_bloqu": "NO", "es_tercera": "NO", "tiene_elec": "NO", "tiene_agua": "NO", "tiene_alca": "NO", "observacio": "* AUTORIZADO :SE CREA EL PRESENTE CÓDIGO CATASTRAL MEDIANTE RESOLUCIÓN LEGISLATIVA N°. 448-24-03-2022, QUE DISPONE “AUTORIZAR LA TRANSFERENCIA DE DOMINIO DE 59 LOTES, Y DECLARAR, INCORPORAR AL PATRIMONIO MUNICIPAL, 122 LOTES DE TERRENO CONTENIDOS EN", "observac_1": null, "barrio": "VILLAMARINA", "parroquia_": 4, "barrio_id": 232, "proceso": 0, "fecha_regi": null, "activo_cat": "SI", "desactivad": 0, "avaluo_rem": 0.0, "avaluo_r_1": 0.0, "clasificac": "GENERAL", "anio_deuda": 0, "deuda": 0.0, "valor_ip": 0.0, "coactiva": null, "ficharegis": 82010, "etam": 0.072649022, "diferencia": -0.005753367, "porc_difer": -3.03656e-05, "admisible": 1, "deuda_anio": 0.0, "2019_csv_c": null, "clavecat_1": null, "2021__csv_": null, "2021__csv1": null, "Clavepre": "2-18-104-18-000", "RESOLUCION": "448-24-03-2022", "ORIG_FID": 116 }, "geometry": { "type": "Point", "coordinates": [ -80.668453503070552, -0.958409578808134 ] } },
{ "type": "Feature", "properties": { "id": 53837, "lote_id": 100617, "clavecatas": "2-18-104-19-000", "zona": "2", "sector": "18", "manzana": "104", "lote": "19", "ph": "000", "propietari": "TUBAY GOROZABEL CARLOS IGNACIO", "documentop": "1310641293", "direccion": "B. VILLAMARINA MZ-09  LOTE-19", "area_m2": 191.85, "frente_uti": 10.0, "frente_tot": 10.0, "avaluo_con": 3384.0, "avaluo_sue": 11223.23, "zonaurbano": "URBANA", "parroquia": "LOS ESTEROS", "esta_bloqu": "NO", "es_tercera": "NO", "tiene_elec": "NO", "tiene_agua": "NO", "tiene_alca": "NO", "observacio": "* AUTORIZADO :SE CREA EL PRESENTE CÓDIGO CATASTRAL MEDIANTE RESOLUCIÓN LEGISLATIVA N°. 448-24-03-2022, QUE DISPONE “AUTORIZAR LA TRANSFERENCIA DE DOMINIO DE 59 LOTES, Y DECLARAR, INCORPORAR AL PATRIMONIO MUNICIPAL, 122 LOTES DE TERRENO CONTENIDOS EN", "observac_1": null, "barrio": "VILLAMARINA", "parroquia_": 4, "barrio_id": 232, "proceso": 0, "fecha_regi": null, "activo_cat": "SI", "desactivad": 0, "avaluo_rem": 0.0, "avaluo_r_1": 0.0, "clasificac": "GENERAL", "anio_deuda": 0, "deuda": 0.0, "valor_ip": 0.0, "coactiva": null, "ficharegis": 82026, "etam": 0.0721969911, "diferencia": -0.0029706983, "porc_difer": -1.54845e-05, "admisible": 1, "deuda_anio": 0.0, "2019_csv_c": null, "clavecat_1": null, "2021__csv_": null, "2021__csv1": null, "Clavepre": "2-18-104-19-000", "RESOLUCION": "448-24-03-2022", "ORIG_FID": 117 }, "geometry": { "type": "Point", "coordinates": [ -80.66841717198912, -0.958326460226439 ] } },
{ "type": "Feature", "properties": { "id": 53840, "lote_id": 100620, "clavecatas": "2-18-105-03-000", "zona": "2", "sector": "18", "manzana": "105", "lote": "03", "ph": "000", "propietari": "CAVAL SORNOZA JACINTO LAURENTINO", "documentop": "1302586167", "direccion": "B. VILLAMARINA MZ-08  LOTE-3", "area_m2": 265.82, "frente_uti": 27.08, "frente_tot": 27.08, "avaluo_con": 30553.6, "avaluo_sue": 17225.14, "zonaurbano": "URBANA", "parroquia": "LOS ESTEROS", "esta_bloqu": "NO", "es_tercera": "SI", "tiene_elec": "NO", "tiene_agua": "NO", "tiene_alca": "NO", "observacio": "* AUTORIZADO :SE CREA EL PRESENTE CÓDIGO CATASTRAL MEDIANTE RESOLUCIÓN LEGISLATIVA N°. 448-24-03-2022, QUE DISPONE “AUTORIZAR LA TRANSFERENCIA DE DOMINIO DE 59 LOTES, Y DECLARAR, INCORPORAR AL PATRIMONIO MUNICIPAL, 122 LOTES DE TERRENO CONTENIDOS EN", "observac_1": null, "barrio": "VILLAMARINA", "parroquia_": 4, "barrio_id": 232, "proceso": 0, "fecha_regi": null, "activo_cat": "SI", "desactivad": 0, "avaluo_rem": 0.0, "avaluo_r_1": 0.0, "clasificac": "GENERAL", "anio_deuda": 0, "deuda": 0.0, "valor_ip": 0.0, "coactiva": null, "ficharegis": 81559, "etam": 0.1226693796, "diferencia": -0.0392350622, "porc_difer": -0.0001476001, "admisible": 1, "deuda_anio": 0.0, "2019_csv_c": null, "clavecat_1": null, "2021__csv_": null, "2021__csv1": null, "Clavepre": "2-18-105-03-000", "RESOLUCION": "448-24-03-2022", "ORIG_FID": 118 }, "geometry": { "type": "Point", "coordinates": [ -80.668263883637024, -0.959048267905165 ] } },
{ "type": "Feature", "properties": { "id": 53841, "lote_id": 100621, "clavecatas": "2-18-105-04-000", "zona": "2", "sector": "18", "manzana": "105", "lote": "04", "ph": "000", "propietari": "MEJIA COLT JAIRO RODOLFO", "documentop": "1712375417", "direccion": "B. VILLAMARINA MZ-08  LOTE-4", "area_m2": 345.28, "frente_uti": 55.56, "frente_tot": 55.56, "avaluo_con": 22974.05, "avaluo_sue": 24860.16, "zonaurbano": "URBANA", "parroquia": "LOS ESTEROS", "esta_bloqu": "NO", "es_tercera": "NO", "tiene_elec": "NO", "tiene_agua": "NO", "tiene_alca": "NO", "observacio": "* AUTORIZADO :SE CREA EL PRESENTE CÓDIGO CATASTRAL MEDIANTE RESOLUCIÓN LEGISLATIVA N°. 448-24-03-2022, QUE DISPONE “AUTORIZAR LA TRANSFERENCIA DE DOMINIO DE 59 LOTES, Y DECLARAR, INCORPORAR AL PATRIMONIO MUNICIPAL, 122 LOTES DE TERRENO CONTENIDOS EN", "observac_1": null, "barrio": "VILLAMARINA", "parroquia_": 4, "barrio_id": 232, "proceso": 0, "fecha_regi": null, "activo_cat": "SI", "desactivad": 0, "avaluo_rem": 0.0, "avaluo_r_1": 0.0, "clasificac": "GENERAL", "anio_deuda": 2026, "deuda": 41.91, "valor_ip": 0.0, "coactiva": null, "ficharegis": 83683, "etam": 0.1614490683, "diferencia": 0.031769171, "porc_difer": 9.20099e-05, "admisible": 1, "deuda_anio": 0.0, "2019_csv_c": null, "clavecat_1": null, "2021__csv_": null, "2021__csv1": null, "Clavepre": "2-18-105-04-000", "RESOLUCION": "448-24-03-2022", "ORIG_FID": 119 }, "geometry": { "type": "Point", "coordinates": [ -80.668293900358563, -0.959170170938348 ] } },
{ "type": "Feature", "properties": { "id": 53843, "lote_id": 100630, "clavecatas": "2-18-106-02-000", "zona": "2", "sector": "18", "manzana": "106", "lote": "02", "ph": "000", "propietari": "VELEZ LOOR ITALO ALCIVIADES", "documentop": "1301679526", "direccion": "VILLAMARINA MZ-7  LOTE-02", "area_m2": 328.9, "frente_uti": 34.5, "frente_tot": 34.5, "avaluo_con": 986.44, "avaluo_sue": 22378.36, "zonaurbano": "URBANA", "parroquia": "LOS ESTEROS", "esta_bloqu": "NO", "es_tercera": "SI", "tiene_elec": "NO", "tiene_agua": "NO", "tiene_alca": "NO", "observacio": "* AUTORIZADO :SE CREA EL PRESENTE CÓDIGO CATASTRAL MEDIANTE RESOLUCIÓN LEGISLATIVA N°. 448-24-03-2022, QUE DISPONE “AUTORIZAR LA TRANSFERENCIA DE DOMINIO DE 59 LOTES, Y DECLARAR, INCORPORAR AL PATRIMONIO MUNICIPAL, 122 LOTES DE TERRENO CONTENIDOS EN", "observac_1": null, "barrio": "VILLAMARINA", "parroquia_": 4, "barrio_id": 232, "proceso": 0, "fecha_regi": null, "activo_cat": "SI", "desactivad": 0, "avaluo_rem": 0.0, "avaluo_r_1": 0.0, "clasificac": "GENERAL", "anio_deuda": 2023, "deuda": 39.99, "valor_ip": 0.0, "coactiva": null, "ficharegis": 81682, "etam": 0.1654204957, "diferencia": -0.0028020876, "porc_difer": -8.5196e-06, "admisible": 1, "deuda_anio": 32.9, "2019_csv_c": null, "clavecat_1": null, "2021__csv_": null, "2021__csv1": null, "Clavepre": "2-18-106-02-000", "RESOLUCION": "448-24-03-2022", "ORIG_FID": 120 }, "geometry": { "type": "Point", "coordinates": [ -80.668272177101628, -0.959455475728169 ] } },
{ "type": "Feature", "properties": { "id": 53884, "lote_id": 100622, "clavecatas": "2-18-109-04-000", "zona": "2", "sector": "18", "manzana": "109", "lote": "04", "ph": "000", "propietari": "GOBIERNO AUTONOMO DESCENTRALIZADO  MUNICIPAL MANTA .", "documentop": "1360000980001", "direccion": "VILLAMARINA MZ 01 LOTE 04", "area_m2": 199.04, "frente_uti": 30.2, "frente_tot": 30.2, "avaluo_con": 0.0, "avaluo_sue": 15923.2, "zonaurbano": "URBANA", "parroquia": "LOS ESTEROS", "esta_bloqu": "NO", "es_tercera": "NO", "tiene_elec": "SI", "tiene_agua": "SI", "tiene_alca": "SI", "observacio": "*AUTORIZADO:SE CREA EL PRESENTE CÓDIGO CATASTRAL MEDIANTE RESOLUCIÓN LEGISLATIVA N°. 448-24-03-2022, QUE DISPONE “AUTORIZAR LA TRANSFERENCIA DE DOMINIO DE 59 LOTES, Y DECLARAR, INCORPORAR AL PATRIMONIO MUNICIPAL, 122 LOTES DE TERRENO CONTENIDOS EN E", "observac_1": null, "barrio": "VILLAMARINA", "parroquia_": 4, "barrio_id": 232, "proceso": 0, "fecha_regi": null, "activo_cat": "SI", "desactivad": 0, "avaluo_rem": 0.0, "avaluo_r_1": 0.0, "clasificac": "POR LEGALIZAR", "anio_deuda": 0, "deuda": 0.0, "valor_ip": 0.0, "coactiva": null, "ficharegis": 0, "etam": 0.0, "diferencia": -0.0031131183, "porc_difer": -1.56407e-05, "admisible": 0, "deuda_anio": 0.0, "2019_csv_c": null, "clavecat_1": null, "2021__csv_": null, "2021__csv1": null, "Clavepre": "2-18-109-04-000", "RESOLUCION": "447-24-03-2022", "ORIG_FID": 121 }, "geometry": { "type": "Point", "coordinates": [ -80.668466104025754, -0.963470043013095 ] } },
{ "type": "Feature", "properties": { "id": 53845, "lote_id": 100632, "clavecatas": "2-18-106-04-000", "zona": "2", "sector": "18", "manzana": "106", "lote": "04", "ph": "000", "propietari": "PIGUAVE PEREZ MARINO ANTONIO", "documentop": "1309885513", "direccion": "VILLAMARINA MZ 07 LOTE 04", "area_m2": 191.91, "frente_uti": 10.1, "frente_tot": 10.1, "avaluo_con": 6768.0, "avaluo_sue": 13817.52, "zonaurbano": "URBANA", "parroquia": "LOS ESTEROS", "esta_bloqu": "NO", "es_tercera": "NO", "tiene_elec": "SI", "tiene_agua": "SI", "tiene_alca": "SI", "observacio": "AUTORIZADO. SE CREA EL PRESENTE CÓDIGO CATASTRAL MEDIANTE RESOLUCIÓN LEGISLATIVA N°. 448-24-03-2022, QUE DISPONE “AUTORIZAR LA TRANSFERENCIA DE DOMINIO DE 59 LOTES, Y DECLARAR, INCORPORAR AL PATRIMONIO MUNICIPAL, 122 LOTES DE TERRENO CONTENIDOS EN E", "observac_1": null, "barrio": "VILLAMARINA", "parroquia_": 4, "barrio_id": 232, "proceso": 0, "fecha_regi": null, "activo_cat": "SI", "desactivad": 0, "avaluo_rem": 0.0, "avaluo_r_1": 0.0, "clasificac": "GENERAL", "anio_deuda": 0, "deuda": 0.0, "valor_ip": 0.0, "coactiva": null, "ficharegis": 81736, "etam": 0.0721857042, "diferencia": -0.0045228279, "porc_difer": -2.35674e-05, "admisible": 1, "deuda_anio": 0.0, "2019_csv_c": null, "clavecat_1": null, "2021__csv_": null, "2021__csv1": null, "Clavepre": "2-18-106-04-000", "RESOLUCION": "448-24-03-2022", "ORIG_FID": 122 }, "geometry": { "type": "Point", "coordinates": [ -80.668383716708917, -0.959744016387072 ] } },
{ "type": "Feature", "properties": { "id": 53846, "lote_id": 100633, "clavecatas": "2-18-106-05-000", "zona": "2", "sector": "18", "manzana": "106", "lote": "05", "ph": "000", "propietari": "GOBIERNO AUTONOMO DESCENTRALIZADO  MUNICIPAL MANTA .", "documentop": "1360000980001", "direccion": "VILLAMARINA MZ 07 LOTE 05", "area_m2": 193.79, "frente_uti": 58.4, "frente_tot": 58.4, "avaluo_con": 0.0, "avaluo_sue": 15503.2, "zonaurbano": "URBANA", "parroquia": "LOS ESTEROS", "esta_bloqu": "NO", "es_tercera": "NO", "tiene_elec": "SI", "tiene_agua": "SI", "tiene_alca": "SI", "observacio": "AUTORIZADO. SE CREA EL PRESENTE CÓDIGO CATASTRAL MEDIANTE RESOLUCIÓN LEGISLATIVA N°. 448-24-03-2022, QUE DISPONE “AUTORIZAR LA TRANSFERENCIA DE DOMINIO DE 59 LOTES, Y DECLARAR, INCORPORAR AL PATRIMONIO MUNICIPAL, 122 LOTES DE TERRENO CONTENIDOS EN E", "observac_1": null, "barrio": "VILLAMARINA", "parroquia_": 4, "barrio_id": 232, "proceso": 0, "fecha_regi": null, "activo_cat": "SI", "desactivad": 0, "avaluo_rem": 0.0, "avaluo_r_1": 0.0, "clasificac": "POR LEGALIZAR", "anio_deuda": 0, "deuda": 0.0, "valor_ip": 0.0, "coactiva": null, "ficharegis": 0, "etam": 0.071834706, "diferencia": -0.0031372374, "porc_difer": -1.61889e-05, "admisible": 1, "deuda_anio": 0.0, "2019_csv_c": null, "clavecat_1": null, "2021__csv_": null, "2021__csv1": null, "Clavepre": "2-18-106-05-000", "RESOLUCION": "447-24-03-2022", "ORIG_FID": 123 }, "geometry": { "type": "Point", "coordinates": [ -80.668420670203659, -0.959827971614591 ] } },
{ "type": "Feature", "properties": { "id": 53849, "lote_id": 100608, "clavecatas": "2-18-106-08-000", "zona": "2", "sector": "18", "manzana": "106", "lote": "08", "ph": "000", "propietari": "ANCHUNDIA SANTANA JESSICA ROXANA", "documentop": "1311116881", "direccion": "VILLAMARINA MZ 07 LOTE 08", "area_m2": 203.44, "frente_uti": 10.2, "frente_tot": 10.2, "avaluo_con": 8665.86, "avaluo_sue": 16275.2, "zonaurbano": "URBANA", "parroquia": "LOS ESTEROS", "esta_bloqu": "NO", "es_tercera": "NO", "tiene_elec": "SI", "tiene_agua": "SI", "tiene_alca": "SI", "observacio": "*AUTORIZADO:SE CREA EL PRESENTE CÓDIGO CATASTRAL MEDIANTE RESOLUCIÓN LEGISLATIVA N°. 448-24-03-2022, QUE DISPONE “AUTORIZAR LA TRANSFERENCIA DE DOMINIO DE 59 LOTES, Y DECLARAR, INCORPORAR AL PATRIMONIO MUNICIPAL, 122 LOTES DE TERRENO CONTENIDOS EN E", "observac_1": null, "barrio": "VILLAMARINA", "parroquia_": 4, "barrio_id": 232, "proceso": 0, "fecha_regi": null, "activo_cat": "SI", "desactivad": 0, "avaluo_rem": 0.0, "avaluo_r_1": 0.0, "clasificac": "GENERAL", "anio_deuda": 2026, "deuda": 18.41, "valor_ip": 0.0, "coactiva": null, "ficharegis": 88693, "etam": 0.1402206003, "diferencia": -0.0081911245, "porc_difer": -4.02631e-05, "admisible": 1, "deuda_anio": 0.0, "2019_csv_c": null, "clavecat_1": null, "2021__csv_": null, "2021__csv1": null, "Clavepre": "2-18-106-08-000", "RESOLUCION": "448-24-03-2022", "ORIG_FID": 124 }, "geometry": { "type": "Point", "coordinates": [ -80.668578434800935, -0.95975512718159 ] } },
{ "type": "Feature", "properties": { "id": 53850, "lote_id": 100610, "clavecatas": "2-18-106-09-000", "zona": "2", "sector": "18", "manzana": "106", "lote": "09", "ph": "000", "propietari": "GOBIERNO AUTONOMO DESCENTRALIZADO  MUNICIPAL MANTA .", "documentop": "1360000980001", "direccion": "VILLAMARINA MZ 07 LOTE 09", "area_m2": 198.96, "frente_uti": 10.1, "frente_tot": 10.1, "avaluo_con": 0.0, "avaluo_sue": 17309.52, "zonaurbano": "URBANA", "parroquia": "LOS ESTEROS", "esta_bloqu": "NO", "es_tercera": "NO", "tiene_elec": "SI", "tiene_agua": "SI", "tiene_alca": "SI", "observacio": "*AUTORIZADO:SE CREA EL PRESENTE CÓDIGO CATASTRAL MEDIANTE RESOLUCIÓN LEGISLATIVA N°. 448-24-03-2022, QUE DISPONE “AUTORIZAR LA TRANSFERENCIA DE DOMINIO DE 59 LOTES, Y DECLARAR, INCORPORAR AL PATRIMONIO MUNICIPAL, 122 LOTES DE TERRENO CONTENIDOS EN E", "observac_1": null, "barrio": "VILLAMARINA", "parroquia_": 4, "barrio_id": 232, "proceso": 0, "fecha_regi": null, "activo_cat": "SI", "desactivad": 0, "avaluo_rem": 0.0, "avaluo_r_1": 0.0, "clasificac": "POR LEGALIZAR", "anio_deuda": 0, "deuda": 0.0, "valor_ip": 0.0, "coactiva": null, "ficharegis": 0, "etam": 0.070895246, "diferencia": -0.0035470664, "porc_difer": -1.7828e-05, "admisible": 1, "deuda_anio": 0.0, "2019_csv_c": null, "clavecat_1": null, "2021__csv_": null, "2021__csv1": null, "Clavepre": "2-18-106-09-000", "RESOLUCION": "447-24-03-2022", "ORIG_FID": 125 }, "geometry": { "type": "Point", "coordinates": [ -80.668541567951422, -0.959670499707644 ] } },
{ "type": "Feature", "properties": { "id": 53852, "lote_id": 100628, "clavecatas": "2-18-107-01-000", "zona": "2", "sector": "18", "manzana": "107", "lote": "01", "ph": "000", "propietari": "ZAMBRANO CANTOS GRUVEL JOSEPH", "documentop": "1316858966", "direccion": "VILLAMARINA MZ-06  LOTE-01", "area_m2": 268.16, "frente_uti": 64.23, "frente_tot": 64.23, "avaluo_con": 12256.99, "avaluo_sue": 22525.44, "zonaurbano": "URBANA", "parroquia": "LOS ESTEROS", "esta_bloqu": "NO", "es_tercera": "NO", "tiene_elec": "NO", "tiene_agua": "NO", "tiene_alca": "NO", "observacio": "* AUTORIZADO :SE CREA EL PRESENTE CÓDIGO CATASTRAL MEDIANTE RESOLUCIÓN LEGISLATIVA N°. 448-24-03-2022, QUE DISPONE “AUTORIZAR LA TRANSFERENCIA DE DOMINIO DE 59 LOTES, Y DECLARAR, INCORPORAR AL PATRIMONIO MUNICIPAL, 122 LOTES DE TERRENO CONTENIDOS EN", "observac_1": null, "barrio": "VILLAMARINA", "parroquia_": 4, "barrio_id": 232, "proceso": 0, "fecha_regi": null, "activo_cat": "SI", "desactivad": 0, "avaluo_rem": 0.0, "avaluo_r_1": 0.0, "clasificac": "GENERAL", "anio_deuda": 2025, "deuda": 53.63, "valor_ip": 0.0, "coactiva": null, "ficharegis": 82283, "etam": 0.1221329922, "diferencia": -0.0057864911, "porc_difer": -2.15785e-05, "admisible": 1, "deuda_anio": 32.48, "2019_csv_c": null, "clavecat_1": null, "2021__csv_": null, "2021__csv1": null, "Clavepre": "2-18-107-01-000", "RESOLUCION": "448-24-03-2022", "ORIG_FID": 126 }, "geometry": { "type": "Point", "coordinates": [ -80.668281975198326, -0.960018272262604 ] } },
{ "type": "Feature", "properties": { "id": 53854, "lote_id": 100648, "clavecatas": "2-18-107-03-000", "zona": "2", "sector": "18", "manzana": "107", "lote": "03", "ph": "000", "propietari": "AVILA URETA MARIA LUISA", "documentop": "1307246312", "direccion": "VILLAMARINA MZ 06 LOTE 03", "area_m2": 212.89, "frente_uti": 21.8, "frente_tot": 21.8, "avaluo_con": 41275.75, "avaluo_sue": 13795.27, "zonaurbano": "URBANA", "parroquia": "LOS ESTEROS", "esta_bloqu": "NO", "es_tercera": "NO", "tiene_elec": "SI", "tiene_agua": "SI", "tiene_alca": "SI", "observacio": "AUTORIZADO. SE CREA EL PRESENTE CÓDIGO CATASTRAL MEDIANTE RESOLUCIÓN LEGISLATIVA N°. 448-24-03-2022, QUE DISPONE “AUTORIZAR LA TRANSFERENCIA DE DOMINIO DE 59 LOTES, Y DECLARAR, INCORPORAR AL PATRIMONIO MUNICIPAL, 122 LOTES DE TERRENO CONTENIDOS EN E", "observac_1": null, "barrio": "VILLAMARINA", "parroquia_": 4, "barrio_id": 232, "proceso": 0, "fecha_regi": null, "activo_cat": "SI", "desactivad": 0, "avaluo_rem": 0.0, "avaluo_r_1": 0.0, "clasificac": "GENERAL", "anio_deuda": 2025, "deuda": 105.3, "valor_ip": 0.0, "coactiva": null, "ficharegis": 81548, "etam": 0.137073141, "diferencia": -0.0034797677, "porc_difer": -1.63454e-05, "admisible": 1, "deuda_anio": 53.35, "2019_csv_c": null, "clavecat_1": null, "2021__csv_": null, "2021__csv1": null, "Clavepre": "2-18-107-03-000", "RESOLUCION": "448-24-03-2022", "ORIG_FID": 127 }, "geometry": { "type": "Point", "coordinates": [ -80.668336608226355, -0.960265245699815 ] } },
{ "type": "Feature", "properties": { "id": 53855, "lote_id": 100578, "clavecatas": "2-18-107-04-000", "zona": "2", "sector": "18", "manzana": "107", "lote": "04", "ph": "000", "propietari": "GOBIERNO AUTONOMO DESCENTRALIZADO  MUNICIPAL MANTA .", "documentop": "1360000980001", "direccion": "SECTOR - VILLAMARINA MZ-6 LOTE- 04", "area_m2": 232.8, "frente_uti": 19.7, "frente_tot": 19.7, "avaluo_con": 0.0, "avaluo_sue": 18624.0, "zonaurbano": "URBANA", "parroquia": "LOS ESTEROS", "esta_bloqu": "NO", "es_tercera": "NO", "tiene_elec": "NO", "tiene_agua": "NO", "tiene_alca": "NO", "observacio": "*AUTORIZADO:SE CREA EL PRESENTE CÓDIGO CATASTRAL MEDIANTE RESOLUCIÓN LEGISLATIVA N°. 448-24-03-2022, QUE DISPONE “AUTORIZAR LA TRANSFERENCIA DE DOMINIO DE 59 LOTES, Y DECLARAR, INCORPORAR AL PATRIMONIO MUNICIPAL, 122 LOTES DE TERRENO CONTENIDOS EN E", "observac_1": null, "barrio": "VILLAMARINA", "parroquia_": 4, "barrio_id": 232, "proceso": 0, "fecha_regi": null, "activo_cat": "SI", "desactivad": 0, "avaluo_rem": 0.0, "avaluo_r_1": 0.0, "clasificac": "POR LEGALIZAR", "anio_deuda": 0, "deuda": 0.0, "valor_ip": 0.0, "coactiva": null, "ficharegis": 0, "etam": 0.1310806263, "diferencia": -0.0034797653, "porc_difer": -1.49474e-05, "admisible": 1, "deuda_anio": 0.0, "2019_csv_c": null, "clavecat_1": null, "2021__csv_": null, "2021__csv1": null, "Clavepre": "2-18-107-04-000", "RESOLUCION": "447-24-03-2022", "ORIG_FID": 128 }, "geometry": { "type": "Point", "coordinates": [ -80.668357333886703, -0.960353838929352 ] } },
{ "type": "Feature", "properties": { "id": 53857, "lote_id": 100582, "clavecatas": "2-18-107-06-000", "zona": "2", "sector": "18", "manzana": "107", "lote": "06", "ph": "000", "propietari": "GOBIERNO AUTONOMO DESCENTRALIZADO  MUNICIPAL MANTA .", "documentop": "1360000980001", "direccion": "B. VILLAMARINA  MZ-6 LOTE-06", "area_m2": 189.98, "frente_uti": 10.0, "frente_tot": 10.0, "avaluo_con": 0.0, "avaluo_sue": 15198.4, "zonaurbano": "URBANA", "parroquia": "LOS ESTEROS", "esta_bloqu": "NO", "es_tercera": "NO", "tiene_elec": "NO", "tiene_agua": "NO", "tiene_alca": "NO", "observacio": "*AUTORIZADO: SE CREA EL PRESENTE CÓDIGO CATASTRAL MEDIANTE RESOLUCIÓN LEGISLATIVA N°. 448-24-03-2022, QUE DISPONE “AUTORIZAR LA TRANSFERENCIA DE DOMINIO DE 59 LOTES, Y DECLARAR, INCORPORAR AL PATRIMONIO MUNICIPAL, 122 LOTES DE TERRENO CONTENIDOS EN", "observac_1": null, "barrio": "VILLAMARINA", "parroquia_": 4, "barrio_id": 232, "proceso": 0, "fecha_regi": null, "activo_cat": "SI", "desactivad": 0, "avaluo_rem": 0.0, "avaluo_r_1": 0.0, "clasificac": "POR LEGALIZAR", "anio_deuda": 0, "deuda": 0.0, "valor_ip": 0.0, "coactiva": null, "ficharegis": 0, "etam": 0.0725514436, "diferencia": -0.001952642, "porc_difer": -1.02781e-05, "admisible": 1, "deuda_anio": 0.0, "2019_csv_c": null, "clavecat_1": null, "2021__csv_": null, "2021__csv1": null, "Clavepre": "2-18-107-06-000", "RESOLUCION": "447-24-03-2022", "ORIG_FID": 129 }, "geometry": { "type": "Point", "coordinates": [ -80.668397961052762, -0.960820670146356 ] } },
{ "type": "Feature", "properties": { "id": 53858, "lote_id": 100583, "clavecatas": "2-18-107-07-000", "zona": "2", "sector": "18", "manzana": "107", "lote": "07", "ph": "000", "propietari": "CASTRO PILLIGUA BYRON JAVIER .", "documentop": "1309783510", "direccion": "SECTOR - VILLAMARINA MZ-6 LOTE- 07", "area_m2": 398.99, "frente_uti": 21.0, "frente_tot": 21.0, "avaluo_con": 14167.12, "avaluo_sue": 28727.28, "zonaurbano": "URBANA", "parroquia": "LOS ESTEROS", "esta_bloqu": "NO", "es_tercera": "NO", "tiene_elec": "NO", "tiene_agua": "NO", "tiene_alca": "NO", "observacio": "*AUTIRIZADA-SE CREA EL PRESENTE CÓDIGO CATASTRAL MEDIANTE RESOLUCIÓN LEGISLATIVA N°. 448-24-03-2022, QUE DISPONE “AUTORIZAR LA TRANSFERENCIA DE DOMINIO DE 59 LOTES, Y DECLARAR, INCORPORAR AL PATRIMONIO MUNICIPAL, 122 LOTES DE TERRENO CONTENIDOS EN E", "observac_1": null, "barrio": "VILLAMARINA", "parroquia_": 4, "barrio_id": 232, "proceso": 0, "fecha_regi": null, "activo_cat": "SI", "desactivad": 0, "avaluo_rem": 0.0, "avaluo_r_1": 0.0, "clasificac": "GENERAL", "anio_deuda": 2025, "deuda": 79.21, "valor_ip": 0.0, "coactiva": null, "ficharegis": 81789, "etam": 0.1501897344, "diferencia": -0.0039363396, "porc_difer": -9.8658e-06, "admisible": 1, "deuda_anio": 41.14, "2019_csv_c": null, "clavecat_1": null, "2021__csv_": null, "2021__csv1": null, "Clavepre": "2-18-107-07-000", "RESOLUCION": "448-24-03-2022", "ORIG_FID": 130 }, "geometry": { "type": "Point", "coordinates": [ -80.66845348830708, -0.960949280301895 ] } },
{ "type": "Feature", "properties": { "id": 53862, "lote_id": 100594, "clavecatas": "2-18-107-11-000", "zona": "2", "sector": "18", "manzana": "107", "lote": "11", "ph": "000", "propietari": "MERO MERO CARMEN MERCEDES", "documentop": "1307868875", "direccion": "VILLAMARINA MZ-6  LOTE-11", "area_m2": 195.67, "frente_uti": 39.6, "frente_tot": 39.6, "avaluo_con": 16421.7, "avaluo_sue": 14792.65, "zonaurbano": "URBANA", "parroquia": "LOS ESTEROS", "esta_bloqu": "NO", "es_tercera": "NO", "tiene_elec": "NO", "tiene_agua": "NO", "tiene_alca": "NO", "observacio": "*AUTORIZADO: SE CREA EL PRESENTE CÓDIGO CATASTRAL MEDIANTE RESOLUCIÓN LEGISLATIVA N°. 448-24-03-2022, QUE DISPONE “AUTORIZAR LA TRANSFERENCIA DE DOMINIO DE 59 LOTES, Y DECLARAR, INCORPORAR AL PATRIMONIO MUNICIPAL, 122 LOTES DE TERRENO CONTENIDOS EN", "observac_1": null, "barrio": "VILLAMARINA", "parroquia_": 4, "barrio_id": 232, "proceso": 0, "fecha_regi": null, "activo_cat": "SI", "desactivad": 0, "avaluo_rem": 0.0, "avaluo_r_1": 0.0, "clasificac": "GENERAL", "anio_deuda": 2024, "deuda": 86.04, "valor_ip": 0.0, "coactiva": null, "ficharegis": 82064, "etam": 0.0714887787, "diferencia": -0.0036587289, "porc_difer": -1.86985e-05, "admisible": 1, "deuda_anio": 60.95, "2019_csv_c": null, "clavecat_1": null, "2021__csv_": null, "2021__csv1": null, "Clavepre": "2-18-107-11-000", "RESOLUCION": "448-24-03-2022", "ORIG_FID": 131 }, "geometry": { "type": "Point", "coordinates": [ -80.668737668654984, -0.961176451173288 ] } },
{ "type": "Feature", "properties": { "id": 53863, "lote_id": 100595, "clavecatas": "2-18-107-12-000", "zona": "2", "sector": "18", "manzana": "107", "lote": "12", "ph": "000", "propietari": "MERO MERO JACQUELINE ARACELY", "documentop": "1308141991", "direccion": "VILLAMARINA MZ-6  LOTE-12", "area_m2": 193.75, "frente_uti": 10.1, "frente_tot": 10.1, "avaluo_con": 24615.36, "avaluo_sue": 13950.0, "zonaurbano": "URBANA", "parroquia": "LOS ESTEROS", "esta_bloqu": "NO", "es_tercera": "NO", "tiene_elec": "NO", "tiene_agua": "NO", "tiene_alca": "NO", "observacio": "*AUTORIZADO: SE CREA EL PRESENTE CÓDIGO CATASTRAL MEDIANTE RESOLUCIÓN LEGISLATIVA N°. 448-24-03-2022, QUE DISPONE “AUTORIZAR LA TRANSFERENCIA DE DOMINIO DE 59 LOTES, Y DECLARAR, INCORPORAR AL PATRIMONIO MUNICIPAL, 122 LOTES DE TERRENO CONTENIDOS EN", "observac_1": null, "barrio": "VILLAMARINA", "parroquia_": 4, "barrio_id": 232, "proceso": 0, "fecha_regi": null, "activo_cat": "SI", "desactivad": 0, "avaluo_rem": 0.0, "avaluo_r_1": 0.0, "clasificac": "GENERAL", "anio_deuda": 2023, "deuda": 144.49, "valor_ip": 0.0, "coactiva": null, "ficharegis": 81684, "etam": 0.0718421208, "diferencia": -0.002689517, "porc_difer": -1.38814e-05, "admisible": 1, "deuda_anio": 112.24, "2019_csv_c": null, "clavecat_1": null, "2021__csv_": null, "2021__csv1": null, "Clavepre": "2-18-107-12-000", "RESOLUCION": "448-24-03-2022", "ORIG_FID": 132 }, "geometry": { "type": "Point", "coordinates": [ -80.668700689151535, -0.961091511587815 ] } },
{ "type": "Feature", "properties": { "id": 53864, "lote_id": 100593, "clavecatas": "2-18-107-13-000", "zona": "2", "sector": "18", "manzana": "107", "lote": "13", "ph": "000", "propietari": "TORRES JAMA  ALFREDO ANTONIO", "documentop": "0801612979", "direccion": "VILLAMARINA MZ 06 LOTE 13", "area_m2": 376.91, "frente_uti": 19.7, "frente_tot": 19.7, "avaluo_con": 7066.4, "avaluo_sue": 27137.52, "zonaurbano": "URBANA", "parroquia": "LOS ESTEROS", "esta_bloqu": "NO", "es_tercera": "NO", "tiene_elec": "SI", "tiene_agua": "SI", "tiene_alca": "SI", "observacio": "* AUTORIZADO :SE CREA EL PRESENTE CÓDIGO CATASTRAL MEDIANTE RESOLUCIÓN LEGISLATIVA N°. 448-24-03-2022, QUE DISPONE “AUTORIZAR LA TRANSFERENCIA DE DOMINIO DE 59 LOTES, Y DECLARAR, INCORPORAR AL PATRIMONIO MUNICIPAL, 122 LOTES DE TERRENO CONTENIDOS EN", "observac_1": null, "barrio": "VILLAMARINA", "parroquia_": 4, "barrio_id": 232, "proceso": 0, "fecha_regi": null, "activo_cat": "SI", "desactivad": 0, "avaluo_rem": 0.0, "avaluo_r_1": 0.0, "clasificac": "GENERAL", "anio_deuda": 0, "deuda": 0.0, "valor_ip": 0.0, "coactiva": null, "ficharegis": 81681, "etam": 0.1545263067, "diferencia": -0.0028533296, "porc_difer": -7.5703e-06, "admisible": 1, "deuda_anio": 0.0, "2019_csv_c": null, "clavecat_1": null, "2021__csv_": null, "2021__csv1": null, "Clavepre": "2-18-107-13-000", "RESOLUCION": "448-24-03-2022", "ORIG_FID": 133 }, "geometry": { "type": "Point", "coordinates": [ -80.6686469382837, -0.960966815566966 ] } },
{ "type": "Feature", "properties": { "id": 53865, "lote_id": 100591, "clavecatas": "2-18-107-14-000", "zona": "2", "sector": "18", "manzana": "107", "lote": "14", "ph": "000", "propietari": "ANCHUNDIA PILLASAGUA  LILIANA YGNACIA", "documentop": "1306840834", "direccion": "VILLAMARINA MZ 06 LOTE 14", "area_m2": 195.52, "frente_uti": 10.3, "frente_tot": 10.3, "avaluo_con": 29492.18, "avaluo_sue": 15641.6, "zonaurbano": "URBANA", "parroquia": "LOS ESTEROS", "esta_bloqu": "NO", "es_tercera": "NO", "tiene_elec": "SI", "tiene_agua": "SI", "tiene_alca": "SI", "observacio": "* AUTORIZADO :SE CREA EL PRESENTE CÓDIGO CATASTRAL MEDIANTE RESOLUCIÓN LEGISLATIVA N°. 448-24-03-2022, QUE DISPONE “AUTORIZAR LA TRANSFERENCIA DE DOMINIO DE 59 LOTES, Y DECLARAR, INCORPORAR AL PATRIMONIO MUNICIPAL, 122 LOTES DE TERRENO CONTENIDOS EN", "observac_1": null, "barrio": "VILLAMARINA", "parroquia_": 4, "barrio_id": 232, "proceso": 0, "fecha_regi": null, "activo_cat": "SI", "desactivad": 0, "avaluo_rem": 0.0, "avaluo_r_1": 0.0, "clasificac": "GENERAL", "anio_deuda": 0, "deuda": 0.0, "valor_ip": 0.0, "coactiva": null, "ficharegis": 81670, "etam": 0.071516196, "diferencia": -0.0013224417, "porc_difer": -6.7637e-06, "admisible": 1, "deuda_anio": 0.0, "2019_csv_c": null, "clavecat_1": null, "2021__csv_": null, "2021__csv1": null, "Clavepre": "2-18-107-14-000", "RESOLUCION": "448-24-03-2022", "ORIG_FID": 134 }, "geometry": { "type": "Point", "coordinates": [ -80.668593135841931, -0.960841642741197 ] } },
{ "type": "Feature", "properties": { "id": 53867, "lote_id": 100588, "clavecatas": "2-18-107-16-000", "zona": "2", "sector": "18", "manzana": "107", "lote": "16", "ph": "000", "propietari": "GOBIERNO AUTONOMO DESCENTRALIZADO  MUNICIPAL MANTA .", "documentop": "1360000980001", "direccion": "VILLAMARINA MZ 06 LOTE 16", "area_m2": 189.82, "frente_uti": 10.0, "frente_tot": 10.0, "avaluo_con": 0.0, "avaluo_sue": 15185.6, "zonaurbano": "URBANA", "parroquia": "LOS ESTEROS", "esta_bloqu": "NO", "es_tercera": "NO", "tiene_elec": "SI", "tiene_agua": "SI", "tiene_alca": "SI", "observacio": "* AUTORIZADO :SE CREA EL PRESENTE CÓDIGO CATASTRAL MEDIANTE RESOLUCIÓN LEGISLATIVA N°. 448-24-03-2022, QUE DISPONE “AUTORIZAR LA TRANSFERENCIA DE DOMINIO DE 59 LOTES, Y DECLARAR, INCORPORAR AL PATRIMONIO MUNICIPAL, 122 LOTES DE TERRENO CONTENIDOS EN", "observac_1": null, "barrio": "VILLAMARINA", "parroquia_": 4, "barrio_id": 232, "proceso": 0, "fecha_regi": null, "activo_cat": "SI", "desactivad": 0, "avaluo_rem": 0.0, "avaluo_r_1": 0.0, "clasificac": "POR LEGALIZAR", "anio_deuda": 0, "deuda": 0.0, "valor_ip": 0.0, "coactiva": null, "ficharegis": 0, "etam": 0.0725820141, "diferencia": -0.0071248429, "porc_difer": -3.75347e-05, "admisible": 1, "deuda_anio": 0.0, "2019_csv_c": null, "clavecat_1": null, "2021__csv_": null, "2021__csv1": null, "Clavepre": "2-18-107-16-000", "RESOLUCION": "447-24-03-2022", "ORIG_FID": 135 }, "geometry": { "type": "Point", "coordinates": [ -80.668520928316994, -0.960674459419634 ] } },
{ "type": "Feature", "properties": { "id": 53868, "lote_id": 100586, "clavecatas": "2-18-107-17-000", "zona": "2", "sector": "18", "manzana": "107", "lote": "17", "ph": "000", "propietari": "GOBIERNO AUTONOMO DESCENTRALIZADO  MUNICIPAL MANTA .", "documentop": "1360000980001", "direccion": "VILLAMARINA MZ 06 LOTE 17", "area_m2": 189.82, "frente_uti": 10.0, "frente_tot": 10.0, "avaluo_con": 0.0, "avaluo_sue": 15185.6, "zonaurbano": "URBANA", "parroquia": "LOS ESTEROS", "esta_bloqu": "NO", "es_tercera": "NO", "tiene_elec": "SI", "tiene_agua": "SI", "tiene_alca": "SI", "observacio": "* AUTORIZADO :SE CREA EL PRESENTE CÓDIGO CATASTRAL MEDIANTE RESOLUCIÓN LEGISLATIVA N°. 448-24-03-2022, QUE DISPONE “AUTORIZAR LA TRANSFERENCIA DE DOMINIO DE 59 LOTES, Y DECLARAR, INCORPORAR AL PATRIMONIO MUNICIPAL, 122 LOTES DE TERRENO CONTENIDOS EN", "observac_1": null, "barrio": "VILLAMARINA", "parroquia_": 4, "barrio_id": 232, "proceso": 0, "fecha_regi": null, "activo_cat": "SI", "desactivad": 0, "avaluo_rem": 0.0, "avaluo_r_1": 0.0, "clasificac": "POR LEGALIZAR", "anio_deuda": 0, "deuda": 0.0, "valor_ip": 0.0, "coactiva": null, "ficharegis": 0, "etam": 0.0725820141, "diferencia": -0.0065266453, "porc_difer": -3.43833e-05, "admisible": 1, "deuda_anio": 0.0, "2019_csv_c": null, "clavecat_1": null, "2021__csv_": null, "2021__csv1": null, "Clavepre": "2-18-107-17-000", "RESOLUCION": "447-24-03-2022", "ORIG_FID": 136 }, "geometry": { "type": "Point", "coordinates": [ -80.668485093666945, -0.960591489820094 ] } },
{ "type": "Feature", "properties": { "id": 53869, "lote_id": 100597, "clavecatas": "2-18-107-18-000", "zona": "2", "sector": "18", "manzana": "107", "lote": "18", "ph": "000", "propietari": "MERO MANTUANO ZACARIAS FELICISIMO", "documentop": "1300393657", "direccion": "VILLAMARINA MZ-6  LOTE-18", "area_m2": 186.03, "frente_uti": 10.2, "frente_tot": 10.2, "avaluo_con": 16128.64, "avaluo_sue": 12724.45, "zonaurbano": "URBANA", "parroquia": "LOS ESTEROS", "esta_bloqu": "NO", "es_tercera": "SI", "tiene_elec": "NO", "tiene_agua": "NO", "tiene_alca": "NO", "observacio": "*AUTORIZADO: SE CREA EL PRESENTE CÓDIGO CATASTRAL MEDIANTE RESOLUCIÓN LEGISLATIVA N°. 448-24-03-2022, QUE DISPONE “AUTORIZAR LA TRANSFERENCIA DE DOMINIO DE 59 LOTES, Y DECLARAR, INCORPORAR AL PATRIMONIO MUNICIPAL, 122 LOTES DE TERRENO CONTENIDOS EN", "observac_1": null, "barrio": "VILLAMARINA", "parroquia_": 4, "barrio_id": 232, "proceso": 0, "fecha_regi": null, "activo_cat": "SI", "desactivad": 0, "avaluo_rem": 0.0, "avaluo_r_1": 0.0, "clasificac": "GENERAL", "anio_deuda": 0, "deuda": 0.0, "valor_ip": 0.0, "coactiva": null, "ficharegis": 82057, "etam": 0.073317645, "diferencia": 3.882e-06, "porc_difer": 2.09e-08, "admisible": 1, "deuda_anio": 0.0, "2019_csv_c": null, "clavecat_1": null, "2021__csv_": null, "2021__csv1": null, "Clavepre": "2-18-107-18-000", "RESOLUCION": "448-24-03-2022", "ORIG_FID": 137 }, "geometry": { "type": "Point", "coordinates": [ -80.6684496171342, -0.960509350055324 ] } },
{ "type": "Feature", "properties": { "id": 53870, "lote_id": 100599, "clavecatas": "2-18-107-19-000", "zona": "2", "sector": "18", "manzana": "107", "lote": "19", "ph": "000", "propietari": "BOLAÑOS CONTRERAS CARLOS ENRIQUE", "documentop": "0910819176", "direccion": "VILLAMARINA MZ-6  LOTE-19", "area_m2": 186.03, "frente_uti": 9.8, "frente_tot": 9.8, "avaluo_con": 32928.0, "avaluo_sue": 14882.4, "zonaurbano": "URBANA", "parroquia": "LOS ESTEROS", "esta_bloqu": "NO", "es_tercera": "NO", "tiene_elec": "NO", "tiene_agua": "NO", "tiene_alca": "NO", "observacio": "*AUTORIZADO: SE CREA EL PRESENTE CÓDIGO CATASTRAL MEDIANTE RESOLUCIÓN LEGISLATIVA N°. 448-24-03-2022, QUE DISPONE “AUTORIZAR LA TRANSFERENCIA DE DOMINIO DE 59 LOTES, Y DECLARAR, INCORPORAR AL PATRIMONIO MUNICIPAL, 122 LOTES DE TERRENO CONTENIDOS EN", "observac_1": null, "barrio": "VILLAMARINA", "parroquia_": 4, "barrio_id": 232, "proceso": 0, "fecha_regi": null, "activo_cat": "SI", "desactivad": 0, "avaluo_rem": 0.0, "avaluo_r_1": 0.0, "clasificac": "GENERAL", "anio_deuda": 0, "deuda": 0.0, "valor_ip": 0.0, "coactiva": null, "ficharegis": 81641, "etam": 0.073317645, "diferencia": -7.5930572005999997, "porc_difer": -0.0408163049, "admisible": 1, "deuda_anio": 0.0, "2019_csv_c": null, "clavecat_1": null, "2021__csv_": null, "2021__csv1": null, "Clavepre": "2-18-107-19-000", "RESOLUCION": "448-24-03-2022", "ORIG_FID": 138 }, "geometry": { "type": "Point", "coordinates": [ -80.668413782253808, -0.960426380596152 ] } },
{ "type": "Feature", "properties": { "id": 53872, "lote_id": 100601, "clavecatas": "2-18-108-02-000", "zona": "2", "sector": "18", "manzana": "108", "lote": "02", "ph": "000", "propietari": "OLMEDO VELIZ JESSICA GEOCONDA", "documentop": "1310626443", "direccion": "VILLAMARINA MZ 04 LOTE 02", "area_m2": 265.0, "frente_uti": 11.6, "frente_tot": 11.6, "avaluo_con": 31163.82, "avaluo_sue": 18126.0, "zonaurbano": "URBANA", "parroquia": "LOS ESTEROS", "esta_bloqu": "NO", "es_tercera": "NO", "tiene_elec": "SI", "tiene_agua": "SI", "tiene_alca": "SI", "observacio": "*AUTORIZADO:SE CREA EL PRESENTE CÓDIGO CATASTRAL MEDIANTE RESOLUCIÓN LEGISLATIVA N°. 448-24-03-2022, QUE DISPONE “AUTORIZAR LA TRANSFERENCIA DE DOMINIO DE 59 LOTES, Y DECLARAR, INCORPORAR AL PATRIMONIO MUNICIPAL, 122 LOTES DE TERRENO CONTENIDOS EN E", "observac_1": null, "barrio": "VILLAMARINA", "parroquia_": 4, "barrio_id": 232, "proceso": 0, "fecha_regi": null, "activo_cat": "SI", "desactivad": 0, "avaluo_rem": 0.0, "avaluo_r_1": 0.0, "clasificac": "GENERAL", "anio_deuda": 0, "deuda": 0.0, "valor_ip": 0.0, "coactiva": null, "ficharegis": 81528, "etam": 0.1228590234, "diferencia": -28.0009554208, "porc_difer": -0.1056639827, "admisible": 1, "deuda_anio": 0.0, "2019_csv_c": null, "clavecat_1": null, "2021__csv_": null, "2021__csv1": null, "Clavepre": "2-18-108-02-000", "RESOLUCION": "448-24-03-2022", "ORIG_FID": 139 }, "geometry": { "type": "Point", "coordinates": [ -80.66831648774567, -0.96267459773033 ] } },
{ "type": "Feature", "properties": { "id": 53873, "lote_id": 100600, "clavecatas": "2-18-108-03-000", "zona": "2", "sector": "18", "manzana": "108", "lote": "03", "ph": "000", "propietari": "CANTOS CEDEÑO LEIDA MONCERRATE", "documentop": "1304770280", "direccion": "VILLAMARINA MZ 04 LOTE 03", "area_m2": 138.67, "frente_uti": 5.0, "frente_tot": 5.0, "avaluo_con": 16826.75, "avaluo_sue": 8985.82, "zonaurbano": "URBANA", "parroquia": "LOS ESTEROS", "esta_bloqu": "NO", "es_tercera": "NO", "tiene_elec": "SI", "tiene_agua": "SI", "tiene_alca": "SI", "observacio": "* AUTORIZADO :SE CREA EL PRESENTE CÓDIGO CATASTRAL MEDIANTE RESOLUCIÓN LEGISLATIVA N°. 448-24-03-2022, QUE DISPONE “AUTORIZAR LA TRANSFERENCIA DE DOMINIO DE 59 LOTES, Y DECLARAR, INCORPORAR AL PATRIMONIO MUNICIPAL, 122 LOTES DE TERRENO CONTENIDOS EN", "observac_1": null, "barrio": "VILLAMARINA", "parroquia_": 4, "barrio_id": 232, "proceso": 0, "fecha_regi": null, "activo_cat": "SI", "desactivad": 0, "avaluo_rem": 0.0, "avaluo_r_1": 0.0, "clasificac": "GENERAL", "anio_deuda": 0, "deuda": 0.0, "valor_ip": 0.0, "coactiva": null, "ficharegis": 81494, "etam": 0.0849197569, "diferencia": -0.0050905504, "porc_difer": -3.67098e-05, "admisible": 1, "deuda_anio": 0.0, "2019_csv_c": null, "clavecat_1": null, "2021__csv_": null, "2021__csv1": null, "Clavepre": "2-18-108-03-000", "RESOLUCION": "448-24-03-2022", "ORIG_FID": 140 }, "geometry": { "type": "Point", "coordinates": [ -80.668289315329645, -0.962781727449585 ] } },
{ "type": "Feature", "properties": { "id": 53883, "lote_id": 100612, "clavecatas": "2-18-109-03-000", "zona": "2", "sector": "18", "manzana": "109", "lote": "03", "ph": "000", "propietari": "GOBIERNO AUTONOMO DESCENTRALIZADO  MUNICIPAL MANTA .", "documentop": "1360000980001", "direccion": "VILLAMARINA MZ 01 LOTE 03", "area_m2": 199.45, "frente_uti": 31.75, "frente_tot": 31.75, "avaluo_con": 0.0, "avaluo_sue": 15956.0, "zonaurbano": "URBANA", "parroquia": "LOS ESTEROS", "esta_bloqu": "NO", "es_tercera": "NO", "tiene_elec": "SI", "tiene_agua": "SI", "tiene_alca": "SI", "observacio": "*AUTORIZADO:SE CREA EL PRESENTE CÓDIGO CATASTRAL MEDIANTE RESOLUCIÓN LEGISLATIVA N°. 448-24-03-2022, QUE DISPONE “AUTORIZAR LA TRANSFERENCIA DE DOMINIO DE 59 LOTES, Y DECLARAR, INCORPORAR AL PATRIMONIO MUNICIPAL, 122 LOTES DE TERRENO CONTENIDOS EN E", "observac_1": null, "barrio": "VILLAMARINA", "parroquia_": 4, "barrio_id": 232, "proceso": 0, "fecha_regi": null, "activo_cat": "SI", "desactivad": 0, "avaluo_rem": 0.0, "avaluo_r_1": 0.0, "clasificac": "POR LEGALIZAR", "anio_deuda": 0, "deuda": 0.0, "valor_ip": 0.0, "coactiva": null, "ficharegis": 0, "etam": 0.0, "diferencia": -0.0082677812, "porc_difer": -4.14529e-05, "admisible": 0, "deuda_anio": 0.0, "2019_csv_c": null, "clavecat_1": null, "2021__csv_": null, "2021__csv1": null, "Clavepre": "2-18-109-03-000", "RESOLUCION": "447-24-03-2022", "ORIG_FID": 141 }, "geometry": { "type": "Point", "coordinates": [ -80.668297715454159, -0.963530158962899 ] } },
{ "type": "Feature", "properties": { "id": 53876, "lote_id": 100624, "clavecatas": "2-18-108-06-000", "zona": "2", "sector": "18", "manzana": "108", "lote": "06", "ph": "000", "propietari": "GUADAMUD MORA HERNAN SAMUEL", "documentop": "1308306982", "direccion": "VILLAMARINA MZ 04 LOTE 06", "area_m2": 194.51, "frente_uti": 30.15, "frente_tot": 30.15, "avaluo_con": 17927.35, "avaluo_sue": 14704.96, "zonaurbano": "URBANA", "parroquia": "LOS ESTEROS", "esta_bloqu": "NO", "es_tercera": "NO", "tiene_elec": "SI", "tiene_agua": "SI", "tiene_alca": "SI", "observacio": "*AUTORIZADO:SE CREA EL PRESENTE CÓDIGO CATASTRAL MEDIANTE RESOLUCIÓN LEGISLATIVA N°. 448-24-03-2022, QUE DISPONE “AUTORIZAR LA TRANSFERENCIA DE DOMINIO DE 59 LOTES, Y DECLARAR, INCORPORAR AL PATRIMONIO MUNICIPAL, 122 LOTES DE TERRENO CONTENIDOS EN E", "observac_1": null, "barrio": "VILLAMARINA", "parroquia_": 4, "barrio_id": 232, "proceso": 0, "fecha_regi": null, "activo_cat": "SI", "desactivad": 0, "avaluo_rem": 0.0, "avaluo_r_1": 0.0, "clasificac": "GENERAL", "anio_deuda": 2026, "deuda": 25.82, "valor_ip": 0.0, "coactiva": null, "ficharegis": 81527, "etam": 0.0717016307, "diferencia": -0.0064044384, "porc_difer": -3.2926e-05, "admisible": 1, "deuda_anio": 0.0, "2019_csv_c": null, "clavecat_1": null, "2021__csv_": null, "2021__csv1": null, "Clavepre": "2-18-108-06-000", "RESOLUCION": "448-24-03-2022", "ORIG_FID": 142 }, "geometry": { "type": "Point", "coordinates": [ -80.668406473041131, -0.963116018415799 ] } },
{ "type": "Feature", "properties": { "id": 53877, "lote_id": 100625, "clavecatas": "2-18-108-07-000", "zona": "2", "sector": "18", "manzana": "108", "lote": "07", "ph": "000", "propietari": "GUADAMUD MORA PEDRO ALAERCIO", "documentop": "1307827830", "direccion": "VILLAMARINA MZ 04 LOTE 07", "area_m2": 188.94, "frente_uti": 10.05, "frente_tot": 10.05, "avaluo_con": 34248.38, "avaluo_sue": 13603.68, "zonaurbano": "URBANA", "parroquia": "LOS ESTEROS", "esta_bloqu": "NO", "es_tercera": "NO", "tiene_elec": "SI", "tiene_agua": "SI", "tiene_alca": "SI", "observacio": "*AUTORIZADO:SE CREA EL PRESENTE CÓDIGO CATASTRAL MEDIANTE RESOLUCIÓN LEGISLATIVA N°. 448-24-03-2022, QUE DISPONE “AUTORIZAR LA TRANSFERENCIA DE DOMINIO DE 59 LOTES, Y DECLARAR, INCORPORAR AL PATRIMONIO MUNICIPAL, 122 LOTES DE TERRENO CONTENIDOS EN E", "observac_1": null, "barrio": "VILLAMARINA", "parroquia_": 4, "barrio_id": 232, "proceso": 0, "fecha_regi": null, "activo_cat": "SI", "desactivad": 0, "avaluo_rem": 0.0, "avaluo_r_1": 0.0, "clasificac": "GENERAL", "anio_deuda": 0, "deuda": 0.0, "valor_ip": 0.0, "coactiva": null, "ficharegis": 81545, "etam": 0.0727508454, "diferencia": -0.00579021, "porc_difer": -3.06458e-05, "admisible": 1, "deuda_anio": 0.0, "2019_csv_c": null, "clavecat_1": null, "2021__csv_": null, "2021__csv1": null, "Clavepre": "2-18-108-07-000", "RESOLUCION": "448-24-03-2022", "ORIG_FID": 143 }, "geometry": { "type": "Point", "coordinates": [ -80.668396812022863, -0.96302542929497 ] } },
{ "type": "Feature", "properties": { "id": 53878, "lote_id": 100626, "clavecatas": "2-18-108-08-000", "zona": "2", "sector": "18", "manzana": "108", "lote": "08", "ph": "000", "propietari": "GOBIERNO AUTONOMO DESCENTRALIZADO MUNICIPAL DEL CANTON MANTA .", "documentop": "1360000980001", "direccion": "VILLAMARINA MZ 04 LOTE 08", "area_m2": 339.8, "frente_uti": 20.1, "frente_tot": 20.1, "avaluo_con": 0.0, "avaluo_sue": 27184.0, "zonaurbano": "URBANA", "parroquia": "LOS ESTEROS", "esta_bloqu": "NO", "es_tercera": "NO", "tiene_elec": "SI", "tiene_agua": "SI", "tiene_alca": "SI", "observacio": "*AUTORIZADO:SE CREA EL PRESENTE CÓDIGO CATASTRAL MEDIANTE RESOLUCIÓN LEGISLATIVA N°. 448-24-03-2022, QUE DISPONE “AUTORIZAR LA TRANSFERENCIA DE DOMINIO DE 59 LOTES, Y DECLARAR, INCORPORAR AL PATRIMONIO MUNICIPAL, 122 LOTES DE TERRENO CONTENIDOS EN E", "observac_1": null, "barrio": "VILLAMARINA", "parroquia_": 4, "barrio_id": 232, "proceso": 0, "fecha_regi": null, "activo_cat": "SI", "desactivad": 0, "avaluo_rem": 0.0, "avaluo_r_1": 0.0, "clasificac": "POR LEGALIZAR", "anio_deuda": 0, "deuda": 0.0, "valor_ip": 0.0, "coactiva": null, "ficharegis": 0, "etam": 0.1627457168, "diferencia": -0.0203410723, "porc_difer": -5.98619e-05, "admisible": 1, "deuda_anio": 0.0, "2019_csv_c": null, "clavecat_1": null, "2021__csv_": null, "2021__csv1": null, "Clavepre": "2-18-108-08-000", "RESOLUCION": "447-24-03-2022", "ORIG_FID": 144 }, "geometry": { "type": "Point", "coordinates": [ -80.66838646492684, -0.962891642765551 ] } },
{ "type": "Feature", "properties": { "id": 53879, "lote_id": 100627, "clavecatas": "2-18-108-09-000", "zona": "2", "sector": "18", "manzana": "108", "lote": "09", "ph": "000", "propietari": "GOBIERNO AUTONOMO DESCENTRALIZADO  MUNICIPAL MANTA .", "documentop": "1360000980001", "direccion": "VILLAMARINA MZ 04 LOTE 09", "area_m2": 106.23, "frente_uti": 10.2, "frente_tot": 10.2, "avaluo_con": 0.0, "avaluo_sue": 8498.4, "zonaurbano": "URBANA", "parroquia": "LOS ESTEROS", "esta_bloqu": "NO", "es_tercera": "NO", "tiene_elec": "SI", "tiene_agua": "SI", "tiene_alca": "SI", "observacio": "*AUTORIZADO:SE CREA EL PRESENTE CÓDIGO CATASTRAL MEDIANTE RESOLUCIÓN LEGISLATIVA N°. 448-24-03-2022, QUE DISPONE “AUTORIZAR LA TRANSFERENCIA DE DOMINIO DE 59 LOTES, Y DECLARAR, INCORPORAR AL PATRIMONIO MUNICIPAL, 122 LOTES DE TERRENO CONTENIDOS EN E", "observac_1": null, "barrio": "VILLAMARINA", "parroquia_": 4, "barrio_id": 232, "proceso": 0, "fecha_regi": null, "activo_cat": "SI", "desactivad": 0, "avaluo_rem": 0.0, "avaluo_r_1": 0.0, "clasificac": "POR LEGALIZAR", "anio_deuda": 0, "deuda": 0.0, "valor_ip": 0.0, "coactiva": null, "ficharegis": 0, "etam": 0.0970233821, "diferencia": 0.0308000047, "porc_difer": 0.000289937, "admisible": 1, "deuda_anio": 0.0, "2019_csv_c": null, "clavecat_1": null, "2021__csv_": null, "2021__csv1": null, "Clavepre": "2-18-108-09-000", "RESOLUCION": "447-24-03-2022", "ORIG_FID": 145 }, "geometry": { "type": "Point", "coordinates": [ -80.66839703706033, -0.962742797315421 ] } },
{ "type": "Feature", "properties": { "id": 53881, "lote_id": 100596, "clavecatas": "2-18-109-01-000", "zona": "2", "sector": "18", "manzana": "109", "lote": "01", "ph": "000", "propietari": "GOBIERNO AUTONOMO DESCENTRALIZADO  MUNICIPAL MANTA .", "documentop": "1360000980001", "direccion": "VILLAMARINA MZ 01 LOTE 01", "area_m2": 410.68, "frente_uti": 40.9, "frente_tot": 40.9, "avaluo_con": 13160.0, "avaluo_sue": 31047.41, "zonaurbano": "URBANA", "parroquia": "LOS ESTEROS", "esta_bloqu": "NO", "es_tercera": "NO", "tiene_elec": "SI", "tiene_agua": "SI", "tiene_alca": "SI", "observacio": "* AUTORIZADO :SE CREA EL PRESENTE CÓDIGO CATASTRAL MEDIANTE RESOLUCIÓN LEGISLATIVA N°. 448-24-03-2022, QUE DISPONE “AUTORIZAR LA TRANSFERENCIA DE DOMINIO DE 59 LOTES, Y DECLARAR, INCORPORAR AL PATRIMONIO MUNICIPAL, 122 LOTES DE TERRENO CONTENIDOS EN", "observac_1": null, "barrio": "VILLAMARINA", "parroquia_": 4, "barrio_id": 232, "proceso": 0, "fecha_regi": null, "activo_cat": "SI", "desactivad": 0, "avaluo_rem": 0.0, "avaluo_r_1": 0.0, "clasificac": "POR LEGALIZAR", "anio_deuda": 0, "deuda": 0.0, "valor_ip": 0.0, "coactiva": null, "ficharegis": 0, "etam": 0.1480367282, "diferencia": -0.0055541123, "porc_difer": -1.35242e-05, "admisible": 1, "deuda_anio": 0.0, "2019_csv_c": null, "clavecat_1": null, "2021__csv_": null, "2021__csv1": null, "Clavepre": "2-18-109-01-000", "RESOLUCION": "448-24-03-2022", "ORIG_FID": 146 }, "geometry": { "type": "Point", "coordinates": [ -80.668444110567762, -0.963333438350129 ] } },
{ "type": "Feature", "properties": { "id": 53882, "lote_id": 100598, "clavecatas": "2-18-109-02-000", "zona": "2", "sector": "18", "manzana": "109", "lote": "02", "ph": "000", "propietari": "CORDERO VELEZ ANGELA ADRIANA", "documentop": "1311437956", "direccion": "VILLAMARINA MZ 01 LOTE 02", "area_m2": 339.54, "frente_uti": 36.2, "frente_tot": 36.2, "avaluo_con": 4853.22, "avaluo_sue": 24385.76, "zonaurbano": "URBANA", "parroquia": "LOS ESTEROS", "esta_bloqu": "NO", "es_tercera": "NO", "tiene_elec": "SI", "tiene_agua": "SI", "tiene_alca": "SI", "observacio": "* AUTORIZADO :SE CREA EL PRESENTE CÓDIGO CATASTRAL MEDIANTE RESOLUCIÓN LEGISLATIVA N°. 448-24-03-2022, QUE DISPONE “AUTORIZAR LA TRANSFERENCIA DE DOMINIO DE 59 LOTES, Y DECLARAR, INCORPORAR AL PATRIMONIO MUNICIPAL, 122 LOTES DE TERRENO CONTENIDOS EN", "observac_1": null, "barrio": "VILLAMARINA", "parroquia_": 4, "barrio_id": 232, "proceso": 0, "fecha_regi": null, "activo_cat": "SI", "desactivad": 0, "avaluo_rem": 0.0, "avaluo_r_1": 0.0, "clasificac": "GENERAL", "anio_deuda": 0, "deuda": 0.0, "valor_ip": 0.0, "coactiva": null, "ficharegis": 81518, "etam": 0.1628080155, "diferencia": -0.0023115599, "porc_difer": -6.8079e-06, "admisible": 1, "deuda_anio": 0.0, "2019_csv_c": null, "clavecat_1": null, "2021__csv_": null, "2021__csv1": null, "Clavepre": "2-18-109-02-000", "RESOLUCION": "448-24-03-2022", "ORIG_FID": 147 }, "geometry": { "type": "Point", "coordinates": [ -80.668286234886054, -0.963390881414154 ] } },
{ "type": "Feature", "properties": { "id": 63843, "lote_id": 100686, "clavecatas": "3-03-20-47-000", "zona": "3", "sector": "03", "manzana": "20", "lote": "47", "ph": "000", "propietari": "GUERRA PARRALES ELENA SINECIA", "documentop": "1303080426", "direccion": "BARRIO BELLAVISTA 2", "area_m2": 51.0, "frente_uti": 8.75, "frente_tot": 8.75, "avaluo_con": 3168.0, "avaluo_sue": 5890.5, "zonaurbano": "URBANA", "parroquia": "TARQUI", "esta_bloqu": "NO", "es_tercera": "SI", "tiene_elec": "SI", "tiene_agua": "SI", "tiene_alca": "SI", "observacio": "SE CREA EL PRESENTE CÓDIGO CATASTRAL PARA SER ADJUDICADO A GUERRA PARRALES ELENA SINECIA, UBICADO EN EL BARRIO BELLAVISTA N°2 DE LA PARROQUIA TARQUI. MEDIANTE INFORME DEL SR. LUIS LOPEZ DELGADO -SE ACTUALIZA INFORMACION CON ESCRITURA DE ADJ.CON PROH.DE", "observac_1": null, "barrio": "BELLAVISTA 2", "parroquia_": 3, "barrio_id": 1069, "proceso": 0, "fecha_regi": null, "activo_cat": "SI", "desactivad": 0, "avaluo_rem": 0.0, "avaluo_r_1": 0.0, "clasificac": "GENERAL", "anio_deuda": 0, "deuda": 0.0, "valor_ip": 0.0, "coactiva": null, "ficharegis": 82222, "etam": 0.1, "diferencia": 0.3439806779, "porc_difer": 0.0067447192, "admisible": 1, "deuda_anio": 0.0, "2019_csv_c": null, "clavecat_1": null, "2021__csv_": null, "2021__csv1": null, "Clavepre": "3-03-20-47-000", "RESOLUCION": "443-17-03-2022", "ORIG_FID": 148 }, "geometry": { "type": "Point", "coordinates": [ -80.721995805782271, -0.967654501240654 ] } },
{ "type": "Feature", "properties": { "id": 67717, "lote_id": 102217, "clavecatas": "3-06-22-04-000", "zona": "3", "sector": "06", "manzana": "22", "lote": "04", "ph": "000", "propietari": "ARTEAGA PINCAY JUANA FELICITA", "documentop": "1302588593", "direccion": "LAS CUMBRES, MANZANA 22 LOTE 4", "area_m2": 221.35, "frente_uti": 3.0, "frente_tot": 17.1, "avaluo_con": 642.6, "avaluo_sue": 22135.0, "zonaurbano": "URBANA", "parroquia": "TARQUI", "esta_bloqu": "NO", "es_tercera": "SI", "tiene_elec": "NO", "tiene_agua": "NO", "tiene_alca": "NO", "observacio": "SE CREA EL CÓDIGO 3062204000 CON FINES DE LEGALIZACIÓN POR CAMBIO DE CATEGORÍA APROBADO EN SESIÓN DE CONCEJO DEL 15 DE DICIEMBRE DEL 2022 MEDIANTE RESOLUCIÓN LEGISLATIVA NO. 595-15-12-2022, QUE AUTORIZA EL CAMBIO DE CATEGORÍA Y LA ADJUDICACIÓN A F", "observac_1": null, "barrio": "LA CUMBRE", "parroquia_": 3, "barrio_id": 1071, "proceso": 0, "fecha_regi": null, "activo_cat": "SI", "desactivad": 0, "avaluo_rem": 0.0, "avaluo_r_1": 0.0, "clasificac": "GENERAL", "anio_deuda": 2024, "deuda": 25.16, "valor_ip": 0.0, "coactiva": null, "ficharegis": 83136, "etam": 0.1344281533, "diferencia": -0.011083486, "porc_difer": -5.00722e-05, "admisible": 1, "deuda_anio": 18.21, "2019_csv_c": null, "clavecat_1": null, "2021__csv_": null, "2021__csv1": null, "Clavepre": "3-06-22-04-000", "RESOLUCION": "670-15-12-2022", "ORIG_FID": 149 }, "geometry": { "type": "Point", "coordinates": [ -80.719326993813056, -0.968024260164199 ] } },
{ "type": "Feature", "properties": { "id": 67718, "lote_id": 102221, "clavecatas": "3-06-22-05-000", "zona": "3", "sector": "06", "manzana": "22", "lote": "05", "ph": "000", "propietari": "ORDOÑEZ MENDOZA GABRIELA ESTEFANIA", "documentop": "1312759754", "direccion": "LAS CUMBRES, MANZANA 22 LOTE 5", "area_m2": 418.09, "frente_uti": 17.7, "frente_tot": 17.7, "avaluo_con": 48855.78, "avaluo_sue": 41809.0, "zonaurbano": "URBANA", "parroquia": "TARQUI", "esta_bloqu": "NO", "es_tercera": "NO", "tiene_elec": "NO", "tiene_agua": "NO", "tiene_alca": "NO", "observacio": "SE CREA EL CÓDIGO 3062205000 CON FINES DE LEGALIZACIÓN POR CAMBIO DE CATEGORÍA APROBADO EN SESIÓN DE CONCEJO DEL 15 DE DICIEMBRE DEL 2022 MEDIANTE RESOLUCIÓN LEGISLATIVA NO. 595-15-12-2022, QUE AUTORIZA EL CAMBIO DE CATEGORÍA Y LA ADJUDICACIÓN A F", "observac_1": null, "barrio": "LA CUMBRE", "parroquia_": 3, "barrio_id": 1071, "proceso": 0, "fecha_regi": null, "activo_cat": "SI", "desactivad": 0, "avaluo_rem": 0.0, "avaluo_r_1": 0.0, "clasificac": "GENERAL", "anio_deuda": 0, "deuda": 0.0, "valor_ip": 0.0, "coactiva": null, "ficharegis": 83441, "etam": 0.1467190022, "diferencia": 0.0017762812, "porc_difer": 4.2486e-06, "admisible": 1, "deuda_anio": 0.0, "2019_csv_c": null, "clavecat_1": null, "2021__csv_": null, "2021__csv1": null, "Clavepre": "3-06-22-05-000", "RESOLUCION": "670-15-12-2022", "ORIG_FID": 150 }, "geometry": { "type": "Point", "coordinates": [ -80.719440529984468, -0.968146150421208 ] } },
{ "type": "Feature", "properties": { "id": 75254, "lote_id": 100432, "clavecatas": "3-11-64-26-000", "zona": "3", "sector": "11", "manzana": "64", "lote": "26", "ph": "000", "propietari": "CEDEÑO MACIAS MARIA VIRGINIA", "documentop": "1311029555", "direccion": "BARRIO FLORESTAL 1 MZ 66 LOTE 1-C", "area_m2": 111.9, "frente_uti": 9.6, "frente_tot": 9.6, "avaluo_con": 39628.8, "avaluo_sue": 11190.0, "zonaurbano": "URBANA", "parroquia": "ELOY ALFARO", "esta_bloqu": "NO", "es_tercera": "NO", "tiene_elec": "SI", "tiene_agua": "SI", "tiene_alca": "NO", "observacio": "SE CREA EL PRESENTE CÓDIGO 3116426000, DEL LISTADO 115 ESCRITURADOS CON FINES DE LEGALIZACIÓN PREVIA APROBACIÓN DEL CONCEJO, CUYA POSESIÓN ESTÁ A NOMBRE DE: CEDEÑO MACIAS MARIA VIRGINIA, CON UN ÁREA DE 111.90M2 UBICADO EN SAN JUAN DE MANTA, MEDIAN", "observac_1": null, "barrio": "FLORESTAL 1", "parroquia_": 5, "barrio_id": 1084, "proceso": 0, "fecha_regi": null, "activo_cat": "SI", "desactivad": 0, "avaluo_rem": 0.0, "avaluo_r_1": 0.0, "clasificac": "GENERAL", "anio_deuda": 2025, "deuda": 91.18, "valor_ip": 0.0, "coactiva": null, "ficharegis": 86761, "etam": 0.0945333301, "diferencia": -20.052954783699999, "porc_difer": -0.1792042429, "admisible": 0, "deuda_anio": 46.37, "2019_csv_c": null, "clavecat_1": null, "2021__csv_": null, "2021__csv1": null, "Clavepre": "3-11-64-26-000", "RESOLUCION": "443-17-03-2022", "ORIG_FID": 151 }, "geometry": { "type": "Point", "coordinates": [ -80.705040522541054, -0.979144069374831 ] } },
{ "type": "Feature", "properties": { "id": 75550, "lote_id": 101079, "clavecatas": "3-11-76-10-000", "zona": "3", "sector": "11", "manzana": "76", "lote": "10", "ph": "000", "propietari": "GOBIERNO AUTONOMO DESCENTRALIZADO  MUNICIPAL MANTA .", "documentop": "1360000980001", "direccion": "P. ELOY ALFARO  B.LAS VEGAS  MZ-74 LOTE- 21", "area_m2": 184.8, "frente_uti": 27.0, "frente_tot": 27.0, "avaluo_con": 13000.0, "avaluo_sue": 13582.8, "zonaurbano": "URBANA", "parroquia": "ELOY ALFARO", "esta_bloqu": "NO", "es_tercera": "NO", "tiene_elec": "NO", "tiene_agua": "NO", "tiene_alca": "NO", "observacio": "CLEVE NUEVA POR LEGALIZAR AMAGUAÑA LOPEZ GUADALUPE DE LAS MERCEDES 08/06/22 ARQ, LUPE LANDA...", "observac_1": null, "barrio": "LAS VEGAS", "parroquia_": 5, "barrio_id": 1083, "proceso": 0, "fecha_regi": null, "activo_cat": "SI", "desactivad": 0, "avaluo_rem": 0.0, "avaluo_r_1": 0.0, "clasificac": "POR LEGALIZAR", "anio_deuda": 0, "deuda": 0.0, "valor_ip": 0.0, "coactiva": null, "ficharegis": 0, "etam": 0.0735612358, "diferencia": 35.399141603399997, "porc_difer": 0.1915537966, "admisible": 0, "deuda_anio": 0.0, "2019_csv_c": null, "clavecat_1": null, "2021__csv_": null, "2021__csv1": null, "Clavepre": "3-11-76-10-000", "RESOLUCION": "566-27-10-2022", "ORIG_FID": 152 }, "geometry": { "type": "Point", "coordinates": [ -80.707790980483153, -0.979224156117552 ] } },
{ "type": "Feature", "properties": { "id": 76292, "lote_id": 100436, "clavecatas": "3-12-30-34-000", "zona": "3", "sector": "12", "manzana": "30", "lote": "34", "ph": "000", "propietari": "ZAMBRANO SOLORZANO  MANUELA ESVELIDA", "documentop": "1303411670", "direccion": "BARRIO EL CHAPARRAL MZ 140 LOTE 5-C", "area_m2": 76.0, "frente_uti": 5.0, "frente_tot": 5.0, "avaluo_con": 17689.0, "avaluo_sue": 5320.0, "zonaurbano": "URBANA", "parroquia": "ELOY ALFARO", "esta_bloqu": "NO", "es_tercera": "SI", "tiene_elec": "SI", "tiene_agua": "SI", "tiene_alca": "NO", "observacio": "SE CREA EL PRESENTE CÓDIGO 31230340000, DEL LISTADO 115 ESCRITURADOS CON FINES DE LEGALIZACIÓN PREVIA APROBACIÓN DEL CONCEJO, CUYA POSESIÓN ESTÁ A NOMBRE DE: ZAMBRANO SOLORZANO MANUELA ESVELIDA, CON UN ÁREA DE 76M2 UBICADO EN LA CALLE 316, MANZANA", "observac_1": null, "barrio": "EL CHAPARRAL", "parroquia_": 5, "barrio_id": 1088, "proceso": 0, "fecha_regi": null, "activo_cat": "SI", "desactivad": 0, "avaluo_rem": 0.0, "avaluo_r_1": 0.0, "clasificac": "GENERAL", "anio_deuda": 2025, "deuda": 17.12, "valor_ip": 0.0, "coactiva": null, "ficharegis": 83108, "etam": 0.1, "diferencia": -6.20478646, "porc_difer": -0.0816419271, "admisible": 1, "deuda_anio": 10.14, "2019_csv_c": null, "clavecat_1": null, "2021__csv_": null, "2021__csv1": null, "Clavepre": "3-12-30-34-000", "RESOLUCION": "443-17-03-2022", "ORIG_FID": 153 }, "geometry": { "type": "Point", "coordinates": [ -80.708622808867119, -0.983234641778108 ] } },
{ "type": "Feature", "properties": { "id": 76371, "lote_id": 89553, "clavecatas": "3-12-34-22-000", "zona": "3", "sector": "12", "manzana": "34", "lote": "22", "ph": "000", "propietari": "PARRAGA VARGAS DOLORES MERCEDES", "documentop": "1308177474", "direccion": "CALLE 317 AVENIDA 219 CUBA 2 PARROQUIA ELOY ALFARO", "area_m2": 259.0, "frente_uti": 12.9, "frente_tot": 12.9, "avaluo_con": 5523.2, "avaluo_sue": 19166.0, "zonaurbano": "URBANA", "parroquia": "ELOY ALFARO", "esta_bloqu": "NO", "es_tercera": "SI", "tiene_elec": "SI", "tiene_agua": "SI", "tiene_alca": "SI", "observacio": "SE CREA CÓDIGO NUEVO PARA LEGALIZACIÓN DEL PREDIO.\r\nINF. ARQ. PATRICIO LEÓN - CAMBIO DE CLASIFICACIÓN: MEMORANDO MTA-DFIN-MEM-160920211226, TRÁMITE TE090920211550 EN BASE A ART. 509 DEL COOTAD. SE CORRIGE AREA 256.20 A 259.00 ATRAVE DE LA OBSERVACIO", "observac_1": null, "barrio": "CUBA 2", "parroquia_": 5, "barrio_id": 413, "proceso": 1, "fecha_regi": null, "activo_cat": "SI", "desactivad": 0, "avaluo_rem": 0.0, "avaluo_r_1": 0.0, "clasificac": "GENERAL", "anio_deuda": 0, "deuda": 0.0, "valor_ip": 0.0, "coactiva": null, "ficharegis": 82601, "etam": 0.1242739532, "diferencia": 18.8649660946, "porc_difer": 0.0728377069, "admisible": 1, "deuda_anio": 0.0, "2019_csv_c": null, "clavecat_1": null, "2021__csv_": null, "2021__csv1": null, "Clavepre": "3-12-34-22-000", "RESOLUCION": "566-27-10-2022", "ORIG_FID": 154 }, "geometry": { "type": "Point", "coordinates": [ -80.708638142620018, -0.984539405882366 ] } },
{ "type": "Feature", "properties": { "id": 76577, "lote_id": 100434, "clavecatas": "3-12-50-23-000", "zona": "3", "sector": "12", "manzana": "50", "lote": "23", "ph": "000", "propietari": "ALAVA BRIONES ANGEL RAFAEL", "documentop": "1308852381", "direccion": "BARRIO 2 DE AGOSTO MZ 256 LOTE 32", "area_m2": 166.35, "frente_uti": 15.6, "frente_tot": 15.6, "avaluo_con": 6893.64, "avaluo_sue": 12476.25, "zonaurbano": "URBANA", "parroquia": "ELOY ALFARO", "esta_bloqu": "NO", "es_tercera": "NO", "tiene_elec": "SI", "tiene_agua": "SI", "tiene_alca": "NO", "observacio": "SE CREA EL PRESENTE CÓDIGO 31250230000, DEL LISTADO 115 ESCRITURADOS CON FINES DE LEGALIZACIÓN PREVIA APROBACIÓN DEL CONCEJO, CUYA POSESIÓN ESTÁ A NOMBRE DE: ALAVA BRIONES ANGEL RAFAEL, CON UN ÁREA DE 166.35M2 UBICADO EN EL BARRIO 2 DE AGOSTO MANZA", "observac_1": null, "barrio": "2 DE AGOSTO", "parroquia_": 5, "barrio_id": 420, "proceso": 0, "fecha_regi": null, "activo_cat": "SI", "desactivad": 0, "avaluo_rem": 0.0, "avaluo_r_1": 0.0, "clasificac": "GENERAL", "anio_deuda": 2026, "deuda": 12.93, "valor_ip": 0.0, "coactiva": null, "ficharegis": 85903, "etam": 0.0775333586, "diferencia": 2.1603705868, "porc_difer": 0.0129868986, "admisible": 1, "deuda_anio": 0.0, "2019_csv_c": null, "clavecat_1": null, "2021__csv_": null, "2021__csv1": null, "Clavepre": "3-12-50-23-000", "RESOLUCION": "443-17-03-2022", "ORIG_FID": 155 }, "geometry": { "type": "Point", "coordinates": [ -80.709172708682985, -0.978434480945631 ] } },
{ "type": "Feature", "properties": { "id": 77051, "lote_id": 101803, "clavecatas": "3-13-23-06-000", "zona": "3", "sector": "13", "manzana": "23", "lote": "06", "ph": "000", "propietari": "GOBIERNO AUTONOMO DESCENTRALIZADO  MUNICIPAL MANTA .", "documentop": "1360000980001", "direccion": "LA NUEVA ESPERANZA, MZ 08 LOTE 06", "area_m2": 107.86, "frente_uti": 7.45, "frente_tot": 7.45, "avaluo_con": 3888.0, "avaluo_sue": 7550.2, "zonaurbano": "URBANA", "parroquia": "ELOY ALFARO", "esta_bloqu": "NO", "es_tercera": "NO", "tiene_elec": "SI", "tiene_agua": "NO", "tiene_alca": "NO", "observacio": "SE CREA EL PRESENTE CÓDIGO CATASTRAL CON FINES DE LEGALIZACIÓN DE UN PREDIO UBICADO EN EL SECTOR 2 DE AGOSTO DEL BARRIO LA NUEVA ESPERANZA, DE LA PARROQUIA ELOY ALFARO, MANZANA08 LOTE 06. MEDIANTE INFORME DE LA ARQ. LUIS MILCIADES LÓPEZ DELGADO. - SE", "observac_1": null, "barrio": "ELOY ALFARO", "parroquia_": 5, "barrio_id": 1039, "proceso": 0, "fecha_regi": null, "activo_cat": "SI", "desactivad": 0, "avaluo_rem": 0.0, "avaluo_r_1": 0.0, "clasificac": "GENERAL", "anio_deuda": 2026, "deuda": 2.6, "valor_ip": 0.0, "coactiva": null, "ficharegis": 0, "etam": 0.0962874737, "diferencia": -0.0030163717, "porc_difer": -2.79656e-05, "admisible": 1, "deuda_anio": 0.0, "2019_csv_c": null, "clavecat_1": null, "2021__csv_": null, "2021__csv1": null, "Clavepre": "3-13-23-06-000", "RESOLUCION": "566-27-10-2022", "ORIG_FID": 156 }, "geometry": { "type": "Point", "coordinates": [ -80.713428110942431, -0.987050973354301 ] } },
{ "type": "Feature", "properties": { "id": 77056, "lote_id": 98521, "clavecatas": "3-13-23-11-000", "zona": "3", "sector": "13", "manzana": "23", "lote": "11", "ph": "000", "propietari": "ESPINALES CEDEÑO ANA ROCIO", "documentop": "1312271842", "direccion": "B. NUEVA ESPERANZA - P.ELOY ALFARO MZ-8 LOTE - 6-A", "area_m2": 108.0, "frente_uti": 21.8, "frente_tot": 21.8, "avaluo_con": 394.94, "avaluo_sue": 7560.0, "zonaurbano": "URBANA", "parroquia": "ELOY ALFARO", "esta_bloqu": "NO", "es_tercera": "NO", "tiene_elec": "NO", "tiene_agua": "NO", "tiene_alca": "NO", "observacio": "CLAVE NUEVA POR LEGALIZAR ESPINALES CEDEÑO ANA ROCIO 05/07/21 ARQ. LUPE LANDA... - CAMBIO DE CLASIFICACIÓN: MEMORANDO MTA-DFIN-MEM-160920211226, TRÁMITE TE090920211550 EN BASE A ART. 509 DEL COOTAD.-SE ACTUALIZA INFORMACION CON ESCRITURA DE ADJ.CON PR", "observac_1": null, "barrio": "NUEVA ESPERANZA", "parroquia_": 5, "barrio_id": 414, "proceso": 0, "fecha_regi": null, "activo_cat": "SI", "desactivad": 0, "avaluo_rem": 0.0, "avaluo_r_1": 0.0, "clasificac": "GENERAL", "anio_deuda": 2025, "deuda": 83.32, "valor_ip": 0.0, "coactiva": null, "ficharegis": 82637, "etam": 0.0962250449, "diferencia": -1.8722293848, "porc_difer": -0.0173354573, "admisible": 1, "deuda_anio": 50.12, "2019_csv_c": null, "clavecat_1": null, "2021__csv_": null, "2021__csv1": null, "Clavepre": "3-13-23-11-000", "RESOLUCION": "443-17-03-2022", "ORIG_FID": 157 }, "geometry": { "type": "Point", "coordinates": [ -80.713497942122373, -0.987049403209954 ] } },
{ "type": "Feature", "properties": { "id": 77617, "lote_id": 100783, "clavecatas": "3-13-69-47-000", "zona": "3", "sector": "13", "manzana": "69", "lote": "47", "ph": "000", "propietari": "VALDIVIEZO MENDOZA  MIGUEL EDUARDO", "documentop": "1301790067", "direccion": "P. ELOY ALFARO- B. LOMILLAS DEL COLORADO", "area_m2": 235.32, "frente_uti": 10.6, "frente_tot": 32.8, "avaluo_con": 9331.2, "avaluo_sue": 16943.04, "zonaurbano": "URBANA", "parroquia": "ELOY ALFARO", "esta_bloqu": "NO", "es_tercera": "SI", "tiene_elec": "NO", "tiene_agua": "NO", "tiene_alca": "NO", "observacio": "INGRESO NUEVO PARA LEGALIZAR A FAVOR DE VALDIVIEZO MENDOZA MIGUEL EDUARDO (POR INCEDIO)EL 20/05/22 ARQ. LUPE LANDA.SE ACTUALIZA MEDIANTE ADJUDICACION INSCRITA EL 12/09/2022 EN EL REGISTRO DE LA PROPIEDAD. AZP", "observac_1": null, "barrio": "LOMILLAS DE COLORADO", "parroquia_": 5, "barrio_id": 1159, "proceso": 0, "fecha_regi": null, "activo_cat": "SI", "desactivad": 0, "avaluo_rem": 0.0, "avaluo_r_1": 0.0, "clasificac": "GENERAL", "anio_deuda": 0, "deuda": 0.0, "valor_ip": 0.0, "coactiva": null, "ficharegis": 81202, "etam": 0.1303768776, "diferencia": -5.0060030044000001, "porc_difer": -0.0212731727, "admisible": 1, "deuda_anio": 0.0, "2019_csv_c": null, "clavecat_1": null, "2021__csv_": null, "2021__csv1": null, "Clavepre": "3-13-69-47-000", "RESOLUCION": "478-02-06-2022", "ORIG_FID": 158 }, "geometry": { "type": "Point", "coordinates": [ -80.71068292791081, -0.989087701013222 ] } },
{ "type": "Feature", "properties": { "id": 77616, "lote_id": 100784, "clavecatas": "3-13-69-46-000", "zona": "3", "sector": "13", "manzana": "69", "lote": "46", "ph": "000", "propietari": "CUSME POSLIGUA WILMER EFREN", "documentop": "1306529353", "direccion": "P. ELOY ALFARO - LOMILLAS DEL COLORADOS MZ-214 LOTE 89", "area_m2": 290.14, "frente_uti": 15.1, "frente_tot": 15.1, "avaluo_con": 9600.0, "avaluo_sue": 20890.08, "zonaurbano": "URBANA", "parroquia": "ELOY ALFARO", "esta_bloqu": "NO", "es_tercera": "NO", "tiene_elec": "NO", "tiene_agua": "NO", "tiene_alca": "NO", "observacio": "*INGRESO NUEVO POR LEGALIZAR A FAVOR CUSME POSLIGUA WILMER EFREN EL 20/05/22 ARQ. LUPE LANDA..SE ACTUALIZA INF CON ESCRITURA DE ADJUDICACION INSCRITA EN EL REG. DE LA PROPIEDAD. 07/12/2022 GGV", "observac_1": null, "barrio": "LOMILLAS DE COLORADO", "parroquia_": 5, "barrio_id": 1159, "proceso": 0, "fecha_regi": null, "activo_cat": "SI", "desactivad": 0, "avaluo_rem": 0.0, "avaluo_r_1": 0.0, "clasificac": "GENERAL", "anio_deuda": 0, "deuda": 0.0, "valor_ip": 0.0, "coactiva": null, "ficharegis": 81763, "etam": 0.1174157056, "diferencia": 1.6067581486, "porc_difer": 0.0055378719, "admisible": 1, "deuda_anio": 0.0, "2019_csv_c": null, "clavecat_1": null, "2021__csv_": null, "2021__csv1": null, "Clavepre": "3-13-69-46-000", "RESOLUCION": "478-02-06-2022", "ORIG_FID": 159 }, "geometry": { "type": "Point", "coordinates": [ -80.710117928648785, -0.988385405605001 ] } },
{ "type": "Feature", "properties": { "id": 77948, "lote_id": 100730, "clavecatas": "3-14-06-39-000", "zona": "3", "sector": "14", "manzana": "06", "lote": "39", "ph": "000", "propietari": "GOBIERNO AUTONOMO DESCENTRALIZADO  MUNICIPAL MANTA .", "documentop": "1360000980001", "direccion": "B. LA FLORESTA MZ 29 LOTE 13-A P.  ELOY ALFARO", "area_m2": 301.2, "frente_uti": 22.4, "frente_tot": 51.6, "avaluo_con": 79280.0, "avaluo_sue": 28614.0, "zonaurbano": "URBANA", "parroquia": "ELOY ALFARO", "esta_bloqu": "NO", "es_tercera": "NO", "tiene_elec": "SI", "tiene_agua": "SI", "tiene_alca": "SI", "observacio": "SE CREA EL PRESENTE CÓDIGO CATASTRAL EN VIRTUD DE LA SOLICITUD INDIVIDUAL DEL POSESIONARIO AVILES ALONSO GLADYS ELIZABETH Y HERMANOS, LOTE UBICADO EN LA FLORESTA MANZANA 29 LOTE 13-A, MEDIANTE INFORME QUE DETERMINA LA FACTIBILIDAD E INGRESO AL PROCESO D", "observac_1": null, "barrio": "LA FLORESTA", "parroquia_": 5, "barrio_id": 403, "proceso": 0, "fecha_regi": null, "activo_cat": "SI", "desactivad": 0, "avaluo_rem": 0.0, "avaluo_r_1": 0.0, "clasificac": "POR LEGALIZAR", "anio_deuda": 0, "deuda": 0.0, "valor_ip": 0.0, "coactiva": null, "ficharegis": 0, "etam": 0.1728597064, "diferencia": 0.1692490843, "porc_difer": 0.000561916, "admisible": 1, "deuda_anio": 0.0, "2019_csv_c": null, "clavecat_1": null, "2021__csv_": null, "2021__csv1": null, "Clavepre": "3-14-06-39-000", "RESOLUCION": "566-27-10-2022", "ORIG_FID": 160 }, "geometry": { "type": "Point", "coordinates": [ -80.70209994950045, -0.976190750398388 ] } },
{ "type": "Feature", "properties": { "id": 77972, "lote_id": 101082, "clavecatas": "3-14-07-30-000", "zona": "3", "sector": "14", "manzana": "07", "lote": "30", "ph": "000", "propietari": "MACIAS VILLEGAS MARIA TEOTISTE", "documentop": "1304029539", "direccion": "P. ELOY ALFARO  MZ- 30  LOTE - 15 CALLE  322  B. LA FLORESTA", "area_m2": 337.55, "frente_uti": 10.15, "frente_tot": 10.15, "avaluo_con": 22727.98, "avaluo_sue": 32067.25, "zonaurbano": "URBANA", "parroquia": "ELOY ALFARO", "esta_bloqu": "NO", "es_tercera": "NO", "tiene_elec": "NO", "tiene_agua": "NO", "tiene_alca": "NO", "observacio": "CLAVE NUEVA POR LEGALIZAR A FAVOR MACIAS VILLEGAS MARIA TEOTISTE GESTIONADA EL 09/06/22 ARQ. LUPE LANDA... SE ACTUALIZA INF CON ESCRITURA DE ADJUDICACION INSCRITA EN EL REG. DE LA PROPIEDAD. 07/02/2023 GGV", "observac_1": null, "barrio": "LA FLORESTA", "parroquia_": 5, "barrio_id": 403, "proceso": 0, "fecha_regi": null, "activo_cat": "SI", "desactivad": 0, "avaluo_rem": 0.0, "avaluo_r_1": 0.0, "clasificac": "GENERAL", "anio_deuda": 2026, "deuda": 51.98, "valor_ip": 0.0, "coactiva": null, "ficharegis": 82277, "etam": 0.1632872213, "diferencia": -0.0496233721, "porc_difer": -0.0001470104, "admisible": 1, "deuda_anio": 0.0, "2019_csv_c": null, "clavecat_1": null, "2021__csv_": null, "2021__csv1": null, "Clavepre": "3-14-07-30-000", "RESOLUCION": "566-27-10-2022", "ORIG_FID": 161 }, "geometry": { "type": "Point", "coordinates": [ -80.701473009116455, -0.976938477388123 ] } },
{ "type": "Feature", "properties": { "id": 80751, "lote_id": 101081, "clavecatas": "3-15-23-28-000", "zona": "3", "sector": "15", "manzana": "23", "lote": "28", "ph": "000", "propietari": "GOBIERNO AUTONOMO DESCENTRALIZADO  MUNICIPAL MANTA .", "documentop": "1360000980001", "direccion": "P. ELOY ALFARO  MZ- 145 LOTE - 10 CALLE  320  B. JUAN MONTALVO", "area_m2": 221.45, "frente_uti": 9.8, "frente_tot": 9.8, "avaluo_con": 19452.0, "avaluo_sue": 21037.75, "zonaurbano": "URBANA", "parroquia": "ELOY ALFARO", "esta_bloqu": "NO", "es_tercera": "NO", "tiene_elec": "NO", "tiene_agua": "NO", "tiene_alca": "NO", "observacio": "CLAVE NUEVA POR LEGALIZAR A FAVOR PACHECO VERA LEYTON JOEL 09/06/22 ARQ. LUPE LANDA", "observac_1": null, "barrio": "ELOY ALFARO", "parroquia_": 5, "barrio_id": 1039, "proceso": 0, "fecha_regi": null, "activo_cat": "SI", "desactivad": 0, "avaluo_rem": 0.0, "avaluo_r_1": 0.0, "clasificac": "POR LEGALIZAR", "anio_deuda": 0, "deuda": 0.0, "valor_ip": 0.0, "coactiva": null, "ficharegis": 0, "etam": 0.134397798, "diferencia": -24.104411798099999, "porc_difer": -0.1088481002, "admisible": 1, "deuda_anio": 0.0, "2019_csv_c": null, "clavecat_1": null, "2021__csv_": null, "2021__csv1": null, "Clavepre": "3-15-23-28-000", "RESOLUCION": "566-27-10-2022", "ORIG_FID": 162 }, "geometry": { "type": "Point", "coordinates": [ -80.70615629103456, -0.984464015757181 ] } },
{ "type": "Feature", "properties": { "id": 81099, "lote_id": 61940, "clavecatas": "3-15-38-31-000", "zona": "3", "sector": "15", "manzana": "38", "lote": "31", "ph": "000", "propietari": "ANGULO CHEME JUANA ALBA", "documentop": "1303907321", "direccion": "P. ELOY ALFARO - 15 DE ABRIL -CALLEJON", "area_m2": 118.3, "frente_uti": 5.0, "frente_tot": 5.0, "avaluo_con": 3801.6, "avaluo_sue": 8281.0, "zonaurbano": "URBANA", "parroquia": "MANTA", "esta_bloqu": "NO", "es_tercera": "SI", "tiene_elec": "NO", "tiene_agua": "NO", "tiene_alca": "NO", "observacio": "SE ACTUALIZA INF CON ESCRITURA DE CVTA INSCRITA EN EL REG. DE LA PROPIEDAD.18/11/2021 GGV\r\nSE CORRIGE AREA DE 169.45 M2 CON INF. DE LEGALIZACION A FAVOR DE ANGULO CHEME JUANA ALBA 01/04/22 ARQ, LUPE LANDA -SE ACTUALIZA INFORMACION CON ESCRITURA DE ADJ.CO", "observac_1": null, "barrio": "CDLA 15 DE ABRIL", "parroquia_": 1, "barrio_id": 377, "proceso": 1, "fecha_regi": null, "activo_cat": "SI", "desactivad": 0, "avaluo_rem": 0.0, "avaluo_r_1": 0.0, "clasificac": "POR LEGALIZAR", "anio_deuda": 0, "deuda": 0.0, "valor_ip": 0.0, "coactiva": null, "ficharegis": 82663, "etam": 0.0919406623, "diferencia": 9.0816912513000005, "porc_difer": 0.0767683115, "admisible": 1, "deuda_anio": 0.0, "2019_csv_c": null, "clavecat_1": null, "2021__csv_": null, "2021__csv1": null, "Clavepre": "3-15-38-31-000", "RESOLUCION": "443-17-03-2022", "ORIG_FID": 163 }, "geometry": { "type": "Point", "coordinates": [ -80.701408396673301, -0.983053171894605 ] } },
{ "type": "Feature", "properties": { "id": 81227, "lote_id": 62052, "clavecatas": "3-15-44-20-000", "zona": "3", "sector": "15", "manzana": "44", "lote": "20", "ph": "000", "propietari": "BAZURTO ROSA ZORAIDA .", "documentop": "1304514183", "direccion": "CALLE S/N", "area_m2": 245.48, "frente_uti": 10.3, "frente_tot": 10.3, "avaluo_con": 0.0, "avaluo_sue": 15465.24, "zonaurbano": "URBANA", "parroquia": "MANTA", "esta_bloqu": "NO", "es_tercera": "SI", "tiene_elec": "NO", "tiene_agua": "NO", "tiene_alca": "NO", "observacio": "*SE CORRIGE AREA DE 273.00 A 245.48 M2 TAMBIEN LA CONST. SE QUEMO SU VIVIENDA Y PARA LEGALIZAR 20/05/22 ARQ. LUPE LANDA.-SE ACTUALIZA INF CON ESCRITURA DE ADJUDICACION INSCRITA EN EL REG. DE LA PROPIEDAD. 22/08/2022 GGV", "observac_1": null, "barrio": "CDLA 15 DE ABRIL", "parroquia_": 1, "barrio_id": 377, "proceso": 1, "fecha_regi": null, "activo_cat": "SI", "desactivad": 0, "avaluo_rem": 0.0, "avaluo_r_1": 0.0, "clasificac": "GENERAL", "anio_deuda": 2024, "deuda": 173.5, "valor_ip": 0.0, "coactiva": null, "ficharegis": 80978, "etam": 0.127650329, "diferencia": -0.0406000026, "porc_difer": -0.0001653903, "admisible": 1, "deuda_anio": 128.66, "2019_csv_c": null, "clavecat_1": null, "2021__csv_": null, "2021__csv1": null, "Clavepre": "3-15-44-20-000", "RESOLUCION": "474-26-05-2022", "ORIG_FID": 164 }, "geometry": { "type": "Point", "coordinates": [ -80.70180362909872, -0.985397667944191 ] } },
{ "type": "Feature", "properties": { "id": 81503, "lote_id": 62285, "clavecatas": "3-15-56-08-000", "zona": "3", "sector": "15", "manzana": "56", "lote": "08", "ph": "000", "propietari": "CEVALLOS ALONZO GUSTAVO OSWALDO", "documentop": "1311897597", "direccion": "B. HORACIO HIDROVO MZ 179 LOTE 02-A P. ELOY ALFARO - CALLEJON", "area_m2": 180.45, "frente_uti": 2.5, "frente_tot": 2.5, "avaluo_con": 7200.0, "avaluo_sue": 12631.5, "zonaurbano": "URBANA", "parroquia": "ELOY ALFARO", "esta_bloqu": "NO", "es_tercera": "NO", "tiene_elec": "NO", "tiene_agua": "NO", "tiene_alca": "NO", "observacio": "POR LEGALIZAR CEVALLOS ALONZO GUSTAVO OSWALDO 03/06/2020 ARQ. LUPE LANDA..SE COMPLETA INF. -SE ACTUALIZA INFORMACION CON ESCRITURA DE ADJ.CON PROH.DE ENAJ.INSCRITA EN EL REG.DE LA PROPIEDAD 12/26/2023 Y.C.S.-", "observac_1": null, "barrio": "CORREGIR", "parroquia_": 5, "barrio_id": 348, "proceso": 1, "fecha_regi": null, "activo_cat": "SI", "desactivad": 0, "avaluo_rem": 0.0, "avaluo_r_1": 0.0, "clasificac": "GENERAL", "anio_deuda": 0, "deuda": 0.0, "valor_ip": 0.0, "coactiva": null, "ficharegis": 85191, "etam": 0.0744426041, "diferencia": 2.9026265641000002, "porc_difer": 0.0160854894, "admisible": 1, "deuda_anio": 0.0, "2019_csv_c": null, "clavecat_1": null, "2021__csv_": null, "2021__csv1": null, "Clavepre": "3-15-56-08-000", "RESOLUCION": "566-27-10-2022", "ORIG_FID": 165 }, "geometry": { "type": "Point", "coordinates": [ -80.703932313174391, -0.986929959047006 ] } },
{ "type": "Feature", "properties": { "id": 81836, "lote_id": 62589, "clavecatas": "3-15-74-16-000", "zona": "3", "sector": "15", "manzana": "74", "lote": "16", "ph": "000", "propietari": "ZAMBRANO GOMEZ ANDREA MERCEDES", "documentop": "1315472728", "direccion": "B. 15 DE ABRIL - MZ- 166 LOTE - 15 CALLE 327-A", "area_m2": 248.9, "frente_uti": 9.65, "frente_tot": 9.65, "avaluo_con": 14605.36, "avaluo_sue": 17423.0, "zonaurbano": "URBANA", "parroquia": "ELOY ALFARO", "esta_bloqu": "NO", "es_tercera": "NO", "tiene_elec": "NO", "tiene_agua": "NO", "tiene_alca": "NO", "observacio": "SE CORRIGE AREA CON INF. PEDRO RIOS PARA LEGALIZAR A ZAMBRANO GOMEZ ANDREA MERCEDES 20/03/23 ARQ. LUPE LANDA...-SE ACTUALIZA INFORMACION CON ESCRITURA DE ADJ.CON PROH.DE ENAJ.INSCRITA EN EL REG.DE LA PROPIEDAD 05/10/2023 Y.C.S.-", "observac_1": null, "barrio": "CDLA 15 DE ABRIL", "parroquia_": 5, "barrio_id": 377, "proceso": 1, "fecha_regi": null, "activo_cat": "SI", "desactivad": 0, "avaluo_rem": 0.0, "avaluo_r_1": 0.0, "clasificac": "GENERAL", "anio_deuda": 2024, "deuda": 211.55, "valor_ip": 0.0, "coactiva": "AUTO", "ficharegis": 83186, "etam": 0.1267703085, "diferencia": 102.5584372065, "porc_difer": 0.4120467545, "admisible": 0, "deuda_anio": 156.27, "2019_csv_c": null, "clavecat_1": null, "2021__csv_": null, "2021__csv1": null, "Clavepre": "3-15-74-16-000", "RESOLUCION": "566-27-10-2022", "ORIG_FID": 166 }, "geometry": { "type": "Point", "coordinates": [ -80.700374425443442, -0.98796641819927 ] } },
{ "type": "Feature", "properties": { "id": 81911, "lote_id": 62646, "clavecatas": "3-16-03-16-000", "zona": "3", "sector": "16", "manzana": "03", "lote": "16", "ph": "000", "propietari": "QUIMIZ SOLEDISPA RICARDO BENEDICTO", "documentop": "1301704894", "direccion": "B. 9 DE OCTUBRE MZ 191- LT 03", "area_m2": 411.5, "frente_uti": 19.4, "frente_tot": 0.0, "avaluo_con": 16896.0, "avaluo_sue": 41150.0, "zonaurbano": "URBANA", "parroquia": "ELOY ALFARO", "esta_bloqu": "NO", "es_tercera": "SI", "tiene_elec": "SI", "tiene_agua": "SI", "tiene_alca": "NO", "observacio": "SE ACTUALIZA INF CON ESCRITURA DE ADJUDICACION INSCRITA EN EL REG. DE LA PROPIEDAD. 19/06/2024 GGV", "observac_1": null, "barrio": "10 DE AGOSTO", "parroquia_": 5, "barrio_id": 110, "proceso": 1, "fecha_regi": null, "activo_cat": "SI", "desactivad": 0, "avaluo_rem": 0.0, "avaluo_r_1": 0.0, "clasificac": "GENERAL", "anio_deuda": 0, "deuda": 0.0, "valor_ip": 0.0, "coactiva": null, "ficharegis": 86206, "etam": 0.1478891575, "diferencia": 222.20614636479999, "porc_difer": 0.5399906352, "admisible": 0, "deuda_anio": 0.0, "2019_csv_c": null, "clavecat_1": null, "2021__csv_": null, "2021__csv1": null, "Clavepre": "3-16-03-16-000", "RESOLUCION": "443-17-03-2022", "ORIG_FID": 167 }, "geometry": { "type": "Point", "coordinates": [ -80.707054128481857, -0.986380467870644 ] } },
{ "type": "Feature", "properties": { "id": 82050, "lote_id": 100433, "clavecatas": "3-16-09-24-000", "zona": "3", "sector": "16", "manzana": "09", "lote": "24", "ph": "000", "propietari": "MENOSCAL BARCIA ANA CAROLINA", "documentop": "1314747005", "direccion": "P. ELOY ALFARO- HORACIO HIDROVO MZ-197 LOTE -01-A", "area_m2": 185.6, "frente_uti": 28.15, "frente_tot": 28.15, "avaluo_con": 6182.4, "avaluo_sue": 13641.6, "zonaurbano": "URBANA", "parroquia": "ELOY ALFARO", "esta_bloqu": "NO", "es_tercera": "NO", "tiene_elec": "NO", "tiene_agua": "NO", "tiene_alca": "NO", "observacio": "ASIGNADO CODIGO POR MICHAEL VERA PARA LEGALIZAR A FAVOR DE MENOSCAL BARCIA ANA CAROLINA 04/03/22 ARQ. LUPE LANDA -SE ACTUALIZA INFORMACION CON ESCRITURA DE ADJ.CON PROH.DE ENAJ.INSCRITA EN EL REG.DE LA PROPIEDAD 04/12/2023 Y.C.S.-", "observac_1": null, "barrio": "ELOY ALFARO", "parroquia_": 5, "barrio_id": 1039, "proceso": 0, "fecha_regi": null, "activo_cat": "SI", "desactivad": 0, "avaluo_rem": 0.0, "avaluo_r_1": 0.0, "clasificac": "GENERAL", "anio_deuda": 0, "deuda": 0.0, "valor_ip": 0.0, "coactiva": null, "ficharegis": 82757, "etam": 0.0734025274, "diferencia": -27.028232766799999, "porc_difer": -0.1456262541, "admisible": 0, "deuda_anio": 0.0, "2019_csv_c": null, "clavecat_1": null, "2021__csv_": null, "2021__csv1": null, "Clavepre": "3-16-09-24-000", "RESOLUCION": "443-17-03-2022", "ORIG_FID": 168 }, "geometry": { "type": "Point", "coordinates": [ -80.70419157497652, -0.988213949783631 ] } },
{ "type": "Feature", "properties": { "id": 82068, "lote_id": 62779, "clavecatas": "3-16-11-01-000", "zona": "3", "sector": "16", "manzana": "11", "lote": "01", "ph": "000", "propietari": "ANCHUNDIA BURGOS KERLY JAHAIRA", "documentop": "1350596639", "direccion": "C.328 AVE.219 B.H.HIDROVO", "area_m2": 256.7, "frente_uti": 19.0, "frente_tot": 0.0, "avaluo_con": 248.55, "avaluo_sue": 18867.45, "zonaurbano": "URBANA", "parroquia": "MANTA", "esta_bloqu": "NO", "es_tercera": "NO", "tiene_elec": "NO", "tiene_agua": "NO", "tiene_alca": "NO", "observacio": "SE ACTUALIZA INF CON ESCRITURA DE ADJUDICACION INSCRITA EN EL REG. DE LA PROPIEDAD.23/12/2025 GGV", "observac_1": null, "barrio": "BARRIO MARIA AUXILIADORA # 1", "parroquia_": 1, "barrio_id": 370, "proceso": 1, "fecha_regi": null, "activo_cat": "SI", "desactivad": 0, "avaluo_rem": 0.0, "avaluo_r_1": 0.0, "clasificac": "GENERAL", "anio_deuda": 2026, "deuda": 54.41, "valor_ip": 0.0, "coactiva": null, "ficharegis": 90764, "etam": 0.1248294512, "diferencia": 26.6150584385, "porc_difer": 0.1036815677, "admisible": 1, "deuda_anio": 0.0, "2019_csv_c": null, "clavecat_1": null, "2021__csv_": null, "2021__csv1": null, "Clavepre": "3-16-11-01-000", "RESOLUCION": "443-17-03-2022", "ORIG_FID": 169 }, "geometry": { "type": "Point", "coordinates": [ -80.702981467656357, -0.989068860976686 ] } },
{ "type": "Feature", "properties": { "id": 82248, "lote_id": 62927, "clavecatas": "3-16-20-06-000", "zona": "3", "sector": "16", "manzana": "20", "lote": "06", "ph": "000", "propietari": "CASTRO BAILON TOBIAS REINALDO", "documentop": "1307742385", "direccion": "B.H.HIDROVO MZ-209 LOTE -14 P. ELOY ALFARO", "area_m2": 233.2, "frente_uti": 13.2, "frente_tot": 13.2, "avaluo_con": 5417.28, "avaluo_sue": 14691.6, "zonaurbano": "URBANA", "parroquia": "ELOY ALFARO", "esta_bloqu": "NO", "es_tercera": "NO", "tiene_elec": "NO", "tiene_agua": "NO", "tiene_alca": "NO", "observacio": "* SE CORRIGE AREA POR RETIRO DE AREA DE 435.00 M A 233.20 M PROTECION POR PENDIENTE CON FICHA TECNICA 10/07/23 ARQ. LUPE LANDA -SE ACTUALIZA INFORMACION CON ESCRITURA DE ADJ.CON PROH.DE ENAJ.INSCRITA EN EL REG.DE LA PROPIEDAD 01/27/2025 Y.C.S.-", "observac_1": null, "barrio": "CORREGIR", "parroquia_": 5, "barrio_id": 348, "proceso": 1, "fecha_regi": null, "activo_cat": "SI", "desactivad": 0, "avaluo_rem": 0.0, "avaluo_r_1": 0.0, "clasificac": "GENERAL", "anio_deuda": 2026, "deuda": 59.46, "valor_ip": 0.0, "coactiva": null, "ficharegis": 87793, "etam": 0.130968159, "diferencia": 8.8401726762, "porc_difer": 0.0379081161, "admisible": 1, "deuda_anio": 0.0, "2019_csv_c": null, "clavecat_1": null, "2021__csv_": null, "2021__csv1": null, "Clavepre": "3-16-20-06-000", "RESOLUCION": "566-27-10-2022", "ORIG_FID": 170 }, "geometry": { "type": "Point", "coordinates": [ -80.704500705430988, -0.989494720296505 ] } },
{ "type": "Feature", "properties": { "id": 82400, "lote_id": 63025, "clavecatas": "3-16-25-14-000", "zona": "3", "sector": "16", "manzana": "25", "lote": "14", "ph": "000", "propietari": "PALMA MENDOZA DARWIN MARCELO", "documentop": "1316860905", "direccion": "BARRIO 10 DE AGOSTO MZ 216 LOTE 03 PARROQUIA ELOY ALFARO", "area_m2": 303.3, "frente_uti": 15.3, "frente_tot": 15.3, "avaluo_con": 0.0, "avaluo_sue": 21231.0, "zonaurbano": "URBANA", "parroquia": "ELOY ALFARO", "esta_bloqu": "NO", "es_tercera": "NO", "tiene_elec": "SI", "tiene_agua": "SI", "tiene_alca": "SI", "observacio": "POR LEGALIZAR A CEDEÑO ARTEAGA ALBA NILA 03/06/2022 ARQ. LUPE LANDA COMPLETE INF.-SE ACTUALIZA INFORMACION CON ESCRITURA DE ADJ.CON PROH.DE ENAJ.INSCRITA EN EL REG.DE LA PROPIEDAD 11/21/2024 Y.C.S.-", "observac_1": null, "barrio": "BARRIO SANTA ANA", "parroquia_": 5, "barrio_id": 1026, "proceso": 0, "fecha_regi": null, "activo_cat": "SI", "desactivad": 0, "avaluo_rem": 0.0, "avaluo_r_1": 0.0, "clasificac": "GENERAL", "anio_deuda": 0, "deuda": 0.0, "valor_ip": 0.0, "coactiva": null, "ficharegis": 87490, "etam": 0.1722602406, "diferencia": -4.1787336222000002, "porc_difer": -0.0137775589, "admisible": 1, "deuda_anio": 0.0, "2019_csv_c": null, "clavecat_1": null, "2021__csv_": null, "2021__csv1": null, "Clavepre": "3-16-25-14-000", "RESOLUCION": "566-27-10-2022", "ORIG_FID": 171 }, "geometry": { "type": "Point", "coordinates": [ -80.707852082423855, -0.988713822649255 ] } },
{ "type": "Feature", "properties": { "id": 82681, "lote_id": 100466, "clavecatas": "3-16-36-35-000", "zona": "3", "sector": "16", "manzana": "36", "lote": "35", "ph": "000", "propietari": "GOBIERNO AUTONOMO DESCENTRALIZADO  MUNICIPAL MANTA .", "documentop": "1360000980001", "direccion": "BARRIO HORACIO HIDROVO MZ 225 LOTE 7 PARROQUIA ELOY ALFARO", "area_m2": 192.2, "frente_uti": 1.75, "frente_tot": 1.75, "avaluo_con": 5891.6, "avaluo_sue": 9640.75, "zonaurbano": "URBANA", "parroquia": "ELOY ALFARO", "esta_bloqu": "NO", "es_tercera": "NO", "tiene_elec": "SI", "tiene_agua": "SI", "tiene_alca": "SI", "observacio": "SE CREA EL PRESENTE CÓDIGO CATASTRAL PARA LEGALIZARAN PREDIO EN EL MARCO DEL DECRETO LEGISLATIVO 438 DE LA PARROQUIA ELOY ALFARO, UBICADO EN LA CALLE 326 Y CALLEJÓN PÚBLICO, BARRIO HORACIO HIDROVO, MANZANA 225 Y LOTE 7, MEDIANTE INFORME DEL SR. LUIS M", "observac_1": null, "barrio": "HORACIO HIDROVO", "parroquia_": 5, "barrio_id": 416, "proceso": 0, "fecha_regi": null, "activo_cat": "SI", "desactivad": 0, "avaluo_rem": 0.0, "avaluo_r_1": 0.0, "clasificac": "POR LEGALIZAR", "anio_deuda": 0, "deuda": 0.0, "valor_ip": 0.0, "coactiva": null, "ficharegis": 0, "etam": 0.0721312251, "diferencia": 2.2774907404000002, "porc_difer": 0.0118495876, "admisible": 1, "deuda_anio": 0.0, "2019_csv_c": null, "clavecat_1": null, "2021__csv_": null, "2021__csv1": null, "Clavepre": "3-16-36-35-000", "RESOLUCION": "443-17-03-2022", "ORIG_FID": 172 }, "geometry": { "type": "Point", "coordinates": [ -80.705343406383491, -0.991298567809152 ] } },
{ "type": "Feature", "properties": { "id": 84279, "lote_id": 64691, "clavecatas": "3-21-08-07-000", "zona": "3", "sector": "21", "manzana": "08", "lote": "07", "ph": "000", "propietari": "GOBIERNO AUTONOMO DESCENTRALIZADO  MUNICIPAL MANTA .", "documentop": "1360000980001", "direccion": "MZ-237 LOTE 5-B CALLE 324 BARRIO SANTA ANA PARROQUIA ELOY ALFARO", "area_m2": 104.0, "frente_uti": 4.8, "frente_tot": 4.8, "avaluo_con": 788.93, "avaluo_sue": 6864.0, "zonaurbano": "URBANA", "parroquia": "MANTA", "esta_bloqu": "NO", "es_tercera": "NO", "tiene_elec": "SI", "tiene_agua": "SI", "tiene_alca": "NO", "observacio": "LEGALIZA FAVOR ALCIVAR ALCIVAR ANGELA BEATRIZ 14/05/2019 LLCH.\r\n\r\nINF. PARA CERTIFICADO INGRESADO PARA CERTIFICADO, REVIZADO POR PERITO DEL AREA,  21 DE MAYO  DEL 2019, MR - CAMBIO DE CLASIFICACIÓN: MEMORANDO MTA-DFIN-MEM-160920211226, TRÁMITE TE090920", "observac_1": null, "barrio": "CORREGIR", "parroquia_": 1, "barrio_id": 348, "proceso": 0, "fecha_regi": null, "activo_cat": "SI", "desactivad": 0, "avaluo_rem": 0.0, "avaluo_r_1": 0.0, "clasificac": "PROPIEDADES MUNICIPALES", "anio_deuda": 0, "deuda": 0.0, "valor_ip": 0.0, "coactiva": null, "ficharegis": 0, "etam": 0.0980580676, "diferencia": 0.091009853, "porc_difer": 0.0008750947, "admisible": 1, "deuda_anio": 0.0, "2019_csv_c": null, "clavecat_1": null, "2021__csv_": null, "2021__csv1": null, "Clavepre": "3-21-08-07-000", "RESOLUCION": "443-17-03-2022", "ORIG_FID": 173 }, "geometry": { "type": "Point", "coordinates": [ -80.706102471762776, -0.994658003193711 ] } },
{ "type": "Feature", "properties": { "id": 87104, "lote_id": 66578, "clavecatas": "3-23-64-54-000", "zona": "3", "sector": "23", "manzana": "64", "lote": "54", "ph": "000", "propietari": "GOBIERNO AUTÓNOMO DESCENTRALIZADO DE MANTA .", "documentop": "1360000980001", "direccion": "URBIRIOS II MZ-28 L-22", "area_m2": 144.0, "frente_uti": 8.0, "frente_tot": 0.0, "avaluo_con": 0.0, "avaluo_sue": 5760.0, "zonaurbano": "URBANA", "parroquia": "MANTA", "esta_bloqu": "NO", "es_tercera": "NO", "tiene_elec": "SI", "tiene_agua": "SI", "tiene_alca": "NO", "observacio": "-INGRESO DE ACUERDO AL NUEVO PLANO AMPARO Q.08/16/07 Y.C.S.- ACTUALIZACION INF. AMPARO Q. JULIO 23/09 MR", "observac_1": null, "barrio": "OTRAS AREAS", "parroquia_": 1, "barrio_id": 0, "proceso": 1, "fecha_regi": null, "activo_cat": "SI", "desactivad": 0, "avaluo_rem": 0.0, "avaluo_r_1": 0.0, "clasificac": "DEPURACION CATASTRO", "anio_deuda": 2026, "deuda": 6.87, "valor_ip": 0.0, "coactiva": null, "ficharegis": 0, "etam": 0.0833333333, "diferencia": 0.0236676187, "porc_difer": 0.0001643585, "admisible": 1, "deuda_anio": 0.0, "2019_csv_c": null, "clavecat_1": null, "2021__csv_": null, "2021__csv1": null, "Clavepre": "3-23-64-54-000", "RESOLUCION": "443-17-03-2022", "ORIG_FID": 174 }, "geometry": { "type": "Point", "coordinates": [ -80.728258579004944, -1.003793869899583 ] } },
{ "type": "Feature", "properties": { "id": 87042, "lote_id": 66521, "clavecatas": "3-23-63-22-000", "zona": "3", "sector": "23", "manzana": "63", "lote": "22", "ph": "000", "propietari": "G.A.D.MCPAL.DEL CANTON MANTA .", "documentop": "1360000980001", "direccion": "URBIRIOS II MZ-26 LOTE 19", "area_m2": 144.0, "frente_uti": 8.0, "frente_tot": 0.0, "avaluo_con": 3696.0, "avaluo_sue": 5760.0, "zonaurbano": "URBANA", "parroquia": "MANTA", "esta_bloqu": "NO", "es_tercera": "NO", "tiene_elec": "NO", "tiene_agua": "NO", "tiene_alca": "NO", "observacio": "-INGRESO NUEVO X LOTEO SE DESM. Y CANCELO HASTA EL 2005 CON LA 3270201 INF.AMPARO Q. 09/28/06 Y.C.S.- ACTUALIZACION INF. AMPARO Q. JULIO 15/09 MR", "observac_1": null, "barrio": "OTRAS AREAS", "parroquia_": 1, "barrio_id": 0, "proceso": 1, "fecha_regi": null, "activo_cat": "SI", "desactivad": 0, "avaluo_rem": 0.0, "avaluo_r_1": 0.0, "clasificac": "DEPURACION CATASTRO", "anio_deuda": 2026, "deuda": 7.93, "valor_ip": 0.0, "coactiva": null, "ficharegis": 65191, "etam": 0.0833333333, "diferencia": -2.24064e-05, "porc_difer": -1.556e-07, "admisible": 1, "deuda_anio": 0.0, "2019_csv_c": null, "clavecat_1": null, "2021__csv_": null, "2021__csv1": null, "Clavepre": "3-23-63-22-000", "RESOLUCION": "443-17-03-2022", "ORIG_FID": 175 }, "geometry": { "type": "Point", "coordinates": [ -80.725846998793315, -1.00007093671654 ] } },
{ "type": "Feature", "properties": { "id": 87070, "lote_id": 66544, "clavecatas": "3-23-64-20-000", "zona": "3", "sector": "23", "manzana": "64", "lote": "20", "ph": "000", "propietari": "GOBIERNO AUTONOMO DESCENTRALIZADO  MUNICIPAL MANTA .", "documentop": "1360000980001", "direccion": "MZ-27 LT. 20 URBIRIOS II", "area_m2": 180.0, "frente_uti": 10.0, "frente_tot": 0.0, "avaluo_con": 0.0, "avaluo_sue": 7200.0, "zonaurbano": "URBANA", "parroquia": "MANTA", "esta_bloqu": "NO", "es_tercera": "NO", "tiene_elec": "SI", "tiene_agua": "SI", "tiene_alca": "NO", "observacio": "SE DESMEMBRA DE LA CC. 3270201 CANCELÓ CON LA MISMA HASTA EL AÑO 2005 INF. AMPARO Q. JULIO 05/06 MR C-4081-07 C-6666-08 ACTUALIZACION INF. AMPARO Q. JULIO 17/09 MR", "observac_1": null, "barrio": "OTRAS AREAS", "parroquia_": 1, "barrio_id": 0, "proceso": 1, "fecha_regi": null, "activo_cat": "SI", "desactivad": 0, "avaluo_rem": 0.0, "avaluo_r_1": 0.0, "clasificac": "POR LEGALIZAR", "anio_deuda": 0, "deuda": 0.0, "valor_ip": 0.0, "coactiva": null, "ficharegis": 0, "etam": 0.0745355992, "diferencia": -0.1404355649, "porc_difer": -0.0007801976, "admisible": 1, "deuda_anio": 0.0, "2019_csv_c": null, "clavecat_1": null, "2021__csv_": null, "2021__csv1": null, "Clavepre": "3-23-64-20-000", "RESOLUCION": "443-17-03-2022", "ORIG_FID": 176 }, "geometry": { "type": "Point", "coordinates": [ -80.726865398131963, -1.001640738530744 ] } },
{ "type": "Feature", "properties": { "id": 87306, "lote_id": 66758, "clavecatas": "3-23-69-28-000", "zona": "3", "sector": "23", "manzana": "69", "lote": "28", "ph": "000", "propietari": "CEVALLOS LOOR JOSE RAUL", "documentop": "1302167661", "direccion": "URBIRRIOS II MZ-16 LOTE 28", "area_m2": 180.0, "frente_uti": 28.0, "frente_tot": 28.0, "avaluo_con": 867.68, "avaluo_sue": 6123.6, "zonaurbano": "URBANA", "parroquia": "TARQUI", "esta_bloqu": "NO", "es_tercera": "NO", "tiene_elec": "SI", "tiene_agua": "SI", "tiene_alca": "NO", "observacio": "-INGRESO NUEVO X LOTEO CON EL NUEVO PLANO SE DESM.Y CANC. HASTA EL 2005 CON LA 3270201 INF.AMPARO Q.08/20/07 Y.C.S.SE CORRIGE AREA CON AUTORIZACION DE 040L A: 180 DE 144 M2 SE INGRESO FOTOS,DE CONST.X AÑOS,PLANO UBICACION, AUTORIZACION 10/02/21 ARQ, LUP", "observac_1": null, "barrio": "URBIRRIOS 2", "parroquia_": 3, "barrio_id": 1046, "proceso": 1, "fecha_regi": null, "activo_cat": "SI", "desactivad": 0, "avaluo_rem": 0.0, "avaluo_r_1": 0.0, "clasificac": "GENERAL", "anio_deuda": 0, "deuda": 0.0, "valor_ip": 0.0, "coactiva": null, "ficharegis": 64381, "etam": 0.0745355992, "diferencia": 7.47e-08, "porc_difer": 4.0000000000000001e-10, "admisible": 1, "deuda_anio": 0.0, "2019_csv_c": null, "clavecat_1": null, "2021__csv_": null, "2021__csv1": null, "Clavepre": "3-23-69-28-000", "RESOLUCION": "443-17-03-2022", "ORIG_FID": 177 }, "geometry": { "type": "Point", "coordinates": [ -80.73040409204161, -1.005675283973589 ] } },
{ "type": "Feature", "properties": { "id": 87395, "lote_id": 66827, "clavecatas": "3-23-71-06-000", "zona": "3", "sector": "23", "manzana": "71", "lote": "06", "ph": "000", "propietari": "GOBIERNO AUTONOMO DESCENTRALIZADO  MUNICIPAL MANTA .", "documentop": "1360000980001", "direccion": "MZ-20 LT.4 URBIRRIOS II", "area_m2": 144.0, "frente_uti": 8.0, "frente_tot": 8.0, "avaluo_con": 5880.0, "avaluo_sue": 4432.32, "zonaurbano": "URBANA", "parroquia": "TARQUI", "esta_bloqu": "NO", "es_tercera": "NO", "tiene_elec": "SI", "tiene_agua": "SI", "tiene_alca": "NO", "observacio": "CANCELÓ CON CC 3270501 HASTA EL AÑO 2005 INF. AMPARO Q. JUNIO 02/06 MR \u0002ACTUALIZACION INF. AMPARO QUIROZ, AGOSTO 06/09 MR SE INGRESO FOTOS, CONST.X AÑOS, Y AUT. CON UBICACION 10/02/21 ARQ, LUPE LANDA...", "observac_1": null, "barrio": "URBIRRIOS 2", "parroquia_": 3, "barrio_id": 1046, "proceso": 1, "fecha_regi": null, "activo_cat": "SI", "desactivad": 0, "avaluo_rem": 0.0, "avaluo_r_1": 0.0, "clasificac": "GENERAL", "anio_deuda": 2026, "deuda": 8.78, "valor_ip": 0.0, "coactiva": null, "ficharegis": 64213, "etam": 0.0833333333, "diferencia": 0.0110736484, "porc_difer": 7.69003e-05, "admisible": 1, "deuda_anio": 0.0, "2019_csv_c": null, "clavecat_1": null, "2021__csv_": null, "2021__csv1": null, "Clavepre": "3-23-71-06-000", "RESOLUCION": "443-17-03-2022", "ORIG_FID": 178 }, "geometry": { "type": "Point", "coordinates": [ -80.731069226292064, -1.005890362128325 ] } },
{ "type": "Feature", "properties": { "id": 87817, "lote_id": 98354, "clavecatas": "3-23-91-02-000", "zona": "3", "sector": "23", "manzana": "91", "lote": "02", "ph": "000", "propietari": "GOBIERNO AUTONOMO DESCENTRALIZADO  MUNICIPAL MANTA .", "documentop": "1360000980001", "direccion": "B. URBIRIOS 2 -  P.TARQUI", "area_m2": 519.0, "frente_uti": 42.9, "frente_tot": 42.9, "avaluo_con": 0.0, "avaluo_sue": 20760.0, "zonaurbano": "URBANA", "parroquia": "TARQUI", "esta_bloqu": "NO", "es_tercera": "NO", "tiene_elec": "NO", "tiene_agua": "NO", "tiene_alca": "NO", "observacio": "CLAVE NUEVA POR LEGALIZAR LASCANO CHAVEZ SEGUNDA TRINIDAD INGRESO DE DATOS, FOTOS,NOMBRE, PLANOS, 07/06/21 ARQ. LUPE LANDA..  - CAMBIO DE CLASIFICACIÓN: MEMORANDO MTA-DFIN-MEM-160920211226, TRÁMITE TE090920211550 EN BASE A ART. 509 DEL COOTAD.", "observac_1": null, "barrio": "URBIRIOS", "parroquia_": 3, "barrio_id": 231, "proceso": 0, "fecha_regi": null, "activo_cat": "SI", "desactivad": 0, "avaluo_rem": 0.0, "avaluo_r_1": 0.0, "clasificac": "POR LEGALIZAR", "anio_deuda": 0, "deuda": 0.0, "valor_ip": 0.0, "coactiva": null, "ficharegis": 0, "etam": 0.1755805125, "diferencia": 0.2303377634, "porc_difer": 0.0004438107, "admisible": 1, "deuda_anio": 0.0, "2019_csv_c": null, "clavecat_1": null, "2021__csv_": null, "2021__csv1": null, "Clavepre": "3-23-91-02-000", "RESOLUCION": "443-17-03-2022", "ORIG_FID": 179 }, "geometry": { "type": "Point", "coordinates": [ -80.730895551432937, -1.002633115567659 ] } },
{ "type": "Feature", "properties": { "id": 87818, "lote_id": 98358, "clavecatas": "3-23-91-03-000", "zona": "3", "sector": "23", "manzana": "91", "lote": "03", "ph": "000", "propietari": "GOBIERNO AUTONOMO DESCENTRALIZADO  MUNICIPAL MANTA .", "documentop": "1360000980001", "direccion": "B. URBIRIOS 2 -  P.TARQUI", "area_m2": 446.3, "frente_uti": 31.0, "frente_tot": 31.0, "avaluo_con": 0.0, "avaluo_sue": 17852.0, "zonaurbano": "URBANA", "parroquia": "TARQUI", "esta_bloqu": "NO", "es_tercera": "NO", "tiene_elec": "NO", "tiene_agua": "NO", "tiene_alca": "NO", "observacio": "CLAVE NUEVA POR LEGALIZAR MARIN GUAMAM MONICA MARIBEL, INGRESO DATOS FOTOS,NOMBRE,PLANOS,07/06/21 ARQ. LUPE LANDA.. - CAMBIO DE CLASIFICACIÓN: MEMORANDO MTA-DFIN-MEM-160920211226, TRÁMITE TE090920211550 EN BASE A ART. 509 DEL COOTAD.", "observac_1": null, "barrio": "URBIRIOS", "parroquia_": 3, "barrio_id": 231, "proceso": 0, "fecha_regi": null, "activo_cat": "SI", "desactivad": 0, "avaluo_rem": 0.0, "avaluo_r_1": 0.0, "clasificac": "POR LEGALIZAR", "anio_deuda": 0, "deuda": 0.0, "valor_ip": 0.0, "coactiva": null, "ficharegis": 0, "etam": 0.1420063652, "diferencia": 1.5406717919, "porc_difer": 0.003452099, "admisible": 1, "deuda_anio": 0.0, "2019_csv_c": null, "clavecat_1": null, "2021__csv_": null, "2021__csv1": null, "Clavepre": "3-23-91-03-000", "RESOLUCION": "443-17-03-2022", "ORIG_FID": 180 }, "geometry": { "type": "Point", "coordinates": [ -80.73088383156356, -1.002450340689524 ] } },
{ "type": "Feature", "properties": { "id": 90682, "lote_id": 100435, "clavecatas": "3-27-05-30-000", "zona": "3", "sector": "27", "manzana": "05", "lote": "30", "ph": "000", "propietari": "GOBIERNO AUTONOMO DESCENTRALIZADO MUNICIPAL DEL CANTON MANTA .", "documentop": "1360000980001", "direccion": "P. TARQUI -  B. NUEVO MANTA", "area_m2": 294.3, "frente_uti": 10.0, "frente_tot": 10.0, "avaluo_con": 337.82, "avaluo_sue": 12229.05, "zonaurbano": "URBANA", "parroquia": "TARQUI", "esta_bloqu": "NO", "es_tercera": "NO", "tiene_elec": "NO", "tiene_agua": "NO", "tiene_alca": "NO", "observacio": "ASIGNADO CODIGO POR MICHAEL VERA PARA LEGALIZAR RAMOS ZAMBRANO VIRGINIA LORENA 04/03/22 ARQ. LUPE LANDA..", "observac_1": null, "barrio": "NUEVO MANTA", "parroquia_": 3, "barrio_id": 340, "proceso": 0, "fecha_regi": null, "activo_cat": "SI", "desactivad": 0, "avaluo_rem": 0.0, "avaluo_r_1": 0.0, "clasificac": "POR LEGALIZAR", "anio_deuda": 0, "deuda": 0.0, "valor_ip": 0.0, "coactiva": null, "ficharegis": 0, "etam": 0.1165829028, "diferencia": 0.0332056819, "porc_difer": 0.0001128294, "admisible": 1, "deuda_anio": 0.0, "2019_csv_c": null, "clavecat_1": null, "2021__csv_": null, "2021__csv1": null, "Clavepre": "3-27-05-30-000", "RESOLUCION": "448-24-03-2022", "ORIG_FID": 181 }, "geometry": { "type": "Point", "coordinates": [ -80.728271712171278, -0.989134627900239 ] } },
{ "type": "Feature", "properties": { "id": 90683, "lote_id": 100438, "clavecatas": "3-27-05-31-000", "zona": "3", "sector": "27", "manzana": "05", "lote": "31", "ph": "000", "propietari": "GOBIERNO AUTONOMO DESCENTRALIZADO MUNICIPAL DEL CANTON MANTA .", "documentop": "1360000980001", "direccion": "B. NUEVO MANTA - PARROQUIA TARQUI", "area_m2": 396.0, "frente_uti": 11.45, "frente_tot": 11.45, "avaluo_con": 11334.4, "avaluo_sue": 16454.99, "zonaurbano": "URBANA", "parroquia": "TARQUI", "esta_bloqu": "NO", "es_tercera": "NO", "tiene_elec": "NO", "tiene_agua": "NO", "tiene_alca": "NO", "observacio": "ASIGNADO CODIGO POR MICHAEL VERA PARA LEGALIZAR A FAVOR DE MERO PINARGOTE CARLOS FRANCISCO 04/03/22 ARQ. LUPE LANDA", "observac_1": null, "barrio": "NUEVO MANTA", "parroquia_": 3, "barrio_id": 340, "proceso": 0, "fecha_regi": null, "activo_cat": "SI", "desactivad": 0, "avaluo_rem": 0.0, "avaluo_r_1": 0.0, "clasificac": "POR LEGALIZAR", "anio_deuda": 0, "deuda": 0.0, "valor_ip": 0.0, "coactiva": null, "ficharegis": 0, "etam": 0.1507556723, "diferencia": 50.064009564300001, "porc_difer": 0.1264242666, "admisible": 1, "deuda_anio": 0.0, "2019_csv_c": null, "clavecat_1": null, "2021__csv_": null, "2021__csv1": null, "Clavepre": "3-27-05-31-000", "RESOLUCION": "448-24-03-2022", "ORIG_FID": 182 }, "geometry": { "type": "Point", "coordinates": [ -80.728356209990707, -0.989087719717811 ] } },
{ "type": "Feature", "properties": { "id": 92377, "lote_id": 93544, "clavecatas": "3-32-04-03-000", "zona": "3", "sector": "32", "manzana": "04", "lote": "03", "ph": "000", "propietari": "CEDEÑO MERA  BEATRIZ MONSERRATE", "documentop": "1304010026", "direccion": "PROY.HAB.CONJUNTO DEL PACIFICO MZ -A LOTE 03", "area_m2": 78.65, "frente_uti": 5.5, "frente_tot": 5.5, "avaluo_con": 7392.0, "avaluo_sue": 5898.75, "zonaurbano": "URBANA", "parroquia": "TARQUI", "esta_bloqu": "NO", "es_tercera": "NO", "tiene_elec": "SI", "tiene_agua": "SI", "tiene_alca": "SI", "observacio": "INGRESO NUEVO .01/10/2018 GGV - CAMBIO DE CLASIFICACIÓN: MEMORANDO MTA-DFIN-MEM-160920211226, TRÁMITE TE090920211550 EN BASE A ART. 509 DEL COOTAD. SE CORRIGE AREA 82.50 A 78.65 M2 ARQ. LUPE LANDA 15/06/22...\r\nSE ACTUALIZA LA UBICACIÓN CON FINES DE LE", "observac_1": null, "barrio": "CONJUNTO HABITACIONAL DEL PACIFICO", "parroquia_": 3, "barrio_id": 1166, "proceso": 0, "fecha_regi": null, "activo_cat": "SI", "desactivad": 0, "avaluo_rem": 0.0, "avaluo_r_1": 0.0, "clasificac": "GENERAL", "anio_deuda": 2023, "deuda": 109.81, "valor_ip": 0.0, "coactiva": null, "ficharegis": 68177, "etam": 0.1, "diferencia": -1.34e-08, "porc_difer": -2.0000000000000001e-10, "admisible": 1, "deuda_anio": 89.43, "2019_csv_c": null, "clavecat_1": null, "2021__csv_": null, "2021__csv1": null, "Clavepre": "3-32-04-03-000", "RESOLUCION": "486-23-06-2022", "ORIG_FID": 183 }, "geometry": { "type": "Point", "coordinates": [ -80.721324709308391, -0.981351855758688 ] } },
{ "type": "Feature", "properties": { "id": 92382, "lote_id": 93376, "clavecatas": "3-32-04-08-000", "zona": "3", "sector": "32", "manzana": "04", "lote": "08", "ph": "000", "propietari": "MERO ACOSTA PATRICIA ALEXANDRA", "documentop": "1312149618", "direccion": "PROYECTO HABITACIONAL CONJUNTO DEL PACIFICO MZ A LOTE 8", "area_m2": 78.65, "frente_uti": 19.8, "frente_tot": 19.8, "avaluo_con": 7392.0, "avaluo_sue": 5898.75, "zonaurbano": "URBANA", "parroquia": "TARQUI", "esta_bloqu": "NO", "es_tercera": "NO", "tiene_elec": "NO", "tiene_agua": "NO", "tiene_alca": "NO", "observacio": "INGRESO NUEVO INF LUIS LOPEZ 31/08/2018/ INFORME PARA CERTIFICADO,  REVZ. POR LCDA MARIA MARISOL ARTEAGA , 01 DE SEPTIEMBRE DEL 2018  MR - CAMBIO DE CLASIFICACIÓN: MEMORANDO MTA-DFIN-MEM-160920211226, TRÁMITE TE090920211550 EN BASE A ART. 509 DEL COOTA", "observac_1": null, "barrio": "CONJUNTO HABITACIONAL DEL PACIFICO", "parroquia_": 3, "barrio_id": 1166, "proceso": 0, "fecha_regi": null, "activo_cat": "SI", "desactivad": 0, "avaluo_rem": 0.0, "avaluo_r_1": 0.0, "clasificac": "GENERAL", "anio_deuda": 2023, "deuda": 111.66, "valor_ip": 0.0, "coactiva": null, "ficharegis": 67810, "etam": 0.1, "diferencia": -1.1e-08, "porc_difer": -1e-10, "admisible": 1, "deuda_anio": 90.98, "2019_csv_c": null, "clavecat_1": null, "2021__csv_": null, "2021__csv1": null, "Clavepre": "3-32-04-08-000", "RESOLUCION": "486-23-06-2022", "ORIG_FID": 184 }, "geometry": { "type": "Point", "coordinates": [ -80.721193239362961, -0.981141172914965 ] } },
{ "type": "Feature", "properties": { "id": 92384, "lote_id": 95162, "clavecatas": "3-32-04-10-000", "zona": "3", "sector": "32", "manzana": "04", "lote": "10", "ph": "000", "propietari": "GOBIERNO AUTONOMO DESCENTRALIZADO MUNICIPAL DEL CANTON MANTA .", "documentop": "1360000980001", "direccion": "PROYECT.HABIT.CONJUNTO DEL PACIFICO MZ A LOTE 10", "area_m2": 78.65, "frente_uti": 5.5, "frente_tot": 5.5, "avaluo_con": 7392.0, "avaluo_sue": 5898.75, "zonaurbano": "URBANA", "parroquia": "TARQUI", "esta_bloqu": "NO", "es_tercera": "NO", "tiene_elec": "SI", "tiene_agua": "SI", "tiene_alca": "SI", "observacio": "INGRESO NUEVO 17/04/19 A.Q. - CAMBIO DE CLASIFICACIÓN: MEMORANDO MTA-DFIN-MEM-160920211226, TRÁMITE TE090920211550 EN BASE A ART. 509 DEL COOTAD.\r\nSE ACTUALIZA LA PARROQUIA Y EL BARRIO CON FINES DE LEGALIZACIÓN", "observac_1": null, "barrio": "CONJUNTO HABITACIONAL DEL PACIFICO", "parroquia_": 3, "barrio_id": 1166, "proceso": 0, "fecha_regi": null, "activo_cat": "SI", "desactivad": 0, "avaluo_rem": 0.0, "avaluo_r_1": 0.0, "clasificac": "PROPIEDADES MUNICIPALES", "anio_deuda": 0, "deuda": 0.0, "valor_ip": 0.0, "coactiva": null, "ficharegis": 68233, "etam": 0.1, "diferencia": -6.9999999999999996e-10, "porc_difer": 0.0, "admisible": 1, "deuda_anio": 0.0, "2019_csv_c": null, "clavecat_1": null, "2021__csv_": null, "2021__csv1": null, "Clavepre": "3-32-04-10-000", "RESOLUCION": "486-23-06-2022", "ORIG_FID": 185 }, "geometry": { "type": "Point", "coordinates": [ -80.721328371196691, -0.981114494597135 ] } },
{ "type": "Feature", "properties": { "id": 92404, "lote_id": 94203, "clavecatas": "3-32-09-09-000", "zona": "3", "sector": "32", "manzana": "09", "lote": "09", "ph": "000", "propietari": "BRIONES CEVALLOS SHAYRA XIMENA", "documentop": "1316865243", "direccion": "PROYECTO HABITACIONAL CONJUNTO DEL PACIFICO MZ B LOTE 9", "area_m2": 79.2, "frente_uti": 5.5, "frente_tot": 5.5, "avaluo_con": 7392.0, "avaluo_sue": 5940.0, "zonaurbano": "URBANA", "parroquia": "TARQUI", "esta_bloqu": "NO", "es_tercera": "NO", "tiene_elec": "NO", "tiene_agua": "NO", "tiene_alca": "NO", "observacio": "INGRESO NUEVO INF LUIS LOPEZ 27/12/2018// - CAMBIO DE CLASIFICACIÓN: MEMORANDO MTA-DFIN-MEM-160920211226, TRÁMITE TE090920211550 EN BASE A ART. 509 DEL COOTAD. SE CORRIGE AREA 82.50 A 79.20 M2 CON INF, FICHA DE LEGALIZACION 20/06/22 ARQ. LUPE LANDA..\r\n", "observac_1": "- BLOQUEO MASIVO SOLICITUD DIRCAT 28-12-2018 - SE DESBLOQUEA POR PROCESO DE LEGALIZACION", "barrio": "CONJUNTO HABITACIONAL DEL PACIFICO", "parroquia_": 3, "barrio_id": 1166, "proceso": 0, "fecha_regi": null, "activo_cat": "SI", "desactivad": 0, "avaluo_rem": 0.0, "avaluo_r_1": 0.0, "clasificac": "GENERAL", "anio_deuda": 2024, "deuda": 43.5, "valor_ip": 0.0, "coactiva": null, "ficharegis": 68329, "etam": 0.1, "diferencia": -1.41e-08, "porc_difer": -2.0000000000000001e-10, "admisible": 1, "deuda_anio": 31.46, "2019_csv_c": null, "clavecat_1": null, "2021__csv_": null, "2021__csv1": null, "Clavepre": "3-32-09-09-000", "RESOLUCION": "486-23-06-2022", "ORIG_FID": 186 }, "geometry": { "type": "Point", "coordinates": [ -80.721596243809756, -0.980886365323113 ] } },
{ "type": "Feature", "properties": { "id": 92409, "lote_id": 94207, "clavecatas": "3-32-09-14-000", "zona": "3", "sector": "32", "manzana": "09", "lote": "14", "ph": "000", "propietari": "TORO MOREIRA CELINDA LUCILA", "documentop": "1306305556", "direccion": "PROYECTO HABITACIONAL CONJUNTO DEL PACIFICO MZ B LOTE 14", "area_m2": 79.2, "frente_uti": 5.5, "frente_tot": 5.5, "avaluo_con": 7483.39, "avaluo_sue": 5940.0, "zonaurbano": "URBANA", "parroquia": "TARQUI", "esta_bloqu": "NO", "es_tercera": "NO", "tiene_elec": "NO", "tiene_agua": "NO", "tiene_alca": "NO", "observacio": "INGRESO NUEVO INF LUIS LOPEZ 27/12/2018// - CAMBIO DE CLASIFICACIÓN: MEMORANDO MTA-DFIN-MEM-160920211226, TRÁMITE TE090920211550 EN BASE A ART. 509 DEL COOTAD.\r\nSE ACTUALIZA LA PARROQUIA Y EL BARRIO CON FINES DE LEGALIZACION-SE ACTUALIZA INF CON ESCRIT", "observac_1": "- BLOQUEO MASIVO SOLICITUD DIRCAT 28-12-2018\r\n- SE PROCEDE A DESBLOQUEAR POR PROCESO DE LEGALIZACION", "barrio": "CONJUNTO HABITACIONAL DEL PACIFICO", "parroquia_": 3, "barrio_id": 1166, "proceso": 0, "fecha_regi": null, "activo_cat": "SI", "desactivad": 0, "avaluo_rem": 0.0, "avaluo_r_1": 0.0, "clasificac": "GENERAL", "anio_deuda": 2024, "deuda": 44.37, "valor_ip": 0.0, "coactiva": null, "ficharegis": 72807, "etam": 0.1, "diferencia": -1.22e-08, "porc_difer": -2.0000000000000001e-10, "admisible": 1, "deuda_anio": 32.12, "2019_csv_c": null, "clavecat_1": null, "2021__csv_": null, "2021__csv1": null, "Clavepre": "3-32-09-14-000", "RESOLUCION": "486-23-06-2022", "ORIG_FID": 187 }, "geometry": { "type": "Point", "coordinates": [ -80.721727713779501, -0.981097048155593 ] } },
{ "type": "Feature", "properties": { "id": 92412, "lote_id": 95139, "clavecatas": "3-32-10-01-000", "zona": "3", "sector": "32", "manzana": "10", "lote": "01", "ph": "000", "propietari": "CHAVEZ MERA  VANESSA LISETH", "documentop": "1311721417", "direccion": "CONJUNTO DEL PACIFICO MZ C LOTE 1", "area_m2": 82.5, "frente_uti": 5.5, "frente_tot": 5.5, "avaluo_con": 7392.0, "avaluo_sue": 6187.5, "zonaurbano": "URBANA", "parroquia": "TARQUI", "esta_bloqu": "NO", "es_tercera": "NO", "tiene_elec": "NO", "tiene_agua": "NO", "tiene_alca": "NO", "observacio": "INGRESO NUEVO INF LUIS LOPEZ 12/04/2019//\r\nINF. PARA CERTIFICADO INGRESADO PARA CERTIFICADO, REVIZADO POR PERITO DEL AREA, 29 DE ABRIL DEL 2019, MR - CAMBIO DE CLASIFICACIÓN: MEMORANDO MTA-DFIN-MEM-160920211226, TRÁMITE TE090920211550 EN BASE A ART. 50", "observac_1": null, "barrio": "CONJUNTO HABITACIONAL DEL PACIFICO", "parroquia_": 3, "barrio_id": 1166, "proceso": 0, "fecha_regi": null, "activo_cat": "SI", "desactivad": 0, "avaluo_rem": 0.0, "avaluo_r_1": 0.0, "clasificac": "GENERAL", "anio_deuda": 2023, "deuda": 100.29, "valor_ip": 0.0, "coactiva": null, "ficharegis": 68205, "etam": 0.1, "diferencia": -1.91e-08, "porc_difer": -2.0000000000000001e-10, "admisible": 1, "deuda_anio": 81.41, "2019_csv_c": null, "clavecat_1": null, "2021__csv_": null, "2021__csv1": null, "Clavepre": "3-32-10-01-000", "RESOLUCION": "486-23-06-2022", "ORIG_FID": 188 }, "geometry": { "type": "Point", "coordinates": [ -80.721967533296976, -0.981062940394155 ] } },
{ "type": "Feature", "properties": { "id": 92426, "lote_id": 93496, "clavecatas": "3-32-11-07-000", "zona": "3", "sector": "32", "manzana": "11", "lote": "07", "ph": "000", "propietari": "VELIZ REYES  SHIRLEY ROCCINE", "documentop": "1755860747", "direccion": "PROYECTO HABITACIONAL CONJUNTO DEL PACIFICO MZ D LOTE 7", "area_m2": 78.65, "frente_uti": 5.5, "frente_tot": 5.5, "avaluo_con": 9600.0, "avaluo_sue": 5898.75, "zonaurbano": "URBANA", "parroquia": "TARQUI", "esta_bloqu": "NO", "es_tercera": "NO", "tiene_elec": "NO", "tiene_agua": "NO", "tiene_alca": "NO", "observacio": "INGRESO NUEVO INF LUIS LOPEZ 19/09/2018// - CAMBIO DE CLASIFICACIÓN: MEMORANDO MTA-DFIN-MEM-160920211226, TRÁMITE TE090920211550 EN BASE A ART. 509 DEL COOTAD.SE CORRIGE AREA 82.5 A 79.20 M2 15/06/22 ARQ.LUPE LANDA...\r\nSE ACTUALIZA LA PARROQUIA Y EL BA", "observac_1": null, "barrio": "CONJUNTO HABITACIONAL DEL PACIFICO", "parroquia_": 3, "barrio_id": 1166, "proceso": 0, "fecha_regi": null, "activo_cat": "SI", "desactivad": 0, "avaluo_rem": 0.0, "avaluo_r_1": 0.0, "clasificac": "GENERAL", "anio_deuda": 0, "deuda": 0.0, "valor_ip": 0.0, "coactiva": null, "ficharegis": 67926, "etam": 0.1, "diferencia": -0.0010277484, "porc_difer": -1.30674e-05, "admisible": 1, "deuda_anio": 0.0, "2019_csv_c": null, "clavecat_1": null, "2021__csv_": null, "2021__csv1": null, "Clavepre": "3-32-11-07-000", "RESOLUCION": "486-23-06-2022", "ORIG_FID": 189 }, "geometry": { "type": "Point", "coordinates": [ -80.72222972002568, -0.980544598685289 ] } },
{ "type": "Feature", "properties": { "id": 92427, "lote_id": 93627, "clavecatas": "3-32-11-08-000", "zona": "3", "sector": "32", "manzana": "11", "lote": "08", "ph": "000", "propietari": "CHICA FLORES EDGAR ALBERTO", "documentop": "1309152674", "direccion": "PROYECTO HABITACIONAL CONJUNTO DEL PACIFICO MZ D LOTE 8", "area_m2": 78.65, "frente_uti": 5.5, "frente_tot": 5.5, "avaluo_con": 7392.0, "avaluo_sue": 5898.75, "zonaurbano": "URBANA", "parroquia": "TARQUI", "esta_bloqu": "NO", "es_tercera": "NO", "tiene_elec": "NO", "tiene_agua": "NO", "tiene_alca": "NO", "observacio": "INGRESO NUEVO INF LUIS LOPEZ 12/10/2018//\r\n\r\nINFORME PARA CERTIFICADO,  REVZ. POR LCDA MARIA MARISOL ARTEAGA , 15 OCTUBRE DEL 2018  MR - CAMBIO DE CLASIFICACIÓN: MEMORANDO MTA-DFIN-MEM-160920211226, TRÁMITE TE090920211550 EN BASE A ART. 509 DEL COOTAD.", "observac_1": null, "barrio": "CONJUNTO HABITACIONAL DEL PACIFICO", "parroquia_": 3, "barrio_id": 1166, "proceso": 0, "fecha_regi": null, "activo_cat": "SI", "desactivad": 0, "avaluo_rem": 0.0, "avaluo_r_1": 0.0, "clasificac": "GENERAL", "anio_deuda": 2023, "deuda": 101.5, "valor_ip": 0.0, "coactiva": null, "ficharegis": 67841, "etam": 0.1, "diferencia": -0.0003425826, "porc_difer": -4.3558e-06, "admisible": 1, "deuda_anio": 81.56, "2019_csv_c": null, "clavecat_1": null, "2021__csv_": null, "2021__csv1": null, "Clavepre": "3-32-11-08-000", "RESOLUCION": "486-23-06-2022", "ORIG_FID": 190 }, "geometry": { "type": "Point", "coordinates": [ -80.722203426499618, -0.980502461822392 ] } },
{ "type": "Feature", "properties": { "id": 92431, "lote_id": 93612, "clavecatas": "3-32-11-12-000", "zona": "3", "sector": "32", "manzana": "11", "lote": "12", "ph": "000", "propietari": "GOBIERNO AUTONOMO DESCENTRALIZADO MUNICIPAL DEL CANTON MANTA .", "documentop": "1360000980001", "direccion": "PROYECT.HABIT.CONJUNTO DEL PACIFICO MZ- D LT-12", "area_m2": 78.65, "frente_uti": 5.5, "frente_tot": 5.5, "avaluo_con": 7238.0, "avaluo_sue": 5898.75, "zonaurbano": "URBANA", "parroquia": "TARQUI", "esta_bloqu": "NO", "es_tercera": "NO", "tiene_elec": "SI", "tiene_agua": "SI", "tiene_alca": "SI", "observacio": "INGRESO NUEVO PROYECTO HABITACIONAL CONJUNTO DEL PACIFICO 10/10/18 A.Q.\r\nDEVUELTO X FOTOS NO TIENE LO LLEVA DE TRAMIFACIL 16/10/2018 MR \r\nINFORME PARA CERTIFICADO,  REVZ. POR PERITO LCDA MARIA MARISOL ARTEAGA, DIGITAL APROBADO 12 DE NOV. DEL 2018  MR - C", "observac_1": null, "barrio": "CONJUNTO HABITACIONAL DEL PACIFICO", "parroquia_": 3, "barrio_id": 1166, "proceso": 0, "fecha_regi": null, "activo_cat": "SI", "desactivad": 0, "avaluo_rem": 0.0, "avaluo_r_1": 0.0, "clasificac": "PROPIEDADES MUNICIPALES", "anio_deuda": 0, "deuda": 0.0, "valor_ip": 0.0, "coactiva": null, "ficharegis": 67733, "etam": 0.1, "diferencia": -1.7e-08, "porc_difer": -2.0000000000000001e-10, "admisible": 1, "deuda_anio": 0.0, "2019_csv_c": null, "clavecat_1": null, "2021__csv_": null, "2021__csv1": null, "Clavepre": "3-32-11-12-000", "RESOLUCION": "486-23-06-2022", "ORIG_FID": 191 }, "geometry": { "type": "Point", "coordinates": [ -80.722391146532473, -0.98056005639832 ] } },
{ "type": "Feature", "properties": { "id": 92433, "lote_id": 94192, "clavecatas": "3-32-11-14-000", "zona": "3", "sector": "32", "manzana": "11", "lote": "14", "ph": "000", "propietari": "MOLINA ROBLEDO LUIS JAVIER", "documentop": "1312385188", "direccion": "PROYECTO HABITACIONAL CONJUNTO DEL PACIFICO MZ D LOTE 14", "area_m2": 78.65, "frente_uti": 5.5, "frente_tot": 5.5, "avaluo_con": 8275.2, "avaluo_sue": 5898.75, "zonaurbano": "URBANA", "parroquia": "TARQUI", "esta_bloqu": "NO", "es_tercera": "NO", "tiene_elec": "NO", "tiene_agua": "NO", "tiene_alca": "NO", "observacio": "INGRESO NUEVO INF LUIS LOPEZ 27/12/2018// - CAMBIO DE CLASIFICACIÓN: MEMORANDO MTA-DFIN-MEM-160920211226, TRÁMITE TE090920211550 EN BASE A ART. 509 DEL COOTAD.SE ACTUALIZA LA PARROQUIA Y EL BARRIO CON FINES DE LEGALIZACIÓN -SE ACTUALIZA INFORMACION CO", "observac_1": "- BLOQUEO MASIVO SOLICITUD DIRCAT 28-12-2018 - SE PROCEDE A DESBLOQUEAR POR PROCESO DE LEGALIZACION", "barrio": "CONJUNTO HABITACIONAL DEL PACIFICO", "parroquia_": 3, "barrio_id": 1166, "proceso": 0, "fecha_regi": null, "activo_cat": "SI", "desactivad": 0, "avaluo_rem": 0.0, "avaluo_r_1": 0.0, "clasificac": "GENERAL", "anio_deuda": 2024, "deuda": 41.67, "valor_ip": 0.0, "coactiva": null, "ficharegis": 69037, "etam": 0.1, "diferencia": -1.41e-08, "porc_difer": -2.0000000000000001e-10, "admisible": 1, "deuda_anio": 29.55, "2019_csv_c": null, "clavecat_1": null, "2021__csv_": null, "2021__csv1": null, "Clavepre": "3-32-11-14-000", "RESOLUCION": "486-23-06-2022", "ORIG_FID": 192 }, "geometry": { "type": "Point", "coordinates": [ -80.722443734539326, -0.980644329523254 ] } },
{ "type": "Feature", "properties": { "id": 92440, "lote_id": 93523, "clavecatas": "3-32-12-05-000", "zona": "3", "sector": "32", "manzana": "12", "lote": "05", "ph": "000", "propietari": "MERO LOPEZ AMADA MONSERRATE", "documentop": "1309700613", "direccion": "PROYECTO HABITACIONAL CONJUNTO DEL PACIFICO MZ E LOTE 5", "area_m2": 79.75, "frente_uti": 5.5, "frente_tot": 5.5, "avaluo_con": 7986.0, "avaluo_sue": 5981.25, "zonaurbano": "URBANA", "parroquia": "TARQUI", "esta_bloqu": "NO", "es_tercera": "NO", "tiene_elec": "NO", "tiene_agua": "NO", "tiene_alca": "NO", "observacio": "INGRESO NUEVO INF LUIS LOPEZ 25/09/2018// - CAMBIO DE CLASIFICACIÓN: MEMORANDO MTA-DFIN-MEM-160920211226, TRÁMITE TE090920211550 EN BASE A ART. 509 DEL COOTAD. SE CORRIGE AREA 82.5 A 79.75 M2 15/06/22 ARQ, LUPE LANDA...\r\nSE ACTUALIZA EL BARRIO CON FINE", "observac_1": null, "barrio": "CONJUNTO HABITACIONAL DEL PACIFICO", "parroquia_": 3, "barrio_id": 1166, "proceso": 0, "fecha_regi": null, "activo_cat": "SI", "desactivad": 0, "avaluo_rem": 0.0, "avaluo_r_1": 0.0, "clasificac": "GENERAL", "anio_deuda": 0, "deuda": 0.0, "valor_ip": 0.0, "coactiva": null, "ficharegis": 68078, "etam": 0.1, "diferencia": -2.83e-08, "porc_difer": -4.0000000000000001e-10, "admisible": 1, "deuda_anio": 0.0, "2019_csv_c": null, "clavecat_1": null, "2021__csv_": null, "2021__csv1": null, "Clavepre": "3-32-12-05-000", "RESOLUCION": "486-23-06-2022", "ORIG_FID": 193 }, "geometry": { "type": "Point", "coordinates": [ -80.722576094695057, -0.980443119123362 ] } },
{ "type": "Feature", "properties": { "id": 92444, "lote_id": 95175, "clavecatas": "3-32-12-09-000", "zona": "3", "sector": "32", "manzana": "12", "lote": "09", "ph": "000", "propietari": "CHEME MACIAS MAITE KATHERINE", "documentop": "1315171569", "direccion": "PROYECT.HABIT.CONJUNTO DEL PACIFICO MZ E LOTE 09", "area_m2": 79.75, "frente_uti": 20.0, "frente_tot": 20.0, "avaluo_con": 9780.75, "avaluo_sue": 5966.3, "zonaurbano": "URBANA", "parroquia": "TARQUI", "esta_bloqu": "NO", "es_tercera": "NO", "tiene_elec": "SI", "tiene_agua": "SI", "tiene_alca": "SI", "observacio": "INGRESO NUEVO 17/04/19 A.Q. - CAMBIO DE CLASIFICACIÓN: MEMORANDO MTA-DFIN-MEM-160920211226, TRÁMITE TE090920211550 EN BASE A ART. 509 DEL COOTAD.SE CORRIGE AREA 82.5 A 79.75 M2 15/06/22 ARQ, LUPE LANDA...SE ACTUALIZA EL BARRIO CON FINES DE LEGALIZACIÓ", "observac_1": null, "barrio": "CONJUNTO HABITACIONAL DEL PACIFICO", "parroquia_": 3, "barrio_id": 1166, "proceso": 0, "fecha_regi": null, "activo_cat": "SI", "desactivad": 0, "avaluo_rem": 0.0, "avaluo_r_1": 0.0, "clasificac": "GENERAL", "anio_deuda": 0, "deuda": 0.0, "valor_ip": 0.0, "coactiva": null, "ficharegis": 72799, "etam": 0.1, "diferencia": -8.9999999999999999e-10, "porc_difer": 0.0, "admisible": 1, "deuda_anio": 0.0, "2019_csv_c": null, "clavecat_1": null, "2021__csv_": null, "2021__csv1": null, "Clavepre": "3-32-12-09-000", "RESOLUCION": "486-23-06-2022", "ORIG_FID": 194 }, "geometry": { "type": "Point", "coordinates": [ -80.722607572687792, -0.980246932047687 ] } },
{ "type": "Feature", "properties": { "id": 92446, "lote_id": 95177, "clavecatas": "3-32-12-11-000", "zona": "3", "sector": "32", "manzana": "12", "lote": "11", "ph": "000", "propietari": "CALDERON ZAMBRANO CARLOS LORENZO", "documentop": "1305984088", "direccion": "PROYECT.HABIT.CONJUNTO DEL PACIFICO MZ E LOTE 11", "area_m2": 79.75, "frente_uti": 5.5, "frente_tot": 5.5, "avaluo_con": 7392.0, "avaluo_sue": 5981.25, "zonaurbano": "URBANA", "parroquia": "TARQUI", "esta_bloqu": "NO", "es_tercera": "NO", "tiene_elec": "SI", "tiene_agua": "SI", "tiene_alca": "SI", "observacio": "INGRESO NUEVO 17/04/19 A.Q. - CAMBIO DE CLASIFICACIÓN: MEMORANDO MTA-DFIN-MEM-160920211226, TRÁMITE TE090920211550 EN BASE A ART. 509 DEL COOTAD.SE CORRIGE AREA 82.5 A 79.75 M2 15/06/22 ARQ, LUPE LANDA...\r\nSE ACTUALIZA EL BARRIO CON FINES DE LEGALIZACI", "observac_1": null, "barrio": "CONJUNTO HABITACIONAL DEL PACIFICO", "parroquia_": 3, "barrio_id": 1166, "proceso": 0, "fecha_regi": null, "activo_cat": "SI", "desactivad": 0, "avaluo_rem": 0.0, "avaluo_r_1": 0.0, "clasificac": "GENERAL", "anio_deuda": 2026, "deuda": 18.73, "valor_ip": 0.0, "coactiva": null, "ficharegis": 67936, "etam": 0.1, "diferencia": 4.79e-08, "porc_difer": 6e-10, "admisible": 1, "deuda_anio": 0.0, "2019_csv_c": null, "clavecat_1": null, "2021__csv_": null, "2021__csv1": null, "Clavepre": "3-32-12-11-000", "RESOLUCION": "486-23-06-2022", "ORIG_FID": 195 }, "geometry": { "type": "Point", "coordinates": [ -80.722660160698354, -0.980331205169509 ] } },
{ "type": "Feature", "properties": { "id": 92450, "lote_id": 95178, "clavecatas": "3-32-12-15-000", "zona": "3", "sector": "32", "manzana": "12", "lote": "15", "ph": "000", "propietari": "MOREIRA PICO DEYSI EDITH", "documentop": "1310809163", "direccion": "PROYECT.HABIT.CONJUNTO DEL PACIFICO MZ E LOTE 15", "area_m2": 79.75, "frente_uti": 5.5, "frente_tot": 5.5, "avaluo_con": 7392.0, "avaluo_sue": 5981.25, "zonaurbano": "URBANA", "parroquia": "TARQUI", "esta_bloqu": "NO", "es_tercera": "NO", "tiene_elec": "SI", "tiene_agua": "SI", "tiene_alca": "SI", "observacio": "INGRESO NUEVO 17/04/19 A.Q. - CAMBIO DE CLASIFICACIÓN: MEMORANDO MTA-DFIN-MEM-160920211226, TRÁMITE TE090920211550 EN BASE A ART. 509 DEL COOTAD.SE CORRIGE AREA 82.5 A 79.75 M2 15/06/22 ARQ, LUPE LANDA...\r\nSE ACTUALIZA EL BARRIO CON FINES DE LEGALIZACI", "observac_1": null, "barrio": "CONJUNTO HABITACIONAL DEL PACIFICO", "parroquia_": 3, "barrio_id": 1166, "proceso": 0, "fecha_regi": null, "activo_cat": "SI", "desactivad": 0, "avaluo_rem": 0.0, "avaluo_r_1": 0.0, "clasificac": "GENERAL", "anio_deuda": 0, "deuda": 0.0, "valor_ip": 0.0, "coactiva": null, "ficharegis": 68327, "etam": 0.1, "diferencia": 3.49e-08, "porc_difer": 4.0000000000000001e-10, "admisible": 1, "deuda_anio": 0.0, "2019_csv_c": null, "clavecat_1": null, "2021__csv_": null, "2021__csv1": null, "Clavepre": "3-32-12-15-000", "RESOLUCION": "486-23-06-2022", "ORIG_FID": 196 }, "geometry": { "type": "Point", "coordinates": [ -80.722765336726283, -0.980499751412791 ] } },
{ "type": "Feature", "properties": { "id": 92459, "lote_id": 95180, "clavecatas": "3-32-13-08-000", "zona": "3", "sector": "32", "manzana": "13", "lote": "08", "ph": "000", "propietari": "GOBIERNO AUTONOMO DESCENTRALIZADO MUNICIPAL DEL CANTON MANTA .", "documentop": "1360000980001", "direccion": "PROYECT.HABIT.CONJUNTO DEL PACIFICO MZ F LOTE 08", "area_m2": 82.5, "frente_uti": 11.0, "frente_tot": 11.0, "avaluo_con": 7392.0, "avaluo_sue": 6187.5, "zonaurbano": "URBANA", "parroquia": "TARQUI", "esta_bloqu": "NO", "es_tercera": "NO", "tiene_elec": "SI", "tiene_agua": "SI", "tiene_alca": "SI", "observacio": "INGRESO NUEVO 17/04/19 A.Q. - CAMBIO DE CLASIFICACIÓN: MEMORANDO MTA-DFIN-MEM-160920211226, TRÁMITE TE090920211550 EN BASE A ART. 509 DEL COOTAD.\r\nSE ACTUALIZA EL BARRIO CON FINES DE LEGALIZACIÓN", "observac_1": null, "barrio": "CONJUNTO HABITACIONAL DEL PACIFICO", "parroquia_": 3, "barrio_id": 1166, "proceso": 0, "fecha_regi": null, "activo_cat": "SI", "desactivad": 0, "avaluo_rem": 0.0, "avaluo_r_1": 0.0, "clasificac": "PROPIEDADES MUNICIPALES", "anio_deuda": 0, "deuda": 0.0, "valor_ip": 0.0, "coactiva": null, "ficharegis": 0, "etam": 0.1, "diferencia": -4.7e-09, "porc_difer": -1e-10, "admisible": 1, "deuda_anio": 0.0, "2019_csv_c": null, "clavecat_1": null, "2021__csv_": null, "2021__csv1": null, "Clavepre": "3-32-13-08-000", "RESOLUCION": "486-23-06-2022", "ORIG_FID": 197 }, "geometry": { "type": "Point", "coordinates": [ -80.722105572916064, -0.980112323383537 ] } },
{ "type": "Feature", "properties": { "id": 92460, "lote_id": 95181, "clavecatas": "3-32-13-09-000", "zona": "3", "sector": "32", "manzana": "13", "lote": "09", "ph": "000", "propietari": "CORTEZ MURILLO INES LUZ", "documentop": "0911902336", "direccion": "PROYECT.HABIT.CONJUNTO DEL PACIFICO MZ F LOTE 09", "area_m2": 82.5, "frente_uti": 11.0, "frente_tot": 11.0, "avaluo_con": 7392.0, "avaluo_sue": 6187.5, "zonaurbano": "URBANA", "parroquia": "TARQUI", "esta_bloqu": "NO", "es_tercera": "SI", "tiene_elec": "SI", "tiene_agua": "SI", "tiene_alca": "SI", "observacio": "INGRESO NUEVO 17/04/19 A.Q. - CAMBIO DE CLASIFICACIÓN: MEMORANDO MTA-DFIN-MEM-160920211226, TRÁMITE TE090920211550 EN BASE A ART. 509 DEL COOTAD.\r\nSE ACTUALIZA EL BARRIO CON FINES DE LEGALIZACIÓN -SE ACTUALIZA INF CON ESCRITURA DE ADJUDICACION INSCRIT", "observac_1": null, "barrio": "CONJUNTO HABITACIONAL DEL PACIFICO", "parroquia_": 3, "barrio_id": 1166, "proceso": 0, "fecha_regi": null, "activo_cat": "SI", "desactivad": 0, "avaluo_rem": 0.0, "avaluo_r_1": 0.0, "clasificac": "GENERAL", "anio_deuda": 2025, "deuda": 43.85, "valor_ip": 0.0, "coactiva": null, "ficharegis": 72820, "etam": 0.1, "diferencia": -1.47e-08, "porc_difer": -2.0000000000000001e-10, "admisible": 1, "deuda_anio": 29.87, "2019_csv_c": null, "clavecat_1": null, "2021__csv_": null, "2021__csv1": null, "Clavepre": "3-32-13-09-000", "RESOLUCION": "486-23-06-2022", "ORIG_FID": 198 }, "geometry": { "type": "Point", "coordinates": [ -80.722132112082718, -0.980154303921284 ] } },
{ "type": "Feature", "properties": { "id": 92461, "lote_id": 93495, "clavecatas": "3-32-13-10-000", "zona": "3", "sector": "32", "manzana": "13", "lote": "10", "ph": "000", "propietari": "RODRIGUEZ MACIA DOMITILA ELIZABETH", "documentop": "0704490093", "direccion": "PROYECTO HABITACIONAL CONJUNTO DEL PACIFICO MZ F LOTE 10", "area_m2": 82.5, "frente_uti": 5.5, "frente_tot": 5.5, "avaluo_con": 7392.0, "avaluo_sue": 6187.5, "zonaurbano": "URBANA", "parroquia": "TARQUI", "esta_bloqu": "NO", "es_tercera": "NO", "tiene_elec": "NO", "tiene_agua": "NO", "tiene_alca": "NO", "observacio": "INGRESO NUEVO INF LUIS LOPEZ 19/09/2018/// - CAMBIO DE CLASIFICACIÓN: MEMORANDO MTA-DFIN-MEM-160920211226, TRÁMITE TE090920211550 EN BASE A ART. 509 DEL COOTAD.SE ACTUALIZA LA PARROQUIA Y EL BARRIO CON FINES DE LEGALIZACIÓN -SE ACTUALIZA INFORMACION C", "observac_1": null, "barrio": "CONJUNTO HABITACIONAL DEL PACIFICO", "parroquia_": 3, "barrio_id": 1166, "proceso": 0, "fecha_regi": null, "activo_cat": "SI", "desactivad": 0, "avaluo_rem": 0.0, "avaluo_r_1": 0.0, "clasificac": "GENERAL", "anio_deuda": 0, "deuda": 0.0, "valor_ip": 0.0, "coactiva": null, "ficharegis": 67958, "etam": 0.1, "diferencia": -1.36e-08, "porc_difer": -2.0000000000000001e-10, "admisible": 1, "deuda_anio": 0.0, "2019_csv_c": null, "clavecat_1": null, "2021__csv_": null, "2021__csv1": null, "Clavepre": "3-32-13-10-000", "RESOLUCION": "486-23-06-2022", "ORIG_FID": 199 }, "geometry": { "type": "Point", "coordinates": [ -80.722158651249927, -0.980196284458999 ] } },
{ "type": "Feature", "properties": { "id": 92462, "lote_id": 95182, "clavecatas": "3-32-13-11-000", "zona": "3", "sector": "32", "manzana": "13", "lote": "11", "ph": "000", "propietari": "VINCES SANTANA RONALD ROGELIO", "documentop": "1313812776", "direccion": "PROYECT.HABIT.CONJUNTO DEL PACIFICO MZ F LOTE 11", "area_m2": 82.5, "frente_uti": 11.0, "frente_tot": 11.0, "avaluo_con": 8580.0, "avaluo_sue": 6187.5, "zonaurbano": "URBANA", "parroquia": "TARQUI", "esta_bloqu": "NO", "es_tercera": "NO", "tiene_elec": "SI", "tiene_agua": "SI", "tiene_alca": "SI", "observacio": "INGRESO NUEVO 17/04/19 A.Q. - CAMBIO DE CLASIFICACIÓN: MEMORANDO MTA-DFIN-MEM-160920211226, TRÁMITE TE090920211550 EN BASE A ART. 509 DEL COOTAD.\r\nSE ACTUALIZA EL BARRIO CON FINES DE LEGALIZACIÓN -SE ACTUALIZA INFORMACION CON ESCRITURA DE ADJ.CON PROH", "observac_1": null, "barrio": "CONJUNTO HABITACIONAL DEL PACIFICO", "parroquia_": 3, "barrio_id": 1166, "proceso": 0, "fecha_regi": null, "activo_cat": "SI", "desactivad": 0, "avaluo_rem": 0.0, "avaluo_r_1": 0.0, "clasificac": "GENERAL", "anio_deuda": 2024, "deuda": 82.7, "valor_ip": 0.0, "coactiva": null, "ficharegis": 68105, "etam": 0.1, "diferencia": -5.0000000000000001e-09, "porc_difer": -1e-10, "admisible": 1, "deuda_anio": 64.76, "2019_csv_c": null, "clavecat_1": null, "2021__csv_": null, "2021__csv1": null, "Clavepre": "3-32-13-11-000", "RESOLUCION": "486-23-06-2022", "ORIG_FID": 200 }, "geometry": { "type": "Point", "coordinates": [ -80.722185190417719, -0.980238264996698 ] } },
{ "type": "Feature", "properties": { "id": 92466, "lote_id": 95183, "clavecatas": "3-32-14-01-000", "zona": "3", "sector": "32", "manzana": "14", "lote": "01", "ph": "000", "propietari": "DELGADO DELGADO GINGER ELIZABETH", "documentop": "1311928061", "direccion": "PROYECT.HABIT.CONJUNTO DEL PACIFICO MZ G LOTE 01", "area_m2": 82.5, "frente_uti": 20.5, "frente_tot": 20.5, "avaluo_con": 7392.0, "avaluo_sue": 6187.5, "zonaurbano": "URBANA", "parroquia": "TARQUI", "esta_bloqu": "NO", "es_tercera": "NO", "tiene_elec": "SI", "tiene_agua": "SI", "tiene_alca": "SI", "observacio": "INGRESO NUEVO 17/04/19 A.Q. - CAMBIO DE CLASIFICACIÓN: MEMORANDO MTA-DFIN-MEM-160920211226, TRÁMITE TE090920211550 EN BASE A ART. 509 DEL COOTAD.\r\nSE ACTUALIZA EL BARRIO CON FINES DE LEGALIZACIÓN SE ACTUALIZA INF CON ESCRITURA DE ADJUDICACION INSCRITA", "observac_1": null, "barrio": "CONJUNTO HABITACIONAL DEL PACIFICO", "parroquia_": 3, "barrio_id": 1166, "proceso": 0, "fecha_regi": null, "activo_cat": "SI", "desactivad": 0, "avaluo_rem": 0.0, "avaluo_r_1": 0.0, "clasificac": "GENERAL", "anio_deuda": 2023, "deuda": 157.04, "valor_ip": 0.0, "coactiva": null, "ficharegis": 67824, "etam": 0.1, "diferencia": -1.89e-08, "porc_difer": -2.0000000000000001e-10, "admisible": 1, "deuda_anio": 129.07, "2019_csv_c": null, "clavecat_1": null, "2021__csv_": null, "2021__csv1": null, "Clavepre": "3-32-14-01-000", "RESOLUCION": "486-23-06-2022", "ORIG_FID": 201 }, "geometry": { "type": "Point", "coordinates": [ -80.722427081782499, -0.980201284198522 ] } },
{ "type": "Feature", "properties": { "id": 92473, "lote_id": 95188, "clavecatas": "3-32-14-08-000", "zona": "3", "sector": "32", "manzana": "14", "lote": "08", "ph": "000", "propietari": "LARGACHA PESANTE ANDREA ESTEFANIA", "documentop": "1314028380", "direccion": "PROYECT.HABIT.CONJUNTO DEL PACIFICO MZ G LOTE 08", "area_m2": 82.5, "frente_uti": 5.5, "frente_tot": 5.5, "avaluo_con": 7392.0, "avaluo_sue": 6187.5, "zonaurbano": "URBANA", "parroquia": "TARQUI", "esta_bloqu": "NO", "es_tercera": "NO", "tiene_elec": "SI", "tiene_agua": "SI", "tiene_alca": "SI", "observacio": "INGRESO NUEVO 17/04/19 A.Q. - CAMBIO DE CLASIFICACIÓN: MEMORANDO MTA-DFIN-MEM-160920211226, TRÁMITE TE090920211550 EN BASE A ART. 509 DEL COOTAD.\r\nSE ACTUALIZA EL BARRIO CON FINES DE LEGALIZACIÓN -SE ACTUALIZA INF CON ESCRITURA DE ADJUDICACION INSCRIT", "observac_1": null, "barrio": "CONJUNTO HABITACIONAL DEL PACIFICO", "parroquia_": 3, "barrio_id": 1166, "proceso": 0, "fecha_regi": null, "activo_cat": "SI", "desactivad": 0, "avaluo_rem": 0.0, "avaluo_r_1": 0.0, "clasificac": "GENERAL", "anio_deuda": 2025, "deuda": 44.0, "valor_ip": 0.0, "coactiva": null, "ficharegis": 67802, "etam": 0.1, "diferencia": -1.28e-08, "porc_difer": -2.0000000000000001e-10, "admisible": 1, "deuda_anio": 24.95, "2019_csv_c": null, "clavecat_1": null, "2021__csv_": null, "2021__csv1": null, "Clavepre": "3-32-14-08-000", "RESOLUCION": "486-23-06-2022", "ORIG_FID": 202 }, "geometry": { "type": "Point", "coordinates": [ -80.722241307596221, -0.979907420442002 ] } },
{ "type": "Feature", "properties": { "id": 92474, "lote_id": 95189, "clavecatas": "3-32-14-09-000", "zona": "3", "sector": "32", "manzana": "14", "lote": "09", "ph": "000", "propietari": "MERA RODRIGUEZ JUAN GUALBERTO", "documentop": "1306116714", "direccion": "PROYECT.HABIT.CONJUNTO DEL PACIFICO MZ G LOTE 09", "area_m2": 82.5, "frente_uti": 5.5, "frente_tot": 5.5, "avaluo_con": 9183.2, "avaluo_sue": 5878.13, "zonaurbano": "URBANA", "parroquia": "TARQUI", "esta_bloqu": "NO", "es_tercera": "NO", "tiene_elec": "SI", "tiene_agua": "SI", "tiene_alca": "SI", "observacio": "INGRESO NUEVO 17/04/19 A.Q. - CAMBIO DE CLASIFICACIÓN: MEMORANDO MTA-DFIN-MEM-160920211226, TRÁMITE TE090920211550 EN BASE A ART. 509 DEL COOTAD.\r\nSE ACTUALIZA EL BARRIO CON FINES DE LEGALIZACIÓN -SE ACTUALIZA INF CON ESCRITURA DE ADJUDICACION INSCRIT", "observac_1": null, "barrio": "CONJUNTO HABITACIONAL DEL PACIFICO", "parroquia_": 3, "barrio_id": 1166, "proceso": 0, "fecha_regi": null, "activo_cat": "SI", "desactivad": 0, "avaluo_rem": 0.0, "avaluo_r_1": 0.0, "clasificac": "GENERAL", "anio_deuda": 0, "deuda": 0.0, "valor_ip": 0.0, "coactiva": null, "ficharegis": 72811, "etam": 0.1, "diferencia": -1.35e-08, "porc_difer": -2.0000000000000001e-10, "admisible": 1, "deuda_anio": 0.0, "2019_csv_c": null, "clavecat_1": null, "2021__csv_": null, "2021__csv1": null, "Clavepre": "3-32-14-09-000", "RESOLUCION": "486-23-06-2022", "ORIG_FID": 203 }, "geometry": { "type": "Point", "coordinates": [ -80.722214768429041, -0.979865439905232 ] } },
{ "type": "Feature", "properties": { "id": 92475, "lote_id": 95190, "clavecatas": "3-32-14-10-000", "zona": "3", "sector": "32", "manzana": "14", "lote": "10", "ph": "000", "propietari": "GOBIERNO AUTONOMO DESCENTRALIZADO MUNICIPAL DEL CANTON MANTA .", "documentop": "1360000980001", "direccion": "PROYECT.HABIT.CONJUNTO DEL PACIFICO MZ G LOTE 10", "area_m2": 82.5, "frente_uti": 5.5, "frente_tot": 5.5, "avaluo_con": 7392.0, "avaluo_sue": 6187.5, "zonaurbano": "URBANA", "parroquia": "TARQUI", "esta_bloqu": "NO", "es_tercera": "NO", "tiene_elec": "SI", "tiene_agua": "SI", "tiene_alca": "SI", "observacio": "INGRESO NUEVO 17/04/19 A.Q. - CAMBIO DE CLASIFICACIÓN: MEMORANDO MTA-DFIN-MEM-160920211226, TRÁMITE TE090920211550 EN BASE A ART. 509 DEL COOTAD.\r\nSE ACTUALIZA EL BARRIO CON FINES DE LEGALIZACIÓN", "observac_1": null, "barrio": "CONJUNTO HABITACIONAL DEL PACIFICO", "parroquia_": 3, "barrio_id": 1166, "proceso": 0, "fecha_regi": null, "activo_cat": "SI", "desactivad": 0, "avaluo_rem": 0.0, "avaluo_r_1": 0.0, "clasificac": "PROPIEDADES MUNICIPALES", "anio_deuda": 0, "deuda": 0.0, "valor_ip": 0.0, "coactiva": null, "ficharegis": 67668, "etam": 0.1, "diferencia": -6.6e-09, "porc_difer": -1e-10, "admisible": 1, "deuda_anio": 0.0, "2019_csv_c": null, "clavecat_1": null, "2021__csv_": null, "2021__csv1": null, "Clavepre": "3-32-14-10-000", "RESOLUCION": "486-23-06-2022", "ORIG_FID": 204 }, "geometry": { "type": "Point", "coordinates": [ -80.722188229262443, -0.979823459368429 ] } },
{ "type": "Feature", "properties": { "id": 92718, "lote_id": 68323, "clavecatas": "3-32-49-08-000", "zona": "3", "sector": "32", "manzana": "49", "lote": "08", "ph": "000", "propietari": "GOBIERNO AUTONOMO DESCENTRALIZADO  MUNICIPAL MANTA .", "documentop": "1360000980001", "direccion": "MZ. I-2 LOTE 08 URBANIZACION URBIRRIOS 1", "area_m2": 120.0, "frente_uti": 8.0, "frente_tot": 8.0, "avaluo_con": 12987.59, "avaluo_sue": 8760.0, "zonaurbano": "URBANA", "parroquia": "TARQUI", "esta_bloqu": "NO", "es_tercera": "NO", "tiene_elec": "SI", "tiene_agua": "SI", "tiene_alca": "SI", "observacio": "C-3787-03.- SE MODIF.NOMBRE X DEPURAC. 26/06/12 A.Q.- INGR. EN LINEA PARA CERT. REV.X LCDA. MARISOL A. ELAB. X LCDA. DELI CH.D. FEB. 07-2020.-", "observac_1": null, "barrio": "URBIRRIOS X", "parroquia_": 3, "barrio_id": 331, "proceso": 1, "fecha_regi": null, "activo_cat": "SI", "desactivad": 0, "avaluo_rem": 0.0, "avaluo_r_1": 0.0, "clasificac": "DEPURACION CATASTRO", "anio_deuda": 2026, "deuda": 24.5, "valor_ip": 0.0, "coactiva": null, "ficharegis": 0, "etam": 0.0912870929, "diferencia": 2.9418814033, "porc_difer": 0.0245156784, "admisible": 1, "deuda_anio": 0.0, "2019_csv_c": null, "clavecat_1": null, "2021__csv_": null, "2021__csv1": null, "Clavepre": "3-32-49-08-000", "RESOLUCION": "566-27-10-2022", "ORIG_FID": 205 }, "geometry": { "type": "Point", "coordinates": [ -80.720742267409932, -0.983054133869724 ] } },
{ "type": "Feature", "properties": { "id": 92883, "lote_id": 68486, "clavecatas": "3-32-67-10-000", "zona": "3", "sector": "32", "manzana": "67", "lote": "10", "ph": "000", "propietari": "CUZME RAMOS MARGARITA S/E /GAD MANTA", "documentop": ".", "direccion": "MZ-K2 LT. 10 URBIRIOS", "area_m2": 116.0, "frente_uti": 8.0, "frente_tot": 0.0, "avaluo_con": 1568.17, "avaluo_sue": 8468.0, "zonaurbano": "URBANA", "parroquia": "TARQUI", "esta_bloqu": "NO", "es_tercera": "NO", "tiene_elec": "SI", "tiene_agua": "SI", "tiene_alca": "NO", "observacio": "ACTUALIZACION INF.-  LUIS L. AGOSTO 04/08 MR.-SE MODIFICA NOMBRE X DEPURAC.\r\n27/06/12 A.Q.", "observac_1": null, "barrio": "URBIRRIOS X", "parroquia_": 3, "barrio_id": 331, "proceso": 1, "fecha_regi": null, "activo_cat": "SI", "desactivad": 0, "avaluo_rem": 0.0, "avaluo_r_1": 0.0, "clasificac": "DEPURACION CATASTRO", "anio_deuda": 2011, "deuda": 568.44, "valor_ip": 0.0, "coactiva": null, "ficharegis": 0, "etam": 0.0928476691, "diferencia": 10.1894723406, "porc_difer": 0.0878402788, "admisible": 1, "deuda_anio": 0.0, "2019_csv_c": null, "clavecat_1": null, "2021__csv_": null, "2021__csv1": null, "Clavepre": "3-32-67-10-000", "RESOLUCION": "566-27-10-2022", "ORIG_FID": 206 }, "geometry": { "type": "Point", "coordinates": [ -80.722970612248773, -0.983057478070494 ] } },
{ "type": "Feature", "properties": { "id": 92916, "lote_id": 68519, "clavecatas": "3-32-67-43-000", "zona": "3", "sector": "32", "manzana": "67", "lote": "43", "ph": "000", "propietari": "VERA PARRAGA KATHERINE LISBETH", "documentop": "1313689505", "direccion": "MZ-K2 LT. 43 URBIRRIOS", "area_m2": 150.0, "frente_uti": 25.0, "frente_tot": 0.0, "avaluo_con": 4928.0, "avaluo_sue": 11497.5, "zonaurbano": "URBANA", "parroquia": "TARQUI", "esta_bloqu": "NO", "es_tercera": "NO", "tiene_elec": "SI", "tiene_agua": "SI", "tiene_alca": "NO", "observacio": "SE MODIFICA NOMBRE X DEPURAC.27/06/12 A.Q.-SE ACTUALIZA INFORMACION CON ESCRITURA DE ADJ.CON PROH.DE ENAJ.INSCRITA EN EL REG.DE LA PROPIEDAD 10/23/2024 Y.C.S.-", "observac_1": null, "barrio": "URBIRRIOS X", "parroquia_": 3, "barrio_id": 331, "proceso": 1, "fecha_regi": null, "activo_cat": "SI", "desactivad": 0, "avaluo_rem": 0.0, "avaluo_r_1": 0.0, "clasificac": "GENERAL", "anio_deuda": 0, "deuda": 0.0, "valor_ip": 0.0, "coactiva": null, "ficharegis": 43022, "etam": 0.0816496581, "diferencia": 8.0340159400999998, "porc_difer": 0.0535601063, "admisible": 1, "deuda_anio": 0.0, "2019_csv_c": null, "clavecat_1": null, "2021__csv_": null, "2021__csv1": null, "Clavepre": "3-32-67-43-000", "RESOLUCION": "443-17-03-2022", "ORIG_FID": 207 }, "geometry": { "type": "Point", "coordinates": [ -80.72345072626095, -0.982585727359625 ] } },
{ "type": "Feature", "properties": { "id": 92952, "lote_id": 68555, "clavecatas": "3-32-69-12-000", "zona": "3", "sector": "32", "manzana": "69", "lote": "12", "ph": "000", "propietari": "PINARGOTE VALDIVIESO RAMON S/E /GAD MANTA", "documentop": ".", "direccion": "MZ-J LT. 12 URBIRIOS", "area_m2": 120.0, "frente_uti": 8.0, "frente_tot": 0.0, "avaluo_con": 0.0, "avaluo_sue": 8640.0, "zonaurbano": "URBANA", "parroquia": "TARQUI", "esta_bloqu": "NO", "es_tercera": "NO", "tiene_elec": "SI", "tiene_agua": "SI", "tiene_alca": "NO", "observacio": "INF.- AMPARO Q. OCT. 30/2003 MR C-3613-03.-SE MODIFICA NOMBRE X DEPURAC. 27/06/12 A.Q.", "observac_1": null, "barrio": "URBIRRIOS X", "parroquia_": 3, "barrio_id": 331, "proceso": 1, "fecha_regi": null, "activo_cat": "SI", "desactivad": 0, "avaluo_rem": 0.0, "avaluo_r_1": 0.0, "clasificac": "DEPURACION CATASTRO", "anio_deuda": 2019, "deuda": 212.37, "valor_ip": 0.0, "coactiva": null, "ficharegis": 0, "etam": 0.0912870929, "diferencia": 1.4438123885, "porc_difer": 0.0120317699, "admisible": 1, "deuda_anio": 0.0, "2019_csv_c": null, "clavecat_1": null, "2021__csv_": null, "2021__csv1": null, "Clavepre": "3-32-69-12-000", "RESOLUCION": "566-27-10-2022", "ORIG_FID": 208 }, "geometry": { "type": "Point", "coordinates": [ -80.724493908483794, -0.982567497545027 ] } },
{ "type": "Feature", "properties": { "id": 96922, "lote_id": 99541, "clavecatas": "3-41-35-07-000", "zona": "3", "sector": "41", "manzana": "35", "lote": "07", "ph": "000", "propietari": "CONGREGACIÓN RELIGIOSA ESCLAVAS DEL SAGRADO CORAZÓN DE JESÚS .", "documentop": "1790098621001", "direccion": "PROYECTO HABITACIONAL CEIBO RENACER SECTOR 2 MZ 01 LOTE 07", "area_m2": 387.87, "frente_uti": 20.9, "frente_tot": 20.9, "avaluo_con": 9676.8, "avaluo_sue": 13187.58, "zonaurbano": "URBANA", "parroquia": "TARQUI", "esta_bloqu": "NO", "es_tercera": "NO", "tiene_elec": "SI", "tiene_agua": "SI", "tiene_alca": "SI", "observacio": "RESOLUCIÓN EJECUTIVA NO. MTA-2020-ALC-0218 DE APROBACIÓN DEL PROYECTO DE URBANIZACIÓN DE INTERÉS SOCIAL \"CEIBO RENACER\" DE FECHA 16 DE OCTUBRE DEL 2020. - CAMBIO DE CLASIFICACIÓN: MEMORANDO MTA-DFIN-MEM-160920211226, TRÁMITE TE090920211550 EN BASE", "observac_1": null, "barrio": "CORREGIR", "parroquia_": 3, "barrio_id": 118, "proceso": 0, "fecha_regi": null, "activo_cat": "SI", "desactivad": 0, "avaluo_rem": 0.0, "avaluo_r_1": 0.0, "clasificac": "GENERAL", "anio_deuda": 0, "deuda": 0.0, "valor_ip": 0.0, "coactiva": null, "ficharegis": 76391, "etam": 0.1523274457, "diferencia": 2.199423237, "porc_difer": 0.0056705165, "admisible": 1, "deuda_anio": 0.0, "2019_csv_c": null, "clavecat_1": null, "2021__csv_": null, "2021__csv1": null, "Clavepre": "3-41-35-07-000", "RESOLUCION": "443-17-03-2022", "ORIG_FID": 209 }, "geometry": { "type": "Point", "coordinates": [ -80.720316356919184, -1.009822070031661 ] } },
{ "type": "Feature", "properties": { "id": 102057, "lote_id": 100884, "clavecatas": "5-02-28-11-000", "zona": "5", "sector": "02", "manzana": "28", "lote": "11", "ph": "000", "propietari": "GOBIERNO AUTONOMO DESCENTRALIZADO  MUNICIPAL MANTA .", "documentop": "1360000980001", "direccion": "SECTOR NUEVO MANTA , MZ N5- LOTE 11, CALLE N7", "area_m2": 200.0, "frente_uti": 10.0, "frente_tot": 10.0, "avaluo_con": 0.0, "avaluo_sue": 10000.0, "zonaurbano": "URBANA", "parroquia": "MANTA", "esta_bloqu": "NO", "es_tercera": "NO", "tiene_elec": "SI", "tiene_agua": "SI", "tiene_alca": "NO", "observacio": "INGRESO PARA LEGALIZACIÓN MASIVA 25-05-2022 SE CORRIGE MANZANA ARQ. LUPE LANDA 27/10/22..", "observac_1": null, "barrio": "NUEVO MANTA", "parroquia_": 2, "barrio_id": 340, "proceso": 0, "fecha_regi": null, "activo_cat": "SI", "desactivad": 0, "avaluo_rem": 0.0, "avaluo_r_1": 0.0, "clasificac": "POR LEGALIZAR", "anio_deuda": 0, "deuda": 0.0, "valor_ip": 0.0, "coactiva": null, "ficharegis": 0, "etam": 0.1414213562, "diferencia": 0.2513165318, "porc_difer": 0.0012565827, "admisible": 1, "deuda_anio": 0.0, "2019_csv_c": null, "clavecat_1": null, "2021__csv_": null, "2021__csv1": null, "Clavepre": "5-02-28-11-000", "RESOLUCION": "573-17-11-2022", "ORIG_FID": 210 }, "geometry": { "type": "Point", "coordinates": [ -80.744596719187228, -0.981592410598337 ] } },
{ "type": "Feature", "properties": { "id": 102058, "lote_id": 100885, "clavecatas": "5-02-28-12-000", "zona": "5", "sector": "02", "manzana": "28", "lote": "12", "ph": "000", "propietari": "GOBIERNO AUTONOMO DESCENTRALIZADO  MUNICIPAL MANTA .", "documentop": "1360000980001", "direccion": "SECTOR NUEVO MANTA , MZ N6- LOTE 12, CALLE N7", "area_m2": 200.0, "frente_uti": 10.0, "frente_tot": 10.0, "avaluo_con": 0.0, "avaluo_sue": 10000.0, "zonaurbano": "URBANA", "parroquia": "MANTA", "esta_bloqu": "NO", "es_tercera": "NO", "tiene_elec": "SI", "tiene_agua": "SI", "tiene_alca": "NO", "observacio": "INGRESO PARA LEGALIZACIÓN MASIVA 25-05-2022 SE CORRIGE MANZANA ARQ. LUPE LANDA 27/10/22", "observac_1": null, "barrio": "NUEVO MANTA", "parroquia_": 2, "barrio_id": 340, "proceso": 0, "fecha_regi": null, "activo_cat": "SI", "desactivad": 0, "avaluo_rem": 0.0, "avaluo_r_1": 0.0, "clasificac": "POR LEGALIZAR", "anio_deuda": 0, "deuda": 0.0, "valor_ip": 0.0, "coactiva": null, "ficharegis": 0, "etam": 0.1414213562, "diferencia": 0.2513370329, "porc_difer": 0.0012566852, "admisible": 1, "deuda_anio": 0.0, "2019_csv_c": null, "clavecat_1": null, "2021__csv_": null, "2021__csv1": null, "Clavepre": "5-02-28-12-000", "RESOLUCION": "573-17-11-2022", "ORIG_FID": 211 }, "geometry": { "type": "Point", "coordinates": [ -80.744675793577485, -0.981549402024735 ] } },
{ "type": "Feature", "properties": { "id": 101995, "lote_id": 101713, "clavecatas": "5-02-24-14-000", "zona": "5", "sector": "02", "manzana": "24", "lote": "14", "ph": "000", "propietari": "GOBIERNO AUTONOMO DESCENTRALIZADO  MUNICIPAL MANTA .", "documentop": "1360000980001", "direccion": "B. NUEVO MANTA - VIA SAN JUAN - PARROQUIA MANTA", "area_m2": 211.6, "frente_uti": 10.0, "frente_tot": 10.0, "avaluo_con": 0.0, "avaluo_sue": 10580.0, "zonaurbano": "URBANA", "parroquia": "MANTA", "esta_bloqu": "NO", "es_tercera": "NO", "tiene_elec": "NO", "tiene_agua": "NO", "tiene_alca": "NO", "observacio": "INGRESO NUEVO PARA LEGALIZAR NUEVO MANTA\r\n21/10/22 ARQ. LUPE LANDA", "observac_1": null, "barrio": "NUEVO MANTA", "parroquia_": 2, "barrio_id": 340, "proceso": 0, "fecha_regi": null, "activo_cat": "SI", "desactivad": 0, "avaluo_rem": 0.0, "avaluo_r_1": 0.0, "clasificac": "POR LEGALIZAR", "anio_deuda": 0, "deuda": 0.0, "valor_ip": 0.0, "coactiva": null, "ficharegis": 0, "etam": 0.1374903331, "diferencia": 0.0146931012, "porc_difer": 6.94381e-05, "admisible": 1, "deuda_anio": 0.0, "2019_csv_c": null, "clavecat_1": null, "2021__csv_": null, "2021__csv1": null, "Clavepre": "5-02-24-14-000", "RESOLUCION": "573-17-11-2022", "ORIG_FID": 212 }, "geometry": { "type": "Point", "coordinates": [ -80.746046294817631, -0.980287152401219 ] } },
{ "type": "Feature", "properties": { "id": 101966, "lote_id": 100868, "clavecatas": "5-02-23-04-000", "zona": "5", "sector": "02", "manzana": "23", "lote": "04", "ph": "000", "propietari": "PARRALES ALONZO JULIO CESAR", "documentop": "1304597782", "direccion": "SECTOR NUEVO MANTA , MZ N4- LOTE 04 , CALLE N5", "area_m2": 193.91, "frente_uti": 10.0, "frente_tot": 10.0, "avaluo_con": 8232.0, "avaluo_sue": 7853.36, "zonaurbano": "URBANA", "parroquia": "MANTA", "esta_bloqu": "NO", "es_tercera": "NO", "tiene_elec": "SI", "tiene_agua": "SI", "tiene_alca": "NO", "observacio": "INGRESO PARA LEGALIZACIÓN 1-04-2022 G.V.A -SE ACTUALIZA INFORMACION CON ESCRITURA DE ADJ.CON PROH.DE ENAJ.INSCRITA EN EL REG.DE LA PROPIEDAD 01/17/2024 Y.C.S.-", "observac_1": null, "barrio": "NUEVO MANTA", "parroquia_": 2, "barrio_id": 340, "proceso": 0, "fecha_regi": null, "activo_cat": "SI", "desactivad": 0, "avaluo_rem": 0.0, "avaluo_r_1": 0.0, "clasificac": "GENERAL", "anio_deuda": 2026, "deuda": 8.95, "valor_ip": 0.0, "coactiva": null, "ficharegis": 85325, "etam": 0.0718124753, "diferencia": -0.0065187385, "porc_difer": -3.36173e-05, "admisible": 1, "deuda_anio": 0.0, "2019_csv_c": null, "clavecat_1": null, "2021__csv_": null, "2021__csv1": null, "Clavepre": "5-02-23-04-000", "RESOLUCION": "582-01-12-2022", "ORIG_FID": 213 }, "geometry": { "type": "Point", "coordinates": [ -80.745938426670193, -0.980660023546353 ] } },
{ "type": "Feature", "properties": { "id": 101981, "lote_id": 100906, "clavecatas": "5-02-23-19-000", "zona": "5", "sector": "02", "manzana": "23", "lote": "19", "ph": "000", "propietari": "GOBIERNO AUTONOMO DESCENTRALIZADO  MUNICIPAL MANTA .", "documentop": "1360000980001", "direccion": "SECTOR NUEVO MANTA , MZ N4- LOTE 19 , CALLE N7", "area_m2": 200.0, "frente_uti": 10.0, "frente_tot": 10.0, "avaluo_con": 0.0, "avaluo_sue": 10000.0, "zonaurbano": "URBANA", "parroquia": "MANTA", "esta_bloqu": "NO", "es_tercera": "NO", "tiene_elec": "SI", "tiene_agua": "SI", "tiene_alca": "NO", "observacio": "INGRESO PARA LEGALIZACIÓN MASIVA 26-05-2022", "observac_1": null, "barrio": "NUEVO MANTA", "parroquia_": 2, "barrio_id": 340, "proceso": 0, "fecha_regi": null, "activo_cat": "SI", "desactivad": 0, "avaluo_rem": 0.0, "avaluo_r_1": 0.0, "clasificac": "POR LEGALIZAR", "anio_deuda": 0, "deuda": 0.0, "valor_ip": 0.0, "coactiva": null, "ficharegis": 0, "etam": 0.1414213562, "diferencia": 0.0421364417, "porc_difer": 0.0002106822, "admisible": 1, "deuda_anio": 0.0, "2019_csv_c": null, "clavecat_1": null, "2021__csv_": null, "2021__csv1": null, "Clavepre": "5-02-23-19-000", "RESOLUCION": "573-17-11-2022", "ORIG_FID": 214 }, "geometry": { "type": "Point", "coordinates": [ -80.746262664812022, -0.98068617400819 ] } },
{ "type": "Feature", "properties": { "id": 101982, "lote_id": 101655, "clavecatas": "5-02-24-01-000", "zona": "5", "sector": "02", "manzana": "24", "lote": "01", "ph": "000", "propietari": "GOBIERNO AUTONOMO DESCENTRALIZADO  MUNICIPAL MANTA ..", "documentop": "1360000980001", "direccion": "NUEVO MANTA VIA SAN JUAN MZ N3 LOTE 1", "area_m2": 184.0, "frente_uti": 28.4, "frente_tot": 28.4, "avaluo_con": 0.0, "avaluo_sue": 9200.0, "zonaurbano": "URBANA", "parroquia": "MANTA", "esta_bloqu": "NO", "es_tercera": "NO", "tiene_elec": "SI", "tiene_agua": "NO", "tiene_alca": "NO", "observacio": "SE GENERA LA CLAVE PARA LEGALIZACION. ARQ ELVIS GILER. 4/04/2022. EN GESTIO LOTE LUIS LOPEZ 14/10/2022//", "observac_1": null, "barrio": "NUEVO MANTA", "parroquia_": 2, "barrio_id": 340, "proceso": 0, "fecha_regi": null, "activo_cat": "SI", "desactivad": 0, "avaluo_rem": 0.0, "avaluo_r_1": 0.0, "clasificac": "POR LEGALIZAR", "anio_deuda": 0, "deuda": 0.0, "valor_ip": 0.0, "coactiva": null, "ficharegis": 0, "etam": 0.0737209781, "diferencia": -0.0149596659, "porc_difer": -8.13025e-05, "admisible": 1, "deuda_anio": 0.0, "2019_csv_c": null, "clavecat_1": null, "2021__csv_": null, "2021__csv1": null, "Clavepre": "5-02-24-01-000", "RESOLUCION": "573-17-11-2022", "ORIG_FID": 215 }, "geometry": { "type": "Point", "coordinates": [ -80.745960357445981, -0.980130494451028 ] } },
{ "type": "Feature", "properties": { "id": 101963, "lote_id": 100864, "clavecatas": "5-02-23-01-000", "zona": "5", "sector": "02", "manzana": "23", "lote": "01", "ph": "000", "propietari": "GOBIERNO AUTÓNOMO DESCENTRALIZADO DE MANTA .", "documentop": "136000098001", "direccion": "SECTOR NUEVO MANTA , MZ N4- LOTE 01 , CALLE N5 Y VIA SAN JUAN", "area_m2": 196.64, "frente_uti": 10.0, "frente_tot": 10.0, "avaluo_con": 559.78, "avaluo_sue": 7963.92, "zonaurbano": "URBANA", "parroquia": "MANTA", "esta_bloqu": "NO", "es_tercera": "NO", "tiene_elec": "SI", "tiene_agua": "SI", "tiene_alca": "NO", "observacio": "INGRESO PARA LEGALIZACIÓN 1-04-2022 G.V.A", "observac_1": null, "barrio": "NUEVO MANTA", "parroquia_": 2, "barrio_id": 340, "proceso": 0, "fecha_regi": null, "activo_cat": "SI", "desactivad": 0, "avaluo_rem": 0.0, "avaluo_r_1": 0.0, "clasificac": "POR LEGALIZAR", "anio_deuda": 2023, "deuda": 1.01, "valor_ip": 0.0, "coactiva": null, "ficharegis": 0, "etam": 0.0713122382, "diferencia": -0.0517180484, "porc_difer": -0.0002630088, "admisible": 1, "deuda_anio": 0.0, "2019_csv_c": null, "clavecat_1": null, "2021__csv_": null, "2021__csv1": null, "Clavepre": "5-02-23-01-000", "RESOLUCION": "582-01-12-2022", "ORIG_FID": 216 }, "geometry": { "type": "Point", "coordinates": [ -80.746175056827568, -0.980529905187007 ] } },
{ "type": "Feature", "properties": { "id": 101964, "lote_id": 100866, "clavecatas": "5-02-23-02-000", "zona": "5", "sector": "02", "manzana": "23", "lote": "02", "ph": "000", "propietari": "MEJIA SANCHEZ JONATHAN TITO", "documentop": "1309958302", "direccion": "SECTOR NUEVO MANTA , MZ N4- LOTE 02 , CALLE N5", "area_m2": 195.77, "frente_uti": 10.0, "frente_tot": 10.0, "avaluo_con": 0.0, "avaluo_sue": 7928.69, "zonaurbano": "URBANA", "parroquia": "MANTA", "esta_bloqu": "NO", "es_tercera": "NO", "tiene_elec": "SI", "tiene_agua": "SI", "tiene_alca": "NO", "observacio": "INGRESO PARA LEGALIZACIÓN 1-04-2022 G.V.A -SE ACTUALIZA INFORMACION CON ESCRITURA DE ADJ.CON PROH.DE ENAJ.INSCRITA EN EL REG.DE LA PROPIEDAD 08/31/2023 Y.C.S.-", "observac_1": null, "barrio": "NUEVO MANTA", "parroquia_": 2, "barrio_id": 340, "proceso": 0, "fecha_regi": null, "activo_cat": "SI", "desactivad": 0, "avaluo_rem": 0.0, "avaluo_r_1": 0.0, "clasificac": "GENERAL", "anio_deuda": 2024, "deuda": 4.64, "valor_ip": 0.0, "coactiva": null, "ficharegis": 84039, "etam": 0.071470518, "diferencia": 0.014644228, "porc_difer": 7.48032e-05, "admisible": 1, "deuda_anio": 2.52, "2019_csv_c": null, "clavecat_1": null, "2021__csv_": null, "2021__csv1": null, "Clavepre": "5-02-23-02-000", "RESOLUCION": "582-01-12-2022", "ORIG_FID": 217 }, "geometry": { "type": "Point", "coordinates": [ -80.746096176047899, -0.9805732783283 ] } },
{ "type": "Feature", "properties": { "id": 101969, "lote_id": 100878, "clavecatas": "5-02-23-07-000", "zona": "5", "sector": "02", "manzana": "23", "lote": "07", "ph": "000", "propietari": "ALVIA MURILLO DOLORES MONSERRATE", "documentop": "1309296596", "direccion": "SECTOR NUEVO MANTA , MZ N4- LOTE 07 , CALLE N5", "area_m2": 191.15, "frente_uti": 10.0, "frente_tot": 10.0, "avaluo_con": 7896.0, "avaluo_sue": 9557.5, "zonaurbano": "URBANA", "parroquia": "MANTA", "esta_bloqu": "NO", "es_tercera": "NO", "tiene_elec": "SI", "tiene_agua": "SI", "tiene_alca": "NO", "observacio": "INGRESO PARA LEGALIZACIÓN MASIVA 25-05-2022 -SE ACTUALIZA INFORMACION CON ESCRITURA DE ADJ.CON PROH.DE ENAJ.INSCRITA EN EL REG.DE LA PROPIEDAD 06/13/2023 Y.C.S.-", "observac_1": null, "barrio": "NUEVO MANTA", "parroquia_": 2, "barrio_id": 340, "proceso": 0, "fecha_regi": null, "activo_cat": "SI", "desactivad": 0, "avaluo_rem": 0.0, "avaluo_r_1": 0.0, "clasificac": "GENERAL", "anio_deuda": 0, "deuda": 0.0, "valor_ip": 0.0, "coactiva": null, "ficharegis": 83508, "etam": 0.0723290646, "diferencia": -0.0031239334, "porc_difer": -1.63428e-05, "admisible": 1, "deuda_anio": 0.0, "2019_csv_c": null, "clavecat_1": null, "2021__csv_": null, "2021__csv1": null, "Clavepre": "5-02-23-07-000", "RESOLUCION": "574-17-11-2022", "ORIG_FID": 218 }, "geometry": { "type": "Point", "coordinates": [ -80.745701799072151, -0.980790142708985 ] } },
{ "type": "Feature", "properties": { "id": 101971, "lote_id": 100883, "clavecatas": "5-02-23-09-000", "zona": "5", "sector": "02", "manzana": "23", "lote": "09", "ph": "000", "propietari": "GOBIERNO AUTONOMO DESCENTRALIZADO  MUNICIPAL MANTA .", "documentop": "1360000980001", "direccion": "SECTOR NUEVO MANTA , MZ N4- LOTE 09 , CALLE N5 Y CALLE N2", "area_m2": 374.32, "frente_uti": 19.64, "frente_tot": 38.24, "avaluo_con": 0.0, "avaluo_sue": 18716.0, "zonaurbano": "URBANA", "parroquia": "MANTA", "esta_bloqu": "NO", "es_tercera": "NO", "tiene_elec": "SI", "tiene_agua": "SI", "tiene_alca": "NO", "observacio": "INGRESO PARA LEGALIZACIÓN MASIVA 25-05-2022\r\n\r\n", "observac_1": null, "barrio": "NUEVO MANTA", "parroquia_": 2, "barrio_id": 340, "proceso": 0, "fecha_regi": null, "activo_cat": "SI", "desactivad": 0, "avaluo_rem": 0.0, "avaluo_r_1": 0.0, "clasificac": "POR LEGALIZAR", "anio_deuda": 0, "deuda": 0.0, "valor_ip": 0.0, "coactiva": null, "ficharegis": 0, "etam": 0.1550599854, "diferencia": -0.0299820986, "porc_difer": -8.00975e-05, "admisible": 1, "deuda_anio": 0.0, "2019_csv_c": null, "clavecat_1": null, "2021__csv_": null, "2021__csv1": null, "Clavepre": "5-02-23-09-000", "RESOLUCION": "573-17-11-2022", "ORIG_FID": 219 }, "geometry": { "type": "Point", "coordinates": [ -80.745505533334935, -0.980898358971235 ] } },
{ "type": "Feature", "properties": { "id": 101974, "lote_id": 100893, "clavecatas": "5-02-23-12-000", "zona": "5", "sector": "02", "manzana": "23", "lote": "12", "ph": "000", "propietari": "PALMA CEVALLOS SCARLETT SOFIA", "documentop": "1352816670", "direccion": "SECTOR NUEVO MANTA , MZ N4- LOTE 12 , CALLE N7", "area_m2": 200.0, "frente_uti": 10.0, "frente_tot": 10.0, "avaluo_con": 0.0, "avaluo_sue": 8100.0, "zonaurbano": "URBANA", "parroquia": "MANTA", "esta_bloqu": "NO", "es_tercera": "NO", "tiene_elec": "SI", "tiene_agua": "SI", "tiene_alca": "NO", "observacio": "INGRESO PARA LEGALIZACIÓN MASIVA 25-05-2022 -SE ACTUALIZA INFORMACION CON ESCRITURA DE ADJ.CON PROH.DE ENAJ.INSCRITA EN EL REG.DE LA PROPIEDAD 10/03/2023 Y.C.S.-", "observac_1": null, "barrio": "NUEVO MANTA", "parroquia_": 2, "barrio_id": 340, "proceso": 0, "fecha_regi": null, "activo_cat": "SI", "desactivad": 0, "avaluo_rem": 0.0, "avaluo_r_1": 0.0, "clasificac": "GENERAL", "anio_deuda": 2026, "deuda": 2.16, "valor_ip": 0.0, "coactiva": null, "ficharegis": 84215, "etam": 0.1414213562, "diferencia": 0.1432982791, "porc_difer": 0.0007164914, "admisible": 1, "deuda_anio": 0.0, "2019_csv_c": null, "clavecat_1": null, "2021__csv_": null, "2021__csv1": null, "Clavepre": "5-02-23-12-000", "RESOLUCION": "582-01-12-2022", "ORIG_FID": 220 }, "geometry": { "type": "Point", "coordinates": [ -80.745709118110412, -0.980987246880348 ] } },
{ "type": "Feature", "properties": { "id": 101978, "lote_id": 100897, "clavecatas": "5-02-23-16-000", "zona": "5", "sector": "02", "manzana": "23", "lote": "16", "ph": "000", "propietari": "SANCHEZ ALVIA GENESIS VALERIA", "documentop": "1351106255", "direccion": "SECTOR NUEVO MANTA , MZ N4- LOTE 16 , CALLE N7", "area_m2": 200.0, "frente_uti": 10.0, "frente_tot": 10.0, "avaluo_con": 299.88, "avaluo_sue": 8100.0, "zonaurbano": "URBANA", "parroquia": "MANTA", "esta_bloqu": "NO", "es_tercera": "NO", "tiene_elec": "SI", "tiene_agua": "SI", "tiene_alca": "NO", "observacio": "INGRESO PARA LEGALIZACIÓN MASIVA 26-05-2022 -SE ACTUALIZA INFORMACION CON ESCRITURA DE ADJ.CON PROH.DE ENAJ.INSCRITA EN EL REG.DE LA PROPIEDAD 06/21/2023 Y.C.S.-\r\n", "observac_1": null, "barrio": "NUEVO MANTA", "parroquia_": 2, "barrio_id": 340, "proceso": 0, "fecha_regi": null, "activo_cat": "SI", "desactivad": 0, "avaluo_rem": 0.0, "avaluo_r_1": 0.0, "clasificac": "GENERAL", "anio_deuda": 0, "deuda": 0.0, "valor_ip": 0.0, "coactiva": null, "ficharegis": 83567, "etam": 0.1414213562, "diferencia": -0.0031230292, "porc_difer": -1.56151e-05, "admisible": 1, "deuda_anio": 0.0, "2019_csv_c": null, "clavecat_1": null, "2021__csv_": null, "2021__csv1": null, "Clavepre": "5-02-23-16-000", "RESOLUCION": "582-01-12-2022", "ORIG_FID": 221 }, "geometry": { "type": "Point", "coordinates": [ -80.74602545133699, -0.980815216969282 ] } },
{ "type": "Feature", "properties": { "id": 101986, "lote_id": 101659, "clavecatas": "5-02-24-05-000", "zona": "5", "sector": "02", "manzana": "24", "lote": "05", "ph": "000", "propietari": "TORRES ALONZO LUIS VICENTE", "documentop": "0916835234", "direccion": "NUEVO MANTA VIA SAN JUAN MZ N3 LOTE 5", "area_m2": 555.97, "frente_uti": 29.5, "frente_tot": 29.5, "avaluo_con": 64352.4, "avaluo_sue": 27798.5, "zonaurbano": "URBANA", "parroquia": "MANTA", "esta_bloqu": "NO", "es_tercera": "NO", "tiene_elec": "SI", "tiene_agua": "NO", "tiene_alca": "NO", "observacio": "SE GENERA LA CLAVE PARA LEGALIZACION. ARQ ELVIS GILER. 4/04/2022. EN GESTIO LOTE LUIS LOPEZ 14/10/2022//-SE ACTUALIZA INFORMACION CON ESCRITURA DE ADJ.CON PROH.DE ENAJ.INSCRITA EN EL REG.DE LA PROPIEDAD 04/11/2023 Y.C.S.-", "observac_1": null, "barrio": "NUEVO MANTA", "parroquia_": 2, "barrio_id": 340, "proceso": 0, "fecha_regi": null, "activo_cat": "SI", "desactivad": 0, "avaluo_rem": 0.0, "avaluo_r_1": 0.0, "clasificac": "GENERAL", "anio_deuda": 0, "deuda": 0.0, "valor_ip": 0.0, "coactiva": null, "ficharegis": 82749, "etam": 0.1696423627, "diferencia": -0.0045391716, "porc_difer": -8.1644e-06, "admisible": 1, "deuda_anio": 0.0, "2019_csv_c": null, "clavecat_1": null, "2021__csv_": null, "2021__csv1": null, "Clavepre": "5-02-24-05-000", "RESOLUCION": "574-17-11-2022", "ORIG_FID": 222 }, "geometry": { "type": "Point", "coordinates": [ -80.74549012672145, -0.98039235706685 ] } },
{ "type": "Feature", "properties": { "id": 101987, "lote_id": 101660, "clavecatas": "5-02-24-06-000", "zona": "5", "sector": "02", "manzana": "24", "lote": "06", "ph": "000", "propietari": "TORRES ALONZO JENY BEATRIZ", "documentop": "1002537973", "direccion": "NUEVO MANTA VIA SAN JUAN MZ N3 LOTE 6", "area_m2": 394.06, "frente_uti": 39.8, "frente_tot": 39.8, "avaluo_con": 209.92, "avaluo_sue": 9575.66, "zonaurbano": "URBANA", "parroquia": "MANTA", "esta_bloqu": "NO", "es_tercera": "NO", "tiene_elec": "SI", "tiene_agua": "NO", "tiene_alca": "NO", "observacio": "SE GENERA LA CLAVE PARA LEGALIZACION. ARQ ELVIS GILER. 4/04/2022. EN GESTIO LOTE LUIS LOPEZ 14/10/2022//-SE ACTUALIZA INFORMACION CON ESCRITURA DE ADJ.CON PROH.DE ENAJ.INSCRITA EN EL REG.DE LA PROPIEDAD 06/22/2023 Y.C.S.-", "observac_1": null, "barrio": "NUEVO MANTA", "parroquia_": 2, "barrio_id": 340, "proceso": 0, "fecha_regi": null, "activo_cat": "SI", "desactivad": 0, "avaluo_rem": 0.0, "avaluo_r_1": 0.0, "clasificac": "GENERAL", "anio_deuda": 0, "deuda": 0.0, "valor_ip": 0.0, "coactiva": null, "ficharegis": 83602, "etam": 0.1511263099, "diferencia": -0.0079717312, "porc_difer": -2.02297e-05, "admisible": 1, "deuda_anio": 0.0, "2019_csv_c": null, "clavecat_1": null, "2021__csv_": null, "2021__csv1": null, "Clavepre": "5-02-24-06-000", "RESOLUCION": "582-01-12-2022", "ORIG_FID": 223 }, "geometry": { "type": "Point", "coordinates": [ -80.74529322544133, -0.980502257868485 ] } },
{ "type": "Feature", "properties": { "id": 101989, "lote_id": 101662, "clavecatas": "5-02-24-08-000", "zona": "5", "sector": "02", "manzana": "24", "lote": "08", "ph": "000", "propietari": "ZAMBRANO MACIAS ALBA MERCEDES", "documentop": "1305628537", "direccion": "NUEVO MANTA VIA SAN JUAN MZ N3 LOTE 8", "area_m2": 208.16, "frente_uti": 10.0, "frente_tot": 10.0, "avaluo_con": 159.94, "avaluo_sue": 8430.48, "zonaurbano": "URBANA", "parroquia": "MANTA", "esta_bloqu": "NO", "es_tercera": "NO", "tiene_elec": "SI", "tiene_agua": "NO", "tiene_alca": "NO", "observacio": "SE GENERA LA CLAVE PARA LEGALIZACION. ARQ ELVIS GILER. 4/04/2022. EN GESTIO LOTE LUIS LOPEZ 14/10/2022//-SE ACTUALIZA INFORMACION CON ESCRITURA DE ADJ.CON PROH.DE ENAJ.INSCRITA EN EL REG.DE LA PROPIEDAD 06/21/2023 Y.C.S.-", "observac_1": null, "barrio": "NUEVO MANTA", "parroquia_": 2, "barrio_id": 340, "proceso": 0, "fecha_regi": null, "activo_cat": "SI", "desactivad": 0, "avaluo_rem": 0.0, "avaluo_r_1": 0.0, "clasificac": "GENERAL", "anio_deuda": 2025, "deuda": 2.98, "valor_ip": 0.0, "coactiva": null, "ficharegis": 83560, "etam": 0.1386217433, "diferencia": 0.001457239, "porc_difer": 7.0006e-06, "admisible": 1, "deuda_anio": 1.45, "2019_csv_c": null, "clavecat_1": null, "2021__csv_": null, "2021__csv1": null, "Clavepre": "5-02-24-08-000", "RESOLUCION": "582-01-12-2022", "ORIG_FID": 224 }, "geometry": { "type": "Point", "coordinates": [ -80.745498296691068, -0.980593556366383 ] } },
{ "type": "Feature", "properties": { "id": 101990, "lote_id": 101663, "clavecatas": "5-02-24-09-000", "zona": "5", "sector": "02", "manzana": "24", "lote": "09", "ph": "000", "propietari": "VALLEJO MARTINEZ SONIA ELIZABETH", "documentop": "1713413860", "direccion": "NUEVO MANTA VIA SAN JUAN MZ N3 LOTE 9", "area_m2": 208.88, "frente_uti": 10.0, "frente_tot": 10.0, "avaluo_con": 374.85, "avaluo_sue": 8459.64, "zonaurbano": "URBANA", "parroquia": "MANTA", "esta_bloqu": "NO", "es_tercera": "NO", "tiene_elec": "SI", "tiene_agua": "NO", "tiene_alca": "NO", "observacio": "SE GENERA LA CLAVE PARA LEGALIZACION. ARQ ELVIS GILER. 4/04/2022. EN GESTIO LOTE LUIS LOPEZ 14/10/2022//-SE ACTUALIZA INFORMACION CON ESCRITURA DE ADJ.CON PROH.DE ENAJ.INSCRITA EN EL REG.DE LA PROPIEDAD 06/22/2023 Y.C.S.-", "observac_1": null, "barrio": "NUEVO MANTA", "parroquia_": 2, "barrio_id": 340, "proceso": 0, "fecha_regi": null, "activo_cat": "SI", "desactivad": 0, "avaluo_rem": 0.0, "avaluo_r_1": 0.0, "clasificac": "GENERAL", "anio_deuda": 2026, "deuda": 2.38, "valor_ip": 0.0, "coactiva": null, "ficharegis": 83607, "etam": 0.1383826255, "diferencia": -0.2025189939, "porc_difer": -0.0009695471, "admisible": 1, "deuda_anio": 0.0, "2019_csv_c": null, "clavecat_1": null, "2021__csv_": null, "2021__csv1": null, "Clavepre": "5-02-24-09-000", "RESOLUCION": "582-01-12-2022", "ORIG_FID": 225 }, "geometry": { "type": "Point", "coordinates": [ -80.745576801696998, -0.980549455816009 ] } },
{ "type": "Feature", "properties": { "id": 101992, "lote_id": 101665, "clavecatas": "5-02-24-11-000", "zona": "5", "sector": "02", "manzana": "24", "lote": "11", "ph": "000", "propietari": "RODRIGUEZ SUAREZ MONICA SARA", "documentop": "1310025588", "direccion": "NUEVO MANTA VIA SAN JUAN MZ N3 LOTE 11", "area_m2": 211.74, "frente_uti": 10.0, "frente_tot": 10.0, "avaluo_con": 359.86, "avaluo_sue": 8575.47, "zonaurbano": "URBANA", "parroquia": "MANTA", "esta_bloqu": "NO", "es_tercera": "NO", "tiene_elec": "SI", "tiene_agua": "NO", "tiene_alca": "NO", "observacio": "SE GENERA LA CLAVE PARA LEGALIZACION. ARQ ELVIS GILER. 4/04/2022. EN GESTIO LOTE LUIS LOPEZ 14/10/2022//SE ACTUALIZA INF CON ESCRITURA DE CVTA INSCRITA EN EL REG. DE LA PROPIEDAD. 07/09/2023 GGV", "observac_1": null, "barrio": "NUEVO MANTA", "parroquia_": 2, "barrio_id": 340, "proceso": 0, "fecha_regi": null, "activo_cat": "SI", "desactivad": 0, "avaluo_rem": 0.0, "avaluo_r_1": 0.0, "clasificac": "POR LEGALIZAR", "anio_deuda": 0, "deuda": 0.0, "valor_ip": 0.0, "coactiva": null, "ficharegis": 84024, "etam": 0.137444872, "diferencia": 0.0048247708, "porc_difer": 2.27863e-05, "admisible": 1, "deuda_anio": 0.0, "2019_csv_c": null, "clavecat_1": null, "2021__csv_": null, "2021__csv1": null, "Clavepre": "5-02-24-11-000", "RESOLUCION": "582-01-12-2022", "ORIG_FID": 226 }, "geometry": { "type": "Point", "coordinates": [ -80.745810275438828, -0.980418276850395 ] } },
{ "type": "Feature", "properties": { "id": 101996, "lote_id": 101671, "clavecatas": "5-02-25-01-000", "zona": "5", "sector": "02", "manzana": "25", "lote": "01", "ph": "000", "propietari": "GOBIERNO AUTONOMO DESCENTRALIZADO  MUNICIPAL MANTA .", "documentop": "1360000980001", "direccion": "NUEVO MANTA VIA SAN JUAN MZ N2 LOTE 1", "area_m2": 174.92, "frente_uti": 28.5, "frente_tot": 28.5, "avaluo_con": 0.0, "avaluo_sue": 8746.0, "zonaurbano": "URBANA", "parroquia": "MANTA", "esta_bloqu": "NO", "es_tercera": "NO", "tiene_elec": "SI", "tiene_agua": "NO", "tiene_alca": "NO", "observacio": "SE CREA LA CLAVE 5-02-25-01-000 POR SOLICITUD AUTORIZADA VIA CORREO ELECTRONICO AUTORIZADO POR LA ARQ. CANDHY ORDOÑEZ EN ATENCION AL TRAMITE DE DESLINDE PREDIAL NUEVO MANTA SOLICITADO POR LA ARQ. MA. ANGELICA DELGADO CON N° MTA-UGTT-MEM-230320221204, I", "observac_1": null, "barrio": "NUEVO MANTA", "parroquia_": 2, "barrio_id": 340, "proceso": 0, "fecha_regi": null, "activo_cat": "SI", "desactivad": 0, "avaluo_rem": 0.0, "avaluo_r_1": 0.0, "clasificac": "POR LEGALIZAR", "anio_deuda": 0, "deuda": 0.0, "valor_ip": 0.0, "coactiva": null, "ficharegis": 0, "etam": 0.0756101789, "diferencia": -0.1033019832, "porc_difer": -0.000590567, "admisible": 1, "deuda_anio": 0.0, "2019_csv_c": null, "clavecat_1": null, "2021__csv_": null, "2021__csv1": null, "Clavepre": "5-02-25-01-000", "RESOLUCION": "573-17-11-2022", "ORIG_FID": 227 }, "geometry": { "type": "Point", "coordinates": [ -80.745910660501991, -0.979855632645827 ] } },
{ "type": "Feature", "properties": { "id": 101997, "lote_id": 101672, "clavecatas": "5-02-25-02-000", "zona": "5", "sector": "02", "manzana": "25", "lote": "02", "ph": "000", "propietari": "GOBIERNO AUTONOMO DESCENTRALIZADO  MUNICIPAL MANTA .", "documentop": "1360000980001", "direccion": "NUEVO MANTA VIA SAN JUAN MZ N2 LOTE 2", "area_m2": 565.94, "frente_uti": 49.62, "frente_tot": 49.62, "avaluo_con": 0.0, "avaluo_sue": 28297.0, "zonaurbano": "URBANA", "parroquia": "MANTA", "esta_bloqu": "NO", "es_tercera": "NO", "tiene_elec": "SI", "tiene_agua": "NO", "tiene_alca": "NO", "observacio": "SE CREA LA CLAVE 5-02-25-01-000 POR SOLICITUD AUTORIZADA VIA CORREO ELECTRONICO AUTORIZADO POR LA ARQ. CANDHY ORDOÑEZ EN ATENCION AL TRAMITE DE DESLINDE PREDIAL NUEVO MANTA SOLICITADO POR LA ARQ. MA. ANGELICA DELGADO CON N° MTA-UGTT-MEM-230320221204, I", "observac_1": null, "barrio": "NUEVO MANTA", "parroquia_": 2, "barrio_id": 340, "proceso": 0, "fecha_regi": null, "activo_cat": "SI", "desactivad": 0, "avaluo_rem": 0.0, "avaluo_r_1": 0.0, "clasificac": "POR LEGALIZAR", "anio_deuda": 0, "deuda": 0.0, "valor_ip": 0.0, "coactiva": null, "ficharegis": 0, "etam": 0.168141453, "diferencia": 0.0962336692, "porc_difer": 0.0001700422, "admisible": 1, "deuda_anio": 0.0, "2019_csv_c": null, "clavecat_1": null, "2021__csv_": null, "2021__csv1": null, "Clavepre": "5-02-25-02-000", "RESOLUCION": "573-17-11-2022", "ORIG_FID": 228 }, "geometry": { "type": "Point", "coordinates": [ -80.745751882417522, -0.979739270699837 ] } },
{ "type": "Feature", "properties": { "id": 101998, "lote_id": 101673, "clavecatas": "5-02-25-03-000", "zona": "5", "sector": "02", "manzana": "25", "lote": "03", "ph": "000", "propietari": "MERO DELGADO DOLORES MONSERRATE", "documentop": "1306482405", "direccion": "NUEVO MANTA VIA SAN JUAN MZ N2 LOTE 3", "area_m2": 193.1, "frente_uti": 10.0, "frente_tot": 10.0, "avaluo_con": 0.0, "avaluo_sue": 9655.0, "zonaurbano": "URBANA", "parroquia": "MANTA", "esta_bloqu": "NO", "es_tercera": "NO", "tiene_elec": "SI", "tiene_agua": "NO", "tiene_alca": "NO", "observacio": "SE CREA LA CLAVE 5-02-25-01-000 POR SOLICITUD AUTORIZADA VIA CORREO ELECTRONICO AUTORIZADO POR LA ARQ. CANDHY ORDOÑEZ EN ATENCION AL TRAMITE DE DESLINDE PREDIAL NUEVO MANTA SOLICITADO POR LA ARQ. MA. ANGELICA DELGADO CON N° MTA-UGTT-MEM-230320221204, I", "observac_1": null, "barrio": "NUEVO MANTA", "parroquia_": 2, "barrio_id": 340, "proceso": 0, "fecha_regi": null, "activo_cat": "SI", "desactivad": 0, "avaluo_rem": 0.0, "avaluo_r_1": 0.0, "clasificac": "POR LEGALIZAR", "anio_deuda": 0, "deuda": 0.0, "valor_ip": 0.0, "coactiva": null, "ficharegis": 83145, "etam": 0.0719629342, "diferencia": -0.0074890977, "porc_difer": -3.87835e-05, "admisible": 1, "deuda_anio": 0.0, "2019_csv_c": null, "clavecat_1": null, "2021__csv_": null, "2021__csv1": null, "Clavepre": "5-02-25-03-000", "RESOLUCION": "574-17-11-2022", "ORIG_FID": 229 }, "geometry": { "type": "Point", "coordinates": [ -80.74551581498784, -0.979871339046692 ] } },
{ "type": "Feature", "properties": { "id": 101999, "lote_id": 101674, "clavecatas": "5-02-25-04-000", "zona": "5", "sector": "02", "manzana": "25", "lote": "04", "ph": "000", "propietari": "LOPEZ RODRIGUEZ HECTOR IVAN", "documentop": "1308504347", "direccion": "NUEVO MANTA VIA SAN JUAN MZ N2 LOTE 4", "area_m2": 198.78, "frente_uti": 10.2, "frente_tot": 10.2, "avaluo_con": 91.8, "avaluo_sue": 9939.0, "zonaurbano": "URBANA", "parroquia": "MANTA", "esta_bloqu": "NO", "es_tercera": "NO", "tiene_elec": "SI", "tiene_agua": "NO", "tiene_alca": "NO", "observacio": "SE CREA LA CLAVE 5-02-25-01-000 POR SOLICITUD AUTORIZADA VIA CORREO ELECTRONICO AUTORIZADO POR LA ARQ. CANDHY ORDOÑEZ EN ATENCION AL TRAMITE DE DESLINDE PREDIAL NUEVO MANTA SOLICITADO POR LA ARQ. MA. ANGELICA DELGADO CON N° MTA-UGTT-MEM-230320221204, I", "observac_1": null, "barrio": "NUEVO MANTA", "parroquia_": 2, "barrio_id": 340, "proceso": 0, "fecha_regi": null, "activo_cat": "SI", "desactivad": 0, "avaluo_rem": 0.0, "avaluo_r_1": 0.0, "clasificac": "GENERAL", "anio_deuda": 2024, "deuda": 7.47, "valor_ip": 0.0, "coactiva": null, "ficharegis": 83192, "etam": 0.0709273374, "diferencia": 0.0011902206, "porc_difer": 5.9876e-06, "admisible": 1, "deuda_anio": 4.28, "2019_csv_c": null, "clavecat_1": null, "2021__csv_": null, "2021__csv1": null, "Clavepre": "5-02-25-04-000", "RESOLUCION": "574-17-11-2022", "ORIG_FID": 230 }, "geometry": { "type": "Point", "coordinates": [ -80.745436193804608, -0.97991610399001 ] } },
{ "type": "Feature", "properties": { "id": 102000, "lote_id": 101676, "clavecatas": "5-02-25-05-000", "zona": "5", "sector": "02", "manzana": "25", "lote": "05", "ph": "000", "propietari": "PIHUAVE MENDOZA ULBIO RENE", "documentop": "1310170566", "direccion": "NUEVO MANTA VIA SAN JUAN MZ N2 LOTE 5", "area_m2": 188.63, "frente_uti": 9.8, "frente_tot": 9.8, "avaluo_con": 7392.0, "avaluo_sue": 7639.52, "zonaurbano": "URBANA", "parroquia": "MANTA", "esta_bloqu": "NO", "es_tercera": "NO", "tiene_elec": "SI", "tiene_agua": "NO", "tiene_alca": "NO", "observacio": "SE CREA LA CLAVE 5-02-25-01-000 POR SOLICITUD AUTORIZADA VIA CORREO ELECTRONICO AUTORIZADO POR LA ARQ. CANDHY ORDOÑEZ EN ATENCION AL TRAMITE DE DESLINDE PREDIAL NUEVO MANTA SOLICITADO POR LA ARQ. MA. ANGELICA DELGADO CON N° MTA-UGTT-MEM-230320221204, I", "observac_1": null, "barrio": "NUEVO MANTA", "parroquia_": 2, "barrio_id": 340, "proceso": 0, "fecha_regi": null, "activo_cat": "SI", "desactivad": 0, "avaluo_rem": 0.0, "avaluo_r_1": 0.0, "clasificac": "GENERAL", "anio_deuda": 0, "deuda": 0.0, "valor_ip": 0.0, "coactiva": null, "ficharegis": 83637, "etam": 0.0728106013, "diferencia": -0.000223212, "porc_difer": -1.1833e-06, "admisible": 1, "deuda_anio": 0.0, "2019_csv_c": null, "clavecat_1": null, "2021__csv_": null, "2021__csv1": null, "Clavepre": "5-02-25-05-000", "RESOLUCION": "582-01-12-2022", "ORIG_FID": 231 }, "geometry": { "type": "Point", "coordinates": [ -80.745356968974733, -0.979959792567263 ] } },
{ "type": "Feature", "properties": { "id": 102006, "lote_id": 101683, "clavecatas": "5-02-25-11-000", "zona": "5", "sector": "02", "manzana": "25", "lote": "11", "ph": "000", "propietari": "GOBIERNO AUTONOMO DESCENTRALIZADO  MUNICIPAL MANTA .", "documentop": "1360000980001", "direccion": "NUEVO MANTA VIA SAN JUAN MZ N2 LOTE 11", "area_m2": 200.0, "frente_uti": 10.0, "frente_tot": 10.0, "avaluo_con": 0.0, "avaluo_sue": 10000.0, "zonaurbano": "URBANA", "parroquia": "MANTA", "esta_bloqu": "NO", "es_tercera": "NO", "tiene_elec": "SI", "tiene_agua": "NO", "tiene_alca": "NO", "observacio": "SE CREA LA CLAVE 5-02-25-01-000 POR SOLICITUD AUTORIZADA VIA CORREO ELECTRONICO AUTORIZADO POR LA ARQ. CANDHY ORDOÑEZ EN ATENCION AL TRAMITE DE DESLINDE PREDIAL NUEVO MANTA SOLICITADO POR LA ARQ. MA. ANGELICA DELGADO CON N° MTA-UGTT-MEM-230320221204, I", "observac_1": null, "barrio": "NUEVO MANTA", "parroquia_": 2, "barrio_id": 340, "proceso": 0, "fecha_regi": null, "activo_cat": "SI", "desactivad": 0, "avaluo_rem": 0.0, "avaluo_r_1": 0.0, "clasificac": "POR LEGALIZAR", "anio_deuda": 0, "deuda": 0.0, "valor_ip": 0.0, "coactiva": null, "ficharegis": 0, "etam": 0.1414213562, "diferencia": 0.005690106, "porc_difer": 2.84505e-05, "admisible": 1, "deuda_anio": 0.0, "2019_csv_c": null, "clavecat_1": null, "2021__csv_": null, "2021__csv1": null, "Clavepre": "5-02-25-11-000", "RESOLUCION": "573-17-11-2022", "ORIG_FID": 232 }, "geometry": { "type": "Point", "coordinates": [ -80.745362896640472, -0.980158990496105 ] } },
{ "type": "Feature", "properties": { "id": 102007, "lote_id": 101685, "clavecatas": "5-02-25-12-000", "zona": "5", "sector": "02", "manzana": "25", "lote": "12", "ph": "000", "propietari": "REYES PICO ROSA MONSERRATE", "documentop": "1302146418", "direccion": "NUEVO MANTA VIA SAN JUAN MZ N2 LOTE 12", "area_m2": 196.0, "frente_uti": 9.8, "frente_tot": 9.8, "avaluo_con": 419.83, "avaluo_sue": 7938.0, "zonaurbano": "URBANA", "parroquia": "MANTA", "esta_bloqu": "NO", "es_tercera": "NO", "tiene_elec": "SI", "tiene_agua": "NO", "tiene_alca": "NO", "observacio": "SE CREA LA CLAVE 5-02-25-01-000 POR SOLICITUD AUTORIZADA VIA CORREO ELECTRONICO AUTORIZADO POR LA ARQ. CANDHY ORDOÑEZ EN ATENCION AL TRAMITE DE DESLINDE PREDIAL NUEVO MANTA SOLICITADO POR LA ARQ. MA. ANGELICA DELGADO CON N° MTA-UGTT-MEM-230320221204, I", "observac_1": null, "barrio": "NUEVO MANTA", "parroquia_": 2, "barrio_id": 340, "proceso": 0, "fecha_regi": null, "activo_cat": "SI", "desactivad": 0, "avaluo_rem": 0.0, "avaluo_r_1": 0.0, "clasificac": "GENERAL", "anio_deuda": 0, "deuda": 0.0, "valor_ip": 0.0, "coactiva": null, "ficharegis": 83893, "etam": 0.0714285714, "diferencia": -0.013686648, "porc_difer": -6.98298e-05, "admisible": 1, "deuda_anio": 0.0, "2019_csv_c": null, "clavecat_1": null, "2021__csv_": null, "2021__csv1": null, "Clavepre": "5-02-25-12-000", "RESOLUCION": "582-01-12-2022", "ORIG_FID": 233 }, "geometry": { "type": "Point", "coordinates": [ -80.745440918927073, -0.980115919592166 ] } },
{ "type": "Feature", "properties": { "id": 102020, "lote_id": 101649, "clavecatas": "5-02-26-09-000", "zona": "5", "sector": "02", "manzana": "26", "lote": "09", "ph": "000", "propietari": "GOBIERNO AUTONOMO DESCENTRALIZADO  MUNICIPAL MANTA .", "documentop": "1360000980001", "direccion": "NUEVO MANTA VIA SAN JUAN MZ N7 LOTE 9", "area_m2": 359.05, "frente_uti": 38.36, "frente_tot": 38.36, "avaluo_con": 0.0, "avaluo_sue": 17952.5, "zonaurbano": "URBANA", "parroquia": "MANTA", "esta_bloqu": "NO", "es_tercera": "NO", "tiene_elec": "SI", "tiene_agua": "NO", "tiene_alca": "NO", "observacio": "SE GENERA LA CLAVE PARA LEGALIZACION. ARQ ELVIS GILER. 4/04/2022. EN GESTIO LOTE LUIS LOPEZ 14/10/2022//", "observac_1": null, "barrio": "NUEVO MANTA", "parroquia_": 2, "barrio_id": 340, "proceso": 0, "fecha_regi": null, "activo_cat": "SI", "desactivad": 0, "avaluo_rem": 0.0, "avaluo_r_1": 0.0, "clasificac": "POR LEGALIZAR", "anio_deuda": 0, "deuda": 0.0, "valor_ip": 0.0, "coactiva": null, "ficharegis": 0, "etam": 0.1583229193, "diferencia": 0.0804661148, "porc_difer": 0.0002241084, "admisible": 1, "deuda_anio": 0.0, "2019_csv_c": null, "clavecat_1": null, "2021__csv_": null, "2021__csv1": null, "Clavepre": "5-02-26-09-000", "RESOLUCION": "573-17-11-2022", "ORIG_FID": 234 }, "geometry": { "type": "Point", "coordinates": [ -80.744070193729442, -0.980879718589369 ] } },
{ "type": "Feature", "properties": { "id": 102009, "lote_id": 101687, "clavecatas": "5-02-25-14-000", "zona": "5", "sector": "02", "manzana": "25", "lote": "14", "ph": "000", "propietari": "GOBIERNO AUTONOMO DESCENTRALIZADO  MUNICIPAL MANTA .", "documentop": "1360000980001", "direccion": "NUEVO MANTA VIA SAN JUAN MZ N2 LOTE 14", "area_m2": 214.42, "frente_uti": 10.7, "frente_tot": 10.7, "avaluo_con": 0.0, "avaluo_sue": 10721.0, "zonaurbano": "URBANA", "parroquia": "MANTA", "esta_bloqu": "NO", "es_tercera": "NO", "tiene_elec": "SI", "tiene_agua": "NO", "tiene_alca": "NO", "observacio": "SE CREA LA CLAVE 5-02-25-01-000 POR SOLICITUD AUTORIZADA VIA CORREO ELECTRONICO AUTORIZADO POR LA ARQ. CANDHY ORDOÑEZ EN ATENCION AL TRAMITE DE DESLINDE PREDIAL NUEVO MANTA SOLICITADO POR LA ARQ. MA. ANGELICA DELGADO CON N° MTA-UGTT-MEM-230320221204, I", "observac_1": null, "barrio": "NUEVO MANTA", "parroquia_": 2, "barrio_id": 340, "proceso": 0, "fecha_regi": null, "activo_cat": "SI", "desactivad": 0, "avaluo_rem": 0.0, "avaluo_r_1": 0.0, "clasificac": "POR LEGALIZAR", "anio_deuda": 0, "deuda": 0.0, "valor_ip": 0.0, "coactiva": null, "ficharegis": 0, "etam": 0.1365832208, "diferencia": 0.2628673851, "porc_difer": 0.0012259462, "admisible": 1, "deuda_anio": 0.0, "2019_csv_c": null, "clavecat_1": null, "2021__csv_": null, "2021__csv1": null, "Clavepre": "5-02-25-14-000", "RESOLUCION": "573-17-11-2022", "ORIG_FID": 235 }, "geometry": { "type": "Point", "coordinates": [ -80.74559933939598, -0.980028311708754 ] } },
{ "type": "Feature", "properties": { "id": 102011, "lote_id": 101689, "clavecatas": "5-02-25-16-000", "zona": "5", "sector": "02", "manzana": "25", "lote": "16", "ph": "000", "propietari": "CEVALLOS PARRALES JULISSA KARLA", "documentop": "1316257821", "direccion": "NUEVO MANTA VIA SAN JUAN MZ N2 LOTE 16", "area_m2": 194.98, "frente_uti": 9.5, "frente_tot": 9.5, "avaluo_con": 1102.5, "avaluo_sue": 7896.69, "zonaurbano": "URBANA", "parroquia": "MANTA", "esta_bloqu": "NO", "es_tercera": "NO", "tiene_elec": "SI", "tiene_agua": "NO", "tiene_alca": "NO", "observacio": "SE CREA LA CLAVE 5-02-25-01-000 POR SOLICITUD AUTORIZADA VIA CORREO ELECTRONICO AUTORIZADO POR LA ARQ. CANDHY ORDOÑEZ EN ATENCION AL TRAMITE DE DESLINDE PREDIAL NUEVO MANTA SOLICITADO POR LA ARQ. MA. ANGELICA DELGADO CON N° MTA-UGTT-MEM-230320221204, I", "observac_1": null, "barrio": "NUEVO MANTA", "parroquia_": 2, "barrio_id": 340, "proceso": 0, "fecha_regi": null, "activo_cat": "SI", "desactivad": 0, "avaluo_rem": 0.0, "avaluo_r_1": 0.0, "clasificac": "GENERAL", "anio_deuda": 2026, "deuda": 2.42, "valor_ip": 0.0, "coactiva": null, "ficharegis": 84269, "etam": 0.0716151601, "diferencia": -0.0023626528, "porc_difer": -1.21174e-05, "admisible": 1, "deuda_anio": 0.0, "2019_csv_c": null, "clavecat_1": null, "2021__csv_": null, "2021__csv1": null, "Clavepre": "5-02-25-16-000", "RESOLUCION": "582-01-12-2022", "ORIG_FID": 236 }, "geometry": { "type": "Point", "coordinates": [ -80.745837790348375, -0.979895977217246 ] } },
{ "type": "Feature", "properties": { "id": 102012, "lote_id": 101643, "clavecatas": "5-02-26-01-000", "zona": "5", "sector": "02", "manzana": "26", "lote": "01", "ph": "000", "propietari": "ZAMBRANO CEVALLOS LUIS YOVANNY", "documentop": "1308161189", "direccion": "NUEVO MANTA VIA SAN JUAN MZ N7 LOTE 1", "area_m2": 383.0, "frente_uti": 39.14, "frente_tot": 39.14, "avaluo_con": 0.0, "avaluo_sue": 15511.5, "zonaurbano": "URBANA", "parroquia": "MANTA", "esta_bloqu": "NO", "es_tercera": "NO", "tiene_elec": "SI", "tiene_agua": "NO", "tiene_alca": "NO", "observacio": "SE GENERA LA CLAVE PARA LEGALIZACION. ARQ ELVIS GILER. 4/04/2022. EN GESTIO LOTE LUIS LOPEZ 14/10/2022//-SE ACTUALIZA INFORMACION CON ESCRITURA DE ADJ.CON PROH.DE ENAJ.INSCRITA EN EL REG.DE LA PROPIEDAD 08/31/2023 Y.C.S.-", "observac_1": null, "barrio": "NUEVO MANTA", "parroquia_": 2, "barrio_id": 340, "proceso": 0, "fecha_regi": null, "activo_cat": "SI", "desactivad": 0, "avaluo_rem": 0.0, "avaluo_r_1": 0.0, "clasificac": "GENERAL", "anio_deuda": 0, "deuda": 0.0, "valor_ip": 0.0, "coactiva": null, "ficharegis": 83895, "etam": 0.1532928391, "diferencia": 0.0040281952, "porc_difer": 1.05175e-05, "admisible": 1, "deuda_anio": 0.0, "2019_csv_c": null, "clavecat_1": null, "2021__csv_": null, "2021__csv1": null, "Clavepre": "5-02-26-01-000", "RESOLUCION": "582-01-12-2022", "ORIG_FID": 237 }, "geometry": { "type": "Point", "coordinates": [ -80.744841973249365, -0.980246547827379 ] } },
{ "type": "Feature", "properties": { "id": 102013, "lote_id": 101644, "clavecatas": "5-02-26-02-000", "zona": "5", "sector": "02", "manzana": "26", "lote": "02", "ph": "000", "propietari": "DELGADO ESPINOZA CARLOS ALBERTO", "documentop": "1306117738", "direccion": "NUEVO MANTA VIA SAN JUAN MZ N7 LOTE 2", "area_m2": 191.71, "frente_uti": 10.0, "frente_tot": 10.0, "avaluo_con": 269.28, "avaluo_sue": 9585.5, "zonaurbano": "URBANA", "parroquia": "MANTA", "esta_bloqu": "NO", "es_tercera": "NO", "tiene_elec": "SI", "tiene_agua": "NO", "tiene_alca": "NO", "observacio": "SE GENERA LA CLAVE PARA LEGALIZACION. ARQ ELVIS GILER. 4/04/2022. EN GESTIO LOTE LUIS LOPEZ 14/10/2022//-SE ACTUALIZA INFORMACION CON ESCRITURA DE ADJ.CON PROH.DE ENAJ.INSCRITA EN EL REG.DE LA PROPIEDAD 05/09/2023 Y.C.S.-", "observac_1": null, "barrio": "NUEVO MANTA", "parroquia_": 2, "barrio_id": 340, "proceso": 0, "fecha_regi": null, "activo_cat": "SI", "desactivad": 0, "avaluo_rem": 0.0, "avaluo_r_1": 0.0, "clasificac": "GENERAL", "anio_deuda": 0, "deuda": 0.0, "valor_ip": 0.0, "coactiva": null, "ficharegis": 83181, "etam": 0.0722233479, "diferencia": -0.0025192456, "porc_difer": -1.31409e-05, "admisible": 1, "deuda_anio": 0.0, "2019_csv_c": null, "clavecat_1": null, "2021__csv_": null, "2021__csv1": null, "Clavepre": "5-02-26-02-000", "RESOLUCION": "574-17-11-2022", "ORIG_FID": 238 }, "geometry": { "type": "Point", "coordinates": [ -80.744723982345391, -0.980312166901871 ] } },
{ "type": "Feature", "properties": { "id": 102014, "lote_id": 101645, "clavecatas": "5-02-26-03-000", "zona": "5", "sector": "02", "manzana": "26", "lote": "03", "ph": "000", "propietari": "GOBIERNO AUTONOMO DESCENTRALIZADO  MUNICIPAL MANTA .", "documentop": "1360000980001", "direccion": "NUEVO MANTA VIA SAN JUAN MZ N7 LOTE 03", "area_m2": 191.85, "frente_uti": 10.0, "frente_tot": 10.0, "avaluo_con": 0.0, "avaluo_sue": 9592.5, "zonaurbano": "URBANA", "parroquia": "MANTA", "esta_bloqu": "NO", "es_tercera": "NO", "tiene_elec": "SI", "tiene_agua": "NO", "tiene_alca": "NO", "observacio": "SE GENERA LA CLAVE PARA LEGALIZACION. ARQ ELVIS GILER. 4/04/2022. EN GESTIO LOTE LUIS LOPEZ 14/10/2022//", "observac_1": null, "barrio": "NUEVO MANTA", "parroquia_": 2, "barrio_id": 340, "proceso": 0, "fecha_regi": null, "activo_cat": "SI", "desactivad": 0, "avaluo_rem": 0.0, "avaluo_r_1": 0.0, "clasificac": "POR LEGALIZAR", "anio_deuda": 0, "deuda": 0.0, "valor_ip": 0.0, "coactiva": null, "ficharegis": 0, "etam": 0.0721969911, "diferencia": -0.0060955821, "porc_difer": -3.17726e-05, "admisible": 1, "deuda_anio": 0.0, "2019_csv_c": null, "clavecat_1": null, "2021__csv_": null, "2021__csv1": null, "Clavepre": "5-02-26-03-000", "RESOLUCION": "573-17-11-2022", "ORIG_FID": 239 }, "geometry": { "type": "Point", "coordinates": [ -80.744645311981486, -0.98035591866798 ] } },
{ "type": "Feature", "properties": { "id": 102015, "lote_id": 101630, "clavecatas": "5-02-26-04-000", "zona": "5", "sector": "02", "manzana": "26", "lote": "04", "ph": "000", "propietari": "GOBIERNO AUTONOMO DESCENTRALIZADO  MUNICIPAL MANTA .", "documentop": "1360000980001", "direccion": "NUEVO MANTA VIA SAN JUAN MZ N7 LOTE 4", "area_m2": 384.15, "frente_uti": 20.0, "frente_tot": 20.0, "avaluo_con": 0.0, "avaluo_sue": 19207.5, "zonaurbano": "URBANA", "parroquia": "MANTA", "esta_bloqu": "NO", "es_tercera": "NO", "tiene_elec": "SI", "tiene_agua": "NO", "tiene_alca": "NO", "observacio": "SE GENERA LA CLAVE PARA LEGALIZACION. ARQ ELVIS GILER. 4/04/2022. EN GESTIO LOTE LUIS LOPEZ 14/10/2022//", "observac_1": null, "barrio": "NUEVO MANTA", "parroquia_": 2, "barrio_id": 340, "proceso": 0, "fecha_regi": null, "activo_cat": "SI", "desactivad": 0, "avaluo_rem": 0.0, "avaluo_r_1": 0.0, "clasificac": "POR LEGALIZAR", "anio_deuda": 0, "deuda": 0.0, "valor_ip": 0.0, "coactiva": null, "ficharegis": 0, "etam": 0.1530632167, "diferencia": 0.0042195898, "porc_difer": 1.09842e-05, "admisible": 1, "deuda_anio": 0.0, "2019_csv_c": null, "clavecat_1": null, "2021__csv_": null, "2021__csv1": null, "Clavepre": "5-02-26-04-000", "RESOLUCION": "573-17-11-2022", "ORIG_FID": 240 }, "geometry": { "type": "Point", "coordinates": [ -80.744527290583193, -0.980421554304081 ] } },
{ "type": "Feature", "properties": { "id": 102016, "lote_id": 101631, "clavecatas": "5-02-26-05-000", "zona": "5", "sector": "02", "manzana": "26", "lote": "05", "ph": "000", "propietari": "GOBIERNO AUTONOMO DESCENTRALIZADO  MUNICIPAL MANTA .", "documentop": "1360000980001", "direccion": "NUEVO MANTA VIA SAN JUAN MZ N7 LOTE 5", "area_m2": 385.55, "frente_uti": 9.3, "frente_tot": 9.3, "avaluo_con": 0.0, "avaluo_sue": 19277.5, "zonaurbano": "URBANA", "parroquia": "MANTA", "esta_bloqu": "NO", "es_tercera": "NO", "tiene_elec": "SI", "tiene_agua": "NO", "tiene_alca": "NO", "observacio": "SE GENERA LA CLAVE PARA LEGALIZACION. ARQ ELVIS GILER. 4/04/2022. EN GESTIO LOTE LUIS LOPEZ 14/10/2022//", "observac_1": null, "barrio": "NUEVO MANTA", "parroquia_": 2, "barrio_id": 340, "proceso": 0, "fecha_regi": null, "activo_cat": "SI", "desactivad": 0, "avaluo_rem": 0.0, "avaluo_r_1": 0.0, "clasificac": "POR LEGALIZAR", "anio_deuda": 0, "deuda": 0.0, "valor_ip": 0.0, "coactiva": null, "ficharegis": 0, "etam": 0.1527850642, "diferencia": -0.0086335456, "porc_difer": -2.23928e-05, "admisible": 1, "deuda_anio": 0.0, "2019_csv_c": null, "clavecat_1": null, "2021__csv_": null, "2021__csv1": null, "Clavepre": "5-02-26-05-000", "RESOLUCION": "573-17-11-2022", "ORIG_FID": 241 }, "geometry": { "type": "Point", "coordinates": [ -80.744369767910058, -0.980509133536616 ] } },
{ "type": "Feature", "properties": { "id": 102018, "lote_id": 101647, "clavecatas": "5-02-26-07-000", "zona": "5", "sector": "02", "manzana": "26", "lote": "07", "ph": "000", "propietari": "GOBIERNO AUTONOMO DESCENTRALIZADO  MUNICIPAL MANTA .", "documentop": "1360000980001", "direccion": "NUEVO MANTA VIA SAN JUAN MZ N7 LOTE 7", "area_m2": 385.58, "frente_uti": 20.0, "frente_tot": 20.0, "avaluo_con": 11088.0, "avaluo_sue": 15615.99, "zonaurbano": "URBANA", "parroquia": "MANTA", "esta_bloqu": "NO", "es_tercera": "NO", "tiene_elec": "SI", "tiene_agua": "NO", "tiene_alca": "NO", "observacio": "SE GENERA LA CLAVE PARA LEGALIZACION. ARQ ELVIS GILER. 4/04/2022. EN GESTIO LOTE LUIS LOPEZ 14/10/2022//", "observac_1": null, "barrio": "NUEVO MANTA", "parroquia_": 2, "barrio_id": 340, "proceso": 0, "fecha_regi": null, "activo_cat": "SI", "desactivad": 0, "avaluo_rem": 0.0, "avaluo_r_1": 0.0, "clasificac": "POR LEGALIZAR", "anio_deuda": 0, "deuda": 0.0, "valor_ip": 0.0, "coactiva": null, "ficharegis": 0, "etam": 0.1527791204, "diferencia": -0.0006769054, "porc_difer": -1.7556e-06, "admisible": 1, "deuda_anio": 0.0, "2019_csv_c": null, "clavecat_1": null, "2021__csv_": null, "2021__csv1": null, "Clavepre": "5-02-26-07-000", "RESOLUCION": "601-22-12-2022", "ORIG_FID": 242 }, "geometry": { "type": "Point", "coordinates": [ -80.744133597048005, -0.980640500909348 ] } },
{ "type": "Feature", "properties": { "id": 102019, "lote_id": 101648, "clavecatas": "5-02-26-08-000", "zona": "5", "sector": "02", "manzana": "26", "lote": "08", "ph": "000", "propietari": "ROLDAN REYES ALEXIS JOSHUE", "documentop": "1315993921", "direccion": "NUEVO MANTA VIA SAN JUAN MZ N7 LOTE 8", "area_m2": 331.39, "frente_uti": 36.1, "frente_tot": 36.1, "avaluo_con": 9856.0, "avaluo_sue": 13421.3, "zonaurbano": "URBANA", "parroquia": "MANTA", "esta_bloqu": "NO", "es_tercera": "NO", "tiene_elec": "SI", "tiene_agua": "NO", "tiene_alca": "NO", "observacio": "SE GENERA LA CLAVE PARA LEGALIZACION. ARQ ELVIS GILER. 4/04/2022. EN GESTIO LOTE LUIS LOPEZ 14/10/2022//-SE ACTUALIZA INFORMACION CON ESCRITURA DE ADJ.CON PROH.DE ENAJ.INSCRITA EN EL REG.DE LA PROPIEDAD 05/29/2023 Y.C.S.-", "observac_1": null, "barrio": "NUEVO MANTA", "parroquia_": 2, "barrio_id": 340, "proceso": 0, "fecha_regi": null, "activo_cat": "SI", "desactivad": 0, "avaluo_rem": 0.0, "avaluo_r_1": 0.0, "clasificac": "GENERAL", "anio_deuda": 0, "deuda": 0.0, "valor_ip": 0.0, "coactiva": null, "ficharegis": 83315, "etam": 0.1647978552, "diferencia": -0.089131731, "porc_difer": -0.0002689632, "admisible": 1, "deuda_anio": 0.0, "2019_csv_c": null, "clavecat_1": null, "2021__csv_": null, "2021__csv1": null, "Clavepre": "5-02-26-08-000", "RESOLUCION": "601-22-12-2022", "ORIG_FID": 243 }, "geometry": { "type": "Point", "coordinates": [ -80.743987739462469, -0.980722415626137 ] } },
{ "type": "Feature", "properties": { "id": 102021, "lote_id": 101650, "clavecatas": "5-02-26-10-000", "zona": "5", "sector": "02", "manzana": "26", "lote": "10", "ph": "000", "propietari": "GOBIERNO AUTONOMO DESCENTRALIZADO  MUNICIPAL MANTA .", "documentop": "1360000980001", "direccion": "NUEVO MANTA VIA SAN JUAN MZ N7 LOTE 10", "area_m2": 200.0, "frente_uti": 10.0, "frente_tot": 10.0, "avaluo_con": 0.0, "avaluo_sue": 10000.0, "zonaurbano": "URBANA", "parroquia": "MANTA", "esta_bloqu": "NO", "es_tercera": "NO", "tiene_elec": "SI", "tiene_agua": "NO", "tiene_alca": "NO", "observacio": "SE GENERA LA CLAVE PARA LEGALIZACION. ARQ ELVIS GILER. 4/04/2022. EN GESTIO LOTE LUIS LOPEZ 14/10/2022//", "observac_1": null, "barrio": "NUEVO MANTA", "parroquia_": 2, "barrio_id": 340, "proceso": 0, "fecha_regi": null, "activo_cat": "SI", "desactivad": 0, "avaluo_rem": 0.0, "avaluo_r_1": 0.0, "clasificac": "POR LEGALIZAR", "anio_deuda": 0, "deuda": 0.0, "valor_ip": 0.0, "coactiva": null, "ficharegis": 0, "etam": 0.1414213562, "diferencia": -0.0171213252, "porc_difer": -8.56066e-05, "admisible": 1, "deuda_anio": 0.0, "2019_csv_c": null, "clavecat_1": null, "2021__csv_": null, "2021__csv1": null, "Clavepre": "5-02-26-10-000", "RESOLUCION": "573-17-11-2022", "ORIG_FID": 244 }, "geometry": { "type": "Point", "coordinates": [ -80.744179776676248, -0.980817852703656 ] } },
{ "type": "Feature", "properties": { "id": 102022, "lote_id": 101651, "clavecatas": "5-02-26-11-000", "zona": "5", "sector": "02", "manzana": "26", "lote": "11", "ph": "000", "propietari": "GOBIERNO AUTONOMO DESCENTRALIZADO  MUNICIPAL MANTA .", "documentop": "1360000980001", "direccion": "NUEVO MANTA VIA SAN JUAN MZ N7 LOTE 11", "area_m2": 400.0, "frente_uti": 20.0, "frente_tot": 20.0, "avaluo_con": 0.0, "avaluo_sue": 20000.0, "zonaurbano": "URBANA", "parroquia": "MANTA", "esta_bloqu": "NO", "es_tercera": "NO", "tiene_elec": "NO", "tiene_agua": "NO", "tiene_alca": "NO", "observacio": "SE GENERA LA CLAVE PARA LEGALIZACION. ARQ ELVIS GILER. 4/04/2022. EN GESTIO LOTE LUIS LOPEZ 14/10/2022//", "observac_1": null, "barrio": "NUEVO MANTA", "parroquia_": 2, "barrio_id": 340, "proceso": 0, "fecha_regi": null, "activo_cat": "SI", "desactivad": 0, "avaluo_rem": 0.0, "avaluo_r_1": 0.0, "clasificac": "POR LEGALIZAR", "anio_deuda": 0, "deuda": 0.0, "valor_ip": 0.0, "coactiva": null, "ficharegis": 0, "etam": 0.15, "diferencia": 0.017120859, "porc_difer": 4.28021e-05, "admisible": 1, "deuda_anio": 0.0, "2019_csv_c": null, "clavecat_1": null, "2021__csv_": null, "2021__csv1": null, "Clavepre": "5-02-26-11-000", "RESOLUCION": "573-17-11-2022", "ORIG_FID": 245 }, "geometry": { "type": "Point", "coordinates": [ -80.744297738036039, -0.980752143033034 ] } },
{ "type": "Feature", "properties": { "id": 102023, "lote_id": 101652, "clavecatas": "5-02-26-12-000", "zona": "5", "sector": "02", "manzana": "26", "lote": "12", "ph": "000", "propietari": "MORALES REYES LUIS MANUEL", "documentop": "1315599520", "direccion": "NUEVO MANTA VIA SAN JUAN MZ N7 LOTE 12", "area_m2": 400.0, "frente_uti": 20.0, "frente_tot": 20.0, "avaluo_con": 0.0, "avaluo_sue": 16200.0, "zonaurbano": "URBANA", "parroquia": "MANTA", "esta_bloqu": "NO", "es_tercera": "NO", "tiene_elec": "SI", "tiene_agua": "NO", "tiene_alca": "NO", "observacio": "SE GENERA LA CLAVE PARA LEGALIZACION. ARQ ELVIS GILER. 4/04/2022. EN GESTIO LOTE LUIS LOPEZ 14/10/2022//SE ACTUALIZA INF CON ESCRITURA DE ADJUDICACION INSCRITA EN EL REG. DE LA PROPIEDAD. 08/09/2023 GGV", "observac_1": null, "barrio": "NUEVO MANTA", "parroquia_": 2, "barrio_id": 340, "proceso": 0, "fecha_regi": null, "activo_cat": "SI", "desactivad": 0, "avaluo_rem": 0.0, "avaluo_r_1": 0.0, "clasificac": "POR LEGALIZAR", "anio_deuda": 0, "deuda": 0.0, "valor_ip": 0.0, "coactiva": null, "ficharegis": 84023, "etam": 0.15, "diferencia": -0.2880289652, "porc_difer": -0.0007200724, "admisible": 1, "deuda_anio": 0.0, "2019_csv_c": null, "clavecat_1": null, "2021__csv_": null, "2021__csv1": null, "Clavepre": "5-02-26-12-000", "RESOLUCION": "582-01-12-2022", "ORIG_FID": 246 }, "geometry": { "type": "Point", "coordinates": [ -80.744455059616016, -0.980664475831713 ] } },
{ "type": "Feature", "properties": { "id": 102024, "lote_id": 101653, "clavecatas": "5-02-26-13-000", "zona": "5", "sector": "02", "manzana": "26", "lote": "13", "ph": "000", "propietari": "MERO BRAVO NELSON GASTON", "documentop": "1302546625", "direccion": "NUEVO MANTA VIA SAN JUAN MZ N7 LOTE 13", "area_m2": 400.0, "frente_uti": 20.0, "frente_tot": 20.0, "avaluo_con": 3752.0, "avaluo_sue": 14400.0, "zonaurbano": "URBANA", "parroquia": "MANTA", "esta_bloqu": "NO", "es_tercera": "SI", "tiene_elec": "SI", "tiene_agua": "NO", "tiene_alca": "NO", "observacio": "SE GENERA LA CLAVE PARA LEGALIZACION. ARQ ELVIS GILER. 4/04/2022. EN GESTIO LOTE LUIS LOPEZ 14/10/2022//SE ACTUALIZA INF EN BASE A ESCRITURA DE ADJUDICACION INSCRITA EN EL REG. DE LA PROPIEDAD. 21/01/2025 GGV", "observac_1": null, "barrio": "NUEVO MANTA", "parroquia_": 2, "barrio_id": 340, "proceso": 0, "fecha_regi": null, "activo_cat": "SI", "desactivad": 0, "avaluo_rem": 0.0, "avaluo_r_1": 0.0, "clasificac": "GENERAL", "anio_deuda": 2026, "deuda": 3.64, "valor_ip": 0.0, "coactiva": null, "ficharegis": 84026, "etam": 0.15, "diferencia": 0.0002089958, "porc_difer": 5.225e-07, "admisible": 1, "deuda_anio": 0.0, "2019_csv_c": null, "clavecat_1": null, "2021__csv_": null, "2021__csv1": null, "Clavepre": "5-02-26-13-000", "RESOLUCION": "574-17-11-2022", "ORIG_FID": 247 }, "geometry": { "type": "Point", "coordinates": [ -80.744612406060185, -0.980576845826407 ] } },
{ "type": "Feature", "properties": { "id": 102026, "lote_id": 101061, "clavecatas": "5-02-26-15-000", "zona": "5", "sector": "02", "manzana": "26", "lote": "15", "ph": "000", "propietari": "GONZALEZ REYES JAIME GERMAN", "documentop": "1302333735", "direccion": "NUEVO MANTA , MZ N7- LOTE 15, CALLE N2 Y CALLE N3", "area_m2": 400.0, "frente_uti": 20.0, "frente_tot": 40.0, "avaluo_con": 21000.96, "avaluo_sue": 18000.0, "zonaurbano": "URBANA", "parroquia": "MANTA", "esta_bloqu": "NO", "es_tercera": "SI", "tiene_elec": "SI", "tiene_agua": "SI", "tiene_alca": "NO", "observacio": "INGRESO PARA LEGALIZACIÓN MASIVA NUEVO MANTA SAN JUAN 25-05-2022 -SE ACTUALIZA INFORMACION CON ESCRITURA DE ADJ.CON PROH.DE ENAJ.INSCRITA EN EL REG.DE LA PROPIEDAD 04/14/2023 Y.C.S.-", "observac_1": null, "barrio": "NUEVO MANTA", "parroquia_": 2, "barrio_id": 340, "proceso": 0, "fecha_regi": null, "activo_cat": "SI", "desactivad": 0, "avaluo_rem": 0.0, "avaluo_r_1": 0.0, "clasificac": "GENERAL", "anio_deuda": 0, "deuda": 0.0, "valor_ip": 0.0, "coactiva": null, "ficharegis": 82761, "etam": 0.15, "diferencia": 0.0007783003, "porc_difer": 1.9458e-06, "admisible": 1, "deuda_anio": 0.0, "2019_csv_c": null, "clavecat_1": null, "2021__csv_": null, "2021__csv1": null, "Clavepre": "5-02-26-15-000", "RESOLUCION": "574-17-11-2022", "ORIG_FID": 248 }, "geometry": { "type": "Point", "coordinates": [ -80.744926964852752, -0.98040161098465 ] } },
{ "type": "Feature", "properties": { "id": 102027, "lote_id": 101626, "clavecatas": "5-02-27-01-000", "zona": "5", "sector": "02", "manzana": "27", "lote": "01", "ph": "000", "propietari": "DIAZ EMILES MARIA", "documentop": "0963196464", "direccion": "NUEVO MANTA VIA SAN JUAN MZ N6 LOTE 1", "area_m2": 208.3, "frente_uti": 30.3, "frente_tot": 30.3, "avaluo_con": 36590.4, "avaluo_sue": 10935.75, "zonaurbano": "URBANA", "parroquia": "MANTA", "esta_bloqu": "NO", "es_tercera": "NO", "tiene_elec": "SI", "tiene_agua": "SI", "tiene_alca": "NO", "observacio": "SE GENERA LA CLAVE PARA LEGALIZACION. ARQ ELVIS GILER. 4/04/2022. EN GESTIO LOTE LUIS LOPEZ 14/10/2022//-SE ACTUALIZA INFORMACION CON ESCRITURA DE ADJ.CON PROH.DE ENAJ.INSCRITA EN EL REG.DE LA PROPIEDAD 05/31/2023 Y.C.S.-", "observac_1": null, "barrio": "NUEVO MANTA", "parroquia_": 2, "barrio_id": 340, "proceso": 0, "fecha_regi": null, "activo_cat": "SI", "desactivad": 0, "avaluo_rem": 0.0, "avaluo_r_1": 0.0, "clasificac": "GENERAL", "anio_deuda": 0, "deuda": 0.0, "valor_ip": 0.0, "coactiva": null, "ficharegis": 83427, "etam": 0.1385751511, "diferencia": -0.0073948306, "porc_difer": -3.55009e-05, "admisible": 1, "deuda_anio": 0.0, "2019_csv_c": null, "clavecat_1": null, "2021__csv_": null, "2021__csv1": null, "Clavepre": "5-02-27-01-000", "RESOLUCION": "574-17-11-2022", "ORIG_FID": 249 }, "geometry": { "type": "Point", "coordinates": [ -80.74509341155705, -0.98061729685403 ] } },
{ "type": "Feature", "properties": { "id": 102028, "lote_id": 101627, "clavecatas": "5-02-27-02-000", "zona": "5", "sector": "02", "manzana": "27", "lote": "02", "ph": "000", "propietari": "TEJENA ZAMBRANO CARLOS VICENTE", "documentop": "1311542664", "direccion": "NUEVO MANTA VIA SAN JUAN MZ N6 LOTE 2", "area_m2": 195.27, "frente_uti": 10.0, "frente_tot": 10.0, "avaluo_con": 6336.0, "avaluo_sue": 7908.44, "zonaurbano": "URBANA", "parroquia": "MANTA", "esta_bloqu": "NO", "es_tercera": "NO", "tiene_elec": "SI", "tiene_agua": "NO", "tiene_alca": "NO", "observacio": "SE GENERA LA CLAVE PARA LEGALIZACION. ARQ ELVIS GILER. 4/04/2022. EN GESTIO LOTE LUIS LOPEZ 14/10/2022/-SE ACTUALIZA INFORMACION CON ESCRITURA DE ADJ.CON PROH.DE ENAJ.INSCRITA EN EL REG.DE LA PROPIEDAD 06/20/2023 Y.C.S.-", "observac_1": null, "barrio": "NUEVO MANTA", "parroquia_": 2, "barrio_id": 340, "proceso": 0, "fecha_regi": null, "activo_cat": "SI", "desactivad": 0, "avaluo_rem": 0.0, "avaluo_r_1": 0.0, "clasificac": "GENERAL", "anio_deuda": 2026, "deuda": 7.92, "valor_ip": 0.0, "coactiva": null, "ficharegis": 83543, "etam": 0.0715619616, "diferencia": -0.0030079085, "porc_difer": -1.54038e-05, "admisible": 1, "deuda_anio": 0.0, "2019_csv_c": null, "clavecat_1": null, "2021__csv_": null, "2021__csv1": null, "Clavepre": "5-02-27-02-000", "RESOLUCION": "574-17-11-2022", "ORIG_FID": 250 }, "geometry": { "type": "Point", "coordinates": [ -80.745012140362363, -0.980661928686868 ] } },
{ "type": "Feature", "properties": { "id": 102029, "lote_id": 101629, "clavecatas": "5-02-27-03-000", "zona": "5", "sector": "02", "manzana": "27", "lote": "03", "ph": "000", "propietari": "LUCAS MERO FLORA MARGARITA", "documentop": "1302594773", "direccion": "NUEVO MANTA VIA SAN JUAN MZ N6 LOTE 3", "area_m2": 194.05, "frente_uti": 10.0, "frente_tot": 10.0, "avaluo_con": 3168.0, "avaluo_sue": 6985.8, "zonaurbano": "URBANA", "parroquia": "MANTA", "esta_bloqu": "NO", "es_tercera": "SI", "tiene_elec": "SI", "tiene_agua": "NO", "tiene_alca": "NO", "observacio": "SE GENERA LA CLAVE PARA LEGALIZACION. ARQ ELVIS GILER. 4/04/2022. EN GESTIO LOTE LUIS LOPEZ 14/10/2022//-SE ACTUALIZA INFORMACION CON ESCRITURA DE ADJ.CON PROH.DE ENAJ.INSCRITA EN EL REG.DE LA PROPIEDAD 05/11/2023 Y.C.S.-", "observac_1": null, "barrio": "NUEVO MANTA", "parroquia_": 2, "barrio_id": 340, "proceso": 0, "fecha_regi": null, "activo_cat": "SI", "desactivad": 0, "avaluo_rem": 0.0, "avaluo_r_1": 0.0, "clasificac": "GENERAL", "anio_deuda": 0, "deuda": 0.0, "valor_ip": 0.0, "coactiva": null, "ficharegis": 83206, "etam": 0.0717865656, "diferencia": -0.0013393471, "porc_difer": -6.9021e-06, "admisible": 1, "deuda_anio": 0.0, "2019_csv_c": null, "clavecat_1": null, "2021__csv_": null, "2021__csv1": null, "Clavepre": "5-02-27-03-000", "RESOLUCION": "574-17-11-2022", "ORIG_FID": 251 }, "geometry": { "type": "Point", "coordinates": [ -80.7449332389657, -0.980705251590677 ] } },
{ "type": "Feature", "properties": { "id": 102031, "lote_id": 101693, "clavecatas": "5-02-27-05-000", "zona": "5", "sector": "02", "manzana": "27", "lote": "05", "ph": "000", "propietari": "GOBIERNO AUTONOMO DESCENTRALIZADO  MUNICIPAL MANTA .", "documentop": "1360000980001", "direccion": "NUEVO MANTA VIA SAN JUAN MZ N6 LOTE 5", "area_m2": 186.1, "frente_uti": 9.3, "frente_tot": 9.3, "avaluo_con": 0.0, "avaluo_sue": 9305.0, "zonaurbano": "URBANA", "parroquia": "MANTA", "esta_bloqu": "NO", "es_tercera": "NO", "tiene_elec": "SI", "tiene_agua": "NO", "tiene_alca": "NO", "observacio": "SE GENERA LA CLAVE PARA LEGALIZACION. ARQ ELVIS GILER. 4/04/2022.", "observac_1": null, "barrio": "NUEVO MANTA", "parroquia_": 2, "barrio_id": 340, "proceso": 0, "fecha_regi": null, "activo_cat": "SI", "desactivad": 0, "avaluo_rem": 0.0, "avaluo_r_1": 0.0, "clasificac": "POR LEGALIZAR", "anio_deuda": 0, "deuda": 0.0, "valor_ip": 0.0, "coactiva": null, "ficharegis": 0, "etam": 0.0733038548, "diferencia": -0.0018839184, "porc_difer": -1.01232e-05, "admisible": 1, "deuda_anio": 0.0, "2019_csv_c": null, "clavecat_1": null, "2021__csv_": null, "2021__csv1": null, "Clavepre": "5-02-27-05-000", "RESOLUCION": "573-17-11-2022", "ORIG_FID": 252 }, "geometry": { "type": "Point", "coordinates": [ -80.74469968705111, -0.980835942915229 ] } },
{ "type": "Feature", "properties": { "id": 102032, "lote_id": 101632, "clavecatas": "5-02-27-06-000", "zona": "5", "sector": "02", "manzana": "27", "lote": "06", "ph": "000", "propietari": "VERA MACIAS NELSON ZENON", "documentop": "1308141942", "direccion": "NUEVO MANTA VIA SAN JUAN MZ N6 LOTE 6", "area_m2": 385.09, "frente_uti": 20.0, "frente_tot": 20.0, "avaluo_con": 0.0, "avaluo_sue": 19254.5, "zonaurbano": "URBANA", "parroquia": "MANTA", "esta_bloqu": "NO", "es_tercera": "NO", "tiene_elec": "SI", "tiene_agua": "NO", "tiene_alca": "NO", "observacio": "SE GENERA LA CLAVE PARA LEGALIZACION. ARQ ELVIS GILER. 4/04/2022. EN GESTIO LOTE LUIS LOPEZ 14/10/2022//-SE ACTUALIZA INFORMACION CON ESCRITURA DE ADJ.CON PROH.DE ENAJ.INSCRITA EN EL REG.DE LA PROPIEDAD 04/14/2023 Y.C.S.-", "observac_1": null, "barrio": "NUEVO MANTA", "parroquia_": 2, "barrio_id": 340, "proceso": 0, "fecha_regi": null, "activo_cat": "SI", "desactivad": 0, "avaluo_rem": 0.0, "avaluo_r_1": 0.0, "clasificac": "GENERAL", "anio_deuda": 2025, "deuda": 13.9, "valor_ip": 0.0, "coactiva": null, "ficharegis": 82756, "etam": 0.1528762898, "diferencia": 0.0815348219, "porc_difer": 0.0002117293, "admisible": 1, "deuda_anio": 2.6, "2019_csv_c": null, "clavecat_1": null, "2021__csv_": null, "2021__csv1": null, "Clavepre": "5-02-27-06-000", "RESOLUCION": "574-17-11-2022", "ORIG_FID": 253 }, "geometry": { "type": "Point", "coordinates": [ -80.744582553628703, -0.980899807839746 ] } },
{ "type": "Feature", "properties": { "id": 102036, "lote_id": 101636, "clavecatas": "5-02-27-10-000", "zona": "5", "sector": "02", "manzana": "27", "lote": "10", "ph": "000", "propietari": "HOLGUIN LUCAS RAUL FRANCISCO", "documentop": "1304011651", "direccion": "NUEVO MANTA VIA SAN JUAN MZ N6 LOTE 10", "area_m2": 220.48, "frente_uti": 31.67, "frente_tot": 31.67, "avaluo_con": 6336.0, "avaluo_sue": 8929.44, "zonaurbano": "URBANA", "parroquia": "MANTA", "esta_bloqu": "NO", "es_tercera": "NO", "tiene_elec": "SI", "tiene_agua": "NO", "tiene_alca": "NO", "observacio": "SE GENERA LA CLAVE PARA LEGALIZACION. ARQ ELVIS GILER. 4/04/2022. EN GESTIO LOTE LUIS LOPEZ 14/10/2022//-SE ACTUALIZA INF CON ESCRITURA DE ADJUDICACION INSCRITA EN EL REG. DE LA PROPIEDAD. 02/05/2023 GGV", "observac_1": null, "barrio": "NUEVO MANTA", "parroquia_": 2, "barrio_id": 340, "proceso": 0, "fecha_regi": null, "activo_cat": "SI", "desactivad": 0, "avaluo_rem": 0.0, "avaluo_r_1": 0.0, "clasificac": "GENERAL", "anio_deuda": 0, "deuda": 0.0, "valor_ip": 0.0, "coactiva": null, "ficharegis": 83130, "etam": 0.1346931146, "diferencia": -0.0068375611, "porc_difer": -3.10122e-05, "admisible": 1, "deuda_anio": 0.0, "2019_csv_c": null, "clavecat_1": null, "2021__csv_": null, "2021__csv1": null, "Clavepre": "5-02-27-10-000", "RESOLUCION": "601-22-12-2022", "ORIG_FID": 254 }, "geometry": { "type": "Point", "coordinates": [ -80.744238262917051, -0.981291838291762 ] } },
{ "type": "Feature", "properties": { "id": 102037, "lote_id": 101637, "clavecatas": "5-02-27-11-000", "zona": "5", "sector": "02", "manzana": "27", "lote": "11", "ph": "000", "propietari": "REYES PICO JOSE MARIA", "documentop": "1303499725", "direccion": "NUEVO MANTA VIA SAN JUAN MZ N6 LOTE 11", "area_m2": 198.7, "frente_uti": 9.5, "frente_tot": 9.5, "avaluo_con": 3311.62, "avaluo_sue": 8047.35, "zonaurbano": "URBANA", "parroquia": "MANTA", "esta_bloqu": "NO", "es_tercera": "NO", "tiene_elec": "SI", "tiene_agua": "NO", "tiene_alca": "NO", "observacio": "SE GENERA LA CLAVE PARA LEGALIZACION. ARQ ELVIS GILER. 4/04/2022. EN GESTIO LOTE LUIS LOPEZ 14/10/2022//-SE ACTUALIZA INFORMACION CON ESCRITURA DE ADJ.CON PROH.DE ENAJ.INSCRITA EN EL REG.DE LA PROPIEDAD 06/13/2023 Y.C.S.-", "observac_1": null, "barrio": "NUEVO MANTA", "parroquia_": 2, "barrio_id": 340, "proceso": 0, "fecha_regi": null, "activo_cat": "SI", "desactivad": 0, "avaluo_rem": 0.0, "avaluo_r_1": 0.0, "clasificac": "GENERAL", "anio_deuda": 0, "deuda": 0.0, "valor_ip": 0.0, "coactiva": null, "ficharegis": 83509, "etam": 0.0709416142, "diferencia": 2.4638606488, "porc_difer": 0.0123999026, "admisible": 1, "deuda_anio": 0.0, "2019_csv_c": null, "clavecat_1": null, "2021__csv_": null, "2021__csv1": null, "Clavepre": "5-02-27-11-000", "RESOLUCION": "601-22-12-2022", "ORIG_FID": 255 }, "geometry": { "type": "Point", "coordinates": [ -80.744316330253028, -0.9812478626913 ] } },
{ "type": "Feature", "properties": { "id": 102038, "lote_id": 101638, "clavecatas": "5-02-27-12-000", "zona": "5", "sector": "02", "manzana": "27", "lote": "12", "ph": "000", "propietari": "VELASQUEZ VILLAFUERTE OSCAR OSWALDO", "documentop": "1307843647", "direccion": "NUEVO MANTA VIA SAN JUAN MZ N6 LOTE 12", "area_m2": 398.55, "frente_uti": 19.5, "frente_tot": 19.5, "avaluo_con": 11088.0, "avaluo_sue": 16141.28, "zonaurbano": "URBANA", "parroquia": "MANTA", "esta_bloqu": "NO", "es_tercera": "NO", "tiene_elec": "SI", "tiene_agua": "NO", "tiene_alca": "NO", "observacio": "SE GENERA LA CLAVE PARA LEGALIZACION. ARQ ELVIS GILER. 4/04/2022. EN GESTIO LOTE LUIS LOPEZ 14/10/2022//--SE ACTUALIZA INFORMACION CON ESCRITURA DE ADJ.CON PROH.DE ENAJ.INSCRITA EN EL REG.DE LA PROPIEDAD 24/04/2024 GGV", "observac_1": null, "barrio": "NUEVO MANTA", "parroquia_": 2, "barrio_id": 340, "proceso": 0, "fecha_regi": null, "activo_cat": "SI", "desactivad": 0, "avaluo_rem": 0.0, "avaluo_r_1": 0.0, "clasificac": "GENERAL", "anio_deuda": 2025, "deuda": 34.63, "valor_ip": 0.0, "coactiva": null, "ficharegis": 85764, "etam": 0.1502726164, "diferencia": -2.3666684769000002, "porc_difer": -0.0059381972, "admisible": 1, "deuda_anio": 16.85, "2019_csv_c": null, "clavecat_1": null, "2021__csv_": null, "2021__csv1": null, "Clavepre": "5-02-27-12-000", "RESOLUCION": "574-17-11-2022", "ORIG_FID": 256 }, "geometry": { "type": "Point", "coordinates": [ -80.744430612245324, -0.981187163241985 ] } },
{ "type": "Feature", "properties": { "id": 102039, "lote_id": 101639, "clavecatas": "5-02-27-13-000", "zona": "5", "sector": "02", "manzana": "27", "lote": "13", "ph": "000", "propietari": "GOBIERNO AUTONOMO DESCENTRALIZADO  MUNICIPAL MANTA .", "documentop": "1360000980001", "direccion": "NUEVO MANTA VIA SAN JUAN MZ N6 LOTE 13", "area_m2": 203.0, "frente_uti": 10.0, "frente_tot": 10.0, "avaluo_con": 0.0, "avaluo_sue": 10150.0, "zonaurbano": "URBANA", "parroquia": "MANTA", "esta_bloqu": "NO", "es_tercera": "NO", "tiene_elec": "SI", "tiene_agua": "NO", "tiene_alca": "NO", "observacio": "SE GENERA LA CLAVE PARA LEGALIZACION. ARQ ELVIS GILER. 4/04/2022. EN GESTIO LOTE LUIS LOPEZ 14/10/2022//", "observac_1": null, "barrio": "NUEVO MANTA", "parroquia_": 2, "barrio_id": 340, "proceso": 0, "fecha_regi": null, "activo_cat": "SI", "desactivad": 0, "avaluo_rem": 0.0, "avaluo_r_1": 0.0, "clasificac": "POR LEGALIZAR", "anio_deuda": 0, "deuda": 0.0, "valor_ip": 0.0, "coactiva": null, "ficharegis": 0, "etam": 0.1403724813, "diferencia": 0.0090351928, "porc_difer": 4.45083e-05, "admisible": 1, "deuda_anio": 0.0, "2019_csv_c": null, "clavecat_1": null, "2021__csv_": null, "2021__csv1": null, "Clavepre": "5-02-27-13-000", "RESOLUCION": "573-17-11-2022", "ORIG_FID": 257 }, "geometry": { "type": "Point", "coordinates": [ -80.744547429736556, -0.981123478708743 ] } },
{ "type": "Feature", "properties": { "id": 102040, "lote_id": 101640, "clavecatas": "5-02-27-14-000", "zona": "5", "sector": "02", "manzana": "27", "lote": "14", "ph": "000", "propietari": "URBINA MERA MARIA JOSE", "documentop": "1311515280", "direccion": "NUEVO MANTA VIA SAN JUAN MZ N6 LOTE 14", "area_m2": 203.0, "frente_uti": 10.0, "frente_tot": 10.0, "avaluo_con": 323.14, "avaluo_sue": 10150.0, "zonaurbano": "URBANA", "parroquia": "MANTA", "esta_bloqu": "NO", "es_tercera": "NO", "tiene_elec": "SI", "tiene_agua": "NO", "tiene_alca": "NO", "observacio": "SE GENERA LA CLAVE PARA LEGALIZACION. ARQ ELVIS GILER. 4/04/2022. EN GESTIO LOTE LUIS LOPEZ 14/10/2022//-SE ACTUALIZA INFORMACION CON ESCRITURA DE ADJ.CON PROH.DE ENAJ.INSCRITA EN EL REG.DE LA PROPIEDAD 04/14/2023 Y.C.S.-", "observac_1": null, "barrio": "NUEVO MANTA", "parroquia_": 2, "barrio_id": 340, "proceso": 0, "fecha_regi": null, "activo_cat": "SI", "desactivad": 0, "avaluo_rem": 0.0, "avaluo_r_1": 0.0, "clasificac": "GENERAL", "anio_deuda": 0, "deuda": 0.0, "valor_ip": 0.0, "coactiva": null, "ficharegis": 82750, "etam": 0.1403724813, "diferencia": 0.0090369379, "porc_difer": 4.45169e-05, "admisible": 1, "deuda_anio": 0.0, "2019_csv_c": null, "clavecat_1": null, "2021__csv_": null, "2021__csv1": null, "Clavepre": "5-02-27-14-000", "RESOLUCION": "574-17-11-2022", "ORIG_FID": 258 }, "geometry": { "type": "Point", "coordinates": [ -80.744626172003535, -0.981079857118735 ] } },
{ "type": "Feature", "properties": { "id": 102043, "lote_id": 101716, "clavecatas": "5-02-27-17-000", "zona": "5", "sector": "02", "manzana": "27", "lote": "17", "ph": "000", "propietari": "GOBIERNO AUTONOMO DESCENTRALIZADO  MUNICIPAL MANTA .", "documentop": "1360000980001", "direccion": "NUEVO MANTA , MZ N6- LOTE 17, CALLE N5", "area_m2": 203.0, "frente_uti": 10.0, "frente_tot": 10.0, "avaluo_con": 0.0, "avaluo_sue": 10150.0, "zonaurbano": "URBANA", "parroquia": "MANTA", "esta_bloqu": "NO", "es_tercera": "NO", "tiene_elec": "SI", "tiene_agua": "NO", "tiene_alca": "NO", "observacio": "SE CREA EL PRESENTE CÓDIGO CATASTRAL CON FINES DE LEGALIZACIÓN EN EL SECTOR NUEVO MANTA VÍA A SAN JUAN EN LA MANZANA N6 LOTE 17, MEDIANTE INFORME DEL SR. LUIS LÓPEZ", "observac_1": null, "barrio": "NUEVO MANTA", "parroquia_": 2, "barrio_id": 340, "proceso": 0, "fecha_regi": null, "activo_cat": "SI", "desactivad": 0, "avaluo_rem": 0.0, "avaluo_r_1": 0.0, "clasificac": "POR LEGALIZAR", "anio_deuda": 0, "deuda": 0.0, "valor_ip": 0.0, "coactiva": null, "ficharegis": 0, "etam": 0.1403724813, "diferencia": 0.0090218457, "porc_difer": 4.44426e-05, "admisible": 1, "deuda_anio": 0.0, "2019_csv_c": null, "clavecat_1": null, "2021__csv_": null, "2021__csv1": null, "Clavepre": "5-02-27-17-000", "RESOLUCION": "573-17-11-2022", "ORIG_FID": 259 }, "geometry": { "type": "Point", "coordinates": [ -80.744862398213812, -0.980948992649408 ] } },
{ "type": "Feature", "properties": { "id": 102044, "lote_id": 101717, "clavecatas": "5-02-27-18-000", "zona": "5", "sector": "02", "manzana": "27", "lote": "18", "ph": "000", "propietari": "ESPINOZA ANCHUNDIA MARIA PRISCILA", "documentop": "1313932707", "direccion": "NUEVO MANTA VIA SAN JUAN MZ N6 LOTE 18 CALLE N5", "area_m2": 198.94, "frente_uti": 9.8, "frente_tot": 9.8, "avaluo_con": 4435.2, "avaluo_sue": 8057.07, "zonaurbano": "URBANA", "parroquia": "MANTA", "esta_bloqu": "NO", "es_tercera": "NO", "tiene_elec": "SI", "tiene_agua": "NO", "tiene_alca": "NO", "observacio": "SE CREA EL PRESENTE CÓDIGO CATASTRAL CON FINES DE LEGALIZACIÓN EN EL SECTOR NUEVO MANTA VÍA A SAN JUAN EN LA MANZANA N6 LOTE 17, MEDIANTE INFORME DEL SR. LUIS LÓPEZ-SE ACTUALIZA INF CON ESCRITURA DE ADJUDICACION INSCRITA EN EL REG. DE LA PROPIEDAD. 0", "observac_1": null, "barrio": "NUEVO MANTA", "parroquia_": 2, "barrio_id": 340, "proceso": 0, "fecha_regi": null, "activo_cat": "SI", "desactivad": 0, "avaluo_rem": 0.0, "avaluo_r_1": 0.0, "clasificac": "GENERAL", "anio_deuda": 0, "deuda": 0.0, "valor_ip": 0.0, "coactiva": null, "ficharegis": 84021, "etam": 0.0708988096, "diferencia": 0.0088234524, "porc_difer": 4.43523e-05, "admisible": 1, "deuda_anio": 0.0, "2019_csv_c": null, "clavecat_1": null, "2021__csv_": null, "2021__csv1": null, "Clavepre": "5-02-27-18-000", "RESOLUCION": "574-17-11-2022", "ORIG_FID": 260 }, "geometry": { "type": "Point", "coordinates": [ -80.744940353053821, -0.980905807261311 ] } },
{ "type": "Feature", "properties": { "id": 102046, "lote_id": 101719, "clavecatas": "5-02-27-20-000", "zona": "5", "sector": "02", "manzana": "27", "lote": "20", "ph": "000", "propietari": "GOBIERNO AUTONOMO DESCENTRALIZADO  MUNICIPAL MANTA .", "documentop": "1360000980001", "direccion": "NUEVO MANTA VIA SAN JUAN MZ N6 LOTE 20 CALLE N2 Y CALLE N5", "area_m2": 416.04, "frente_uti": 40.8, "frente_tot": 40.8, "avaluo_con": 0.0, "avaluo_sue": 20802.0, "zonaurbano": "URBANA", "parroquia": "MANTA", "esta_bloqu": "NO", "es_tercera": "NO", "tiene_elec": "SI", "tiene_agua": "NO", "tiene_alca": "NO", "observacio": "SE CREA EL PRESENTE CÓDIGO CATASTRAL CON FINES DE LEGALIZACIÓN EN EL SECTOR NUEVO MANTA VÍA A SAN JUAN EN LA MANZANA N6 LOTE 17, MEDIANTE INFORME DEL SR. LUIS LÓPEZ", "observac_1": null, "barrio": "NUEVO MANTA", "parroquia_": 2, "barrio_id": 340, "proceso": 0, "fecha_regi": null, "activo_cat": "SI", "desactivad": 0, "avaluo_rem": 0.0, "avaluo_r_1": 0.0, "clasificac": "POR LEGALIZAR", "anio_deuda": 0, "deuda": 0.0, "valor_ip": 0.0, "coactiva": null, "ficharegis": 0, "etam": 0.1470800304, "diferencia": -0.0103774867, "porc_difer": -2.49435e-05, "admisible": 1, "deuda_anio": 0.0, "2019_csv_c": null, "clavecat_1": null, "2021__csv_": null, "2021__csv1": null, "Clavepre": "5-02-27-20-000", "RESOLUCION": "573-17-11-2022", "ORIG_FID": 261 }, "geometry": { "type": "Point", "coordinates": [ -80.745139543413231, -0.980796658916764 ] } },
{ "type": "Feature", "properties": { "id": 102048, "lote_id": 100870, "clavecatas": "5-02-28-02-000", "zona": "5", "sector": "02", "manzana": "28", "lote": "02", "ph": "000", "propietari": "GOBIERNO AUTONOMO DESCENTRALIZADO  MUNICIPAL MANTA ..", "documentop": "1360000980001", "direccion": "SECTOR NUEVO MANTA , MZ N5- LOTE 02, CALLE N5", "area_m2": 185.09, "frente_uti": 10.0, "frente_tot": 10.0, "avaluo_con": 0.0, "avaluo_sue": 9254.5, "zonaurbano": "URBANA", "parroquia": "MANTA", "esta_bloqu": "NO", "es_tercera": "NO", "tiene_elec": "SI", "tiene_agua": "SI", "tiene_alca": "NO", "observacio": "CREA CLAVE PARA PROCESO DE LEGALIZACIÓN - INF.ARQ. MICHAEL BERNARDO VERA. 01-04-2022.SE CORRIGE AREA Y MANZANA ARQ. LUPE LANDA 27/10/22", "observac_1": null, "barrio": "NUEVO MANTA", "parroquia_": 2, "barrio_id": 340, "proceso": 0, "fecha_regi": null, "activo_cat": "SI", "desactivad": 0, "avaluo_rem": 0.0, "avaluo_r_1": 0.0, "clasificac": "POR LEGALIZAR", "anio_deuda": 0, "deuda": 0.0, "valor_ip": 0.0, "coactiva": null, "ficharegis": 0, "etam": 0.0735035851, "diferencia": -0.0045278821, "porc_difer": -2.44631e-05, "admisible": 1, "deuda_anio": 0.0, "2019_csv_c": null, "clavecat_1": null, "2021__csv_": null, "2021__csv1": null, "Clavepre": "5-02-28-02-000", "RESOLUCION": "573-17-11-2022", "ORIG_FID": 262 }, "geometry": { "type": "Point", "coordinates": [ -80.745141117947099, -0.981098233491142 ] } },
{ "type": "Feature", "properties": { "id": 102050, "lote_id": 100873, "clavecatas": "5-02-28-04-000", "zona": "5", "sector": "02", "manzana": "28", "lote": "04", "ph": "000", "propietari": "GOBIERNO AUTONOMO DESCENTRALIZADO  MUNICIPAL MANTA .", "documentop": "1360000980001", "direccion": "SECTOR NUEVO MANTA , MZ N5- LOTE 04 , CALLE N5", "area_m2": 183.45, "frente_uti": 10.0, "frente_tot": 10.0, "avaluo_con": 0.0, "avaluo_sue": 9172.5, "zonaurbano": "URBANA", "parroquia": "MANTA", "esta_bloqu": "NO", "es_tercera": "NO", "tiene_elec": "SI", "tiene_agua": "SI", "tiene_alca": "NO", "observacio": "INGRESO PARA LEGALIZACIÓN MASIVA 25-05-2022 SE CORRIGE AREA Y MANZANA ARQ. LUPE LANDA 27/10/22", "observac_1": null, "barrio": "NUEVO MANTA", "parroquia_": 2, "barrio_id": 340, "proceso": 0, "fecha_regi": null, "activo_cat": "SI", "desactivad": 0, "avaluo_rem": 0.0, "avaluo_r_1": 0.0, "clasificac": "POR LEGALIZAR", "anio_deuda": 0, "deuda": 0.0, "valor_ip": 0.0, "coactiva": null, "ficharegis": 0, "etam": 0.0738314065, "diferencia": -0.007551321, "porc_difer": -4.11628e-05, "admisible": 1, "deuda_anio": 0.0, "2019_csv_c": null, "clavecat_1": null, "2021__csv_": null, "2021__csv1": null, "Clavepre": "5-02-28-04-000", "RESOLUCION": "573-17-11-2022", "ORIG_FID": 263 }, "geometry": { "type": "Point", "coordinates": [ -80.744985249322028, -0.981183762302312 ] } },
{ "type": "Feature", "properties": { "id": 102051, "lote_id": 100874, "clavecatas": "5-02-28-05-000", "zona": "5", "sector": "02", "manzana": "28", "lote": "05", "ph": "000", "propietari": "TELLO QUIJIJE MARIA MERCEDES", "documentop": "1312520529", "direccion": "SECTOR NUEVO MANTA , MZ N5- LOTE 05 , CALLE N5", "area_m2": 182.73, "frente_uti": 10.0, "frente_tot": 10.0, "avaluo_con": 13896.96, "avaluo_sue": 7400.57, "zonaurbano": "URBANA", "parroquia": "MANTA", "esta_bloqu": "NO", "es_tercera": "NO", "tiene_elec": "SI", "tiene_agua": "SI", "tiene_alca": "NO", "observacio": "INGRESO PARA LEGALIZACIÓN MASIVA 25-05-2022 SE CORRIGE AREA Y MANZANA ARQ. LUPE LANDA 27/10/22 -SE ACTUALIZA INFORMACION CON ESCRITURA DE ADJ.CON PROH.DE ENAJ.INSCRITA EN EL REG.DE LA PROPIEDAD 04/14/2023 Y.C.S.-", "observac_1": null, "barrio": "NUEVO MANTA", "parroquia_": 2, "barrio_id": 340, "proceso": 0, "fecha_regi": null, "activo_cat": "SI", "desactivad": 0, "avaluo_rem": 0.0, "avaluo_r_1": 0.0, "clasificac": "GENERAL", "anio_deuda": 0, "deuda": 0.0, "valor_ip": 0.0, "coactiva": null, "ficharegis": 82751, "etam": 0.0739767202, "diferencia": -0.0061799268, "porc_difer": -3.382e-05, "admisible": 1, "deuda_anio": 0.0, "2019_csv_c": null, "clavecat_1": null, "2021__csv_": null, "2021__csv1": null, "Clavepre": "5-02-28-05-000", "RESOLUCION": "574-17-11-2022", "ORIG_FID": 264 }, "geometry": { "type": "Point", "coordinates": [ -80.744906355611363, -0.981227076031232 ] } },
{ "type": "Feature", "properties": { "id": 102054, "lote_id": 100879, "clavecatas": "5-02-28-08-000", "zona": "5", "sector": "02", "manzana": "28", "lote": "08", "ph": "000", "propietari": "ALONZO CHAVEZ ANA MERCEDES", "documentop": "1306781079", "direccion": "SECTOR NUEVO MANTA , MZ N5- LOTE 08, CALLE N5", "area_m2": 355.5, "frente_uti": 20.0, "frente_tot": 20.0, "avaluo_con": 7693.31, "avaluo_sue": 14397.75, "zonaurbano": "URBANA", "parroquia": "MANTA", "esta_bloqu": "NO", "es_tercera": "NO", "tiene_elec": "SI", "tiene_agua": "SI", "tiene_alca": "NO", "observacio": "INGRESO PARA LEGALIZACIÓN MASIVA 25-05-2022. SE CORRIGE AREA Y MANZANA ARQ. LUPE LANDA 27/10/22-SE ACTUALIZA INF CON ESCRITURA DE ADJUDICACION INSCRITA EN EL REG. DE LA PROPIEDAD. 12/06/2024 GGV", "observac_1": null, "barrio": "NUEVO MANTA", "parroquia_": 2, "barrio_id": 340, "proceso": 0, "fecha_regi": null, "activo_cat": "SI", "desactivad": 0, "avaluo_rem": 0.0, "avaluo_r_1": 0.0, "clasificac": "GENERAL", "anio_deuda": 0, "deuda": 0.0, "valor_ip": 0.0, "coactiva": null, "ficharegis": 86152, "etam": 0.1591114568, "diferencia": 0.0095609904, "porc_difer": 2.68945e-05, "admisible": 1, "deuda_anio": 0.0, "2019_csv_c": null, "clavecat_1": null, "2021__csv_": null, "2021__csv1": null, "Clavepre": "5-02-28-08-000", "RESOLUCION": "582-01-12-2022", "ORIG_FID": 265 }, "geometry": { "type": "Point", "coordinates": [ -80.744468881280312, -0.981467449469158 ] } },
{ "type": "Feature", "properties": { "id": 102055, "lote_id": 100881, "clavecatas": "5-02-28-09-000", "zona": "5", "sector": "02", "manzana": "28", "lote": "09", "ph": "000", "propietari": "ORDOÑEZ ALARCON WILSON FREDDY", "documentop": "1304299504", "direccion": "SECTOR NUEVO MANTA , MZ N5- LOTE 09, CALLE N5", "area_m2": 168.94, "frente_uti": 27.62, "frente_tot": 27.62, "avaluo_con": 271.8, "avaluo_sue": 8447.0, "zonaurbano": "URBANA", "parroquia": "MANTA", "esta_bloqu": "NO", "es_tercera": "NO", "tiene_elec": "SI", "tiene_agua": "SI", "tiene_alca": "NO", "observacio": "INGRESO PARA LEGALIZACIÓN MASIVA 25-05-2022 SE CORRIGE AREA Y MANZANA ARQ. LUPE LANDA 27/10/22.-SE ACTUALIZA INFORMACION CON ESCRITURA DE ADJ.CON PROH.DE ENAJ.INSCRITA EN EL REG.DE LA PROPIEDAD 04/14/2023 Y.C.S.-", "observac_1": null, "barrio": "NUEVO MANTA", "parroquia_": 2, "barrio_id": 340, "proceso": 0, "fecha_regi": null, "activo_cat": "SI", "desactivad": 0, "avaluo_rem": 0.0, "avaluo_r_1": 0.0, "clasificac": "GENERAL", "anio_deuda": 0, "deuda": 0.0, "valor_ip": 0.0, "coactiva": null, "ficharegis": 82760, "etam": 0.0769367355, "diferencia": -0.0072420138, "porc_difer": -4.28674e-05, "admisible": 1, "deuda_anio": 0.0, "2019_csv_c": null, "clavecat_1": null, "2021__csv_": null, "2021__csv1": null, "Clavepre": "5-02-28-09-000", "RESOLUCION": "574-17-11-2022", "ORIG_FID": 266 }, "geometry": { "type": "Point", "coordinates": [ -80.744352172568767, -0.981530176815177 ] } },
{ "type": "Feature", "properties": { "id": 102056, "lote_id": 100882, "clavecatas": "5-02-28-10-000", "zona": "5", "sector": "02", "manzana": "28", "lote": "10", "ph": "000", "propietari": "GOBIERNO AUTONOMO DESCENTRALIZADO  MUNICIPAL MANTA .", "documentop": "1360000980001", "direccion": "SECTOR NUEVO MANTA , MZ N5- LOTE 10, CALLE N7", "area_m2": 420.0, "frente_uti": 40.81, "frente_tot": 40.81, "avaluo_con": 0.0, "avaluo_sue": 21000.0, "zonaurbano": "URBANA", "parroquia": "MANTA", "esta_bloqu": "NO", "es_tercera": "NO", "tiene_elec": "SI", "tiene_agua": "SI", "tiene_alca": "NO", "observacio": "INGRESO PARA LEGALIZACIÓN MASIVA 25-05-2022 SE CORRIGE AREA Y MANZANA ARQ. LUPE LANDA 27/10/22.", "observac_1": null, "barrio": "NUEVO MANTA", "parroquia_": 2, "barrio_id": 340, "proceso": 0, "fecha_regi": null, "activo_cat": "SI", "desactivad": 0, "avaluo_rem": 0.0, "avaluo_r_1": 0.0, "clasificac": "POR LEGALIZAR", "anio_deuda": 0, "deuda": 0.0, "valor_ip": 0.0, "coactiva": null, "ficharegis": 0, "etam": 0.1463850109, "diferencia": 0.0065050897, "porc_difer": 1.54883e-05, "admisible": 1, "deuda_anio": 0.0, "2019_csv_c": null, "clavecat_1": null, "2021__csv_": null, "2021__csv1": null, "Clavepre": "5-02-28-10-000", "RESOLUCION": "573-17-11-2022", "ORIG_FID": 267 }, "geometry": { "type": "Point", "coordinates": [ -80.744473948697674, -0.981658778593036 ] } },
{ "type": "Feature", "properties": { "id": 102060, "lote_id": 100887, "clavecatas": "5-02-28-14-000", "zona": "5", "sector": "02", "manzana": "28", "lote": "14", "ph": "000", "propietari": "PALACIOS PARRAGA VANESSA MONSERRATE", "documentop": "1315719227", "direccion": "SECTOR NUEVO MANTA , MZ N5- LOTE 14, CALLE N7", "area_m2": 400.0, "frente_uti": 20.0, "frente_tot": 20.0, "avaluo_con": 623.22, "avaluo_sue": 20000.0, "zonaurbano": "URBANA", "parroquia": "MANTA", "esta_bloqu": "NO", "es_tercera": "NO", "tiene_elec": "SI", "tiene_agua": "SI", "tiene_alca": "NO", "observacio": "INGRESO PARA LEGALIZACIÓN MASIVA 25-05-2022 SE CORRIGE MANZANA ARQ. LUPE LANDA 27/10/22 -SE ACTUALIZA INFORMACION CON ESCRITURA DE ADJ.CON PROH.DE ENAJ.INSCRITA EN EL REG.DE LA PROPIEDAD 12/26/2023 Y.C.S.-", "observac_1": null, "barrio": "NUEVO MANTA", "parroquia_": 2, "barrio_id": 340, "proceso": 0, "fecha_regi": null, "activo_cat": "SI", "desactivad": 0, "avaluo_rem": 0.0, "avaluo_r_1": 0.0, "clasificac": "GENERAL", "anio_deuda": 2026, "deuda": 13.41, "valor_ip": 0.0, "coactiva": null, "ficharegis": 85186, "etam": 0.15, "diferencia": 1.29085e-05, "porc_difer": 3.23e-08, "admisible": 1, "deuda_anio": 0.0, "2019_csv_c": null, "clavecat_1": null, "2021__csv_": null, "2021__csv1": null, "Clavepre": "5-02-28-14-000", "RESOLUCION": "574-17-11-2022", "ORIG_FID": 268 }, "geometry": { "type": "Point", "coordinates": [ -80.744948541679349, -0.981400924988799 ] } },
{ "type": "Feature", "properties": { "id": 102063, "lote_id": 100891, "clavecatas": "5-02-28-17-000", "zona": "5", "sector": "02", "manzana": "28", "lote": "17", "ph": "000", "propietari": "SALTOS ROMERO MICHELLE ANDREINA", "documentop": "1350497218", "direccion": "SECTOR NUEVO MANTA , MZ N5- LOTE 17, CALLE N7", "area_m2": 434.91, "frente_uti": 42.0, "frente_tot": 42.0, "avaluo_con": 0.0, "avaluo_sue": 15656.76, "zonaurbano": "URBANA", "parroquia": "MANTA", "esta_bloqu": "NO", "es_tercera": "NO", "tiene_elec": "SI", "tiene_agua": "SI", "tiene_alca": "NO", "observacio": "INGRESO PARA LEGALIZACIÓN MASIVA 25-05-2022 SE CORRIGE AREA Y MANZANA ARQ. LUPE LANDA 27/10/22 -SE ACTUALIZA INFORMACION CON ESCRITURA DE ADJ.CON PROH.DE ENAJ.INSCRITA EN EL REG.DE LA PROPIEDAD 10/04/2023 Y.C.S.-", "observac_1": null, "barrio": "NUEVO MANTA", "parroquia_": 2, "barrio_id": 340, "proceso": 0, "fecha_regi": null, "activo_cat": "SI", "desactivad": 0, "avaluo_rem": 0.0, "avaluo_r_1": 0.0, "clasificac": "GENERAL", "anio_deuda": 0, "deuda": 0.0, "valor_ip": 0.0, "coactiva": null, "ficharegis": 84447, "etam": 0.1438538727, "diferencia": -0.008010062, "porc_difer": -1.84177e-05, "admisible": 1, "deuda_anio": 0.0, "2019_csv_c": null, "clavecat_1": null, "2021__csv_": null, "2021__csv1": null, "Clavepre": "5-02-28-17-000", "RESOLUCION": "582-01-12-2022", "ORIG_FID": 269 }, "geometry": { "type": "Point", "coordinates": [ -80.745345073719122, -0.981185664211804 ] } },
{ "type": "Feature", "properties": { "id": 102064, "lote_id": 101623, "clavecatas": "5-02-29-01-000", "zona": "5", "sector": "02", "manzana": "29", "lote": "01", "ph": "000", "propietari": "GOBIERNO AUTONOMO DESCENTRALIZADO  MUNICIPAL MANTA .", "documentop": "1360000980001", "direccion": "B. NUEVO MANTA VIA SAN JUAN - MZ N1 - LOTE 01", "area_m2": 560.59, "frente_uti": 57.35, "frente_tot": 57.35, "avaluo_con": 5935.52, "avaluo_sue": 28029.5, "zonaurbano": "URBANA", "parroquia": "MANTA", "esta_bloqu": "NO", "es_tercera": "NO", "tiene_elec": "NO", "tiene_agua": "NO", "tiene_alca": "NO", "observacio": "CREA CLAVE PARA PROCESO DE LEGALIZACIÓN - INF.ARQ. MICHAEL BERNARDO VERA. 12-04-2022..X GESTOR 13/10/22 ARQ. LUPE LANDA..", "observac_1": null, "barrio": "NUEVO MANTA", "parroquia_": 2, "barrio_id": 340, "proceso": 0, "fecha_regi": null, "activo_cat": "SI", "desactivad": 0, "avaluo_rem": 0.0, "avaluo_r_1": 0.0, "clasificac": "POR LEGALIZAR", "anio_deuda": 0, "deuda": 0.0, "valor_ip": 0.0, "coactiva": null, "ficharegis": 0, "etam": 0.1689418782, "diferencia": -6.06625e-05, "porc_difer": -1.082e-07, "admisible": 1, "deuda_anio": 0.0, "2019_csv_c": null, "clavecat_1": null, "2021__csv_": null, "2021__csv1": null, "Clavepre": "5-02-29-01-000", "RESOLUCION": "573-17-11-2022", "ORIG_FID": 270 }, "geometry": { "type": "Point", "coordinates": [ -80.74563712678669, -0.979493503327841 ] } },
{ "type": "Feature", "properties": { "id": 102065, "lote_id": 101063, "clavecatas": "5-02-29-02-000", "zona": "5", "sector": "02", "manzana": "29", "lote": "02", "ph": "000", "propietari": "CASANOVA MENDOZA TOMAS ANDRES", "documentop": "1307605194", "direccion": "SECTOR NUEVO MANTA , MZ N1- LOTE 02, CALLE N1", "area_m2": 448.92, "frente_uti": 21.0, "frente_tot": 21.0, "avaluo_con": 12931.2, "avaluo_sue": 16161.12, "zonaurbano": "URBANA", "parroquia": "MANTA", "esta_bloqu": "NO", "es_tercera": "NO", "tiene_elec": "SI", "tiene_agua": "SI", "tiene_alca": "NO", "observacio": "INGRESO PARA LEGALIZACIÓN MASIVA NUEVO MANTA SAN JUAN 25-05-2022.-SE ACTUALIZA INFORMACION CON ESCRITURA DE ADJ.CON PROH.DE ENAJ.INSCRITA EN EL REG.DE LA PROPIEDAD 04/13/2023 Y.C.S.-", "observac_1": null, "barrio": "NUEVO MANTA", "parroquia_": 2, "barrio_id": 340, "proceso": 0, "fecha_regi": null, "activo_cat": "SI", "desactivad": 0, "avaluo_rem": 0.0, "avaluo_r_1": 0.0, "clasificac": "GENERAL", "anio_deuda": 0, "deuda": 0.0, "valor_ip": 0.0, "coactiva": null, "ficharegis": 82758, "etam": 0.1415913679, "diferencia": 23.673999134799999, "porc_difer": 0.0527354521, "admisible": 1, "deuda_anio": 0.0, "2019_csv_c": null, "clavecat_1": null, "2021__csv_": null, "2021__csv1": null, "Clavepre": "5-02-29-02-000", "RESOLUCION": "574-17-11-2022", "ORIG_FID": 271 }, "geometry": { "type": "Point", "coordinates": [ -80.745447649187255, -0.979600860108584 ] } },
{ "type": "Feature", "properties": { "id": 102066, "lote_id": 101628, "clavecatas": "5-02-29-03-000", "zona": "5", "sector": "02", "manzana": "29", "lote": "03", "ph": "000", "propietari": "GOBIERNO AUTONOMO DESCENTRALIZADO  MUNICIPAL MANTA .", "documentop": "1360000980001", "direccion": "B. NUEVO MANTA -VIA SAN JUAN - MZ N1 LOTE 03", "area_m2": 699.8, "frente_uti": 30.4, "frente_tot": 30.4, "avaluo_con": 762.8, "avaluo_sue": 34990.0, "zonaurbano": "URBANA", "parroquia": "MANTA", "esta_bloqu": "NO", "es_tercera": "NO", "tiene_elec": "NO", "tiene_agua": "NO", "tiene_alca": "NO", "observacio": "CREA CLAVE PARA PROCESO DE LEGALIZACIÓN - INF.ARQ. MICHAEL BERNARDO VERA. 12-04-2022 ING.X GESTION 14/10/22 ARQ, LUPE LANDA", "observac_1": null, "barrio": "NUEVO MANTA", "parroquia_": 2, "barrio_id": 340, "proceso": 0, "fecha_regi": null, "activo_cat": "SI", "desactivad": 0, "avaluo_rem": 0.0, "avaluo_r_1": 0.0, "clasificac": "POR LEGALIZAR", "anio_deuda": 0, "deuda": 0.0, "valor_ip": 0.0, "coactiva": null, "ficharegis": 0, "etam": 0.1512073918, "diferencia": 86.572088143200006, "porc_difer": 0.1237097573, "admisible": 1, "deuda_anio": 0.0, "2019_csv_c": null, "clavecat_1": null, "2021__csv_": null, "2021__csv1": null, "Clavepre": "5-02-29-03-000", "RESOLUCION": "573-17-11-2022", "ORIG_FID": 272 }, "geometry": { "type": "Point", "coordinates": [ -80.745246632188312, -0.979714056667354 ] } },
{ "type": "Feature", "properties": { "id": 102067, "lote_id": 101064, "clavecatas": "5-02-29-04-000", "zona": "5", "sector": "02", "manzana": "29", "lote": "04", "ph": "000", "propietari": "LOOR VERA MIGUEL ANDRES", "documentop": "0905338190", "direccion": "SECTOR NUEVO MANTA , MZ N1- LOTE 04, CALLE N1", "area_m2": 200.0, "frente_uti": 10.0, "frente_tot": 10.0, "avaluo_con": 12537.02, "avaluo_sue": 7200.0, "zonaurbano": "URBANA", "parroquia": "MANTA", "esta_bloqu": "NO", "es_tercera": "SI", "tiene_elec": "SI", "tiene_agua": "SI", "tiene_alca": "NO", "observacio": "INGRESO PARA LEGALIZACIÓN MASIVA NUEVO MANTA SAN JUAN 02-06-2022 -SE ACTUALIZA INFORMACION CON ESCRITURA DE ADJ.CON PROH.DE ENAJ.INSCRITA EN EL REG.DE LA PROPIEDAD 05/02/2023 Y.C.S.-", "observac_1": null, "barrio": "NUEVO MANTA", "parroquia_": 2, "barrio_id": 340, "proceso": 0, "fecha_regi": null, "activo_cat": "SI", "desactivad": 0, "avaluo_rem": 0.0, "avaluo_r_1": 0.0, "clasificac": "GENERAL", "anio_deuda": 2026, "deuda": 4.09, "valor_ip": 0.0, "coactiva": null, "ficharegis": 83146, "etam": 0.1414213562, "diferencia": -0.0168791138, "porc_difer": -8.43956e-05, "admisible": 1, "deuda_anio": 0.0, "2019_csv_c": null, "clavecat_1": null, "2021__csv_": null, "2021__csv1": null, "Clavepre": "5-02-29-04-000", "RESOLUCION": "574-17-11-2022", "ORIG_FID": 273 }, "geometry": { "type": "Point", "coordinates": [ -80.745088029605952, -0.979803553118898 ] } },
{ "type": "Feature", "properties": { "id": 102090, "lote_id": 101726, "clavecatas": "5-02-38-04-000", "zona": "5", "sector": "02", "manzana": "38", "lote": "04", "ph": "000", "propietari": "GOBIERNO AUTONOMO DESCENTRALIZADO  MUNICIPAL MANTA .", "documentop": "1360000980001", "direccion": "B. NUEVO MANTA - VIA  SAN JUAN PARROQUIA MANTA", "area_m2": 408.6, "frente_uti": 20.2, "frente_tot": 20.2, "avaluo_con": 0.0, "avaluo_sue": 20430.0, "zonaurbano": "URBANA", "parroquia": "MANTA", "esta_bloqu": "NO", "es_tercera": "NO", "tiene_elec": "NO", "tiene_agua": "NO", "tiene_alca": "NO", "observacio": "INGRESO NUEVO PARA LEGALIZAR EN\r\nEN ATENCION AL CORREO DEL SECTOR NUEVO MANTA SOLICITADO POR LA ARQ. MA. ANGELICA DELGADO 25/10/22 ARQ. LUPE LANDA...", "observac_1": null, "barrio": "NUEVO MANTA", "parroquia_": 2, "barrio_id": 340, "proceso": 0, "fecha_regi": null, "activo_cat": "SI", "desactivad": 0, "avaluo_rem": 0.0, "avaluo_r_1": 0.0, "clasificac": "GENERAL", "anio_deuda": 2026, "deuda": 10.13, "valor_ip": 0.0, "coactiva": null, "ficharegis": 0, "etam": 0.1484130443, "diferencia": 0.0679684926, "porc_difer": 0.0001663448, "admisible": 1, "deuda_anio": 0.0, "2019_csv_c": null, "clavecat_1": null, "2021__csv_": null, "2021__csv1": null, "Clavepre": "5-02-38-04-000", "RESOLUCION": "573-17-11-2022", "ORIG_FID": 274 }, "geometry": { "type": "Point", "coordinates": [ -80.744110924494009, -0.980347371199711 ] } },
{ "type": "Feature", "properties": { "id": 102105, "lote_id": 101734, "clavecatas": "5-02-39-05-000", "zona": "5", "sector": "02", "manzana": "39", "lote": "05", "ph": "000", "propietari": "GOBIERNO AUTONOMO DESCENTRALIZADO  MUNICIPAL MANTA .", "documentop": "1360000980001", "direccion": "B. NUEVO MANTA - PARROQUIA TARQUI", "area_m2": 180.58, "frente_uti": 12.41, "frente_tot": 12.41, "avaluo_con": 0.0, "avaluo_sue": 9029.0, "zonaurbano": "URBANA", "parroquia": "MANTA", "esta_bloqu": "NO", "es_tercera": "NO", "tiene_elec": "NO", "tiene_agua": "NO", "tiene_alca": "NO", "observacio": "INGRESO NUEVO PARA LEGALIZAR EN ATENCION AL CORREO DEL SECTOR NUEVO MANTA SOLICITADO POR LA ARQ. MA. ANGELICA DELGADO 25/10/22 ARQ. LUPE LANDA...", "observac_1": null, "barrio": "NUEVO MANTA", "parroquia_": 2, "barrio_id": 340, "proceso": 0, "fecha_regi": null, "activo_cat": "SI", "desactivad": 0, "avaluo_rem": 0.0, "avaluo_r_1": 0.0, "clasificac": "GENERAL", "anio_deuda": 2026, "deuda": 1.03, "valor_ip": 0.0, "coactiva": null, "ficharegis": 0, "etam": 0.0744158035, "diferencia": -0.0031570283, "porc_difer": -1.74827e-05, "admisible": 1, "deuda_anio": 0.0, "2019_csv_c": null, "clavecat_1": null, "2021__csv_": null, "2021__csv1": null, "Clavepre": "5-02-39-05-000", "RESOLUCION": "573-17-11-2022", "ORIG_FID": 275 }, "geometry": { "type": "Point", "coordinates": [ -80.743375462565638, -0.980769227478645 ] } },
{ "type": "Feature", "properties": { "id": 102094, "lote_id": 101948, "clavecatas": "5-02-38-08-000", "zona": "5", "sector": "02", "manzana": "38", "lote": "08", "ph": "000", "propietari": "VINCES SANTANA  DENISSE ELIZABETH", "documentop": "1315784742", "direccion": "B. NUEVO MANTA VIA -SAN JUAN DE MANTA - MZ-N-8  LOTE08", "area_m2": 600.57, "frente_uti": 19.48, "frente_tot": 49.48, "avaluo_con": 0.0, "avaluo_sue": 30028.5, "zonaurbano": "URBANA", "parroquia": "MANTA", "esta_bloqu": "NO", "es_tercera": "NO", "tiene_elec": "NO", "tiene_agua": "NO", "tiene_alca": "NO", "observacio": "INGRESO NUEVO PARA LEGALIZAR EN ATENCION AL CORREO DEL SECTOR NUEVO MANTA SOLICITADO POR LA ARQ. MA. ANGELICA DELGADO 12/12/22 ARQ. LUPE LANDA...SE ACTUALIZA INF CON ESCRITURA DE CVTA INSCRITA EN EL REG. DE LA PROPIEDAD 09/06/2023.AZP", "observac_1": null, "barrio": "NUEVO MANTA", "parroquia_": 2, "barrio_id": 340, "proceso": 0, "fecha_regi": null, "activo_cat": "SI", "desactivad": 0, "avaluo_rem": 0.0, "avaluo_r_1": 0.0, "clasificac": "GENERAL", "anio_deuda": 2024, "deuda": 58.35, "valor_ip": 0.0, "coactiva": null, "ficharegis": 83490, "etam": 0.1632218042, "diferencia": -0.0040820189, "porc_difer": -6.7969e-06, "admisible": 1, "deuda_anio": 37.5, "2019_csv_c": null, "clavecat_1": null, "2021__csv_": null, "2021__csv1": null, "Clavepre": "5-02-38-08-000", "RESOLUCION": "601-22-12-2022", "ORIG_FID": 276 }, "geometry": { "type": "Point", "coordinates": [ -80.74381121363686, -0.980291359388889 ] } },
{ "type": "Feature", "properties": { "id": 102095, "lote_id": 101950, "clavecatas": "5-02-38-09-000", "zona": "5", "sector": "02", "manzana": "38", "lote": "09", "ph": "000", "propietari": "GOBIERNO AUTONOMO DESCENTRALIZADO  MUNICIPAL MANTA .", "documentop": "1360000980001", "direccion": "B. NUEVO MANTA  VIA SAN JUAN, MZ N8- LOTE 09", "area_m2": 569.67, "frente_uti": 24.95, "frente_tot": 24.95, "avaluo_con": 0.0, "avaluo_sue": 28483.5, "zonaurbano": "URBANA", "parroquia": "MANTA", "esta_bloqu": "NO", "es_tercera": "NO", "tiene_elec": "NO", "tiene_agua": "NO", "tiene_alca": "NO", "observacio": "INGRESO NUEVO PARA LEGALIZAR EN ATENCION AL CORREO DEL SECTOR NUEVO MANTA SOLICITADO POR LA ARQ. MA. ANGELICA DELGADO 12/12/22 ARQ. LUPE LANDA...", "observac_1": null, "barrio": "NUEVO MANTA", "parroquia_": 2, "barrio_id": 340, "proceso": 0, "fecha_regi": null, "activo_cat": "SI", "desactivad": 0, "avaluo_rem": 0.0, "avaluo_r_1": 0.0, "clasificac": "GENERAL", "anio_deuda": 2026, "deuda": 14.12, "valor_ip": 0.0, "coactiva": null, "ficharegis": 0, "etam": 0.1675900833, "diferencia": -0.0966815608, "porc_difer": -0.000169715, "admisible": 1, "deuda_anio": 0.0, "2019_csv_c": null, "clavecat_1": null, "2021__csv_": null, "2021__csv1": null, "Clavepre": "5-02-38-09-000", "RESOLUCION": "573-17-11-2022", "ORIG_FID": 277 }, "geometry": { "type": "Point", "coordinates": [ -80.744008979747889, -0.980185266397087 ] } },
{ "type": "Feature", "properties": { "id": 102096, "lote_id": 101952, "clavecatas": "5-02-38-10-000", "zona": "5", "sector": "02", "manzana": "38", "lote": "10", "ph": "000", "propietari": "GOBIERNO AUTONOMO DESCENTRALIZADO  MUNICIPAL MANTA .", "documentop": "1360000980001", "direccion": "B. NUEVO MANTA SAN JUAN MZ-08 LOTE- 10", "area_m2": 406.35, "frente_uti": 23.9, "frente_tot": 23.9, "avaluo_con": 0.0, "avaluo_sue": 20317.5, "zonaurbano": "URBANA", "parroquia": "MANTA", "esta_bloqu": "NO", "es_tercera": "NO", "tiene_elec": "NO", "tiene_agua": "NO", "tiene_alca": "NO", "observacio": "INGRESO NUEVO PARA LEGALIZAR EN ATENCION AL CORREO DEL SECTOR NUEVO MANTA SOLICITADO POR LA ARQ. MA. ANGELICA DELGADO 12/12/22 ARQ. LUPE LANDA...", "observac_1": null, "barrio": "NUEVO MANTA", "parroquia_": 2, "barrio_id": 340, "proceso": 0, "fecha_regi": null, "activo_cat": "SI", "desactivad": 0, "avaluo_rem": 0.0, "avaluo_r_1": 0.0, "clasificac": "GENERAL", "anio_deuda": 2026, "deuda": 10.06, "valor_ip": 0.0, "coactiva": null, "ficharegis": 0, "etam": 0.1488233659, "diferencia": 0.0009450236, "porc_difer": 2.3256e-06, "admisible": 1, "deuda_anio": 0.0, "2019_csv_c": null, "clavecat_1": null, "2021__csv_": null, "2021__csv1": null, "Clavepre": "5-02-38-10-000", "RESOLUCION": "573-17-11-2022", "ORIG_FID": 278 }, "geometry": { "type": "Point", "coordinates": [ -80.744180734833833, -0.980082803379368 ] } },
{ "type": "Feature", "properties": { "id": 102101, "lote_id": 101730, "clavecatas": "5-02-39-01-000", "zona": "5", "sector": "02", "manzana": "39", "lote": "01", "ph": "000", "propietari": "GUADAMUD BASURTO GREGORIO ANTONIO", "documentop": "1307922011", "direccion": "B. NUEVO MANTA - VIA SAN JUAN PARROQUIA MANTA MZ-N9 LOTE 01", "area_m2": 200.0, "frente_uti": 30.0, "frente_tot": 10.0, "avaluo_con": 340.0, "avaluo_sue": 10000.0, "zonaurbano": "URBANA", "parroquia": "MANTA", "esta_bloqu": "NO", "es_tercera": "NO", "tiene_elec": "NO", "tiene_agua": "NO", "tiene_alca": "NO", "observacio": "INGRESO NUEVO PARA LEGALIZAR EN ATENCION AL CORREO DEL SECTOR NUEVO MANTA SOLICITADO POR LA ARQ. MA. ANGELICA DELGADO 25/10/22 ARQ. LUPE LANDA...-SE ACTUALIZA INFORMACION CON ESCRITURA DE ADJ.CON PROH.DE ENAJ.INSCRITA EN EL REG.DE LA PROPIEDAD 10/04/2023", "observac_1": null, "barrio": "NUEVO MANTA", "parroquia_": 2, "barrio_id": 340, "proceso": 0, "fecha_regi": null, "activo_cat": "SI", "desactivad": 0, "avaluo_rem": 0.0, "avaluo_r_1": 0.0, "clasificac": "GENERAL", "anio_deuda": 2026, "deuda": 2.05, "valor_ip": 0.0, "coactiva": null, "ficharegis": 84522, "etam": 0.1414213562, "diferencia": 0.151320231, "porc_difer": 0.0007566012, "admisible": 1, "deuda_anio": 0.0, "2019_csv_c": null, "clavecat_1": null, "2021__csv_": null, "2021__csv1": null, "Clavepre": "5-02-39-01-000", "RESOLUCION": "601-22-12-2022", "ORIG_FID": 279 }, "geometry": { "type": "Point", "coordinates": [ -80.743682188030576, -0.980584954094448 ] } },
{ "type": "Feature", "properties": { "id": 102102, "lote_id": 101731, "clavecatas": "5-02-39-02-000", "zona": "5", "sector": "02", "manzana": "39", "lote": "02", "ph": "000", "propietari": "BRIONES OSTAIZA TELMO ORLEY", "documentop": "1306327527", "direccion": "B. NUEVO MANTA - VIA SAN JUAN PARROQUIA MANTA MZ- N9 LOTE-02", "area_m2": 200.0, "frente_uti": 10.0, "frente_tot": 10.0, "avaluo_con": 0.0, "avaluo_sue": 10000.0, "zonaurbano": "URBANA", "parroquia": "MANTA", "esta_bloqu": "NO", "es_tercera": "NO", "tiene_elec": "NO", "tiene_agua": "NO", "tiene_alca": "NO", "observacio": "INGRESO NUEVO PARA LEGALIZAR EN ATENCION AL CORREO DEL SECTOR NUEVO MANTA SOLICITADO POR LA ARQ. MA. ANGELICA DELGADO 25/10/22 ARQ. LUPE LANDA...SE ACTUALIZA INFORMACIÓN EN EL SISTEMA MANTA GIS CON ESCRITURA DE ADJUD.CON PROH.DE ENAJENAR INSCRITA EN EL", "observac_1": null, "barrio": "NUEVO MANTA", "parroquia_": 2, "barrio_id": 340, "proceso": 0, "fecha_regi": null, "activo_cat": "SI", "desactivad": 0, "avaluo_rem": 0.0, "avaluo_r_1": 0.0, "clasificac": "GENERAL", "anio_deuda": 2026, "deuda": 2.63, "valor_ip": 0.0, "coactiva": null, "ficharegis": 83176, "etam": 0.1414213562, "diferencia": 0.1513202906, "porc_difer": 0.0007566015, "admisible": 1, "deuda_anio": 0.0, "2019_csv_c": null, "clavecat_1": null, "2021__csv_": null, "2021__csv1": null, "Clavepre": "5-02-39-02-000", "RESOLUCION": "601-22-12-2022", "ORIG_FID": 280 }, "geometry": { "type": "Point", "coordinates": [ -80.743603485680737, -0.980628648577621 ] } },
{ "type": "Feature", "properties": { "id": 102112, "lote_id": 101736, "clavecatas": "5-02-40-03-000", "zona": "5", "sector": "02", "manzana": "40", "lote": "03", "ph": "000", "propietari": "GOBIERNO AUTONOMO DESCENTRALIZADO  MUNICIPAL MANTA .", "documentop": "1360000980001", "direccion": "B. NUEVO MANTA - VIA SAN JUAN DE MANTA,  MZ-N10 LOTE-03 - CALLE N1", "area_m2": 361.0, "frente_uti": 16.28, "frente_tot": 16.28, "avaluo_con": 0.0, "avaluo_sue": 18050.0, "zonaurbano": "URBANA", "parroquia": "MANTA", "esta_bloqu": "NO", "es_tercera": "NO", "tiene_elec": "NO", "tiene_agua": "NO", "tiene_alca": "NO", "observacio": "INGRESO NUEVO PARA LEGALIZAR EN ATENCION AL CORREO DEL SECTOR NUEVO MANTA SOLICITADO POR LA ARQ. MA. ANGELICA DELGADO 25/10/22 ARQ. LUPE LANDA SE DESM 5023601000 ...", "observac_1": null, "barrio": "NUEVO MANTA", "parroquia_": 2, "barrio_id": 340, "proceso": 0, "fecha_regi": null, "activo_cat": "SI", "desactivad": 0, "avaluo_rem": 0.0, "avaluo_r_1": 0.0, "clasificac": "GENERAL", "anio_deuda": 2026, "deuda": 7.19, "valor_ip": 0.0, "coactiva": null, "ficharegis": 0, "etam": 0.1578947368, "diferencia": -0.0945086498, "porc_difer": -0.0002617968, "admisible": 1, "deuda_anio": 0.0, "2019_csv_c": null, "clavecat_1": null, "2021__csv_": null, "2021__csv1": null, "Clavepre": "5-02-40-03-000", "RESOLUCION": "573-17-11-2022", "ORIG_FID": 281 }, "geometry": { "type": "Point", "coordinates": [ -80.743448857019246, -0.981021412621406 ] } },
{ "type": "Feature", "properties": { "id": 102114, "lote_id": 101738, "clavecatas": "5-02-40-05-000", "zona": "5", "sector": "02", "manzana": "40", "lote": "05", "ph": "000", "propietari": "GOBIERNO AUTONOMO DESCENTRALIZADO  MUNICIPAL MANTA .", "documentop": "1360000980001", "direccion": "B. NUEVO MANTA - VIA SAN  JUAN P MANTA MZ-N10  LOTE-05", "area_m2": 300.0, "frente_uti": 15.0, "frente_tot": 15.0, "avaluo_con": 0.0, "avaluo_sue": 15000.0, "zonaurbano": "URBANA", "parroquia": "MANTA", "esta_bloqu": "NO", "es_tercera": "NO", "tiene_elec": "NO", "tiene_agua": "NO", "tiene_alca": "NO", "observacio": "INGRESO NUEVO PARA LEGALIZAR EN ATENCION AL CORREO DEL SECTOR NUEVO MANTA SOLICITADO POR LA ARQ. MA. ANGELICA DELGADO 25/10/22 ARQ. LUPE LANDA  SE DESM 5023601000", "observac_1": null, "barrio": "NUEVO MANTA", "parroquia_": 2, "barrio_id": 340, "proceso": 0, "fecha_regi": null, "activo_cat": "SI", "desactivad": 0, "avaluo_rem": 0.0, "avaluo_r_1": 0.0, "clasificac": "GENERAL", "anio_deuda": 2026, "deuda": 5.97, "valor_ip": 0.0, "coactiva": null, "ficharegis": 0, "etam": 0.1732050808, "diferencia": -0.1011459708, "porc_difer": -0.0003371532, "admisible": 1, "deuda_anio": 0.0, "2019_csv_c": null, "clavecat_1": null, "2021__csv_": null, "2021__csv1": null, "Clavepre": "5-02-40-05-000", "RESOLUCION": "573-17-11-2022", "ORIG_FID": 282 }, "geometry": { "type": "Point", "coordinates": [ -80.743542927124082, -0.981162699788132 ] } },
{ "type": "Feature", "properties": { "id": 102117, "lote_id": 101741, "clavecatas": "5-02-41-01-000", "zona": "5", "sector": "02", "manzana": "41", "lote": "01", "ph": "000", "propietari": "GOBIERNO AUTONOMO DESCENTRALIZADO  MUNICIPAL MANTA .", "documentop": "1360000980001", "direccion": "NUEVO MANTA VIA SAN JUAN MZ N11 LOTE 1", "area_m2": 200.0, "frente_uti": 30.0, "frente_tot": 30.0, "avaluo_con": 0.0, "avaluo_sue": 10000.0, "zonaurbano": "URBANA", "parroquia": "MANTA", "esta_bloqu": "NO", "es_tercera": "NO", "tiene_elec": "SI", "tiene_agua": "NO", "tiene_alca": "NO", "observacio": "INGRESO NUEVO PARA LEGALIZAR EN EN ATENCION AL CORREO DEL SECTOR NUEVO MANTA SOLICITADO POR LA ARQ. MA. ANGELICA DELGADO 25/10/22 LUIS LOPEZ..SE DESM 5023601000", "observac_1": null, "barrio": "NUEVO MANTA", "parroquia_": 2, "barrio_id": 340, "proceso": 0, "fecha_regi": null, "activo_cat": "SI", "desactivad": 0, "avaluo_rem": 0.0, "avaluo_r_1": 0.0, "clasificac": "POR LEGALIZAR", "anio_deuda": 0, "deuda": 0.0, "valor_ip": 0.0, "coactiva": null, "ficharegis": 0, "etam": 0.1414213562, "diferencia": 0.0400243915, "porc_difer": 0.000200122, "admisible": 1, "deuda_anio": 0.0, "2019_csv_c": null, "clavecat_1": null, "2021__csv_": null, "2021__csv1": null, "Clavepre": "5-02-41-01-000", "RESOLUCION": "573-17-11-2022", "ORIG_FID": 283 }, "geometry": { "type": "Point", "coordinates": [ -80.744001803987587, -0.981226074774604 ] } },
{ "type": "Feature", "properties": { "id": 102118, "lote_id": 101790, "clavecatas": "5-02-41-02-000", "zona": "5", "sector": "02", "manzana": "41", "lote": "02", "ph": "000", "propietari": "DAZA BERMEO CARLOS ANTONIO", "documentop": "1312203548", "direccion": "B. NUEVO MANTA - VIA SAN JUAN P. MANTA MZ- N11 LOTE-02", "area_m2": 200.0, "frente_uti": 10.0, "frente_tot": 10.0, "avaluo_con": 0.0, "avaluo_sue": 10000.0, "zonaurbano": "URBANA", "parroquia": "MANTA", "esta_bloqu": "NO", "es_tercera": "NO", "tiene_elec": "NO", "tiene_agua": "NO", "tiene_alca": "NO", "observacio": "INGRESO NUEVO PARA LEGALIZAR EN ATENCION AL CORREO DEL SECTOR NUEVO MANTA SOLICITADO POR LA ARQ. MA. ANGELICA DELGADO 25/10/22 LUIS LOPEZ SE DESM DE LA 5023601000.-SE ACTUALIZA INFORMACION CON ESCRITURA DE ADJ.CON PROH.DE ENAJ.INSCRITA EN EL REG.DE LA PR", "observac_1": null, "barrio": "NUEVO MANTA", "parroquia_": 2, "barrio_id": 340, "proceso": 0, "fecha_regi": null, "activo_cat": "SI", "desactivad": 0, "avaluo_rem": 0.0, "avaluo_r_1": 0.0, "clasificac": "GENERAL", "anio_deuda": 0, "deuda": 0.0, "valor_ip": 0.0, "coactiva": null, "ficharegis": 83542, "etam": 0.1414213562, "diferencia": 0.0399913483, "porc_difer": 0.0001999567, "admisible": 1, "deuda_anio": 0.0, "2019_csv_c": null, "clavecat_1": null, "2021__csv_": null, "2021__csv1": null, "Clavepre": "5-02-41-02-000", "RESOLUCION": "601-22-12-2022", "ORIG_FID": 284 }, "geometry": { "type": "Point", "coordinates": [ -80.743922295483472, -0.981268264610662 ] } },
{ "type": "Feature", "properties": { "id": 102127, "lote_id": 101767, "clavecatas": "5-02-41-11-000", "zona": "5", "sector": "02", "manzana": "41", "lote": "11", "ph": "000", "propietari": "GOBIERNO AUTONOMO DESCENTRALIZADO  MUNICIPAL MANTA .", "documentop": "1360000980001", "direccion": "NUEVO MANTA VIA SAN JUAN MZ N11 LOTE 11", "area_m2": 807.35, "frente_uti": 41.0, "frente_tot": 41.0, "avaluo_con": 0.0, "avaluo_sue": 40367.5, "zonaurbano": "URBANA", "parroquia": "MANTA", "esta_bloqu": "NO", "es_tercera": "NO", "tiene_elec": "SI", "tiene_agua": "NO", "tiene_alca": "NO", "observacio": "INGRESO NUEVO PARA LEGALIZAR EN EN ATENCION AL CORREO DEL SECTOR NUEVO MANTA SOLICITADO POR LA ARQ. MA. ANGELICA DELGADO 25/10/22 LUIS LOPEZ SE DESM DE LA 5023601000...", "observac_1": null, "barrio": "NUEVO MANTA", "parroquia_": 2, "barrio_id": 340, "proceso": 0, "fecha_regi": null, "activo_cat": "SI", "desactivad": 0, "avaluo_rem": 0.0, "avaluo_r_1": 0.0, "clasificac": "POR LEGALIZAR", "anio_deuda": 0, "deuda": 0.0, "valor_ip": 0.0, "coactiva": null, "ficharegis": 0, "etam": 0.1407761444, "diferencia": 401.67404366839997, "porc_difer": 0.4975215751, "admisible": 0, "deuda_anio": 0.0, "2019_csv_c": null, "clavecat_1": null, "2021__csv_": null, "2021__csv1": null, "Clavepre": "5-02-41-11-000", "RESOLUCION": "573-17-11-2022", "ORIG_FID": 285 }, "geometry": { "type": "Point", "coordinates": [ -80.743096432922272, -0.981706963439016 ] } },
{ "type": "Feature", "properties": { "id": 102128, "lote_id": 101769, "clavecatas": "5-02-41-12-000", "zona": "5", "sector": "02", "manzana": "41", "lote": "12", "ph": "000", "propietari": "BERMUDEZ HOLGUIN KIMBERLIM NATHALY", "documentop": "1729947356", "direccion": "NUEVO MANTA VIA SAN JUAN MZ N11 LOTE 12", "area_m2": 200.0, "frente_uti": 10.0, "frente_tot": 10.0, "avaluo_con": 0.0, "avaluo_sue": 10000.0, "zonaurbano": "URBANA", "parroquia": "MANTA", "esta_bloqu": "NO", "es_tercera": "NO", "tiene_elec": "SI", "tiene_agua": "NO", "tiene_alca": "NO", "observacio": "INGRESO NUEVO PARA LEGALIZAR EN EN ATENCION AL CORREO DEL SECTOR NUEVO MANTA SOLICITADO POR LA ARQ. MA. ANGELICA DELGADO 25/10/22 LUIS LOPEZ SE DESM DE LA 5023601000...-SE ACTUALIZA INFORMACION CON ESCRITURA DE ADJ.CON PROH.DE ENAJ.INSCRITA EN EL REG.DE", "observac_1": null, "barrio": "NUEVO MANTA", "parroquia_": 2, "barrio_id": 340, "proceso": 0, "fecha_regi": null, "activo_cat": "SI", "desactivad": 0, "avaluo_rem": 0.0, "avaluo_r_1": 0.0, "clasificac": "GENERAL", "anio_deuda": 0, "deuda": 0.0, "valor_ip": 0.0, "coactiva": null, "ficharegis": 82759, "etam": 0.1414213562, "diferencia": 0.153060253, "porc_difer": 0.0007653013, "admisible": 1, "deuda_anio": 0.0, "2019_csv_c": null, "clavecat_1": null, "2021__csv_": null, "2021__csv1": null, "Clavepre": "5-02-41-12-000", "RESOLUCION": "601-22-12-2022", "ORIG_FID": 286 }, "geometry": { "type": "Point", "coordinates": [ -80.74297579360541, -0.98177045146714 ] } },
{ "type": "Feature", "properties": { "id": 102131, "lote_id": 101777, "clavecatas": "5-02-41-15-000", "zona": "5", "sector": "02", "manzana": "41", "lote": "15", "ph": "000", "propietari": "MERO CONTRERAS JULIANDER JOSUE", "documentop": "0965784028", "direccion": "NUEVO MANTA VIA SAN JUAN MZ N11 LOTE 15", "area_m2": 193.13, "frente_uti": 10.0, "frente_tot": 10.0, "avaluo_con": 1458.0, "avaluo_sue": 9656.5, "zonaurbano": "URBANA", "parroquia": "MANTA", "esta_bloqu": "NO", "es_tercera": "NO", "tiene_elec": "SI", "tiene_agua": "NO", "tiene_alca": "NO", "observacio": "SE CREA EL PRESENTE CÓDIGO CATASTRAL CON FINES DE LEGALIZACIÓN DE UN PREDIO UBICADO EN EL SECTOR NUEVO MANTA, EN LA VÍA A SAN JUAN, EN LA MANZANA N-11 INF POR LA ARQ. MARIA ANGELICA DELGADO PEDIDO POR CORREO INFORME DE LUIS LOPEZ SE DESM DE LA 5023601", "observac_1": null, "barrio": "NUEVO MANTA", "parroquia_": 2, "barrio_id": 340, "proceso": 0, "fecha_regi": null, "activo_cat": "SI", "desactivad": 0, "avaluo_rem": 0.0, "avaluo_r_1": 0.0, "clasificac": "GENERAL", "anio_deuda": 2026, "deuda": 3.47, "valor_ip": 0.0, "coactiva": null, "ficharegis": 82746, "etam": 0.0719573448, "diferencia": -0.0005198535, "porc_difer": -2.6917e-06, "admisible": 1, "deuda_anio": 0.0, "2019_csv_c": null, "clavecat_1": null, "2021__csv_": null, "2021__csv1": null, "Clavepre": "5-02-41-15-000", "RESOLUCION": "601-22-12-2022", "ORIG_FID": 287 }, "geometry": { "type": "Point", "coordinates": [ -80.74305203538141, -0.981930949334372 ] } },
{ "type": "Feature", "properties": { "id": 102135, "lote_id": 101781, "clavecatas": "5-02-41-19-000", "zona": "5", "sector": "02", "manzana": "41", "lote": "19", "ph": "000", "propietari": "GOBIERNO AUTONOMO DESCENTRALIZADO  MUNICIPAL MANTA .", "documentop": "1360000980001", "direccion": "NUEVO MANTA VIA SAN JUAN MZ N11 LOTE 19", "area_m2": 193.58, "frente_uti": 10.0, "frente_tot": 10.0, "avaluo_con": 0.0, "avaluo_sue": 9679.0, "zonaurbano": "URBANA", "parroquia": "MANTA", "esta_bloqu": "NO", "es_tercera": "NO", "tiene_elec": "SI", "tiene_agua": "NO", "tiene_alca": "NO", "observacio": "SE CREA EL PRESENTE CÓDIGO CATASTRAL CON FINES DE LEGALIZACIÓN DE UN PREDIO UBICADO EN EL SECTOR NUEVO MANTA, EN LA VÍA A SAN JUAN, EN LA MANZANA N-11 INF POR LA ARQ. MARIA ANGELICA DELGADO PEDIDO POR CORREO INFORME DE LUIS LOPEZ SE DESM DE LA 5023601", "observac_1": null, "barrio": "NUEVO MANTA", "parroquia_": 2, "barrio_id": 340, "proceso": 0, "fecha_regi": null, "activo_cat": "SI", "desactivad": 0, "avaluo_rem": 0.0, "avaluo_r_1": 0.0, "clasificac": "GENERAL", "anio_deuda": 2026, "deuda": 1.1, "valor_ip": 0.0, "coactiva": null, "ficharegis": 0, "etam": 0.0718736594, "diferencia": -0.0078231242, "porc_difer": -4.04129e-05, "admisible": 1, "deuda_anio": 0.0, "2019_csv_c": null, "clavecat_1": null, "2021__csv_": null, "2021__csv1": null, "Clavepre": "5-02-41-19-000", "RESOLUCION": "573-17-11-2022", "ORIG_FID": 288 }, "geometry": { "type": "Point", "coordinates": [ -80.743604098959153, -0.981638357028186 ] } },
{ "type": "Feature", "properties": { "id": 102136, "lote_id": 101782, "clavecatas": "5-02-41-20-000", "zona": "5", "sector": "02", "manzana": "41", "lote": "20", "ph": "000", "propietari": "GOBIERNO AUTONOMO DESCENTRALIZADO  MUNICIPAL MANTA .", "documentop": "1360000980001", "direccion": "NUEVO MANTA VIA SAN JUAN MZ N11 LOTE 20", "area_m2": 193.67, "frente_uti": 10.0, "frente_tot": 10.0, "avaluo_con": 0.0, "avaluo_sue": 9683.5, "zonaurbano": "URBANA", "parroquia": "MANTA", "esta_bloqu": "NO", "es_tercera": "NO", "tiene_elec": "SI", "tiene_agua": "NO", "tiene_alca": "NO", "observacio": "SE CREA EL PRESENTE CÓDIGO CATASTRAL CON FINES DE LEGALIZACIÓN DE UN PREDIO UBICADO EN EL SECTOR NUEVO MANTA, EN LA VÍA A SAN JUAN, EN LA MANZANA N-11 INF POR LA ARQ. MARIA ANGELICA DELGADO PEDIDO POR CORREO INFORME DE LUIS LOPEZ SE DESM DE LA 5023601", "observac_1": null, "barrio": "NUEVO MANTA", "parroquia_": 2, "barrio_id": 340, "proceso": 0, "fecha_regi": null, "activo_cat": "SI", "desactivad": 0, "avaluo_rem": 0.0, "avaluo_r_1": 0.0, "clasificac": "GENERAL", "anio_deuda": 2026, "deuda": 1.1, "valor_ip": 0.0, "coactiva": null, "ficharegis": 0, "etam": 0.0718569573, "diferencia": -0.0072305938, "porc_difer": -3.73346e-05, "admisible": 1, "deuda_anio": 0.0, "2019_csv_c": null, "clavecat_1": null, "2021__csv_": null, "2021__csv1": null, "Clavepre": "5-02-41-20-000", "RESOLUCION": "573-17-11-2022", "ORIG_FID": 289 }, "geometry": { "type": "Point", "coordinates": [ -80.743683623275743, -0.981596205049615 ] } },
{ "type": "Feature", "properties": { "id": 102137, "lote_id": 101783, "clavecatas": "5-02-41-21-000", "zona": "5", "sector": "02", "manzana": "41", "lote": "21", "ph": "000", "propietari": "GOBIERNO AUTONOMO DESCENTRALIZADO  MUNICIPAL MANTA .", "documentop": "1360000980001", "direccion": "NUEVO MANTA VIA SAN JUAN MZ N11 LOTE 21", "area_m2": 193.75, "frente_uti": 10.0, "frente_tot": 10.0, "avaluo_con": 0.0, "avaluo_sue": 9687.5, "zonaurbano": "URBANA", "parroquia": "MANTA", "esta_bloqu": "NO", "es_tercera": "NO", "tiene_elec": "SI", "tiene_agua": "NO", "tiene_alca": "NO", "observacio": "SE CREA EL PRESENTE CÓDIGO CATASTRAL CON FINES DE LEGALIZACIÓN DE UN PREDIO UBICADO EN EL SECTOR NUEVO MANTA, EN LA VÍA A SAN JUAN, EN LA MANZANA N-11 INF POR LA ARQ. MARIA ANGELICA DELGADO PEDIDO POR CORREO INFORME DE LUIS LOPEZ SE DESM 5023601000...", "observac_1": null, "barrio": "NUEVO MANTA", "parroquia_": 2, "barrio_id": 340, "proceso": 0, "fecha_regi": null, "activo_cat": "SI", "desactivad": 0, "avaluo_rem": 0.0, "avaluo_r_1": 0.0, "clasificac": "GENERAL", "anio_deuda": 2026, "deuda": 1.06, "valor_ip": 0.0, "coactiva": null, "ficharegis": 0, "etam": 0.0718421208, "diferencia": -0.0041797763, "porc_difer": -2.1573e-05, "admisible": 1, "deuda_anio": 0.0, "2019_csv_c": null, "clavecat_1": null, "2021__csv_": null, "2021__csv1": null, "Clavepre": "5-02-41-21-000", "RESOLUCION": "573-17-11-2022", "ORIG_FID": 290 }, "geometry": { "type": "Point", "coordinates": [ -80.743763147788229, -0.98155404425224 ] } },
{ "type": "Feature", "properties": { "id": 102138, "lote_id": 101784, "clavecatas": "5-02-41-22-000", "zona": "5", "sector": "02", "manzana": "41", "lote": "22", "ph": "000", "propietari": "GOBIERNO AUTONOMO DESCENTRALIZADO  MUNICIPAL MANTA .", "documentop": "1360000980001", "direccion": "NUEVO MANTA VIA SAN JUAN MZ N11 LOTE 22", "area_m2": 193.83, "frente_uti": 10.0, "frente_tot": 10.0, "avaluo_con": 0.0, "avaluo_sue": 9691.5, "zonaurbano": "URBANA", "parroquia": "MANTA", "esta_bloqu": "NO", "es_tercera": "NO", "tiene_elec": "SI", "tiene_agua": "NO", "tiene_alca": "NO", "observacio": "SE CREA EL PRESENTE CÓDIGO CATASTRAL CON FINES DE LEGALIZACIÓN DE UN PREDIO UBICADO EN EL SECTOR NUEVO MANTA, EN LA VÍA A SAN JUAN, EN LA MANZANA N-11 INF POR LA ARQ. MARIA ANGELICA DELGADO PEDIDO POR CORREO INFORME DE LUIS LOPEZ SE DESM 5023601000 ..", "observac_1": null, "barrio": "NUEVO MANTA", "parroquia_": 2, "barrio_id": 340, "proceso": 0, "fecha_regi": null, "activo_cat": "SI", "desactivad": 0, "avaluo_rem": 0.0, "avaluo_r_1": 0.0, "clasificac": "GENERAL", "anio_deuda": 2026, "deuda": 1.06, "valor_ip": 0.0, "coactiva": null, "ficharegis": 0, "etam": 0.0718272935, "diferencia": -0.0012130404, "porc_difer": -6.2583e-06, "admisible": 1, "deuda_anio": 0.0, "2019_csv_c": null, "clavecat_1": null, "2021__csv_": null, "2021__csv1": null, "Clavepre": "5-02-41-22-000", "RESOLUCION": "573-17-11-2022", "ORIG_FID": 291 }, "geometry": { "type": "Point", "coordinates": [ -80.74384267307336, -0.981511886648933 ] } },
{ "type": "Feature", "properties": { "id": 102139, "lote_id": 101785, "clavecatas": "5-02-41-23-000", "zona": "5", "sector": "02", "manzana": "41", "lote": "23", "ph": "000", "propietari": "GOBIERNO AUTONOMO DESCENTRALIZADO  MUNICIPAL MANTA .", "documentop": "1360000980001", "direccion": "NUEVO MANTA VIA SAN JUAN MZ N11 LOTE 23", "area_m2": 193.91, "frente_uti": 10.0, "frente_tot": 10.0, "avaluo_con": 0.0, "avaluo_sue": 9695.5, "zonaurbano": "URBANA", "parroquia": "MANTA", "esta_bloqu": "NO", "es_tercera": "NO", "tiene_elec": "SI", "tiene_agua": "NO", "tiene_alca": "NO", "observacio": "SE CREA EL PRESENTE CÓDIGO CATASTRAL CON FINES DE LEGALIZACIÓN DE UN PREDIO UBICADO EN EL SECTOR NUEVO MANTA, EN LA VÍA A SAN JUAN, EN LA MANZANA N-11 INF POR LA ARQ. MARIA ANGELICA DELGADO PEDIDO POR CORREO INFORME DE LUIS LOPEZ SE DESM 5023601000 ..", "observac_1": null, "barrio": "NUEVO MANTA", "parroquia_": 2, "barrio_id": 340, "proceso": 0, "fecha_regi": null, "activo_cat": "SI", "desactivad": 0, "avaluo_rem": 0.0, "avaluo_r_1": 0.0, "clasificac": "GENERAL", "anio_deuda": 2026, "deuda": 1.1, "valor_ip": 0.0, "coactiva": null, "ficharegis": 0, "etam": 0.0718124753, "diferencia": -0.0068571156, "porc_difer": -3.53624e-05, "admisible": 1, "deuda_anio": 0.0, "2019_csv_c": null, "clavecat_1": null, "2021__csv_": null, "2021__csv1": null, "Clavepre": "5-02-41-23-000", "RESOLUCION": "573-17-11-2022", "ORIG_FID": 292 }, "geometry": { "type": "Point", "coordinates": [ -80.743922198621775, -0.981469730410201 ] } },
{ "type": "Feature", "properties": { "id": 102140, "lote_id": 101786, "clavecatas": "5-02-41-24-000", "zona": "5", "sector": "02", "manzana": "41", "lote": "24", "ph": "000", "propietari": "GOBIERNO AUTONOMO DESCENTRALIZADO  MUNICIPAL MANTA .", "documentop": "1360000980001", "direccion": "NUEVO MANTA VIA SAN JUAN MZ N11 LOTE 24", "area_m2": 194.0, "frente_uti": 10.0, "frente_tot": 10.0, "avaluo_con": 0.0, "avaluo_sue": 9700.0, "zonaurbano": "URBANA", "parroquia": "MANTA", "esta_bloqu": "NO", "es_tercera": "NO", "tiene_elec": "SI", "tiene_agua": "NO", "tiene_alca": "NO", "observacio": "SE CREA EL PRESENTE CÓDIGO CATASTRAL CON FINES DE LEGALIZACIÓN DE UN PREDIO UBICADO EN EL SECTOR NUEVO MANTA, EN LA VÍA A SAN JUAN, EN LA MANZANA N-11 INF POR LA ARQ. MARIA ANGELICA DELGADO PEDIDO POR CORREO INFORME DE LUIS LOPEZ SE DESM 5023601000 ..", "observac_1": null, "barrio": "NUEVO MANTA", "parroquia_": 2, "barrio_id": 340, "proceso": 0, "fecha_regi": null, "activo_cat": "SI", "desactivad": 0, "avaluo_rem": 0.0, "avaluo_r_1": 0.0, "clasificac": "GENERAL", "anio_deuda": 2026, "deuda": 1.1, "valor_ip": 0.0, "coactiva": null, "ficharegis": 0, "etam": 0.0717958159, "diferencia": 0.0018402184, "porc_difer": 9.4857e-06, "admisible": 1, "deuda_anio": 0.0, "2019_csv_c": null, "clavecat_1": null, "2021__csv_": null, "2021__csv1": null, "Clavepre": "5-02-41-24-000", "RESOLUCION": "573-17-11-2022", "ORIG_FID": 293 }, "geometry": { "type": "Point", "coordinates": [ -80.744001724453952, -0.981427573276044 ] } },
{ "type": "Feature", "properties": { "id": 102141, "lote_id": 101787, "clavecatas": "5-02-41-25-000", "zona": "5", "sector": "02", "manzana": "41", "lote": "25", "ph": "000", "propietari": "GOBIERNO AUTONOMO DESCENTRALIZADO  MUNICIPAL MANTA .", "documentop": "1360000980001", "direccion": "NUEVO MANTA VIA SAN JUAN MZ N11 LOTE 25", "area_m2": 194.08, "frente_uti": 29.42, "frente_tot": 29.42, "avaluo_con": 0.0, "avaluo_sue": 9704.0, "zonaurbano": "URBANA", "parroquia": "MANTA", "esta_bloqu": "NO", "es_tercera": "NO", "tiene_elec": "SI", "tiene_agua": "NO", "tiene_alca": "NO", "observacio": "SE CREA EL PRESENTE CÓDIGO CATASTRAL CON FINES DE LEGALIZACIÓN DE UN PREDIO UBICADO EN EL SECTOR NUEVO MANTA, EN LA VÍA A SAN JUAN, EN LA MANZANA N-11 INF POR LA ARQ. MARIA ANGELICA DELGADO PEDIDO POR CORREO INFORME DE LUIS LOPEZ  SE DESM 5023601000", "observac_1": null, "barrio": "NUEVO MANTA", "parroquia_": 2, "barrio_id": 340, "proceso": 0, "fecha_regi": null, "activo_cat": "SI", "desactivad": 0, "avaluo_rem": 0.0, "avaluo_r_1": 0.0, "clasificac": "GENERAL", "anio_deuda": 2026, "deuda": 1.1, "valor_ip": 0.0, "coactiva": null, "ficharegis": 0, "etam": 0.0717810172, "diferencia": -0.0003181334, "porc_difer": -1.6392e-06, "admisible": 1, "deuda_anio": 0.0, "2019_csv_c": null, "clavecat_1": null, "2021__csv_": null, "2021__csv1": null, "Clavepre": "5-02-41-25-000", "RESOLUCION": "573-17-11-2022", "ORIG_FID": 294 }, "geometry": { "type": "Point", "coordinates": [ -80.744081250153684, -0.981385416312404 ] } },
{ "type": "Feature", "properties": { "id": 102143, "lote_id": 101745, "clavecatas": "5-02-42-01-000", "zona": "5", "sector": "02", "manzana": "42", "lote": "01", "ph": "000", "propietari": "GOBIERNO AUTONOMO DESCENTRALIZADO  MUNICIPAL MANTA .", "documentop": "1360000980001", "direccion": "B. NUEVO MANTA -VIA SAN JUAN - P. MANTA MZ-N12 LOTE 01", "area_m2": 311.28, "frente_uti": 54.64, "frente_tot": 54.64, "avaluo_con": 0.0, "avaluo_sue": 15564.0, "zonaurbano": "URBANA", "parroquia": "MANTA", "esta_bloqu": "NO", "es_tercera": "NO", "tiene_elec": "NO", "tiene_agua": "NO", "tiene_alca": "NO", "observacio": "INGRESO NUEVO PARA LEGALIZAR EN ATENCION AL CORREO DEL SECTOR NUEVO MANTA SOLICITADO POR LA ARQ. MA. ANGELICA DELGADO 25/10/22 ARQ. LUPE LANDA...", "observac_1": null, "barrio": "NUEVO MANTA", "parroquia_": 2, "barrio_id": 340, "proceso": 0, "fecha_regi": null, "activo_cat": "SI", "desactivad": 0, "avaluo_rem": 0.0, "avaluo_r_1": 0.0, "clasificac": "POR LEGALIZAR", "anio_deuda": 0, "deuda": 0.0, "valor_ip": 0.0, "coactiva": null, "ficharegis": 0, "etam": 0.170037866, "diferencia": 0.0106390959, "porc_difer": 3.41785e-05, "admisible": 1, "deuda_anio": 0.0, "2019_csv_c": null, "clavecat_1": null, "2021__csv_": null, "2021__csv1": null, "Clavepre": "5-02-42-01-000", "RESOLUCION": "573-17-11-2022", "ORIG_FID": 295 }, "geometry": { "type": "Point", "coordinates": [ -80.744245102733117, -0.981696703908399 ] } },
{ "type": "Feature", "properties": { "id": 102144, "lote_id": 101789, "clavecatas": "5-02-42-02-000", "zona": "5", "sector": "02", "manzana": "42", "lote": "02", "ph": "000", "propietari": "GOBIERNO AUTONOMO DESCENTRALIZADO  MUNICIPAL MANTA .", "documentop": "1360000980001", "direccion": "B. NUEVO MANTA - VIA SAN JUAN P. MANTA MZ- 12 LOTE-02", "area_m2": 178.19, "frente_uti": 10.0, "frente_tot": 10.0, "avaluo_con": 0.0, "avaluo_sue": 8909.5, "zonaurbano": "URBANA", "parroquia": "MANTA", "esta_bloqu": "NO", "es_tercera": "NO", "tiene_elec": "NO", "tiene_agua": "NO", "tiene_alca": "NO", "observacio": "INGRESO NUEVO PARA LEGALIZAR EN ATENCION AL CORREO DEL SECTOR NUEVO MANTA SOLICITADO POR LA ARQ. MA. ANGELICA DELGADO 25/10/22 ARQ. LUPE LANDA...", "observac_1": null, "barrio": "NUEVO MANTA", "parroquia_": 2, "barrio_id": 340, "proceso": 0, "fecha_regi": null, "activo_cat": "SI", "desactivad": 0, "avaluo_rem": 0.0, "avaluo_r_1": 0.0, "clasificac": "POR LEGALIZAR", "anio_deuda": 0, "deuda": 0.0, "valor_ip": 0.0, "coactiva": null, "ficharegis": 0, "etam": 0.0749131978, "diferencia": -0.0049448521, "porc_difer": -2.77504e-05, "admisible": 1, "deuda_anio": 0.0, "2019_csv_c": null, "clavecat_1": null, "2021__csv_": null, "2021__csv1": null, "Clavepre": "5-02-42-02-000", "RESOLUCION": "573-17-11-2022", "ORIG_FID": 296 }, "geometry": { "type": "Point", "coordinates": [ -80.744132999941698, -0.981650585741494 ] } },
{ "type": "Feature", "properties": { "id": 102145, "lote_id": 101747, "clavecatas": "5-02-42-03-000", "zona": "5", "sector": "02", "manzana": "42", "lote": "03", "ph": "000", "propietari": "GOBIERNO AUTONOMO DESCENTRALIZADO  MUNICIPAL MANTA .", "documentop": "1360000980001", "direccion": "B. NUEVO MANTA - VIA SAN JUAN P. MANTA MZ- N12 LOTE -02", "area_m2": 368.0, "frente_uti": 20.0, "frente_tot": 20.0, "avaluo_con": 0.0, "avaluo_sue": 18400.0, "zonaurbano": "URBANA", "parroquia": "MANTA", "esta_bloqu": "NO", "es_tercera": "NO", "tiene_elec": "NO", "tiene_agua": "NO", "tiene_alca": "NO", "observacio": "INGRESO NUEVO PARA LEGALIZAR EN\r\nEN ATENCION AL CORREO DEL SECTOR NUEVO MANTA SOLICITADO POR LA ARQ. MA. ANGELICA DELGADO 25/10/22 ARQ. LUPE LANDA...", "observac_1": null, "barrio": "NUEVO MANTA", "parroquia_": 2, "barrio_id": 340, "proceso": 0, "fecha_regi": null, "activo_cat": "SI", "desactivad": 0, "avaluo_rem": 0.0, "avaluo_r_1": 0.0, "clasificac": "POR LEGALIZAR", "anio_deuda": 0, "deuda": 0.0, "valor_ip": 0.0, "coactiva": null, "ficharegis": 0, "etam": 0.1563858105, "diferencia": -0.0023148589, "porc_difer": -6.2904e-06, "admisible": 1, "deuda_anio": 0.0, "2019_csv_c": null, "clavecat_1": null, "2021__csv_": null, "2021__csv1": null, "Clavepre": "5-02-42-03-000", "RESOLUCION": "573-17-11-2022", "ORIG_FID": 297 }, "geometry": { "type": "Point", "coordinates": [ -80.744012150909057, -0.981716023824717 ] } },
{ "type": "Feature", "properties": { "id": 102146, "lote_id": 101748, "clavecatas": "5-02-42-04-000", "zona": "5", "sector": "02", "manzana": "42", "lote": "04", "ph": "000", "propietari": "URBINA MERA MILTON ANDRES", "documentop": "1310493414", "direccion": "B. NUEVO MANTA - VIA SAN JUAN P. MANTA MZ- N12 LOTE -04", "area_m2": 365.21, "frente_uti": 20.2, "frente_tot": 20.2, "avaluo_con": 5913.6, "avaluo_sue": 18260.5, "zonaurbano": "URBANA", "parroquia": "MANTA", "esta_bloqu": "NO", "es_tercera": "NO", "tiene_elec": "NO", "tiene_agua": "NO", "tiene_alca": "NO", "observacio": "INGRESO NUEVO PARA LEGALIZAR EN ATENCION AL CORREO DEL SECTOR NUEVO MANTA SOLICITADO POR LA ARQ. MA. ANGELICA DELGADO 25/10/22 ARQ. LUPE LANDA...\r\nSE ACTUALIZA INF CON ESCRITURA DE ADJUDICACION INSCRITA EN EL REG. DE LA PROPIEDAD.05/09/2023 GGV", "observac_1": null, "barrio": "NUEVO MANTA", "parroquia_": 2, "barrio_id": 340, "proceso": 0, "fecha_regi": null, "activo_cat": "SI", "desactivad": 0, "avaluo_rem": 0.0, "avaluo_r_1": 0.0, "clasificac": "GENERAL", "anio_deuda": 0, "deuda": 0.0, "valor_ip": 0.0, "coactiva": null, "ficharegis": 84129, "etam": 0.1569820241, "diferencia": -0.006428963, "porc_difer": -1.76035e-05, "admisible": 1, "deuda_anio": 0.0, "2019_csv_c": null, "clavecat_1": null, "2021__csv_": null, "2021__csv1": null, "Clavepre": "5-02-42-04-000", "RESOLUCION": "601-22-12-2022", "ORIG_FID": 298 }, "geometry": { "type": "Point", "coordinates": [ -80.743850801403028, -0.981801691073807 ] } },
{ "type": "Feature", "properties": { "id": 102148, "lote_id": 101750, "clavecatas": "5-02-42-06-000", "zona": "5", "sector": "02", "manzana": "42", "lote": "06", "ph": "000", "propietari": "ESTRADA LOOR QUIMIOS NARCILO", "documentop": "1304517731", "direccion": "B. NUEVO MANTA - VIA SAN JUAN P. MANTA MZ- 12 LOTE-06", "area_m2": 184.47, "frente_uti": 10.0, "frente_tot": 10.0, "avaluo_con": 0.0, "avaluo_sue": 9223.5, "zonaurbano": "URBANA", "parroquia": "MANTA", "esta_bloqu": "NO", "es_tercera": "NO", "tiene_elec": "NO", "tiene_agua": "NO", "tiene_alca": "NO", "observacio": "INGRESO NUEVO PARA LEGALIZAR EN ATENCION AL CORREO DEL SECTOR NUEVO MANTA SOLICITADO POR LA ARQ. MA. ANGELICA DELGADO 25/10/22 ARQ. LUPE LANDA...-SE ACTUALIZA INFORMACION CON ESCRITURA DE ADJ.CON PROH.DE ENAJ.INSCRITA EN EL REG.DE LA PROPIEDAD 05/12/2023", "observac_1": null, "barrio": "NUEVO MANTA", "parroquia_": 2, "barrio_id": 340, "proceso": 0, "fecha_regi": null, "activo_cat": "SI", "desactivad": 0, "avaluo_rem": 0.0, "avaluo_r_1": 0.0, "clasificac": "GENERAL", "anio_deuda": 0, "deuda": 0.0, "valor_ip": 0.0, "coactiva": null, "ficharegis": 83211, "etam": 0.0736270036, "diferencia": -0.0040225196, "porc_difer": -2.18058e-05, "admisible": 1, "deuda_anio": 0.0, "2019_csv_c": null, "clavecat_1": null, "2021__csv_": null, "2021__csv1": null, "Clavepre": "5-02-42-06-000", "RESOLUCION": "601-22-12-2022", "ORIG_FID": 299 }, "geometry": { "type": "Point", "coordinates": [ -80.743652310312584, -0.98190837711086 ] } },
{ "type": "Feature", "properties": { "id": 102149, "lote_id": 101751, "clavecatas": "5-02-42-07-000", "zona": "5", "sector": "02", "manzana": "42", "lote": "07", "ph": "000", "propietari": "MERA CHAVEZ  EDWIN XAVIER", "documentop": "1310317670", "direccion": "B. NUEVO MANTA - VIA SAN JUAN P. MANTA MZ- 12 LOTE-07", "area_m2": 185.58, "frente_uti": 10.0, "frente_tot": 10.0, "avaluo_con": 0.0, "avaluo_sue": 9279.0, "zonaurbano": "URBANA", "parroquia": "MANTA", "esta_bloqu": "NO", "es_tercera": "NO", "tiene_elec": "NO", "tiene_agua": "NO", "tiene_alca": "NO", "observacio": "INGRESO NUEVO PARA LEGALIZAR EN ATENCION AL CORREO DEL SECTOR NUEVO MANTA SOLICITADO POR LA ARQ. MA. ANGELICA DELGADO 25/10/22 ARQ. LUPE LANDA...SE ACTUALIZA INF CON ESCRITURA DE CVTA INSCRITA EN EL REG. DE LA PROPIEDAD 28/06/2023.AZP", "observac_1": null, "barrio": "NUEVO MANTA", "parroquia_": 2, "barrio_id": 340, "proceso": 0, "fecha_regi": null, "activo_cat": "SI", "desactivad": 0, "avaluo_rem": 0.0, "avaluo_r_1": 0.0, "clasificac": "GENERAL", "anio_deuda": 2026, "deuda": 2.45, "valor_ip": 0.0, "coactiva": null, "ficharegis": 83635, "etam": 0.0734064826, "diferencia": -0.0022124423, "porc_difer": -1.19218e-05, "admisible": 1, "deuda_anio": 0.0, "2019_csv_c": null, "clavecat_1": null, "2021__csv_": null, "2021__csv1": null, "Clavepre": "5-02-42-07-000", "RESOLUCION": "601-22-12-2022", "ORIG_FID": 300 }, "geometry": { "type": "Point", "coordinates": [ -80.743573002005718, -0.981950943279244 ] } },
{ "type": "Feature", "properties": { "id": 102150, "lote_id": 101752, "clavecatas": "5-02-42-08-000", "zona": "5", "sector": "02", "manzana": "42", "lote": "08", "ph": "000", "propietari": "PALMA PILLIGUA RUBEN ALBERTO", "documentop": "1310155740", "direccion": "B. NUEVO MANTA - VIA SAN JUAN P. MANTA MZ- N12 LOTE-08", "area_m2": 391.1, "frente_uti": 20.65, "frente_tot": 20.65, "avaluo_con": 0.0, "avaluo_sue": 19555.0, "zonaurbano": "URBANA", "parroquia": "MANTA", "esta_bloqu": "NO", "es_tercera": "NO", "tiene_elec": "NO", "tiene_agua": "NO", "tiene_alca": "NO", "observacio": "INGRESO NUEVO PARA LEGALIZAR EN ATENCION AL CORREO DEL SECTOR NUEVO MANTA SOLICITADO POR LA ARQ. MA. ANGELICA DELGADO 25/10/22 ARQ. LUPE LANDA...-SE ACTUALIZA INFORMACION CON ESCRITURA DE ADJ.CON PROH.DE ENAJ.INSCRITA EN EL REG.DE LA PROPIEDAD 06/21/2023", "observac_1": null, "barrio": "NUEVO MANTA", "parroquia_": 2, "barrio_id": 340, "proceso": 0, "fecha_regi": null, "activo_cat": "SI", "desactivad": 0, "avaluo_rem": 0.0, "avaluo_r_1": 0.0, "clasificac": "GENERAL", "anio_deuda": 0, "deuda": 0.0, "valor_ip": 0.0, "coactiva": null, "ficharegis": 83541, "etam": 0.1516971239, "diferencia": -0.0017028272, "porc_difer": -4.3539e-06, "admisible": 1, "deuda_anio": 0.0, "2019_csv_c": null, "clavecat_1": null, "2021__csv_": null, "2021__csv1": null, "Clavepre": "5-02-42-08-000", "RESOLUCION": "601-22-12-2022", "ORIG_FID": 301 }, "geometry": { "type": "Point", "coordinates": [ -80.743542699676084, -0.982113536475737 ] } },
{ "type": "Feature", "properties": { "id": 102151, "lote_id": 101753, "clavecatas": "5-02-42-09-000", "zona": "5", "sector": "02", "manzana": "42", "lote": "09", "ph": "000", "propietari": "GOBIERNO AUTONOMO DESCENTRALIZADO  MUNICIPAL MANTA .", "documentop": "1360000980001", "direccion": "B. NUEVO MANTA - VIA SAN JUAN P. MANTA MZ- 12 LOTE-09", "area_m2": 200.0, "frente_uti": 10.0, "frente_tot": 10.0, "avaluo_con": 0.0, "avaluo_sue": 10000.0, "zonaurbano": "URBANA", "parroquia": "MANTA", "esta_bloqu": "NO", "es_tercera": "NO", "tiene_elec": "NO", "tiene_agua": "NO", "tiene_alca": "NO", "observacio": "INGRESO NUEVO PARA LEGALIZAR EN ATENCION AL CORREO DEL SECTOR NUEVO MANTA SOLICITADO POR LA ARQ. MA. ANGELICA DELGADO 25/10/22 ARQ. LUPE LANDA...", "observac_1": null, "barrio": "NUEVO MANTA", "parroquia_": 2, "barrio_id": 340, "proceso": 0, "fecha_regi": null, "activo_cat": "SI", "desactivad": 0, "avaluo_rem": 0.0, "avaluo_r_1": 0.0, "clasificac": "POR LEGALIZAR", "anio_deuda": 0, "deuda": 0.0, "valor_ip": 0.0, "coactiva": null, "ficharegis": 0, "etam": 0.1414213562, "diferencia": 0.0926761171, "porc_difer": 0.0004633806, "admisible": 1, "deuda_anio": 0.0, "2019_csv_c": null, "clavecat_1": null, "2021__csv_": null, "2021__csv1": null, "Clavepre": "5-02-42-09-000", "RESOLUCION": "573-17-11-2022", "ORIG_FID": 302 }, "geometry": { "type": "Point", "coordinates": [ -80.743647699100734, -0.982108501028272 ] } },
{ "type": "Feature", "properties": { "id": 102152, "lote_id": 101754, "clavecatas": "5-02-42-10-000", "zona": "5", "sector": "02", "manzana": "42", "lote": "10", "ph": "000", "propietari": "IZA DELGADO CARLOS ALBERTO", "documentop": "1305795229", "direccion": "B. NUEVO MANTA - VIA SAN JUAN P. MANTA MZ- 12 LOTE-10", "area_m2": 200.0, "frente_uti": 10.0, "frente_tot": 10.0, "avaluo_con": 391.0, "avaluo_sue": 8100.0, "zonaurbano": "URBANA", "parroquia": "MANTA", "esta_bloqu": "NO", "es_tercera": "NO", "tiene_elec": "NO", "tiene_agua": "NO", "tiene_alca": "NO", "observacio": "INGRESO NUEVO PARA LEGALIZAR EN ATENCION AL CORREO DEL SECTOR NUEVO MANTA SOLICITADO POR LA ARQ. MA. ANGELICA DELGADO 25/10/22 ARQ. LUPE LANDA...SE ACTUALIZA INF CON ESCRITURA DE ADJUDICACION INSCRITA EN EL REG. DE LA PROPIEDAD. 19/11/2024 GGV", "observac_1": null, "barrio": "NUEVO MANTA", "parroquia_": 2, "barrio_id": 340, "proceso": 0, "fecha_regi": null, "activo_cat": "SI", "desactivad": 0, "avaluo_rem": 0.0, "avaluo_r_1": 0.0, "clasificac": "GENERAL", "anio_deuda": 0, "deuda": 0.0, "valor_ip": 0.0, "coactiva": null, "ficharegis": 87477, "etam": 0.1414213562, "diferencia": 0.0929662538, "porc_difer": 0.0004648313, "admisible": 1, "deuda_anio": 0.0, "2019_csv_c": null, "clavecat_1": null, "2021__csv_": null, "2021__csv1": null, "Clavepre": "5-02-42-10-000", "RESOLUCION": "601-22-12-2022", "ORIG_FID": 303 }, "geometry": { "type": "Point", "coordinates": [ -80.74372677342096, -0.982065492569667 ] } },
{ "type": "Feature", "properties": { "id": 102154, "lote_id": 101756, "clavecatas": "5-02-42-12-000", "zona": "5", "sector": "02", "manzana": "42", "lote": "12", "ph": "000", "propietari": "GOBIERNO AUTONOMO DESCENTRALIZADO  MUNICIPAL MANTA .", "documentop": "1360000980001", "direccion": "B. NUEVO MANTA - VIA SAN JUAN P. MANTA MZ- 12 LOTE-12", "area_m2": 200.0, "frente_uti": 10.0, "frente_tot": 10.0, "avaluo_con": 0.0, "avaluo_sue": 10000.0, "zonaurbano": "URBANA", "parroquia": "MANTA", "esta_bloqu": "NO", "es_tercera": "NO", "tiene_elec": "NO", "tiene_agua": "NO", "tiene_alca": "NO", "observacio": "INGRESO NUEVO PARA LEGALIZAR EN ATENCION AL CORREO DEL SECTOR NUEVO MANTA SOLICITADO POR LA ARQ. MA. ANGELICA DELGADO 25/10/22 ARQ. LUPE LANDA...", "observac_1": null, "barrio": "NUEVO MANTA", "parroquia_": 2, "barrio_id": 340, "proceso": 0, "fecha_regi": null, "activo_cat": "SI", "desactivad": 0, "avaluo_rem": 0.0, "avaluo_r_1": 0.0, "clasificac": "POR LEGALIZAR", "anio_deuda": 0, "deuda": 0.0, "valor_ip": 0.0, "coactiva": null, "ficharegis": 0, "etam": 0.1414213562, "diferencia": 0.0920762981, "porc_difer": 0.0004603815, "admisible": 1, "deuda_anio": 0.0, "2019_csv_c": null, "clavecat_1": null, "2021__csv_": null, "2021__csv1": null, "Clavepre": "5-02-42-12-000", "RESOLUCION": "573-17-11-2022", "ORIG_FID": 304 }, "geometry": { "type": "Point", "coordinates": [ -80.74404307107045, -0.981893457997339 ] } },
{ "type": "Feature", "properties": { "id": 102155, "lote_id": 101757, "clavecatas": "5-02-42-13-000", "zona": "5", "sector": "02", "manzana": "42", "lote": "13", "ph": "000", "propietari": "GOBIERNO AUTONOMO DESCENTRALIZADO  MUNICIPAL MANTA .", "documentop": "1360000980001", "direccion": "B. NUEVO MANTA - VIA SAN JUAN P. MANTA MZ- 12 LOTE-13", "area_m2": 409.24, "frente_uti": 20.0, "frente_tot": 20.0, "avaluo_con": 0.0, "avaluo_sue": 20462.0, "zonaurbano": "URBANA", "parroquia": "MANTA", "esta_bloqu": "NO", "es_tercera": "NO", "tiene_elec": "NO", "tiene_agua": "NO", "tiene_alca": "NO", "observacio": "INGRESO NUEVO PARA LEGALIZAR EN ATENCION AL CORREO DEL SECTOR NUEVO MANTA SOLICITADO POR LA ARQ. MA. ANGELICA DELGADO 25/10/22 ARQ. LUPE LANDA...", "observac_1": null, "barrio": "NUEVO MANTA", "parroquia_": 2, "barrio_id": 340, "proceso": 0, "fecha_regi": null, "activo_cat": "SI", "desactivad": 0, "avaluo_rem": 0.0, "avaluo_r_1": 0.0, "clasificac": "POR LEGALIZAR", "anio_deuda": 0, "deuda": 0.0, "valor_ip": 0.0, "coactiva": null, "ficharegis": 0, "etam": 0.1482969492, "diferencia": -0.0049420522, "porc_difer": -1.20762e-05, "admisible": 1, "deuda_anio": 0.0, "2019_csv_c": null, "clavecat_1": null, "2021__csv_": null, "2021__csv1": null, "Clavepre": "5-02-42-13-000", "RESOLUCION": "573-17-11-2022", "ORIG_FID": 305 }, "geometry": { "type": "Point", "coordinates": [ -80.74416336480131, -0.981827337754332 ] } },
{ "type": "Feature", "properties": { "id": 102156, "lote_id": 101943, "clavecatas": "5-02-43-01-000", "zona": "5", "sector": "02", "manzana": "43", "lote": "01", "ph": "000", "propietari": "GOBIERNO AUTONOMO DESCENTRALIZADO  MUNICIPAL MANTA .", "documentop": "1360000980001", "direccion": "NUEVO MANTA VIA SAN JUAN MZ N13 LOTE 01", "area_m2": 230.44, "frente_uti": 26.81, "frente_tot": 26.81, "avaluo_con": 0.0, "avaluo_sue": 345.66, "zonaurbano": "URBANA", "parroquia": "MANTA", "esta_bloqu": "NO", "es_tercera": "NO", "tiene_elec": "SI", "tiene_agua": "SI", "tiene_alca": "NO", "observacio": "SE ASIGNA ESTA CLAVE CATASTRAL CON FINES DE LEGALIZACIÓN DEL SECTOR NUEVO MANTA, SITIO SAN JUAN, UBICADO EN LA MANZANA N13 LOTE 01, MEDIANTE INFORME DE LA ARQ. LUPE LANDA", "observac_1": null, "barrio": "NUEVO MANTA", "parroquia_": 2, "barrio_id": 340, "proceso": 0, "fecha_regi": null, "activo_cat": "SI", "desactivad": 0, "avaluo_rem": 0.0, "avaluo_r_1": 0.0, "clasificac": "POR LEGALIZAR", "anio_deuda": 0, "deuda": 0.0, "valor_ip": 0.0, "coactiva": null, "ficharegis": 0, "etam": 0.131750133, "diferencia": -18.436672597699999, "porc_difer": -0.0800063904, "admisible": 1, "deuda_anio": 0.0, "2019_csv_c": null, "clavecat_1": null, "2021__csv_": null, "2021__csv1": null, "Clavepre": "5-02-43-01-000", "RESOLUCION": "573-17-11-2022", "ORIG_FID": 306 }, "geometry": { "type": "Point", "coordinates": [ -80.7441747101239, -0.982078688760101 ] } },
{ "type": "Feature", "properties": { "id": 102157, "lote_id": 101944, "clavecatas": "5-02-43-02-000", "zona": "5", "sector": "02", "manzana": "43", "lote": "02", "ph": "000", "propietari": "GOBIERNO AUTONOMO DESCENTRALIZADO  MUNICIPAL MANTA .", "documentop": "1360000980001", "direccion": "NUEVO MANTA VIA SAN JUAN MZ N13 LOTE 2", "area_m2": 189.58, "frente_uti": 14.0, "frente_tot": 14.0, "avaluo_con": 0.0, "avaluo_sue": 284.37, "zonaurbano": "URBANA", "parroquia": "MANTA", "esta_bloqu": "NO", "es_tercera": "NO", "tiene_elec": "SI", "tiene_agua": "SI", "tiene_alca": "NO", "observacio": "SE ASIGNA ESTA CLAVE CATASTRAL CON FINES DE LEGALIZACIÓN DEL SECTOR NUEVO MANTA, SITIO SAN JUAN, UBICADO EN LA MANZANA N13 LOTE 01, MEDIANTE INFORME DE LA ARQ. LUPE LANDA", "observac_1": null, "barrio": "NUEVO MANTA", "parroquia_": 2, "barrio_id": 340, "proceso": 0, "fecha_regi": null, "activo_cat": "SI", "desactivad": 0, "avaluo_rem": 0.0, "avaluo_r_1": 0.0, "clasificac": "POR LEGALIZAR", "anio_deuda": 0, "deuda": 0.0, "valor_ip": 0.0, "coactiva": null, "ficharegis": 0, "etam": 0.0726279424, "diferencia": 0.9147766155, "porc_difer": 0.0048252802, "admisible": 1, "deuda_anio": 0.0, "2019_csv_c": null, "clavecat_1": null, "2021__csv_": null, "2021__csv1": null, "Clavepre": "5-02-43-02-000", "RESOLUCION": "573-17-11-2022", "ORIG_FID": 307 }, "geometry": { "type": "Point", "coordinates": [ -80.74403406469132, -0.982173004154047 ] } },
{ "type": "Feature", "properties": { "id": 102158, "lote_id": 101945, "clavecatas": "5-02-43-03-000", "zona": "5", "sector": "02", "manzana": "43", "lote": "03", "ph": "000", "propietari": "GOBIERNO AUTONOMO DESCENTRALIZADO  MUNICIPAL MANTA .", "documentop": "1360000980001", "direccion": "NUEVO MANTA VIA SAN JUAN MZ N13 LOTE 3", "area_m2": 190.28, "frente_uti": 12.0, "frente_tot": 12.0, "avaluo_con": 0.0, "avaluo_sue": 285.42, "zonaurbano": "URBANA", "parroquia": "MANTA", "esta_bloqu": "NO", "es_tercera": "NO", "tiene_elec": "SI", "tiene_agua": "NO", "tiene_alca": "NO", "observacio": "SE ASIGNA ESTA CLAVE CATASTRAL CON FINES DE LEGALIZACIÓN DEL SECTOR NUEVO MANTA, SITIO SAN JUAN, UBICADO EN LA MANZANA N13 LOTE 01, MEDIANTE INFORME DE LA ARQ. LUPE LANDA", "observac_1": null, "barrio": "NUEVO MANTA", "parroquia_": 2, "barrio_id": 340, "proceso": 0, "fecha_regi": null, "activo_cat": "SI", "desactivad": 0, "avaluo_rem": 0.0, "avaluo_r_1": 0.0, "clasificac": "POR LEGALIZAR", "anio_deuda": 0, "deuda": 0.0, "valor_ip": 0.0, "coactiva": null, "ficharegis": 0, "etam": 0.0724942279, "diferencia": -0.7920899305, "porc_difer": -0.0041627598, "admisible": 1, "deuda_anio": 0.0, "2019_csv_c": null, "clavecat_1": null, "2021__csv_": null, "2021__csv1": null, "Clavepre": "5-02-43-03-000", "RESOLUCION": "573-17-11-2022", "ORIG_FID": 308 }, "geometry": { "type": "Point", "coordinates": [ -80.743936084175701, -0.982238406523394 ] } },
{ "type": "Feature", "properties": { "id": 102160, "lote_id": 101947, "clavecatas": "5-02-43-05-000", "zona": "5", "sector": "02", "manzana": "43", "lote": "05", "ph": "000", "propietari": "GOBIERNO AUTONOMO DESCENTRALIZADO  MUNICIPAL MANTA .", "documentop": "1360000980001", "direccion": "NUEVO MANTA VIA SAN JUAN MZ N13 LOTE 5", "area_m2": 199.56, "frente_uti": 10.0, "frente_tot": 10.0, "avaluo_con": 0.0, "avaluo_sue": 299.34, "zonaurbano": "URBANA", "parroquia": "MANTA", "esta_bloqu": "NO", "es_tercera": "NO", "tiene_elec": "SI", "tiene_agua": "NO", "tiene_alca": "NO", "observacio": "SE ASIGNA ESTA CLAVE CATASTRAL CON FINES DE LEGALIZACIÓN DEL SECTOR NUEVO MANTA, SITIO SAN JUAN, UBICADO EN LA MANZANA N13 LOTE 01, MEDIANTE INFORME DE LA ARQ. LUPE LANDA", "observac_1": null, "barrio": "NUEVO MANTA", "parroquia_": 2, "barrio_id": 340, "proceso": 0, "fecha_regi": null, "activo_cat": "SI", "desactivad": 0, "avaluo_rem": 0.0, "avaluo_r_1": 0.0, "clasificac": "POR LEGALIZAR", "anio_deuda": 0, "deuda": 0.0, "valor_ip": 0.0, "coactiva": null, "ficharegis": 0, "etam": 0.0, "diferencia": 0.184605394, "porc_difer": 0.0009250621, "admisible": 0, "deuda_anio": 0.0, "2019_csv_c": null, "clavecat_1": null, "2021__csv_": null, "2021__csv1": null, "Clavepre": "5-02-43-05-000", "RESOLUCION": "573-17-11-2022", "ORIG_FID": 309 }, "geometry": { "type": "Point", "coordinates": [ -80.743762569226519, -0.982353947351506 ] } },
{ "type": "Feature", "properties": { "id": 103271, "lote_id": 72836, "clavecatas": "5-03-17-32-000", "zona": "5", "sector": "03", "manzana": "17", "lote": "32", "ph": "000", "propietari": "SANTANA MERO SANTA ESTRELLA", "documentop": "1303947764", "direccion": "SAN JUAN DE MANTA", "area_m2": 1046.0, "frente_uti": 24.2, "frente_tot": 24.2, "avaluo_con": 21745.24, "avaluo_sue": 12708.9, "zonaurbano": "URBANA", "parroquia": "MANTA", "esta_bloqu": "NO", "es_tercera": "NO", "tiene_elec": "NO", "tiene_agua": "NO", "tiene_alca": "NO", "observacio": "ING. NUEVO SIN ESCRITURA PARA EL MDV, INF. LUIS LOPEZ ENERO 08/09 MR SE CORRIGE AREA DE 100 M2 A 1046.00 M2 DEACUERDO AL INF. DE LEGALIZACION ARQ. LUPE LANDA 17/08/22..-SE ACTUALIZA INFORMACION CON ESCRITURA DE ADJ.CON PROH.DE ENAJ.INSCRITA EN EL REG.DE", "observac_1": null, "barrio": "SAN JUAN", "parroquia_": 1, "barrio_id": 912, "proceso": 0, "fecha_regi": null, "activo_cat": "SI", "desactivad": 0, "avaluo_rem": 0.0, "avaluo_r_1": 0.0, "clasificac": "GENERAL", "anio_deuda": 0, "deuda": 0.0, "valor_ip": 0.0, "coactiva": null, "ficharegis": 91704, "etam": 0.1545981035, "diferencia": 4.8450904042999996, "porc_difer": 0.0046320176, "admisible": 1, "deuda_anio": 0.0, "2019_csv_c": null, "clavecat_1": null, "2021__csv_": null, "2021__csv1": null, "Clavepre": "5-03-17-32-000", "RESOLUCION": "443-17-03-2022", "ORIG_FID": 310 }, "geometry": { "type": "Point", "coordinates": [ -80.759245831306444, -1.004142358455804 ] } },
{ "type": "Feature", "properties": { "id": 104634, "lote_id": 100456, "clavecatas": "5-06-01-34-000", "zona": "5", "sector": "06", "manzana": "01", "lote": "34", "ph": "000", "propietari": null, "documentop": null, "direccion": "B. SAN JUAN DE MANTA", "area_m2": 187.45, "frente_uti": 11.0, "frente_tot": 22.0, "avaluo_con": 0.0, "avaluo_sue": 2811.75, "zonaurbano": "URBANA", "parroquia": "MANTA", "esta_bloqu": "NO", "es_tercera": "NO", "tiene_elec": "NO", "tiene_agua": "NO", "tiene_alca": "NO", "observacio": "ASIGNADO CODIGO POR MICHAEL VERA PARA LEGALIZAR A FAVOR DE LUCAS VELEZ CARLOS VICENTE 04/03/22 ARQ. LUPE LANDA", "observac_1": null, "barrio": "SAN JUAN", "parroquia_": 2, "barrio_id": 912, "proceso": 0, "fecha_regi": null, "activo_cat": "SI", "desactivad": 0, "avaluo_rem": 0.0, "avaluo_r_1": 0.0, "clasificac": "GENERAL", "anio_deuda": 2023, "deuda": 0.9, "valor_ip": 0.0, "coactiva": null, "ficharegis": 0, "etam": 0.0730394136, "diferencia": 0.0473213375, "porc_difer": 0.0002524478, "admisible": 1, "deuda_anio": 0.0, "2019_csv_c": null, "clavecat_1": null, "2021__csv_": null, "2021__csv1": null, "Clavepre": "5-06-01-34-000", "RESOLUCION": "443-17-03-2022", "ORIG_FID": 311 }, "geometry": { "type": "Point", "coordinates": [ -80.760336148159624, -1.003307556985924 ] } },
{ "type": "Feature", "properties": { "id": 104472, "lote_id": 101065, "clavecatas": "5-05-06-32-000", "zona": "5", "sector": "05", "manzana": "06", "lote": "32", "ph": "000", "propietari": "GOBIERNO AUTONOMO DESCENTRALIZADO  MUNICIPAL MANTA .", "documentop": "1360000980001", "direccion": "P. MANTA SITIO SAN JUAN -B. VALLE CLARO", "area_m2": 1037.0, "frente_uti": 52.6, "frente_tot": 52.6, "avaluo_con": 0.0, "avaluo_sue": 15555.0, "zonaurbano": "URBANA", "parroquia": "MANTA", "esta_bloqu": "NO", "es_tercera": "NO", "tiene_elec": "NO", "tiene_agua": "NO", "tiene_alca": "NO", "observacio": "SE CREA EL CÓDIGO CATASTRAL 5050632000, PARA INCORPORAR COMO MOSTRENCO AL PATRIMONIO MUNICIPAL CON EL FIN DE IMPLANTAR UN PROYECTO PARA BENEFICIO DE LA COMUNIDAD. EL PREDIO ESTÁ UBICADO EN LA BARRIO VALLE CLARO SECTOR SAN JUAN DE MANTA CON UN ÁREA DE", "observac_1": null, "barrio": "SAN JUAN", "parroquia_": 2, "barrio_id": 912, "proceso": 0, "fecha_regi": null, "activo_cat": "SI", "desactivad": 0, "avaluo_rem": 0.0, "avaluo_r_1": 0.0, "clasificac": "GENERAL", "anio_deuda": 2026, "deuda": 6.38, "valor_ip": 0.0, "coactiva": null, "ficharegis": 0, "etam": 0.1552675235, "diferencia": 0.0499944531, "porc_difer": 4.82107e-05, "admisible": 1, "deuda_anio": 0.0, "2019_csv_c": null, "clavecat_1": null, "2021__csv_": null, "2021__csv1": null, "Clavepre": "5-05-06-32-000", "RESOLUCION": "481-09-06-2022", "ORIG_FID": 312 }, "geometry": { "type": "Point", "coordinates": [ -80.76360532824026, -0.998534478119678 ] } },
{ "type": "Feature", "properties": { "id": 104515, "lote_id": 100463, "clavecatas": "5-05-08-31-000", "zona": "5", "sector": "05", "manzana": "08", "lote": "31", "ph": "000", "propietari": "GOBIERNO AUTONOMO DESCENTRALIZADO  MUNICIPAL MANTA .", "documentop": "1360000980001", "direccion": "SAN JUAN DE MANTA - CALLE PUBLICA", "area_m2": 211.4, "frente_uti": 14.3, "frente_tot": 14.3, "avaluo_con": 6912.0, "avaluo_sue": 2311.66, "zonaurbano": "URBANA", "parroquia": "MANTA", "esta_bloqu": "NO", "es_tercera": "NO", "tiene_elec": "NO", "tiene_agua": "NO", "tiene_alca": "NO", "observacio": "ASIGNADO CODIGO POR MICHAEL VERA PARA LEGALIZAR A FAVOR DE PACHAY CAÑARTE ZAHIRA ELIZABETH 08/03/22 ARQ. LUPE LANDA", "observac_1": null, "barrio": "SAN JUAN", "parroquia_": 2, "barrio_id": 912, "proceso": 0, "fecha_regi": null, "activo_cat": "SI", "desactivad": 0, "avaluo_rem": 0.0, "avaluo_r_1": 0.0, "clasificac": "POR LEGALIZAR", "anio_deuda": 0, "deuda": 0.0, "valor_ip": 0.0, "coactiva": null, "ficharegis": 0, "etam": 0.1375553557, "diferencia": 10.0541825516, "porc_difer": 0.0475599931, "admisible": 1, "deuda_anio": 0.0, "2019_csv_c": null, "clavecat_1": null, "2021__csv_": null, "2021__csv1": null, "Clavepre": "5-05-08-31-000", "RESOLUCION": "443-17-03-2022", "ORIG_FID": 313 }, "geometry": { "type": "Point", "coordinates": [ -80.760985775339805, -0.997346841156974 ] } },
{ "type": "Feature", "properties": { "id": 104635, "lote_id": 100465, "clavecatas": "5-06-01-35-000", "zona": "5", "sector": "06", "manzana": "01", "lote": "35", "ph": "000", "propietari": "DELGADO MERO LUZ RAMONA", "documentop": "1306972819", "direccion": "SAN JUAN DE MANTA - CALLEJON PUBLICO", "area_m2": 426.0, "frente_uti": 13.2, "frente_tot": 17.2, "avaluo_con": 25227.5, "avaluo_sue": 6390.0, "zonaurbano": "URBANA", "parroquia": "MANTA", "esta_bloqu": "NO", "es_tercera": "NO", "tiene_elec": "NO", "tiene_agua": "NO", "tiene_alca": "NO", "observacio": "ASIGNADO CODIGO POR MICHAEL VERA PARA LEGALIZAR A FAVOR DE DELGADO MERO LUZ RAMONA 04/03/22 ARQ. LUPE LANDA -SE ACTUALIZA INFORMACION CON ESCRITURA DE ADJ.CON PROH.DE ENAJ.INSCRITA EN EL REG.DE LA PROPIEDAD 05/17/2023 Y.C.S.-", "observac_1": null, "barrio": "SAN JUAN", "parroquia_": 2, "barrio_id": 912, "proceso": 0, "fecha_regi": null, "activo_cat": "SI", "desactivad": 0, "avaluo_rem": 0.0, "avaluo_r_1": 0.0, "clasificac": "GENERAL", "anio_deuda": 0, "deuda": 0.0, "valor_ip": 0.0, "coactiva": null, "ficharegis": 83285, "etam": 0.1453504749, "diferencia": -4.7586572433000001, "porc_difer": -0.0111705569, "admisible": 1, "deuda_anio": 0.0, "2019_csv_c": null, "clavecat_1": null, "2021__csv_": null, "2021__csv1": null, "Clavepre": "5-06-01-35-000", "RESOLUCION": "443-17-03-2022", "ORIG_FID": 314 }, "geometry": { "type": "Point", "coordinates": [ -80.760275495994165, -1.003429631173608 ] } },
{ "type": "Feature", "properties": { "id": 104636, "lote_id": 100464, "clavecatas": "5-06-01-36-000", "zona": "5", "sector": "06", "manzana": "01", "lote": "36", "ph": "000", "propietari": "MERO DELGADO SANTOS JORGE", "documentop": "1315079150", "direccion": "SAN JUAN DE MANTA - CALLEJON PUBLICO", "area_m2": 903.0, "frente_uti": 9.3, "frente_tot": 9.3, "avaluo_con": 14476.0, "avaluo_sue": 13545.0, "zonaurbano": "URBANA", "parroquia": "MANTA", "esta_bloqu": "NO", "es_tercera": "NO", "tiene_elec": "NO", "tiene_agua": "NO", "tiene_alca": "NO", "observacio": "ASIGNADO CODIGO POR MICHAEL VERA PARA LEGALIZAR A FAVOR DE MERO DELGADO SANTOS JORGE 08/03/22 ARQ. LUPE LANDA-SE ACTUALIZA INF CON ESCRITURA DE ADJUDICACION INSCRITA EN EL REG. DE LA PROPIEDAD. 02/05/2023 GGV", "observac_1": null, "barrio": "SAN JUAN", "parroquia_": 2, "barrio_id": 912, "proceso": 0, "fecha_regi": null, "activo_cat": "SI", "desactivad": 0, "avaluo_rem": 0.0, "avaluo_r_1": 0.0, "clasificac": "GENERAL", "anio_deuda": 0, "deuda": 0.0, "valor_ip": 0.0, "coactiva": null, "ficharegis": 83116, "etam": 0.1331116651, "diferencia": 0.2082352727, "porc_difer": 0.0002306038, "admisible": 1, "deuda_anio": 0.0, "2019_csv_c": null, "clavecat_1": null, "2021__csv_": null, "2021__csv1": null, "Clavepre": "5-06-01-36-000", "RESOLUCION": "443-17-03-2022", "ORIG_FID": 315 }, "geometry": { "type": "Point", "coordinates": [ -80.760511805320533, -1.003618638037423 ] } },
{ "type": "Feature", "properties": { "id": 104618, "lote_id": 90236, "clavecatas": "5-06-01-18-000", "zona": "5", "sector": "06", "manzana": "01", "lote": "18", "ph": "000", "propietari": "GOBIERNO AUTONOMO DESCENTRALIZADO  MUNICIPAL MANTA .", "documentop": "1360000980001", "direccion": "B. SAN JUAN", "area_m2": 255.4, "frente_uti": 0.0, "frente_tot": 31.1, "avaluo_con": 3779.14, "avaluo_sue": 3258.27, "zonaurbano": "URBANA", "parroquia": "TARQUI", "esta_bloqu": "NO", "es_tercera": "NO", "tiene_elec": "NO", "tiene_agua": "NO", "tiene_alca": "NO", "observacio": "INGRESO A LEGALIZAR A MERO RIVERA BLANCA - CAMBIO DE CLASIFICACIÓN: MEMORANDO MTA-DFIN-MEM-160920211226, TRÁMITE TE090920211550 EN BASE A ART. 509 DEL COOTAD.", "observac_1": null, "barrio": "SAN JUAN", "parroquia_": 3, "barrio_id": 912, "proceso": 0, "fecha_regi": null, "activo_cat": "SI", "desactivad": 0, "avaluo_rem": 0.0, "avaluo_r_1": 0.0, "clasificac": "POR LEGALIZAR", "anio_deuda": 0, "deuda": 0.0, "valor_ip": 0.0, "coactiva": null, "ficharegis": 0, "etam": 0.1251467424, "diferencia": 0.0159802035, "porc_difer": 6.25693e-05, "admisible": 1, "deuda_anio": 0.0, "2019_csv_c": null, "clavecat_1": null, "2021__csv_": null, "2021__csv1": null, "Clavepre": "5-06-01-18-000", "RESOLUCION": "443-17-03-2022", "ORIG_FID": 316 }, "geometry": { "type": "Point", "coordinates": [ -80.759022144457475, -1.003707276978067 ] } },
{ "type": "Feature", "properties": { "id": 104633, "lote_id": 100460, "clavecatas": "5-06-01-33-000", "zona": "5", "sector": "06", "manzana": "01", "lote": "33", "ph": "000", "propietari": "MERO DELGADO MERCEDES JESSENIA", "documentop": "1316453107", "direccion": "SAN JUAN DE MANTA - CALLE PUBLICA", "area_m2": 609.0, "frente_uti": 40.0, "frente_tot": 63.2, "avaluo_con": 13573.6, "avaluo_sue": 9135.0, "zonaurbano": "URBANA", "parroquia": "MANTA", "esta_bloqu": "NO", "es_tercera": "NO", "tiene_elec": "NO", "tiene_agua": "NO", "tiene_alca": "NO", "observacio": "ASIGNADO CODIGO POR MICHAEL VERA PARA LEGALIZAR A FAVOR DE MERO DELGADO MERCEDES JESSENIA 07/03/22 ARQ. LUPE LANDA-SE ACTUALIZA INF CON ESCRITURA DE ADJUDICACION INSCRITA EN EL REG. DE LA PROPIEDAD. 02/05/2023 GGV", "observac_1": null, "barrio": "SAN JUAN", "parroquia_": 2, "barrio_id": 912, "proceso": 0, "fecha_regi": null, "activo_cat": "SI", "desactivad": 0, "avaluo_rem": 0.0, "avaluo_r_1": 0.0, "clasificac": "GENERAL", "anio_deuda": 0, "deuda": 0.0, "valor_ip": 0.0, "coactiva": null, "ficharegis": 83109, "etam": 0.1620881797, "diferencia": 0.1095983943, "porc_difer": 0.0001799645, "admisible": 1, "deuda_anio": 0.0, "2019_csv_c": null, "clavecat_1": null, "2021__csv_": null, "2021__csv1": null, "Clavepre": "5-06-01-33-000", "RESOLUCION": "443-17-03-2022", "ORIG_FID": 317 }, "geometry": { "type": "Point", "coordinates": [ -80.760226960465076, -1.003099200740993 ] } },
{ "type": "Feature", "properties": { "id": 104637, "lote_id": 100461, "clavecatas": "5-06-01-37-000", "zona": "5", "sector": "06", "manzana": "01", "lote": "37", "ph": "000", "propietari": "MERO DELGADO VIVIANA ELIZABETH", "documentop": "1316289352", "direccion": "SAN JUAN DE MANTA - CALLE PUBLICA", "area_m2": 266.0, "frente_uti": 8.5, "frente_tot": 8.5, "avaluo_con": 9625.6, "avaluo_sue": 3990.0, "zonaurbano": "URBANA", "parroquia": "MANTA", "esta_bloqu": "NO", "es_tercera": "NO", "tiene_elec": "NO", "tiene_agua": "NO", "tiene_alca": "NO", "observacio": "ASIGNADO CODIGO POR MICHAEL VERA PARA LEGALIZAR A FAVOR DE MERO DELGADO VIVIANA ELIZABETH 08/03/22 ARQ. LUPE LANDA -SE ACTUALIZA INFORMACION CON ESCRITURA DE ADJ.CON PROH.DE ENAJ.INSCRITA EN EL REG.DE LA PROPIEDAD 07/07/2023 Y.C.S.-", "observac_1": null, "barrio": "SAN JUAN", "parroquia_": 2, "barrio_id": 912, "proceso": 0, "fecha_regi": null, "activo_cat": "SI", "desactivad": 0, "avaluo_rem": 0.0, "avaluo_r_1": 0.0, "clasificac": "GENERAL", "anio_deuda": 0, "deuda": 0.0, "valor_ip": 0.0, "coactiva": null, "ficharegis": 83692, "etam": 0.1226278679, "diferencia": 0.3750013009, "porc_difer": 0.0014097793, "admisible": 1, "deuda_anio": 0.0, "2019_csv_c": null, "clavecat_1": null, "2021__csv_": null, "2021__csv1": null, "Clavepre": "5-06-01-37-000", "RESOLUCION": "443-17-03-2022", "ORIG_FID": 318 }, "geometry": { "type": "Point", "coordinates": [ -80.7605698441388, -1.003462272311438 ] } },
{ "type": "Feature", "properties": { "id": 104731, "lote_id": 100522, "clavecatas": "5-07-02-06-000", "zona": "5", "sector": "07", "manzana": "02", "lote": "06", "ph": "000", "propietari": "GOBIERNO AUTONOMO DESCENTRALIZADO  MUNICIPAL MANTA .", "documentop": "1360000980001", "direccion": "SAN JUAN DE MANTA - CALLE PUBLICA", "area_m2": 298.8, "frente_uti": 12.1, "frente_tot": 12.1, "avaluo_con": 11968.0, "avaluo_sue": 3630.42, "zonaurbano": "URBANA", "parroquia": "MANTA", "esta_bloqu": "NO", "es_tercera": "NO", "tiene_elec": "NO", "tiene_agua": "NO", "tiene_alca": "NO", "observacio": "CODIGO NUEVO ASIGANDO POR MACHEL VERA, POR LEGALIZAR MERO SANTANA CLEOTILDE SOLEDAD, 17/03/22 ARQ. LUPE LANDA", "observac_1": null, "barrio": "SAN JUAN", "parroquia_": 2, "barrio_id": 912, "proceso": 0, "fecha_regi": null, "activo_cat": "SI", "desactivad": 0, "avaluo_rem": 0.0, "avaluo_r_1": 0.0, "clasificac": "POR LEGALIZAR", "anio_deuda": 0, "deuda": 0.0, "valor_ip": 0.0, "coactiva": null, "ficharegis": 0, "etam": 0.1157016891, "diferencia": 8.6229668787999998, "porc_difer": 0.0288586576, "admisible": 1, "deuda_anio": 0.0, "2019_csv_c": null, "clavecat_1": null, "2021__csv_": null, "2021__csv1": null, "Clavepre": "5-07-02-06-000", "RESOLUCION": "443-17-03-2022", "ORIG_FID": 319 }, "geometry": { "type": "Point", "coordinates": [ -80.757926422186614, -1.003107348329556 ] } },
{ "type": "Feature", "properties": { "id": 104834, "lote_id": 92997, "clavecatas": "5-07-06-23-000", "zona": "5", "sector": "07", "manzana": "06", "lote": "23", "ph": "000", "propietari": "MERO RIVERA MONICA ALEXANDRA", "documentop": "1310452949", "direccion": "SITIO SAN JUAN DE MANTA", "area_m2": 216.0, "frente_uti": 7.0, "frente_tot": 7.3, "avaluo_con": 7200.0, "avaluo_sue": 3240.0, "zonaurbano": "URBANA", "parroquia": "MANTA", "esta_bloqu": "NO", "es_tercera": "NO", "tiene_elec": "NO", "tiene_agua": "NO", "tiene_alca": "NO", "observacio": "LEGALIZAR  MERO RIVERA MONICA ALEXANDRA 23/05/2018 LLCH.INGRESO DE LA DIRECCION  JULIO 2/2019 MR - CAMBIO DE CLASIFICACIÓN: MEMORANDO MTA-DFIN-MEM-160920211226, TRÁMITE TE090920211550 EN BASE A ART. 509 DEL COOTAD. -SE ACTUALIZA INFORMACION CON ESCRITU", "observac_1": null, "barrio": "SAN JUAN", "parroquia_": 2, "barrio_id": 912, "proceso": 0, "fecha_regi": null, "activo_cat": "SI", "desactivad": 0, "avaluo_rem": 0.0, "avaluo_r_1": 0.0, "clasificac": "GENERAL", "anio_deuda": 0, "deuda": 0.0, "valor_ip": 0.0, "coactiva": null, "ficharegis": 82747, "etam": 0.1360827635, "diferencia": -6.7561518579, "porc_difer": -0.0312784808, "admisible": 1, "deuda_anio": 0.0, "2019_csv_c": null, "clavecat_1": null, "2021__csv_": null, "2021__csv1": null, "Clavepre": "5-07-06-23-000", "RESOLUCION": "443-17-03-2022", "ORIG_FID": 320 }, "geometry": { "type": "Point", "coordinates": [ -80.758079519427639, -1.003132852592309 ] } },
{ "type": "Feature", "properties": { "id": 104842, "lote_id": 100459, "clavecatas": "5-07-06-31-000", "zona": "5", "sector": "07", "manzana": "06", "lote": "31", "ph": "000", "propietari": "QUIROZ BAILON NARCISA ELIANA", "documentop": "1312289760", "direccion": "SAN JUAN DE MANTA - CALLE PUBLICA", "area_m2": 503.25, "frente_uti": 15.25, "frente_tot": 48.25, "avaluo_con": 6576.0, "avaluo_sue": 6793.88, "zonaurbano": "URBANA", "parroquia": "MANTA", "esta_bloqu": "NO", "es_tercera": "NO", "tiene_elec": "NO", "tiene_agua": "NO", "tiene_alca": "NO", "observacio": "ASIGNADO CODIGO POR MICHAEL VERA PARA LEGALIZAR A FAVOR DE QUIROZ BAILON NARCISA ELIANA 07/03/22 ARQ. LUPE LANDA-\r\nSE ACTUALIZA INF CON ESCRITURA DE ADJUDICACION INSCRITA EN EL REG. DE LA PROPIEDAD. 16/01/2023 GGV\r\n", "observac_1": null, "barrio": "SAN JUAN", "parroquia_": 2, "barrio_id": 912, "proceso": 0, "fecha_regi": null, "activo_cat": "SI", "desactivad": 0, "avaluo_rem": 0.0, "avaluo_r_1": 0.0, "clasificac": "GENERAL", "anio_deuda": 0, "deuda": 0.0, "valor_ip": 0.0, "coactiva": null, "ficharegis": 82025, "etam": 0.1783068795, "diferencia": 0.0219175913, "porc_difer": 4.35521e-05, "admisible": 1, "deuda_anio": 0.0, "2019_csv_c": null, "clavecat_1": null, "2021__csv_": null, "2021__csv1": null, "Clavepre": "5-07-06-31-000", "RESOLUCION": "448-24-03-2022", "ORIG_FID": 321 }, "geometry": { "type": "Point", "coordinates": [ -80.757852172355086, -1.008864990836696 ] } },
{ "type": "Feature", "properties": { "id": 104866, "lote_id": 91398, "clavecatas": "5-07-08-09-000", "zona": "5", "sector": "07", "manzana": "08", "lote": "09", "ph": "000", "propietari": "VELIZ ALONZO JUANA PIEDAD", "documentop": "1307743334", "direccion": "B. SAN JUAN DE MANTA", "area_m2": 1468.0, "frente_uti": 129.91, "frente_tot": 129.91, "avaluo_con": 11232.0, "avaluo_sue": 22020.0, "zonaurbano": "URBANA", "parroquia": "MANTA", "esta_bloqu": "NO", "es_tercera": "NO", "tiene_elec": "NO", "tiene_agua": "NO", "tiene_alca": "NO", "observacio": "LEGALIZAR  A MANUEL ARTURO DELGADO MERO - CAMBIO DE CLASIFICACIÓN: MEMORANDO MTA-DFIN-MEM-160920211226, TRÁMITE TE090920211550 EN BASE A ART. 509 DEL COOTAD.-SE ACTUALIZA INFORMACION CON ESCRITURA DE ADJ.CON PROH.DE ENAJ.INSCRITA EN EL REG.DE LA PROPIE", "observac_1": null, "barrio": "SAN JUAN", "parroquia_": 2, "barrio_id": 912, "proceso": 0, "fecha_regi": null, "activo_cat": "SI", "desactivad": 0, "avaluo_rem": 0.0, "avaluo_r_1": 0.0, "clasificac": "GENERAL", "anio_deuda": 2025, "deuda": 225.65, "valor_ip": 0.0, "coactiva": null, "ficharegis": 85404, "etam": 0.1304989377, "diferencia": -24.202492169500001, "porc_difer": -0.0164867113, "admisible": 1, "deuda_anio": 132.38, "2019_csv_c": null, "clavecat_1": null, "2021__csv_": null, "2021__csv1": null, "Clavepre": "5-07-08-09-000", "RESOLUCION": "443-17-03-2022", "ORIG_FID": 322 }, "geometry": { "type": "Point", "coordinates": [ -80.758379239280558, -0.996374832046766 ] } },
{ "type": "Feature", "properties": { "id": 104873, "lote_id": 100440, "clavecatas": "5-07-08-16-000", "zona": "5", "sector": "07", "manzana": "08", "lote": "16", "ph": "000", "propietari": "VELEZ VELEZ MANUEL MARTIN", "documentop": "1306476019", "direccion": "SAN JUAN DE MANTA - CALLE PUBLICA", "area_m2": 454.5, "frente_uti": 38.35, "frente_tot": 17.5, "avaluo_con": 10300.0, "avaluo_sue": 7158.38, "zonaurbano": "URBANA", "parroquia": "MANTA", "esta_bloqu": "NO", "es_tercera": "NO", "tiene_elec": "NO", "tiene_agua": "NO", "tiene_alca": "NO", "observacio": "ASIGNADO CODIGO POR MICHAEL VERA PARA INF DE LEGALIZAR VELEZ VELEZ MANUEL MARTIN 04/03/22 ARQ. LUPE LANDA -SE ACTUALIZA INFORMACION CON ESCRITURA DE ADJ.CON PROH.DE ENAJ.INSCRITA EN EL REG.DE LA PROPIEDAD 02/10/2023 Y.C.S.-", "observac_1": null, "barrio": "SAN JUAN", "parroquia_": 2, "barrio_id": 912, "proceso": 0, "fecha_regi": null, "activo_cat": "SI", "desactivad": 0, "avaluo_rem": 0.0, "avaluo_r_1": 0.0, "clasificac": "GENERAL", "anio_deuda": 0, "deuda": 0.0, "valor_ip": 0.0, "coactiva": null, "ficharegis": 82314, "etam": 0.1407195089, "diferencia": 28.830492377500001, "porc_difer": 0.0634334266, "admisible": 1, "deuda_anio": 0.0, "2019_csv_c": null, "clavecat_1": null, "2021__csv_": null, "2021__csv1": null, "Clavepre": "5-07-08-16-000", "RESOLUCION": "443-17-03-2022", "ORIG_FID": 323 }, "geometry": { "type": "Point", "coordinates": [ -80.760137651529931, -0.99680483695554 ] } },
{ "type": "Feature", "properties": { "id": 104971, "lote_id": 100457, "clavecatas": "5-08-06-10-000", "zona": "5", "sector": "08", "manzana": "06", "lote": "10", "ph": "000", "propietari": "GOBIERNO AUTONOMO DESCENTRALIZADO  MUNICIPAL MANTA .", "documentop": "1360000980001", "direccion": "SAN JUAN DE MANTA - CALLE PUBLICA", "area_m2": 188.2, "frente_uti": 14.5, "frente_tot": 27.3, "avaluo_con": 0.0, "avaluo_sue": 2823.0, "zonaurbano": "URBANA", "parroquia": "MANTA", "esta_bloqu": "NO", "es_tercera": "NO", "tiene_elec": "NO", "tiene_agua": "NO", "tiene_alca": "NO", "observacio": "ASIGNADO CODIGO POR MICHAEL VERA PARA LEGALIZAR A FAVOR DE DELGADO MERO GULLERMO MAURO 7/03/22 ARQ. LUPE LANDA", "observac_1": null, "barrio": "SAN JUAN", "parroquia_": 2, "barrio_id": 912, "proceso": 0, "fecha_regi": null, "activo_cat": "SI", "desactivad": 0, "avaluo_rem": 0.0, "avaluo_r_1": 0.0, "clasificac": "GENERAL", "anio_deuda": 2026, "deuda": 0.04, "valor_ip": 0.0, "coactiva": null, "ficharegis": 0, "etam": 0.0728937328, "diferencia": 0.0213978121, "porc_difer": 0.0001136972, "admisible": 1, "deuda_anio": 0.0, "2019_csv_c": null, "clavecat_1": null, "2021__csv_": null, "2021__csv1": null, "Clavepre": "5-08-06-10-000", "RESOLUCION": "448-24-03-2022", "ORIG_FID": 324 }, "geometry": { "type": "Point", "coordinates": [ -80.755557546417208, -1.001231983200514 ] } },
{ "type": "Feature", "properties": { "id": 108177, "lote_id": 100521, "clavecatas": "8-01-26-72-000", "zona": "8", "sector": "01", "manzana": "26", "lote": "72", "ph": "000", "propietari": "GOBIERNO AUTONOMO DESCENTRALIZADO  MUNICIPAL MANTA .", "documentop": "1360000980001", "direccion": "PARROQUIA SAN MATEO BARRIO LAS LAURELES", "area_m2": 110.0, "frente_uti": 9.45, "frente_tot": 21.05, "avaluo_con": 0.0, "avaluo_sue": 4400.0, "zonaurbano": "URBANA", "parroquia": "SAN MATEO", "esta_bloqu": "NO", "es_tercera": "NO", "tiene_elec": "NO", "tiene_agua": "NO", "tiene_alca": "NO", "observacio": "CODIGO NUEVO ASIGANDO POR MACHEL VERA, POR LEGALIZAR LOPEZ DELGADO ANGELICA BERNALDA EL 17/03/22 ARQ. LUPE LANDA", "observac_1": null, "barrio": "LOS LAURELES", "parroquia_": 6, "barrio_id": 1091, "proceso": 0, "fecha_regi": null, "activo_cat": "SI", "desactivad": 0, "avaluo_rem": 0.0, "avaluo_r_1": 0.0, "clasificac": "GENERAL", "anio_deuda": 2026, "deuda": 0.76, "valor_ip": 0.0, "coactiva": null, "ficharegis": 0, "etam": 0.0953462589, "diferencia": -2.6488753523000002, "porc_difer": -0.024080685, "admisible": 1, "deuda_anio": 0.0, "2019_csv_c": null, "clavecat_1": null, "2021__csv_": null, "2021__csv1": null, "Clavepre": "8-01-26-72-000", "RESOLUCION": "448-24-03-2022", "ORIG_FID": 325 }, "geometry": { "type": "Point", "coordinates": [ -80.814371516651718, -0.958752594638614 ] } },
{ "type": "Feature", "properties": { "id": 108182, "lote_id": 74977, "clavecatas": "8-01-27-07-000", "zona": "8", "sector": "01", "manzana": "27", "lote": "07", "ph": "000", "propietari": "GOBIERNO AUTONOMO DESCENTRALIZADO MUNICIPAL DEL CANTON MANTA .", "documentop": "1360000980001", "direccion": "B. LOS LAURELES - LOTE INTERIOR CALLE SUCRE B.LO", "area_m2": 103.95, "frente_uti": 0.0, "frente_tot": 7.5, "avaluo_con": 9221.22, "avaluo_sue": 4158.0, "zonaurbano": "URBANA", "parroquia": "SAN MATEO", "esta_bloqu": "NO", "es_tercera": "SI", "tiene_elec": "NO", "tiene_agua": "NO", "tiene_alca": "NO", "observacio": "POR LEGALIZAR B/M A MENA SALGADO GLORIA CANDELARIA  29/07/20 ARQ. LUPE LANDA.. - CAMBIO DE CLASIFICACIÓN: MEMORANDO MTA-DFIN-MEM-160920211226, TRÁMITE TE090920211550 EN BASE A ART. 509 DEL COOTAD.", "observac_1": null, "barrio": "SAN MATEO", "parroquia_": 6, "barrio_id": 921, "proceso": 1, "fecha_regi": null, "activo_cat": "SI", "desactivad": 0, "avaluo_rem": 0.0, "avaluo_r_1": 0.0, "clasificac": "PROPIEDADES MUNICIPALES", "anio_deuda": 0, "deuda": 0.0, "valor_ip": 0.0, "coactiva": null, "ficharegis": 0, "etam": 0.0980816477, "diferencia": -9.9814266900999993, "porc_difer": -0.0960214208, "admisible": 1, "deuda_anio": 0.0, "2019_csv_c": null, "clavecat_1": null, "2021__csv_": null, "2021__csv1": null, "Clavepre": "8-01-27-07-000", "RESOLUCION": "443-17-03-2022", "ORIG_FID": 326 }, "geometry": { "type": "Point", "coordinates": [ -80.81333829043848, -0.959603906587282 ] } },
{ "type": "Feature", "properties": { "id": 108374, "lote_id": 75145, "clavecatas": "8-02-10-03-000", "zona": "8", "sector": "02", "manzana": "10", "lote": "03", "ph": "000", "propietari": "GOBIERNO AUTONOMO DESCENTRALIZADO  MUNICIPAL MANTA .", "documentop": "1360000980001", "direccion": "BARRIO VIRGEN DEL MAR MZ 10 LOT 03", "area_m2": 57.6, "frente_uti": 5.0, "frente_tot": 0.0, "avaluo_con": 18869.76, "avaluo_sue": 2073.6, "zonaurbano": "URBANA", "parroquia": "SAN MATEO", "esta_bloqu": "NO", "es_tercera": "NO", "tiene_elec": "NO", "tiene_agua": "NO", "tiene_alca": "NO", "observacio": "SE CORREGIR DE ACUERDO A LA PROCOLIZACION DE PLANOS -SELLO PROT.DE PLANO ANTONIO S.12/16/13 Y.C.S.- - CAMBIO DE CLASIFICACIÓN: MEMORANDO MTA-DFIN-MEM-160920211226, TRÁMITE TE090920211550 EN BASE A ART. 509 DEL COOTAD.", "observac_1": null, "barrio": "CORREGIR", "parroquia_": 6, "barrio_id": 348, "proceso": 1, "fecha_regi": null, "activo_cat": "SI", "desactivad": 0, "avaluo_rem": 0.0, "avaluo_r_1": 0.0, "clasificac": "POR LEGALIZAR", "anio_deuda": 0, "deuda": 0.0, "valor_ip": 0.0, "coactiva": null, "ficharegis": 0, "etam": 0.1, "diferencia": -29.218417289600001, "porc_difer": -0.5072641891, "admisible": 0, "deuda_anio": 0.0, "2019_csv_c": null, "clavecat_1": null, "2021__csv_": null, "2021__csv1": null, "Clavepre": "8-02-10-03-000", "RESOLUCION": "443-17-03-2022", "ORIG_FID": 327 }, "geometry": { "type": "Point", "coordinates": [ -80.8103682478922, -0.958686847350809 ] } },
{ "type": "Feature", "properties": { "id": 108384, "lote_id": 75155, "clavecatas": "8-02-10-18-000", "zona": "8", "sector": "02", "manzana": "10", "lote": "18", "ph": "000", "propietari": "GOBIERNO AUTÓNOMO DESCENTRALIZADO DE MANTA .", "documentop": "1360000980001", "direccion": "BARRIO VIRGEN DEL MAR MZ 10 LOT 18", "area_m2": 103.82, "frente_uti": 11.7, "frente_tot": 0.0, "avaluo_con": 13708.8, "avaluo_sue": 3737.52, "zonaurbano": "URBANA", "parroquia": "SAN MATEO", "esta_bloqu": "NO", "es_tercera": "NO", "tiene_elec": "NO", "tiene_agua": "NO", "tiene_alca": "NO", "observacio": "PROCOLIZACION DE PLANOS -SELLO PROT.DE PLANO ANTONIO S.12/16/13 Y.C.S.- REV. AVALUO  LEGALIZACION 31/8/20 ING FERRADA. - Cambio de Clasificación: Memorando MTA-DFIN-MEM-160920211226, trámite TE090920211550 en base a Art. 509 del COOTAD.", "observac_1": null, "barrio": "SAN MATEO", "parroquia_": 6, "barrio_id": 921, "proceso": 1, "fecha_regi": null, "activo_cat": "SI", "desactivad": 0, "avaluo_rem": 0.0, "avaluo_r_1": 0.0, "clasificac": "PROPIEDADES MUNICIPALES", "anio_deuda": 0, "deuda": 0.0, "valor_ip": 0.0, "coactiva": null, "ficharegis": 0, "etam": 0.0981430358, "diferencia": 0.7201157217, "porc_difer": 0.0069361946, "admisible": 1, "deuda_anio": 0.0, "2019_csv_c": null, "clavecat_1": null, "2021__csv_": null, "2021__csv1": null, "Clavepre": "8-02-10-18-000", "RESOLUCION": "443-17-03-2022", "ORIG_FID": 328 }, "geometry": { "type": "Point", "coordinates": [ -80.810686562047749, -0.958849585622106 ] } },
{ "type": "Feature", "properties": { "id": 108525, "lote_id": 75272, "clavecatas": "8-02-19-28-000", "zona": "8", "sector": "02", "manzana": "19", "lote": "28", "ph": "000", "propietari": "LOPEZ CASTAÑO ALADINO AURENCIO", "documentop": "1309030029", "direccion": "P. SAN MATEO C.SAN GREGORIO B.SAN PEDRO", "area_m2": 170.0, "frente_uti": 32.3, "frente_tot": 32.3, "avaluo_con": 10533.6, "avaluo_sue": 6800.0, "zonaurbano": "URBANA", "parroquia": "SAN MATEO", "esta_bloqu": "NO", "es_tercera": "SI", "tiene_elec": "NO", "tiene_agua": "NO", "tiene_alca": "NO", "observacio": "SE INGRESA LA CONST. INF. PATRICIO LEON, FEBRERO 13/07 MR SE CORRIGE ÁREA DE ACUERDO AL INFORME DE LEGALIZACIÓN LOPEZ CASTAÑO ALADINO AURENCIO.30/11/2018 LLCH. - CAMBIO DE CLASIFICACIÓN: MEMORANDO MTA-DFIN-MEM-160920211226, TRÁMITE TE090920211550 EN", "observac_1": null, "barrio": "CORREGIR", "parroquia_": 6, "barrio_id": 348, "proceso": 1, "fecha_regi": null, "activo_cat": "SI", "desactivad": 0, "avaluo_rem": 0.0, "avaluo_r_1": 0.0, "clasificac": "GENERAL", "anio_deuda": 2026, "deuda": 26.49, "valor_ip": 0.0, "coactiva": null, "ficharegis": 82470, "etam": 0.0766964989, "diferencia": -45.462667985700001, "porc_difer": -0.2674274587, "admisible": 0, "deuda_anio": 0.0, "2019_csv_c": null, "clavecat_1": null, "2021__csv_": null, "2021__csv1": null, "Clavepre": "8-02-19-28-000", "RESOLUCION": "443-17-03-2022", "ORIG_FID": 329 }, "geometry": { "type": "Point", "coordinates": [ -80.811643125202764, -0.960009720404945 ] } },
{ "type": "Feature", "properties": { "id": 108549, "lote_id": 97214, "clavecatas": "8-02-20-16-000", "zona": "8", "sector": "02", "manzana": "20", "lote": "16", "ph": "000", "propietari": "LOPEZ FLORES ADRIAN ALEXANDER", "documentop": "1313719518", "direccion": "B. LA PAZ DE LA P. SAN MATEO", "area_m2": 50.0, "frente_uti": 5.1, "frente_tot": 5.1, "avaluo_con": 23920.0, "avaluo_sue": 2000.0, "zonaurbano": "URBANA", "parroquia": "SAN MATEO", "esta_bloqu": "NO", "es_tercera": "NO", "tiene_elec": "NO", "tiene_agua": "NO", "tiene_alca": "NO", "observacio": "POR LEGALIZAR B/M LOPEZ FLORES ADRIAN ALEXANDER 09/0/20 ARQ. LUPE LANDA..-SE ACTUALIZA INFORMACION CON ESCRITURA DE ADJ.CON PROH.DE ENAJ.INSCRITA EN EL REG.DE LA PROPIEDAD 11/25/2024 Y.C.S.-", "observac_1": null, "barrio": "CRISTO REY", "parroquia_": 6, "barrio_id": 209, "proceso": 0, "fecha_regi": null, "activo_cat": "SI", "desactivad": 0, "avaluo_rem": 0.0, "avaluo_r_1": 0.0, "clasificac": "GENERAL", "anio_deuda": 0, "deuda": 0.0, "valor_ip": 0.0, "coactiva": null, "ficharegis": 87515, "etam": 0.1, "diferencia": -3.0286758791000001, "porc_difer": -0.0605735176, "admisible": 1, "deuda_anio": 0.0, "2019_csv_c": null, "clavecat_1": null, "2021__csv_": null, "2021__csv1": null, "Clavepre": "8-02-20-16-000", "RESOLUCION": "443-17-03-2022", "ORIG_FID": 330 }, "geometry": { "type": "Point", "coordinates": [ -80.811665522693943, -0.960184893722369 ] } },
{ "type": "Feature", "properties": { "id": 108781, "lote_id": 100441, "clavecatas": "8-02-70-01-000", "zona": "8", "sector": "02", "manzana": "70", "lote": "01", "ph": "000", "propietari": "OSTAIZA CUSME JORGE IVAN", "documentop": "1306233121", "direccion": "SAN MATEO - B. LAS FLORES - CALLE SAN MARTIN", "area_m2": 107.0, "frente_uti": 23.05, "frente_tot": 23.05, "avaluo_con": 14615.32, "avaluo_sue": 4066.0, "zonaurbano": "URBANA", "parroquia": "SAN MATEO", "esta_bloqu": "NO", "es_tercera": "NO", "tiene_elec": "NO", "tiene_agua": "NO", "tiene_alca": "NO", "observacio": "ASIGNADO CODIGO POR MICHAEL VERA PARA INF DE LEGALIZAR OSTAIZA CUSME JORGE IVAN 04/03/22 ARQ. LUPE LANDA-SE ACTUALIZA INF EN BASE A ESCRITURA DE ADJUDICACION INSCRITA EN EL REG. DE LA PROPIEDAD.05/01/2025 GGV", "observac_1": null, "barrio": "SAN MATEO", "parroquia_": 6, "barrio_id": 921, "proceso": 0, "fecha_regi": null, "activo_cat": "SI", "desactivad": 0, "avaluo_rem": 0.0, "avaluo_r_1": 0.0, "clasificac": "GENERAL", "anio_deuda": 0, "deuda": 0.0, "valor_ip": 0.0, "coactiva": null, "ficharegis": 91275, "etam": 0.0966736489, "diferencia": 0.1586973323, "porc_difer": 0.0014831526, "admisible": 1, "deuda_anio": 0.0, "2019_csv_c": null, "clavecat_1": null, "2021__csv_": null, "2021__csv1": null, "Clavepre": "8-02-70-01-000", "RESOLUCION": "443-17-03-2022", "ORIG_FID": 331 }, "geometry": { "type": "Point", "coordinates": [ -80.81004746391892, -0.963781753823989 ] } },
{ "type": "Feature", "properties": { "id": 1006, "lote_id": 853, "clavecatas": "1-01-49-02-000", "zona": "1", "sector": "01", "manzana": "49", "lote": "02", "ph": "000", "propietari": "GOBIERNO AUTONOMO DESCENTRALIZADO  MUNICIPAL MANTA .", "documentop": "1360000980001", "direccion": "URB. MUNICIPAL GUSTALLA- LOTE -02", "area_m2": 189.0, "frente_uti": 9.0, "frente_tot": 9.0, "avaluo_con": 0.0, "avaluo_sue": 19845.0, "zonaurbano": "URBANA", "parroquia": "MANTA", "esta_bloqu": "NO", "es_tercera": "SI", "tiene_elec": "SI", "tiene_agua": "SI", "tiene_alca": "NO", "observacio": "ING. NUEVO INF. AMPARO Q. JUNIO 05/07 MR.-SE MODIFICA NOMBRE X DEPURAC.8/06/12 A.Q.", "observac_1": null, "barrio": "5 DE JUNIO", "parroquia_": 2, "barrio_id": 117, "proceso": 0, "fecha_regi": null, "activo_cat": "SI", "desactivad": 0, "avaluo_rem": 0.0, "avaluo_r_1": 0.0, "clasificac": "POR LEGALIZAR", "anio_deuda": 0, "deuda": 0.0, "valor_ip": 0.0, "coactiva": null, "ficharegis": 0, "etam": 0.0727392967, "diferencia": 9.2325439069000002, "porc_difer": 0.0488494387, "admisible": 1, "deuda_anio": 0.0, "2019_csv_c": null, "clavecat_1": null, "2021__csv_": null, "2021__csv1": null, "Clavepre": "1-01-49-02-000", "RESOLUCION": "443-17-03-2022", "ORIG_FID": 335 }, "geometry": { "type": "Point", "coordinates": [ -80.728123858360178, -0.958296984886014 ] } },
{ "type": "Feature", "properties": { "id": 1008, "lote_id": 855, "clavecatas": "1-01-49-04-000", "zona": "1", "sector": "01", "manzana": "49", "lote": "04", "ph": "000", "propietari": "GOBIERNO AUTONOMO DESCENTRALIZADO  MUNICIPAL MANTA .", "documentop": "1360000980001", "direccion": "LT. 04 URB. MUNICIPAL GUASTAYA", "area_m2": 231.0, "frente_uti": 11.0, "frente_tot": 11.0, "avaluo_con": 24587.2, "avaluo_sue": 24255.0, "zonaurbano": "URBANA", "parroquia": "MANTA", "esta_bloqu": "NO", "es_tercera": "NO", "tiene_elec": "SI", "tiene_agua": "SI", "tiene_alca": "NO", "observacio": "INF,. NUEVO INF. AMPARO Q. JUNIO 05/07 MR.-SE MODIFICA NOMBRE X DEPURAC.8/06/12 A.Q.", "observac_1": null, "barrio": "5 DE JUNIO", "parroquia_": 2, "barrio_id": 117, "proceso": 0, "fecha_regi": null, "activo_cat": "SI", "desactivad": 0, "avaluo_rem": 0.0, "avaluo_r_1": 0.0, "clasificac": "POR LEGALIZAR", "anio_deuda": 0, "deuda": 0.0, "valor_ip": 0.0, "coactiva": null, "ficharegis": 0, "etam": 0.131590339, "diferencia": 14.945147200699999, "porc_difer": 0.0646976069, "admisible": 1, "deuda_anio": 0.0, "2019_csv_c": null, "clavecat_1": null, "2021__csv_": null, "2021__csv1": null, "Clavepre": "1-01-49-04-000", "RESOLUCION": "443-17-03-2022", "ORIG_FID": 336 }, "geometry": { "type": "Point", "coordinates": [ -80.728038401333819, -0.958445785347813 ] } },
{ "type": "Feature", "properties": { "id": 1013, "lote_id": 860, "clavecatas": "1-01-49-09-000", "zona": "1", "sector": "01", "manzana": "49", "lote": "09", "ph": "000", "propietari": "GOBIERNO AUTONOMO DESCENTRALIZADO  MUNICIPAL MANTA .", "documentop": "1360000980001", "direccion": "LT. 09 URB. MUNICIPAL GUASTALLA", "area_m2": 361.89, "frente_uti": 22.0, "frente_tot": 38.3, "avaluo_con": 48926.78, "avaluo_sue": 37998.45, "zonaurbano": "URBANA", "parroquia": "MANTA", "esta_bloqu": "NO", "es_tercera": "NO", "tiene_elec": "SI", "tiene_agua": "SI", "tiene_alca": "NO", "observacio": "INF. NUEVO INF. AMPARO Q. JUNIO 5/07 MR.-SE MODIFICA NOMBRE X DEPURACION 8/06/12 A.Q.", "observac_1": null, "barrio": "5 DE JUNIO", "parroquia_": 2, "barrio_id": 117, "proceso": 0, "fecha_regi": null, "activo_cat": "SI", "desactivad": 0, "avaluo_rem": 0.0, "avaluo_r_1": 0.0, "clasificac": "POR LEGALIZAR", "anio_deuda": 0, "deuda": 0.0, "valor_ip": 0.0, "coactiva": null, "ficharegis": 0, "etam": 0.1577004612, "diferencia": -0.0008275388, "porc_difer": -2.2867e-06, "admisible": 1, "deuda_anio": 0.0, "2019_csv_c": null, "clavecat_1": null, "2021__csv_": null, "2021__csv1": null, "Clavepre": "1-01-49-09-000", "RESOLUCION": "443-17-03-2022", "ORIG_FID": 337 }, "geometry": { "type": "Point", "coordinates": [ -80.727682105170643, -0.958697365451386 ] } },
{ "type": "Feature", "properties": { "id": 1019, "lote_id": 866, "clavecatas": "1-01-49-15-000", "zona": "1", "sector": "01", "manzana": "49", "lote": "15", "ph": "000", "propietari": "MERO PARRALES JOSE GREGORIO", "documentop": "1301782825", "direccion": "LT. 15 URB. MUNICIPAL GUSTALLA", "area_m2": 198.0, "frente_uti": 9.0, "frente_tot": 0.0, "avaluo_con": 22464.8, "avaluo_sue": 17775.45, "zonaurbano": "URBANA", "parroquia": "MANTA", "esta_bloqu": "NO", "es_tercera": "SI", "tiene_elec": "SI", "tiene_agua": "SI", "tiene_alca": "NO", "observacio": "ING. NUEVO INF. AMPARO Q. JUNIO 05/07 MR-SE ACTUALIZA INF EN BASE A ESCRITURA DE ADJUDICACION INSCRITA EN EL REG. DE LA PROPIEDAD.21/10/2025 GGV", "observac_1": null, "barrio": "5 DE JUNIO", "parroquia_": 2, "barrio_id": 117, "proceso": 0, "fecha_regi": null, "activo_cat": "SI", "desactivad": 0, "avaluo_rem": 0.0, "avaluo_r_1": 0.0, "clasificac": "GENERAL", "anio_deuda": 2026, "deuda": 42.12, "valor_ip": 0.0, "coactiva": null, "ficharegis": 90228, "etam": 0.0710669055, "diferencia": 0.0008815006, "porc_difer": 4.452e-06, "admisible": 1, "deuda_anio": 0.0, "2019_csv_c": null, "clavecat_1": null, "2021__csv_": null, "2021__csv1": null, "Clavepre": "1-01-49-15-000", "RESOLUCION": "443-17-03-2022", "ORIG_FID": 338 }, "geometry": { "type": "Point", "coordinates": [ -80.727928696033572, -0.95825854913347 ] } }
]
}
