{
"type": "FeatureCollection",
"name": "2023_P",
"crs": { "type": "name", "properties": { "name": "urn:ogc:def:crs:OGC:1.3:CRS84" } },
"features": [
{ "type": "Feature", "properties": { "id": 86738, "lote_id": 66225, "clavecatas": "3-23-52-10-000", "zona": "3", "sector": "23", "manzana": "52", "lote": "10", "ph": "000", "propietari": "MOREIRA MERA CRISTHIAN MAURICIO", "documentop": "0928466531", "direccion": "URBIRIOS II MZ-9 LOTE 10", "area_m2": 144.0, "frente_uti": 8.0, "frente_tot": 0.0, "avaluo_con": 656.88, "avaluo_sue": 4665.6, "zonaurbano": "URBANA", "parroquia": "TARQUI", "esta_bloqu": "NO", "es_tercera": "NO", "tiene_elec": "SI", "tiene_agua": "SI", "tiene_alca": "NO", "observacio": "-INGRESO NUEVO X LOTEO SE DESM. Y CANCELO HASTA EL 2005 CON LA 3270201 INF.AMPARO Q. 09/11/06 Y.C.S.- ACTUALIZACION INF. AMPARO Q. JULIO 14/09 MR-SE ACTUALIZA INF EN BASE A ESCRITURA DE ADJUDICACIÓN DE LOTE INSCRITA EN EL REG. DE LA PROPIEDAD.29/02/2024", "observac_1": null, "barrio": "URBIRRIOS 2", "parroquia_": 3, "barrio_id": 1046, "proceso": 1, "fecha_regi": null, "activo_cat": "SI", "desactivad": 0, "avaluo_rem": 0.0, "avaluo_r_1": 0.0, "clasificac": "GENERAL", "anio_deuda": 0, "deuda": 0.0, "valor_ip": 0.0, "coactiva": null, "ficharegis": 82575, "etam": 0.0833333333, "diferencia": -3.5138717288, "porc_difer": -0.024401887, "admisible": 1, "deuda_anio": 0.0, "2019_csv_c": null, "clavecat_1": "3-23-52-10-000", "2021__csv_": null, "2021__csv1": null, "2022__csv_": "3-23-52-10-000", "2022__csv1": "617-05-01-2023", "Clavepre": "3-23-52-10-000", "RESOLUCION": "617-05-01-2023", "ORIG_FID": 0 }, "geometry": { "type": "Point", "coordinates": [ -80.728209512609283, -1.00081672983633 ] } },
{ "type": "Feature", "properties": { "id": 86751, "lote_id": 66238, "clavecatas": "3-23-52-23-000", "zona": "3", "sector": "23", "manzana": "52", "lote": "23", "ph": "000", "propietari": "CHAVEZ CASTRO JOSE LUIS", "documentop": "1309662367", "direccion": "URBIRIOS II MZ-9 LOTE 23", "area_m2": 144.0, "frente_uti": 8.0, "frente_tot": 0.0, "avaluo_con": 2400.0, "avaluo_sue": 5184.0, "zonaurbano": "URBANA", "parroquia": "TARQUI", "esta_bloqu": "NO", "es_tercera": "NO", "tiene_elec": "SI", "tiene_agua": "SI", "tiene_alca": "NO", "observacio": "-INGRESO NUEVO X LOTEO SE DESM. Y CANCELO HASTA EL 2005 CON LA 3270201 INF.AMPARO Q. 09/11/06 Y.C.S.- ACTUALIZACION INF. AMPARO Q. JULIO 14/09 MR-SE ACTUALIZA INF EN BASE A ESCRITURA DE ADJUDICACION/PROHIBICION DE ENAJENAR INSCRITA EN EL REG. DE LA PROPI", "observac_1": null, "barrio": "URBIRRIOS 2", "parroquia_": 3, "barrio_id": 1046, "proceso": 1, "fecha_regi": null, "activo_cat": "SI", "desactivad": 0, "avaluo_rem": 0.0, "avaluo_r_1": 0.0, "clasificac": "GENERAL", "anio_deuda": 0, "deuda": 0.0, "valor_ip": 0.0, "coactiva": null, "ficharegis": 67434, "etam": 0.0833333333, "diferencia": 4.9022913413999998, "porc_difer": 0.0340436899, "admisible": 1, "deuda_anio": 0.0, "2019_csv_c": null, "clavecat_1": "3-23-52-23-000", "2021__csv_": null, "2021__csv1": null, "2022__csv_": "3-23-52-23-000", "2022__csv1": "617-05-01-2023", "Clavepre": "3-23-52-23-000", "RESOLUCION": "617-05-01-2023", "ORIG_FID": 1 }, "geometry": { "type": "Point", "coordinates": [ -80.728244004964168, -1.000604521959902 ] } },
{ "type": "Feature", "properties": { "id": 86766, "lote_id": 66253, "clavecatas": "3-23-53-08-000", "zona": "3", "sector": "23", "manzana": "53", "lote": "08", "ph": "000", "propietari": "MACIAS BRAVO REBECA MARIBEL", "documentop": "1304364605", "direccion": "URBIRRIOS II MZ-8 LOTE 8", "area_m2": 144.0, "frente_uti": 8.0, "frente_tot": 0.0, "avaluo_con": 0.0, "avaluo_sue": 5184.0, "zonaurbano": "URBANA", "parroquia": "TARQUI", "esta_bloqu": "NO", "es_tercera": "NO", "tiene_elec": "SI", "tiene_agua": "SI", "tiene_alca": "NO", "observacio": "-INGRESO NUEVO X LOTEO SE DESM. Y CANCELO HASTA EL 2005 CON LA 3270201 INF.AMPARO Q. 09/12/06 Y.C.S.- C-4127-07 ACTUALIZACION INF. AMPARO Q. JULIO 15/09 MR\r\nINF. PARA CERTIF. INGRES. POR AREA DE LEGALIZACION INSP. LUIS LOPEZ, ENERO 16-14 \r\nSE ACTUALIZA I", "observac_1": null, "barrio": "OTRAS AREAS", "parroquia_": 3, "barrio_id": 0, "proceso": 1, "fecha_regi": null, "activo_cat": "SI", "desactivad": 0, "avaluo_rem": 0.0, "avaluo_r_1": 0.0, "clasificac": "GENERAL", "anio_deuda": 2024, "deuda": 36.51, "valor_ip": 0.0, "coactiva": null, "ficharegis": 74841, "etam": 0.0833333333, "diferencia": 2.0618982066, "porc_difer": 0.0143187375, "admisible": 1, "deuda_anio": 27.58, "2019_csv_c": null, "clavecat_1": "3-23-53-08-000", "2021__csv_": null, "2021__csv1": null, "2022__csv_": "3-23-53-08-000", "2022__csv1": "617-05-01-2023", "Clavepre": "3-23-53-08-000", "RESOLUCION": "617-05-01-2023", "ORIG_FID": 2 }, "geometry": { "type": "Point", "coordinates": [ -80.728106288055812, -1.000388452536657 ] } },
{ "type": "Feature", "properties": { "id": 86799, "lote_id": 66286, "clavecatas": "3-23-54-11-000", "zona": "3", "sector": "23", "manzana": "54", "lote": "11", "ph": "000", "propietari": "GARCIA COBEÑA LEONARDO UGUILDER", "documentop": "1311823023", "direccion": "URBIRRIOS II MZ-7 LOTE 11", "area_m2": 144.0, "frente_uti": 8.0, "frente_tot": 0.0, "avaluo_con": 4140.0, "avaluo_sue": 5760.0, "zonaurbano": "URBANA", "parroquia": "TARQUI", "esta_bloqu": "NO", "es_tercera": "NO", "tiene_elec": "SI", "tiene_agua": "SI", "tiene_alca": "NO", "observacio": "-INGRESO NUEVO X LOTEO SE DESM. Y CANCELO HASTA EL 2005 CON LA 3270201 INF.AMPARO Q. 09/1806 Y.C.S.- ACTUALIZACION INF. AMPARO Q. JULIO 15/09 MR\r\nINF. PARA CERTIF. INGRES. POR AREA DE LEGALIZACION INSP. LUIS LOPEZ, ENERO 15-14 -SE ACTUALIZA INFORMACION C", "observac_1": null, "barrio": "OTRAS AREAS", "parroquia_": 3, "barrio_id": 0, "proceso": 1, "fecha_regi": null, "activo_cat": "SI", "desactivad": 0, "avaluo_rem": 0.0, "avaluo_r_1": 0.0, "clasificac": "GENERAL", "anio_deuda": 2025, "deuda": 22.96, "valor_ip": 0.0, "coactiva": null, "ficharegis": 82590, "etam": 0.0833333333, "diferencia": -4.5333923111000001, "porc_difer": -0.031481891, "admisible": 1, "deuda_anio": 13.07, "2019_csv_c": null, "clavecat_1": "3-23-54-11-000", "2021__csv_": null, "2021__csv1": null, "2022__csv_": "3-23-54-11-000", "2022__csv1": "617-05-01-2023", "Clavepre": "3-23-54-11-000", "RESOLUCION": "617-05-01-2023", "ORIG_FID": 3 }, "geometry": { "type": "Point", "coordinates": [ -80.727699629951715, -1.000158491026978 ] } },
{ "type": "Feature", "properties": { "id": 86800, "lote_id": 66287, "clavecatas": "3-23-54-12-000", "zona": "3", "sector": "23", "manzana": "54", "lote": "12", "ph": "000", "propietari": "PONCE SAAVEDRA JENNIFER KATIUSKA", "documentop": "1312687807", "direccion": "URBIRRIOS II MZ-7 LOTE 12", "area_m2": 144.0, "frente_uti": 8.0, "frente_tot": 0.0, "avaluo_con": 3864.0, "avaluo_sue": 5760.0, "zonaurbano": "URBANA", "parroquia": "TARQUI", "esta_bloqu": "NO", "es_tercera": "NO", "tiene_elec": "SI", "tiene_agua": "SI", "tiene_alca": "NO", "observacio": "-INGRESO NUEVO X LOTEO SE DESM. Y CANCELO HASTA EL 2005 CON LA 3270201 INF.AMPARO Q. 09/1806 Y.C.S.- ACTUALIZACION INF. AMPARO Q. JULIO 15/09 MR INF. PARA CERTIF. INGRES. POR AREA DE LEGALIZACION INSP. LUIS LOPEZ, ENERO 16-14 -SE ACTUALIZA INFORMACION CO", "observac_1": null, "barrio": "OTRAS AREAS", "parroquia_": 3, "barrio_id": 0, "proceso": 1, "fecha_regi": null, "activo_cat": "SI", "desactivad": 0, "avaluo_rem": 0.0, "avaluo_r_1": 0.0, "clasificac": "GENERAL", "anio_deuda": 0, "deuda": 0.0, "valor_ip": 0.0, "coactiva": null, "ficharegis": 82593, "etam": 0.0833333333, "diferencia": 10.549613576900001, "porc_difer": 0.0732612054, "admisible": 1, "deuda_anio": 0.0, "2019_csv_c": null, "clavecat_1": "3-23-54-12-000", "2021__csv_": null, "2021__csv1": null, "2022__csv_": "3-23-54-12-000", "2022__csv1": "617-05-01-2023", "Clavepre": "3-23-54-12-000", "RESOLUCION": "617-05-01-2023", "ORIG_FID": 4 }, "geometry": { "type": "Point", "coordinates": [ -80.727640296554924, -1.000198773906642 ] } },
{ "type": "Feature", "properties": { "id": 86803, "lote_id": 66290, "clavecatas": "3-23-54-15-000", "zona": "3", "sector": "23", "manzana": "54", "lote": "15", "ph": "000", "propietari": "VALENCIA FARIAS MARIA NOEMI", "documentop": "1304915935", "direccion": "URBIRRIOS II MZ-7 LOTE 15", "area_m2": 180.0, "frente_uti": 28.0, "frente_tot": 0.0, "avaluo_con": 23913.6, "avaluo_sue": 7560.0, "zonaurbano": "URBANA", "parroquia": "TARQUI", "esta_bloqu": "NO", "es_tercera": "SI", "tiene_elec": "SI", "tiene_agua": "SI", "tiene_alca": "NO", "observacio": "-INGRESO NUEVO X LOTEO SE DESM. Y CANCELO HASTA EL 2005 CON LA 3270201 INF.AMPARO Q. 09/1806 Y.C.S.- ACTUALIZACION INF. AMPARO Q. JULIO 15/09 MR\r\nINF. PARA CERTIF. INGRES. POR AREA DE LEGALIZACION INSP. LUIS LOPEZ, ENERO 16-14 \r\nSE ACTUALIZA INF EN BASE", "observac_1": null, "barrio": "URBIRRIOS 2", "parroquia_": 3, "barrio_id": 1046, "proceso": 1, "fecha_regi": null, "activo_cat": "SI", "desactivad": 0, "avaluo_rem": 0.0, "avaluo_r_1": 0.0, "clasificac": "GENERAL", "anio_deuda": 2025, "deuda": 56.53, "valor_ip": 0.0, "coactiva": null, "ficharegis": 82594, "etam": 0.0745355992, "diferencia": -7.6155378775000004, "porc_difer": -0.0423085438, "admisible": 1, "deuda_anio": 35.85, "2019_csv_c": null, "clavecat_1": "3-23-54-15-000", "2021__csv_": null, "2021__csv1": null, "2022__csv_": "3-23-54-15-000", "2022__csv1": "617-05-01-2023", "Clavepre": "3-23-54-15-000", "RESOLUCION": "617-05-01-2023", "ORIG_FID": 5 }, "geometry": { "type": "Point", "coordinates": [ -80.727452352387473, -1.000326107766625 ] } },
{ "type": "Feature", "properties": { "id": 86807, "lote_id": 66294, "clavecatas": "3-23-54-19-000", "zona": "3", "sector": "23", "manzana": "54", "lote": "19", "ph": "000", "propietari": "CEDEÑO MAJADO SANTA SALOME", "documentop": "1310189574", "direccion": "URBIRRIOS II MZ-7 LOTE 19", "area_m2": 144.0, "frente_uti": 8.0, "frente_tot": 0.0, "avaluo_con": 12220.0, "avaluo_sue": 5184.0, "zonaurbano": "URBANA", "parroquia": "MANTA", "esta_bloqu": "NO", "es_tercera": "NO", "tiene_elec": "SI", "tiene_agua": "SI", "tiene_alca": "NO", "observacio": "-INGRESO NUEVO X LOTEO SE DESM. Y CANCELO HASTA EL 2005 CON LA 3270201 INF.AMPARO Q. 09/1806 Y.C.S.- C-3836-07 ACTUALIZACION INF. AMPARO Q. JULIO 15/09 MR - ACTUALIZACION INF. AMPARO Q. JULIO 15/09 MR\r\nINF. PARA CERTIF. INGRES. POR AREA DE LEGALIZACION I", "observac_1": null, "barrio": "OTRAS AREAS", "parroquia_": 1, "barrio_id": 0, "proceso": 1, "fecha_regi": null, "activo_cat": "SI", "desactivad": 0, "avaluo_rem": 0.0, "avaluo_r_1": 0.0, "clasificac": "GENERAL", "anio_deuda": 2026, "deuda": 16.07, "valor_ip": 0.0, "coactiva": null, "ficharegis": 82580, "etam": 0.0833333333, "diferencia": 9.3558397874000008, "porc_difer": 0.0649711096, "admisible": 1, "deuda_anio": 0.0, "2019_csv_c": null, "clavecat_1": "3-23-54-19-000", "2021__csv_": null, "2021__csv1": null, "2022__csv_": "3-23-54-19-000", "2022__csv1": "617-05-01-2023", "Clavepre": "3-23-54-19-000", "RESOLUCION": "617-05-01-2023", "ORIG_FID": 6 }, "geometry": { "type": "Point", "coordinates": [ -80.727551883278437, -1.0000636990575 ] } },
{ "type": "Feature", "properties": { "id": 86857, "lote_id": 66344, "clavecatas": "3-23-56-09-000", "zona": "3", "sector": "23", "manzana": "56", "lote": "09", "ph": "000", "propietari": "AMAGUAY CARLOSAMA PEDRO PATRICIO", "documentop": "0920705282", "direccion": "URBIRIOS II MZ-5 LOTE 9", "area_m2": 144.0, "frente_uti": 8.0, "frente_tot": 0.0, "avaluo_con": 0.0, "avaluo_sue": 5184.0, "zonaurbano": "URBANA", "parroquia": "MANTA", "esta_bloqu": "NO", "es_tercera": "NO", "tiene_elec": "SI", "tiene_agua": "SI", "tiene_alca": "NO", "observacio": "-INGRESO NUEVO X LOTEO SE DESM. Y CANCELO HASTA EL 2005 CON LA 3270201 INF.AMPARO Q. 09/19/06 Y.C.S.- C-2100-08 162-09 ACTUALIZACION INF. AMPARO Q. JULIO 15/09 MR.- SE ACTUALIZA INFORMACIÓN CON ESCRITURA DE ADJUDICACIÓN  INSCRITA EN EL REGISTRO DE LA P", "observac_1": null, "barrio": "OTRAS AREAS", "parroquia_": 1, "barrio_id": 0, "proceso": 1, "fecha_regi": null, "activo_cat": "SI", "desactivad": 0, "avaluo_rem": 0.0, "avaluo_r_1": 0.0, "clasificac": "GENERAL", "anio_deuda": 2025, "deuda": 19.75, "valor_ip": 0.0, "coactiva": null, "ficharegis": 77040, "etam": 0.0833333333, "diferencia": 3.887848196, "porc_difer": 0.0269989458, "admisible": 1, "deuda_anio": 11.66, "2019_csv_c": null, "clavecat_1": "3-23-56-09-000", "2021__csv_": null, "2021__csv1": null, "2022__csv_": "3-23-56-09-000", "2022__csv1": "617-05-01-2023", "Clavepre": "3-23-56-09-000", "RESOLUCION": "617-05-01-2023", "ORIG_FID": 7 }, "geometry": { "type": "Point", "coordinates": [ -80.727329171264344, -0.999308621563428 ] } },
{ "type": "Feature", "properties": { "id": 86865, "lote_id": 66352, "clavecatas": "3-23-56-17-000", "zona": "3", "sector": "23", "manzana": "56", "lote": "17", "ph": "000", "propietari": "CUENCA PONCE JOSE MIGUEL", "documentop": "1309471074", "direccion": "URBIRRIOS II MZ-05 LOTE 17", "area_m2": 144.0, "frente_uti": 8.0, "frente_tot": 0.0, "avaluo_con": 8668.8, "avaluo_sue": 5184.0, "zonaurbano": "URBANA", "parroquia": "TARQUI", "esta_bloqu": "NO", "es_tercera": "NO", "tiene_elec": "SI", "tiene_agua": "SI", "tiene_alca": "NO", "observacio": "-INGRESO NUEVO X LOTEO SE DESM. Y CANCELO HASTA EL 2005 CON LA 3270201 INF.AMPARO Q. 09/19/06 Y.C.S.- C-4025-07 ACTUALIZACION INF. AMPARO Q. JULIO 15/09 MR INF. PARA CERTIF. INGRES. POR AREA DE LEGALIZACION INSP. LUIS LOPEZ, ENERO 22-14 CERTIFICADO DE AV", "observac_1": null, "barrio": "OTRAS AREAS", "parroquia_": 3, "barrio_id": 0, "proceso": 1, "fecha_regi": null, "activo_cat": "SI", "desactivad": 0, "avaluo_rem": 0.0, "avaluo_r_1": 0.0, "clasificac": "GENERAL", "anio_deuda": 2026, "deuda": 20.75, "valor_ip": 0.0, "coactiva": null, "ficharegis": 66648, "etam": 0.0833333333, "diferencia": -5.8252024705999998, "porc_difer": -0.0404527949, "admisible": 1, "deuda_anio": 0.0, "2019_csv_c": null, "clavecat_1": "3-23-56-17-000", "2021__csv_": null, "2021__csv1": null, "2022__csv_": "3-23-56-17-000", "2022__csv1": "617-05-01-2023", "Clavepre": "3-23-56-17-000", "RESOLUCION": "617-05-01-2023", "ORIG_FID": 8 }, "geometry": { "type": "Point", "coordinates": [ -80.726937024880698, -0.999362972366722 ] } },
{ "type": "Feature", "properties": { "id": 86870, "lote_id": 66357, "clavecatas": "3-23-56-22-000", "zona": "3", "sector": "23", "manzana": "56", "lote": "22", "ph": "000", "propietari": "VERA CEDEÑO TERESA DOLORES", "documentop": "1305647396", "direccion": "URBIRRIOS II MZ-05 LOTE 22", "area_m2": 144.0, "frente_uti": 8.0, "frente_tot": 0.0, "avaluo_con": 6624.0, "avaluo_sue": 5760.0, "zonaurbano": "URBANA", "parroquia": "TARQUI", "esta_bloqu": "NO", "es_tercera": "NO", "tiene_elec": "SI", "tiene_agua": "SI", "tiene_alca": "NO", "observacio": "INGRESO NUEVO X LOTEO SE DESM. Y CANCELO HASTA EL 2005 CON LA 3270201 INF.AMPARO Q. 09/19/06 Y.C.S.- C-3951-07 ACTUALIZACION INF. AMPARO Q. JULIO 15/09 MR INF. PARA CERTIF. INGRES. POR AREA DE LEGALIZACION INSP. LUIS LOPEZ, ENERO 22-14 -SE ACTUALIZA INFO", "observac_1": null, "barrio": "OTRAS AREAS", "parroquia_": 3, "barrio_id": 0, "proceso": 1, "fecha_regi": null, "activo_cat": "SI", "desactivad": 0, "avaluo_rem": 0.0, "avaluo_r_1": 0.0, "clasificac": "GENERAL", "anio_deuda": 0, "deuda": 0.0, "valor_ip": 0.0, "coactiva": null, "ficharegis": 82589, "etam": 0.0833333333, "diferencia": -7.4669035368000003, "porc_difer": -0.0518534968, "admisible": 1, "deuda_anio": 0.0, "2019_csv_c": null, "clavecat_1": "3-23-56-22-000", "2021__csv_": null, "2021__csv1": null, "2022__csv_": "3-23-56-22-000", "2022__csv1": "617-05-01-2023", "Clavepre": "3-23-56-22-000", "RESOLUCION": "617-05-01-2023", "ORIG_FID": 9 }, "geometry": { "type": "Point", "coordinates": [ -80.727240992205111, -0.99916965513673 ] } },
{ "type": "Feature", "properties": { "id": 86576, "lote_id": 66067, "clavecatas": "3-23-47-02-000", "zona": "3", "sector": "23", "manzana": "47", "lote": "02", "ph": "000", "propietari": "MUENTES BERNELLE JANETH MARIA", "documentop": "1311544082", "direccion": "URBIRIOS II MZ-21-D LOTE 2", "area_m2": 144.0, "frente_uti": 8.0, "frente_tot": 8.0, "avaluo_con": 1440.0, "avaluo_sue": 5184.0, "zonaurbano": "URBANA", "parroquia": "TARQUI", "esta_bloqu": "NO", "es_tercera": "NO", "tiene_elec": "SI", "tiene_agua": "NO", "tiene_alca": "NO", "observacio": "-INGRESO NUEVO X LOTEO SE DESM. Y CANCELO HASTA EL 2005 CON LA 3270201 INF.AMPARO Q. 05/08/06 Y.C.S.- ACTUALIZACION INF. AMPARO Q. JULIO 14/09 MR SE INGRESA FOTOS, CAMBIO DE NOMBRE AL GAD, INGRESO DE VIVIENDA Y POR AÑOS, AUTORIZACION Y UBICACION, 09/03/", "observac_1": null, "barrio": "OTRAS AREAS", "parroquia_": 3, "barrio_id": 0, "proceso": 1, "fecha_regi": null, "activo_cat": "SI", "desactivad": 0, "avaluo_rem": 0.0, "avaluo_r_1": 0.0, "clasificac": "GENERAL", "anio_deuda": 0, "deuda": 0.0, "valor_ip": 0.0, "coactiva": null, "ficharegis": 74081, "etam": 0.0833333333, "diferencia": -10.453590177200001, "porc_difer": -0.0725943762, "admisible": 1, "deuda_anio": 0.0, "2019_csv_c": "3-23-47-02-000", "clavecat_1": null, "2021__csv_": null, "2021__csv1": null, "2022__csv_": "3-23-47-02-000", "2022__csv1": "617-05-01-2023", "Clavepre": "3-23-47-02-000", "RESOLUCION": "617-05-01-2023", "ORIG_FID": 10 }, "geometry": { "type": "Point", "coordinates": [ -80.730284869767132, -1.003012808664317 ] } },
{ "type": "Feature", "properties": { "id": 86596, "lote_id": 66087, "clavecatas": "3-23-47-22-000", "zona": "3", "sector": "23", "manzana": "47", "lote": "22", "ph": "000", "propietari": "CADENA CEVALLOS JOSE MANUEL", "documentop": "1600127607", "direccion": "URBIRRIOS II MZ-21-D L-22", "area_m2": 144.0, "frente_uti": 8.0, "frente_tot": 0.0, "avaluo_con": 915.17, "avaluo_sue": 4665.6, "zonaurbano": "URBANA", "parroquia": "TARQUI", "esta_bloqu": "NO", "es_tercera": "SI", "tiene_elec": "SI", "tiene_agua": "SI", "tiene_alca": "NO", "observacio": "-INGRESO NUEVO DE ACUERDO AL REDISEÑO AMPARO Q.08/14/07 Y.C.S.- ACTUALIZACION INF. AMPARO Q. JULIO 14/09 MR-SE ACTUALIZA INF EN BASE A ESCRITURA DE ADJUDICACION Y PROHIBICION DE ENAJENAR INSCRITA EN EL REG. DE LA PROPIEDAD.20/08/2024 GGV", "observac_1": null, "barrio": "URBIRRIOS 2", "parroquia_": 3, "barrio_id": 1046, "proceso": 1, "fecha_regi": null, "activo_cat": "SI", "desactivad": 0, "avaluo_rem": 0.0, "avaluo_r_1": 0.0, "clasificac": "GENERAL", "anio_deuda": 2025, "deuda": 22.32, "valor_ip": 0.0, "coactiva": null, "ficharegis": 82611, "etam": 0.0833333333, "diferencia": 2.0974375331, "porc_difer": 0.0145655384, "admisible": 1, "deuda_anio": 14.65, "2019_csv_c": "3-23-47-22-000", "clavecat_1": null, "2021__csv_": null, "2021__csv1": null, "2022__csv_": "3-23-47-22-000", "2022__csv1": "617-05-01-2023", "Clavepre": "3-23-47-22-000", "RESOLUCION": "617-05-01-2023", "ORIG_FID": 11 }, "geometry": { "type": "Point", "coordinates": [ -80.729773008613719, -1.003151042539825 ] } },
{ "type": "Feature", "properties": { "id": 86597, "lote_id": 66088, "clavecatas": "3-23-47-23-000", "zona": "3", "sector": "23", "manzana": "47", "lote": "23", "ph": "000", "propietari": "VERA RAMOS YOLANDA ISABEL", "documentop": "1311340226", "direccion": "URBIRIOS II MZ-21-D L-23", "area_m2": 144.0, "frente_uti": 8.0, "frente_tot": 0.0, "avaluo_con": 4200.0, "avaluo_sue": 5184.0, "zonaurbano": "URBANA", "parroquia": "MANTA", "esta_bloqu": "NO", "es_tercera": "NO", "tiene_elec": "SI", "tiene_agua": "SI", "tiene_alca": "NO", "observacio": "-INGRESO NUEVO DE ACUERDO AL REDISEÑO AMPARO Q.08/14/07 Y.C.S.- ACTUALIZACION INF. AMPARO Q. JULIO 14/09 MR-SE ACTUALIZA INF CON ESCRITURA DE ADJUDICACION INSCRITA EN EL REG. DE LA PROPIEDAD. 08/09/2023 GGV", "observac_1": null, "barrio": "OTRAS AREAS", "parroquia_": 1, "barrio_id": 0, "proceso": 1, "fecha_regi": null, "activo_cat": "SI", "desactivad": 0, "avaluo_rem": 0.0, "avaluo_r_1": 0.0, "clasificac": "GENERAL", "anio_deuda": 0, "deuda": 0.0, "valor_ip": 0.0, "coactiva": null, "ficharegis": 82726, "etam": 0.0833333333, "diferencia": 0.0385752046, "porc_difer": 0.0002678834, "admisible": 1, "deuda_anio": 0.0, "2019_csv_c": "3-23-47-23-000", "clavecat_1": null, "2021__csv_": null, "2021__csv1": null, "2022__csv_": "3-23-47-23-000", "2022__csv1": "617-05-01-2023", "Clavepre": "3-23-47-23-000", "RESOLUCION": "617-05-01-2023", "ORIG_FID": 12 }, "geometry": { "type": "Point", "coordinates": [ -80.729833215727169, -1.00311171928954 ] } },
{ "type": "Feature", "properties": { "id": 86617, "lote_id": 66108, "clavecatas": "3-23-48-13-000", "zona": "3", "sector": "23", "manzana": "48", "lote": "13", "ph": "000", "propietari": "PAZMIÑO ZAMBRANO LUIS ARGELIS /GAD MANTA", "documentop": "1308125929", "direccion": "URBIRIOS II MZ-21-E LOTE 13", "area_m2": 144.0, "frente_uti": 8.0, "frente_tot": 0.0, "avaluo_con": 0.0, "avaluo_sue": 5760.0, "zonaurbano": "URBANA", "parroquia": "MANTA", "esta_bloqu": "NO", "es_tercera": "NO", "tiene_elec": "SI", "tiene_agua": "NO", "tiene_alca": "NO", "observacio": "-INGRESO NUEVO X LOTEO SE DESM. Y CANCELO HASTA EL 2005 CON LA 3270201 INF.AMPARO Q. 05/19/06 Y.C.S.- ACTUALIZACION INF. AMPARO Q. JULIO 14/09 MR", "observac_1": null, "barrio": "OTRAS AREAS", "parroquia_": 1, "barrio_id": 0, "proceso": 1, "fecha_regi": null, "activo_cat": "SI", "desactivad": 0, "avaluo_rem": 0.0, "avaluo_r_1": 0.0, "clasificac": "DEPURACION CATASTRO", "anio_deuda": 2023, "deuda": 66.85, "valor_ip": 0.0, "coactiva": null, "ficharegis": 0, "etam": 0.0833333333, "diferencia": 11.8894984788, "porc_difer": 0.0825659617, "admisible": 1, "deuda_anio": 55.46, "2019_csv_c": "3-23-48-13-000", "clavecat_1": null, "2021__csv_": null, "2021__csv1": null, "2022__csv_": "3-23-48-13-000", "2022__csv1": "617-05-01-2023", "Clavepre": "3-23-48-13-000", "RESOLUCION": "617-05-01-2023", "ORIG_FID": 13 }, "geometry": { "type": "Point", "coordinates": [ -80.729387639259826, -1.003092041204394 ] } },
{ "type": "Feature", "properties": { "id": 86671, "lote_id": 66162, "clavecatas": "3-23-50-07-000", "zona": "3", "sector": "23", "manzana": "50", "lote": "07", "ph": "000", "propietari": "CASTRO MACIAS RAMONA DEL CARMEN/GAD MANTA", "documentop": "1304269135", "direccion": "URBIRIOS II MZ-21-C LOTE 7", "area_m2": 144.0, "frente_uti": 8.0, "frente_tot": 0.0, "avaluo_con": 0.0, "avaluo_sue": 5760.0, "zonaurbano": "URBANA", "parroquia": "MANTA", "esta_bloqu": "NO", "es_tercera": "NO", "tiene_elec": "NO", "tiene_agua": "NO", "tiene_alca": "NO", "observacio": "-INGRESO NUEVO X LOTEO SE DESM. Y CANCELO HASTA EL 2005 CON LA 3270201 INF.AMPARO Q. 06/06/06 Y.C.S.- ACTUALIZACION INF. AMPARO Q. JULIO 14/09 MR", "observac_1": null, "barrio": "OTRAS AREAS", "parroquia_": 1, "barrio_id": 0, "proceso": 1, "fecha_regi": null, "activo_cat": "SI", "desactivad": 0, "avaluo_rem": 0.0, "avaluo_r_1": 0.0, "clasificac": "DEPURACION CATASTRO", "anio_deuda": 2010, "deuda": 521.13, "valor_ip": 0.0, "coactiva": null, "ficharegis": 0, "etam": 0.0833333333, "diferencia": -3.18e-08, "porc_difer": -2.0000000000000001e-10, "admisible": 1, "deuda_anio": 510.78, "2019_csv_c": "3-23-50-07-000", "clavecat_1": null, "2021__csv_": null, "2021__csv1": null, "2022__csv_": "3-23-50-07-000", "2022__csv1": "617-05-01-2023", "Clavepre": "3-23-50-07-000", "RESOLUCION": "617-05-01-2023", "ORIG_FID": 14 }, "geometry": { "type": "Point", "coordinates": [ -80.728819979728115, -1.003220980364722 ] } },
{ "type": "Feature", "properties": { "id": 86641, "lote_id": 66132, "clavecatas": "3-23-49-07-000", "zona": "3", "sector": "23", "manzana": "49", "lote": "07", "ph": "000", "propietari": "MACIAS CEVALLOS MIGUEL ANGEL", "documentop": "1312040122", "direccion": "URBIRRIOS II MZ-22 LOTE 07", "area_m2": 144.0, "frente_uti": 8.0, "frente_tot": 0.0, "avaluo_con": 5152.0, "avaluo_sue": 5760.0, "zonaurbano": "URBANA", "parroquia": "TARQUI", "esta_bloqu": "NO", "es_tercera": "NO", "tiene_elec": "SI", "tiene_agua": "SI", "tiene_alca": "NO", "observacio": "-INGRESO NUEVO X LOTEO SE DESM. Y CANCELO HASTA EL 2005 CON LA 3270201 INF.AMPARO Q. 05/22/06 Y.C.S.- ACTUALIZACION INF. AMPARO Q. JULIO 14/09 MR INF. PARA CERTIF. INGRES. POR AREA DE LEGALIZACION INSP. LUIS LOPEZ, FEBRERO 11-14 -SE ACTUALIZA INFORMACION", "observac_1": null, "barrio": "OTRAS AREAS", "parroquia_": 3, "barrio_id": 0, "proceso": 1, "fecha_regi": null, "activo_cat": "SI", "desactivad": 0, "avaluo_rem": 0.0, "avaluo_r_1": 0.0, "clasificac": "GENERAL", "anio_deuda": 2025, "deuda": 31.98, "valor_ip": 0.0, "coactiva": null, "ficharegis": 52691, "etam": 0.0833333333, "diferencia": -1.9046968918, "porc_difer": -0.0132270617, "admisible": 1, "deuda_anio": 18.43, "2019_csv_c": "3-23-49-07-000", "clavecat_1": null, "2021__csv_": null, "2021__csv1": null, "2022__csv_": "3-23-49-07-000", "2022__csv1": "617-05-01-2023", "Clavepre": "3-23-49-07-000", "RESOLUCION": "617-05-01-2023", "ORIG_FID": 15 }, "geometry": { "type": "Point", "coordinates": [ -80.729537950390224, -1.002511510146053 ] } },
{ "type": "Feature", "properties": { "id": 86647, "lote_id": 66138, "clavecatas": "3-23-49-13-000", "zona": "3", "sector": "23", "manzana": "49", "lote": "13", "ph": "000", "propietari": "GILER MOREIRA RENAN ALBERTO", "documentop": "1305066829", "direccion": "URBIRRIOS II MZ-22  LOTE 13", "area_m2": 144.0, "frente_uti": 8.0, "frente_tot": 0.0, "avaluo_con": 18144.0, "avaluo_sue": 5184.0, "zonaurbano": "URBANA", "parroquia": "TARQUI", "esta_bloqu": "NO", "es_tercera": "NO", "tiene_elec": "SI", "tiene_agua": "SI", "tiene_alca": "NO", "observacio": "-INGRESO NUEVO X LOTEO SE DESM. Y CANCELO HASTA EL 2005 CON LA 3270201 INF.AMPARO Q. 05/22/06 Y.C.S.- ACTUALIZACION INF. AMPARO Q. JULIO 14/09 MR INF. PARA CERTIF. INGRES. POR AREA DE LEGALIZACION INSP. LUIS LOPEZ, ENERO 22-14 -SE ACTUALIZA INFORMACION C", "observac_1": null, "barrio": "OTRAS AREAS", "parroquia_": 3, "barrio_id": 0, "proceso": 1, "fecha_regi": null, "activo_cat": "SI", "desactivad": 0, "avaluo_rem": 0.0, "avaluo_r_1": 0.0, "clasificac": "GENERAL", "anio_deuda": 2024, "deuda": 86.95, "valor_ip": 0.0, "coactiva": null, "ficharegis": 82633, "etam": 0.0833333333, "diferencia": -10.589364654500001, "porc_difer": -0.0735372545, "admisible": 1, "deuda_anio": 62.38, "2019_csv_c": "3-23-49-13-000", "clavecat_1": null, "2021__csv_": null, "2021__csv1": null, "2022__csv_": "3-23-49-13-000", "2022__csv1": "617-05-01-2023", "Clavepre": "3-23-49-13-000", "RESOLUCION": "617-05-01-2023", "ORIG_FID": 16 }, "geometry": { "type": "Point", "coordinates": [ -80.729171359218611, -1.002752256399915 ] } },
{ "type": "Feature", "properties": { "id": 86656, "lote_id": 66147, "clavecatas": "3-23-49-22-000", "zona": "3", "sector": "23", "manzana": "49", "lote": "22", "ph": "000", "propietari": "CUSME ZAMBRANO YANETH SELENITA", "documentop": "1713184388", "direccion": "URBIRIOS II MZ-22 LOTE 22", "area_m2": 144.0, "frente_uti": 8.0, "frente_tot": 0.0, "avaluo_con": 0.0, "avaluo_sue": 5184.0, "zonaurbano": "URBANA", "parroquia": "TARQUI", "esta_bloqu": "NO", "es_tercera": "NO", "tiene_elec": "SI", "tiene_agua": "NO", "tiene_alca": "NO", "observacio": "-INGRESO NUEVO X LOTEO SE DESM. Y CANCELO HASTA EL 2005 CON LA 3270201 INF.AMPARO Q. 05/22/06 Y.C.S.- ACTUALIZACION INF. AMPARO Q. JULIO 14/09 MR -SE ACTUALIZA INFORMACION CON ESCRITURA DE ADJ.CON PROH.DE ENAJ.INSCRITA EN EL REG.DE LA PROPIEDAD 03/22/202", "observac_1": null, "barrio": "URBIRRIOS 2", "parroquia_": 3, "barrio_id": 1046, "proceso": 1, "fecha_regi": null, "activo_cat": "SI", "desactivad": 0, "avaluo_rem": 0.0, "avaluo_r_1": 0.0, "clasificac": "GENERAL", "anio_deuda": 2025, "deuda": 21.69, "valor_ip": 0.0, "coactiva": null, "ficharegis": 82634, "etam": 0.0833333333, "diferencia": 13.9762092746, "porc_difer": 0.0970570089, "admisible": 0, "deuda_anio": 12.84, "2019_csv_c": "3-23-49-22-000", "clavecat_1": null, "2021__csv_": null, "2021__csv1": null, "2022__csv_": "3-23-49-22-000", "2022__csv1": "617-05-01-2023", "Clavepre": "3-23-49-22-000", "RESOLUCION": "617-05-01-2023", "ORIG_FID": 17 }, "geometry": { "type": "Point", "coordinates": [ -80.729328607189117, -1.002457124988738 ] } },
{ "type": "Feature", "properties": { "id": 86664, "lote_id": 66155, "clavecatas": "3-23-49-30-000", "zona": "3", "sector": "23", "manzana": "49", "lote": "30", "ph": "000", "propietari": "LOPEZ PARRALES RONNY ALEXANDER", "documentop": "1311680068", "direccion": "URBIRIOS II MZ-22 LOTE 30", "area_m2": 180.0, "frente_uti": 28.0, "frente_tot": 0.0, "avaluo_con": 0.0, "avaluo_sue": 6804.0, "zonaurbano": "URBANA", "parroquia": "TARQUI", "esta_bloqu": "NO", "es_tercera": "NO", "tiene_elec": "SI", "tiene_agua": "SI", "tiene_alca": "NO", "observacio": "-INGRESO NUEVO X LOTEO SE DESM. Y CANCELO HASTA EL 2005 CON LA 3270201 INF.AMPARO Q. 05/22/06 Y.C.S.- ACTUALIZACION INF. AMPARO Q. JULIO 14/09 MR.-SELLO PROTOC.DANIEL S.14/01/14 A.Q.-SE ACTUALIZA INFORMACION CON ESCRITURA DE ADJ.CON PROH.DE ENAJ.INSCRITA", "observac_1": null, "barrio": "OTRAS AREAS", "parroquia_": 3, "barrio_id": 0, "proceso": 1, "fecha_regi": null, "activo_cat": "SI", "desactivad": 0, "avaluo_rem": 0.0, "avaluo_r_1": 0.0, "clasificac": "GENERAL", "anio_deuda": 0, "deuda": 0.0, "valor_ip": 0.0, "coactiva": null, "ficharegis": 82586, "etam": 0.0745355992, "diferencia": 13.607284336399999, "porc_difer": 0.0755960241, "admisible": 0, "deuda_anio": 0.0, "2019_csv_c": "3-23-49-30-000", "clavecat_1": null, "2021__csv_": null, "2021__csv1": null, "2022__csv_": "3-23-49-30-000", "2022__csv1": "617-05-01-2023", "Clavepre": "3-23-49-30-000", "RESOLUCION": "617-05-01-2023", "ORIG_FID": 18 }, "geometry": { "type": "Point", "coordinates": [ -80.729829447755009, -1.002141979979367 ] } },
{ "type": "Feature", "properties": { "id": 86669, "lote_id": 66160, "clavecatas": "3-23-50-05-000", "zona": "3", "sector": "23", "manzana": "50", "lote": "05", "ph": "000", "propietari": "CHANCAY CARDENAS JESSICA MARIELA", "documentop": "1310311871", "direccion": "URBIRIOS II MZ-21-C LOTE 5", "area_m2": 144.0, "frente_uti": 8.0, "frente_tot": 0.0, "avaluo_con": 0.0, "avaluo_sue": 5184.0, "zonaurbano": "URBANA", "parroquia": "MANTA", "esta_bloqu": "NO", "es_tercera": "NO", "tiene_elec": "NO", "tiene_agua": "NO", "tiene_alca": "NO", "observacio": "-INGRESO NUEVO X LOTEO SE DESM. Y CANCELO HASTA EL 2005 CON LA 3270201 INF.AMPARO Q. 06/06/06 Y.C.S.- ACTUALIZACION INF. AMPARO Q. JULIO 14/09 MR-SE ACTUALIZA INF EN BASE A ESCRITURA DE ADJUDICACION DE LOTE INSCRITA EN EL REG. DE LA PROPIEDAD.08/11/2023", "observac_1": null, "barrio": "OTRAS AREAS", "parroquia_": 1, "barrio_id": 0, "proceso": 1, "fecha_regi": null, "activo_cat": "SI", "desactivad": 0, "avaluo_rem": 0.0, "avaluo_r_1": 0.0, "clasificac": "GENERAL", "anio_deuda": 0, "deuda": 0.0, "valor_ip": 0.0, "coactiva": null, "ficharegis": 82587, "etam": 0.0833333333, "diferencia": 0.3433795415, "porc_difer": 0.0023845801, "admisible": 1, "deuda_anio": 0.0, "2019_csv_c": "3-23-50-05-000", "clavecat_1": null, "2021__csv_": null, "2021__csv1": null, "2022__csv_": "3-23-50-05-000", "2022__csv1": "617-05-01-2023", "Clavepre": "3-23-50-05-000", "RESOLUCION": "617-05-01-2023", "ORIG_FID": 19 }, "geometry": { "type": "Point", "coordinates": [ -80.728740946633337, -1.003100033920592 ] } },
{ "type": "Feature", "properties": { "id": 86688, "lote_id": 66179, "clavecatas": "3-23-50-24-000", "zona": "3", "sector": "23", "manzana": "50", "lote": "24", "ph": "000", "propietari": "HOLGUIN SANTANA DARWIN MANUEL", "documentop": "1310318918", "direccion": "URBIRIOS II MZ-21-C LOTE 24", "area_m2": 144.0, "frente_uti": 8.0, "frente_tot": 0.0, "avaluo_con": 0.0, "avaluo_sue": 5184.0, "zonaurbano": "URBANA", "parroquia": "TARQUI", "esta_bloqu": "NO", "es_tercera": "NO", "tiene_elec": "NO", "tiene_agua": "NO", "tiene_alca": "NO", "observacio": "-INGRESO NUEVO X LOTEO SE DESM. Y CANCELO HASTA EL 2005 CON LA 3270201 INF.AMPARO Q. 06/06/06 Y.C.S.- ACTUALIZACION INF. AMPARO Q. JULIO 14/09 MR -SE ACTUALIZA INFORMACION CON ESCRITURA DE ADJ.CON PROH.DE ENAJ.INSCRITA EN EL REG.DE LA PROPIEDAD 08/30/202", "observac_1": null, "barrio": "OTRAS AREAS", "parroquia_": 3, "barrio_id": 0, "proceso": 1, "fecha_regi": null, "activo_cat": "SI", "desactivad": 0, "avaluo_rem": 0.0, "avaluo_r_1": 0.0, "clasificac": "GENERAL", "anio_deuda": 0, "deuda": 0.0, "valor_ip": 0.0, "coactiva": null, "ficharegis": 82724, "etam": 0.0833333333, "diferencia": -6.4e-09, "porc_difer": 0.0, "admisible": 1, "deuda_anio": 0.0, "2019_csv_c": "3-23-50-24-000", "clavecat_1": null, "2021__csv_": null, "2021__csv1": null, "2022__csv_": "3-23-50-24-000", "2022__csv1": "617-05-01-2023", "Clavepre": "3-23-50-24-000", "RESOLUCION": "617-05-01-2023", "ORIG_FID": 20 }, "geometry": { "type": "Point", "coordinates": [ -80.729034131389852, -1.003252716072558 ] } },
{ "type": "Feature", "properties": { "id": 86696, "lote_id": 82383, "clavecatas": "3-23-50-32-000", "zona": "3", "sector": "23", "manzana": "50", "lote": "32", "ph": "000", "propietari": "CALDERON CALLE DIGNA MIREYA", "documentop": "1310456841", "direccion": "URBIRIOS 2 MANZANA 21-C LOTE 30", "area_m2": 144.0, "frente_uti": 8.0, "frente_tot": 8.0, "avaluo_con": 2592.0, "avaluo_sue": 5184.0, "zonaurbano": "URBANA", "parroquia": "TARQUI", "esta_bloqu": "NO", "es_tercera": "NO", "tiene_elec": "SI", "tiene_agua": "NO", "tiene_alca": "NO", "observacio": "INGRESO NUEVO PARA LEGALIZAR 14/12/2013 INF LUIS LOPEZ  FM2010 -SE ACTUALIZA INFORMACION CON ESCRITURA DE ADJ.CON PROH.DE ENAJ.INSCRITA EN EL REG.DE LA PROPIEDAD 08/31/2023 Y.C.S.-", "observac_1": "FM2010 - SE DESBLOQUEA POR PROCESO DE LEGALIZACION EN BASE A RESOLUCION LEGISLATIVA N°617-05-01-2023 URBIRRIOS 2 CON FECHA 03-03-2023", "barrio": "URBIRRIOS 2", "parroquia_": 5, "barrio_id": 1046, "proceso": 1, "fecha_regi": null, "activo_cat": "SI", "desactivad": 0, "avaluo_rem": 0.0, "avaluo_r_1": 0.0, "clasificac": "GENERAL", "anio_deuda": 0, "deuda": 0.0, "valor_ip": 0.0, "coactiva": null, "ficharegis": 82725, "etam": 0.0833333333, "diferencia": 3.76e-08, "porc_difer": 3e-10, "admisible": 1, "deuda_anio": 0.0, "2019_csv_c": "3-23-50-32-000", "clavecat_1": null, "2021__csv_": null, "2021__csv1": null, "2022__csv_": "3-23-50-32-000", "2022__csv1": "617-05-01-2023", "Clavepre": "3-23-50-32-000", "RESOLUCION": "617-05-01-2023", "ORIG_FID": 21 }, "geometry": { "type": "Point", "coordinates": [ -80.728797531138667, -1.002889581399366 ] } },
{ "type": "Feature", "properties": { "id": 86709, "lote_id": 66196, "clavecatas": "3-23-51-11-000", "zona": "3", "sector": "23", "manzana": "51", "lote": "11", "ph": "000", "propietari": "PINCAY CHOEZ MONCERRATE BERTHA", "documentop": "1310250830", "direccion": "URBIRRIOS II MZ-10 LOTE 11", "area_m2": 144.0, "frente_uti": 8.0, "frente_tot": 0.0, "avaluo_con": 0.0, "avaluo_sue": 5184.0, "zonaurbano": "URBANA", "parroquia": "TARQUI", "esta_bloqu": "NO", "es_tercera": "SI", "tiene_elec": "SI", "tiene_agua": "SI", "tiene_alca": "NO", "observacio": "-INGRESO NUEVO X LOTEO SE DESM. Y CANCELO HASTA EL 2005 CON LA 3270201 INF.AMPARO Q. 07/03/06 Y.C.S.- ACTUALIZACION INF. AMPARO Q. JULIO 14/09 MR INF. PARA CERTIF. INGRES. POR AREA DE LEGALIZACION INSP. LUIS LOPEZ, ENERO 16-14  ING. PARA CERTIF.  POR LOR", "observac_1": null, "barrio": "URBIRRIOS 2", "parroquia_": 3, "barrio_id": 1046, "proceso": 1, "fecha_regi": null, "activo_cat": "SI", "desactivad": 0, "avaluo_rem": 0.0, "avaluo_r_1": 0.0, "clasificac": "GENERAL", "anio_deuda": 2026, "deuda": 5.88, "valor_ip": 0.0, "coactiva": null, "ficharegis": 48132, "etam": 0.0833333333, "diferencia": -1.9977169571, "porc_difer": -0.0138730344, "admisible": 1, "deuda_anio": 0.0, "2019_csv_c": "3-23-51-11-000", "clavecat_1": null, "2021__csv_": null, "2021__csv1": null, "2022__csv_": "3-23-51-11-000", "2022__csv1": "617-05-01-2023", "Clavepre": "3-23-51-11-000", "RESOLUCION": "617-05-01-2023", "ORIG_FID": 22 }, "geometry": { "type": "Point", "coordinates": [ -80.728374197821864, -1.001211767887489 ] } },
{ "type": "Feature", "properties": { "id": 86724, "lote_id": 66211, "clavecatas": "3-23-51-26-000", "zona": "3", "sector": "23", "manzana": "51", "lote": "26", "ph": "000", "propietari": "PILOZO CHAVEZ ROSSANA MABEL", "documentop": "1310061310", "direccion": "URBIRRIOS II MZ-10 LOTE 26", "area_m2": 144.0, "frente_uti": 8.0, "frente_tot": 0.0, "avaluo_con": 17842.2, "avaluo_sue": 5760.0, "zonaurbano": "URBANA", "parroquia": "TARQUI", "esta_bloqu": "NO", "es_tercera": "NO", "tiene_elec": "SI", "tiene_agua": "SI", "tiene_alca": "NO", "observacio": "-INGRESO NUEVO X LOTEO SE DESM. Y CANCELO HASTA EL 2005 CON LA 3270201 INF.AMPARO Q. 07/03/06 Y.C.S.- C-369-09 \u0002ACTUALIZACION INF. AMPARO Q. JULIO 14/09 MR INF. PARA CERTIF. INGRES. POR AREA DE LEGALIZACION INSP. LUIS LOPEZ, ENERO 16-14 -SE ACTUALIZA INF", "observac_1": null, "barrio": "URBIRRIOS 2", "parroquia_": 3, "barrio_id": 1046, "proceso": 1, "fecha_regi": null, "activo_cat": "SI", "desactivad": 0, "avaluo_rem": 0.0, "avaluo_r_1": 0.0, "clasificac": "GENERAL", "anio_deuda": 2026, "deuda": 18.51, "valor_ip": 0.0, "coactiva": null, "ficharegis": 82584, "etam": 0.0833333333, "diferencia": 1.7362589425, "porc_difer": 0.0120573538, "admisible": 1, "deuda_anio": 0.0, "2019_csv_c": "3-23-51-26-000", "clavecat_1": null, "2021__csv_": null, "2021__csv1": null, "2022__csv_": "3-23-51-26-000", "2022__csv1": "617-05-01-2023", "Clavepre": "3-23-51-26-000", "RESOLUCION": "617-05-01-2023", "ORIG_FID": 23 }, "geometry": { "type": "Point", "coordinates": [ -80.728647082870253, -1.000838466902627 ] } },
{ "type": "Feature", "properties": { "id": 86729, "lote_id": 66216, "clavecatas": "3-23-52-01-000", "zona": "3", "sector": "23", "manzana": "52", "lote": "01", "ph": "000", "propietari": "BRIONES BASURTO BLANCA MARISOL", "documentop": "1305366260", "direccion": "URBIRIOS II MZ-09 LOTE 1", "area_m2": 180.0, "frente_uti": 14.0, "frente_tot": 28.0, "avaluo_con": 0.0, "avaluo_sue": 5832.0, "zonaurbano": "URBANA", "parroquia": "TARQUI", "esta_bloqu": "NO", "es_tercera": "NO", "tiene_elec": "SI", "tiene_agua": "SI", "tiene_alca": "NO", "observacio": "-INGRESO NUEVO X LOTEO SE DESM. Y CANCELO HASTA EL 2005 CON LA 3270201 INF.AMPARO Q. 09/11/06 Y.C.S.- ACTUALIZACION INF. AMPARO Q. JULIO 14/09 MR.-SELLO PROTOC.DANIEL S.14/01/14 A.Q.-SE ACTUALIZA INFORMACION CON ESCRITURA DE ADJ.CON PROH.DE ENAJ.INSCRITA", "observac_1": null, "barrio": "OTRAS AREAS", "parroquia_": 3, "barrio_id": 0, "proceso": 1, "fecha_regi": null, "activo_cat": "SI", "desactivad": 0, "avaluo_rem": 0.0, "avaluo_r_1": 0.0, "clasificac": "GENERAL", "anio_deuda": 2026, "deuda": 13.01, "valor_ip": 0.0, "coactiva": null, "ficharegis": 73902, "etam": 0.0745355992, "diferencia": 0.7623042532, "porc_difer": 0.0042350236, "admisible": 1, "deuda_anio": 0.0, "2019_csv_c": "3-23-52-01-000", "clavecat_1": null, "2021__csv_": null, "2021__csv1": null, "2022__csv_": "3-23-52-01-000", "2022__csv1": "617-05-01-2023", "Clavepre": "3-23-52-01-000", "RESOLUCION": "617-05-01-2023", "ORIG_FID": 24 }, "geometry": { "type": "Point", "coordinates": [ -80.728759020809179, -1.000457918618243 ] } },
{ "type": "Feature", "properties": { "id": 86730, "lote_id": 66217, "clavecatas": "3-23-52-02-000", "zona": "3", "sector": "23", "manzana": "52", "lote": "02", "ph": "000", "propietari": "BRIONES MENENDEZ MANUEL IGNACIO", "documentop": "1300271556", "direccion": "URBIRIOS II MZ-9 LOTE 2", "area_m2": 144.0, "frente_uti": 8.0, "frente_tot": 0.0, "avaluo_con": 0.0, "avaluo_sue": 4665.6, "zonaurbano": "URBANA", "parroquia": "TARQUI", "esta_bloqu": "NO", "es_tercera": "SI", "tiene_elec": "SI", "tiene_agua": "SI", "tiene_alca": "NO", "observacio": "-INGRESO NUEVO X LOTEO SE DESM. Y CANCELO HASTA EL 2005 CON LA 3270201 INF.AMPARO Q. 09/11/06 Y.C.S.- ACTUALIZACION INF. AMPARO Q. JULIO 14/09 MR -SE ACTUALIZA INFORMACION CON ESCRITURA DE ADJ.CON PROH.DE ENAJ.INSCRITA EN EL REG.DE LA PROPIEDAD 02/01/202", "observac_1": null, "barrio": "URBIRRIOS 2", "parroquia_": 3, "barrio_id": 1046, "proceso": 1, "fecha_regi": null, "activo_cat": "SI", "desactivad": 0, "avaluo_rem": 0.0, "avaluo_r_1": 0.0, "clasificac": "GENERAL", "anio_deuda": 2026, "deuda": 6.62, "valor_ip": 0.0, "coactiva": null, "ficharegis": 73906, "etam": 0.0833333333, "diferencia": -0.5212447661, "porc_difer": -0.0036197553, "admisible": 1, "deuda_anio": 0.0, "2019_csv_c": "3-23-52-02-000", "clavecat_1": null, "2021__csv_": null, "2021__csv1": null, "2022__csv_": "3-23-52-02-000", "2022__csv1": "617-05-01-2023", "Clavepre": "3-23-52-02-000", "RESOLUCION": "617-05-01-2023", "ORIG_FID": 25 }, "geometry": { "type": "Point", "coordinates": [ -80.728689980146171, -1.000502623419133 ] } },
{ "type": "Feature", "properties": { "id": 86731, "lote_id": 66218, "clavecatas": "3-23-52-03-000", "zona": "3", "sector": "23", "manzana": "52", "lote": "03", "ph": "000", "propietari": "VERA CHICA JOSEFA ROCIO", "documentop": "1310582653", "direccion": "URBIRIOS II MZ-09 LOTE 3", "area_m2": 144.0, "frente_uti": 8.0, "frente_tot": 0.0, "avaluo_con": 13766.86, "avaluo_sue": 5760.0, "zonaurbano": "URBANA", "parroquia": "MANTA", "esta_bloqu": "NO", "es_tercera": "NO", "tiene_elec": "SI", "tiene_agua": "SI", "tiene_alca": "NO", "observacio": "-INGRESO NUEVO X LOTEO SE DESM. Y CANCELO HASTA EL 2005 CON LA 3270201 INF.AMPARO Q. 09/11/06 Y.C.S.- ACTUALIZACION INF. AMPARO Q. JULIO 14/09 MR INF. PARA CERTIFICADO  REVIZADO POR INSP. FERNANDO NAVARRETE, MAYO 22-2017 SE ACTUALIZA INF EN BASE A ESCRIT", "observac_1": null, "barrio": "OTRAS AREAS", "parroquia_": 1, "barrio_id": 0, "proceso": 1, "fecha_regi": null, "activo_cat": "SI", "desactivad": 0, "avaluo_rem": 0.0, "avaluo_r_1": 0.0, "clasificac": "GENERAL", "anio_deuda": 2024, "deuda": 116.3, "valor_ip": 0.0, "coactiva": null, "ficharegis": 62134, "etam": 0.0833333333, "diferencia": 6.2309040865999998, "porc_difer": 0.0432701673, "admisible": 1, "deuda_anio": 85.43, "2019_csv_c": "3-23-52-03-000", "clavecat_1": null, "2021__csv_": null, "2021__csv1": null, "2022__csv_": "3-23-52-03-000", "2022__csv1": "617-05-01-2023", "Clavepre": "3-23-52-03-000", "RESOLUCION": "617-05-01-2023", "ORIG_FID": 26 }, "geometry": { "type": "Point", "coordinates": [ -80.728630664668927, -1.000543302894521 ] } },
{ "type": "Feature", "properties": { "id": 54428, "lote_id": 39424, "clavecatas": "2-18-44-08-000", "zona": "2", "sector": "18", "manzana": "44", "lote": "08", "ph": "000", "propietari": "ESPINOZA PINARGOTE MARIA CECILIA", "documentop": "1305862540", "direccion": "VILLAMARINA MZ 12 LOTE 01", "area_m2": 204.2, "frente_uti": 9.6, "frente_tot": 9.6, "avaluo_con": 30542.81, "avaluo_sue": 20368.95, "zonaurbano": "URBANA", "parroquia": "LOS ESTEROS", "esta_bloqu": "NO", "es_tercera": "NO", "tiene_elec": "SI", "tiene_agua": "SI", "tiene_alca": "NO", "observacio": "POR LEGALIZAR MORA ZAMBRANO FLORESMILO IDAMOR COMPLETANDO LA INF. 03/06/22 ARQ. LUPE LANDA...SE ACTUALIZA INF CON ESCRITURA DE ADJUDICACION INSCRITA EN EL REG. DE LA PROPIEDAD-22/09/2025 GGV", "observac_1": null, "barrio": "VILLAMARINA", "parroquia_": 4, "barrio_id": 232, "proceso": 1, "fecha_regi": null, "activo_cat": "SI", "desactivad": 0, "avaluo_rem": 0.0, "avaluo_r_1": 0.0, "clasificac": "GENERAL", "anio_deuda": 2026, "deuda": 46.79, "valor_ip": 0.0, "coactiva": null, "ficharegis": 89624, "etam": 0.1399594177, "diferencia": -0.0025018912, "porc_difer": -1.22522e-05, "admisible": 1, "deuda_anio": 0.0, "2019_csv_c": null, "clavecat_1": null, "2021__csv_": null, "2021__csv1": null, "2022__csv_": "2-18-44-08-000", "2022__csv1": "671-27-04-2023", "Clavepre": "2-18-44-08-000", "RESOLUCION": "671-27-04-2023", "ORIG_FID": 27 }, "geometry": { "type": "Point", "coordinates": [ -80.672291860255754, -0.96255085387524 ] } },
{ "type": "Feature", "properties": { "id": 54450, "lote_id": 39443, "clavecatas": "2-18-45-15-000", "zona": "2", "sector": "18", "manzana": "45", "lote": "15", "ph": "000", "propietari": "VARGAS BRAVO LETTY MARIA ARACELY", "documentop": "1304689985", "direccion": "VILLAMARINA MZ 13 LOTE 01", "area_m2": 199.11, "frente_uti": 9.0, "frente_tot": 0.0, "avaluo_con": 9007.68, "avaluo_sue": 18815.9, "zonaurbano": "URBANA", "parroquia": "LOS ESTEROS", "esta_bloqu": "NO", "es_tercera": "NO", "tiene_elec": "SI", "tiene_agua": "SI", "tiene_alca": "NO", "observacio": "-SE ACTUALIZA INFORMACION CON ESCRITURA DE ADJ.CON PROH.DE ENAJ.INSCRITA EN EL REG.DE LA PROPIEDAD 03/22/2024 Y.C.S.-", "observac_1": null, "barrio": "VILLAMARINA", "parroquia_": 4, "barrio_id": 232, "proceso": 0, "fecha_regi": null, "activo_cat": "SI", "desactivad": 0, "avaluo_rem": 0.0, "avaluo_r_1": 0.0, "clasificac": "GENERAL", "anio_deuda": 0, "deuda": 0.0, "valor_ip": 0.0, "coactiva": null, "ficharegis": 85622, "etam": 0.0, "diferencia": -0.002237005, "porc_difer": -1.1235e-05, "admisible": 0, "deuda_anio": 0.0, "2019_csv_c": null, "clavecat_1": null, "2021__csv_": null, "2021__csv1": null, "2022__csv_": "2-18-45-15-000", "2022__csv1": "671-27-04-2023", "Clavepre": "2-18-45-15-000", "RESOLUCION": "671-27-04-2023", "ORIG_FID": 28 }, "geometry": { "type": "Point", "coordinates": [ -80.671879027685321, -0.963118600643021 ] } },
{ "type": "Feature", "properties": { "id": 54518, "lote_id": 39509, "clavecatas": "2-18-50-06-000", "zona": "2", "sector": "18", "manzana": "50", "lote": "06", "ph": "000", "propietari": "GOBIERNO AUTONOMO DESCENTRALIZADO MUNICIPAL DEL CANTON MANTA .", "documentop": "1360000980001", "direccion": "VILLAMARINA MZ-U1 LT. 06", "area_m2": 224.22, "frente_uti": 39.0, "frente_tot": 0.0, "avaluo_con": 5064.16, "avaluo_sue": 17937.6, "zonaurbano": "URBANA", "parroquia": "LOS ESTEROS", "esta_bloqu": "NO", "es_tercera": "NO", "tiene_elec": "SI", "tiene_agua": "SI", "tiene_alca": "NO", "observacio": "SE UNIFICAN CON LA CC. 2185007 INF, FERNANDO NAVARRETE ABRIL 16/2003 MR C-1461-08\r\n\r\nSE ACTUALIZA INFORMACIÓN CON ESCRITURA DE TRANSFERENCIA DE DOMINIO POR EXPROPIACIÓN INSCRITA EN EL REGISTRO DE LA PROPIEDAD 18 DE ABRIL DEL 2023 YUBER ORTEGA", "observac_1": null, "barrio": "VILLAMARINA", "parroquia_": 4, "barrio_id": 232, "proceso": 0, "fecha_regi": null, "activo_cat": "SI", "desactivad": 0, "avaluo_rem": 0.0, "avaluo_r_1": 0.0, "clasificac": "POR LEGALIZAR", "anio_deuda": 0, "deuda": 0.0, "valor_ip": 0.0, "coactiva": null, "ficharegis": 82795, "etam": 0.1335650471, "diferencia": -0.0057163159, "porc_difer": -2.54942e-05, "admisible": 1, "deuda_anio": 0.0, "2019_csv_c": null, "clavecat_1": null, "2021__csv_": null, "2021__csv1": null, "2022__csv_": "2-18-50-06-000", "2022__csv1": "012-25-05-2023", "Clavepre": "2-18-50-06-000", "RESOLUCION": "012-25-05-2023", "ORIG_FID": 29 }, "geometry": { "type": "Point", "coordinates": [ -80.67184364917604, -0.961912901961996 ] } },
{ "type": "Feature", "properties": { "id": 54519, "lote_id": 100198, "clavecatas": "2-18-50-07-000", "zona": "2", "sector": "18", "manzana": "50", "lote": "07", "ph": "000", "propietari": "MOREIRA COBEÑA DARWIN RAMON", "documentop": "1307197317", "direccion": "VILLAMARINA MZ U1 LOTE - 07", "area_m2": 165.73, "frente_uti": 28.5, "frente_tot": 28.5, "avaluo_con": 5577.44, "avaluo_sue": 13258.4, "zonaurbano": "URBANA", "parroquia": "LOS ESTEROS", "esta_bloqu": "NO", "es_tercera": "NO", "tiene_elec": "SI", "tiene_agua": "SI", "tiene_alca": "SI", "observacio": "SE INGRESA ESTE CODIGO CON EL LISTADO DE PROCESO DE LEGALIZACION EN BASE A LA FICHA REGISTRAL 73844, EN BASE A LA INFORMACION TOMADA EIN SITU.... CORRESPONDE AL LOTE 7 DE LA MANZANA U1.\r\n\r\nSE ACTUALIZA INFORMACIÓN CON ESCRITURA DE TRANSFERENCIA DE DOMIN", "observac_1": null, "barrio": "VILLAMARINA", "parroquia_": 4, "barrio_id": 232, "proceso": 0, "fecha_regi": null, "activo_cat": "SI", "desactivad": 0, "avaluo_rem": 0.0, "avaluo_r_1": 0.0, "clasificac": "GENERAL", "anio_deuda": 2025, "deuda": 89.59, "valor_ip": 0.0, "coactiva": null, "ficharegis": 82794, "etam": 0.0776782504, "diferencia": -0.0020509704, "porc_difer": -1.23754e-05, "admisible": 1, "deuda_anio": 51.95, "2019_csv_c": null, "clavecat_1": null, "2021__csv_": null, "2021__csv1": null, "2022__csv_": "2-18-50-07-000", "2022__csv1": "012-25-05-2023", "Clavepre": "2-18-50-07-000", "RESOLUCION": "012-25-05-2023", "ORIG_FID": 30 }, "geometry": { "type": "Point", "coordinates": [ -80.67182600227963, -0.961824191548567 ] } },
{ "type": "Feature", "properties": { "id": 54563, "lote_id": 39538, "clavecatas": "2-18-53-07-000", "zona": "2", "sector": "18", "manzana": "53", "lote": "07", "ph": "000", "propietari": "MERA FIGUEROA EDUARDO IGNACIO", "documentop": "1307758688", "direccion": "VILLAMARINA MZ 17 LOTE 01", "area_m2": 199.85, "frente_uti": 30.0, "frente_tot": 0.0, "avaluo_con": 129.17, "avaluo_sue": 19830.12, "zonaurbano": "URBANA", "parroquia": "LOS ESTEROS", "esta_bloqu": "NO", "es_tercera": "NO", "tiene_elec": "SI", "tiene_agua": "SI", "tiene_alca": "NO", "observacio": "\r\nSE ACTUALIZA SEGUN ESCRITURA INSCRITA EN EL REGISTRO DE LA PROPIEDAD. 20-08-2024_MVFCH\r\n", "observac_1": null, "barrio": "VILLAMARINA", "parroquia_": 4, "barrio_id": 232, "proceso": 0, "fecha_regi": null, "activo_cat": "SI", "desactivad": 0, "avaluo_rem": 0.0, "avaluo_r_1": 0.0, "clasificac": "GENERAL", "anio_deuda": 0, "deuda": 0.0, "valor_ip": 0.0, "coactiva": null, "ficharegis": 86729, "etam": 0.0, "diferencia": 10.057254454500001, "porc_difer": 0.0503240153, "admisible": 0, "deuda_anio": 0.0, "2019_csv_c": null, "clavecat_1": null, "2021__csv_": null, "2021__csv1": null, "2022__csv_": "2-18-53-07-000", "2022__csv1": "671-27-04-2023", "Clavepre": "2-18-53-07-000", "RESOLUCION": "671-27-04-2023", "ORIG_FID": 31 }, "geometry": { "type": "Point", "coordinates": [ -80.669808691013245, -0.963547725427979 ] } },
{ "type": "Feature", "properties": { "id": 54707, "lote_id": 39664, "clavecatas": "2-18-64-04-000", "zona": "2", "sector": "18", "manzana": "64", "lote": "04", "ph": "000", "propietari": "PONCE ZAMBRANO ROSA AUXILIADORA", "documentop": "1305261818", "direccion": "LOT. VILLAMARINA MZ-W1 LT. #04", "area_m2": 205.2, "frente_uti": 10.0, "frente_tot": 0.0, "avaluo_con": 11129.62, "avaluo_sue": 13338.0, "zonaurbano": "URBANA", "parroquia": "LOS ESTEROS", "esta_bloqu": "NO", "es_tercera": "NO", "tiene_elec": "SI", "tiene_agua": "SI", "tiene_alca": "NO", "observacio": "763-03 SE ACTUALIZA INFORMACIÓN CON ESCRITURA DE TRANSFERENCIA DE DOMINIO POR EXPROPIACIÓN INSCRITA EN EL REGISTRO DE LA PROPIEDAD 18 DE ABRIL DEL 2023 YUBER ORTEGA -SE ACTUALIZA INFORMACION CON ESCRITURA DE ADJ.CON PROH.DE ENAJ.INSCRITA EN EL REG.DE L", "observac_1": null, "barrio": "VILLAMARINA", "parroquia_": 4, "barrio_id": 232, "proceso": 0, "fecha_regi": null, "activo_cat": "SI", "desactivad": 0, "avaluo_rem": 0.0, "avaluo_r_1": 0.0, "clasificac": "GENERAL", "anio_deuda": 0, "deuda": 0.0, "valor_ip": 0.0, "coactiva": null, "ficharegis": 82808, "etam": 0.1396179694, "diferencia": -1.8534691287, "porc_difer": -0.0090325006, "admisible": 1, "deuda_anio": 0.0, "2019_csv_c": null, "clavecat_1": null, "2021__csv_": null, "2021__csv1": null, "2022__csv_": "2-18-64-04-000", "2022__csv1": "012-25-05-2023", "Clavepre": "2-18-64-04-000", "RESOLUCION": "012-25-05-2023", "ORIG_FID": 32 }, "geometry": { "type": "Point", "coordinates": [ -80.670550800373604, -0.96106292852995 ] } },
{ "type": "Feature", "properties": { "id": 54722, "lote_id": 39678, "clavecatas": "2-18-65-02-000", "zona": "2", "sector": "18", "manzana": "65", "lote": "02", "ph": "000", "propietari": "CEDEÑO MOSQUERA JESSENIA MONSERRATE", "documentop": "1309841201", "direccion": "LOT. VILLAMARINA MZ-W2 L#02", "area_m2": 202.32, "frente_uti": 10.0, "frente_tot": 0.0, "avaluo_con": 11487.55, "avaluo_sue": 13150.8, "zonaurbano": "URBANA", "parroquia": "LOS ESTEROS", "esta_bloqu": "NO", "es_tercera": "NO", "tiene_elec": "SI", "tiene_agua": "SI", "tiene_alca": "NO", "observacio": "SE PROCEDE A ACTUALIZAR EL AREA POR PROCESO DE LEGALIZACION SE ACTUALIZA INFORMACIÓN CON ESCRITURA DE TRANSFERENCIA DE DOMINIO POR EXPROPIACIÓN INSCRITA EN EL REGISTRO DE LA PROPIEDAD 18 DE ABRIL DEL 2023 YUBER ORTEGA -SE ACTUALIZA INFORMACION CON ESCR", "observac_1": null, "barrio": "VILLAMARINA", "parroquia_": 4, "barrio_id": 232, "proceso": 0, "fecha_regi": null, "activo_cat": "SI", "desactivad": 0, "avaluo_rem": 0.0, "avaluo_r_1": 0.0, "clasificac": "GENERAL", "anio_deuda": 2026, "deuda": 42.3, "valor_ip": 0.0, "coactiva": null, "ficharegis": 82809, "etam": 0.1406081802, "diferencia": -0.0022035356, "porc_difer": -1.08913e-05, "admisible": 1, "deuda_anio": 0.0, "2019_csv_c": null, "clavecat_1": null, "2021__csv_": null, "2021__csv1": null, "2022__csv_": "2-18-65-02-000", "2022__csv1": "012-25-05-2023", "Clavepre": "2-18-65-02-000", "RESOLUCION": "012-25-05-2023", "ORIG_FID": 33 }, "geometry": { "type": "Point", "coordinates": [ -80.670240936436301, -0.961413873608703 ] } },
{ "type": "Feature", "properties": { "id": 54727, "lote_id": 39683, "clavecatas": "2-18-65-07-000", "zona": "2", "sector": "18", "manzana": "65", "lote": "07", "ph": "000", "propietari": "GOBIERNO AUTONOMO DESCENTRALIZADO MCPAL.DEL CANTON MANTA .", "documentop": "1360000980001", "direccion": "LOT. VILLAMARINA MZ-W2 L#07", "area_m2": 192.95, "frente_uti": 10.0, "frente_tot": 0.0, "avaluo_con": 12935.9, "avaluo_sue": 12541.75, "zonaurbano": "URBANA", "parroquia": "LOS ESTEROS", "esta_bloqu": "NO", "es_tercera": "NO", "tiene_elec": "SI", "tiene_agua": "SI", "tiene_alca": "NO", "observacio": "SE PROCEDE A ACTUALIZAR EL AREA POR PROCESO DE LEGALIZACION\r\nSE ACTUALIZA INFORMACIÓN CON ESCRITURA DE TRANSFERENCIA DE DOMINIO POR EXPROPIACIÓN INSCRITA EN EL REGISTRO DE LA PROPIEDAD 21 DE ABRIL DEL 2023 YUBER ORTEGA", "observac_1": null, "barrio": "VILLAMARINA", "parroquia_": 4, "barrio_id": 232, "proceso": 0, "fecha_regi": null, "activo_cat": "SI", "desactivad": 0, "avaluo_rem": 0.0, "avaluo_r_1": 0.0, "clasificac": "GENERAL", "anio_deuda": 2026, "deuda": 39.45, "valor_ip": 0.0, "coactiva": null, "ficharegis": 82811, "etam": 0.0719909009, "diferencia": -0.0090546692, "porc_difer": -4.69275e-05, "admisible": 1, "deuda_anio": 0.0, "2019_csv_c": null, "clavecat_1": null, "2021__csv_": null, "2021__csv1": null, "2022__csv_": "2-18-65-07-000", "2022__csv1": "012-25-05-2023", "Clavepre": "2-18-65-07-000", "RESOLUCION": "012-25-05-2023", "ORIG_FID": 34 }, "geometry": { "type": "Point", "coordinates": [ -80.670057664405277, -0.960992781197264 ] } },
{ "type": "Feature", "properties": { "id": 54728, "lote_id": 39684, "clavecatas": "2-18-65-08-000", "zona": "2", "sector": "18", "manzana": "65", "lote": "08", "ph": "000", "propietari": "GOBIERNO AUTONOMO DESCENTRALIZADO MCPAL.DEL CANTON MANTA .", "documentop": "1360000980001", "direccion": "LOT. VILLAMARINA MZ-W2 L#08", "area_m2": 345.35, "frente_uti": 30.0, "frente_tot": 0.0, "avaluo_con": 36574.4, "avaluo_sue": 23570.14, "zonaurbano": "URBANA", "parroquia": "LOS ESTEROS", "esta_bloqu": "NO", "es_tercera": "NO", "tiene_elec": "SI", "tiene_agua": "SI", "tiene_alca": "NO", "observacio": "SE PROCEDE A ACTUALIZAR EL AREA POR PROCESO DE LEGALIZACION\r\nSE ACTUALIZA INFORMACIÓN CON ESCRITURA DE TRANSFERENCIA DE DOMINIO POR EXPROPIACIÓN INSCRITA EN EL REGISTRO DE LA PROPIEDAD 21 DE ABRIL DEL 2023 YUBER ORTEGA", "observac_1": null, "barrio": "VILLAMARINA", "parroquia_": 4, "barrio_id": 232, "proceso": 0, "fecha_regi": null, "activo_cat": "SI", "desactivad": 0, "avaluo_rem": 0.0, "avaluo_r_1": 0.0, "clasificac": "GENERAL", "anio_deuda": 2019, "deuda": 542.53, "valor_ip": 0.0, "coactiva": null, "ficharegis": 82812, "etam": 0.1614327052, "diferencia": -0.0033919412, "porc_difer": -9.8217e-06, "admisible": 1, "deuda_anio": 469.78, "2019_csv_c": null, "clavecat_1": null, "2021__csv_": null, "2021__csv1": null, "2022__csv_": "2-18-65-08-000", "2022__csv1": "012-25-05-2023", "Clavepre": "2-18-65-08-000", "RESOLUCION": "012-25-05-2023", "ORIG_FID": 35 }, "geometry": { "type": "Point", "coordinates": [ -80.670004658367262, -0.96087085053 ] } },
{ "type": "Feature", "properties": { "id": 54730, "lote_id": 39686, "clavecatas": "2-18-65-10-000", "zona": "2", "sector": "18", "manzana": "65", "lote": "10", "ph": "000", "propietari": "MACIAS MENDOZA BRIGITTE LISBETH", "documentop": "1315724516", "direccion": "LOT. VILLAMARINA MZ-W2 L#10", "area_m2": 195.91, "frente_uti": 10.0, "frente_tot": 0.0, "avaluo_con": 2645.25, "avaluo_sue": 11460.74, "zonaurbano": "URBANA", "parroquia": "LOS ESTEROS", "esta_bloqu": "NO", "es_tercera": "NO", "tiene_elec": "SI", "tiene_agua": "SI", "tiene_alca": "NO", "observacio": "SE PROCEDE A ACTUALIZAR EL AREA POR PROCESO DE LEGALIZACION\r\nSE ACTUALIZA INFORMACIÓN CON ESCRITURA DE TRANSFERENCIA DE DOMINIO POR EXPROPIACIÓN INSCRITA EN EL REGISTRO DE LA PROPIEDAD 21 DE ABRIL DEL 2023 YUBER ORTEGA -SE ACTUALIZA INFORMACION CON ESC", "observac_1": null, "barrio": "VILLAMARINA", "parroquia_": 4, "barrio_id": 232, "proceso": 0, "fecha_regi": null, "activo_cat": "SI", "desactivad": 0, "avaluo_rem": 0.0, "avaluo_r_1": 0.0, "clasificac": "GENERAL", "anio_deuda": 2024, "deuda": 135.15, "valor_ip": 0.0, "coactiva": null, "ficharegis": 82814, "etam": 0.0714449765, "diferencia": -0.0079286378, "porc_difer": -4.04708e-05, "admisible": 1, "deuda_anio": 102.5, "2019_csv_c": null, "clavecat_1": null, "2021__csv_": null, "2021__csv1": null, "2022__csv_": "2-18-65-10-000", "2022__csv1": "012-25-05-2023", "Clavepre": "2-18-65-10-000", "RESOLUCION": "012-25-05-2023", "ORIG_FID": 36 }, "geometry": { "type": "Point", "coordinates": [ -80.669900365409504, -0.961061514563169 ] } },
{ "type": "Feature", "properties": { "id": 54731, "lote_id": 39687, "clavecatas": "2-18-65-11-000", "zona": "2", "sector": "18", "manzana": "65", "lote": "11", "ph": "000", "propietari": "MOREIRA ZAMBRANO MARIA VERONICA", "documentop": "1310463565", "direccion": "VILLAMARINA MZ- W2 LOTE 11", "area_m2": 223.32, "frente_uti": 10.0, "frente_tot": 0.0, "avaluo_con": 31997.22, "avaluo_sue": 14515.8, "zonaurbano": "URBANA", "parroquia": "LOS ESTEROS", "esta_bloqu": "NO", "es_tercera": "NO", "tiene_elec": "SI", "tiene_agua": "SI", "tiene_alca": "NO", "observacio": "SE PROCEDE A ACTUALIZAR EL AREA POR PROCESO DE LEGALIZACION\r\nSE ACTUALIZA INFORMACIÓN CON ESCRITURA DE TRANSFERENCIA DE DOMINIO POR EXPROPIACIÓN INSCRITA EN EL REGISTRO DE LA PROPIEDAD 21 DE ABRIL DEL 2023 YUBER ORTEGA -SE ACTUALIZA INFORMACION CON ESC", "observac_1": null, "barrio": "VILLAMARINA", "parroquia_": 4, "barrio_id": 232, "proceso": 0, "fecha_regi": null, "activo_cat": "SI", "desactivad": 0, "avaluo_rem": 0.0, "avaluo_r_1": 0.0, "clasificac": "GENERAL", "anio_deuda": 2023, "deuda": 186.48, "valor_ip": 0.0, "coactiva": null, "ficharegis": 82815, "etam": 0.1338339161, "diferencia": 0.0011628752, "porc_difer": 5.2072e-06, "admisible": 1, "deuda_anio": 141.86, "2019_csv_c": null, "clavecat_1": null, "2021__csv_": null, "2021__csv1": null, "2022__csv_": "2-18-65-11-000", "2022__csv1": "012-25-05-2023", "Clavepre": "2-18-65-11-000", "RESOLUCION": "012-25-05-2023", "ORIG_FID": 37 }, "geometry": { "type": "Point", "coordinates": [ -80.669937501893344, -0.961150803422295 ] } },
{ "type": "Feature", "properties": { "id": 54734, "lote_id": 39690, "clavecatas": "2-18-65-14-000", "zona": "2", "sector": "18", "manzana": "65", "lote": "14", "ph": "000", "propietari": "VELASQUEZ REYES LUCIA YOHANA", "documentop": "1310584972", "direccion": "VILLAMARINA W2 LOTE 14", "area_m2": 190.04, "frente_uti": 10.0, "frente_tot": 10.0, "avaluo_con": 7935.72, "avaluo_sue": 11117.34, "zonaurbano": "URBANA", "parroquia": "LOS ESTEROS", "esta_bloqu": "NO", "es_tercera": "NO", "tiene_elec": "SI", "tiene_agua": "SI", "tiene_alca": "NO", "observacio": "SE PROCEDE A ACTUALIZAR EL AREA POR PROCESO DE LEGALIZACION\r\nSE ACTUALIZA INFORMACIÓN CON ESCRITURA DE TRANSFERENCIA DE DOMINIO POR EXPROPIACIÓN INSCRITA EN EL REGISTRO DE LA PROPIEDAD 21 DE ABRIL DEL 2023 YUBER ORTEGA-SE ACTUALIZA INF EN BASE A ESCRIT", "observac_1": null, "barrio": "VILLAMARINA", "parroquia_": 4, "barrio_id": 232, "proceso": 0, "fecha_regi": null, "activo_cat": "SI", "desactivad": 0, "avaluo_rem": 0.0, "avaluo_r_1": 0.0, "clasificac": "GENERAL", "anio_deuda": 2025, "deuda": 88.98, "valor_ip": 0.0, "coactiva": null, "ficharegis": 82817, "etam": 0.0725399896, "diferencia": -0.0003922329, "porc_difer": -2.0639e-06, "admisible": 1, "deuda_anio": 51.54, "2019_csv_c": null, "clavecat_1": null, "2021__csv_": null, "2021__csv1": null, "2022__csv_": "2-18-65-14-000", "2022__csv1": "012-25-05-2023", "Clavepre": "2-18-65-14-000", "RESOLUCION": "012-25-05-2023", "ORIG_FID": 38 }, "geometry": { "type": "Point", "coordinates": [ -80.67004283401495, -0.961404094269835 ] } },
{ "type": "Feature", "properties": { "id": 54737, "lote_id": 100200, "clavecatas": "2-18-65-17-000", "zona": "2", "sector": "18", "manzana": "65", "lote": "17", "ph": "000", "propietari": "VITERI SUAREZ JESSICA MERCEDES", "documentop": "1309842449", "direccion": "VILLAMARINA MZ W2 LOTE- 17", "area_m2": 190.04, "frente_uti": 9.7, "frente_tot": 9.7, "avaluo_con": 16423.68, "avaluo_sue": 12352.6, "zonaurbano": "URBANA", "parroquia": "LOS ESTEROS", "esta_bloqu": "NO", "es_tercera": "NO", "tiene_elec": "SI", "tiene_agua": "SI", "tiene_alca": "SI", "observacio": "SE INGRESA ESTE CODIGO CON EL LISTADO DE PROCESO DE LEGALIZACION EN BASE A LA FICHA REGISTRAL 73844, EN BASE A LA INFORMACION TOMADA EIN SITU....\r\nSE ACTUALIZA INFORMACIÓN CON ESCRITURA DE TRANSFERENCIA DE DOMINIO POR EXPROPIACIÓN INSCRITA EN EL REGIST", "observac_1": null, "barrio": "VILLAMARINA", "parroquia_": 4, "barrio_id": 232, "proceso": 0, "fecha_regi": null, "activo_cat": "SI", "desactivad": 0, "avaluo_rem": 0.0, "avaluo_r_1": 0.0, "clasificac": "GENERAL", "anio_deuda": 0, "deuda": 0.0, "valor_ip": 0.0, "coactiva": null, "ficharegis": 82813, "etam": 0.0725399896, "diferencia": -0.0003907911, "porc_difer": -2.0564e-06, "admisible": 1, "deuda_anio": 0.0, "2019_csv_c": null, "clavecat_1": null, "2021__csv_": null, "2021__csv1": null, "2022__csv_": "2-18-65-17-000", "2022__csv1": "012-25-05-2023", "Clavepre": "2-18-65-17-000", "RESOLUCION": "012-25-05-2023", "ORIG_FID": 39 }, "geometry": { "type": "Point", "coordinates": [ -80.669866179888359, -0.960979312124879 ] } },
{ "type": "Feature", "properties": { "id": 54751, "lote_id": 100202, "clavecatas": "2-18-66-17-000", "zona": "2", "sector": "18", "manzana": "66", "lote": "17", "ph": "000", "propietari": "MENENDEZ GARCIA LUIS ANTONIO", "documentop": "1311781627", "direccion": "VILLAMARINA MZ W3 LOTE- 17", "area_m2": 194.98, "frente_uti": 29.5, "frente_tot": 29.5, "avaluo_con": 41322.02, "avaluo_sue": 11976.65, "zonaurbano": "URBANA", "parroquia": "LOS ESTEROS", "esta_bloqu": "NO", "es_tercera": "NO", "tiene_elec": "SI", "tiene_agua": "SI", "tiene_alca": "SI", "observacio": "SE INGRESA ESTE CODIGO CON EL LISTADO DE PROCESO DE LEGALIZACION EN BASE A LA FICHA REGISTRAL 73844, EN BASE A LA INFORMACION TOMADA EIN SITU.\r\nSE ACTUALIZA INFORMACIÓN CON ESCRITURA DE TRANSFERENCIA DE DOMINIO POR EXPROPIACIÓN INSCRITA EN EL REGISTRO", "observac_1": null, "barrio": "VILLAMARINA", "parroquia_": 4, "barrio_id": 232, "proceso": 0, "fecha_regi": null, "activo_cat": "SI", "desactivad": 0, "avaluo_rem": 0.0, "avaluo_r_1": 0.0, "clasificac": "GENERAL", "anio_deuda": 0, "deuda": 0.0, "valor_ip": 0.0, "coactiva": null, "ficharegis": 82818, "etam": 0.0716151601, "diferencia": -0.0002200256, "porc_difer": -1.1285e-06, "admisible": 1, "deuda_anio": 0.0, "2019_csv_c": null, "clavecat_1": null, "2021__csv_": null, "2021__csv1": null, "2022__csv_": "2-18-66-17-000", "2022__csv1": "079-05-10-2023", "Clavepre": "2-18-66-17-000", "RESOLUCION": "079-05-10-2023", "ORIG_FID": 40 }, "geometry": { "type": "Point", "coordinates": [ -80.669883499540447, -0.961668070716576 ] } },
{ "type": "Feature", "properties": { "id": 54765, "lote_id": 100193, "clavecatas": "2-18-67-17-000", "zona": "2", "sector": "18", "manzana": "67", "lote": "17", "ph": "000", "propietari": "MARIN MERO YESSENIA YADIRA", "documentop": "1310728876", "direccion": "VILLAMARINA MZ- W4 LOTE - 17", "area_m2": 209.0, "frente_uti": 30.0, "frente_tot": 30.0, "avaluo_con": 23870.4, "avaluo_sue": 14264.25, "zonaurbano": "URBANA", "parroquia": "LOS ESTEROS", "esta_bloqu": "NO", "es_tercera": "NO", "tiene_elec": "NO", "tiene_agua": "NO", "tiene_alca": "NO", "observacio": "INGRESO NUEVO DEL LISTADO EN EL PROCESO DE LEGALIZACION CON LA FICHA REGISTRAL 73844 EN BASE A LA INFORMACION TOMADA DEL SITIO POR LOS COMPAÑEROS 21/12/21 ARQ. LUPE LANDA..\r\nSE ACTUALIZA INFORMACIÓN CON ESCRITURA DE TRANSFERENCIA DE DOMINIO POR EXPROPI", "observac_1": null, "barrio": "VILLAMARINA", "parroquia_": 4, "barrio_id": 232, "proceso": 0, "fecha_regi": null, "activo_cat": "SI", "desactivad": 0, "avaluo_rem": 0.0, "avaluo_r_1": 0.0, "clasificac": "GENERAL", "anio_deuda": 2026, "deuda": 60.42, "valor_ip": 0.0, "coactiva": null, "ficharegis": 82821, "etam": 0.1383428928, "diferencia": 0.0008638521, "porc_difer": 4.1333e-06, "admisible": 1, "deuda_anio": 0.0, "2019_csv_c": null, "clavecat_1": null, "2021__csv_": null, "2021__csv1": null, "2022__csv_": "2-18-67-17-000", "2022__csv1": "012-25-05-2023", "Clavepre": "2-18-67-17-000", "RESOLUCION": "012-25-05-2023", "ORIG_FID": 41 }, "geometry": { "type": "Point", "coordinates": [ -80.669206914516195, -0.961182626813366 ] } },
{ "type": "Feature", "properties": { "id": 54766, "lote_id": 100194, "clavecatas": "2-18-67-18-000", "zona": "2", "sector": "18", "manzana": "67", "lote": "18", "ph": "000", "propietari": "MARIN MERO MERCY MONICA", "documentop": "1306168343", "direccion": "VILLAMARINA MZ- W4 LOTE -18", "area_m2": 190.0, "frente_uti": 29.0, "frente_tot": 29.0, "avaluo_con": 661.57, "avaluo_sue": 12967.5, "zonaurbano": "URBANA", "parroquia": "LOS ESTEROS", "esta_bloqu": "NO", "es_tercera": "NO", "tiene_elec": "NO", "tiene_agua": "NO", "tiene_alca": "NO", "observacio": "INGRESO NUEVO DEL LISTADO EN EL PROCESO DE LEGALIZACION CON LA FICHA REGISTRAL 73844 EN BASE A LA INFORMACION TOMADA DEL SITIO POR LOS COMPAÑEROS 21/12/21 ARQ. LUPE LANDA..\r\nSE ACTUALIZA INFORMACIÓN CON ESCRITURA DE TRANSFERENCIA DE DOMINIO POR EXPROPI", "observac_1": null, "barrio": "VILLAMARINA", "parroquia_": 4, "barrio_id": 232, "proceso": 0, "fecha_regi": null, "activo_cat": "SI", "desactivad": 0, "avaluo_rem": 0.0, "avaluo_r_1": 0.0, "clasificac": "GENERAL", "anio_deuda": 2025, "deuda": 81.4, "valor_ip": 0.0, "coactiva": null, "ficharegis": 82822, "etam": 0.072547625, "diferencia": 0.0007853305, "porc_difer": 4.1333e-06, "admisible": 1, "deuda_anio": 47.87, "2019_csv_c": null, "clavecat_1": null, "2021__csv_": null, "2021__csv1": null, "2022__csv_": "2-18-67-18-000", "2022__csv1": "079-05-10-2023", "Clavepre": "2-18-67-18-000", "RESOLUCION": "079-05-10-2023", "ORIG_FID": 42 }, "geometry": { "type": "Point", "coordinates": [ -80.669049258514249, -0.961248806112005 ] } },
{ "type": "Feature", "properties": { "id": 54770, "lote_id": 39720, "clavecatas": "2-18-68-05-000", "zona": "2", "sector": "18", "manzana": "68", "lote": "05", "ph": "000", "propietari": "ANCHUNDIA PARRALES MERCEDES MARLENE", "documentop": "1306267244", "direccion": "VILLAMARINA MZ W5 LOTE 5", "area_m2": 202.48, "frente_uti": 12.0, "frente_tot": 12.0, "avaluo_con": 22910.36, "avaluo_sue": 11845.08, "zonaurbano": "URBANA", "parroquia": "LOS ESTEROS", "esta_bloqu": "NO", "es_tercera": "NO", "tiene_elec": "SI", "tiene_agua": "SI", "tiene_alca": "NO", "observacio": "SE CORRIGE AREA DE ESTE CODIGO CON EL LISTADO DE PROCESO DE LEGALIZACION CON LA FICHA REGISTRAL 73844 EN BASE A LA INFORMACION TOMADA DEL SITIO POR LOS COMPAÑEROS 21/12/21 ARQ. LUPE LANDA..\r\nSE ACTUALIZA INFORMACIÓN CON ESCRITURA DE TRANSFERENCIA DE DO", "observac_1": null, "barrio": "VILLAMARINA", "parroquia_": 4, "barrio_id": 232, "proceso": 0, "fecha_regi": null, "activo_cat": "SI", "desactivad": 0, "avaluo_rem": 0.0, "avaluo_r_1": 0.0, "clasificac": "GENERAL", "anio_deuda": 2026, "deuda": 50.34, "valor_ip": 0.0, "coactiva": null, "ficharegis": 82826, "etam": 0.1405526148, "diferencia": 0.0705375974, "porc_difer": 0.0003483682, "admisible": 1, "deuda_anio": 0.0, "2019_csv_c": null, "clavecat_1": null, "2021__csv_": null, "2021__csv1": null, "2022__csv_": "2-18-68-05-000", "2022__csv1": "012-25-05-2023", "Clavepre": "2-18-68-05-000", "RESOLUCION": "012-25-05-2023", "ORIG_FID": 43 }, "geometry": { "type": "Point", "coordinates": [ -80.66891050082495, -0.961522604925237 ] } },
{ "type": "Feature", "properties": { "id": 54778, "lote_id": 39728, "clavecatas": "2-18-68-13-000", "zona": "2", "sector": "18", "manzana": "68", "lote": "13", "ph": "000", "propietari": "GOBIERNO AUTONOMO DESCENTRALIZADO MCPAL.DEL CANTON MANTA .", "documentop": "1360000980001", "direccion": "VILLAMARINA MZ-W5 L#4A", "area_m2": 130.45, "frente_uti": 7.5, "frente_tot": 7.5, "avaluo_con": 6528.86, "avaluo_sue": 8479.25, "zonaurbano": "URBANA", "parroquia": "LOS ESTEROS", "esta_bloqu": "NO", "es_tercera": "NO", "tiene_elec": "NO", "tiene_agua": "NO", "tiene_alca": "NO", "observacio": "SE CORRIGE AREA DE ESTE CODIGO CON EL LISTADO DE PROCESO DE LEGALIZACION CON LA FICHA REGISTRAL 73844 EN BASE A LA INFORMACION TOMADA DEL SITIO POR LOS COMPAÑEROS 21/12/21 ARQ. LUPE LANDA..\r\nSE ACTUALIZA INFORMACIÓN CON ESCRITURA DE TRANSFERENCIA DE DO", "observac_1": null, "barrio": "VILLAMARINA", "parroquia_": 4, "barrio_id": 232, "proceso": 0, "fecha_regi": null, "activo_cat": "SI", "desactivad": 0, "avaluo_rem": 0.0, "avaluo_r_1": 0.0, "clasificac": "GENERAL", "anio_deuda": 2026, "deuda": 27.63, "valor_ip": 0.0, "coactiva": null, "ficharegis": 82825, "etam": 0.0875543964, "diferencia": 0.1052466146, "porc_difer": 0.0008067966, "admisible": 1, "deuda_anio": 0.0, "2019_csv_c": null, "clavecat_1": null, "2021__csv_": null, "2021__csv1": null, "2022__csv_": "2-18-68-13-000", "2022__csv1": "012-25-05-2023", "Clavepre": "2-18-68-13-000", "RESOLUCION": "012-25-05-2023", "ORIG_FID": 44 }, "geometry": { "type": "Point", "coordinates": [ -80.668943288248968, -0.961604150397922 ] } },
{ "type": "Feature", "properties": { "id": 54779, "lote_id": 39729, "clavecatas": "2-18-68-14-000", "zona": "2", "sector": "18", "manzana": "68", "lote": "14", "ph": "000", "propietari": "GOBIERNO AUTONOMO DESCENTRALIZADO MCPAL.DEL CANTON MANTA .", "documentop": "1360000980001", "direccion": "VILLAMARINA MZ-W5 L#4", "area_m2": 141.47, "frente_uti": 7.9, "frente_tot": 7.9, "avaluo_con": 11415.9, "avaluo_sue": 8276.0, "zonaurbano": "URBANA", "parroquia": "LOS ESTEROS", "esta_bloqu": "NO", "es_tercera": "NO", "tiene_elec": "NO", "tiene_agua": "NO", "tiene_alca": "NO", "observacio": "SE CORRIGE AREA CON EL LISTADO EN EL PROCESO DE LEGALIZACION CON LA FICHA REGISTRAL 73844 EN BASE A LA INFORMACION TOMADA DEL SITIO POR LOS COMPAÑEROS 21/12/21 ARQ. LUPE LANDA..\r\nSE ACTUALIZA INFORMACIÓN CON ESCRITURA DE TRANSFERENCIA DE DOMINIO POR EX", "observac_1": null, "barrio": "VILLAMARINA", "parroquia_": 4, "barrio_id": 232, "proceso": 0, "fecha_regi": null, "activo_cat": "SI", "desactivad": 0, "avaluo_rem": 0.0, "avaluo_r_1": 0.0, "clasificac": "GENERAL", "anio_deuda": 2026, "deuda": 32.29, "valor_ip": 0.0, "coactiva": null, "ficharegis": 82824, "etam": 0.0840751834, "diferencia": 0.0701064234, "porc_difer": 0.0004955568, "admisible": 1, "deuda_anio": 0.0, "2019_csv_c": null, "clavecat_1": null, "2021__csv_": null, "2021__csv1": null, "2022__csv_": "2-18-68-14-000", "2022__csv1": "012-25-05-2023", "Clavepre": "2-18-68-14-000", "RESOLUCION": "012-25-05-2023", "ORIG_FID": 45 }, "geometry": { "type": "Point", "coordinates": [ -80.668969172009625, -0.961668993981045 ] } },
{ "type": "Feature", "properties": { "id": 54782, "lote_id": 39732, "clavecatas": "2-18-69-01-000", "zona": "2", "sector": "18", "manzana": "69", "lote": "01", "ph": "000", "propietari": "GOBIERNO AUTONOMO DESCENTRALIZADO MCPAL.DEL CANTON MANTA .", "documentop": "1360000980001", "direccion": "VILLAMARINA MZ X6 LOTE - 1", "area_m2": 191.99, "frente_uti": 29.2, "frente_tot": 0.0, "avaluo_con": 16247.9, "avaluo_sue": 12479.35, "zonaurbano": "URBANA", "parroquia": "LOS ESTEROS", "esta_bloqu": "NO", "es_tercera": "NO", "tiene_elec": "SI", "tiene_agua": "SI", "tiene_alca": "NO", "observacio": "SE INGRESA ESTE CODIGO CON EL LISTADO DE PROCESO DE LEGALIZACION EN BASE A LA FICHA REGISTRAL 73844, EN BASE A LA INFORMACION TOMADA EIN SITU.\r\nSE ACTUALIZA INFORMACIÓN CON ESCRITURA DE TRANSFERENCIA DE DOMINIO POR EXPROPIACIÓN INSCRITA EN EL REGISTRO", "observac_1": null, "barrio": "VILLAMARINA", "parroquia_": 4, "barrio_id": 232, "proceso": 0, "fecha_regi": null, "activo_cat": "SI", "desactivad": 0, "avaluo_rem": 0.0, "avaluo_r_1": 0.0, "clasificac": "GENERAL", "anio_deuda": 2026, "deuda": 49.25, "valor_ip": 0.0, "coactiva": null, "ficharegis": 82982, "etam": 0.0721706631, "diferencia": -0.0040977903, "porc_difer": -2.13438e-05, "admisible": 1, "deuda_anio": 0.0, "2019_csv_c": null, "clavecat_1": null, "2021__csv_": null, "2021__csv1": null, "2022__csv_": "2-18-69-01-000", "2022__csv1": "012-25-05-2023", "Clavepre": "2-18-69-01-000", "RESOLUCION": "012-25-05-2023", "ORIG_FID": 46 }, "geometry": { "type": "Point", "coordinates": [ -80.669122668690861, -0.960998069207125 ] } },
{ "type": "Feature", "properties": { "id": 54783, "lote_id": 39733, "clavecatas": "2-18-69-02-000", "zona": "2", "sector": "18", "manzana": "69", "lote": "02", "ph": "000", "propietari": "GOBIERNO AUTONOMO DESCENTRALIZADO MCPAL.DEL CANTON MANTA .", "documentop": "1360000980001", "direccion": "VILLAMARINA MZ X6 LOTE - 2", "area_m2": 192.9, "frente_uti": 10.1, "frente_tot": 10.1, "avaluo_con": 4224.0, "avaluo_sue": 12538.5, "zonaurbano": "URBANA", "parroquia": "LOS ESTEROS", "esta_bloqu": "NO", "es_tercera": "NO", "tiene_elec": "SI", "tiene_agua": "SI", "tiene_alca": "NO", "observacio": "SE INGRESA ESTE CODIGO CON EL LISTADO DE PROCESO DE LEGALIZACION EN BASE A LA FICHA REGISTRAL 73844, EN BASE A LA INFORMACION TOMADA EIN SITU.\r\nSE ACTUALIZA INFORMACIÓN CON ESCRITURA DE TRANSFERENCIA DE DOMINIO POR EXPROPIACIÓN INSCRITA EN EL REGISTRO", "observac_1": null, "barrio": "VILLAMARINA", "parroquia_": 4, "barrio_id": 232, "proceso": 0, "fecha_regi": null, "activo_cat": "SI", "desactivad": 0, "avaluo_rem": 0.0, "avaluo_r_1": 0.0, "clasificac": "GENERAL", "anio_deuda": 2026, "deuda": 36.46, "valor_ip": 0.0, "coactiva": null, "ficharegis": 82983, "etam": 0.0720002304, "diferencia": -0.0008423403, "porc_difer": -4.3667e-06, "admisible": 1, "deuda_anio": 0.0, "2019_csv_c": null, "clavecat_1": null, "2021__csv_": null, "2021__csv1": null, "2022__csv_": "2-18-69-02-000", "2022__csv1": "012-25-05-2023", "Clavepre": "2-18-69-02-000", "RESOLUCION": "012-25-05-2023", "ORIG_FID": 47 }, "geometry": { "type": "Point", "coordinates": [ -80.669086861902386, -0.960914685104217 ] } },
{ "type": "Feature", "properties": { "id": 54784, "lote_id": 39734, "clavecatas": "2-18-69-03-000", "zona": "2", "sector": "18", "manzana": "69", "lote": "03", "ph": "000", "propietari": "GOBIERNO AUTONOMO DESCENTRALIZADO MCPAL.DEL CANTON MANTA .", "documentop": "1360000980001", "direccion": "VILLARINA MZ X6 LOTE - 03", "area_m2": 189.99, "frente_uti": 10.0, "frente_tot": 10.0, "avaluo_con": 12617.09, "avaluo_sue": 12349.35, "zonaurbano": "URBANA", "parroquia": "LOS ESTEROS", "esta_bloqu": "NO", "es_tercera": "NO", "tiene_elec": "SI", "tiene_agua": "SI", "tiene_alca": "NO", "observacio": "SE INGRESA ESTE CODIGO CON EL LISTADO DE PROCESO DE LEGALIZACION EN BASE A LA FICHA REGISTRAL 73844, EN BASE A LA INFORMACION TOMADA EIN SITU.\r\nSE ACTUALIZA INFORMACIÓN CON ESCRITURA DE TRANSFERENCIA DE DOMINIO POR EXPROPIACIÓN INSCRITA EN EL REGISTRO", "observac_1": null, "barrio": "VILLAMARINA", "parroquia_": 4, "barrio_id": 232, "proceso": 0, "fecha_regi": null, "activo_cat": "SI", "desactivad": 0, "avaluo_rem": 0.0, "avaluo_r_1": 0.0, "clasificac": "GENERAL", "anio_deuda": 2026, "deuda": 41.79, "valor_ip": 0.0, "coactiva": null, "ficharegis": 82984, "etam": 0.0725495342, "diferencia": -0.0031410105, "porc_difer": -1.65325e-05, "admisible": 1, "deuda_anio": 0.0, "2019_csv_c": null, "clavecat_1": null, "2021__csv_": null, "2021__csv1": null, "2022__csv_": "2-18-69-03-000", "2022__csv1": "012-25-05-2023", "Clavepre": "2-18-69-03-000", "RESOLUCION": "012-25-05-2023", "ORIG_FID": 48 }, "geometry": { "type": "Point", "coordinates": [ -80.669050991681573, -0.960831154796402 ] } },
{ "type": "Feature", "properties": { "id": 54785, "lote_id": 39735, "clavecatas": "2-18-69-04-000", "zona": "2", "sector": "18", "manzana": "69", "lote": "04", "ph": "000", "propietari": "VALDEZ CEDEÑO ROSA HELEN", "documentop": "1304358128", "direccion": "VILLAMRINA MZ X6 LOTE 4", "area_m2": 189.99, "frente_uti": 10.0, "frente_tot": 10.0, "avaluo_con": 0.0, "avaluo_sue": 12349.35, "zonaurbano": "URBANA", "parroquia": "LOS ESTEROS", "esta_bloqu": "NO", "es_tercera": "NO", "tiene_elec": "SI", "tiene_agua": "SI", "tiene_alca": "NO", "observacio": "SE INGRESA ESTE CODIGO CON EL LISTADO DE PROCESO DE LEGALIZACION EN BASE A LA FICHA REGISTRAL 73844, EN BASE A LA INFORMACION TOMADA EIN SITU.\r\nSE ACTUALIZA INFORMACIÓN CON ESCRITURA DE TRANSFERENCIA DE DOMINIO POR EXPROPIACIÓN INSCRITA EN EL REGISTRO", "observac_1": null, "barrio": "VILLAMARINA", "parroquia_": 4, "barrio_id": 232, "proceso": 0, "fecha_regi": null, "activo_cat": "SI", "desactivad": 0, "avaluo_rem": 0.0, "avaluo_r_1": 0.0, "clasificac": "GENERAL", "anio_deuda": 0, "deuda": 0.0, "valor_ip": 0.0, "coactiva": null, "ficharegis": 82985, "etam": 0.0725495342, "diferencia": -0.0029814446, "porc_difer": -1.56926e-05, "admisible": 1, "deuda_anio": 0.0, "2019_csv_c": null, "clavecat_1": null, "2021__csv_": null, "2021__csv1": null, "2022__csv_": "2-18-69-04-000", "2022__csv1": "012-25-05-2023", "Clavepre": "2-18-69-04-000", "RESOLUCION": "012-25-05-2023", "ORIG_FID": 49 }, "geometry": { "type": "Point", "coordinates": [ -80.669014920205242, -0.960748289231162 ] } },
{ "type": "Feature", "properties": { "id": 54786, "lote_id": 39736, "clavecatas": "2-18-69-05-000", "zona": "2", "sector": "18", "manzana": "69", "lote": "05", "ph": "000", "propietari": "GOBIERNO AUTONOMO DESCENTRALIZADO MCPAL.DEL CANTON MANTA .", "documentop": "1360000980001", "direccion": "BARRIO VILLAMARINA MZ X6 LOTE - 5", "area_m2": 379.98, "frente_uti": 20.0, "frente_tot": 20.0, "avaluo_con": 13314.05, "avaluo_sue": 24698.7, "zonaurbano": "URBANA", "parroquia": "LOS ESTEROS", "esta_bloqu": "NO", "es_tercera": "NO", "tiene_elec": "SI", "tiene_agua": "SI", "tiene_alca": "NO", "observacio": "SE INGRESA ESTE CODIGO CON EL LISTADO DE PROCESO DE LEGALIZACION EN BASE A LA FICHA REGISTRAL 73844, EN BASE A LA INFORMACION TOMADA EIN SITU.\r\nSE ACTUALIZA INFORMACIÓN CON ESCRITURA DE TRANSFERENCIA DE DOMINIO POR EXPROPIACIÓN INSCRITA EN EL REGISTRO", "observac_1": null, "barrio": "VILLAMARINA", "parroquia_": 4, "barrio_id": 232, "proceso": 0, "fecha_regi": null, "activo_cat": "SI", "desactivad": 0, "avaluo_rem": 0.0, "avaluo_r_1": 0.0, "clasificac": "GENERAL", "anio_deuda": 0, "deuda": 0.0, "valor_ip": 0.0, "coactiva": null, "ficharegis": 82986, "etam": 0.1539008029, "diferencia": -0.00721626, "porc_difer": -1.89912e-05, "admisible": 1, "deuda_anio": 0.0, "2019_csv_c": null, "clavecat_1": null, "2021__csv_": null, "2021__csv1": null, "2022__csv_": "2-18-69-05-000", "2022__csv1": "012-25-05-2023", "Clavepre": "2-18-69-05-000", "RESOLUCION": "012-25-05-2023", "ORIG_FID": 50 }, "geometry": { "type": "Point", "coordinates": [ -80.668960813368841, -0.960623990592022 ] } },
{ "type": "Feature", "properties": { "id": 54787, "lote_id": 39737, "clavecatas": "2-18-69-06-000", "zona": "2", "sector": "18", "manzana": "69", "lote": "06", "ph": "000", "propietari": "CHALAR ENRIQUEZ MARY CEIDA", "documentop": "0801959610", "direccion": "VILLAMARINA MZ X6 LOTE - 6", "area_m2": 192.9, "frente_uti": 10.1, "frente_tot": 10.1, "avaluo_con": 8662.15, "avaluo_sue": 11284.65, "zonaurbano": "URBANA", "parroquia": "LOS ESTEROS", "esta_bloqu": "NO", "es_tercera": "NO", "tiene_elec": "SI", "tiene_agua": "SI", "tiene_alca": "NO", "observacio": "SE CORRIGE AREA DE ESTE CODIGO CON EL LISTADO DE PROCESO DE LEGALIZACION CON LA FICHA REGISTRAL 73844 EN BASE A LA INFORMACION TOMADA DEL SITIO POR LOS COMPAÑEROS 22/12/21 ARQ. LUPE LANDA..\r\nSE ACTUALIZA INFORMACIÓN CON ESCRITURA DE TRANSFERENCIA DE DO", "observac_1": null, "barrio": "VILLAMARINA", "parroquia_": 4, "barrio_id": 232, "proceso": 0, "fecha_regi": null, "activo_cat": "SI", "desactivad": 0, "avaluo_rem": 0.0, "avaluo_r_1": 0.0, "clasificac": "GENERAL", "anio_deuda": 0, "deuda": 0.0, "valor_ip": 0.0, "coactiva": null, "ficharegis": 82994, "etam": 0.0720002304, "diferencia": -0.0043740561, "porc_difer": -2.26753e-05, "admisible": 1, "deuda_anio": 0.0, "2019_csv_c": null, "clavecat_1": null, "2021__csv_": null, "2021__csv1": null, "2022__csv_": "2-18-69-06-000", "2022__csv1": "012-25-05-2023", "Clavepre": "2-18-69-06-000", "RESOLUCION": "012-25-05-2023", "ORIG_FID": 51 }, "geometry": { "type": "Point", "coordinates": [ -80.668784480979383, -0.960648331398355 ] } },
{ "type": "Feature", "properties": { "id": 54788, "lote_id": 39738, "clavecatas": "2-18-69-07-000", "zona": "2", "sector": "18", "manzana": "69", "lote": "07", "ph": "000", "propietari": "RIZZO CRUZ PEDRO BARTOLO", "documentop": "1706259882", "direccion": "VILLAMARINA MZ X6 LOTE - 7", "area_m2": 190.99, "frente_uti": 10.0, "frente_tot": 10.0, "avaluo_con": 34516.91, "avaluo_sue": 11172.92, "zonaurbano": "URBANA", "parroquia": "LOS ESTEROS", "esta_bloqu": "NO", "es_tercera": "SI", "tiene_elec": "SI", "tiene_agua": "SI", "tiene_alca": "NO", "observacio": "SE CORRIGE AREA DE ESTE CODIGO CON EL LISTADO DE PROCESO DE LEGALIZACION CON LA FICHA REGISTRAL 73844 EN BASE A LA INFORMACION TOMADA DEL SITIO POR LOS COMPAÑEROS 22/12/21 ARQ. LUPE LANDA..\r\nSE ACTUALIZA INFORMACIÓN CON ESCRITURA DE TRANSFERENCIA DE DO", "observac_1": null, "barrio": "VILLAMARINA", "parroquia_": 4, "barrio_id": 232, "proceso": 0, "fecha_regi": null, "activo_cat": "SI", "desactivad": 0, "avaluo_rem": 0.0, "avaluo_r_1": 0.0, "clasificac": "GENERAL", "anio_deuda": 0, "deuda": 0.0, "valor_ip": 0.0, "coactiva": null, "ficharegis": 82995, "etam": 0.0723593548, "diferencia": -0.0040277261, "porc_difer": -2.10887e-05, "admisible": 1, "deuda_anio": 0.0, "2019_csv_c": null, "clavecat_1": null, "2021__csv_": null, "2021__csv1": null, "2022__csv_": "2-18-69-07-000", "2022__csv1": "012-25-05-2023", "Clavepre": "2-18-69-07-000", "RESOLUCION": "012-25-05-2023", "ORIG_FID": 52 }, "geometry": { "type": "Point", "coordinates": [ -80.668820732861363, -0.960731611258024 ] } },
{ "type": "Feature", "properties": { "id": 54789, "lote_id": 39739, "clavecatas": "2-18-69-08-000", "zona": "2", "sector": "18", "manzana": "69", "lote": "08", "ph": "000", "propietari": "ANCHUNDIA CALLE PEDRO APOLINAR", "documentop": "1308255783", "direccion": "VILLARINA MZ X6 LOTE - 08", "area_m2": 190.99, "frente_uti": 10.0, "frente_tot": 10.0, "avaluo_con": 0.0, "avaluo_sue": 11172.92, "zonaurbano": "URBANA", "parroquia": "LOS ESTEROS", "esta_bloqu": "NO", "es_tercera": "NO", "tiene_elec": "SI", "tiene_agua": "SI", "tiene_alca": "NO", "observacio": "SE CORRIGE AREA DE ESTE CODIGO CON EL LISTADO DE PROCESO DE LEGALIZACION CON LA FICHA REGISTRAL 73844 EN BASE A LA INFORMACION TOMADA DEL SITIO POR LOS COMPAÑEROS 22/12/21 ARQ. LUPE LANDA..\r\nSE ACTUALIZA INFORMACIÓN CON ESCRITURA DE TRANSFERENCIA DE DO", "observac_1": null, "barrio": "VILLAMARINA", "parroquia_": 4, "barrio_id": 232, "proceso": 0, "fecha_regi": null, "activo_cat": "SI", "desactivad": 0, "avaluo_rem": 0.0, "avaluo_r_1": 0.0, "clasificac": "GENERAL", "anio_deuda": 2025, "deuda": 99.96, "valor_ip": 0.0, "coactiva": null, "ficharegis": 82996, "etam": 0.0723593548, "diferencia": -0.0040277968, "porc_difer": -2.1089e-05, "admisible": 1, "deuda_anio": 67.83, "2019_csv_c": null, "clavecat_1": null, "2021__csv_": null, "2021__csv1": null, "2022__csv_": "2-18-69-08-000", "2022__csv1": "012-25-05-2023", "Clavepre": "2-18-69-08-000", "RESOLUCION": "012-25-05-2023", "ORIG_FID": 53 }, "geometry": { "type": "Point", "coordinates": [ -80.668856804208119, -0.960814476833404 ] } },
{ "type": "Feature", "properties": { "id": 54790, "lote_id": 39740, "clavecatas": "2-18-69-09-000", "zona": "2", "sector": "18", "manzana": "69", "lote": "09", "ph": "000", "propietari": "ANCHUNDIA CALLE JUAN CARLOS", "documentop": "1306273812", "direccion": "VILLAMARINA MZ X6 LOTE - 09", "area_m2": 190.99, "frente_uti": 10.0, "frente_tot": 10.0, "avaluo_con": 6688.0, "avaluo_sue": 11172.92, "zonaurbano": "URBANA", "parroquia": "LOS ESTEROS", "esta_bloqu": "NO", "es_tercera": "NO", "tiene_elec": "SI", "tiene_agua": "SI", "tiene_alca": "NO", "observacio": "SE CORRIGE AREA DE ESTE CODIGO CON EL LISTADO DE PROCESO DE LEGALIZACION CON LA FICHA REGISTRAL 73844 EN BASE A LA INFORMACION TOMADA DEL SITIO POR LOS COMPAÑEROS 22/12/21 ARQ. LUPE LANDA..\r\nSE ACTUALIZA INFORMACIÓN CON ESCRITURA DE TRANSFERENCIA DE DO", "observac_1": null, "barrio": "VILLAMARINA", "parroquia_": 4, "barrio_id": 232, "proceso": 0, "fecha_regi": null, "activo_cat": "SI", "desactivad": 0, "avaluo_rem": 0.0, "avaluo_r_1": 0.0, "clasificac": "GENERAL", "anio_deuda": 2025, "deuda": 100.81, "valor_ip": 0.0, "coactiva": null, "ficharegis": 82997, "etam": 0.0723593548, "diferencia": -0.0040277863, "porc_difer": -2.1089e-05, "admisible": 1, "deuda_anio": 59.21, "2019_csv_c": null, "clavecat_1": null, "2021__csv_": null, "2021__csv1": null, "2022__csv_": "2-18-69-09-000", "2022__csv1": "012-25-05-2023", "Clavepre": "2-18-69-09-000", "RESOLUCION": "012-25-05-2023", "ORIG_FID": 54 }, "geometry": { "type": "Point", "coordinates": [ -80.66889287555469, -0.960897342409573 ] } },
{ "type": "Feature", "properties": { "id": 54791, "lote_id": 39741, "clavecatas": "2-18-69-10-000", "zona": "2", "sector": "18", "manzana": "69", "lote": "10", "ph": "000", "propietari": "ANCHUNDIA CALLE ROSA MARIA", "documentop": "1308256658", "direccion": "VILLAMARINA MZ X6 LOTE - 10", "area_m2": 191.04, "frente_uti": 10.0, "frente_tot": 10.0, "avaluo_con": 2814.0, "avaluo_sue": 11175.84, "zonaurbano": "URBANA", "parroquia": "LOS ESTEROS", "esta_bloqu": "NO", "es_tercera": "NO", "tiene_elec": "SI", "tiene_agua": "SI", "tiene_alca": "NO", "observacio": "SE CORRIGE AREA DE ESTE CODIGO CON EL LISTADO DE PROCESO DE LEGALIZACION CON LA FICHA REGISTRAL 73844 EN BASE A LA INFORMACION TOMADA DEL SITIO POR LOS COMPAÑEROS 22/12/21 ARQ. LUPE LANDA..\r\nSE ACTUALIZA INFORMACIÓN CON ESCRITURA DE TRANSFERENCIA DE DO", "observac_1": null, "barrio": "VILLAMARINA", "parroquia_": 4, "barrio_id": 232, "proceso": 0, "fecha_regi": null, "activo_cat": "SI", "desactivad": 0, "avaluo_rem": 0.0, "avaluo_r_1": 0.0, "clasificac": "GENERAL", "anio_deuda": 0, "deuda": 0.0, "valor_ip": 0.0, "coactiva": null, "ficharegis": 82998, "etam": 0.072349885, "diferencia": -0.0253335927, "porc_difer": -0.0001326088, "admisible": 1, "deuda_anio": 0.0, "2019_csv_c": null, "clavecat_1": null, "2021__csv_": null, "2021__csv1": null, "2022__csv_": "2-18-69-10-000", "2022__csv1": "012-25-05-2023", "Clavepre": "2-18-69-10-000", "RESOLUCION": "012-25-05-2023", "ORIG_FID": 55 }, "geometry": { "type": "Point", "coordinates": [ -80.668928166056673, -0.960980556428702 ] } },
{ "type": "Feature", "properties": { "id": 54792, "lote_id": 39742, "clavecatas": "2-18-69-11-000", "zona": "2", "sector": "18", "manzana": "69", "lote": "11", "ph": "000", "propietari": "PALACIOS DELGADO NILO DESIFREDO", "documentop": "1306358118", "direccion": "VILLAMARINA MZ X6 LOTE - 11", "area_m2": 196.78, "frente_uti": 29.4, "frente_tot": 29.4, "avaluo_con": 14829.85, "avaluo_sue": 12087.21, "zonaurbano": "URBANA", "parroquia": "LOS ESTEROS", "esta_bloqu": "NO", "es_tercera": "NO", "tiene_elec": "SI", "tiene_agua": "SI", "tiene_alca": "NO", "observacio": "SE INGRESA ESTE CODIGO CON EL LISTADO DE PROCESO DE LEGALIZACION EN BASE A LA FICHA REGISTRAL 73844, EN BASE A LA INFORMACION TOMADA EIN SITU.\r\nSE ACTUALIZA INFORMACIÓN CON ESCRITURA DE TRANSFERENCIA DE DOMINIO POR EXPROPIACIÓN INSCRITA EN EL REGISTRO", "observac_1": null, "barrio": "VILLAMARINA", "parroquia_": 4, "barrio_id": 232, "proceso": 0, "fecha_regi": null, "activo_cat": "SI", "desactivad": 0, "avaluo_rem": 0.0, "avaluo_r_1": 0.0, "clasificac": "GENERAL", "anio_deuda": 2025, "deuda": 75.41, "valor_ip": 0.0, "coactiva": null, "ficharegis": 82999, "etam": 0.071286866, "diferencia": 0.0283828011, "porc_difer": 0.0001442362, "admisible": 1, "deuda_anio": 21.04, "2019_csv_c": null, "clavecat_1": null, "2021__csv_": null, "2021__csv1": null, "2022__csv_": "2-18-69-11-000", "2022__csv1": "012-25-05-2023", "Clavepre": "2-18-69-11-000", "RESOLUCION": "012-25-05-2023", "ORIG_FID": 56 }, "geometry": { "type": "Point", "coordinates": [ -80.668963932806292, -0.961065032456832 ] } },
{ "type": "Feature", "properties": { "id": 54793, "lote_id": 39743, "clavecatas": "2-18-69-12-000", "zona": "2", "sector": "18", "manzana": "69", "lote": "12", "ph": "000", "propietari": "MACIAS MACIAS MARIA MONSERRATE", "documentop": "1302638927", "direccion": "VILLAMARINA MZ- Y6 LOTE - 12", "area_m2": 188.5, "frente_uti": 10.0, "frente_tot": 10.0, "avaluo_con": 9762.72, "avaluo_sue": 12252.5, "zonaurbano": "URBANA", "parroquia": "LOS ESTEROS", "esta_bloqu": "NO", "es_tercera": "SI", "tiene_elec": "SI", "tiene_agua": "SI", "tiene_alca": "NO", "observacio": "SE INGRESA ESTE CODIGO CON EL LISTADO DE PROCESO DE LEGALIZACION EN BASE A LA FICHA REGISTRAL 73844, EN BASE A LA INFORMACION TOMADA EIN SITU.\r\nSE ACTUALIZA INFORMACIÓN CON ESCRITURA DE TRANSFERENCIA DE DOMINIO POR EXPROPIACIÓN INSCRITA EN EL REGISTRO", "observac_1": null, "barrio": "VILLAMARINA", "parroquia_": 4, "barrio_id": 232, "proceso": 0, "fecha_regi": null, "activo_cat": "SI", "desactivad": 0, "avaluo_rem": 0.0, "avaluo_r_1": 0.0, "clasificac": "GENERAL", "anio_deuda": 0, "deuda": 0.0, "valor_ip": 0.0, "coactiva": null, "ficharegis": 82987, "etam": 0.0728357041, "diferencia": -0.0028455454, "porc_difer": -1.50957e-05, "admisible": 1, "deuda_anio": 0.0, "2019_csv_c": null, "clavecat_1": null, "2021__csv_": null, "2021__csv1": null, "2022__csv_": "2-18-69-12-000", "2022__csv1": "012-25-05-2023", "Clavepre": "2-18-69-12-000", "RESOLUCION": "012-25-05-2023", "ORIG_FID": 57 }, "geometry": { "type": "Point", "coordinates": [ -80.668907052528269, -0.96049992826993 ] } },
{ "type": "Feature", "properties": { "id": 54794, "lote_id": 39744, "clavecatas": "2-18-69-13-000", "zona": "2", "sector": "18", "manzana": "69", "lote": "13", "ph": "000", "propietari": "RIVAS ROCA ERIKA FATIMA", "documentop": "1310195993", "direccion": "VILLAMARINA MZ Y6 LOTE - 13", "area_m2": 194.81, "frente_uti": 10.2, "frente_tot": 10.2, "avaluo_con": 13414.4, "avaluo_sue": 12662.65, "zonaurbano": "URBANA", "parroquia": "LOS ESTEROS", "esta_bloqu": "NO", "es_tercera": "NO", "tiene_elec": "SI", "tiene_agua": "SI", "tiene_alca": "NO", "observacio": "SE CORRIGE AREA DE ESTE CODIGO CON EL LISTADO DE PROCESO DE LEGALIZACION CON LA FICHA REGISTRAL 73844 EN BASE A LA INFORMACION TOMADA DEL SITIO POR LOS COMPAÑEROS 22/12/21 ARQ. LUPE LANDA..\r\nSE ACTUALIZA INFORMACIÓN CON ESCRITURA DE TRANSFERENCIA DE DO", "observac_1": null, "barrio": "VILLAMARINA", "parroquia_": 4, "barrio_id": 232, "proceso": 0, "fecha_regi": null, "activo_cat": "SI", "desactivad": 0, "avaluo_rem": 0.0, "avaluo_r_1": 0.0, "clasificac": "GENERAL", "anio_deuda": 2026, "deuda": 43.34, "valor_ip": 0.0, "coactiva": null, "ficharegis": 82993, "etam": 0.0716464006, "diferencia": -0.0038732848, "porc_difer": -1.98824e-05, "admisible": 1, "deuda_anio": 0.0, "2019_csv_c": null, "clavecat_1": null, "2021__csv_": null, "2021__csv1": null, "2022__csv_": "2-18-69-13-000", "2022__csv1": "012-25-05-2023", "Clavepre": "2-18-69-13-000", "RESOLUCION": "012-25-05-2023", "ORIG_FID": 58 }, "geometry": { "type": "Point", "coordinates": [ -80.668747865823349, -0.960564224139553 ] } },
{ "type": "Feature", "properties": { "id": 54795, "lote_id": 39745, "clavecatas": "2-18-70-01-000", "zona": "2", "sector": "18", "manzana": "70", "lote": "01", "ph": "000", "propietari": "ANCHUNDIA PEREZ JOSE RAFAEL", "documentop": "1305987230", "direccion": "VILLAMRINA MZ X5 LOTE 1", "area_m2": 189.99, "frente_uti": 10.0, "frente_tot": 10.0, "avaluo_con": 16697.12, "avaluo_sue": 12349.35, "zonaurbano": "URBANA", "parroquia": "LOS ESTEROS", "esta_bloqu": "NO", "es_tercera": "NO", "tiene_elec": "SI", "tiene_agua": "SI", "tiene_alca": "NO", "observacio": "SE CORRIGE AREA DE ESTE CODIGO CON EL LISTADO DE PROCESO DE LEGALIZACION CON LA FICHA REGISTRAL 73844 EN BASE A LA INFORMACION TOMADA DEL SITIO POR LOS COMPAÑEROS 22/12/21 ARQ. LUPE LANDA..\r\nSE ACTUALIZA INFORMACIÓN CON ESCRITURA DE TRANSFERENCIA DE DO", "observac_1": null, "barrio": "VILLAMARINA", "parroquia_": 4, "barrio_id": 232, "proceso": 0, "fecha_regi": null, "activo_cat": "SI", "desactivad": 0, "avaluo_rem": 0.0, "avaluo_r_1": 0.0, "clasificac": "GENERAL", "anio_deuda": 0, "deuda": 0.0, "valor_ip": 0.0, "coactiva": null, "ficharegis": 82898, "etam": 0.0725495342, "diferencia": -0.0033780245, "porc_difer": -1.778e-05, "admisible": 1, "deuda_anio": 0.0, "2019_csv_c": null, "clavecat_1": null, "2021__csv_": null, "2021__csv1": null, "2022__csv_": "2-18-70-01-000", "2022__csv1": "012-25-05-2023", "Clavepre": "2-18-70-01-000", "RESOLUCION": "012-25-05-2023", "ORIG_FID": 59 }, "geometry": { "type": "Point", "coordinates": [ -80.669511554570192, -0.960827397238009 ] } },
{ "type": "Feature", "properties": { "id": 54806, "lote_id": 100211, "clavecatas": "2-18-70-14-000", "zona": "2", "sector": "18", "manzana": "70", "lote": "14", "ph": "000", "propietari": "BAILON LUCAS PABLO AGUSTIN", "documentop": "1305314260", "direccion": "VILLAMARINA MZ- X5 LOTE - 14", "area_m2": 189.99, "frente_uti": 10.0, "frente_tot": 10.0, "avaluo_con": 16125.12, "avaluo_sue": 12349.35, "zonaurbano": "URBANA", "parroquia": "LOS ESTEROS", "esta_bloqu": "NO", "es_tercera": "NO", "tiene_elec": "NO", "tiene_agua": "NO", "tiene_alca": "NO", "observacio": "INGRESO NUEVO DEL LISTADO DE PROCESO DE LEGALIZACION CON LA FICHA REGISTRAL 73844 EN BASE A LA INFORMACION TOMADA DEL SITIO POR LOS COMPAÑEROS 22/12/21 ARQ. LUPE LANDA..SE ACTUALIZA INFORMACIÓN CON ESCRITURA DE TRANSFERENCIA DE DOMINIO POR EXPROPIACIÓ", "observac_1": null, "barrio": "VILLAMARINA", "parroquia_": 4, "barrio_id": 232, "proceso": 0, "fecha_regi": null, "activo_cat": "SI", "desactivad": 0, "avaluo_rem": 0.0, "avaluo_r_1": 0.0, "clasificac": "GENERAL", "anio_deuda": 2026, "deuda": 40.71, "valor_ip": 0.0, "coactiva": null, "ficharegis": 82899, "etam": 0.0725495342, "diferencia": -0.0038792806, "porc_difer": -2.04183e-05, "admisible": 1, "deuda_anio": 0.0, "2019_csv_c": null, "clavecat_1": null, "2021__csv_": null, "2021__csv1": null, "2022__csv_": "2-18-70-14-000", "2022__csv1": "012-25-05-2023", "Clavepre": "2-18-70-14-000", "RESOLUCION": "012-25-05-2023", "ORIG_FID": 60 }, "geometry": { "type": "Point", "coordinates": [ -80.669294276735585, -0.960327615317574 ] } },
{ "type": "Feature", "properties": { "id": 54807, "lote_id": 100210, "clavecatas": "2-18-70-15-000", "zona": "2", "sector": "18", "manzana": "70", "lote": "15", "ph": "000", "propietari": "GOBIERNO AUTONOMO DESCENTRALIZADO MCPAL.DEL CANTON MANTA .", "documentop": "1360000980001", "direccion": "VILLAMARINA MZ- X5 LOTE -15", "area_m2": 190.0, "frente_uti": 10.0, "frente_tot": 10.0, "avaluo_con": 0.0, "avaluo_sue": 12350.0, "zonaurbano": "URBANA", "parroquia": "LOS ESTEROS", "esta_bloqu": "NO", "es_tercera": "NO", "tiene_elec": "NO", "tiene_agua": "NO", "tiene_alca": "NO", "observacio": "INGRESO NUEVO ESTE CODIGO CON EL LISTADO DE PROCESO DE LEGALIZACION CON LA FICHA REGISTRAL 73844 EN BASE A LA INFORMACION TOMADA DEL SITIO POR LOS COMPAÑEROS 22/12/21 ARQ. LUPE LANDA..\r\nSE ACTUALIZA INFORMACIÓN CON ESCRITURA DE TRANSFERENCIA DE DOMINIO", "observac_1": null, "barrio": "VILLAMARINA", "parroquia_": 4, "barrio_id": 232, "proceso": 0, "fecha_regi": null, "activo_cat": "SI", "desactivad": 0, "avaluo_rem": 0.0, "avaluo_r_1": 0.0, "clasificac": "GENERAL", "anio_deuda": 2022, "deuda": 16.89, "valor_ip": 0.0, "coactiva": null, "ficharegis": 82913, "etam": 0.072547625, "diferencia": 0.0049193503, "porc_difer": 2.58913e-05, "admisible": 1, "deuda_anio": 1.24, "2019_csv_c": null, "clavecat_1": null, "2021__csv_": null, "2021__csv1": null, "2022__csv_": "2-18-70-15-000", "2022__csv1": "012-25-05-2023", "Clavepre": "2-18-70-15-000", "RESOLUCION": "012-25-05-2023", "ORIG_FID": 61 }, "geometry": { "type": "Point", "coordinates": [ -80.669137828380329, -0.960396505258602 ] } },
{ "type": "Feature", "properties": { "id": 54820, "lote_id": 100164, "clavecatas": "2-18-71-14-000", "zona": "2", "sector": "18", "manzana": "71", "lote": "14", "ph": "000", "propietari": "GOBIERNO AUTONOMO DESCENTRALIZADO MCPAL.DEL CANTON MANTA .", "documentop": "1360000980001", "direccion": "VILLAMARINA MZ X4 LOTE - 14", "area_m2": 181.0, "frente_uti": 10.0, "frente_tot": 10.0, "avaluo_con": 27129.6, "avaluo_sue": 10588.5, "zonaurbano": "URBANA", "parroquia": "LOS ESTEROS", "esta_bloqu": "NO", "es_tercera": "NO", "tiene_elec": "SI", "tiene_agua": "SI", "tiene_alca": "SI", "observacio": "SE INGRESA ESTE CODIGO CON EL LISTADO DE PROCESO DE LEGALIZACION EN BASE A LA FICHA REGISTRAL 73844, EN BASE A LA INFORMACION TOMADA EIN SITU.\r\nSE ACTUALIZA INFORMACIÓN CON ESCRITURA DE TRANSFERENCIA DE DOMINIO POR EXPROPIACIÓN INSCRITA EN EL REGISTRO", "observac_1": null, "barrio": "VILLAMARINA", "parroquia_": 4, "barrio_id": 232, "proceso": 0, "fecha_regi": null, "activo_cat": "SI", "desactivad": 0, "avaluo_rem": 0.0, "avaluo_r_1": 0.0, "clasificac": "PROPIEDADES MUNICIPALES", "anio_deuda": 0, "deuda": 0.0, "valor_ip": 0.0, "coactiva": null, "ficharegis": 82884, "etam": 0.0743294146, "diferencia": -0.0604057133, "porc_difer": -0.0003337332, "admisible": 1, "deuda_anio": 0.0, "2019_csv_c": null, "clavecat_1": null, "2021__csv_": null, "2021__csv1": null, "2022__csv_": "2-18-71-14-000", "2022__csv1": "012-25-05-2023", "Clavepre": "2-18-71-14-000", "RESOLUCION": "012-25-05-2023", "ORIG_FID": 62 }, "geometry": { "type": "Point", "coordinates": [ -80.669687162007293, -0.960164467233964 ] } },
{ "type": "Feature", "properties": { "id": 54821, "lote_id": 100161, "clavecatas": "2-18-71-15-000", "zona": "2", "sector": "18", "manzana": "71", "lote": "15", "ph": "000", "propietari": "GOBIERNO AUTONOMO DESCENTRALIZADO MCPAL.DEL CANTON MANTA .", "documentop": "1360000980001", "direccion": "VILLAMARINA MZ X4 LOTE - 15", "area_m2": 195.0, "frente_uti": 10.0, "frente_tot": 10.0, "avaluo_con": 51770.27, "avaluo_sue": 12675.0, "zonaurbano": "URBANA", "parroquia": "LOS ESTEROS", "esta_bloqu": "NO", "es_tercera": "NO", "tiene_elec": "SI", "tiene_agua": "SI", "tiene_alca": "SI", "observacio": "SE INGRESA ESTE CODIGO CON EL LISTADO DE PROCESO DE LEGALIZACION EN BASE A LA FICHA REGISTRAL 73844, EN BASE A LA INFORMACION TOMADA EIN SITU.\r\nSE ACTUALIZA INFORMACIÓN CON ESCRITURA DE TRANSFERENCIA DE DOMINIO POR EXPROPIACIÓN INSCRITA EN EL REGISTRO", "observac_1": null, "barrio": "VILLAMARINA", "parroquia_": 4, "barrio_id": 232, "proceso": 0, "fecha_regi": null, "activo_cat": "SI", "desactivad": 0, "avaluo_rem": 0.0, "avaluo_r_1": 0.0, "clasificac": "GENERAL", "anio_deuda": 2023, "deuda": 81.7, "valor_ip": 0.0, "coactiva": null, "ficharegis": 82891, "etam": 0.0716114874, "diferencia": 2.27213e-05, "porc_difer": 1.165e-07, "admisible": 1, "deuda_anio": 1.22, "2019_csv_c": null, "clavecat_1": null, "2021__csv_": null, "2021__csv1": null, "2022__csv_": "2-18-71-15-000", "2022__csv1": "012-25-05-2023", "Clavepre": "2-18-71-15-000", "RESOLUCION": "012-25-05-2023", "ORIG_FID": 63 }, "geometry": { "type": "Point", "coordinates": [ -80.669532541762038, -0.960233035575285 ] } },
{ "type": "Feature", "properties": { "id": 54825, "lote_id": 39763, "clavecatas": "2-18-72-04-000", "zona": "2", "sector": "18", "manzana": "72", "lote": "04", "ph": "000", "propietari": "ALAVA MOREIRA NANCY ESTRELLA", "documentop": "1303140402", "direccion": "VILLAMARINA MZ X3 LOTE - 4", "area_m2": 190.0, "frente_uti": 10.0, "frente_tot": 10.0, "avaluo_con": 28339.2, "avaluo_sue": 12350.0, "zonaurbano": "URBANA", "parroquia": "LOS ESTEROS", "esta_bloqu": "NO", "es_tercera": "NO", "tiene_elec": "SI", "tiene_agua": "SI", "tiene_alca": "NO", "observacio": "SE INGRESA ESTE CODIGO CON EL LISTADO DE PROCESO DE LEGALIZACION EN BASE A LA FICHA REGISTRAL 73844, EN BASE A LA INFORMACION TOMADA EIN SITU.\r\nSE ACTUALIZA INFORMACIÓN CON ESCRITURA DE TRANSFERENCIA DE DOMINIO POR EXPROPIACIÓN INSCRITA EN EL REGISTRO", "observac_1": null, "barrio": "VILLAMARINA", "parroquia_": 4, "barrio_id": 232, "proceso": 0, "fecha_regi": null, "activo_cat": "SI", "desactivad": 0, "avaluo_rem": 0.0, "avaluo_r_1": 0.0, "clasificac": "GENERAL", "anio_deuda": 0, "deuda": 0.0, "valor_ip": 0.0, "coactiva": null, "ficharegis": 82873, "etam": 0.072547625, "diferencia": -1.372e-07, "porc_difer": -6.9999999999999996e-10, "admisible": 1, "deuda_anio": 0.0, "2019_csv_c": null, "clavecat_1": null, "2021__csv_": null, "2021__csv1": null, "2022__csv_": "2-18-72-04-000", "2022__csv1": "012-25-05-2023", "Clavepre": "2-18-72-04-000", "RESOLUCION": "012-25-05-2023", "ORIG_FID": 64 }, "geometry": { "type": "Point", "coordinates": [ -80.670207403405925, -0.960311881528833 ] } },
{ "type": "Feature", "properties": { "id": 54843, "lote_id": 39775, "clavecatas": "2-18-73-05-000", "zona": "2", "sector": "18", "manzana": "73", "lote": "05", "ph": "000", "propietari": "CHICA SOTO DARWIN XAVIER", "documentop": "1312811910", "direccion": "VILLAMARINA MZ - X2 LOTE 5", "area_m2": 188.2, "frente_uti": 9.75, "frente_tot": 9.75, "avaluo_con": 1760.0, "avaluo_sue": 12233.0, "zonaurbano": "URBANA", "parroquia": "LOS ESTEROS", "esta_bloqu": "NO", "es_tercera": "NO", "tiene_elec": "SI", "tiene_agua": "SI", "tiene_alca": "NO", "observacio": "SE INGRESA ESTE CODIGO CON EL LISTADO DE PROCESO DE LEGALIZACION EN BASE A LA FICHA REGISTRAL 73844, EN BASE A LA INFORMACION TOMADA EIN SITU.\r\nSE ACTUALIZA INFORMACIÓN CON ESCRITURA DE TRANSFERENCIA DE DOMINIO POR EXPROPIACIÓN INSCRITA EN EL REGISTRO", "observac_1": null, "barrio": "VILLAMARINA", "parroquia_": 4, "barrio_id": 232, "proceso": 0, "fecha_regi": null, "activo_cat": "SI", "desactivad": 0, "avaluo_rem": 0.0, "avaluo_r_1": 0.0, "clasificac": "GENERAL", "anio_deuda": 2026, "deuda": 31.59, "valor_ip": 0.0, "coactiva": null, "ficharegis": 82849, "etam": 0.0728937328, "diferencia": -0.0126893477, "porc_difer": -6.74248e-05, "admisible": 1, "deuda_anio": 0.0, "2019_csv_c": null, "clavecat_1": null, "2021__csv_": null, "2021__csv1": null, "2022__csv_": "2-18-73-05-000", "2022__csv1": "012-25-05-2023", "Clavepre": "2-18-73-05-000", "RESOLUCION": "012-25-05-2023", "ORIG_FID": 65 }, "geometry": { "type": "Point", "coordinates": [ -80.670557482206902, -0.960053111185761 ] } },
{ "type": "Feature", "properties": { "id": 54846, "lote_id": 39778, "clavecatas": "2-18-73-08-000", "zona": "2", "sector": "18", "manzana": "73", "lote": "08", "ph": "000", "propietari": "CHILAN ZAMBRANO EVELYN BEATRIZ", "documentop": "1316256807", "direccion": "VILLAMARINA MZ-X2 LOTE 8", "area_m2": 185.66, "frente_uti": 9.7, "frente_tot": 9.7, "avaluo_con": 4400.0, "avaluo_sue": 12067.9, "zonaurbano": "URBANA", "parroquia": "LOS ESTEROS", "esta_bloqu": "NO", "es_tercera": "NO", "tiene_elec": "SI", "tiene_agua": "SI", "tiene_alca": "NO", "observacio": "SE INGRESA ESTE CODIGO CON EL LISTADO DE PROCESO DE LEGALIZACION EN BASE A LA FICHA REGISTRAL 73844, EN BASE A LA INFORMACION TOMADA EIN SITU.\r\nSE ACTUALIZA INFORMACIÓN CON ESCRITURA DE TRANSFERENCIA DE DOMINIO POR EXPROPIACIÓN INSCRITA EN EL REGISTRO", "observac_1": null, "barrio": "VILLAMARINA", "parroquia_": 4, "barrio_id": 232, "proceso": 0, "fecha_regi": null, "activo_cat": "SI", "desactivad": 0, "avaluo_rem": 0.0, "avaluo_r_1": 0.0, "clasificac": "GENERAL", "anio_deuda": 2026, "deuda": 36.02, "valor_ip": 0.0, "coactiva": null, "ficharegis": 82868, "etam": 0.0733906657, "diferencia": -5.7113554916, "porc_difer": -0.0307624447, "admisible": 1, "deuda_anio": 0.0, "2019_csv_c": null, "clavecat_1": null, "2021__csv_": null, "2021__csv1": null, "2022__csv_": "2-18-73-08-000", "2022__csv1": "079-05-10-2023", "Clavepre": "2-18-73-08-000", "RESOLUCION": "079-05-10-2023", "ORIG_FID": 66 }, "geometry": { "type": "Point", "coordinates": [ -80.670403461338978, -0.96013122140591 ] } },
{ "type": "Feature", "properties": { "id": 54849, "lote_id": 39781, "clavecatas": "2-18-73-11-000", "zona": "2", "sector": "18", "manzana": "73", "lote": "11", "ph": "000", "propietari": "GOBIERNO AUTONOMO DESCENTRALIZADO MCPAL.DEL CANTON MANTA .", "documentop": "1360000980001", "direccion": "VILLAMARINA MZ- X2 L# 11", "area_m2": 193.8, "frente_uti": 10.2, "frente_tot": 10.2, "avaluo_con": 8624.0, "avaluo_sue": 12597.0, "zonaurbano": "URBANA", "parroquia": "LOS ESTEROS", "esta_bloqu": "NO", "es_tercera": "NO", "tiene_elec": "SI", "tiene_agua": "SI", "tiene_alca": "NO", "observacio": "SE ACTIVA CON INF, DE AMPARO Q. 04/15/02 MARSE INGRESA ESTE CODIGO CON EL LISTADO DE PROCESO DE LEGALIZACION EN BASE A LA FICHA REGISTRAL 73844, EN BASE A LA INFORMACION TOMADA EIN SITU.\r\nSE ACTUALIZA INFORMACIÓN CON ESCRITURA DE TRANSFERENCIA DE DOMINI", "observac_1": null, "barrio": "VILLAMARINA", "parroquia_": 4, "barrio_id": 232, "proceso": 0, "fecha_regi": null, "activo_cat": "SI", "desactivad": 0, "avaluo_rem": 0.0, "avaluo_r_1": 0.0, "clasificac": "DEPURACION CATASTRO", "anio_deuda": 2026, "deuda": 36.28, "valor_ip": 0.0, "coactiva": null, "ficharegis": 82869, "etam": 0.0718328527, "diferencia": 0.0090072654, "porc_difer": 4.64771e-05, "admisible": 1, "deuda_anio": 0.0, "2019_csv_c": null, "clavecat_1": null, "2021__csv_": null, "2021__csv1": null, "2022__csv_": "2-18-73-11-000", "2022__csv1": "012-25-05-2023", "Clavepre": "2-18-73-11-000", "RESOLUCION": "012-25-05-2023", "ORIG_FID": 67 }, "geometry": { "type": "Point", "coordinates": [ -80.67051117922793, -0.960377790875259 ] } },
{ "type": "Feature", "properties": { "id": 54851, "lote_id": 100169, "clavecatas": "2-18-73-13-000", "zona": "2", "sector": "18", "manzana": "73", "lote": "13", "ph": "000", "propietari": "CARBO MERA MARIA MIRELLE", "documentop": "1308681095", "direccion": "VILLAMARINA MZ X2 LOTE - 12", "area_m2": 189.88, "frente_uti": 29.0, "frente_tot": 29.0, "avaluo_con": 24926.88, "avaluo_sue": 12959.31, "zonaurbano": "URBANA", "parroquia": "LOS ESTEROS", "esta_bloqu": "NO", "es_tercera": "SI", "tiene_elec": "SI", "tiene_agua": "SI", "tiene_alca": "SI", "observacio": "SE INGRESA ESTE CODIGO CON EL LISTADO DE PROCESO DE LEGALIZACION EN BASE A LA FICHA REGISTRAL 73844, EN BASE A LA INFORMACION TOMADA EIN SITU.\r\nSE ACTUALIZA INFORMACIÓN CON ESCRITURA DE TRANSFERENCIA DE DOMINIO POR EXPROPIACIÓN INSCRITA EN EL REGISTRO", "observac_1": null, "barrio": "VILLAMARINA", "parroquia_": 4, "barrio_id": 232, "proceso": 0, "fecha_regi": null, "activo_cat": "SI", "desactivad": 0, "avaluo_rem": 0.0, "avaluo_r_1": 0.0, "clasificac": "GENERAL", "anio_deuda": 0, "deuda": 0.0, "valor_ip": 0.0, "coactiva": null, "ficharegis": 82870, "etam": 0.0725705456, "diferencia": -0.0008433864, "porc_difer": -4.4417e-06, "admisible": 1, "deuda_anio": 0.0, "2019_csv_c": null, "clavecat_1": null, "2021__csv_": null, "2021__csv1": null, "2022__csv_": "2-18-73-13-000", "2022__csv1": "012-25-05-2023", "Clavepre": "2-18-73-13-000", "RESOLUCION": "012-25-05-2023", "ORIG_FID": 68 }, "geometry": { "type": "Point", "coordinates": [ -80.670547736423799, -0.960461400637435 ] } },
{ "type": "Feature", "properties": { "id": 54866, "lote_id": 100167, "clavecatas": "2-18-74-13-000", "zona": "2", "sector": "18", "manzana": "74", "lote": "13", "ph": "000", "propietari": "ZAMBRANO VERA PATRICIA BELEN", "documentop": "1312746413", "direccion": "VILLAMARINA MZ X1 LOTE -13", "area_m2": 226.83, "frente_uti": 10.0, "frente_tot": 10.0, "avaluo_con": 52797.95, "avaluo_sue": 14743.95, "zonaurbano": "URBANA", "parroquia": "LOS ESTEROS", "esta_bloqu": "NO", "es_tercera": "NO", "tiene_elec": "SI", "tiene_agua": "SI", "tiene_alca": "SI", "observacio": "SE INGRESA ESTE CODIGO CON EL LISTADO DE PROCESO DE LEGALIZACION EN BASE A LA FICHA REGISTRAL 73844, EN BASE A LA INFORMACION TOMADA EIN SITU.\r\nSE ACTUALIZA INFORMACIÓN CON ESCRITURA DE TRANSFERENCIA DE DOMINIO POR EXPROPIACIÓN INSCRITA EN EL REGISTRO", "observac_1": null, "barrio": "VILLAMARINA", "parroquia_": 4, "barrio_id": 232, "proceso": 0, "fecha_regi": null, "activo_cat": "SI", "desactivad": 0, "avaluo_rem": 0.0, "avaluo_r_1": 0.0, "clasificac": "GENERAL", "anio_deuda": 0, "deuda": 0.0, "valor_ip": 0.0, "coactiva": null, "ficharegis": 82837, "etam": 0.1327943964, "diferencia": -0.0018137448, "porc_difer": -7.9961e-06, "admisible": 1, "deuda_anio": 0.0, "2019_csv_c": null, "clavecat_1": null, "2021__csv_": null, "2021__csv1": null, "2022__csv_": "2-18-74-13-000", "2022__csv1": "012-25-05-2023", "Clavepre": "2-18-74-13-000", "RESOLUCION": "012-25-05-2023", "ORIG_FID": 69 }, "geometry": { "type": "Point", "coordinates": [ -80.670892711681702, -0.959710502984697 ] } },
{ "type": "Feature", "properties": { "id": 54867, "lote_id": 100168, "clavecatas": "2-18-74-14-000", "zona": "2", "sector": "18", "manzana": "74", "lote": "14", "ph": "000", "propietari": "GOBIERNO AUTONOMO DESCENTRALIZADO MCPAL.DEL CANTON MANTA .", "documentop": "1360000980001", "direccion": "VILLAMARINA MZ X1 LOTE- 14", "area_m2": 248.6, "frente_uti": 12.6, "frente_tot": 12.6, "avaluo_con": 0.0, "avaluo_sue": 16159.0, "zonaurbano": "URBANA", "parroquia": "LOS ESTEROS", "esta_bloqu": "NO", "es_tercera": "NO", "tiene_elec": "SI", "tiene_agua": "SI", "tiene_alca": "SI", "observacio": "SE INGRESA ESTE CODIGO CON EL LISTADO DE PROCESO DE LEGALIZACION EN BASE A LA FICHA REGISTRAL 73844, EN BASE A LA INFORMACION TOMADA EIN SITU.\r\nSE ACTUALIZA INFORMACIÓN CON ESCRITURA DE TRANSFERENCIA DE DOMINIO POR EXPROPIACIÓN INSCRITA EN EL REGISTRO", "observac_1": null, "barrio": "VILLAMARINA", "parroquia_": 4, "barrio_id": 232, "proceso": 0, "fecha_regi": null, "activo_cat": "SI", "desactivad": 0, "avaluo_rem": 0.0, "avaluo_r_1": 0.0, "clasificac": "GENERAL", "anio_deuda": 2026, "deuda": 27.35, "valor_ip": 0.0, "coactiva": null, "ficharegis": 82842, "etam": 0.126846776, "diferencia": -0.803714234, "porc_difer": -0.0032329615, "admisible": 1, "deuda_anio": 0.0, "2019_csv_c": null, "clavecat_1": null, "2021__csv_": null, "2021__csv1": null, "2022__csv_": "2-18-74-14-000", "2022__csv1": "012-25-05-2023", "Clavepre": "2-18-74-14-000", "RESOLUCION": "012-25-05-2023", "ORIG_FID": 70 }, "geometry": { "type": "Point", "coordinates": [ -80.670719541927937, -0.959785581643453 ] } },
{ "type": "Feature", "properties": { "id": 54869, "lote_id": 39795, "clavecatas": "2-18-75-02-000", "zona": "2", "sector": "18", "manzana": "75", "lote": "02", "ph": "000", "propietari": "GOBIERNO AUTONOMO DESCENTRALIZADO MCPAL.DEL CANTON MANTA .", "documentop": "1360000980001", "direccion": "VILLAMARINA MZ-X LOTE 2", "area_m2": 184.17, "frente_uti": 9.7, "frente_tot": 9.7, "avaluo_con": 15555.12, "avaluo_sue": 14733.6, "zonaurbano": "URBANA", "parroquia": "LOS ESTEROS", "esta_bloqu": "NO", "es_tercera": "NO", "tiene_elec": "SI", "tiene_agua": "SI", "tiene_alca": "NO", "observacio": "SE CORRIGE AREA DE ESTE CODIGO CON EL LISTADO DE PROCESO DE LEGALIZACION CON LA FICHA REGISTRAL 73844 EN BASE A LA INFORMACION TOMADA DEL SITIO POR LOS COMPAÑEROS 22/12/21 ARQ. LUPE LANDA..\r\nSE ACTUALIZA INFORMACIÓN CON ESCRITURA DE TRANSFERENCIA DE DO", "observac_1": null, "barrio": "VILLAMARINA", "parroquia_": 4, "barrio_id": 232, "proceso": 0, "fecha_regi": null, "activo_cat": "SI", "desactivad": 0, "avaluo_rem": 0.0, "avaluo_r_1": 0.0, "clasificac": "GENERAL", "anio_deuda": 2026, "deuda": 41.01, "valor_ip": 0.0, "coactiva": null, "ficharegis": 82828, "etam": 0.0736869458, "diferencia": -0.0034504436, "porc_difer": -1.87351e-05, "admisible": 1, "deuda_anio": 0.0, "2019_csv_c": null, "clavecat_1": null, "2021__csv_": null, "2021__csv1": null, "2022__csv_": "2-18-75-02-000", "2022__csv1": "012-25-05-2023", "Clavepre": "2-18-75-02-000", "RESOLUCION": "012-25-05-2023", "ORIG_FID": 71 }, "geometry": { "type": "Point", "coordinates": [ -80.671432660393407, -0.960032413232753 ] } },
{ "type": "Feature", "properties": { "id": 54878, "lote_id": 100204, "clavecatas": "2-18-75-13-000", "zona": "2", "sector": "18", "manzana": "75", "lote": "13", "ph": "000", "propietari": "GOBIERNO AUTONOMO DESCENTRALIZADO MCPAL.DEL CANTON MANTA .", "documentop": "1360000980001", "direccion": "VILLAMARINA MZ- X LOTE - 13", "area_m2": 228.04, "frente_uti": 12.0, "frente_tot": 12.0, "avaluo_con": 0.0, "avaluo_sue": 16418.88, "zonaurbano": "URBANA", "parroquia": "LOS ESTEROS", "esta_bloqu": "NO", "es_tercera": "NO", "tiene_elec": "NO", "tiene_agua": "NO", "tiene_alca": "NO", "observacio": "SE CORRIGE AREA DE ESTE CODIGO CON EL LISTADO DE PROCESO DE LEGALIZACION CON LA FICHA REGISTRAL 73844 EN BASE A LA INFORMACION TOMADA DEL SITIO POR LOS COMPAÑEROS 22/12/21 ARQ. LUPE LANDA..\r\nSE ACTUALIZA INFORMACIÓN CON ESCRITURA DE TRANSFERENCIA DE DO", "observac_1": null, "barrio": "VILLAMARINA", "parroquia_": 4, "barrio_id": 232, "proceso": 0, "fecha_regi": null, "activo_cat": "SI", "desactivad": 0, "avaluo_rem": 0.0, "avaluo_r_1": 0.0, "clasificac": "GENERAL", "anio_deuda": 2026, "deuda": 25.09, "valor_ip": 0.0, "coactiva": null, "ficharegis": 82829, "etam": 0.1324416185, "diferencia": -18.758286151, "porc_difer": -0.0822587535, "admisible": 1, "deuda_anio": 0.0, "2019_csv_c": null, "clavecat_1": null, "2021__csv_": null, "2021__csv1": null, "2022__csv_": "2-18-75-13-000", "2022__csv1": "012-25-05-2023", "Clavepre": "2-18-75-13-000", "RESOLUCION": "012-25-05-2023", "ORIG_FID": 72 }, "geometry": { "type": "Point", "coordinates": [ -80.67133167637445, -0.959580031122908 ] } },
{ "type": "Feature", "properties": { "id": 54879, "lote_id": 100205, "clavecatas": "2-18-75-14-000", "zona": "2", "sector": "18", "manzana": "75", "lote": "14", "ph": "000", "propietari": "GOBIERNO AUTONOMO DESCENTRALIZADO MCPAL.DEL CANTON MANTA .", "documentop": "1360000980001", "direccion": "VILLAMARINA MZ- X LOTE - 14", "area_m2": 209.55, "frente_uti": 11.0, "frente_tot": 11.0, "avaluo_con": 15792.0, "avaluo_sue": 15087.6, "zonaurbano": "URBANA", "parroquia": "LOS ESTEROS", "esta_bloqu": "NO", "es_tercera": "NO", "tiene_elec": "NO", "tiene_agua": "NO", "tiene_alca": "NO", "observacio": "SE CORRIGE AREA DE ESTE CODIGO CON EL LISTADO DE PROCESO DE LEGALIZACION CON LA FICHA REGISTRAL 73844 EN BASE A LA INFORMACION TOMADA DEL SITIO POR LOS COMPAÑEROS 22/12/21 ARQ. LUPE LANDA..\r\nSE ACTUALIZA INFORMACIÓN CON ESCRITURA DE TRANSFERENCIA DE DO", "observac_1": null, "barrio": "VILLAMARINA", "parroquia_": 4, "barrio_id": 232, "proceso": 0, "fecha_regi": null, "activo_cat": "SI", "desactivad": 0, "avaluo_rem": 0.0, "avaluo_r_1": 0.0, "clasificac": "GENERAL", "anio_deuda": 2026, "deuda": 34.9, "valor_ip": 0.0, "coactiva": null, "ficharegis": 82834, "etam": 0.1381612211, "diferencia": -0.0002130829, "porc_difer": -1.0169e-06, "admisible": 1, "deuda_anio": 0.0, "2019_csv_c": null, "clavecat_1": null, "2021__csv_": null, "2021__csv1": null, "2022__csv_": "2-18-75-14-000", "2022__csv1": "012-25-05-2023", "Clavepre": "2-18-75-14-000", "RESOLUCION": "012-25-05-2023", "ORIG_FID": 73 }, "geometry": { "type": "Point", "coordinates": [ -80.671162585556203, -0.959619580060912 ] } },
{ "type": "Feature", "properties": { "id": 54880, "lote_id": 39804, "clavecatas": "2-18-76-01-000", "zona": "2", "sector": "18", "manzana": "76", "lote": "01", "ph": "000", "propietari": "GANCHOZO GANCHOZO DALIDA ASUNCION", "documentop": "1306535426", "direccion": "VILLAMARINA MZ Y6 LOTE - 1", "area_m2": 271.69, "frente_uti": 14.3, "frente_tot": 14.3, "avaluo_con": 13405.65, "avaluo_sue": 17659.85, "zonaurbano": "URBANA", "parroquia": "LOS ESTEROS", "esta_bloqu": "NO", "es_tercera": "NO", "tiene_elec": "SI", "tiene_agua": "SI", "tiene_alca": "NO", "observacio": "SE INGRESA ESTE CODIGO CON EL LISTADO DE PROCESO DE LEGALIZACION EN BASE A LA FICHA REGISTRAL 73844, EN BASE A LA INFORMACION TOMADA EIN SITU.\r\nSE ACTUALIZA INFORMACIÓN CON ESCRITURA DE TRANSFERENCIA DE DOMINIO POR EXPROPIACIÓN INSCRITA EN EL REGISTRO", "observac_1": null, "barrio": "VILLAMARINA", "parroquia_": 4, "barrio_id": 232, "proceso": 0, "fecha_regi": null, "activo_cat": "SI", "desactivad": 0, "avaluo_rem": 0.0, "avaluo_r_1": 0.0, "clasificac": "GENERAL", "anio_deuda": 2025, "deuda": 116.88, "valor_ip": 0.0, "coactiva": null, "ficharegis": 82988, "etam": 0.1213369765, "diferencia": -0.005357662, "porc_difer": -1.97198e-05, "admisible": 1, "deuda_anio": 66.43, "2019_csv_c": null, "clavecat_1": null, "2021__csv_": null, "2021__csv1": null, "2022__csv_": "2-18-76-01-000", "2022__csv1": "012-25-05-2023", "Clavepre": "2-18-76-01-000", "RESOLUCION": "012-25-05-2023", "ORIG_FID": 74 }, "geometry": { "type": "Point", "coordinates": [ -80.6688631588096, -0.960399662698836 ] } },
{ "type": "Feature", "properties": { "id": 54887, "lote_id": 100673, "clavecatas": "2-18-76-09-000", "zona": "2", "sector": "18", "manzana": "76", "lote": "09", "ph": "000", "propietari": "SAN ANDRES TEJENA EDISON EDUARDO .", "documentop": "1314214733", "direccion": "B. VILLAMARINA MZ-10  LOTE-03", "area_m2": 145.69, "frente_uti": 10.0, "frente_tot": 10.0, "avaluo_con": 14549.7, "avaluo_sue": 8522.87, "zonaurbano": "URBANA", "parroquia": "LOS ESTEROS", "esta_bloqu": "NO", "es_tercera": "NO", "tiene_elec": "NO", "tiene_agua": "NO", "tiene_alca": "NO", "observacio": "* AUTORIZADO. SE CREA EL PRESENTE CÓDIGO CATASTRAL MEDIANTE RESOLUCIÓN LEGISLATIVA N°. 448-24-03-2022, QUE DISPONE “AUTORIZAR LA TRANSFERENCIA DE DOMINIO DE 59 LOTES, Y DECLARAR, INCORPORAR AL PATRIMONIO MUNICIPAL, 122 LOTES DE TERRENO CONTENIDOS EN", "observac_1": null, "barrio": "VILLAMARINA", "parroquia_": 4, "barrio_id": 232, "proceso": 0, "fecha_regi": null, "activo_cat": "SI", "desactivad": 0, "avaluo_rem": 0.0, "avaluo_r_1": 0.0, "clasificac": "GENERAL", "anio_deuda": 2026, "deuda": 16.16, "valor_ip": 0.0, "coactiva": null, "ficharegis": 85474, "etam": 0.0828485913, "diferencia": -0.0020969906, "porc_difer": -1.43935e-05, "admisible": 1, "deuda_anio": 0.0, "2019_csv_c": null, "clavecat_1": null, "2021__csv_": null, "2021__csv1": null, "2022__csv_": "2-18-76-09-000", "2022__csv1": "671-27-04-2023", "Clavepre": "2-18-76-09-000", "RESOLUCION": "671-27-04-2023", "ORIG_FID": 75 }, "geometry": { "type": "Point", "coordinates": [ -80.668583771120282, -0.9602370733141 ] } },
{ "type": "Feature", "properties": { "id": 54889, "lote_id": 100212, "clavecatas": "2-18-76-11-000", "zona": "2", "sector": "18", "manzana": "76", "lote": "11", "ph": "000", "propietari": "GANCHOZO GANCHOZO RAMONITA ELIZABETH", "documentop": "1709909905", "direccion": "VILLAMARINA MZ  Y6 LOTE - 11", "area_m2": 191.94, "frente_uti": 10.1, "frente_tot": 10.1, "avaluo_con": 8741.57, "avaluo_sue": 12476.1, "zonaurbano": "URBANA", "parroquia": "LOS ESTEROS", "esta_bloqu": "NO", "es_tercera": "NO", "tiene_elec": "NO", "tiene_agua": "NO", "tiene_alca": "NO", "observacio": "INGESO NUEVO DEL LISTADO DE PROCESO DE LEGALIZACION CON LA FICHA REGISTRAL 73844 EN BASE A LA INFORMACION TOMADA DEL SITIO POR LOS COMPAÑEROS 22/12/21 ARQ. LUPE LANDA..SE ACTUALIZA INFORMACIÓN CON ESCRITURA DE TRANSFERENCIA DE DOMINIO POR EXPROPIACIÓN", "observac_1": null, "barrio": "VILLAMARINA", "parroquia_": 4, "barrio_id": 232, "proceso": 0, "fecha_regi": null, "activo_cat": "SI", "desactivad": 0, "avaluo_rem": 0.0, "avaluo_r_1": 0.0, "clasificac": "GENERAL", "anio_deuda": 0, "deuda": 0.0, "valor_ip": 0.0, "coactiva": null, "ficharegis": 82990, "etam": 0.0721800627, "diferencia": -0.3395611538, "porc_difer": -0.0017691005, "admisible": 1, "deuda_anio": 0.0, "2019_csv_c": null, "clavecat_1": null, "2021__csv_": null, "2021__csv1": null, "2022__csv_": "2-18-76-11-000", "2022__csv1": "012-25-05-2023", "Clavepre": "2-18-76-11-000", "RESOLUCION": "012-25-05-2023", "ORIG_FID": 76 }, "geometry": { "type": "Point", "coordinates": [ -80.668676596095153, -0.960400737776474 ] } },
{ "type": "Feature", "properties": { "id": 54890, "lote_id": 100213, "clavecatas": "2-18-76-12-000", "zona": "2", "sector": "18", "manzana": "76", "lote": "12", "ph": "000", "propietari": "DELGADO MOREIRA MAGDA JOCONDA", "documentop": "1310875560", "direccion": "VILLAMARINA  MZ- X6 LOTE - 12", "area_m2": 183.35, "frente_uti": 9.6, "frente_tot": 9.6, "avaluo_con": 11572.48, "avaluo_sue": 10725.98, "zonaurbano": "URBANA", "parroquia": "LOS ESTEROS", "esta_bloqu": "NO", "es_tercera": "NO", "tiene_elec": "NO", "tiene_agua": "NO", "tiene_alca": "NO", "observacio": "INGRESO NUEVO DEL LISTADO DE PROCESO DE LEGALIZACION CON LA FICHA REGISTRAL 73844 EN BASE A LA INFORMACION TOMADA DEL SITIO POR LOS COMPAÑEROS 22/12/21 ARQ. LUPE LANDA..\r\nSE ACTUALIZA INFORMACIÓN CON ESCRITURA DE TRANSFERENCIA DE DOMINIO POR EXPROPIACI", "observac_1": null, "barrio": "VILLAMARINA", "parroquia_": 4, "barrio_id": 232, "proceso": 0, "fecha_regi": null, "activo_cat": "SI", "desactivad": 0, "avaluo_rem": 0.0, "avaluo_r_1": 0.0, "clasificac": "GENERAL", "anio_deuda": 0, "deuda": 0.0, "valor_ip": 0.0, "coactiva": null, "ficharegis": 82991, "etam": 0.0738515378, "diferencia": -0.0042666402, "porc_difer": -2.32705e-05, "admisible": 1, "deuda_anio": 0.0, "2019_csv_c": null, "clavecat_1": null, "2021__csv_": null, "2021__csv1": null, "2022__csv_": "2-18-76-12-000", "2022__csv1": "012-25-05-2023", "Clavepre": "2-18-76-12-000", "RESOLUCION": "012-25-05-2023", "ORIG_FID": 77 }, "geometry": { "type": "Point", "coordinates": [ -80.668712152856926, -0.960482188201577 ] } },
{ "type": "Feature", "properties": { "id": 54893, "lote_id": 39812, "clavecatas": "2-18-77-03-000", "zona": "2", "sector": "18", "manzana": "77", "lote": "03", "ph": "000", "propietari": "GOBIERNO AUTONOMO DESCENTRALIZADO MCPAL.DEL CANTON MANTA .", "documentop": "1360000980001", "direccion": "VILLAMARINA MZ Y5 LOTE 3", "area_m2": 174.79, "frente_uti": 9.2, "frente_tot": 9.2, "avaluo_con": 14889.6, "avaluo_sue": 11361.35, "zonaurbano": "URBANA", "parroquia": "LOS ESTEROS", "esta_bloqu": "NO", "es_tercera": "NO", "tiene_elec": "SI", "tiene_agua": "SI", "tiene_alca": "NO", "observacio": "SE CORRIGE AREA DE ESTE CODIGO CON EL LISTADO DE PROCESO DE LEGALIZACION CON LA FICHA REGISTRAL 73844 EN BASE A LA INFORMACION TOMADA DEL SITIO POR LOS COMPAÑEROS 22/12/21 ARQ. LUPE LANDA..\r\nSE ACTUALIZA INFORMACIÓN CON ESCRITURA DE TRANSFERENCIA DE DO", "observac_1": null, "barrio": "VILLAMARINA", "parroquia_": 4, "barrio_id": 232, "proceso": 0, "fecha_regi": null, "activo_cat": "SI", "desactivad": 0, "avaluo_rem": 0.0, "avaluo_r_1": 0.0, "clasificac": "GENERAL", "anio_deuda": 2026, "deuda": 37.42, "valor_ip": 0.0, "coactiva": null, "ficharegis": 82900, "etam": 0.0756382912, "diferencia": -0.0048636563, "porc_difer": -2.78257e-05, "admisible": 1, "deuda_anio": 0.0, "2019_csv_c": null, "clavecat_1": null, "2021__csv_": null, "2021__csv1": null, "2022__csv_": "2-18-77-03-000", "2022__csv1": "012-25-05-2023", "Clavepre": "2-18-77-03-000", "RESOLUCION": "012-25-05-2023", "ORIG_FID": 78 }, "geometry": { "type": "Point", "coordinates": [ -80.669187619788914, -0.960082282900634 ] } },
{ "type": "Feature", "properties": { "id": 54904, "lote_id": 100162, "clavecatas": "2-18-78-02-000", "zona": "2", "sector": "18", "manzana": "78", "lote": "02", "ph": "000", "propietari": "GOBIERNO AUTONOMO DESCENTRALIZADO MCPAL.DEL CANTON MANTA .", "documentop": "1360000980001", "direccion": "VILLAMARINA MZ Y4 LOTE - 02", "area_m2": 184.6, "frente_uti": 10.2, "frente_tot": 10.2, "avaluo_con": 8164.55, "avaluo_sue": 10799.1, "zonaurbano": "URBANA", "parroquia": "LOS ESTEROS", "esta_bloqu": "NO", "es_tercera": "NO", "tiene_elec": "SI", "tiene_agua": "SI", "tiene_alca": "SI", "observacio": "SE INGRESA ESTE CODIGO CON EL LISTADO DE PROCESO DE LEGALIZACION EN BASE A LA FICHA REGISTRAL 73844, EN BASE A LA INFORMACION TOMADA EIN SITU.\r\nSE ACTUALIZA INFORMACIÓN CON ESCRITURA DE TRANSFERENCIA DE DOMINIO POR EXPROPIACIÓN INSCRITA EN EL REGISTRO", "observac_1": null, "barrio": "VILLAMARINA", "parroquia_": 4, "barrio_id": 232, "proceso": 0, "fecha_regi": null, "activo_cat": "SI", "desactivad": 0, "avaluo_rem": 0.0, "avaluo_r_1": 0.0, "clasificac": "POR LEGALIZAR", "anio_deuda": 0, "deuda": 0.0, "valor_ip": 0.0, "coactiva": null, "ficharegis": 82885, "etam": 0.073601074, "diferencia": -0.0099007563, "porc_difer": -5.36336e-05, "admisible": 1, "deuda_anio": 0.0, "2019_csv_c": null, "clavecat_1": null, "2021__csv_": null, "2021__csv1": null, "2022__csv_": "2-18-78-02-000", "2022__csv1": "012-25-05-2023", "Clavepre": "2-18-78-02-000", "RESOLUCION": "012-25-05-2023", "ORIG_FID": 79 }, "geometry": { "type": "Point", "coordinates": [ -80.669612398271425, -0.959993952702431 ] } },
{ "type": "Feature", "properties": { "id": 54910, "lote_id": 39825, "clavecatas": "2-18-78-08-000", "zona": "2", "sector": "18", "manzana": "78", "lote": "08", "ph": "000", "propietari": "CANTOS MERA NELLY ESTRELLA", "documentop": "1307726776", "direccion": "BARRIO VILLAMARINA MZ- Y4 LOTE - 8", "area_m2": 200.71, "frente_uti": 10.3, "frente_tot": 10.3, "avaluo_con": 16720.0, "avaluo_sue": 11741.54, "zonaurbano": "URBANA", "parroquia": "LOS ESTEROS", "esta_bloqu": "NO", "es_tercera": "NO", "tiene_elec": "SI", "tiene_agua": "SI", "tiene_alca": "NO", "observacio": "SE INGRESA ESTE CODIGO CON EL LISTADO DE PROCESO DE LEGALIZACION EN BASE A LA FICHA REGISTRAL 73844, EN BASE A LA INFORMACION TOMADA EIN SITU.\r\nSE ACTUALIZA INFORMACIÓN CON ESCRITURA DE TRANSFERENCIA DE DOMINIO POR EXPROPIACIÓN INSCRITA EN EL REGISTRO", "observac_1": null, "barrio": "VILLAMARINA", "parroquia_": 4, "barrio_id": 232, "proceso": 0, "fecha_regi": null, "activo_cat": "SI", "desactivad": 0, "avaluo_rem": 0.0, "avaluo_r_1": 0.0, "clasificac": "GENERAL", "anio_deuda": 0, "deuda": 0.0, "valor_ip": 0.0, "coactiva": null, "ficharegis": 82893, "etam": 0.1411709997, "diferencia": -0.0028465879, "porc_difer": -1.41826e-05, "admisible": 1, "deuda_anio": 0.0, "2019_csv_c": null, "clavecat_1": null, "2021__csv_": null, "2021__csv1": null, "2022__csv_": "2-18-78-08-000", "2022__csv1": "012-25-05-2023", "Clavepre": "2-18-78-08-000", "RESOLUCION": "012-25-05-2023", "ORIG_FID": 80 }, "geometry": { "type": "Point", "coordinates": [ -80.669417578235738, -0.95997105715833 ] } },
{ "type": "Feature", "properties": { "id": 54911, "lote_id": 39826, "clavecatas": "2-18-78-09-000", "zona": "2", "sector": "18", "manzana": "78", "lote": "09", "ph": "000", "propietari": "VERA MURILLO ELIDA MERCEDES", "documentop": "1308794377", "direccion": "VILLAMARINA MZ- Y4 LOTE - 9", "area_m2": 198.74, "frente_uti": 10.2, "frente_tot": 10.2, "avaluo_con": 6768.0, "avaluo_sue": 12918.1, "zonaurbano": "URBANA", "parroquia": "LOS ESTEROS", "esta_bloqu": "NO", "es_tercera": "NO", "tiene_elec": "SI", "tiene_agua": "SI", "tiene_alca": "NO", "observacio": "SE INGRESA ESTE CODIGO CON EL LISTADO DE PROCESO DE LEGALIZACION EN BASE A LA FICHA REGISTRAL 73844, EN BASE A LA INFORMACION TOMADA EIN SITU.\r\nSE ACTUALIZA INFORMACIÓN CON ESCRITURA DE TRANSFERENCIA DE DOMINIO POR EXPROPIACIÓN INSCRITA EN EL REGISTRO", "observac_1": null, "barrio": "VILLAMARINA", "parroquia_": 4, "barrio_id": 232, "proceso": 0, "fecha_regi": null, "activo_cat": "SI", "desactivad": 0, "avaluo_rem": 0.0, "avaluo_r_1": 0.0, "clasificac": "GENERAL", "anio_deuda": 0, "deuda": 0.0, "valor_ip": 0.0, "coactiva": null, "ficharegis": 82892, "etam": 0.0709344748, "diferencia": -0.0013696768, "porc_difer": -6.8918e-06, "admisible": 1, "deuda_anio": 0.0, "2019_csv_c": null, "clavecat_1": null, "2021__csv_": null, "2021__csv1": null, "2022__csv_": "2-18-78-09-000", "2022__csv1": "012-25-05-2023", "Clavepre": "2-18-78-09-000", "RESOLUCION": "012-25-05-2023", "ORIG_FID": 81 }, "geometry": { "type": "Point", "coordinates": [ -80.669454892875848, -0.960055845924412 ] } },
{ "type": "Feature", "properties": { "id": 54914, "lote_id": 100165, "clavecatas": "2-18-78-12-000", "zona": "2", "sector": "18", "manzana": "78", "lote": "12", "ph": "000", "propietari": "INTRIAGO MESIAS FABIOLA AUXILIADORA", "documentop": "1314731264", "direccion": "VILLAMARINA MZ Y4 LOTE - 12", "area_m2": 178.94, "frente_uti": 9.9, "frente_tot": 9.9, "avaluo_con": 7040.0, "avaluo_sue": 11631.1, "zonaurbano": "URBANA", "parroquia": "LOS ESTEROS", "esta_bloqu": "NO", "es_tercera": "NO", "tiene_elec": "SI", "tiene_agua": "SI", "tiene_alca": "SI", "observacio": "SE INGRESA ESTE CODIGO CON EL LISTADO DE PROCESO DE LEGALIZACION EN BASE A LA FICHA REGISTRAL 73844, EN BASE A LA INFORMACION TOMADA EIN SITU.\r\nSE ACTUALIZA INFORMACIÓN CON ESCRITURA DE TRANSFERENCIA DE DOMINIO POR EXPROPIACIÓN INSCRITA EN EL REGISTRO", "observac_1": null, "barrio": "VILLAMARINA", "parroquia_": 4, "barrio_id": 232, "proceso": 0, "fecha_regi": null, "activo_cat": "SI", "desactivad": 0, "avaluo_rem": 0.0, "avaluo_r_1": 0.0, "clasificac": "GENERAL", "anio_deuda": 2025, "deuda": 60.85, "valor_ip": 0.0, "coactiva": null, "ficharegis": 82887, "etam": 0.0747560393, "diferencia": -0.0067596959, "porc_difer": -3.77763e-05, "admisible": 1, "deuda_anio": 34.15, "2019_csv_c": null, "clavecat_1": null, "2021__csv_": null, "2021__csv1": null, "2022__csv_": "2-18-78-12-000", "2022__csv1": "012-25-05-2023", "Clavepre": "2-18-78-12-000", "RESOLUCION": "012-25-05-2023", "ORIG_FID": 82 }, "geometry": { "type": "Point", "coordinates": [ -80.669425994368012, -0.959570444449898 ] } },
{ "type": "Feature", "properties": { "id": 54915, "lote_id": 100185, "clavecatas": "2-18-78-13-000", "zona": "2", "sector": "18", "manzana": "78", "lote": "13", "ph": "000", "propietari": "INTRIAGO MESIAS JAIR ELIAN", "documentop": "1316961240", "direccion": "VILLAMARINA MZ Y4  LOTE - 13", "area_m2": 192.97, "frente_uti": 9.9, "frente_tot": 9.9, "avaluo_con": 15487.08, "avaluo_sue": 12543.05, "zonaurbano": "URBANA", "parroquia": "LOS ESTEROS", "esta_bloqu": "NO", "es_tercera": "NO", "tiene_elec": "SI", "tiene_agua": "SI", "tiene_alca": "SI", "observacio": "SE INGRESA ESTE CODIGO CON EL LISTADO DE PROCESO DE LEGALIZACION EN BASE A LA FICHA REGISTRAL 73844, EN BASE A LA INFORMACION TOMADA EIN SITU.\r\nSE ACTUALIZA INFORMACIÓN CON ESCRITURA DE TRANSFERENCIA DE DOMINIO POR EXPROPIACIÓN INSCRITA EN EL REGISTRO", "observac_1": null, "barrio": "VILLAMARINA", "parroquia_": 4, "barrio_id": 232, "proceso": 0, "fecha_regi": null, "activo_cat": "SI", "desactivad": 0, "avaluo_rem": 0.0, "avaluo_r_1": 0.0, "clasificac": "GENERAL", "anio_deuda": 2023, "deuda": 213.89, "valor_ip": 0.0, "coactiva": null, "ficharegis": 82895, "etam": 0.0719871702, "diferencia": -0.0085512038, "porc_difer": -4.43136e-05, "admisible": 1, "deuda_anio": 173.36, "2019_csv_c": null, "clavecat_1": null, "2021__csv_": null, "2021__csv1": null, "2022__csv_": "2-18-78-13-000", "2022__csv1": "012-25-05-2023", "Clavepre": "2-18-78-13-000", "RESOLUCION": "012-25-05-2023", "ORIG_FID": 83 }, "geometry": { "type": "Point", "coordinates": [ -80.669271594422739, -0.959639365004265 ] } },
{ "type": "Feature", "properties": { "id": 54926, "lote_id": 100158, "clavecatas": "2-18-79-12-000", "zona": "2", "sector": "18", "manzana": "79", "lote": "12", "ph": "000", "propietari": "GUAMAN SIMBAÑA ROSA MARIA", "documentop": "1704153467", "direccion": "VILLAMARINA MZ Z3 LOTE - 12", "area_m2": 193.8, "frente_uti": 10.2, "frente_tot": 10.2, "avaluo_con": 9640.0, "avaluo_sue": 12597.0, "zonaurbano": "URBANA", "parroquia": "LOS ESTEROS", "esta_bloqu": "NO", "es_tercera": "NO", "tiene_elec": "SI", "tiene_agua": "SI", "tiene_alca": "SI", "observacio": "SE INGRESA ESTE CODIGO CON EL LISTADO DE PROCESO DE LEGALIZACION EN BASE A LA FICHA REGISTRAL 73844, EN BASE A LA INFORMACION TOMADA EIN SITU.\r\nSE ACTUALIZA INFORMACIÓN CON ESCRITURA DE TRANSFERENCIA DE DOMINIO POR EXPROPIACIÓN INSCRITA EN EL REGISTRO", "observac_1": null, "barrio": "VILLAMARINA", "parroquia_": 4, "barrio_id": 232, "proceso": 0, "fecha_regi": null, "activo_cat": "SI", "desactivad": 0, "avaluo_rem": 0.0, "avaluo_r_1": 0.0, "clasificac": "GENERAL", "anio_deuda": 2026, "deuda": 31.54, "valor_ip": 0.0, "coactiva": null, "ficharegis": 82875, "etam": 0.0718328527, "diferencia": 2.96e-08, "porc_difer": 2.0000000000000001e-10, "admisible": 1, "deuda_anio": 0.0, "2019_csv_c": null, "clavecat_1": null, "2021__csv_": null, "2021__csv1": null, "2022__csv_": "2-18-79-12-000", "2022__csv1": "079-05-10-2023", "Clavepre": "2-18-79-12-000", "RESOLUCION": "079-05-10-2023", "ORIG_FID": 84 }, "geometry": { "type": "Point", "coordinates": [ -80.669866366041745, -0.959529861679381 ] } },
{ "type": "Feature", "properties": { "id": 54928, "lote_id": 100159, "clavecatas": "2-18-79-14-000", "zona": "2", "sector": "18", "manzana": "79", "lote": "14", "ph": "000", "propietari": "GUAMAN SIMBAÑA MANUEL", "documentop": "1705520060", "direccion": "VILLAMARINA MZ Z3 LOTE - 14", "area_m2": 193.0, "frente_uti": 10.0, "frente_tot": 10.0, "avaluo_con": 5704.4, "avaluo_sue": 11290.5, "zonaurbano": "URBANA", "parroquia": "LOS ESTEROS", "esta_bloqu": "NO", "es_tercera": "SI", "tiene_elec": "SI", "tiene_agua": "SI", "tiene_alca": "SI", "observacio": "SE INGRESA ESTE CODIGO CON EL LISTADO DE PROCESO DE LEGALIZACION EN BASE A LA FICHA REGISTRAL 73844, EN BASE A LA INFORMACION TOMADA EIN SITU.\r\nSE ACTUALIZA INFORMACIÓN CON ESCRITURA DE TRANSFERENCIA DE DOMINIO POR EXPROPIACIÓN INSCRITA EN EL REGISTRO", "observac_1": null, "barrio": "VILLAMARINA", "parroquia_": 4, "barrio_id": 232, "proceso": 0, "fecha_regi": null, "activo_cat": "SI", "desactivad": 0, "avaluo_rem": 0.0, "avaluo_r_1": 0.0, "clasificac": "GENERAL", "anio_deuda": 0, "deuda": 0.0, "valor_ip": 0.0, "coactiva": null, "ficharegis": 82879, "etam": 0.0719815751, "diferencia": 0.003404804, "porc_difer": 1.76415e-05, "admisible": 1, "deuda_anio": 0.0, "2019_csv_c": null, "clavecat_1": null, "2021__csv_": null, "2021__csv1": null, "2022__csv_": "2-18-79-14-000", "2022__csv1": "079-05-10-2023", "Clavepre": "2-18-79-14-000", "RESOLUCION": "079-05-10-2023", "ORIG_FID": 85 }, "geometry": { "type": "Point", "coordinates": [ -80.669688140016461, -0.959552202785137 ] } },
{ "type": "Feature", "properties": { "id": 54933, "lote_id": 39842, "clavecatas": "2-18-80-05-000", "zona": "2", "sector": "18", "manzana": "80", "lote": "05", "ph": "000", "propietari": "GOBIERNO AUTONOMO DESCENTRALIZADO MCPAL.DEL CANTON MANTA .", "documentop": "1360000980001", "direccion": "VILLAMARINA MZ- Y2 LT.05", "area_m2": 198.75, "frente_uti": 10.0, "frente_tot": 10.0, "avaluo_con": 20971.54, "avaluo_sue": 11626.88, "zonaurbano": "URBANA", "parroquia": "LOS ESTEROS", "esta_bloqu": "NO", "es_tercera": "NO", "tiene_elec": "SI", "tiene_agua": "SI", "tiene_alca": "NO", "observacio": "ACT, LT. INF. FERNANDO N. FEBRERO 11/08 MRSE INGRESA ESTE CODIGO CON EL LISTADO DE PROCESO DE LEGALIZACION EN BASE A LA FICHA REGISTRAL 73844, EN BASE A LA INFORMACION TOMADA EIN SITU.\r\nSE ACTUALIZA INFORMACIÓN CON ESCRITURA DE TRANSFERENCIA DE DOMINIO", "observac_1": null, "barrio": "VILLAMARINA", "parroquia_": 4, "barrio_id": 232, "proceso": 0, "fecha_regi": null, "activo_cat": "SI", "desactivad": 0, "avaluo_rem": 0.0, "avaluo_r_1": 0.0, "clasificac": "DEPURACION CATASTRO", "anio_deuda": 2026, "deuda": 42.84, "valor_ip": 0.0, "coactiva": null, "ficharegis": 82859, "etam": 0.0709326902, "diferencia": -1.93391e-05, "porc_difer": -9.73e-08, "admisible": 1, "deuda_anio": 0.0, "2019_csv_c": null, "clavecat_1": null, "2021__csv_": null, "2021__csv1": null, "2022__csv_": "2-18-80-05-000", "2022__csv1": "012-25-05-2023", "Clavepre": "2-18-80-05-000", "RESOLUCION": "012-25-05-2023", "ORIG_FID": 86 }, "geometry": { "type": "Point", "coordinates": [ -80.670271650618375, -0.959398159414389 ] } },
{ "type": "Feature", "properties": { "id": 54935, "lote_id": 39844, "clavecatas": "2-18-80-07-000", "zona": "2", "sector": "18", "manzana": "80", "lote": "07", "ph": "000", "propietari": "VILLAMAR PEREZ YIOVANNA ROCIO", "documentop": "1353564824", "direccion": "VILLAMARINA MZ-Y2 LOTE 7 Y 8", "area_m2": 383.6, "frente_uti": 10.0, "frente_tot": 0.0, "avaluo_con": 27674.1, "avaluo_sue": 24934.0, "zonaurbano": "URBANA", "parroquia": "LOS ESTEROS", "esta_bloqu": "NO", "es_tercera": "NO", "tiene_elec": "SI", "tiene_agua": "SI", "tiene_alca": "NO", "observacio": "- POR DISPOSICION SE ACTUALIZA POR UNIFICACION CON AREA DEL CODIGO 2188008000 POR PROCESO DE LEGALIZACION MEDIANTE EXPROPIACION ESPECIAL - 13/04/2023.SE ACTUALIZA INF CON ESCRITURA DE CVTA INSCRITA EN EL REG. DE LA PROPIEDAD.13/04/2023.AZP\r\nSE ACTUALIZA", "observac_1": null, "barrio": "VILLAMARINA", "parroquia_": 4, "barrio_id": 232, "proceso": 0, "fecha_regi": null, "activo_cat": "SI", "desactivad": 0, "avaluo_rem": 0.0, "avaluo_r_1": 0.0, "clasificac": "GENERAL", "anio_deuda": 0, "deuda": 0.0, "valor_ip": 0.0, "coactiva": null, "ficharegis": 83004, "etam": 0.1531729073, "diferencia": -0.0065601249, "porc_difer": -1.71015e-05, "admisible": 1, "deuda_anio": 0.0, "2019_csv_c": null, "clavecat_1": null, "2021__csv_": null, "2021__csv1": null, "2022__csv_": "2-18-80-07-000", "2022__csv1": "079-05-10-2023", "Clavepre": "2-18-80-07-000", "RESOLUCION": "079-05-10-2023", "ORIG_FID": 87 }, "geometry": { "type": "Point", "coordinates": [ -80.670205743709815, -0.959677839297501 ] } },
{ "type": "Feature", "properties": { "id": 54937, "lote_id": 39846, "clavecatas": "2-18-80-09-000", "zona": "2", "sector": "18", "manzana": "80", "lote": "09", "ph": "000", "propietari": "CANTOS PERALTA JOHANNA MARIANELA", "documentop": "1311584898", "direccion": "VILLAMARINA MZ- Y2 LOTE 9", "area_m2": 187.97, "frente_uti": 9.9, "frente_tot": 9.9, "avaluo_con": 9066.82, "avaluo_sue": 12218.05, "zonaurbano": "URBANA", "parroquia": "LOS ESTEROS", "esta_bloqu": "NO", "es_tercera": "NO", "tiene_elec": "SI", "tiene_agua": "SI", "tiene_alca": "NO", "observacio": "SE INGRESA ESTE CODIGO CON EL LISTADO DE PROCESO DE LEGALIZACION EN BASE A LA FICHA REGISTRAL 73844, EN BASE A LA INFORMACION TOMADA EIN SITU.\r\nSE ACTUALIZA INFORMACIÓN CON ESCRITURA DE TRANSFERENCIA DE DOMINIO POR EXPROPIACIÓN INSCRITA EN EL REGISTRO", "observac_1": null, "barrio": "VILLAMARINA", "parroquia_": 4, "barrio_id": 232, "proceso": 0, "fecha_regi": null, "activo_cat": "SI", "desactivad": 0, "avaluo_rem": 0.0, "avaluo_r_1": 0.0, "clasificac": "GENERAL", "anio_deuda": 0, "deuda": 0.0, "valor_ip": 0.0, "coactiva": null, "ficharegis": 82866, "etam": 0.0729383155, "diferencia": -0.0008199608, "porc_difer": -4.3622e-06, "admisible": 1, "deuda_anio": 0.0, "2019_csv_c": null, "clavecat_1": null, "2021__csv_": null, "2021__csv1": null, "2022__csv_": "2-18-80-09-000", "2022__csv1": "012-25-05-2023", "Clavepre": "2-18-80-09-000", "RESOLUCION": "012-25-05-2023", "ORIG_FID": 88 }, "geometry": { "type": "Point", "coordinates": [ -80.670260154938518, -0.959802526543707 ] } },
{ "type": "Feature", "properties": { "id": 54941, "lote_id": 100186, "clavecatas": "2-18-80-13-000", "zona": "2", "sector": "18", "manzana": "80", "lote": "13", "ph": "000", "propietari": "GOBIERNO AUTONOMO DESCENTRALIZADO MCPAL.DEL CANTON MANTA .", "documentop": "1360000980001", "direccion": "VILLAMARINA MZ Y2 LOTE - 13", "area_m2": 96.5, "frente_uti": 5.0, "frente_tot": 5.0, "avaluo_con": 23777.6, "avaluo_sue": 6272.5, "zonaurbano": "URBANA", "parroquia": "LOS ESTEROS", "esta_bloqu": "NO", "es_tercera": "NO", "tiene_elec": "SI", "tiene_agua": "SI", "tiene_alca": "SI", "observacio": "SE INGRESA ESTE CODIGO CON EL LISTADO DE PROCESO DE LEGALIZACION EN BASE A LA FICHA REGISTRAL 73844, EN BASE A LA INFORMACION TOMADA EIN SITU.\r\nSE ACTUALIZA INFORMACIÓN CON ESCRITURA DE TRANSFERENCIA DE DOMINIO POR EXPROPIACIÓN INSCRITA EN EL REGISTRO", "observac_1": null, "barrio": "VILLAMARINA", "parroquia_": 4, "barrio_id": 232, "proceso": 0, "fecha_regi": null, "activo_cat": "SI", "desactivad": 0, "avaluo_rem": 0.0, "avaluo_r_1": 0.0, "clasificac": "GENERAL", "anio_deuda": 2026, "deuda": 27.36, "valor_ip": 0.0, "coactiva": null, "ficharegis": 82851, "etam": 0.1, "diferencia": 0.0043567915, "porc_difer": 4.51481e-05, "admisible": 1, "deuda_anio": 0.0, "2019_csv_c": null, "clavecat_1": null, "2021__csv_": null, "2021__csv1": null, "2022__csv_": "2-18-80-13-000", "2022__csv1": "012-25-05-2023", "Clavepre": "2-18-80-13-000", "RESOLUCION": "012-25-05-2023", "ORIG_FID": 89 }, "geometry": { "type": "Point", "coordinates": [ -80.670335439805726, -0.959544322236584 ] } },
{ "type": "Feature", "properties": { "id": 54951, "lote_id": 100241, "clavecatas": "2-18-81-12-000", "zona": "2", "sector": "18", "manzana": "81", "lote": "12", "ph": "000", "propietari": "GOBIERNO AUTONOMO DESCENTRALIZADO MCPAL.DEL CANTON MANTA .", "documentop": "1360000980001", "direccion": "VILLAMARINA MZ-Y1  LOTE-12", "area_m2": 193.91, "frente_uti": 10.0, "frente_tot": 10.0, "avaluo_con": 27702.0, "avaluo_sue": 12604.15, "zonaurbano": "URBANA", "parroquia": "LOS ESTEROS", "esta_bloqu": "NO", "es_tercera": "NO", "tiene_elec": "NO", "tiene_agua": "NO", "tiene_alca": "NO", "observacio": "INGRESO NUEVO DEL LISTADO DE PROCESO DE LEGALIZACION CON LA FICHA REGISTRAL 73844 EN BASE A LA INFORMACION TOMADA DEL SITIO POR LOS COMPAÑEROS 26/12/21 ARQ. LUPE LANDA..\r\nSE ACTUALIZA INFORMACIÓN CON ESCRITURA DE TRANSFERENCIA DE DOMINIO POR EXPROPIACI", "observac_1": null, "barrio": "VILLAMARINA", "parroquia_": 4, "barrio_id": 232, "proceso": 0, "fecha_regi": null, "activo_cat": "SI", "desactivad": 0, "avaluo_rem": 0.0, "avaluo_r_1": 0.0, "clasificac": "GENERAL", "anio_deuda": 2026, "deuda": 42.46, "valor_ip": 0.0, "coactiva": null, "ficharegis": 82845, "etam": 0.0718124753, "diferencia": -0.5850056646, "porc_difer": -0.0030168927, "admisible": 1, "deuda_anio": 0.0, "2019_csv_c": null, "clavecat_1": null, "2021__csv_": null, "2021__csv1": null, "2022__csv_": "2-18-81-12-000", "2022__csv1": "012-25-05-2023", "Clavepre": "2-18-81-12-000", "RESOLUCION": "012-25-05-2023", "ORIG_FID": 90 }, "geometry": { "type": "Point", "coordinates": [ -80.670476428944639, -0.959221237987913 ] } },
{ "type": "Feature", "properties": { "id": 54955, "lote_id": 39858, "clavecatas": "2-18-82-02-000", "zona": "2", "sector": "18", "manzana": "82", "lote": "02", "ph": "000", "propietari": "MERO ANCHUNDIA RAMON BOLIVAR", "documentop": "1308700747", "direccion": "VILLAMARINA MZ-Y L#2", "area_m2": 197.46, "frente_uti": 10.4, "frente_tot": 10.4, "avaluo_con": 5640.0, "avaluo_sue": 15796.8, "zonaurbano": "URBANA", "parroquia": "LOS ESTEROS", "esta_bloqu": "NO", "es_tercera": "NO", "tiene_elec": "SI", "tiene_agua": "SI", "tiene_alca": "NO", "observacio": "SE CORRIGE AREA DE ESTE CODIGO CON EL LISTADO DE PROCESO DE LEGALIZACION CON LA FICHA REGISTRAL 73844 EN BASE A LA INFORMACION TOMADA DEL SITIO POR LOS COMPAÑEROS 22/12/21 ARQ. LUPE LANDA..\r\nSE ACTUALIZA INFORMACIÓN CON ESCRITURA DE TRANSFERENCIA DE DO", "observac_1": null, "barrio": "VILLAMARINA", "parroquia_": 4, "barrio_id": 232, "proceso": 0, "fecha_regi": null, "activo_cat": "SI", "desactivad": 0, "avaluo_rem": 0.0, "avaluo_r_1": 0.0, "clasificac": "GENERAL", "anio_deuda": 2025, "deuda": 94.9, "valor_ip": 0.0, "coactiva": null, "ficharegis": 82830, "etam": 0.0711640135, "diferencia": -0.0043131042, "porc_difer": -2.18429e-05, "admisible": 1, "deuda_anio": 54.83, "2019_csv_c": null, "clavecat_1": null, "2021__csv_": null, "2021__csv1": null, "2022__csv_": "2-18-82-02-000", "2022__csv1": "012-25-05-2023", "Clavepre": "2-18-82-02-000", "RESOLUCION": "012-25-05-2023", "ORIG_FID": 91 }, "geometry": { "type": "Point", "coordinates": [ -80.671290938268015, -0.959397295969354 ] } },
{ "type": "Feature", "properties": { "id": 54960, "lote_id": 39863, "clavecatas": "2-18-82-08-000", "zona": "2", "sector": "18", "manzana": "82", "lote": "08", "ph": "000", "propietari": "GOBIERNO AUTONOMO DESCENTRALIZADO  MUNICIPAL MANTA .", "documentop": "1360000980001", "direccion": "VILLAMARINA MZ-Y LOTE 8 Y 9", "area_m2": 374.37, "frente_uti": 10.0, "frente_tot": 10.0, "avaluo_con": 7999.76, "avaluo_sue": 26954.64, "zonaurbano": "URBANA", "parroquia": "LOS ESTEROS", "esta_bloqu": "NO", "es_tercera": "NO", "tiene_elec": "SI", "tiene_agua": "SI", "tiene_alca": "NO", "observacio": "INF. CARLOS D. AGOSTO 19/2002 MR C#3069 08/19/2002 R.R.M\r\nSE CORRIGE AREA DE ESTE CODIGO CON EL LISTADO DE PROCESO DE LEGALIZACION CON LA FICHA REGISTRAL 73844 EN BASE A LA INFORMACION TOMADA DEL SITIO POR LOS COMPAÑEROS 22/12/21 ARQ. LUPE LANDA..- POR", "observac_1": null, "barrio": "VILLAMARINA", "parroquia_": 4, "barrio_id": 232, "proceso": 0, "fecha_regi": null, "activo_cat": "SI", "desactivad": 0, "avaluo_rem": 0.0, "avaluo_r_1": 0.0, "clasificac": "POR LEGALIZAR", "anio_deuda": 0, "deuda": 0.0, "valor_ip": 0.0, "coactiva": null, "ficharegis": 83000, "etam": 0.1550496303, "diferencia": -0.0056093302, "porc_difer": -1.49834e-05, "admisible": 1, "deuda_anio": 0.0, "2019_csv_c": null, "clavecat_1": null, "2021__csv_": null, "2021__csv1": null, "2022__csv_": "2-18-82-08-000", "2022__csv1": "012-25-05-2023", "Clavepre": "2-18-82-08-000", "RESOLUCION": "012-25-05-2023", "ORIG_FID": 92 }, "geometry": { "type": "Point", "coordinates": [ -80.671075210249654, -0.959225074234259 ] } },
{ "type": "Feature", "properties": { "id": 54962, "lote_id": 39865, "clavecatas": "2-18-82-10-000", "zona": "2", "sector": "18", "manzana": "82", "lote": "10", "ph": "000", "propietari": "GOBIERNO AUTONOMO DESCENTRALIZADO MCPAL.DEL CANTON MANTA .", "documentop": "1360000980001", "direccion": "VILLAMARINA MZ-Y L#10", "area_m2": 194.98, "frente_uti": 10.0, "frente_tot": 10.0, "avaluo_con": 6358.16, "avaluo_sue": 15598.4, "zonaurbano": "URBANA", "parroquia": "LOS ESTEROS", "esta_bloqu": "NO", "es_tercera": "NO", "tiene_elec": "SI", "tiene_agua": "SI", "tiene_alca": "NO", "observacio": "SE ACTUALIZA INF. LUPE LANDA 04/30/02 MAR C# 1636.\r\nSE CORRIGE AREA DE ESTE CODIGO CON EL LISTADO DE PROCESO DE LEGALIZACION CON LA FICHA REGISTRAL 73844 EN BASE A LA INFORMACION TOMADA DEL SITIO POR LOS COMPAÑEROS 22/12/21 ARQ. LUPE LANDA..\r\nSE ACTUALI", "observac_1": null, "barrio": "VILLAMARINA", "parroquia_": 4, "barrio_id": 232, "proceso": 0, "fecha_regi": null, "activo_cat": "SI", "desactivad": 0, "avaluo_rem": 0.0, "avaluo_r_1": 0.0, "clasificac": "DEPURACION CATASTRO", "anio_deuda": 2026, "deuda": 35.66, "valor_ip": 0.0, "coactiva": null, "ficharegis": 82832, "etam": 0.0716151601, "diferencia": -0.0072965385, "porc_difer": -3.7422e-05, "admisible": 1, "deuda_anio": 0.0, "2019_csv_c": null, "clavecat_1": null, "2021__csv_": null, "2021__csv1": null, "2022__csv_": "2-18-82-10-000", "2022__csv1": "012-25-05-2023", "Clavepre": "2-18-82-10-000", "RESOLUCION": "012-25-05-2023", "ORIG_FID": 93 }, "geometry": { "type": "Point", "coordinates": [ -80.671103989869181, -0.959353946525228 ] } },
{ "type": "Feature", "properties": { "id": 54964, "lote_id": 39867, "clavecatas": "2-18-82-12-000", "zona": "2", "sector": "18", "manzana": "82", "lote": "12", "ph": "000", "propietari": "GOBIERNO AUTONOMO DESCENTRALIZADO MCPAL.DEL CANTON MANTA .", "documentop": "1360000980001", "direccion": "VILLAMARINA MZ-Y L#12", "area_m2": 189.12, "frente_uti": 9.7, "frente_tot": 9.7, "avaluo_con": 3110.46, "avaluo_sue": 15129.6, "zonaurbano": "URBANA", "parroquia": "LOS ESTEROS", "esta_bloqu": "NO", "es_tercera": "NO", "tiene_elec": "NO", "tiene_agua": "NO", "tiene_alca": "NO", "observacio": "SE CORRIGE AREA DE ESTE CODIGO CON EL LISTADO DE PROCESO DE LEGALIZACION CON LA FICHA REGISTRAL 73844 EN BASE A LA INFORMACION TOMADA DEL SITIO POR LOS COMPAÑEROS 22/12/21 ARQ. LUPE LANDA..\r\nSE ACTUALIZA INFORMACIÓN CON ESCRITURA DE TRANSFERENCIA DE DO", "observac_1": null, "barrio": "VILLAMARINA", "parroquia_": 4, "barrio_id": 232, "proceso": 0, "fecha_regi": null, "activo_cat": "SI", "desactivad": 0, "avaluo_rem": 0.0, "avaluo_r_1": 0.0, "clasificac": "GENERAL", "anio_deuda": 2026, "deuda": 33.56, "valor_ip": 0.0, "coactiva": null, "ficharegis": 82833, "etam": 0.0727162159, "diferencia": -0.0099348524, "porc_difer": -5.2532e-05, "admisible": 1, "deuda_anio": 0.0, "2019_csv_c": null, "clavecat_1": null, "2021__csv_": null, "2021__csv1": null, "2022__csv_": "2-18-82-12-000", "2022__csv1": "012-25-05-2023", "Clavepre": "2-18-82-12-000", "RESOLUCION": "012-25-05-2023", "ORIG_FID": 94 }, "geometry": { "type": "Point", "coordinates": [ -80.671143119081719, -0.95952915786434 ] } },
{ "type": "Feature", "properties": { "id": 54965, "lote_id": 39868, "clavecatas": "2-18-83-01-000", "zona": "2", "sector": "18", "manzana": "83", "lote": "01", "ph": "000", "propietari": "GUTIERREZ PAZ GONZALO CRISTOBAL", "documentop": "1308182961", "direccion": "VILLAMARINA  MZ Z5 L# 1", "area_m2": 189.06, "frente_uti": 29.1, "frente_tot": 29.1, "avaluo_con": 0.0, "avaluo_sue": 12288.9, "zonaurbano": "URBANA", "parroquia": "LOS ESTEROS", "esta_bloqu": "NO", "es_tercera": "NO", "tiene_elec": "SI", "tiene_agua": "SI", "tiene_alca": "NO", "observacio": "SE CORRIGE AREA DE ESTE CODIGO CON EL LISTADO DE PROCESO DE LEGALIZACION CON LA FICHA REGISTRAL 73844 EN BASE A LA INFORMACION TOMADA DEL SITIO POR LOS COMPAÑEROS 20/12/21 ARQ. LUPE LANDA..\r\nSE ACTUALIZA INFORMACIÓN CON ESCRITURA DE TRANSFERENCIA DE DO", "observac_1": null, "barrio": "VILLAMARINA", "parroquia_": 4, "barrio_id": 232, "proceso": 0, "fecha_regi": null, "activo_cat": "SI", "desactivad": 0, "avaluo_rem": 0.0, "avaluo_r_1": 0.0, "clasificac": "GENERAL", "anio_deuda": 2017, "deuda": 937.76, "valor_ip": 0.0, "coactiva": null, "ficharegis": 82903, "etam": 0.0727277536, "diferencia": -0.0009944356, "porc_difer": -5.2599e-06, "admisible": 1, "deuda_anio": 875.96, "2019_csv_c": null, "clavecat_1": null, "2021__csv_": null, "2021__csv1": null, "2022__csv_": "2-18-83-01-000", "2022__csv1": "012-25-05-2023", "Clavepre": "2-18-83-01-000", "RESOLUCION": "012-25-05-2023", "ORIG_FID": 95 }, "geometry": { "type": "Point", "coordinates": [ -80.669005227109878, -0.959667765931036 ] } },
{ "type": "Feature", "properties": { "id": 54966, "lote_id": 39869, "clavecatas": "2-18-83-02-000", "zona": "2", "sector": "18", "manzana": "83", "lote": "02", "ph": "000", "propietari": "GOBIERNO AUTONOMO DESCENTRALIZADO MCPAL.DEL CANTON MANTA .", "documentop": "1360000980001", "direccion": "VILLAMARINA MZ Z5 LOTE - 2", "area_m2": 194.84, "frente_uti": 10.1, "frente_tot": 10.1, "avaluo_con": 6453.5, "avaluo_sue": 11398.14, "zonaurbano": "URBANA", "parroquia": "LOS ESTEROS", "esta_bloqu": "NO", "es_tercera": "NO", "tiene_elec": "SI", "tiene_agua": "SI", "tiene_alca": "NO", "observacio": "SE CORRIGE AREA DE ESTE CODIGO CON EL LISTADO DE PROCESO DE LEGALIZACION CON LA FICHA REGISTRAL 73844 EN BASE A LA INFORMACION TOMADA DEL SITIO POR LOS COMPAÑEROS 21/12/21 ARQ. LUPE LANDA..\r\nSE ACTUALIZA INFORMACIÓN CON ESCRITURA DE TRANSFERENCIA DE DO", "observac_1": null, "barrio": "VILLAMARINA", "parroquia_": 4, "barrio_id": 232, "proceso": 0, "fecha_regi": null, "activo_cat": "SI", "desactivad": 0, "avaluo_rem": 0.0, "avaluo_r_1": 0.0, "clasificac": "GENERAL", "anio_deuda": 2026, "deuda": 36.54, "valor_ip": 0.0, "coactiva": null, "ficharegis": 82904, "etam": 0.0716408846, "diferencia": -0.0085758845, "porc_difer": -4.4015e-05, "admisible": 1, "deuda_anio": 0.0, "2019_csv_c": null, "clavecat_1": null, "2021__csv_": null, "2021__csv1": null, "2022__csv_": "2-18-83-02-000", "2022__csv1": "012-25-05-2023", "Clavepre": "2-18-83-02-000", "RESOLUCION": "012-25-05-2023", "ORIG_FID": 96 }, "geometry": { "type": "Point", "coordinates": [ -80.668969414950482, -0.9595852799631 ] } },
{ "type": "Feature", "properties": { "id": 54968, "lote_id": 39871, "clavecatas": "2-18-83-04-000", "zona": "2", "sector": "18", "manzana": "83", "lote": "04", "ph": "000", "propietari": "GOBIERNO AUTONOMO DESCENTRALIZADO MCPAL.DEL CANTON MANTA .", "documentop": "1360000980001", "direccion": "VILLAMARINA MZ Z5 LOTE - 04", "area_m2": 198.7, "frente_uti": 10.3, "frente_tot": 10.3, "avaluo_con": 7321.92, "avaluo_sue": 11623.95, "zonaurbano": "URBANA", "parroquia": "LOS ESTEROS", "esta_bloqu": "NO", "es_tercera": "NO", "tiene_elec": "SI", "tiene_agua": "SI", "tiene_alca": "NO", "observacio": "SE CORRIGE AREA DE ESTE CODIGO CON EL LISTADO DE PROCESO DE LEGALIZACION CON LA FICHA REGISTRAL 73844 EN BASE A LA INFORMACION TOMADA DEL SITIO POR LOS COMPAÑEROS 21/12/21 ARQ. LUPE LANDA..\r\nSE ACTUALIZA INFORMACIÓN CON ESCRITURA DE TRANSFERENCIA DE DO", "observac_1": null, "barrio": "VILLAMARINA", "parroquia_": 4, "barrio_id": 232, "proceso": 0, "fecha_regi": null, "activo_cat": "SI", "desactivad": 0, "avaluo_rem": 0.0, "avaluo_r_1": 0.0, "clasificac": "GENERAL", "anio_deuda": 2026, "deuda": 36.13, "valor_ip": 0.0, "coactiva": null, "ficharegis": 82905, "etam": 0.0709416142, "diferencia": -0.006963516, "porc_difer": -3.50454e-05, "admisible": 1, "deuda_anio": 0.0, "2019_csv_c": null, "clavecat_1": null, "2021__csv_": null, "2021__csv1": null, "2022__csv_": "2-18-83-04-000", "2022__csv1": "012-25-05-2023", "Clavepre": "2-18-83-04-000", "RESOLUCION": "012-25-05-2023", "ORIG_FID": 97 }, "geometry": { "type": "Point", "coordinates": [ -80.668896710871692, -0.959417821013733 ] } },
{ "type": "Feature", "properties": { "id": 54970, "lote_id": 39873, "clavecatas": "2-18-83-06-000", "zona": "2", "sector": "18", "manzana": "83", "lote": "06", "ph": "000", "propietari": "PONCE PONCE BLANCA BIRMANIA", "documentop": "1306981224", "direccion": "VILLAMARINA MZ Z5 LOTE - 06", "area_m2": 206.42, "frente_uti": 10.7, "frente_tot": 10.7, "avaluo_con": 7620.72, "avaluo_sue": 12075.57, "zonaurbano": "URBANA", "parroquia": "LOS ESTEROS", "esta_bloqu": "NO", "es_tercera": "NO", "tiene_elec": "SI", "tiene_agua": "SI", "tiene_alca": "NO", "observacio": "SE CORRIGE AREA DE ESTE CODIGO CON EL LISTADO DE PROCESO DE LEGALIZACION CON LA FICHA REGISTRAL 73844 EN BASE A LA INFORMACION TOMADA DEL SITIO POR LOS COMPAÑEROS 20/12/21 ARQ. LUPE LANDA..\r\nSE ACTUALIZA INFORMACIÓN CON ESCRITURA DE TRANSFERENCIA DE DO", "observac_1": null, "barrio": "VILLAMARINA", "parroquia_": 4, "barrio_id": 232, "proceso": 0, "fecha_regi": null, "activo_cat": "SI", "desactivad": 0, "avaluo_rem": 0.0, "avaluo_r_1": 0.0, "clasificac": "GENERAL", "anio_deuda": 0, "deuda": 0.0, "valor_ip": 0.0, "coactiva": null, "ficharegis": 82907, "etam": 0.1392047673, "diferencia": -0.0037388461, "porc_difer": -1.81128e-05, "admisible": 1, "deuda_anio": 0.0, "2019_csv_c": null, "clavecat_1": null, "2021__csv_": null, "2021__csv1": null, "2022__csv_": "2-18-83-06-000", "2022__csv1": "012-25-05-2023", "Clavepre": "2-18-83-06-000", "RESOLUCION": "012-25-05-2023", "ORIG_FID": 98 }, "geometry": { "type": "Point", "coordinates": [ -80.668824006797692, -0.959250362065069 ] } },
{ "type": "Feature", "properties": { "id": 54971, "lote_id": 39874, "clavecatas": "2-18-83-07-000", "zona": "2", "sector": "18", "manzana": "83", "lote": "07", "ph": "000", "propietari": "GOBIERNO AUTONOMO DESCENTRALIZADO MCPAL.DEL CANTON MANTA .", "documentop": "1360000980001", "direccion": "VILLAMARINA MZ Z5 LOTE - 07", "area_m2": 198.69, "frente_uti": 29.6, "frente_tot": 29.6, "avaluo_con": 11731.46, "avaluo_sue": 13560.59, "zonaurbano": "URBANA", "parroquia": "LOS ESTEROS", "esta_bloqu": "NO", "es_tercera": "NO", "tiene_elec": "SI", "tiene_agua": "SI", "tiene_alca": "NO", "observacio": "SE CORRIGE AREA DE ESTE CODIGO CON EL LISTADO DE PROCESO DE LEGALIZACION CON LA FICHA REGISTRAL 73844 EN BASE A LA INFORMACION TOMADA DEL SITIO POR LOS COMPAÑEROS 21/12/21 ARQ. LUPE LANDA..\r\nSE ACTUALIZA INFORMACIÓN CON ESCRITURA DE TRANSFERENCIA DE DO", "observac_1": null, "barrio": "VILLAMARINA", "parroquia_": 4, "barrio_id": 232, "proceso": 0, "fecha_regi": null, "activo_cat": "SI", "desactivad": 0, "avaluo_rem": 0.0, "avaluo_r_1": 0.0, "clasificac": "GENERAL", "anio_deuda": 2026, "deuda": 52.75, "valor_ip": 0.0, "coactiva": null, "ficharegis": 82911, "etam": 0.0709433995, "diferencia": -0.0036104817, "porc_difer": -1.81714e-05, "admisible": 1, "deuda_anio": 0.0, "2019_csv_c": null, "clavecat_1": null, "2021__csv_": null, "2021__csv1": null, "2022__csv_": "2-18-83-07-000", "2022__csv1": "012-25-05-2023", "Clavepre": "2-18-83-07-000", "RESOLUCION": "012-25-05-2023", "ORIG_FID": 99 }, "geometry": { "type": "Point", "coordinates": [ -80.668786220625691, -0.95916331520964 ] } },
{ "type": "Feature", "properties": { "id": 54972, "lote_id": 39875, "clavecatas": "2-18-83-08-000", "zona": "2", "sector": "18", "manzana": "83", "lote": "08", "ph": "000", "propietari": "BARBERAN INTRIAGO VICTOR GEOVANNY", "documentop": "1308368370", "direccion": "VILLAMARINA MZ-Z5 LOTE - 08", "area_m2": 197.51, "frente_uti": 29.4, "frente_tot": 29.4, "avaluo_con": 8615.58, "avaluo_sue": 13480.06, "zonaurbano": "URBANA", "parroquia": "LOS ESTEROS", "esta_bloqu": "NO", "es_tercera": "NO", "tiene_elec": "SI", "tiene_agua": "SI", "tiene_alca": "NO", "observacio": "SE CORRIGE AREA DE ESTE CODIGO CON EL LISTADO DE PROCESO DE LEGALIZACION CON LA FICHA REGISTRAL 73844 EN BASE A LA INFORMACION TOMADA DEL SITIO POR LOS COMPAÑEROS 20/12/21 ARQ. LUPE LANDA..\r\nSE ACTUALIZA INFORMACIÓN CON ESCRITURA DE TRANSFERENCIA DE DO", "observac_1": null, "barrio": "VILLAMARINA", "parroquia_": 4, "barrio_id": 232, "proceso": 0, "fecha_regi": null, "activo_cat": "SI", "desactivad": 0, "avaluo_rem": 0.0, "avaluo_r_1": 0.0, "clasificac": "GENERAL", "anio_deuda": 0, "deuda": 0.0, "valor_ip": 0.0, "coactiva": null, "ficharegis": 82921, "etam": 0.0711550053, "diferencia": -0.0060834893, "porc_difer": -3.08009e-05, "admisible": 1, "deuda_anio": 0.0, "2019_csv_c": null, "clavecat_1": null, "2021__csv_": null, "2021__csv1": null, "2022__csv_": "2-18-83-08-000", "2022__csv1": "012-25-05-2023", "Clavepre": "2-18-83-08-000", "RESOLUCION": "012-25-05-2023", "ORIG_FID": 100 }, "geometry": { "type": "Point", "coordinates": [ -80.66863074911565, -0.959237665582883 ] } },
{ "type": "Feature", "properties": { "id": 54973, "lote_id": 39876, "clavecatas": "2-18-83-09-000", "zona": "2", "sector": "18", "manzana": "83", "lote": "09", "ph": "000", "propietari": "GOBIERNO AUTONOMO DESCENTRALIZADO MCPAL.DEL CANTON MANTA .", "documentop": "1360000980001", "direccion": "VILLAMARINA MZ-Z5 L#9", "area_m2": 188.02, "frente_uti": 9.9, "frente_tot": 9.9, "avaluo_con": 6693.0, "avaluo_sue": 10999.17, "zonaurbano": "URBANA", "parroquia": "LOS ESTEROS", "esta_bloqu": "NO", "es_tercera": "NO", "tiene_elec": "SI", "tiene_agua": "SI", "tiene_alca": "NO", "observacio": "SE CORRIGE AREA DE ESTE CODIGO CON EL LISTADO DE PROCESO DE LEGALIZACION CON LA FICHA REGISTRAL 73844 EN BASE A LA INFORMACION TOMADA DEL SITIO POR LOS COMPAÑEROS 20/12/21 ARQ. LUPE LANDA..\r\nSE ACTUALIZA INFORMACIÓN CON ESCRITURA DE TRANSFERENCIA DE DO", "observac_1": null, "barrio": "VILLAMARINA", "parroquia_": 4, "barrio_id": 232, "proceso": 0, "fecha_regi": null, "activo_cat": "SI", "desactivad": 0, "avaluo_rem": 0.0, "avaluo_r_1": 0.0, "clasificac": "GENERAL", "anio_deuda": 2026, "deuda": 38.11, "valor_ip": 0.0, "coactiva": null, "ficharegis": 82920, "etam": 0.0729286167, "diferencia": -0.001415437, "porc_difer": -7.5281e-06, "admisible": 1, "deuda_anio": 0.0, "2019_csv_c": null, "clavecat_1": null, "2021__csv_": null, "2021__csv1": null, "2022__csv_": "2-18-83-09-000", "2022__csv1": "012-25-05-2023", "Clavepre": "2-18-83-09-000", "RESOLUCION": "012-25-05-2023", "ORIG_FID": 101 }, "geometry": { "type": "Point", "coordinates": [ -80.668667270981842, -0.959321814014302 ] } },
{ "type": "Feature", "properties": { "id": 54974, "lote_id": 39877, "clavecatas": "2-18-83-10-000", "zona": "2", "sector": "18", "manzana": "83", "lote": "10", "ph": "000", "propietari": "GOBIERNO AUTONOMO DESCENTRALIZADO MCPAL.DEL CANTON MANTA .", "documentop": "1360000980001", "direccion": "VILLAMARINA MZ Z5 LOTE - 10", "area_m2": 189.92, "frente_uti": 10.1, "frente_tot": 10.0, "avaluo_con": 8648.0, "avaluo_sue": 12344.8, "zonaurbano": "URBANA", "parroquia": "LOS ESTEROS", "esta_bloqu": "NO", "es_tercera": "NO", "tiene_elec": "SI", "tiene_agua": "SI", "tiene_alca": "NO", "observacio": "SE CORRIGE AREA DE ESTE CODIGO CON EL LISTADO DE PROCESO DE LEGALIZACION CON LA FICHA REGISTRAL 73844 EN BASE A LA INFORMACION TOMADA DEL SITIO POR LOS COMPAÑEROS 20/12/21 ARQ. LUPE LANDA..\r\nSE ACTUALIZA INFORMACIÓN CON ESCRITURA DE TRANSFERENCIA DE DO", "observac_1": null, "barrio": "VILLAMARINA", "parroquia_": 4, "barrio_id": 232, "proceso": 0, "fecha_regi": null, "activo_cat": "SI", "desactivad": 0, "avaluo_rem": 0.0, "avaluo_r_1": 0.0, "clasificac": "GENERAL", "anio_deuda": 2026, "deuda": 43.74, "valor_ip": 0.0, "coactiva": null, "ficharegis": 82919, "etam": 0.072562903, "diferencia": -0.0006151127, "porc_difer": -3.2388e-06, "admisible": 1, "deuda_anio": 0.0, "2019_csv_c": null, "clavecat_1": null, "2021__csv_": null, "2021__csv1": null, "2022__csv_": "2-18-83-10-000", "2022__csv1": "012-25-05-2023", "Clavepre": "2-18-83-10-000", "RESOLUCION": "012-25-05-2023", "ORIG_FID": 102 }, "geometry": { "type": "Point", "coordinates": [ -80.668703083132002, -0.959404299983915 ] } },
{ "type": "Feature", "properties": { "id": 54975, "lote_id": 39878, "clavecatas": "2-18-83-11-000", "zona": "2", "sector": "18", "manzana": "83", "lote": "11", "ph": "000", "propietari": "GOBIERNO AUTONOMO DESCENTRALIZADO MCPAL.DEL CANTON MANTA .", "documentop": "1360000980001", "direccion": "VILLAMARINA MZ - Z5 LOTE - 11", "area_m2": 193.71, "frente_uti": 10.2, "frente_tot": 10.2, "avaluo_con": 4287.36, "avaluo_sue": 12591.15, "zonaurbano": "URBANA", "parroquia": "LOS ESTEROS", "esta_bloqu": "NO", "es_tercera": "NO", "tiene_elec": "SI", "tiene_agua": "SI", "tiene_alca": "NO", "observacio": "SE CORRIGE AREA DE ESTE CODIGO CON EL LISTADO DE PROCESO DE LEGALIZACION CON LA FICHA REGISTRAL 73844 EN BASE A LA INFORMACION TOMADA DEL SITIO POR LOS COMPAÑEROS 20/12/21 ARQ. LUPE LANDA..\r\nSE ACTUALIZA INFORMACIÓN CON ESCRITURA DE TRANSFERENCIA DE DO", "observac_1": null, "barrio": "VILLAMARINA", "parroquia_": 4, "barrio_id": 232, "proceso": 0, "fecha_regi": null, "activo_cat": "SI", "desactivad": 0, "avaluo_rem": 0.0, "avaluo_r_1": 0.0, "clasificac": "GENERAL", "anio_deuda": 2026, "deuda": 33.67, "valor_ip": 0.0, "coactiva": null, "ficharegis": 82918, "etam": 0.0718495379, "diferencia": -0.0090274266, "porc_difer": -4.66028e-05, "admisible": 1, "deuda_anio": 0.0, "2019_csv_c": null, "clavecat_1": null, "2021__csv_": null, "2021__csv1": null, "2022__csv_": "2-18-83-11-000", "2022__csv1": "012-25-05-2023", "Clavepre": "2-18-83-11-000", "RESOLUCION": "012-25-05-2023", "ORIG_FID": 103 }, "geometry": { "type": "Point", "coordinates": [ -80.66873943516535, -0.95948802945891 ] } },
{ "type": "Feature", "properties": { "id": 54976, "lote_id": 39879, "clavecatas": "2-18-83-12-000", "zona": "2", "sector": "18", "manzana": "83", "lote": "12", "ph": "000", "propietari": "DE LA CRUZ GOMEZ KELVIN STEEVEN -", "documentop": "2450760570", "direccion": "VILLAMARINA MZ Z5 LOTE - 12", "area_m2": 191.81, "frente_uti": 10.1, "frente_tot": 10.1, "avaluo_con": 38412.0, "avaluo_sue": 12467.65, "zonaurbano": "URBANA", "parroquia": "LOS ESTEROS", "esta_bloqu": "NO", "es_tercera": "NO", "tiene_elec": "SI", "tiene_agua": "SI", "tiene_alca": "NO", "observacio": "SE CORRIGE AREA DE ESTE CODIGO CON EL LISTADO DE PROCESO DE LEGALIZACION CON LA FICHA REGISTRAL 73844 EN BASE A LA INFORMACION TOMADA DEL SITIO POR LOS COMPAÑEROS 20/12/21 ARQ. LUPE LANDA..\r\nSE ACTUALIZA INFORMACIÓN CON ESCRITURA DE TRANSFERENCIA DE DO", "observac_1": null, "barrio": "VILLAMARINA", "parroquia_": 4, "barrio_id": 232, "proceso": 0, "fecha_regi": null, "activo_cat": "SI", "desactivad": 0, "avaluo_rem": 0.0, "avaluo_r_1": 0.0, "clasificac": "GENERAL", "anio_deuda": 2025, "deuda": 109.51, "valor_ip": 0.0, "coactiva": null, "ficharegis": 82917, "etam": 0.0722045187, "diferencia": -0.0098212779, "porc_difer": -5.12032e-05, "admisible": 1, "deuda_anio": 0.0, "2019_csv_c": null, "clavecat_1": null, "2021__csv_": null, "2021__csv1": null, "2022__csv_": "2-18-83-12-000", "2022__csv1": "012-25-05-2023", "Clavepre": "2-18-83-12-000", "RESOLUCION": "012-25-05-2023", "ORIG_FID": 104 }, "geometry": { "type": "Point", "coordinates": [ -80.668775967160471, -0.959572173436419 ] } },
{ "type": "Feature", "properties": { "id": 54977, "lote_id": 39880, "clavecatas": "2-18-83-13-000", "zona": "2", "sector": "18", "manzana": "83", "lote": "13", "ph": "000", "propietari": "AVILA SANTOS CECILIA ELIZABETH", "documentop": "1309156956", "direccion": "VILLAMARINA MZ Z5 LOTE - 13", "area_m2": 193.71, "frente_uti": 10.2, "frente_tot": 10.2, "avaluo_con": 6936.0, "avaluo_sue": 12591.15, "zonaurbano": "URBANA", "parroquia": "LOS ESTEROS", "esta_bloqu": "NO", "es_tercera": "NO", "tiene_elec": "SI", "tiene_agua": "SI", "tiene_alca": "NO", "observacio": "SE CORRIGE AREA DE ESTE CODIGO CON EL LISTADO DE PROCESO DE LEGALIZACION CON LA FICHA REGISTRAL 73844 EN BASE A LA INFORMACION TOMADA DEL SITIO POR LOS COMPAÑEROS 20/12/21 ARQ. LUPE LANDA..\r\nSE ACTUALIZA INFORMACIÓN CON ESCRITURA DE TRANSFERENCIA DE DO", "observac_1": null, "barrio": "VILLAMARINA", "parroquia_": 4, "barrio_id": 232, "proceso": 0, "fecha_regi": null, "activo_cat": "SI", "desactivad": 0, "avaluo_rem": 0.0, "avaluo_r_1": 0.0, "clasificac": "GENERAL", "anio_deuda": 0, "deuda": 0.0, "valor_ip": 0.0, "coactiva": null, "ficharegis": 82916, "etam": 0.0718495379, "diferencia": -0.0090273647, "porc_difer": -4.66025e-05, "admisible": 1, "deuda_anio": 0.0, "2019_csv_c": null, "clavecat_1": null, "2021__csv_": null, "2021__csv1": null, "2022__csv_": "2-18-83-13-000", "2022__csv1": "012-25-05-2023", "Clavepre": "2-18-83-13-000", "RESOLUCION": "012-25-05-2023", "ORIG_FID": 105 }, "geometry": { "type": "Point", "coordinates": [ -80.668812499156786, -0.959656317414134 ] } },
{ "type": "Feature", "properties": { "id": 54978, "lote_id": 100239, "clavecatas": "2-18-83-14-000", "zona": "2", "sector": "18", "manzana": "83", "lote": "14", "ph": "000", "propietari": "ZAMBRANO QUIROZ ARNULFO GREGORIO", "documentop": "1304879701", "direccion": "VILLAMARINA  MZ- Z5 LOTE - 14", "area_m2": 190.88, "frente_uti": 10.0, "frente_tot": 10.0, "avaluo_con": 3168.0, "avaluo_sue": 12407.2, "zonaurbano": "URBANA", "parroquia": "LOS ESTEROS", "esta_bloqu": "NO", "es_tercera": "NO", "tiene_elec": "NO", "tiene_agua": "NO", "tiene_alca": "NO", "observacio": "INGRESO NUEVO DEL LISTADO DE PROCESO DE LEGALIZACION CON LA FICHA REGISTRAL 73844 EN BASE A LA INFORMACION TOMADA DEL SITIO POR LOS COMPAÑEROS 20/12/21 ARQ. LUPE LANDA..\r\nSE ACTUALIZA INFORMACIÓN CON ESCRITURA DE TRANSFERENCIA DE DOMINIO POR EXPROPIACI", "observac_1": null, "barrio": "VILLAMARINA", "parroquia_": 4, "barrio_id": 232, "proceso": 0, "fecha_regi": null, "activo_cat": "SI", "desactivad": 0, "avaluo_rem": 0.0, "avaluo_r_1": 0.0, "clasificac": "GENERAL", "anio_deuda": 2025, "deuda": 55.38, "valor_ip": 0.0, "coactiva": null, "ficharegis": 82915, "etam": 0.0723802013, "diferencia": -0.0027589158, "porc_difer": -1.44537e-05, "admisible": 1, "deuda_anio": 31.59, "2019_csv_c": null, "clavecat_1": null, "2021__csv_": null, "2021__csv1": null, "2022__csv_": "2-18-83-14-000", "2022__csv1": "012-25-05-2023", "Clavepre": "2-18-83-14-000", "RESOLUCION": "012-25-05-2023", "ORIG_FID": 106 }, "geometry": { "type": "Point", "coordinates": [ -80.668849064484647, -0.959740196953408 ] } },
{ "type": "Feature", "properties": { "id": 54982, "lote_id": 39884, "clavecatas": "2-18-84-04-000", "zona": "2", "sector": "18", "manzana": "84", "lote": "04", "ph": "000", "propietari": "ZAMBRANO SANTANA CINTHYA NATALIA", "documentop": "1311874372", "direccion": "VILLLAMARINA MZ-Z4 LOTE 4", "area_m2": 186.16, "frente_uti": 10.3, "frente_tot": 10.3, "avaluo_con": 9862.4, "avaluo_sue": 12100.4, "zonaurbano": "URBANA", "parroquia": "LOS ESTEROS", "esta_bloqu": "NO", "es_tercera": "NO", "tiene_elec": "SI", "tiene_agua": "SI", "tiene_alca": "NO", "observacio": "SE INGRESA ESTE CODIGO CON EL LISTADO DE PROCESO DE LEGALIZACION EN BASE A LA FICHA REGISTRAL 73844, EN BASE A LA INFORMACION TOMADA EIN SITU.\r\nSE ACTUALIZA INFORMACIÓN CON ESCRITURA DE TRANSFERENCIA DE DOMINIO POR EXPROPIACIÓN INSCRITA EN EL REGISTRO", "observac_1": null, "barrio": "VILLAMARINA", "parroquia_": 4, "barrio_id": 232, "proceso": 0, "fecha_regi": null, "activo_cat": "SI", "desactivad": 0, "avaluo_rem": 0.0, "avaluo_r_1": 0.0, "clasificac": "GENERAL", "anio_deuda": 0, "deuda": 0.0, "valor_ip": 0.0, "coactiva": null, "ficharegis": 82888, "etam": 0.0732920408, "diferencia": 0.0711115507, "porc_difer": 0.0003819916, "admisible": 1, "deuda_anio": 0.0, "2019_csv_c": null, "clavecat_1": null, "2021__csv_": null, "2021__csv1": null, "2022__csv_": "2-18-84-04-000", "2022__csv1": "012-25-05-2023", "Clavepre": "2-18-84-04-000", "RESOLUCION": "012-25-05-2023", "ORIG_FID": 107 }, "geometry": { "type": "Point", "coordinates": [ -80.669280078096989, -0.959238590916709 ] } },
{ "type": "Feature", "properties": { "id": 54984, "lote_id": 39886, "clavecatas": "2-18-84-06-000", "zona": "2", "sector": "18", "manzana": "84", "lote": "06", "ph": "000", "propietari": "GOBIERNO AUTONOMO DESCENTRALIZADO MCPAL.DEL CANTON MANTA .", "documentop": "1360000980001", "direccion": "VILLAMARINA MZ-Z4 LOTE 6", "area_m2": 363.8, "frente_uti": 38.2, "frente_tot": 38.2, "avaluo_con": 18884.26, "avaluo_sue": 22346.42, "zonaurbano": "URBANA", "parroquia": "LOS ESTEROS", "esta_bloqu": "NO", "es_tercera": "NO", "tiene_elec": "SI", "tiene_agua": "SI", "tiene_alca": "NO", "observacio": "SE INGRESA ESTE CODIGO CON EL LISTADO DE PROCESO DE LEGALIZACION EN BASE A LA FICHA REGISTRAL 73844, EN BASE A LA INFORMACION TOMADA EIN SITU.\r\nSE ACTUALIZA INFORMACIÓN CON ESCRITURA DE TRANSFERENCIA DE DOMINIO POR EXPROPIACIÓN INSCRITA EN EL REGISTRO", "observac_1": null, "barrio": "VILLAMARINA", "parroquia_": 4, "barrio_id": 232, "proceso": 0, "fecha_regi": null, "activo_cat": "SI", "desactivad": 0, "avaluo_rem": 0.0, "avaluo_r_1": 0.0, "clasificac": "GENERAL", "anio_deuda": 2026, "deuda": 68.03, "valor_ip": 0.0, "coactiva": null, "ficharegis": 82890, "etam": 0.1572859419, "diferencia": -0.0014802093, "porc_difer": -4.0687e-06, "admisible": 1, "deuda_anio": 0.0, "2019_csv_c": null, "clavecat_1": null, "2021__csv_": null, "2021__csv1": null, "2022__csv_": "2-18-84-06-000", "2022__csv1": "012-25-05-2023", "Clavepre": "2-18-84-06-000", "RESOLUCION": "012-25-05-2023", "ORIG_FID": 108 }, "geometry": { "type": "Point", "coordinates": [ -80.669188658819024, -0.959031053174504 ] } },
{ "type": "Feature", "properties": { "id": 54986, "lote_id": 39888, "clavecatas": "2-18-84-08-000", "zona": "2", "sector": "18", "manzana": "84", "lote": "08", "ph": "000", "propietari": "MERO MENDOZA TANYA CATALINA", "documentop": "1304902719", "direccion": "VILLAMARINA MZ-Z4 LOTE 8 Y 9", "area_m2": 405.44, "frente_uti": 20.0, "frente_tot": 20.0, "avaluo_con": 26855.14, "avaluo_sue": 23718.24, "zonaurbano": "URBANA", "parroquia": "LOS ESTEROS", "esta_bloqu": "NO", "es_tercera": "NO", "tiene_elec": "SI", "tiene_agua": "SI", "tiene_alca": "NO", "observacio": "- POR DISPOSICION, SE ACTUALIZA AREA PORQUE SE UNIFICAN LOS CODIGOS 2188408000 Y 2188409000, POR PROCESO DE LEGALIZACION MEDIANTE EXPROPIACION ESPECIAL - 13/04/2023.SE ACTUALIZA INF CON ESCRITURA DE CVTA INSCRITA EN EL REG. DE LA PROPIEDAD.13/04/2023.AZP", "observac_1": null, "barrio": "VILLAMARINA", "parroquia_": 4, "barrio_id": 232, "proceso": 0, "fecha_regi": null, "activo_cat": "SI", "desactivad": 0, "avaluo_rem": 0.0, "avaluo_r_1": 0.0, "clasificac": "GENERAL", "anio_deuda": 2026, "deuda": 59.52, "valor_ip": 0.0, "coactiva": null, "ficharegis": 82799, "etam": 0.1489902875, "diferencia": -0.0087345348, "porc_difer": -2.15433e-05, "admisible": 1, "deuda_anio": 0.0, "2019_csv_c": null, "clavecat_1": null, "2021__csv_": null, "2021__csv1": null, "2022__csv_": "2-18-84-08-000", "2022__csv1": "079-05-10-2023", "Clavepre": "2-18-84-08-000", "RESOLUCION": "079-05-10-2023", "ORIG_FID": 109 }, "geometry": { "type": "Point", "coordinates": [ -80.669106482735287, -0.959264194960974 ] } },
{ "type": "Feature", "properties": { "id": 54991, "lote_id": 100166, "clavecatas": "2-18-84-13-000", "zona": "2", "sector": "18", "manzana": "84", "lote": "13", "ph": "000", "propietari": "DELGADO CHAVEZ GINGER VANESSA", "documentop": "1310313018", "direccion": "VILLAMARINA MZ Z4 LOTE -13", "area_m2": 195.0, "frente_uti": 29.5, "frente_tot": 29.5, "avaluo_con": 21813.12, "avaluo_sue": 11977.88, "zonaurbano": "URBANA", "parroquia": "TARQUI", "esta_bloqu": "NO", "es_tercera": "NO", "tiene_elec": "SI", "tiene_agua": "SI", "tiene_alca": "SI", "observacio": "SE INGRESA ESTE CODIGO CON EL LISTADO DE PROCESO DE LEGALIZACION EN BASE A LA FICHA REGISTRAL 73844, EN BASE A LA INFORMACION TOMADA EIN SITU.\r\nSE ACTUALIZA INFORMACIÓN CON ESCRITURA DE TRANSFERENCIA DE DOMINIO POR EXPROPIACIÓN INSCRITA EN EL REGISTRO", "observac_1": null, "barrio": "VILLAMARINA", "parroquia_": 3, "barrio_id": 232, "proceso": 0, "fecha_regi": null, "activo_cat": "SI", "desactivad": 0, "avaluo_rem": 0.0, "avaluo_r_1": 0.0, "clasificac": "GENERAL", "anio_deuda": 2026, "deuda": 59.11, "valor_ip": 0.0, "coactiva": null, "ficharegis": 82897, "etam": 0.0716114874, "diferencia": 0.0041761622, "porc_difer": 2.14162e-05, "admisible": 1, "deuda_anio": 0.0, "2019_csv_c": null, "clavecat_1": null, "2021__csv_": null, "2021__csv1": null, "2022__csv_": "2-18-84-13-000", "2022__csv1": "012-25-05-2023", "Clavepre": "2-18-84-13-000", "RESOLUCION": "012-25-05-2023", "ORIG_FID": 110 }, "geometry": { "type": "Point", "coordinates": [ -80.66901583219105, -0.959058274408986 ] } },
{ "type": "Feature", "properties": { "id": 54992, "lote_id": 39893, "clavecatas": "2-18-85-01-000", "zona": "2", "sector": "18", "manzana": "85", "lote": "01", "ph": "000", "propietari": "GOBIERNO AUTONOMO DESCENTRALIZADO MCPAL.DEL CANTON MANTA .", "documentop": "1360000980001", "direccion": "VIULLAMARINA MZ-Z3 LT. 01", "area_m2": 176.71, "frente_uti": 9.3, "frente_tot": 9.3, "avaluo_con": 13376.0, "avaluo_sue": 11486.15, "zonaurbano": "URBANA", "parroquia": "LOS ESTEROS", "esta_bloqu": "NO", "es_tercera": "NO", "tiene_elec": "SI", "tiene_agua": "SI", "tiene_alca": "NO", "observacio": "SE INGRESA ESTE CODIGO CON EL LISTADO DE PROCESO DE LEGALIZACION EN BASE A LA FICHA REGISTRAL 73844, EN BASE A LA INFORMACION TOMADA EIN SITU.\r\nSE ACTUALIZA INFORMACIÓN CON ESCRITURA DE TRANSFERENCIA DE DOMINIO POR EXPROPIACIÓN INSCRITA EN EL REGISTRO", "observac_1": null, "barrio": "VILLAMARINA", "parroquia_": 4, "barrio_id": 232, "proceso": 0, "fecha_regi": null, "activo_cat": "SI", "desactivad": 0, "avaluo_rem": 0.0, "avaluo_r_1": 0.0, "clasificac": "GENERAL", "anio_deuda": 2026, "deuda": 37.74, "valor_ip": 0.0, "coactiva": null, "ficharegis": 82876, "etam": 0.0752262541, "diferencia": -0.0001893981, "porc_difer": -1.0718e-06, "admisible": 1, "deuda_anio": 0.0, "2019_csv_c": null, "clavecat_1": null, "2021__csv_": null, "2021__csv1": null, "2022__csv_": "2-18-85-01-000", "2022__csv1": "012-25-05-2023", "Clavepre": "2-18-85-01-000", "RESOLUCION": "012-25-05-2023", "ORIG_FID": 111 }, "geometry": { "type": "Point", "coordinates": [ -80.669737211215164, -0.959233697475122 ] } },
{ "type": "Feature", "properties": { "id": 54996, "lote_id": 39897, "clavecatas": "2-18-85-05-000", "zona": "2", "sector": "18", "manzana": "85", "lote": "05", "ph": "000", "propietari": "ARAUZ MEDRANDA JAVIER ROBERTO", "documentop": "1309291282", "direccion": "VILLAMARINA MZ-Z3 LOTE 5", "area_m2": 388.62, "frente_uti": 10.0, "frente_tot": 0.0, "avaluo_con": 31804.02, "avaluo_sue": 22734.27, "zonaurbano": "URBANA", "parroquia": "LOS ESTEROS", "esta_bloqu": "NO", "es_tercera": "NO", "tiene_elec": "SI", "tiene_agua": "SI", "tiene_alca": "NO", "observacio": "- POR DISPOSICION, SE ACTUALIZA AREA POR UNIFICACION DEL CODIGO 2188508000, POR PROCESO DE LEGALIZACION MEDIANTE EXPROPIACION ESPECIAL - 13/04/2023.SE ACTUALIZA INF CON ESCRITURA DE CVTA INSCRITA EN EL REG. DE LA PROPIEDAD.13/04/2023.AZP SE ACTUALIZA INF", "observac_1": null, "barrio": "VILLAMARINA", "parroquia_": 4, "barrio_id": 232, "proceso": 0, "fecha_regi": null, "activo_cat": "SI", "desactivad": 0, "avaluo_rem": 0.0, "avaluo_r_1": 0.0, "clasificac": "GENERAL", "anio_deuda": 2025, "deuda": 141.13, "valor_ip": 0.0, "coactiva": null, "ficharegis": 83007, "etam": 0.1521803859, "diferencia": -0.0096269779, "porc_difer": -2.47722e-05, "admisible": 1, "deuda_anio": 76.0, "2019_csv_c": null, "clavecat_1": null, "2021__csv_": null, "2021__csv1": null, "2022__csv_": "2-18-85-05-000", "2022__csv1": "012-25-05-2023", "Clavepre": "2-18-85-05-000", "RESOLUCION": "012-25-05-2023", "ORIG_FID": 112 }, "geometry": { "type": "Point", "coordinates": [ -80.669549056442847, -0.959021587725651 ] } },
{ "type": "Feature", "properties": { "id": 55017, "lote_id": 100172, "clavecatas": "2-18-86-14-000", "zona": "2", "sector": "18", "manzana": "86", "lote": "14", "ph": "000", "propietari": "GOBIERNO AUTONOMO DESCENTRALIZADO MUNICIPAL DEL CANTON MANTA .", "documentop": "1360000980001", "direccion": "VILLAMARINA MZ Z2 LOTE- 14", "area_m2": 193.04, "frente_uti": 10.0, "frente_tot": 10.0, "avaluo_con": 9782.64, "avaluo_sue": 12547.6, "zonaurbano": "URBANA", "parroquia": "LOS ESTEROS", "esta_bloqu": "NO", "es_tercera": "NO", "tiene_elec": "SI", "tiene_agua": "SI", "tiene_alca": "SI", "observacio": "SE INGRESA ESTE CODIGO CON EL LISTADO DE PROCESO DE LEGALIZACION EN BASE A LA FICHA REGISTRAL 73844, EN BASE A LA INFORMACION TOMADA EIN SITU.\r\nSE ACTUALIZA INFORMACIÓN CON ESCRITURA DE TRANSFERENCIA DE DOMINIO POR EXPROPIACIÓN INSCRITA EN EL REGISTRO", "observac_1": null, "barrio": "VILLAMARINA", "parroquia_": 4, "barrio_id": 232, "proceso": 0, "fecha_regi": null, "activo_cat": "SI", "desactivad": 0, "avaluo_rem": 0.0, "avaluo_r_1": 0.0, "clasificac": "POR LEGALIZAR", "anio_deuda": 0, "deuda": 0.0, "valor_ip": 0.0, "coactiva": null, "ficharegis": 82852, "etam": 0.071974117, "diferencia": -0.0076761143, "porc_difer": -3.97644e-05, "admisible": 1, "deuda_anio": 0.0, "2019_csv_c": null, "clavecat_1": null, "2021__csv_": null, "2021__csv1": null, "2022__csv_": "2-18-86-14-000", "2022__csv1": "012-25-05-2023", "Clavepre": "2-18-86-14-000", "RESOLUCION": "012-25-05-2023", "ORIG_FID": 113 }, "geometry": { "type": "Point", "coordinates": [ -80.670234945076587, -0.959314093685389 ] } },
{ "type": "Feature", "properties": { "id": 55018, "lote_id": 100173, "clavecatas": "2-18-86-15-000", "zona": "2", "sector": "18", "manzana": "86", "lote": "15", "ph": "000", "propietari": "GOBIERNO AUTONOMO DESCENTRALIZADO MCPAL.DEL CANTON MANTA .", "documentop": "1360000980001", "direccion": "VILLAMARINA MZ Z2 LOTE- 15", "area_m2": 193.0, "frente_uti": 10.0, "frente_tot": 10.0, "avaluo_con": 7392.0, "avaluo_sue": 12545.0, "zonaurbano": "URBANA", "parroquia": "LOS ESTEROS", "esta_bloqu": "NO", "es_tercera": "NO", "tiene_elec": "SI", "tiene_agua": "SI", "tiene_alca": "SI", "observacio": "SE INGRESA ESTE CODIGO CON EL LISTADO DE PROCESO DE LEGALIZACION EN BASE A LA FICHA REGISTRAL 73844, EN BASE A LA INFORMACION TOMADA EIN SITU.\r\nSE ACTUALIZA INFORMACIÓN CON ESCRITURA DE TRANSFERENCIA DE DOMINIO POR EXPROPIACIÓN INSCRITA EN EL REGISTRO", "observac_1": null, "barrio": "VILLAMARINA", "parroquia_": 4, "barrio_id": 232, "proceso": 0, "fecha_regi": null, "activo_cat": "SI", "desactivad": 0, "avaluo_rem": 0.0, "avaluo_r_1": 0.0, "clasificac": "GENERAL", "anio_deuda": 2026, "deuda": 24.83, "valor_ip": 0.0, "coactiva": null, "ficharegis": 82854, "etam": 0.0719815751, "diferencia": -0.001336128, "porc_difer": -6.9229e-06, "admisible": 1, "deuda_anio": 0.0, "2019_csv_c": null, "clavecat_1": null, "2021__csv_": null, "2021__csv1": null, "2022__csv_": "2-18-86-15-000", "2022__csv1": "012-25-05-2023", "Clavepre": "2-18-86-15-000", "RESOLUCION": "012-25-05-2023", "ORIG_FID": 114 }, "geometry": { "type": "Point", "coordinates": [ -80.670162641937821, -0.959148423704383 ] } },
{ "type": "Feature", "properties": { "id": 55019, "lote_id": 100174, "clavecatas": "2-18-86-16-000", "zona": "2", "sector": "18", "manzana": "86", "lote": "16", "ph": "000", "propietari": "GOBIERNO AUTONOMO DESCENTRALIZADO MCPAL.DEL CANTON MANTA .", "documentop": "1360000980001", "direccion": "VILLAMARINA MZ Z2 LOTE - 16", "area_m2": 187.27, "frente_uti": 9.7, "frente_tot": 9.7, "avaluo_con": 7040.0, "avaluo_sue": 12172.55, "zonaurbano": "URBANA", "parroquia": "LOS ESTEROS", "esta_bloqu": "NO", "es_tercera": "NO", "tiene_elec": "SI", "tiene_agua": "SI", "tiene_alca": "SI", "observacio": "SE INGRESA ESTE CODIGO CON EL LISTADO DE PROCESO DE LEGALIZACION EN BASE A LA FICHA REGISTRAL 73844, EN BASE A LA INFORMACION TOMADA EIN SITU.\r\nSE ACTUALIZA INFORMACIÓN CON ESCRITURA DE TRANSFERENCIA DE DOMINIO POR EXPROPIACIÓN INSCRITA EN EL REGISTRO", "observac_1": null, "barrio": "VILLAMARINA", "parroquia_": 4, "barrio_id": 232, "proceso": 0, "fecha_regi": null, "activo_cat": "SI", "desactivad": 0, "avaluo_rem": 0.0, "avaluo_r_1": 0.0, "clasificac": "GENERAL", "anio_deuda": 2026, "deuda": 24.29, "valor_ip": 0.0, "coactiva": null, "ficharegis": 82856, "etam": 0.0730745071, "diferencia": 0.060266098, "porc_difer": 0.0003218139, "admisible": 1, "deuda_anio": 0.0, "2019_csv_c": null, "clavecat_1": null, "2021__csv_": null, "2021__csv1": null, "2022__csv_": "2-18-86-16-000", "2022__csv1": "012-25-05-2023", "Clavepre": "2-18-86-16-000", "RESOLUCION": "012-25-05-2023", "ORIG_FID": 115 }, "geometry": { "type": "Point", "coordinates": [ -80.670127032560842, -0.959066836357499 ] } },
{ "type": "Feature", "properties": { "id": 55020, "lote_id": 100175, "clavecatas": "2-18-86-17-000", "zona": "2", "sector": "18", "manzana": "86", "lote": "17", "ph": "000", "propietari": "GOBIERNO AUTONOMO DESCENTRALIZADO MCPAL.DEL CANTON MANTA .", "documentop": "1360000980001", "direccion": "VILLAMARINA MZ Z2 LOTE - 17", "area_m2": 193.0, "frente_uti": 10.0, "frente_tot": 10.0, "avaluo_con": 11264.0, "avaluo_sue": 12545.0, "zonaurbano": "URBANA", "parroquia": "LOS ESTEROS", "esta_bloqu": "NO", "es_tercera": "NO", "tiene_elec": "SI", "tiene_agua": "SI", "tiene_alca": "SI", "observacio": "SE INGRESA ESTE CODIGO CON EL LISTADO DE PROCESO DE LEGALIZACION EN BASE A LA FICHA REGISTRAL 73844, EN BASE A LA INFORMACION TOMADA EIN SITU.\r\nSE ACTUALIZA INFORMACIÓN CON ESCRITURA DE TRANSFERENCIA DE DOMINIO POR EXPROPIACIÓN INSCRITA EN EL REGISTRO", "observac_1": null, "barrio": "VILLAMARINA", "parroquia_": 4, "barrio_id": 232, "proceso": 0, "fecha_regi": null, "activo_cat": "SI", "desactivad": 0, "avaluo_rem": 0.0, "avaluo_r_1": 0.0, "clasificac": "GENERAL", "anio_deuda": 2026, "deuda": 29.17, "valor_ip": 0.0, "coactiva": null, "ficharegis": 82857, "etam": 0.0719815751, "diferencia": 0.0005486033, "porc_difer": 2.8425e-06, "admisible": 1, "deuda_anio": 0.0, "2019_csv_c": null, "clavecat_1": null, "2021__csv_": null, "2021__csv1": null, "2022__csv_": "2-18-86-17-000", "2022__csv1": "012-25-05-2023", "Clavepre": "2-18-86-17-000", "RESOLUCION": "012-25-05-2023", "ORIG_FID": 116 }, "geometry": { "type": "Point", "coordinates": [ -80.670091423032815, -0.958985248738874 ] } },
{ "type": "Feature", "properties": { "id": 55021, "lote_id": 100187, "clavecatas": "2-18-86-18-000", "zona": "2", "sector": "18", "manzana": "86", "lote": "18", "ph": "000", "propietari": "MERO BAZAN ALEXANDRA ISABEL", "documentop": "1311117673", "direccion": "VILLAMARINA MZ Z2 LOTE - 18", "area_m2": 197.3, "frente_uti": 10.2, "frente_tot": 10.2, "avaluo_con": 6776.0, "avaluo_sue": 12824.5, "zonaurbano": "URBANA", "parroquia": "LOS ESTEROS", "esta_bloqu": "NO", "es_tercera": "NO", "tiene_elec": "SI", "tiene_agua": "SI", "tiene_alca": "SI", "observacio": "SE INGRESA ESTE CODIGO CON EL LISTADO DE PROCESO DE LEGALIZACION EN BASE A LA FICHA REGISTRAL 73844, EN BASE A LA INFORMACION TOMADA EIN SITU.\r\nSE ACTUALIZA INFORMACIÓN CON ESCRITURA DE TRANSFERENCIA DE DOMINIO POR EXPROPIACIÓN INSCRITA EN EL REGISTRO", "observac_1": null, "barrio": "VILLAMARINA", "parroquia_": 4, "barrio_id": 232, "proceso": 0, "fecha_regi": null, "activo_cat": "SI", "desactivad": 0, "avaluo_rem": 0.0, "avaluo_r_1": 0.0, "clasificac": "GENERAL", "anio_deuda": 0, "deuda": 0.0, "valor_ip": 0.0, "coactiva": null, "ficharegis": 82858, "etam": 0.0711928628, "diferencia": -0.0035116739, "porc_difer": -1.77987e-05, "admisible": 1, "deuda_anio": 0.0, "2019_csv_c": null, "clavecat_1": null, "2021__csv_": null, "2021__csv1": null, "2022__csv_": "2-18-86-18-000", "2022__csv1": "012-25-05-2023", "Clavepre": "2-18-86-18-000", "RESOLUCION": "012-25-05-2023", "ORIG_FID": 117 }, "geometry": { "type": "Point", "coordinates": [ -80.670054808407841, -0.958901521422077 ] } },
{ "type": "Feature", "properties": { "id": 55022, "lote_id": 100179, "clavecatas": "2-18-86-19-000", "zona": "2", "sector": "18", "manzana": "86", "lote": "19", "ph": "000", "propietari": "MORALES ARCE DANNA VALENTINA", "documentop": "1351073638", "direccion": "VILLAMARINA MZ Z2 LOTE - 19", "area_m2": 198.79, "frente_uti": 10.3, "frente_tot": 10.3, "avaluo_con": 22809.6, "avaluo_sue": 12921.35, "zonaurbano": "URBANA", "parroquia": "LOS ESTEROS", "esta_bloqu": "NO", "es_tercera": "NO", "tiene_elec": "SI", "tiene_agua": "SI", "tiene_alca": "SI", "observacio": "SE INGRESA ESTE CODIGO CON EL LISTADO DE PROCESO DE LEGALIZACION EN BASE A LA FICHA REGISTRAL 73844, EN BASE A LA INFORMACION TOMADA EIN SITU.\r\nSE ACTUALIZA INFORMACIÓN CON ESCRITURA DE TRANSFERENCIA DE DOMINIO POR EXPROPIACIÓN INSCRITA EN EL REGISTRO", "observac_1": null, "barrio": "VILLAMARINA", "parroquia_": 4, "barrio_id": 232, "proceso": 0, "fecha_regi": null, "activo_cat": "SI", "desactivad": 0, "avaluo_rem": 0.0, "avaluo_r_1": 0.0, "clasificac": "GENERAL", "anio_deuda": 0, "deuda": 0.0, "valor_ip": 0.0, "coactiva": null, "ficharegis": 82861, "etam": 0.0709255534, "diferencia": -0.0015646024, "porc_difer": -7.8706e-06, "admisible": 1, "deuda_anio": 0.0, "2019_csv_c": null, "clavecat_1": null, "2021__csv_": null, "2021__csv1": null, "2022__csv_": "2-18-86-19-000", "2022__csv1": "079-05-10-2023", "Clavepre": "2-18-86-19-000", "RESOLUCION": "079-05-10-2023", "ORIG_FID": 118 }, "geometry": { "type": "Point", "coordinates": [ -80.670017769805582, -0.958816499348 ] } },
{ "type": "Feature", "properties": { "id": 55023, "lote_id": 100180, "clavecatas": "2-18-86-20-000", "zona": "2", "sector": "18", "manzana": "86", "lote": "20", "ph": "000", "propietari": "GOBIERNO AUTONOMO DESCENTRALIZADO MCPAL.DEL CANTON MANTA .", "documentop": "1360000980001", "direccion": "VILLAMARINA MZ Z2 LOTE - 20", "area_m2": 191.58, "frente_uti": 10.0, "frente_tot": 10.0, "avaluo_con": 50500.36, "avaluo_sue": 11207.43, "zonaurbano": "URBANA", "parroquia": "LOS ESTEROS", "esta_bloqu": "NO", "es_tercera": "NO", "tiene_elec": "SI", "tiene_agua": "SI", "tiene_alca": "SI", "observacio": "SE INGRESA ESTE CODIGO CON EL LISTADO DE PROCESO DE LEGALIZACION EN BASE A LA FICHA REGISTRAL 73844, EN BASE A LA INFORMACION TOMADA EIN SITU.\r\nSE ACTUALIZA INFORMACIÓN CON ESCRITURA DE TRANSFERENCIA DE DOMINIO POR EXPROPIACIÓN INSCRITA EN EL REGISTRO", "observac_1": null, "barrio": "VILLAMARINA", "parroquia_": 4, "barrio_id": 232, "proceso": 0, "fecha_regi": null, "activo_cat": "SI", "desactivad": 0, "avaluo_rem": 0.0, "avaluo_r_1": 0.0, "clasificac": "GENERAL", "anio_deuda": 2026, "deuda": 70.95, "valor_ip": 0.0, "coactiva": null, "ficharegis": 82862, "etam": 0.072247848, "diferencia": -0.0068360542, "porc_difer": -3.56825e-05, "admisible": 1, "deuda_anio": 0.0, "2019_csv_c": null, "clavecat_1": null, "2021__csv_": null, "2021__csv1": null, "2022__csv_": "2-18-86-20-000", "2022__csv1": "012-25-05-2023", "Clavepre": "2-18-86-20-000", "RESOLUCION": "012-25-05-2023", "ORIG_FID": 119 }, "geometry": { "type": "Point", "coordinates": [ -80.669981404087167, -0.958732642935176 ] } },
{ "type": "Feature", "properties": { "id": 55024, "lote_id": 100153, "clavecatas": "2-18-86-21-000", "zona": "2", "sector": "18", "manzana": "86", "lote": "21", "ph": "000", "propietari": "URIBE BAÑOL LUZ MARY", "documentop": "1312218793", "direccion": "VILLAMARINA MZ Z2 LOTE - 21", "area_m2": 193.0, "frente_uti": 29.3, "frente_tot": 29.3, "avaluo_con": 27065.64, "avaluo_sue": 11855.03, "zonaurbano": "URBANA", "parroquia": "LOS ESTEROS", "esta_bloqu": "NO", "es_tercera": "NO", "tiene_elec": "SI", "tiene_agua": "SI", "tiene_alca": "SI", "observacio": "SE INGRESA ESTE CODIGO CON EL LISTADO DE PROCESO DE LEGALIZACION EN BASE A LA FICHA REGISTRAL 73844, EN BASE A LA INFORMACION TOMADA EIN SITU.\r\nSE ACTUALIZA INFORMACIÓN CON ESCRITURA DE TRANSFERENCIA DE DOMINIO POR EXPROPIACIÓN INSCRITA EN EL REGISTRO", "observac_1": null, "barrio": "VILLAMARINA", "parroquia_": 4, "barrio_id": 232, "proceso": 0, "fecha_regi": null, "activo_cat": "SI", "desactivad": 0, "avaluo_rem": 0.0, "avaluo_r_1": 0.0, "clasificac": "GENERAL", "anio_deuda": 2026, "deuda": 58.9, "valor_ip": 0.0, "coactiva": null, "ficharegis": 82863, "etam": 0.0719815751, "diferencia": 0.0040564365, "porc_difer": 2.10178e-05, "admisible": 1, "deuda_anio": 0.0, "2019_csv_c": null, "clavecat_1": null, "2021__csv_": null, "2021__csv1": null, "2022__csv_": "2-18-86-21-000", "2022__csv1": "012-25-05-2023", "Clavepre": "2-18-86-21-000", "RESOLUCION": "012-25-05-2023", "ORIG_FID": 120 }, "geometry": { "type": "Point", "coordinates": [ -80.669945287397084, -0.958650156834052 ] } },
{ "type": "Feature", "properties": { "id": 55025, "lote_id": 100154, "clavecatas": "2-18-86-22-000", "zona": "2", "sector": "18", "manzana": "86", "lote": "22", "ph": "000", "propietari": "BRIONES PALACIOS ANTONIO NEMECIO DE LOS SANTOS .", "documentop": "1300770979", "direccion": "VILLAMARINA MZ Z2 LOTE - 22", "area_m2": 389.36, "frente_uti": 39.5, "frente_tot": 39.5, "avaluo_con": 25907.2, "avaluo_sue": 23916.44, "zonaurbano": "URBANA", "parroquia": "LOS ESTEROS", "esta_bloqu": "NO", "es_tercera": "NO", "tiene_elec": "SI", "tiene_agua": "SI", "tiene_alca": "SI", "observacio": "SE INGRESA ESTE CODIGO CON EL LISTADO DE PROCESO DE LEGALIZACION EN BASE A LA FICHA REGISTRAL 73844, EN BASE A LA INFORMACION TOMADA EIN SITU.\r\nSE ACTUALIZA INFORMACIÓN CON ESCRITURA DE TRANSFERENCIA DE DOMINIO POR EXPROPIACIÓN INSCRITA EN EL REGISTRO", "observac_1": null, "barrio": "VILLAMARINA", "parroquia_": 4, "barrio_id": 232, "proceso": 0, "fecha_regi": null, "activo_cat": "SI", "desactivad": 0, "avaluo_rem": 0.0, "avaluo_r_1": 0.0, "clasificac": "GENERAL", "anio_deuda": 2023, "deuda": 86.2, "valor_ip": 0.0, "coactiva": null, "ficharegis": 82864, "etam": 0.1520357035, "diferencia": -0.0883213791, "porc_difer": -0.0002268373, "admisible": 1, "deuda_anio": 2.06, "2019_csv_c": null, "clavecat_1": null, "2021__csv_": null, "2021__csv1": null, "2022__csv_": "2-18-86-22-000", "2022__csv1": "012-25-05-2023", "Clavepre": "2-18-86-22-000", "RESOLUCION": "012-25-05-2023", "ORIG_FID": 121 }, "geometry": { "type": "Point", "coordinates": [ -80.669807005042586, -0.958764167951906 ] } },
{ "type": "Feature", "properties": { "id": 55026, "lote_id": 100155, "clavecatas": "2-18-86-23-000", "zona": "2", "sector": "18", "manzana": "86", "lote": "23", "ph": "000", "propietari": "SANCHEZ MERA ALEXANDRA STELLA", "documentop": "1306304138", "direccion": "VILLAMARINA MZ Z2 LOTE-23", "area_m2": 569.21, "frente_uti": 29.9, "frente_tot": 29.9, "avaluo_con": 50090.48, "avaluo_sue": 36998.65, "zonaurbano": "URBANA", "parroquia": "LOS ESTEROS", "esta_bloqu": "NO", "es_tercera": "NO", "tiene_elec": "SI", "tiene_agua": "SI", "tiene_alca": "SI", "observacio": "SE INGRESA ESTE CODIGO CON EL LISTADO DE PROCESO DE LEGALIZACION EN BASE A LA FICHA REGISTRAL 73844, EN BASE A LA INFORMACION TOMADA EIN SITU.\r\nSE ACTUALIZA INFORMACIÓN CON ESCRITURA DE TRANSFERENCIA DE DOMINIO POR EXPROPIACIÓN INSCRITA EN EL REGISTRO", "observac_1": null, "barrio": "VILLAMARINA", "parroquia_": 4, "barrio_id": 232, "proceso": 0, "fecha_regi": null, "activo_cat": "SI", "desactivad": 0, "avaluo_rem": 0.0, "avaluo_r_1": 0.0, "clasificac": "GENERAL", "anio_deuda": 0, "deuda": 0.0, "valor_ip": 0.0, "coactiva": null, "ficharegis": 82865, "etam": 0.1676577875, "diferencia": -0.0073750563, "porc_difer": -1.29567e-05, "admisible": 1, "deuda_anio": 0.0, "2019_csv_c": null, "clavecat_1": null, "2021__csv_": null, "2021__csv1": null, "2022__csv_": "2-18-86-23-000", "2022__csv1": "012-25-05-2023", "Clavepre": "2-18-86-23-000", "RESOLUCION": "012-25-05-2023", "ORIG_FID": 122 }, "geometry": { "type": "Point", "coordinates": [ -80.669898150945428, -0.958973128596683 ] } },
{ "type": "Feature", "properties": { "id": 55029, "lote_id": 39917, "clavecatas": "2-18-87-01-000", "zona": "2", "sector": "18", "manzana": "87", "lote": "01", "ph": "000", "propietari": "CUSME PONCE ALEXIO SALVADOR", "documentop": "1308768132", "direccion": "VILLAMARINA MZ- Z1 LOTE - 01 Y 02", "area_m2": 507.23, "frente_uti": 26.4, "frente_tot": 26.4, "avaluo_con": 9856.0, "avaluo_sue": 29672.96, "zonaurbano": "URBANA", "parroquia": "LOS ESTEROS", "esta_bloqu": "NO", "es_tercera": "NO", "tiene_elec": "SI", "tiene_agua": "SI", "tiene_alca": "NO", "observacio": "SE CORRIGE AREA DE ESTE CODIGO CON EL LISTADO DE PROCESO DE LEGALIZACION CON LA FICHA REGISTRAL 73844 EN BASE A LA INFORMACION TOMADA DEL SITIO POR LOS COMPAÑEROS 20/12/21 ARQ. LUPE LANDA.. - POR DISPOSICION SE ACTUALIZA POR UNIFICACION CON AREA DEL COD", "observac_1": null, "barrio": "VILLAMARINA", "parroquia_": 4, "barrio_id": 232, "proceso": 0, "fecha_regi": null, "activo_cat": "SI", "desactivad": 0, "avaluo_rem": 0.0, "avaluo_r_1": 0.0, "clasificac": "GENERAL", "anio_deuda": 0, "deuda": 0.0, "valor_ip": 0.0, "coactiva": null, "ficharegis": 83001, "etam": 0.1776059559, "diferencia": -0.0015035459, "porc_difer": -2.9642e-06, "admisible": 1, "deuda_anio": 0.0, "2019_csv_c": null, "clavecat_1": null, "2021__csv_": null, "2021__csv1": null, "2022__csv_": "2-18-87-01-000", "2022__csv1": "012-25-05-2023", "Clavepre": "2-18-87-01-000", "RESOLUCION": "012-25-05-2023", "ORIG_FID": 123 }, "geometry": { "type": "Point", "coordinates": [ -80.670589569198896, -0.959048102803002 ] } },
{ "type": "Feature", "properties": { "id": 55032, "lote_id": 39920, "clavecatas": "2-18-87-04-000", "zona": "2", "sector": "18", "manzana": "87", "lote": "04", "ph": "000", "propietari": "ARTEAGA TORRES JUAN JESUS", "documentop": "0400963906", "direccion": "VILLAMARINA MZ - 87 LOTE - 04", "area_m2": 186.96, "frente_uti": 9.9, "frente_tot": 9.9, "avaluo_con": 11453.81, "avaluo_sue": 12152.4, "zonaurbano": "URBANA", "parroquia": "LOS ESTEROS", "esta_bloqu": "NO", "es_tercera": "NO", "tiene_elec": "SI", "tiene_agua": "SI", "tiene_alca": "NO", "observacio": "SE CORRIGE AREA DE ESTE CODIGO CON EL LISTADO DE PROCESO DE LEGALIZACION CON LA FICHA REGISTRAL 73844 EN BASE A LA INFORMACION TOMADA DEL SITIO POR LOS COMPAÑEROS 20/12/21 ARQ. LUPE LANDA..\r\nSE ACTUALIZA INFORMACIÓN CON ESCRITURA DE TRANSFERENCIA DE DO", "observac_1": null, "barrio": "VILLAMARINA", "parroquia_": 4, "barrio_id": 232, "proceso": 0, "fecha_regi": null, "activo_cat": "SI", "desactivad": 0, "avaluo_rem": 0.0, "avaluo_r_1": 0.0, "clasificac": "GENERAL", "anio_deuda": 2026, "deuda": 38.87, "valor_ip": 0.0, "coactiva": null, "ficharegis": 82936, "etam": 0.0731350648, "diferencia": -0.0008469636, "porc_difer": -4.5302e-06, "admisible": 1, "deuda_anio": 0.0, "2019_csv_c": null, "clavecat_1": null, "2021__csv_": null, "2021__csv1": null, "2022__csv_": "2-18-87-04-000", "2022__csv1": "012-25-05-2023", "Clavepre": "2-18-87-04-000", "RESOLUCION": "012-25-05-2023", "ORIG_FID": 124 }, "geometry": { "type": "Point", "coordinates": [ -80.670646945678413, -0.958543927741163 ] } },
{ "type": "Feature", "properties": { "id": 55040, "lote_id": 39928, "clavecatas": "2-18-87-12-000", "zona": "2", "sector": "18", "manzana": "87", "lote": "12", "ph": "000", "propietari": "MORALES URIBE HECTOR ALONSO", "documentop": "1312323221", "direccion": "VILLAMARINA MZ- Z1 LOTE 12", "area_m2": 194.94, "frente_uti": 10.0, "frente_tot": 10.0, "avaluo_con": 12701.92, "avaluo_sue": 12671.1, "zonaurbano": "URBANA", "parroquia": "LOS ESTEROS", "esta_bloqu": "NO", "es_tercera": "NO", "tiene_elec": "SI", "tiene_agua": "SI", "tiene_alca": "NO", "observacio": "SE INGRESA ESTE CODIGO CON EL LISTADO DE PROCESO DE LEGALIZACION EN BASE A LA FICHA REGISTRAL 73844, EN BASE A LA INFORMACION TOMADA EIN SITU.\r\nSE ACTUALIZA INFORMACIÓN CON ESCRITURA DE TRANSFERENCIA DE DOMINIO POR EXPROPIACIÓN INSCRITA EN EL REGISTRO", "observac_1": null, "barrio": "VILLAMARINA", "parroquia_": 4, "barrio_id": 232, "proceso": 0, "fecha_regi": null, "activo_cat": "SI", "desactivad": 0, "avaluo_rem": 0.0, "avaluo_r_1": 0.0, "clasificac": "GENERAL", "anio_deuda": 0, "deuda": 0.0, "valor_ip": 0.0, "coactiva": null, "ficharegis": 82848, "etam": 0.0716225071, "diferencia": -0.0039482234, "porc_difer": -2.02535e-05, "admisible": 1, "deuda_anio": 0.0, "2019_csv_c": null, "clavecat_1": null, "2021__csv_": null, "2021__csv1": null, "2022__csv_": "2-18-87-12-000", "2022__csv1": "012-25-05-2023", "Clavepre": "2-18-87-12-000", "RESOLUCION": "012-25-05-2023", "ORIG_FID": 125 }, "geometry": { "type": "Point", "coordinates": [ -80.670323964292777, -0.958881620771048 ] } },
{ "type": "Feature", "properties": { "id": 55048, "lote_id": 39935, "clavecatas": "2-18-88-01-000", "zona": "2", "sector": "18", "manzana": "88", "lote": "01", "ph": "000", "propietari": "ARCE AVILA XIOMARA MONSERRATE", "documentop": "1312109703", "direccion": "VILLAMARINA MZ Z6 LOTE - 1", "area_m2": 385.56, "frente_uti": 39.3, "frente_tot": 39.3, "avaluo_con": 24864.0, "avaluo_sue": 23683.02, "zonaurbano": "URBANA", "parroquia": "LOS ESTEROS", "esta_bloqu": "NO", "es_tercera": "NO", "tiene_elec": "SI", "tiene_agua": "SI", "tiene_alca": "NO", "observacio": "SE CORRIGE AREA DE ESTE CODIGO CON EL LISTADO DE PROCESO DE LEGALIZACION CON LA FICHA REGISTRAL 73844 EN BASE A LA INFORMACION TOMADA DEL SITIO POR LOS COMPAÑEROS 21/12/21 ARQ. LUPE LANDA..\r\nSE ACTUALIZA INFORMACIÓN CON ESCRITURA DE TRANSFERENCIA DE DO", "observac_1": null, "barrio": "VILLAMARINA", "parroquia_": 4, "barrio_id": 232, "proceso": 0, "fecha_regi": null, "activo_cat": "SI", "desactivad": 0, "avaluo_rem": 0.0, "avaluo_r_1": 0.0, "clasificac": "GENERAL", "anio_deuda": 2026, "deuda": 75.56, "valor_ip": 0.0, "coactiva": null, "ficharegis": 82946, "etam": 0.1527830828, "diferencia": -0.0225412184, "porc_difer": -5.84636e-05, "admisible": 1, "deuda_anio": 0.0, "2019_csv_c": null, "clavecat_1": null, "2021__csv_": null, "2021__csv1": null, "2022__csv_": "2-18-88-01-000", "2022__csv1": "012-25-05-2023", "Clavepre": "2-18-88-01-000", "RESOLUCION": "012-25-05-2023", "ORIG_FID": 126 }, "geometry": { "type": "Point", "coordinates": [ -80.670239957359826, -0.958265845302895 ] } },
{ "type": "Feature", "properties": { "id": 55050, "lote_id": 39937, "clavecatas": "2-18-88-03-000", "zona": "2", "sector": "18", "manzana": "88", "lote": "03", "ph": "000", "propietari": "GOBIERNO AUTONOMO DESCENTRALIZADO MCPAL.DEL CANTON MANTA .", "documentop": "1360000980001", "direccion": "VILLAMARINA MZ Z6 LOTE - 03", "area_m2": 274.37, "frente_uti": 37.4, "frente_tot": 37.4, "avaluo_con": 20510.56, "avaluo_sue": 16010.52, "zonaurbano": "URBANA", "parroquia": "LOS ESTEROS", "esta_bloqu": "NO", "es_tercera": "NO", "tiene_elec": "SI", "tiene_agua": "SI", "tiene_alca": "NO", "observacio": "SE CORRIGE AREA DE ESTE CODIGO CON EL LISTADO DE PROCESO DE LEGALIZACION CON LA FICHA REGISTRAL 73844 EN BASE A LA INFORMACION TOMADA DEL SITIO POR LOS COMPAÑEROS 21/12/21 ARQ. LUPE LANDA..\r\nSE ACTUALIZA INFORMACIÓN CON ESCRITURA DE TRANSFERENCIA DE DO", "observac_1": null, "barrio": "VILLAMARINA", "parroquia_": 4, "barrio_id": 232, "proceso": 0, "fecha_regi": null, "activo_cat": "SI", "desactivad": 0, "avaluo_rem": 0.0, "avaluo_r_1": 0.0, "clasificac": "GENERAL", "anio_deuda": 2026, "deuda": 57.44, "valor_ip": 0.0, "coactiva": null, "ficharegis": 82948, "etam": 0.1207429227, "diferencia": -0.0041454864, "porc_difer": -1.51091e-05, "admisible": 1, "deuda_anio": 0.0, "2019_csv_c": null, "clavecat_1": null, "2021__csv_": null, "2021__csv1": null, "2022__csv_": "2-18-88-03-000", "2022__csv1": "012-25-05-2023", "Clavepre": "2-18-88-03-000", "RESOLUCION": "012-25-05-2023", "ORIG_FID": 127 }, "geometry": { "type": "Point", "coordinates": [ -80.66997918594501, -0.958115495643823 ] } },
{ "type": "Feature", "properties": { "id": 55051, "lote_id": 39938, "clavecatas": "2-18-88-04-000", "zona": "2", "sector": "18", "manzana": "88", "lote": "04", "ph": "000", "propietari": "GOBIERNO AUTONOMO DESCENTRALIZADO MCPAL.DEL CANTON MANTA .", "documentop": "1360000980001", "direccion": "VILLAMARINA MZ - Z6 LOTE - 4", "area_m2": 186.73, "frente_uti": 9.8, "frente_tot": 9.8, "avaluo_con": 16662.91, "avaluo_sue": 12137.45, "zonaurbano": "URBANA", "parroquia": "LOS ESTEROS", "esta_bloqu": "NO", "es_tercera": "NO", "tiene_elec": "SI", "tiene_agua": "SI", "tiene_alca": "NO", "observacio": "SE CORRIGE AREA DE ESTE CODIGO CON EL LISTADO DE PROCESO DE LEGALIZACION CON LA FICHA REGISTRAL 73844 EN BASE A LA INFORMACION TOMADA DEL SITIO POR LOS COMPAÑEROS 21/12/21 ARQ. LUPE LANDA..\r\nSE ACTUALIZA INFORMACIÓN CON ESCRITURA DE TRANSFERENCIA DE DO", "observac_1": null, "barrio": "VILLAMARINA", "parroquia_": 4, "barrio_id": 232, "proceso": 0, "fecha_regi": null, "activo_cat": "SI", "desactivad": 0, "avaluo_rem": 0.0, "avaluo_r_1": 0.0, "clasificac": "GENERAL", "anio_deuda": 2026, "deuda": 42.78, "valor_ip": 0.0, "coactiva": null, "ficharegis": 82949, "etam": 0.073180092, "diferencia": -0.0051842645, "porc_difer": -2.77634e-05, "admisible": 1, "deuda_anio": 0.0, "2019_csv_c": null, "clavecat_1": null, "2021__csv_": null, "2021__csv1": null, "2022__csv_": "2-18-88-04-000", "2022__csv1": "012-25-05-2023", "Clavepre": "2-18-88-04-000", "RESOLUCION": "012-25-05-2023", "ORIG_FID": 128 }, "geometry": { "type": "Point", "coordinates": [ -80.670030879683026, -0.958213667953626 ] } },
{ "type": "Feature", "properties": { "id": 55052, "lote_id": 39939, "clavecatas": "2-18-88-05-000", "zona": "2", "sector": "18", "manzana": "88", "lote": "05", "ph": "000", "propietari": "GOBIERNO AUTONOMO DESCENTRALIZADO MCPAL.DEL CANTON MANTA .", "documentop": "1360000980001", "direccion": "VILLAMARINA MZ - Z6 LOTE - 5", "area_m2": 189.84, "frente_uti": 10.0, "frente_tot": 10.0, "avaluo_con": 35835.05, "avaluo_sue": 12339.6, "zonaurbano": "URBANA", "parroquia": "LOS ESTEROS", "esta_bloqu": "NO", "es_tercera": "NO", "tiene_elec": "SI", "tiene_agua": "SI", "tiene_alca": "NO", "observacio": "SE CORRIGE AREA DE ESTE CODIGO CON EL LISTADO DE PROCESO DE LEGALIZACION CON LA FICHA REGISTRAL 73844 EN BASE A LA INFORMACION TOMADA DEL SITIO POR LOS COMPAÑEROS 21/12/21 ARQ. LUPE LANDA..\r\nSE ACTUALIZA INFORMACIÓN CON ESCRITURA DE TRANSFERENCIA DE DO", "observac_1": null, "barrio": "VILLAMARINA", "parroquia_": 4, "barrio_id": 232, "proceso": 0, "fecha_regi": null, "activo_cat": "SI", "desactivad": 0, "avaluo_rem": 0.0, "avaluo_r_1": 0.0, "clasificac": "GENERAL", "anio_deuda": 2026, "deuda": 45.41, "valor_ip": 0.0, "coactiva": null, "ficharegis": 82950, "etam": 0.0725781907, "diferencia": -0.0030978443, "porc_difer": -1.63182e-05, "admisible": 1, "deuda_anio": 0.0, "2019_csv_c": null, "clavecat_1": null, "2021__csv_": null, "2021__csv1": null, "2022__csv_": "2-18-88-05-000", "2022__csv1": "012-25-05-2023", "Clavepre": "2-18-88-05-000", "RESOLUCION": "012-25-05-2023", "ORIG_FID": 129 }, "geometry": { "type": "Point", "coordinates": [ -80.67006643992012, -0.958295882502775 ] } },
{ "type": "Feature", "properties": { "id": 55053, "lote_id": 39940, "clavecatas": "2-18-88-06-000", "zona": "2", "sector": "18", "manzana": "88", "lote": "06", "ph": "000", "propietari": "PONCE CARREÑO GLORIA MARIA", "documentop": "1311684524", "direccion": "VILLAMARINA MZ Z6 LOTE - 6", "area_m2": 94.91, "frente_uti": 5.0, "frente_tot": 5.0, "avaluo_con": 6336.0, "avaluo_sue": 6169.15, "zonaurbano": "URBANA", "parroquia": "LOS ESTEROS", "esta_bloqu": "NO", "es_tercera": "NO", "tiene_elec": "SI", "tiene_agua": "SI", "tiene_alca": "NO", "observacio": "SE CORRIGE AREA DE ESTE CODIGO CON EL LISTADO DE PROCESO DE LEGALIZACION CON LA FICHA REGISTRAL 73844 EN BASE A LA INFORMACION TOMADA DEL SITIO POR LOS COMPAÑEROS 21/12/21 ARQ. LUPE LANDA..\r\nSE ACTUALIZA INFORMACIÓN CON ESCRITURA DE TRANSFERENCIA DE DO", "observac_1": null, "barrio": "VILLAMARINA", "parroquia_": 4, "barrio_id": 232, "proceso": 0, "fecha_regi": null, "activo_cat": "SI", "desactivad": 0, "avaluo_rem": 0.0, "avaluo_r_1": 0.0, "clasificac": "GENERAL", "anio_deuda": 2005, "deuda": 2067.8, "valor_ip": 0.0, "coactiva": "SEGUNDA NOTIFICACION", "ficharegis": 82951, "etam": 0.1, "diferencia": 3.51103e-05, "porc_difer": 3.699e-07, "admisible": 1, "deuda_anio": 2041.75, "2019_csv_c": null, "clavecat_1": null, "2021__csv_": null, "2021__csv1": null, "2022__csv_": "2-18-88-06-000", "2022__csv1": "012-25-05-2023", "Clavepre": "2-18-88-06-000", "RESOLUCION": "012-25-05-2023", "ORIG_FID": 130 }, "geometry": { "type": "Point", "coordinates": [ -80.670091882763785, -0.958358716996269 ] } },
{ "type": "Feature", "properties": { "id": 55054, "lote_id": 39941, "clavecatas": "2-18-88-07-000", "zona": "2", "sector": "18", "manzana": "88", "lote": "07", "ph": "000", "propietari": "GOBIERNO AUTONOMO DESCENTRALIZADO MCPAL.DEL CANTON MANTA .", "documentop": "1360000980001", "direccion": "VILLAMARINA MZ Z6 LOTE - 7", "area_m2": 96.79, "frente_uti": 24.1, "frente_tot": 24.1, "avaluo_con": 6336.0, "avaluo_sue": 6605.92, "zonaurbano": "URBANA", "parroquia": "LOS ESTEROS", "esta_bloqu": "NO", "es_tercera": "NO", "tiene_elec": "SI", "tiene_agua": "SI", "tiene_alca": "NO", "observacio": "SE CORRIGE AREA DE ESTE CODIGO CON EL LISTADO DE PROCESO DE LEGALIZACION CON LA FICHA REGISTRAL 73844 EN BASE A LA INFORMACION TOMADA DEL SITIO POR LOS COMPAÑEROS 21/12/21 ARQ. LUPE LANDA..\r\nSE ACTUALIZA INFORMACIÓN CON ESCRITURA DE TRANSFERENCIA DE DO", "observac_1": null, "barrio": "VILLAMARINA", "parroquia_": 4, "barrio_id": 232, "proceso": 0, "fecha_regi": null, "activo_cat": "SI", "desactivad": 0, "avaluo_rem": 0.0, "avaluo_r_1": 0.0, "clasificac": "GENERAL", "anio_deuda": 2026, "deuda": 34.94, "valor_ip": 0.0, "coactiva": "SEGUNDA NOTIFICACION", "ficharegis": 82952, "etam": 0.1, "diferencia": -0.0050458056, "porc_difer": -5.21315e-05, "admisible": 1, "deuda_anio": 0.0, "2019_csv_c": null, "clavecat_1": null, "2021__csv_": null, "2021__csv1": null, "2022__csv_": "2-18-88-07-000", "2022__csv1": "012-25-05-2023", "Clavepre": "2-18-88-07-000", "RESOLUCION": "012-25-05-2023", "ORIG_FID": 131 }, "geometry": { "type": "Point", "coordinates": [ -80.670109018035404, -0.958401025054021 ] } },
{ "type": "Feature", "properties": { "id": 55055, "lote_id": 39942, "clavecatas": "2-18-88-08-000", "zona": "2", "sector": "18", "manzana": "88", "lote": "08", "ph": "000", "propietari": "FLORES MERO ALEXANDRA CECILIA", "documentop": "1307868552", "direccion": "VILLAMARINA MZ 88 LOTE -08", "area_m2": 383.51, "frente_uti": 10.2, "frente_tot": 47.8, "avaluo_con": 11494.56, "avaluo_sue": 21201.39, "zonaurbano": "URBANA", "parroquia": "LOS ESTEROS", "esta_bloqu": "NO", "es_tercera": "NO", "tiene_elec": "SI", "tiene_agua": "SI", "tiene_alca": "NO", "observacio": "SE CORRIGE AREA DE ESTE CODIGO CON EL LISTADO DE PROCESO DE LEGALIZACION CON LA FICHA REGISTRAL 73844 EN BASE A LA INFORMACION TOMADA DEL SITIO POR LOS COMPAÑEROS 20/12/21 ARQ. LUPE LANDA..\r\nSE ACTUALIZA INFORMACIÓN CON ESCRITURA DE TRANSFERENCIA DE DO", "observac_1": null, "barrio": "VILLAMARINA", "parroquia_": 4, "barrio_id": 232, "proceso": 0, "fecha_regi": null, "activo_cat": "SI", "desactivad": 0, "avaluo_rem": 0.0, "avaluo_r_1": 0.0, "clasificac": "GENERAL", "anio_deuda": 0, "deuda": 0.0, "valor_ip": 0.0, "coactiva": null, "ficharegis": 82941, "etam": 0.1531908791, "diferencia": 0.0018322141, "porc_difer": 4.7775e-06, "admisible": 1, "deuda_anio": 0.0, "2019_csv_c": null, "clavecat_1": null, "2021__csv_": null, "2021__csv1": null, "2022__csv_": "2-18-88-08-000", "2022__csv1": "079-05-10-2023", "Clavepre": "2-18-88-08-000", "RESOLUCION": "079-05-10-2023", "ORIG_FID": 132 }, "geometry": { "type": "Point", "coordinates": [ -80.670558408901542, -0.958178211994851 ] } },
{ "type": "Feature", "properties": { "id": 55056, "lote_id": 39943, "clavecatas": "2-18-88-09-000", "zona": "2", "sector": "18", "manzana": "88", "lote": "09", "ph": "000", "propietari": "PACHECO MENDOZA MARTHA CECILIA", "documentop": "1308817491", "direccion": "VILLAMARINA MZ- 88 LOTE -09", "area_m2": 855.46, "frente_uti": 29.6, "frente_tot": 29.6, "avaluo_con": 3533.84, "avaluo_sue": 42787.97, "zonaurbano": "URBANA", "parroquia": "LOS ESTEROS", "esta_bloqu": "NO", "es_tercera": "NO", "tiene_elec": "SI", "tiene_agua": "SI", "tiene_alca": "NO", "observacio": "SE CORRIGE AREA DE ESTE CODIGO CON EL LISTADO DE PROCESO DE LEGALIZACION CON LA FICHA REGISTRAL 73844 EN BASE A LA INFORMACION TOMADA DEL SITIO POR LOS COMPAÑEROS 20/12/21 ARQ. LUPE LANDA..\r\nSE ACTUALIZA INFORMACIÓN CON ESCRITURA DE TRANSFERENCIA DE DO", "observac_1": null, "barrio": "VILLAMARINA", "parroquia_": 4, "barrio_id": 232, "proceso": 0, "fecha_regi": null, "activo_cat": "SI", "desactivad": 0, "avaluo_rem": 0.0, "avaluo_r_1": 0.0, "clasificac": "GENERAL", "anio_deuda": 0, "deuda": 0.0, "valor_ip": 0.0, "coactiva": null, "ficharegis": 82943, "etam": 0.1367603292, "diferencia": -0.0005215942, "porc_difer": -6.097e-07, "admisible": 1, "deuda_anio": 0.0, "2019_csv_c": null, "clavecat_1": null, "2021__csv_": null, "2021__csv1": null, "2022__csv_": "2-18-88-09-000", "2022__csv1": "079-05-10-2023", "Clavepre": "2-18-88-09-000", "RESOLUCION": "079-05-10-2023", "ORIG_FID": 133 }, "geometry": { "type": "Point", "coordinates": [ -80.670485987868602, -0.958045097923924 ] } },
{ "type": "Feature", "properties": { "id": 55057, "lote_id": 39944, "clavecatas": "2-18-88-10-000", "zona": "2", "sector": "18", "manzana": "88", "lote": "10", "ph": "000", "propietari": "PONCE PONCE JESUS MANUEL", "documentop": "1308611811", "direccion": "VILLAMARINA MZ 88 LOTE - 10", "area_m2": 608.7, "frente_uti": 31.0, "frente_tot": 31.0, "avaluo_con": 15670.51, "avaluo_sue": 32048.06, "zonaurbano": "URBANA", "parroquia": "LOS ESTEROS", "esta_bloqu": "NO", "es_tercera": "NO", "tiene_elec": "SI", "tiene_agua": "SI", "tiene_alca": "NO", "observacio": "SE CORRIGE AREA DE ESTE CODIGO CON EL LISTADO DE PROCESO DE LEGALIZACION CON LA FICHA REGISTRAL 73844 EN BASE A LA INFORMACION TOMADA DEL SITIO POR LOS COMPAÑEROS 20/12/21 ARQ. LUPE LANDA..\r\nSE ACTUALIZA INFORMACIÓN CON ESCRITURA DE TRANSFERENCIA DE DO", "observac_1": null, "barrio": "VILLAMARINA", "parroquia_": 4, "barrio_id": 232, "proceso": 0, "fecha_regi": null, "activo_cat": "SI", "desactivad": 0, "avaluo_rem": 0.0, "avaluo_r_1": 0.0, "clasificac": "GENERAL", "anio_deuda": 2026, "deuda": 62.65, "valor_ip": 0.0, "coactiva": null, "ficharegis": 82942, "etam": 0.1621281176, "diferencia": -0.0013486982, "porc_difer": -2.2157e-06, "admisible": 1, "deuda_anio": 0.0, "2019_csv_c": null, "clavecat_1": null, "2021__csv_": null, "2021__csv1": null, "2022__csv_": "2-18-88-10-000", "2022__csv1": "012-25-05-2023", "Clavepre": "2-18-88-10-000", "RESOLUCION": "012-25-05-2023", "ORIG_FID": 134 }, "geometry": { "type": "Point", "coordinates": [ -80.670818835215854, -0.958025058744926 ] } },
{ "type": "Feature", "properties": { "id": 55058, "lote_id": 100188, "clavecatas": "2-18-88-11-000", "zona": "2", "sector": "18", "manzana": "88", "lote": "11", "ph": "000", "propietari": "GOBIERNO AUTONOMO DESCENTRALIZADO MCPAL.DEL CANTON MANTA .", "documentop": "1360000980001", "direccion": "VILLAMARINA MZ- 88 LOTE -11", "area_m2": 55.85, "frente_uti": 5.0, "frente_tot": 5.0, "avaluo_con": 15727.36, "avaluo_sue": 3267.23, "zonaurbano": "URBANA", "parroquia": "LOS ESTEROS", "esta_bloqu": "NO", "es_tercera": "NO", "tiene_elec": "NO", "tiene_agua": "NO", "tiene_alca": "NO", "observacio": "INGRESO NUEVO DEL LISTADO EN EL PROCESO DE LEGALIZACION CON LA FICHA REGISTRAL 73844 EN BASE A LA INFORMACION TOMADA DEL SITIO POR LOS COMPAÑEROS 21/12/21 ARQ. LUPE LANDA..\r\nSE ACTUALIZA INFORMACIÓN CON ESCRITURA DE TRANSFERENCIA DE DOMINIO POR EXPROPI", "observac_1": null, "barrio": "VILLAMARINA", "parroquia_": 4, "barrio_id": 232, "proceso": 0, "fecha_regi": null, "activo_cat": "SI", "desactivad": 0, "avaluo_rem": 0.0, "avaluo_r_1": 0.0, "clasificac": "PROPIEDADES MUNICIPALES", "anio_deuda": 0, "deuda": 0.0, "valor_ip": 0.0, "coactiva": null, "ficharegis": 82944, "etam": 0.1, "diferencia": 0.2373219949, "porc_difer": 0.0042492748, "admisible": 1, "deuda_anio": 0.0, "2019_csv_c": null, "clavecat_1": null, "2021__csv_": null, "2021__csv1": null, "2022__csv_": "2-18-88-11-000", "2022__csv1": "012-25-05-2023", "Clavepre": "2-18-88-11-000", "RESOLUCION": "012-25-05-2023", "ORIG_FID": 135 }, "geometry": { "type": "Point", "coordinates": [ -80.671008584039384, -0.958003625545681 ] } },
{ "type": "Feature", "properties": { "id": 55059, "lote_id": 100190, "clavecatas": "2-18-88-12-000", "zona": "2", "sector": "18", "manzana": "88", "lote": "12", "ph": "000", "propietari": "GOBIERNO AUTONOMO DESCENTRALIZADO MCPAL.DEL CANTON MANTA .", "documentop": "1360000980001", "direccion": "VILLAMARINA MZ- 88 LOTE - 12", "area_m2": 121.98, "frente_uti": 20.85, "frente_tot": 20.85, "avaluo_con": 16782.96, "avaluo_sue": 6422.25, "zonaurbano": "URBANA", "parroquia": "LOS ESTEROS", "esta_bloqu": "NO", "es_tercera": "NO", "tiene_elec": "NO", "tiene_agua": "NO", "tiene_alca": "NO", "observacio": "INGRESO NUEVO DEL LISTADO EN EL PROCESO DE LEGALIZACION CON LA FICHA REGISTRAL 73844 EN BASE A LA INFORMACION TOMADA DEL SITIO POR LOS COMPAÑEROS 21/12/21 ARQ. LUPE LANDA..\r\nSE ACTUALIZA INFORMACIÓN CON ESCRITURA DE TRANSFERENCIA DE DOMINIO POR EXPROPI", "observac_1": null, "barrio": "VILLAMARINA", "parroquia_": 4, "barrio_id": 232, "proceso": 0, "fecha_regi": null, "activo_cat": "SI", "desactivad": 0, "avaluo_rem": 0.0, "avaluo_r_1": 0.0, "clasificac": "GENERAL", "anio_deuda": 2026, "deuda": 36.8, "valor_ip": 0.0, "coactiva": null, "ficharegis": 82945, "etam": 0.0905431679, "diferencia": 0.0004027498, "porc_difer": 3.3018e-06, "admisible": 1, "deuda_anio": 0.0, "2019_csv_c": null, "clavecat_1": null, "2021__csv_": null, "2021__csv1": null, "2022__csv_": "2-18-88-12-000", "2022__csv1": "012-25-05-2023", "Clavepre": "2-18-88-12-000", "RESOLUCION": "012-25-05-2023", "ORIG_FID": 136 }, "geometry": { "type": "Point", "coordinates": [ -80.671100548523384, -0.958001412148379 ] } },
{ "type": "Feature", "properties": { "id": 55060, "lote_id": 39945, "clavecatas": "2-18-89-01-000", "zona": "2", "sector": "18", "manzana": "89", "lote": "01", "ph": "000", "propietari": "MERO ARAUZ KLEBER ANTONIO", "documentop": "1303277055", "direccion": "VILLAMARINA MZ Z7 LOTE - 1", "area_m2": 198.81, "frente_uti": 28.8, "frente_tot": 28.8, "avaluo_con": 6057.22, "avaluo_sue": 12211.9, "zonaurbano": "URBANA", "parroquia": "LOS ESTEROS", "esta_bloqu": "NO", "es_tercera": "NO", "tiene_elec": "SI", "tiene_agua": "SI", "tiene_alca": "NO", "observacio": "SE CORRIGE AREA DE ESTE CODIGO CON EL LISTADO DE PROCESO DE LEGALIZACION CON LA FICHA REGISTRAL 73844 EN BASE A LA INFORMACION TOMADA DEL SITIO POR LOS COMPAÑEROS 21/12/21 ARQ. LUPE LANDA..\r\nSE ACTUALIZA INFORMACIÓN CON ESCRITURA DE TRANSFERENCIA DE DO", "observac_1": null, "barrio": "VILLAMARINA", "parroquia_": 4, "barrio_id": 232, "proceso": 0, "fecha_regi": null, "activo_cat": "SI", "desactivad": 0, "avaluo_rem": 0.0, "avaluo_r_1": 0.0, "clasificac": "GENERAL", "anio_deuda": 2026, "deuda": 48.45, "valor_ip": 0.0, "coactiva": null, "ficharegis": 82955, "etam": 0.0709219858, "diferencia": 8.9909238270999996, "porc_difer": 0.0452237002, "admisible": 1, "deuda_anio": 0.0, "2019_csv_c": null, "clavecat_1": null, "2021__csv_": null, "2021__csv1": null, "2022__csv_": "2-18-89-01-000", "2022__csv1": "012-25-05-2023", "Clavepre": "2-18-89-01-000", "RESOLUCION": "012-25-05-2023", "ORIG_FID": 137 }, "geometry": { "type": "Point", "coordinates": [ -80.66971456399196, -0.958548950371298 ] } },
{ "type": "Feature", "properties": { "id": 55061, "lote_id": 39946, "clavecatas": "2-18-89-02-000", "zona": "2", "sector": "18", "manzana": "89", "lote": "02", "ph": "000", "propietari": "GOBIERNO AUTONOMO DESCENTRALIZADO MCPAL.DEL CANTON MANTA .", "documentop": "1360000980001", "direccion": "VILLAMARINA MZ Z7 LOTE - 2", "area_m2": 198.9, "frente_uti": 29.7, "frente_tot": 29.7, "avaluo_con": 18757.38, "avaluo_sue": 13574.93, "zonaurbano": "URBANA", "parroquia": "LOS ESTEROS", "esta_bloqu": "NO", "es_tercera": "NO", "tiene_elec": "SI", "tiene_agua": "SI", "tiene_alca": "NO", "observacio": "SE CORRIGE AREA DE ESTE CODIGO CON EL LISTADO DE PROCESO DE LEGALIZACION CON LA FICHA REGISTRAL 73844 EN BASE A LA INFORMACION TOMADA DEL SITIO POR LOS COMPAÑEROS 21/12/21 ARQ. LUPE LANDA..\r\nSE ACTUALIZA INFORMACIÓN CON ESCRITURA DE TRANSFERENCIA DE DO", "observac_1": null, "barrio": "VILLAMARINA", "parroquia_": 4, "barrio_id": 232, "proceso": 0, "fecha_regi": null, "activo_cat": "SI", "desactivad": 0, "avaluo_rem": 0.0, "avaluo_r_1": 0.0, "clasificac": "GENERAL", "anio_deuda": 2026, "deuda": 53.96, "valor_ip": 0.0, "coactiva": null, "ficharegis": 82953, "etam": 0.0709059383, "diferencia": 0.0018417629, "porc_difer": 9.2597e-06, "admisible": 1, "deuda_anio": 0.0, "2019_csv_c": null, "clavecat_1": null, "2021__csv_": null, "2021__csv1": null, "2022__csv_": "2-18-89-02-000", "2022__csv1": "012-25-05-2023", "Clavepre": "2-18-89-02-000", "RESOLUCION": "012-25-05-2023", "ORIG_FID": 138 }, "geometry": { "type": "Point", "coordinates": [ -80.669871165830685, -0.958479309358563 ] } },
{ "type": "Feature", "properties": { "id": 55111, "lote_id": 39994, "clavecatas": "2-18-92-13-000", "zona": "2", "sector": "18", "manzana": "92", "lote": "13", "ph": "000", "propietari": "GOBIERNO AUTONOMO DESCENTRALIZADO MUNICIPAL DEL CANTON MANTA .", "documentop": "1360000980001", "direccion": "VILLAMARINA MZ-V1 LOTE - 13", "area_m2": 190.0, "frente_uti": 10.0, "frente_tot": 10.0, "avaluo_con": 9754.8, "avaluo_sue": 15200.0, "zonaurbano": "URBANA", "parroquia": "LOS ESTEROS", "esta_bloqu": "NO", "es_tercera": "NO", "tiene_elec": "SI", "tiene_agua": "SI", "tiene_alca": "NO", "observacio": "SE PROCEDE A ACTUALIZAR AREA POR PROCESO DE LEGALIZACION.\r\nSE ACTUALIZA INFORMACIÓN CON ESCRITURA DE TRANSFERENCIA DE DOMINIO POR EXPROPIACIÓN INSCRITA EN EL REGISTRO DE LA PROPIEDAD 18 DE ABRIL DEL 2023 YUBER ORTEGA", "observac_1": null, "barrio": "VILLAMARINA", "parroquia_": 4, "barrio_id": 232, "proceso": 0, "fecha_regi": null, "activo_cat": "SI", "desactivad": 0, "avaluo_rem": 0.0, "avaluo_r_1": 0.0, "clasificac": "POR LEGALIZAR", "anio_deuda": 0, "deuda": 0.0, "valor_ip": 0.0, "coactiva": null, "ficharegis": 82798, "etam": 0.072547625, "diferencia": 0.0005762461, "porc_difer": 3.0329e-06, "admisible": 1, "deuda_anio": 0.0, "2019_csv_c": null, "clavecat_1": null, "2021__csv_": null, "2021__csv1": null, "2022__csv_": "2-18-92-13-000", "2022__csv1": "012-25-05-2023", "Clavepre": "2-18-92-13-000", "RESOLUCION": "012-25-05-2023", "ORIG_FID": 139 }, "geometry": { "type": "Point", "coordinates": [ -80.671549955492097, -0.960570661122848 ] } },
{ "type": "Feature", "properties": { "id": 55064, "lote_id": 39949, "clavecatas": "2-18-89-05-000", "zona": "2", "sector": "18", "manzana": "89", "lote": "05", "ph": "000", "propietari": "ANCHUNDIA VELEZ JOSE BENIGNO", "documentop": "1311112625", "direccion": "VILLAMARINA MZ Z7 LOTE - 5", "area_m2": 189.69, "frente_uti": 10.2, "frente_tot": 10.2, "avaluo_con": 8484.08, "avaluo_sue": 12329.85, "zonaurbano": "URBANA", "parroquia": "LOS ESTEROS", "esta_bloqu": "NO", "es_tercera": "NO", "tiene_elec": "SI", "tiene_agua": "SI", "tiene_alca": "NO", "observacio": "SE CORRIGE AREA DE ESTE CODIGO CON EL LISTADO DE PROCESO DE LEGALIZACION CON LA FICHA REGISTRAL 73844 EN BASE A LA INFORMACION TOMADA DEL SITIO POR LOS COMPAÑEROS 21/12/21 ARQ. LUPE LANDA..\r\nSE ACTUALIZA INFORMACIÓN CON ESCRITURA DE TRANSFERENCIA DE DO", "observac_1": null, "barrio": "VILLAMARINA", "parroquia_": 4, "barrio_id": 232, "proceso": 0, "fecha_regi": null, "activo_cat": "SI", "desactivad": 0, "avaluo_rem": 0.0, "avaluo_r_1": 0.0, "clasificac": "GENERAL", "anio_deuda": 2026, "deuda": 46.26, "valor_ip": 0.0, "coactiva": null, "ficharegis": 82958, "etam": 0.0726068811, "diferencia": -0.0022549312, "porc_difer": -1.18875e-05, "admisible": 1, "deuda_anio": 0.0, "2019_csv_c": null, "clavecat_1": null, "2021__csv_": null, "2021__csv1": null, "2022__csv_": "2-18-89-05-000", "2022__csv1": "012-25-05-2023", "Clavepre": "2-18-89-05-000", "RESOLUCION": "012-25-05-2023", "ORIG_FID": 140 }, "geometry": { "type": "Point", "coordinates": [ -80.669607336238286, -0.958295966663433 ] } },
{ "type": "Feature", "properties": { "id": 55065, "lote_id": 39950, "clavecatas": "2-18-89-06-000", "zona": "2", "sector": "18", "manzana": "89", "lote": "06", "ph": "000", "propietari": "ANCHUNDIA VELIZ BENITO ANTONIO", "documentop": "1307754158", "direccion": "VILLAMARINA MZ Z7 LOTE - 6", "area_m2": 189.75, "frente_uti": 10.2, "frente_tot": 10.2, "avaluo_con": 31183.87, "avaluo_sue": 12333.75, "zonaurbano": "URBANA", "parroquia": "LOS ESTEROS", "esta_bloqu": "NO", "es_tercera": "NO", "tiene_elec": "SI", "tiene_agua": "SI", "tiene_alca": "NO", "observacio": "SE CORRIGE AREA DE ESTE CODIGO CON EL LISTADO DE PROCESO DE LEGALIZACION CON LA FICHA REGISTRAL 73844 EN BASE A LA INFORMACION TOMADA DEL SITIO POR LOS COMPAÑEROS 21/12/21 ARQ. LUPE LANDA..\r\nSE ACTUALIZA INFORMACIÓN CON ESCRITURA DE TRANSFERENCIA DE DO", "observac_1": null, "barrio": "VILLAMARINA", "parroquia_": 4, "barrio_id": 232, "proceso": 0, "fecha_regi": null, "activo_cat": "SI", "desactivad": 0, "avaluo_rem": 0.0, "avaluo_r_1": 0.0, "clasificac": "GENERAL", "anio_deuda": 0, "deuda": 0.0, "valor_ip": 0.0, "coactiva": null, "ficharegis": 82957, "etam": 0.0725954009, "diferencia": -0.0018060533, "porc_difer": -9.5181e-06, "admisible": 1, "deuda_anio": 0.0, "2019_csv_c": null, "clavecat_1": null, "2021__csv_": null, "2021__csv1": null, "2022__csv_": "2-18-89-06-000", "2022__csv1": "012-25-05-2023", "Clavepre": "2-18-89-06-000", "RESOLUCION": "012-25-05-2023", "ORIG_FID": 141 }, "geometry": { "type": "Point", "coordinates": [ -80.669642398353034, -0.958381246749163 ] } },
{ "type": "Feature", "properties": { "id": 55067, "lote_id": 39952, "clavecatas": "2-18-89-08-000", "zona": "2", "sector": "18", "manzana": "89", "lote": "08", "ph": "000", "propietari": "CUSME PONCE ROSA ALBERTINA", "documentop": "1308861952", "direccion": "VILLAMARINA MZ Z7 LOTE - 8", "area_m2": 639.56, "frente_uti": 50.0, "frente_tot": 50.0, "avaluo_con": 9024.0, "avaluo_sue": 43649.97, "zonaurbano": "URBANA", "parroquia": "LOS ESTEROS", "esta_bloqu": "NO", "es_tercera": "NO", "tiene_elec": "SI", "tiene_agua": "SI", "tiene_alca": "NO", "observacio": "SE CORRIGE AREA DE ESTE CODIGO CON EL LISTADO DE PROCESO DE LEGALIZACION CON LA FICHA REGISTRAL 73844 EN BASE A LA INFORMACION TOMADA DEL SITIO POR LOS COMPAÑEROS 21/12/21 ARQ. LUPE LANDA..\r\nSE ACTUALIZA INFORMACIÓN CON ESCRITURA DE TRANSFERENCIA DE DO", "observac_1": null, "barrio": "VILLAMARINA", "parroquia_": 4, "barrio_id": 232, "proceso": 0, "fecha_regi": null, "activo_cat": "SI", "desactivad": 0, "avaluo_rem": 0.0, "avaluo_r_1": 0.0, "clasificac": "GENERAL", "anio_deuda": 2023, "deuda": 363.15, "valor_ip": 0.0, "coactiva": null, "ficharegis": 82954, "etam": 0.1581682627, "diferencia": 13.309796265899999, "porc_difer": 0.0208108641, "admisible": 1, "deuda_anio": 265.01, "2019_csv_c": null, "clavecat_1": null, "2021__csv_": null, "2021__csv1": null, "2022__csv_": "2-18-89-08-000", "2022__csv1": "012-25-05-2023", "Clavepre": "2-18-89-08-000", "RESOLUCION": "012-25-05-2023", "ORIG_FID": 142 }, "geometry": { "type": "Point", "coordinates": [ -80.669759625644474, -0.958224127207788 ] } },
{ "type": "Feature", "properties": { "id": 55069, "lote_id": 39954, "clavecatas": "2-18-90-01-000", "zona": "2", "sector": "18", "manzana": "90", "lote": "01", "ph": "000", "propietari": "CEDEÑO VILELA PABLO ANTONIO", "documentop": "1311513954", "direccion": "VILLAMARINA MZ Z8 LOTE - 1", "area_m2": 186.19, "frente_uti": 28.8, "frente_tot": 28.8, "avaluo_con": 13377.62, "avaluo_sue": 12707.47, "zonaurbano": "URBANA", "parroquia": "LOS ESTEROS", "esta_bloqu": "NO", "es_tercera": "NO", "tiene_elec": "NO", "tiene_agua": "NO", "tiene_alca": "NO", "observacio": "SE CORRIGE AREA DE ESTE CODIGO CON EL LISTADO DE PROCESO DE LEGALIZACION CON LA FICHA REGISTRAL 73844 EN BASE A LA INFORMACION TOMADA DEL SITIO POR LOS COMPAÑEROS 21/12/21 ARQ. LUPE LANDA..\r\nSE ACTUALIZA INFORMACIÓN CON ESCRITURA DE TRANSFERENCIA DE DO", "observac_1": null, "barrio": "VILLAMARINA", "parroquia_": 4, "barrio_id": 232, "proceso": 0, "fecha_regi": null, "activo_cat": "SI", "desactivad": 0, "avaluo_rem": 0.0, "avaluo_r_1": 0.0, "clasificac": "GENERAL", "anio_deuda": 0, "deuda": 0.0, "valor_ip": 0.0, "coactiva": null, "ficharegis": 82960, "etam": 0.073286136, "diferencia": -0.0093716184, "porc_difer": -5.03336e-05, "admisible": 1, "deuda_anio": 0.0, "2019_csv_c": null, "clavecat_1": null, "2021__csv_": null, "2021__csv1": null, "2022__csv_": "2-18-90-01-000", "2022__csv1": "012-25-05-2023", "Clavepre": "2-18-90-01-000", "RESOLUCION": "012-25-05-2023", "ORIG_FID": 143 }, "geometry": { "type": "Point", "coordinates": [ -80.66949328569946, -0.958650503389843 ] } },
{ "type": "Feature", "properties": { "id": 55070, "lote_id": 39955, "clavecatas": "2-18-90-02-000", "zona": "2", "sector": "18", "manzana": "90", "lote": "02", "ph": "000", "propietari": "GOBIERNO AUTONOMO DESCENTRALIZADO MCPAL.DEL CANTON MANTA .", "documentop": "1360000980001", "direccion": "VILLARINA MZ Z8 LOTE - 2", "area_m2": 189.52, "frente_uti": 10.0, "frente_tot": 10.0, "avaluo_con": 20995.04, "avaluo_sue": 16677.76, "zonaurbano": "URBANA", "parroquia": "LOS ESTEROS", "esta_bloqu": "NO", "es_tercera": "NO", "tiene_elec": "NO", "tiene_agua": "NO", "tiene_alca": "NO", "observacio": "SE CORRIGE AREA DE ESTE CODIGO CON EL LISTADO DE PROCESO DE LEGALIZACION CON LA FICHA REGISTRAL 73844 EN BASE A LA INFORMACION TOMADA DEL SITIO POR LOS COMPAÑEROS 21/12/21 ARQ. LUPE LANDA..\r\nSE ACTUALIZA INFORMACIÓN CON ESCRITURA DE TRANSFERENCIA DE DO", "observac_1": null, "barrio": "VILLAMARINA", "parroquia_": 4, "barrio_id": 232, "proceso": 0, "fecha_regi": null, "activo_cat": "SI", "desactivad": 0, "avaluo_rem": 0.0, "avaluo_r_1": 0.0, "clasificac": "GENERAL", "anio_deuda": 2026, "deuda": 43.44, "valor_ip": 0.0, "coactiva": null, "ficharegis": 82961, "etam": 0.0726394381, "diferencia": -0.009900833, "porc_difer": -5.22416e-05, "admisible": 1, "deuda_anio": 0.0, "2019_csv_c": null, "clavecat_1": null, "2021__csv_": null, "2021__csv1": null, "2022__csv_": "2-18-90-02-000", "2022__csv1": "012-25-05-2023", "Clavepre": "2-18-90-02-000", "RESOLUCION": "012-25-05-2023", "ORIG_FID": 144 }, "geometry": { "type": "Point", "coordinates": [ -80.669457309455566, -0.958568706341723 ] } },
{ "type": "Feature", "properties": { "id": 55072, "lote_id": 39957, "clavecatas": "2-18-90-04-000", "zona": "2", "sector": "18", "manzana": "90", "lote": "04", "ph": "000", "propietari": "GOBIERNO AUTONOMO DESCENTRALIZADO MCPAL.DEL CANTON MANTA .", "documentop": "1360000980001", "direccion": "VILLARINA MZ Z8 LOTE - 4", "area_m2": 190.0, "frente_uti": 10.0, "frente_tot": 10.0, "avaluo_con": 4851.44, "avaluo_sue": 16720.0, "zonaurbano": "URBANA", "parroquia": "LOS ESTEROS", "esta_bloqu": "NO", "es_tercera": "NO", "tiene_elec": "NO", "tiene_agua": "NO", "tiene_alca": "NO", "observacio": "SE CORRIGE AREA DE ESTE CODIGO CON EL LISTADO DE PROCESO DE LEGALIZACION CON LA FICHA REGISTRAL 73844 EN BASE A LA INFORMACION TOMADA DEL SITIO POR LOS COMPAÑEROS 21/12/21 ARQ. LUPE LANDA..\r\nSE ACTUALIZA INFORMACIÓN CON ESCRITURA DE TRANSFERENCIA DE DO", "observac_1": null, "barrio": "VILLAMARINA", "parroquia_": 4, "barrio_id": 232, "proceso": 0, "fecha_regi": null, "activo_cat": "SI", "desactivad": 0, "avaluo_rem": 0.0, "avaluo_r_1": 0.0, "clasificac": "GENERAL", "anio_deuda": 2026, "deuda": 34.21, "valor_ip": 0.0, "coactiva": null, "ficharegis": 82962, "etam": 0.072547625, "diferencia": 0.0012568024, "porc_difer": 6.6147e-06, "admisible": 1, "deuda_anio": 0.0, "2019_csv_c": null, "clavecat_1": null, "2021__csv_": null, "2021__csv1": null, "2022__csv_": "2-18-90-04-000", "2022__csv1": "012-25-05-2023", "Clavepre": "2-18-90-04-000", "RESOLUCION": "012-25-05-2023", "ORIG_FID": 145 }, "geometry": { "type": "Point", "coordinates": [ -80.669384389941285, -0.95840344205415 ] } },
{ "type": "Feature", "properties": { "id": 55073, "lote_id": 39958, "clavecatas": "2-18-90-05-000", "zona": "2", "sector": "18", "manzana": "90", "lote": "05", "ph": "000", "propietari": "CABAL SORNOZA MABEL DEL ROSARIO", "documentop": "1309503702", "direccion": "VILLAMARINA MZ Z8 LOTE - 5", "area_m2": 190.0, "frente_uti": 10.0, "frente_tot": 10.0, "avaluo_con": 23689.66, "avaluo_sue": 12350.0, "zonaurbano": "URBANA", "parroquia": "LOS ESTEROS", "esta_bloqu": "NO", "es_tercera": "NO", "tiene_elec": "NO", "tiene_agua": "NO", "tiene_alca": "NO", "observacio": "SE CORRIGE AREA DE ESTE CODIGO CON EL LISTADO DE PROCESO DE LEGALIZACION CON LA FICHA REGISTRAL 73844 EN BASE A LA INFORMACION TOMADA DEL SITIO POR LOS COMPAÑEROS 21/12/21 ARQ. LUPE LANDA..\r\nSE ACTUALIZA INFORMACIÓN CON ESCRITURA DE TRANSFERENCIA DE DO", "observac_1": null, "barrio": "VILLAMARINA", "parroquia_": 4, "barrio_id": 232, "proceso": 0, "fecha_regi": null, "activo_cat": "SI", "desactivad": 0, "avaluo_rem": 0.0, "avaluo_r_1": 0.0, "clasificac": "GENERAL", "anio_deuda": 0, "deuda": 0.0, "valor_ip": 0.0, "coactiva": null, "ficharegis": 82963, "etam": 0.072547625, "diferencia": 2.43e-08, "porc_difer": 1e-10, "admisible": 1, "deuda_anio": 0.0, "2019_csv_c": null, "clavecat_1": null, "2021__csv_": null, "2021__csv1": null, "2022__csv_": "2-18-90-05-000", "2022__csv1": "012-25-05-2023", "Clavepre": "2-18-90-05-000", "RESOLUCION": "012-25-05-2023", "ORIG_FID": 146 }, "geometry": { "type": "Point", "coordinates": [ -80.669347940154012, -0.958320744337902 ] } },
{ "type": "Feature", "properties": { "id": 55076, "lote_id": 39961, "clavecatas": "2-18-90-08-000", "zona": "2", "sector": "18", "manzana": "90", "lote": "08", "ph": "000", "propietari": "CARREÑO GILER MARIANA DE JESUS", "documentop": "1304827015", "direccion": "VILLAMARINA MZ Z8 LOTE - 8", "area_m2": 190.0, "frente_uti": 10.0, "frente_tot": 10.0, "avaluo_con": 20854.56, "avaluo_sue": 12350.0, "zonaurbano": "URBANA", "parroquia": "LOS ESTEROS", "esta_bloqu": "NO", "es_tercera": "SI", "tiene_elec": "NO", "tiene_agua": "NO", "tiene_alca": "NO", "observacio": "SE CORRIGE AREA DE ESTE CODIGO CON EL LISTADO DE PROCESO DE LEGALIZACION CON LA FICHA REGISTRAL 73844 EN BASE A LA INFORMACION TOMADA DEL SITIO POR LOS COMPAÑEROS 21/12/21 ARQ. LUPE LANDA..\r\nSE ACTUALIZA INFORMACIÓN CON ESCRITURA DE TRANSFERENCIA DE DO", "observac_1": null, "barrio": "VILLAMARINA", "parroquia_": 4, "barrio_id": 232, "proceso": 0, "fecha_regi": null, "activo_cat": "SI", "desactivad": 0, "avaluo_rem": 0.0, "avaluo_r_1": 0.0, "clasificac": "GENERAL", "anio_deuda": 2025, "deuda": 79.74, "valor_ip": 0.0, "coactiva": null, "ficharegis": 82964, "etam": 0.072547625, "diferencia": -0.0005452094, "porc_difer": -2.8695e-06, "admisible": 1, "deuda_anio": 51.06, "2019_csv_c": null, "clavecat_1": null, "2021__csv_": null, "2021__csv1": null, "2022__csv_": "2-18-90-08-000", "2022__csv1": "012-25-05-2023", "Clavepre": "2-18-90-08-000", "RESOLUCION": "012-25-05-2023", "ORIG_FID": 147 }, "geometry": { "type": "Point", "coordinates": [ -80.669311490461624, -0.958238046713113 ] } },
{ "type": "Feature", "properties": { "id": 55078, "lote_id": 39963, "clavecatas": "2-18-90-10-000", "zona": "2", "sector": "18", "manzana": "90", "lote": "10", "ph": "000", "propietari": "VASQUEZ VALENCIA CARMEN FAVIOLA", "documentop": "1309182762", "direccion": "VILLAMARINA MZ Z8 LOTE - 10", "area_m2": 190.0, "frente_uti": 10.0, "frente_tot": 10.0, "avaluo_con": 31236.57, "avaluo_sue": 12350.0, "zonaurbano": "URBANA", "parroquia": "LOS ESTEROS", "esta_bloqu": "NO", "es_tercera": "NO", "tiene_elec": "NO", "tiene_agua": "NO", "tiene_alca": "NO", "observacio": "SE CORRIGE AREA DE ESTE CODIGO CON EL LISTADO DE PROCESO DE LEGALIZACION CON LA FICHA REGISTRAL 73844 EN BASE A LA INFORMACION TOMADA DEL SITIO POR LOS COMPAÑEROS 21/12/21 ARQ. LUPE LANDA..\r\nSE ACTUALIZA INFORMACIÓN CON ESCRITURA DE TRANSFERENCIA DE DO", "observac_1": null, "barrio": "VILLAMARINA", "parroquia_": 4, "barrio_id": 232, "proceso": 0, "fecha_regi": null, "activo_cat": "SI", "desactivad": 0, "avaluo_rem": 0.0, "avaluo_r_1": 0.0, "clasificac": "GENERAL", "anio_deuda": 0, "deuda": 0.0, "valor_ip": 0.0, "coactiva": null, "ficharegis": 82966, "etam": 0.072547625, "diferencia": -0.0001593912, "porc_difer": -8.389e-07, "admisible": 1, "deuda_anio": 0.0, "2019_csv_c": null, "clavecat_1": null, "2021__csv_": null, "2021__csv1": null, "2022__csv_": "2-18-90-10-000", "2022__csv1": "012-25-05-2023", "Clavepre": "2-18-90-10-000", "RESOLUCION": "012-25-05-2023", "ORIG_FID": 148 }, "geometry": { "type": "Point", "coordinates": [ -80.669229300955337, -0.958475435492846 ] } },
{ "type": "Feature", "properties": { "id": 55079, "lote_id": 39964, "clavecatas": "2-18-90-11-000", "zona": "2", "sector": "18", "manzana": "90", "lote": "11", "ph": "000", "propietari": "VASQUEZ VALENCIA MARIA ANTONIETA", "documentop": "1309476222", "direccion": "VILLAMARINA MZ Z8 LOTE - 11", "area_m2": 193.79, "frente_uti": 10.2, "frente_tot": 10.2, "avaluo_con": 17636.13, "avaluo_sue": 12596.35, "zonaurbano": "URBANA", "parroquia": "LOS ESTEROS", "esta_bloqu": "NO", "es_tercera": "NO", "tiene_elec": "NO", "tiene_agua": "NO", "tiene_alca": "NO", "observacio": "SE CORRIGE AREA DE ESTE CODIGO CON EL LISTADO DE PROCESO DE LEGALIZACION CON LA FICHA REGISTRAL 73844 EN BASE A LA INFORMACION TOMADA DEL SITIO POR LOS COMPAÑEROS 21/12/21 ARQ. LUPE LANDA..\r\nSE ACTUALIZA INFORMACIÓN CON ESCRITURA DE TRANSFERENCIA DE DO", "observac_1": null, "barrio": "VILLAMARINA", "parroquia_": 4, "barrio_id": 232, "proceso": 0, "fecha_regi": null, "activo_cat": "SI", "desactivad": 0, "avaluo_rem": 0.0, "avaluo_r_1": 0.0, "clasificac": "GENERAL", "anio_deuda": 2026, "deuda": 44.95, "valor_ip": 0.0, "coactiva": null, "ficharegis": 82967, "etam": 0.071834706, "diferencia": -0.0093585048, "porc_difer": -4.8292e-05, "admisible": 1, "deuda_anio": 0.0, "2019_csv_c": null, "clavecat_1": null, "2021__csv_": null, "2021__csv1": null, "2022__csv_": "2-18-90-11-000", "2022__csv1": "012-25-05-2023", "Clavepre": "2-18-90-11-000", "RESOLUCION": "012-25-05-2023", "ORIG_FID": 149 }, "geometry": { "type": "Point", "coordinates": [ -80.669266115321562, -0.958558960045196 ] } },
{ "type": "Feature", "properties": { "id": 55080, "lote_id": 39965, "clavecatas": "2-18-90-12-000", "zona": "2", "sector": "18", "manzana": "90", "lote": "12", "ph": "000", "propietari": "TOALA MERO DOLORES MERCEDES", "documentop": "1306446897", "direccion": "VILLAMARINA MZ Z8 LOTE - 12", "area_m2": 365.74, "frente_uti": 0.0, "frente_tot": 10.0, "avaluo_con": 124072.6, "avaluo_sue": 22465.58, "zonaurbano": "URBANA", "parroquia": "LOS ESTEROS", "esta_bloqu": "NO", "es_tercera": "NO", "tiene_elec": "NO", "tiene_agua": "NO", "tiene_alca": "NO", "observacio": "SE CORRIGE AREA DE ESTE CODIGO CON EL LISTADO DE PROCESO DE LEGALIZACION CON LA FICHA REGISTRAL 73844 EN BASE A LA INFORMACION TOMADA DEL SITIO POR LOS COMPAÑEROS 21/12/21 ARQ. LUPE LANDA.. - - POR DISPOSICION, SE ACTUALIZA AREA PORQUE SE UNIFICAN LOS C", "observac_1": null, "barrio": "VILLAMARINA", "parroquia_": 4, "barrio_id": 232, "proceso": 0, "fecha_regi": null, "activo_cat": "SI", "desactivad": 0, "avaluo_rem": 0.0, "avaluo_r_1": 0.0, "clasificac": "GENERAL", "anio_deuda": 0, "deuda": 0.0, "valor_ip": 0.0, "coactiva": null, "ficharegis": 82965, "etam": 0.1568682402, "diferencia": -0.0087655528, "porc_difer": -2.39666e-05, "admisible": 1, "deuda_anio": 0.0, "2019_csv_c": null, "clavecat_1": null, "2021__csv_": null, "2021__csv1": null, "2022__csv_": "2-18-90-12-000", "2022__csv1": "012-25-05-2023", "Clavepre": "2-18-90-12-000", "RESOLUCION": "012-25-05-2023", "ORIG_FID": 150 }, "geometry": { "type": "Point", "coordinates": [ -80.669319788085929, -0.958680732072021 ] } },
{ "type": "Feature", "properties": { "id": 55083, "lote_id": 39968, "clavecatas": "2-18-91-02-000", "zona": "2", "sector": "18", "manzana": "91", "lote": "02", "ph": "000", "propietari": "MACIAS PALMA JOSE VICENTE", "documentop": "1304185638", "direccion": "VILLAMARINA MZ Z9 LOTE - 2", "area_m2": 200.57, "frente_uti": 10.0, "frente_tot": 10.0, "avaluo_con": 14080.0, "avaluo_sue": 13037.05, "zonaurbano": "URBANA", "parroquia": "LOS ESTEROS", "esta_bloqu": "NO", "es_tercera": "NO", "tiene_elec": "SI", "tiene_agua": "SI", "tiene_alca": "NO", "observacio": "SE CORRIGE AREA CON EL LISTADO DE PROCESO DE LEGALIZACION DE LA FICHA REGISTRAL DE 73844 EN BASE A LA INFORMACION TOMADA EN EL SITIO POR COMPAÑERO...20/12/21 ARQ. LUPE LANDA.SE ACTUALIZA INFORMACIÓN CON ESCRITURA DE TRANSFERENCIA DE DOMINIO POR EXPROPI", "observac_1": null, "barrio": "VILLAMARINA", "parroquia_": 4, "barrio_id": 232, "proceso": 0, "fecha_regi": null, "activo_cat": "SI", "desactivad": 0, "avaluo_rem": 0.0, "avaluo_r_1": 0.0, "clasificac": "GENERAL", "anio_deuda": 0, "deuda": 0.0, "valor_ip": 0.0, "coactiva": null, "ficharegis": 82969, "etam": 0.1412202605, "diferencia": -0.1711826404, "porc_difer": -0.0008534808, "admisible": 1, "deuda_anio": 0.0, "2019_csv_c": null, "clavecat_1": null, "2021__csv_": null, "2021__csv1": null, "2022__csv_": "2-18-91-02-000", "2022__csv1": "012-25-05-2023", "Clavepre": "2-18-91-02-000", "RESOLUCION": "012-25-05-2023", "ORIG_FID": 151 }, "geometry": { "type": "Point", "coordinates": [ -80.669057150517816, -0.958740911834122 ] } },
{ "type": "Feature", "properties": { "id": 55085, "lote_id": 39970, "clavecatas": "2-18-91-04-000", "zona": "2", "sector": "18", "manzana": "91", "lote": "04", "ph": "000", "propietari": "VELASQUEZ ZAMBRANO MIRIAM ANNABEL", "documentop": "1312788167", "direccion": "VILLAMARINA MZ  Z9 LOTE - 4", "area_m2": 191.01, "frente_uti": 10.0, "frente_tot": 10.0, "avaluo_con": 5197.63, "avaluo_sue": 11174.09, "zonaurbano": "URBANA", "parroquia": "LOS ESTEROS", "esta_bloqu": "NO", "es_tercera": "NO", "tiene_elec": "SI", "tiene_agua": "SI", "tiene_alca": "NO", "observacio": "SE INGRESA EL# DE LOTE 09/01/23 ARQ. LUPE LANDA SE ACTUALIZA INFORMACIÓN CON ESCRITURA DE TRANSFERENCIA DE DOMINIO POR EXPROPIACIÓN INSCRITA EN EL REGISTRO DE LA PROPIEDAD 21 DE ABRIL DEL 2023 YUBER ORTEGA -SE ACTUALIZA INFORMACION CON ESCRITURA DE ADJ", "observac_1": "se procede a desbloquear por proceso de legalizacion 21/12/2021", "barrio": "VILLAMARINA", "parroquia_": 4, "barrio_id": 232, "proceso": 0, "fecha_regi": null, "activo_cat": "SI", "desactivad": 0, "avaluo_rem": 0.0, "avaluo_r_1": 0.0, "clasificac": "GENERAL", "anio_deuda": 0, "deuda": 0.0, "valor_ip": 0.0, "coactiva": null, "ficharegis": 82971, "etam": 0.0723555664, "diferencia": -0.0026329894, "porc_difer": -1.37846e-05, "admisible": 1, "deuda_anio": 0.0, "2019_csv_c": null, "clavecat_1": null, "2021__csv_": null, "2021__csv1": null, "2022__csv_": "2-18-91-04-000", "2022__csv1": "012-25-05-2023", "Clavepre": "2-18-91-04-000", "RESOLUCION": "012-25-05-2023", "ORIG_FID": 152 }, "geometry": { "type": "Point", "coordinates": [ -80.66898695784343, -0.958574826189838 ] } },
{ "type": "Feature", "properties": { "id": 55086, "lote_id": 39971, "clavecatas": "2-18-91-05-000", "zona": "2", "sector": "18", "manzana": "91", "lote": "05", "ph": "000", "propietari": "CEDEÑO MENDOZA CARLOS ALBERTO", "documentop": "1305889485", "direccion": "VILLAMARINA MZ-Z9 LOTE - 5", "area_m2": 192.95, "frente_uti": 10.0, "frente_tot": 10.0, "avaluo_con": 0.0, "avaluo_sue": 12541.75, "zonaurbano": "URBANA", "parroquia": "LOS ESTEROS", "esta_bloqu": "NO", "es_tercera": "NO", "tiene_elec": "SI", "tiene_agua": "SI", "tiene_alca": "NO", "observacio": "SE INGRESA ESTE CODIGO CON EL LISTADO DE PROCESO DE LEGALIZACION CON LA FICHA REGISTRAL 73844 EN BASE A LA INFORMACION TOMADA DEL SITIO POR LOS COMPAÑEROS 20/12/21 ARQ. LUPE LANDA..\r\nSE ACTUALIZA INFORMACIÓN CON ESCRITURA DE TRANSFERENCIA DE DOMINIO PO", "observac_1": null, "barrio": "VILLAMARINA", "parroquia_": 4, "barrio_id": 232, "proceso": 0, "fecha_regi": null, "activo_cat": "SI", "desactivad": 0, "avaluo_rem": 0.0, "avaluo_r_1": 0.0, "clasificac": "GENERAL", "anio_deuda": 0, "deuda": 0.0, "valor_ip": 0.0, "coactiva": null, "ficharegis": 82972, "etam": 0.0719909009, "diferencia": -0.0043094046, "porc_difer": -2.23343e-05, "admisible": 1, "deuda_anio": 0.0, "2019_csv_c": null, "clavecat_1": null, "2021__csv_": null, "2021__csv1": null, "2022__csv_": "2-18-91-05-000", "2022__csv1": "012-25-05-2023", "Clavepre": "2-18-91-05-000", "RESOLUCION": "012-25-05-2023", "ORIG_FID": 153 }, "geometry": { "type": "Point", "coordinates": [ -80.668951930325605, -0.958492000740379 ] } },
{ "type": "Feature", "properties": { "id": 55087, "lote_id": 39972, "clavecatas": "2-18-91-06-000", "zona": "2", "sector": "18", "manzana": "91", "lote": "06", "ph": "000", "propietari": "OSTAIZA LUCAS RITA ASUNCION", "documentop": "1202009500", "direccion": "VILLAMARINA MZ-Z9 LOTE - 6", "area_m2": 194.88, "frente_uti": 10.1, "frente_tot": 10.1, "avaluo_con": 12200.71, "avaluo_sue": 12667.2, "zonaurbano": "URBANA", "parroquia": "LOS ESTEROS", "esta_bloqu": "NO", "es_tercera": "SI", "tiene_elec": "SI", "tiene_agua": "SI", "tiene_alca": "NO", "observacio": "SE CORRIGE AREA CON EL LISTADO DE PROCESO DE LEGALIZACION CON LA FICHA REGISTRAL 73844 EN BASE A LA INFORMACION TOMADA DEL SITIO POR LOS COMPAÑEROS 20/12/21 ARQ. LUPE LANDA..SE ACTUALIZA INFORMACIÓN CON ESCRITURA DE TRANSFERENCIA DE DOMINIO POR EXPROPI", "observac_1": null, "barrio": "VILLAMARINA", "parroquia_": 4, "barrio_id": 232, "proceso": 0, "fecha_regi": null, "activo_cat": "SI", "desactivad": 0, "avaluo_rem": 0.0, "avaluo_r_1": 0.0, "clasificac": "GENERAL", "anio_deuda": 0, "deuda": 0.0, "valor_ip": 0.0, "coactiva": null, "ficharegis": 82973, "etam": 0.0716335319, "diferencia": 17.587110713600001, "porc_difer": 0.0902458473, "admisible": 0, "deuda_anio": 0.0, "2019_csv_c": null, "clavecat_1": null, "2021__csv_": null, "2021__csv1": null, "2022__csv_": "2-18-91-06-000", "2022__csv1": "012-25-05-2023", "Clavepre": "2-18-91-06-000", "RESOLUCION": "012-25-05-2023", "ORIG_FID": 154 }, "geometry": { "type": "Point", "coordinates": [ -80.668784908073945, -0.958179047862869 ] } },
{ "type": "Feature", "properties": { "id": 55090, "lote_id": 39975, "clavecatas": "2-18-91-09-000", "zona": "2", "sector": "18", "manzana": "91", "lote": "09", "ph": "000", "propietari": "VASQUEZ VALENCIA GINA BIRMANIA", "documentop": "1310491087", "direccion": "VILLAMARINA MZ-Z9 LOTE - 9", "area_m2": 453.5, "frente_uti": 37.95, "frente_tot": 37.95, "avaluo_con": 10068.08, "avaluo_sue": 30951.38, "zonaurbano": "URBANA", "parroquia": "LOS ESTEROS", "esta_bloqu": "NO", "es_tercera": "NO", "tiene_elec": "SI", "tiene_agua": "SI", "tiene_alca": "NO", "observacio": "ACTUALIZAR AREA 453.50M2...SE CORRIGE AREA CON EL LISTADO DE PROCESO DE LEGALIZACION CON LA FICHA REGISTRAL 73844 EN BASE A LA INFORMACION TOMADA DEL SITIO POR LOS COMPAÑEROS 20/12/21 ARQ. LUPE LANDA..SE ACTUALIZA INFORMACIÓN CON ESCRITURA DE TRANSFERE", "observac_1": null, "barrio": "VILLAMARINA", "parroquia_": 4, "barrio_id": 232, "proceso": 0, "fecha_regi": null, "activo_cat": "SI", "desactivad": 0, "avaluo_rem": 0.0, "avaluo_r_1": 0.0, "clasificac": "GENERAL", "anio_deuda": 2019, "deuda": 927.21, "valor_ip": 0.0, "coactiva": "AUTO", "ficharegis": 82974, "etam": 0.1408745718, "diferencia": -0.001154807, "porc_difer": -2.5464e-06, "admisible": 1, "deuda_anio": 852.65, "2019_csv_c": null, "clavecat_1": null, "2021__csv_": null, "2021__csv1": null, "2022__csv_": "2-18-91-09-000", "2022__csv1": "012-25-05-2023", "Clavepre": "2-18-91-09-000", "RESOLUCION": "012-25-05-2023", "ORIG_FID": 155 }, "geometry": { "type": "Point", "coordinates": [ -80.668650096397357, -0.958260776193083 ] } },
{ "type": "Feature", "properties": { "id": 55091, "lote_id": 39976, "clavecatas": "2-18-91-10-000", "zona": "2", "sector": "18", "manzana": "91", "lote": "10", "ph": "000", "propietari": "BARREIRO PARRAGA GERMAN RAMIRO", "documentop": "1303965980", "direccion": "VILLAMARINA MZ-Z9 LOTE - 10", "area_m2": 206.96, "frente_uti": 10.4, "frente_tot": 10.4, "avaluo_con": 28352.86, "avaluo_sue": 12107.16, "zonaurbano": "URBANA", "parroquia": "LOS ESTEROS", "esta_bloqu": "NO", "es_tercera": "SI", "tiene_elec": "SI", "tiene_agua": "SI", "tiene_alca": "NO", "observacio": "SE CORRIGE AREA CON EL LISTADO DE PROCESO DE LEGALIZACION CON LA FICHA REGISTRAL 73844 EN BASE A LA INFORMACION TOMADA DEL SITIO POR LOS COMPAÑEROS 20/12/21 ARQ. LUPE LANDA..SE ACTUALIZA INFORMACIÓN CON ESCRITURA DE TRANSFERENCIA DE DOMINIO POR EXPROPI", "observac_1": null, "barrio": "VILLAMARINA", "parroquia_": 4, "barrio_id": 232, "proceso": 0, "fecha_regi": null, "activo_cat": "SI", "desactivad": 0, "avaluo_rem": 0.0, "avaluo_r_1": 0.0, "clasificac": "GENERAL", "anio_deuda": 0, "deuda": 0.0, "valor_ip": 0.0, "coactiva": null, "ficharegis": 82975, "etam": 0.1390230422, "diferencia": -0.0080117769, "porc_difer": -3.87117e-05, "admisible": 1, "deuda_anio": 0.0, "2019_csv_c": null, "clavecat_1": null, "2021__csv_": null, "2021__csv1": null, "2022__csv_": "2-18-91-10-000", "2022__csv1": "012-25-05-2023", "Clavepre": "2-18-91-10-000", "RESOLUCION": "012-25-05-2023", "ORIG_FID": 156 }, "geometry": { "type": "Point", "coordinates": [ -80.668721493759548, -0.958399770951191 ] } },
{ "type": "Feature", "properties": { "id": 55092, "lote_id": 39977, "clavecatas": "2-18-91-11-000", "zona": "2", "sector": "18", "manzana": "91", "lote": "11", "ph": "000", "propietari": "REYES PRADO LUIS OSWALDO", "documentop": "1309479119", "direccion": "VILLAMARINA MZ-Z9 LOTE - 11", "area_m2": 190.09, "frente_uti": 9.6, "frente_tot": 9.6, "avaluo_con": 17602.82, "avaluo_sue": 11120.27, "zonaurbano": "URBANA", "parroquia": "LOS ESTEROS", "esta_bloqu": "NO", "es_tercera": "NO", "tiene_elec": "SI", "tiene_agua": "SI", "tiene_alca": "NO", "observacio": "SE CORRIGE ESTE CODIGO CON EL LISTADO DE PROCESO DE LEGALIZACION CON LA FICHA REGISTRAL 73844 EN BASE A LA INFORMACION TOMADA DEL SITIO POR LOS COMPAÑEROS 20/12/21 ARQ. LUPE LANDA..\r\nSE ACTUALIZA INFORMACIÓN CON ESCRITURA DE TRANSFERENCIA DE DOMINIO PO", "observac_1": null, "barrio": "VILLAMARINA", "parroquia_": 4, "barrio_id": 232, "proceso": 0, "fecha_regi": null, "activo_cat": "SI", "desactivad": 0, "avaluo_rem": 0.0, "avaluo_r_1": 0.0, "clasificac": "GENERAL", "anio_deuda": 0, "deuda": 0.0, "valor_ip": 0.0, "coactiva": null, "ficharegis": 82976, "etam": 0.0725304488, "diferencia": -0.0008651608, "porc_difer": -4.5513e-06, "admisible": 1, "deuda_anio": 0.0, "2019_csv_c": null, "clavecat_1": null, "2021__csv_": null, "2021__csv1": null, "2022__csv_": "2-18-91-11-000", "2022__csv1": "012-25-05-2023", "Clavepre": "2-18-91-11-000", "RESOLUCION": "012-25-05-2023", "ORIG_FID": 157 }, "geometry": { "type": "Point", "coordinates": [ -80.668757106070103, -0.958482842602574 ] } },
{ "type": "Feature", "properties": { "id": 55093, "lote_id": 39978, "clavecatas": "2-18-91-12-000", "zona": "2", "sector": "18", "manzana": "91", "lote": "12", "ph": "000", "propietari": "BARREZUETA PALACIOS DAVID LEONARDO", "documentop": "1313812263", "direccion": "VILLAMARINA MZ-Z9 LOTE - 12", "area_m2": 197.03, "frente_uti": 10.0, "frente_tot": 10.0, "avaluo_con": 18966.4, "avaluo_sue": 12806.95, "zonaurbano": "URBANA", "parroquia": "LOS ESTEROS", "esta_bloqu": "NO", "es_tercera": "NO", "tiene_elec": "SI", "tiene_agua": "SI", "tiene_alca": "NO", "observacio": "SE CORRIGE AREA DE ESTE CODIGO CON EL LISTADO DE PROCESO DE LEGALIZACION CON LA FICHA REGISTRAL 73844 EN BASE A LA INFORMACION TOMADA DEL SITIO POR LOS COMPAÑEROS 20/12/21 ARQ. LUPE LANDA..\r\nSE ACTUALIZA INFORMACIÓN CON ESCRITURA DE TRANSFERENCIA DE DO", "observac_1": null, "barrio": "VILLAMARINA", "parroquia_": 4, "barrio_id": 232, "proceso": 0, "fecha_regi": null, "activo_cat": "SI", "desactivad": 0, "avaluo_rem": 0.0, "avaluo_r_1": 0.0, "clasificac": "GENERAL", "anio_deuda": 0, "deuda": 0.0, "valor_ip": 0.0, "coactiva": null, "ficharegis": 82977, "etam": 0.0712416257, "diferencia": -0.0048244777, "porc_difer": -2.4486e-05, "admisible": 1, "deuda_anio": 0.0, "2019_csv_c": null, "clavecat_1": null, "2021__csv_": null, "2021__csv1": null, "2022__csv_": "2-18-91-12-000", "2022__csv1": "079-05-10-2023", "Clavepre": "2-18-91-12-000", "RESOLUCION": "079-05-10-2023", "ORIG_FID": 158 }, "geometry": { "type": "Point", "coordinates": [ -80.668792002636707, -0.958564244646168 ] } },
{ "type": "Feature", "properties": { "id": 55094, "lote_id": 39979, "clavecatas": "2-18-91-13-000", "zona": "2", "sector": "18", "manzana": "91", "lote": "13", "ph": "000", "propietari": "PONCE CARREÑO FATIMA NATIVIDAD", "documentop": "1309626719", "direccion": "VILLAMARINA MZ-Z9 LOTE - 13", "area_m2": 127.53, "frente_uti": 6.5, "frente_tot": 6.5, "avaluo_con": 5824.0, "avaluo_sue": 7874.98, "zonaurbano": "URBANA", "parroquia": "LOS ESTEROS", "esta_bloqu": "NO", "es_tercera": "NO", "tiene_elec": "SI", "tiene_agua": "SI", "tiene_alca": "NO", "observacio": "SE CORRIGE EL AREA DE ESTE CODIGO CON EL LISTADO DE PROCESO DE LEGALIZACION CON LA FICHA REGISTRAL 73844 EN BASE A LA INFORMACION TOMADA DEL SITIO POR LOS COMPAÑEROS 20/12/21 ARQ. LUPE LANDA..\r\nSE ACTUALIZA INFORMACIÓN CON ESCRITURA DE TRANSFERENCIA DE", "observac_1": null, "barrio": "VILLAMARINA", "parroquia_": 4, "barrio_id": 232, "proceso": 0, "fecha_regi": null, "activo_cat": "SI", "desactivad": 0, "avaluo_rem": 0.0, "avaluo_r_1": 0.0, "clasificac": "GENERAL", "anio_deuda": 2026, "deuda": 28.71, "valor_ip": 0.0, "coactiva": null, "ficharegis": 82978, "etam": 0.0885510714, "diferencia": -0.0281737091, "porc_difer": -0.0002209183, "admisible": 1, "deuda_anio": 0.0, "2019_csv_c": null, "clavecat_1": null, "2021__csv_": null, "2021__csv1": null, "2022__csv_": "2-18-91-13-000", "2022__csv1": "012-25-05-2023", "Clavepre": "2-18-91-13-000", "RESOLUCION": "012-25-05-2023", "ORIG_FID": 159 }, "geometry": { "type": "Point", "coordinates": [ -80.668821402868858, -0.958632790429786 ] } },
{ "type": "Feature", "properties": { "id": 55095, "lote_id": 39980, "clavecatas": "2-18-91-14-000", "zona": "2", "sector": "18", "manzana": "91", "lote": "14", "ph": "000", "propietari": "CASTRO PILLIGUA MARIA MERCEDES", "documentop": "1311893190", "direccion": "VILLAMARINA MZ-Z9 LOTE - 14", "area_m2": 107.58, "frente_uti": 5.5, "frente_tot": 5.5, "avaluo_con": 16895.12, "avaluo_sue": 6992.7, "zonaurbano": "URBANA", "parroquia": "LOS ESTEROS", "esta_bloqu": "NO", "es_tercera": "NO", "tiene_elec": "SI", "tiene_agua": "SI", "tiene_alca": "NO", "observacio": "SE CORRIGE EL AREA DE ESTE CODIGO CON EL LISTADO DE PROCESO DE LEGALIZACION CON LA FICHA REGISTRAL 73844 EN BASE A LA INFORMACION TOMADA DEL SITIO POR LOS COMPAÑEROS 20/12/21 ARQ. LUPE LANDA..\r\nSE ACTUALIZA INFORMACIÓN CON ESCRITURA DE TRANSFERENCIA DE", "observac_1": null, "barrio": "VILLAMARINA", "parroquia_": 4, "barrio_id": 232, "proceso": 0, "fecha_regi": null, "activo_cat": "SI", "desactivad": 0, "avaluo_rem": 0.0, "avaluo_r_1": 0.0, "clasificac": "GENERAL", "anio_deuda": 0, "deuda": 0.0, "valor_ip": 0.0, "coactiva": null, "ficharegis": 82979, "etam": 0.0964126966, "diferencia": -0.0198292063, "porc_difer": -0.0001843206, "admisible": 1, "deuda_anio": 0.0, "2019_csv_c": null, "clavecat_1": null, "2021__csv_": null, "2021__csv1": null, "2022__csv_": "2-18-91-14-000", "2022__csv1": "012-25-05-2023", "Clavepre": "2-18-91-14-000", "RESOLUCION": "012-25-05-2023", "ORIG_FID": 160 }, "geometry": { "type": "Point", "coordinates": [ -80.668842769722119, -0.958682630356292 ] } },
{ "type": "Feature", "properties": { "id": 55096, "lote_id": 39981, "clavecatas": "2-18-91-15-000", "zona": "2", "sector": "18", "manzana": "91", "lote": "15", "ph": "000", "propietari": "CASTRO PILLIGUA MIRIAN EUFEMIA", "documentop": "1308788247", "direccion": "VILLAMARINA MZ-Z9 LOTE - 15", "area_m2": 171.51, "frente_uti": 8.8, "frente_tot": 8.8, "avaluo_con": 11394.82, "avaluo_sue": 10590.74, "zonaurbano": "URBANA", "parroquia": "LOS ESTEROS", "esta_bloqu": "NO", "es_tercera": "NO", "tiene_elec": "SI", "tiene_agua": "SI", "tiene_alca": "NO", "observacio": "SE CORRIGE AREA DE ESTE CODIGO CON EL LISTADO DE PROCESO DE LEGALIZACION CON LA FICHA REGISTRAL 73844 EN BASE A LA INFORMACION TOMADA DEL SITIO POR LOS COMPAÑEROS 20/12/21 ARQ. LUPE LANDA..\r\nSE ACTUALIZA INFORMACIÓN CON ESCRITURA DE TRANSFERENCIA DE DO", "observac_1": null, "barrio": "VILLAMARINA", "parroquia_": 4, "barrio_id": 232, "proceso": 0, "fecha_regi": null, "activo_cat": "SI", "desactivad": 0, "avaluo_rem": 0.0, "avaluo_r_1": 0.0, "clasificac": "GENERAL", "anio_deuda": 0, "deuda": 0.0, "valor_ip": 0.0, "coactiva": null, "ficharegis": 82980, "etam": 0.0763581287, "diferencia": -0.0054266723, "porc_difer": -3.16406e-05, "admisible": 1, "deuda_anio": 0.0, "2019_csv_c": null, "clavecat_1": null, "2021__csv_": null, "2021__csv1": null, "2022__csv_": "2-18-91-15-000", "2022__csv1": "012-25-05-2023", "Clavepre": "2-18-91-15-000", "RESOLUCION": "012-25-05-2023", "ORIG_FID": 161 }, "geometry": { "type": "Point", "coordinates": [ -80.668868208423049, -0.958742018319383 ] } },
{ "type": "Feature", "properties": { "id": 55098, "lote_id": 39983, "clavecatas": "2-18-91-17-000", "zona": "2", "sector": "18", "manzana": "91", "lote": "17", "ph": "000", "propietari": "RIVERA GUALAVISI ROSA AMELIA", "documentop": "1708772510", "direccion": "VILLAMARINA MZ-Z9 LOTE - 16 Y 17", "area_m2": 366.34, "frente_uti": 38.23, "frente_tot": 38.23, "avaluo_con": 204.0, "avaluo_sue": 25002.71, "zonaurbano": "URBANA", "parroquia": "LOS ESTEROS", "esta_bloqu": "NO", "es_tercera": "NO", "tiene_elec": "SI", "tiene_agua": "SI", "tiene_alca": "NO", "observacio": "*SE ACTUALIZA EL AREA PARA EL PROCESO DE LEGALIZACION DE ACUERDO A LOS DATOS TOMADOS EN EL SITIO 11/01/2022 ARQ. LUPE LANDA... - POR DISPOSICION, SE ACTUALIZA AREA PORQUE SE UNIFICAN LOS CODIGOS 2189117000 Y 2189116000, POR PROCESO DE LEGALIZACION EXPROP", "observac_1": null, "barrio": "VILLAMARINA", "parroquia_": 4, "barrio_id": 232, "proceso": 0, "fecha_regi": null, "activo_cat": "SI", "desactivad": 0, "avaluo_rem": 0.0, "avaluo_r_1": 0.0, "clasificac": "GENERAL", "anio_deuda": 2017, "deuda": 886.11, "valor_ip": 0.0, "coactiva": null, "ficharegis": 82981, "etam": 0.1567397263, "diferencia": -0.026826219, "porc_difer": -7.32277e-05, "admisible": 1, "deuda_anio": 835.47, "2019_csv_c": null, "clavecat_1": null, "2021__csv_": null, "2021__csv1": null, "2022__csv_": "2-18-91-17-000", "2022__csv1": "012-25-05-2023", "Clavepre": "2-18-91-17-000", "RESOLUCION": "012-25-05-2023", "ORIG_FID": 162 }, "geometry": { "type": "Point", "coordinates": [ -80.668917536870211, -0.958857170532228 ] } },
{ "type": "Feature", "properties": { "id": 55101, "lote_id": 100160, "clavecatas": "2-18-91-20-000", "zona": "2", "sector": "18", "manzana": "91", "lote": "20", "ph": "000", "propietari": "GAD DE MANTA", "documentop": "1360000980001", "direccion": "VILLAMARINA MZ- Z9 LOTE - 20", "area_m2": 189.06, "frente_uti": 9.8, "frente_tot": 9.8, "avaluo_con": 9427.44, "avaluo_sue": 12288.9, "zonaurbano": "URBANA", "parroquia": "LOS ESTEROS", "esta_bloqu": "NO", "es_tercera": "NO", "tiene_elec": "NO", "tiene_agua": "NO", "tiene_alca": "NO", "observacio": "SE INGRESA ESTE CODIGO CON EL LISTADO DE PROCESO DE LEGALIZACION CON LA FICHA REGISTRAL 73844 EN BASE A LA INFORMACION TOMADA DEL SITIO POR LOS COMPAÑEROS 20/12/21 ARQ. LUPE LANDA..\r\nSE ACTUALIZA INFORMACIÓN CON ESCRITURA DE TRANSFERENCIA DE DOMINIO PO", "observac_1": null, "barrio": "VILLAMARINA", "parroquia_": 4, "barrio_id": 232, "proceso": 0, "fecha_regi": null, "activo_cat": "SI", "desactivad": 0, "avaluo_rem": 0.0, "avaluo_r_1": 0.0, "clasificac": "GENERAL", "anio_deuda": 2024, "deuda": 88.96, "valor_ip": 0.0, "coactiva": null, "ficharegis": 82970, "etam": 0.0727277536, "diferencia": -0.018716232, "porc_difer": -9.89963e-05, "admisible": 1, "deuda_anio": 54.15, "2019_csv_c": null, "clavecat_1": null, "2021__csv_": null, "2021__csv1": null, "2022__csv_": "2-18-91-20-000", "2022__csv1": "012-25-05-2023", "Clavepre": "2-18-91-20-000", "RESOLUCION": "012-25-05-2023", "ORIG_FID": 163 }, "geometry": { "type": "Point", "coordinates": [ -80.669021625048259, -0.958656821906842 ] } },
{ "type": "Feature", "properties": { "id": 55104, "lote_id": 39987, "clavecatas": "2-18-92-03-000", "zona": "2", "sector": "18", "manzana": "92", "lote": "03", "ph": "000", "propietari": "GOBIERNO AUTONOMO DESCENTRALIZADO MUNICIPAL DEL CANTON MANTA .", "documentop": "1360000980001", "direccion": "VILLAMARINA MZ-V1 LOTE 3", "area_m2": 193.8, "frente_uti": 10.0, "frente_tot": 0.0, "avaluo_con": 14740.35, "avaluo_sue": 15504.0, "zonaurbano": "URBANA", "parroquia": "LOS ESTEROS", "esta_bloqu": "NO", "es_tercera": "NO", "tiene_elec": "SI", "tiene_agua": "SI", "tiene_alca": "NO", "observacio": "C#1909- SE PROCEDE A ACTULIZAR AREA POR PROCESO DE LEGALIZACION \r\n\r\nSE ACTUALIZA INFORMACIÓN CON ESCRITURA DE TRANSFERENCIA DE DOMINIO POR EXPROPIACIÓN INSCRITA EN EL REGISTRO DE LA PROPIEDAD 18 DE ABRIL DEL 2023 YUBER ORTEGA", "observac_1": null, "barrio": "VILLAMARINA", "parroquia_": 4, "barrio_id": 232, "proceso": 0, "fecha_regi": null, "activo_cat": "SI", "desactivad": 0, "avaluo_rem": 0.0, "avaluo_r_1": 0.0, "clasificac": "DEPURACION CATASTRO", "anio_deuda": 2026, "deuda": 41.71, "valor_ip": 0.0, "coactiva": null, "ficharegis": 82796, "etam": 0.0718328527, "diferencia": 0.0005893848, "porc_difer": 3.0412e-06, "admisible": 1, "deuda_anio": 0.0, "2019_csv_c": null, "clavecat_1": null, "2021__csv_": null, "2021__csv1": null, "2022__csv_": "2-18-92-03-000", "2022__csv1": "012-25-05-2023", "Clavepre": "2-18-92-03-000", "RESOLUCION": "012-25-05-2023", "ORIG_FID": 164 }, "geometry": { "type": "Point", "coordinates": [ -80.671744722752976, -0.961451096670853 ] } },
{ "type": "Feature", "properties": { "id": 55112, "lote_id": 39995, "clavecatas": "2-18-92-14-000", "zona": "2", "sector": "18", "manzana": "92", "lote": "14", "ph": "000", "propietari": "ESPAÑA FRANCO JOSE DIOSELITO", "documentop": "1203032907", "direccion": "VILLAMARINA MZ- V1 LOTE 14", "area_m2": 196.0, "frente_uti": 10.0, "frente_tot": 10.0, "avaluo_con": 3435.76, "avaluo_sue": 14112.0, "zonaurbano": "URBANA", "parroquia": "LOS ESTEROS", "esta_bloqu": "NO", "es_tercera": "NO", "tiene_elec": "SI", "tiene_agua": "SI", "tiene_alca": "SI", "observacio": "- SE PROCEDE A CAMBIAR AREA POR PROCESO DE LEGALIZACION\r\nSE PROCEDE A ACTUALIZAR LA INFORMACION MEDIANTE LA SENTENCIA DE PRESCRIPCION ADQUITIVA DE DOMINIO OTORGDA POR LA UNIDA JUDICAL CIVIL CON SEDE EN MANTA CAUSA 13337-2021-10698.SE ACTUALIZA INF CON ES", "observac_1": null, "barrio": "VILLAMARINA", "parroquia_": 4, "barrio_id": 232, "proceso": 0, "fecha_regi": null, "activo_cat": "SI", "desactivad": 0, "avaluo_rem": 0.0, "avaluo_r_1": 0.0, "clasificac": "GENERAL", "anio_deuda": 0, "deuda": 0.0, "valor_ip": 0.0, "coactiva": null, "ficharegis": 81392, "etam": 0.0714285714, "diferencia": 6.0028664462999997, "porc_difer": 0.0306268696, "admisible": 1, "deuda_anio": 0.0, "2019_csv_c": null, "clavecat_1": null, "2021__csv_": null, "2021__csv1": null, "2022__csv_": "2-18-92-14-000", "2022__csv1": "012-25-05-2023", "Clavepre": "2-18-92-14-000", "RESOLUCION": "012-25-05-2023", "ORIG_FID": 165 }, "geometry": { "type": "Point", "coordinates": [ -80.671530635440746, -0.960482304365462 ] } },
{ "type": "Feature", "properties": { "id": 55113, "lote_id": 39996, "clavecatas": "2-18-92-15-000", "zona": "2", "sector": "18", "manzana": "92", "lote": "15", "ph": "000", "propietari": "LOPEZ MACIAS PAQUITA ELIZABETH", "documentop": "1304284332", "direccion": "VILLAMRINA MZ V1 LT. 15", "area_m2": 186.2, "frente_uti": 10.0, "frente_tot": 0.0, "avaluo_con": 18572.19, "avaluo_sue": 14896.0, "zonaurbano": "URBANA", "parroquia": "LOS ESTEROS", "esta_bloqu": "NO", "es_tercera": "NO", "tiene_elec": "SI", "tiene_agua": "SI", "tiene_alca": "NO", "observacio": "C-3106-03 - SE PROCEDE A ACTUALIZAR AREA POR PROCESO DE LEGALIZACION\r\nSE ACTUALIZA INFORMACIÓN CON ESCRITURA DE TRANSFERENCIA DE DOMINIO POR EXPROPIACIÓN INSCRITA EN EL REGISTRO DE LA PROPIEDAD 18 DE ABRIL DEL 2023 YUBER ORTEGA -SE ACTUALIZA INFORMACIO", "observac_1": null, "barrio": "VILLAMARINA", "parroquia_": 4, "barrio_id": 232, "proceso": 0, "fecha_regi": null, "activo_cat": "SI", "desactivad": 0, "avaluo_rem": 0.0, "avaluo_r_1": 0.0, "clasificac": "GENERAL", "anio_deuda": 2026, "deuda": 47.35, "valor_ip": 0.0, "coactiva": null, "ficharegis": 82800, "etam": 0.073284168, "diferencia": 0.0002856888, "porc_difer": 1.5343e-06, "admisible": 1, "deuda_anio": 0.0, "2019_csv_c": null, "clavecat_1": null, "2021__csv_": null, "2021__csv1": null, "2022__csv_": "2-18-92-15-000", "2022__csv1": "012-25-05-2023", "Clavepre": "2-18-92-15-000", "RESOLUCION": "012-25-05-2023", "ORIG_FID": 166 }, "geometry": { "type": "Point", "coordinates": [ -80.671511403651053, -0.960394854906643 ] } },
{ "type": "Feature", "properties": { "id": 55114, "lote_id": 39997, "clavecatas": "2-18-92-16-000", "zona": "2", "sector": "18", "manzana": "92", "lote": "16", "ph": "000", "propietari": "GOBIERNO AUTONOMO DESCENTRALIZADO MUNICIPAL DEL CANTON MANTA .", "documentop": "1360000980001", "direccion": "VILLAMARINA MZ- V1 LT.16", "area_m2": 190.0, "frente_uti": 30.0, "frente_tot": 0.0, "avaluo_con": 30782.81, "avaluo_sue": 14364.0, "zonaurbano": "URBANA", "parroquia": "LOS ESTEROS", "esta_bloqu": "NO", "es_tercera": "NO", "tiene_elec": "SI", "tiene_agua": "SI", "tiene_alca": "NO", "observacio": "SE PROCEDE A ACTUALIZAR EL AREA POR PROCESO DE LEGALIZACION\r\nSE ACTUALIZA INFORMACIÓN CON ESCRITURA DE TRANSFERENCIA DE DOMINIO POR EXPROPIACIÓN INSCRITA EN EL REGISTRO DE LA PROPIEDAD 18 DE ABRIL DEL 2023 YUBER ORTEGA", "observac_1": null, "barrio": "VILLAMARINA", "parroquia_": 4, "barrio_id": 232, "proceso": 0, "fecha_regi": null, "activo_cat": "SI", "desactivad": 0, "avaluo_rem": 0.0, "avaluo_r_1": 0.0, "clasificac": "PROPIEDADES MUNICIPALES", "anio_deuda": 0, "deuda": 0.0, "valor_ip": 0.0, "coactiva": null, "ficharegis": 82801, "etam": 0.072547625, "diferencia": 0.0002907516, "porc_difer": 1.5303e-06, "admisible": 1, "deuda_anio": 0.0, "2019_csv_c": null, "clavecat_1": null, "2021__csv_": null, "2021__csv1": null, "2022__csv_": "2-18-92-16-000", "2022__csv1": "012-25-05-2023", "Clavepre": "2-18-92-16-000", "RESOLUCION": "012-25-05-2023", "ORIG_FID": 167 }, "geometry": { "type": "Point", "coordinates": [ -80.671491848810618, -0.960307478073635 ] } },
{ "type": "Feature", "properties": { "id": 55120, "lote_id": 40003, "clavecatas": "2-18-92-24-000", "zona": "2", "sector": "18", "manzana": "92", "lote": "24", "ph": "000", "propietari": "GOBIERNO AUTONOMO DESCENTRALIZADO MUNICIPAL DEL CANTON MANTA .", "documentop": "1360000980001", "direccion": "VILLAMRINA MZ- V1 LOTE - 24", "area_m2": 200.0, "frente_uti": 9.0, "frente_tot": 9.0, "avaluo_con": 4224.0, "avaluo_sue": 16000.0, "zonaurbano": "URBANA", "parroquia": "LOS ESTEROS", "esta_bloqu": "NO", "es_tercera": "NO", "tiene_elec": "SI", "tiene_agua": "SI", "tiene_alca": "NO", "observacio": "SE PROCEDE A ACTUALIZAR AREA POR PROCESO DE LEGALIZACION.SE ACTUALIZA INFORMACIÓN CON ESCRITURA DE TRANSFERENCIA DE DOMINIO POR EXPROPIACIÓN INSCRITA EN EL REGISTRO DE LA PROPIEDAD 18 DE ABRIL DEL 2023 YUBER ORTEGA", "observac_1": null, "barrio": "VILLAMARINA", "parroquia_": 4, "barrio_id": 232, "proceso": 0, "fecha_regi": null, "activo_cat": "SI", "desactivad": 0, "avaluo_rem": 0.0, "avaluo_r_1": 0.0, "clasificac": "POR LEGALIZAR", "anio_deuda": 0, "deuda": 0.0, "valor_ip": 0.0, "coactiva": null, "ficharegis": 82802, "etam": 0.1414213562, "diferencia": -0.0457928775, "porc_difer": -0.0002289644, "admisible": 1, "deuda_anio": 0.0, "2019_csv_c": null, "clavecat_1": null, "2021__csv_": null, "2021__csv1": null, "2022__csv_": "2-18-92-24-000", "2022__csv1": "012-25-05-2023", "Clavepre": "2-18-92-24-000", "RESOLUCION": "012-25-05-2023", "ORIG_FID": 168 }, "geometry": { "type": "Point", "coordinates": [ -80.671457159946698, -0.960962698426336 ] } },
{ "type": "Feature", "properties": { "id": 55129, "lote_id": 40011, "clavecatas": "2-18-93-02-000", "zona": "2", "sector": "18", "manzana": "93", "lote": "02", "ph": "000", "propietari": "GOBIERNO AUTONOMO DESCENTRALIZADO MUNICIPAL DEL CANTON MANTA .", "documentop": "1360000980001", "direccion": "VILLAMARINA MZ- V2 LT.02", "area_m2": 425.83, "frente_uti": 15.0, "frente_tot": 0.0, "avaluo_con": 50255.74, "avaluo_sue": 27678.95, "zonaurbano": "URBANA", "parroquia": "LOS ESTEROS", "esta_bloqu": "NO", "es_tercera": "NO", "tiene_elec": "SI", "tiene_agua": "SI", "tiene_alca": "NO", "observacio": "SE PROCEDE A ACTUALIZAR EL AREA POR PROCESO DE LEGALIZACION SE ACTUALIZA INFORMACIÓN CON ESCRITURA DE TRANSFERENCIA DE DOMINIO POR EXPROPIACIÓN INSCRITA EN EL REGISTRO DE LA PROPIEDAD 18 DE ABRIL DEL 2023 YUBER ORTEGA", "observac_1": null, "barrio": "VILLAMARINA", "parroquia_": 4, "barrio_id": 232, "proceso": 0, "fecha_regi": null, "activo_cat": "SI", "desactivad": 0, "avaluo_rem": 0.0, "avaluo_r_1": 0.0, "clasificac": "POR LEGALIZAR", "anio_deuda": 0, "deuda": 0.0, "valor_ip": 0.0, "coactiva": null, "ficharegis": 82803, "etam": 0.1453794855, "diferencia": -0.0024455938, "porc_difer": -5.7431e-06, "admisible": 1, "deuda_anio": 0.0, "2019_csv_c": null, "clavecat_1": null, "2021__csv_": null, "2021__csv1": null, "2022__csv_": "2-18-93-02-000", "2022__csv1": "012-25-05-2023", "Clavepre": "2-18-93-02-000", "RESOLUCION": "012-25-05-2023", "ORIG_FID": 169 }, "geometry": { "type": "Point", "coordinates": [ -80.671294005735561, -0.961619433610979 ] } },
{ "type": "Feature", "properties": { "id": 55130, "lote_id": 40012, "clavecatas": "2-18-93-03-000", "zona": "2", "sector": "18", "manzana": "93", "lote": "03", "ph": "000", "propietari": "MERO BAZAN YOLANDA MARIBEL", "documentop": "1307348944", "direccion": "VILLAMARINA MZ V2 LOTE 3", "area_m2": 458.21, "frente_uti": 15.0, "frente_tot": 0.0, "avaluo_con": 68739.2, "avaluo_sue": 29783.65, "zonaurbano": "URBANA", "parroquia": "LOS ESTEROS", "esta_bloqu": "NO", "es_tercera": "NO", "tiene_elec": "SI", "tiene_agua": "SI", "tiene_alca": "NO", "observacio": "SE PROCEDE A ACTUALIZAR EL AREA POR PROCESO DE LEGALIZACION SE ACTUALIZA INFORMACIÓN CON ESCRITURA DE TRANSFERENCIA DE DOMINIO POR EXPROPIACIÓN INSCRITA EN EL REGISTRO DE LA PROPIEDAD 18 DE ABRIL DEL 2023 YUBER ORTEGA -SE ACTUALIZA INFORMACION CON ESCR", "observac_1": null, "barrio": "VILLAMARINA", "parroquia_": 4, "barrio_id": 232, "proceso": 0, "fecha_regi": null, "activo_cat": "SI", "desactivad": 0, "avaluo_rem": 0.0, "avaluo_r_1": 0.0, "clasificac": "GENERAL", "anio_deuda": 0, "deuda": 0.0, "valor_ip": 0.0, "coactiva": null, "ficharegis": 82804, "etam": 0.1401486676, "diferencia": -0.0074183892, "porc_difer": -1.61899e-05, "admisible": 1, "deuda_anio": 0.0, "2019_csv_c": null, "clavecat_1": null, "2021__csv_": null, "2021__csv1": null, "2022__csv_": "2-18-93-03-000", "2022__csv1": "012-25-05-2023", "Clavepre": "2-18-93-03-000", "RESOLUCION": "012-25-05-2023", "ORIG_FID": 170 }, "geometry": { "type": "Point", "coordinates": [ -80.671250860802871, -0.961491670093882 ] } },
{ "type": "Feature", "properties": { "id": 55136, "lote_id": 40018, "clavecatas": "2-18-93-10-000", "zona": "2", "sector": "18", "manzana": "93", "lote": "10", "ph": "000", "propietari": "ZAMBRANO BRIONES ALLAN FERNANDO", "documentop": "1316311941", "direccion": "MZ-V2 LT. 10 Y 11 BARRIO VILLAMARINA", "area_m2": 376.2, "frente_uti": 20.0, "frente_tot": 0.0, "avaluo_con": 3137.34, "avaluo_sue": 24453.0, "zonaurbano": "URBANA", "parroquia": "LOS ESTEROS", "esta_bloqu": "NO", "es_tercera": "NO", "tiene_elec": "SI", "tiene_agua": "SI", "tiene_alca": "NO", "observacio": "INF. FERNANDO N. SEPT. 16/2002 UNIFICADA CON CC 2189311  MR C# 3577 C# 1328 - SE PROCEDE A ACTUALIZAR EL AREA POR PROCESO DE LEGALIZACION.SE ACTUALIZA INF CON ESCRITURA DE CVTA INSCRITA EN EL REG. DE LA PROPIEDAD.13/04/2023.AZP\r\nSE ACTUALIZA INFORMACIÓN", "observac_1": null, "barrio": "VILLAMARINA", "parroquia_": 4, "barrio_id": 232, "proceso": 0, "fecha_regi": null, "activo_cat": "SI", "desactivad": 0, "avaluo_rem": 0.0, "avaluo_r_1": 0.0, "clasificac": "GENERAL", "anio_deuda": 2023, "deuda": 161.73, "valor_ip": 0.0, "coactiva": null, "ficharegis": 82805, "etam": 0.1546720562, "diferencia": -3.26209e-05, "porc_difer": -8.67e-08, "admisible": 1, "deuda_anio": 94.49, "2019_csv_c": null, "clavecat_1": null, "2021__csv_": null, "2021__csv1": null, "2022__csv_": "2-18-93-10-000", "2022__csv1": "079-05-10-2023", "Clavepre": "2-18-93-10-000", "RESOLUCION": "079-05-10-2023", "ORIG_FID": 171 }, "geometry": { "type": "Point", "coordinates": [ -80.671090975233625, -0.961687637596449 ] } },
{ "type": "Feature", "properties": { "id": 53808, "lote_id": 100227, "clavecatas": "2-18-103-12-000", "zona": "2", "sector": "18", "manzana": "103", "lote": "12", "ph": "000", "propietari": "GOBIERNO AUTONOMO DESCENTRALIZADO MCPAL.DEL CANTON MANTA .", "documentop": "1360000980001", "direccion": "VILLAMARINA MZ- 103  LOTE-12", "area_m2": 174.89, "frente_uti": 7.89, "frente_tot": 7.89, "avaluo_con": 8771.84, "avaluo_sue": 15390.32, "zonaurbano": "URBANA", "parroquia": "LOS ESTEROS", "esta_bloqu": "NO", "es_tercera": "NO", "tiene_elec": "NO", "tiene_agua": "NO", "tiene_alca": "NO", "observacio": "INGRESO NUEVO DEL LISTADO DE PROCESO DE LEGALIZACION CON LA FICHA REGISTRAL 73844 EN BASE A LA INFORMACION TOMADA DEL SITIO POR LOS COMPAÑEROS 27/12/21 ARQ. LUPE LANDA..\r\nSE ACTUALIZA INFORMACIÓN CON ESCRITURA DE TRANSFERENCIA DE DOMINIO POR EXPROPIACI", "observac_1": null, "barrio": "VILLAMARINA", "parroquia_": 4, "barrio_id": 232, "proceso": 0, "fecha_regi": null, "activo_cat": "SI", "desactivad": 0, "avaluo_rem": 0.0, "avaluo_r_1": 0.0, "clasificac": "GENERAL", "anio_deuda": 2026, "deuda": 25.07, "valor_ip": 0.0, "coactiva": null, "ficharegis": 82929, "etam": 0.0756166636, "diferencia": -0.0032714081, "porc_difer": -1.87055e-05, "admisible": 1, "deuda_anio": 0.0, "2019_csv_c": null, "clavecat_1": null, "2021__csv_": null, "2021__csv1": null, "2022__csv_": "2-18-103-12-000", "2022__csv1": "012-25-05-2023", "Clavepre": "2-18-103-12-000", "RESOLUCION": "012-25-05-2023", "ORIG_FID": 172 }, "geometry": { "type": "Point", "coordinates": [ -80.670985854225847, -0.958838441358149 ] } },
{ "type": "Feature", "properties": { "id": 55194, "lote_id": 100662, "clavecatas": "2-18-99-08-000", "zona": "2", "sector": "18", "manzana": "99", "lote": "08", "ph": "000", "propietari": "GOBIERNO AUTONOMO DESCENTRALIZADO  MUNICIPAL MANTA .", "documentop": "1360000980001", "direccion": "VILLAMARINA MZ 05 LOTE 08", "area_m2": 198.97, "frente_uti": 30.5, "frente_tot": 30.5, "avaluo_con": 15558.4, "avaluo_sue": 15042.13, "zonaurbano": "URBANA", "parroquia": "LOS ESTEROS", "esta_bloqu": "NO", "es_tercera": "NO", "tiene_elec": "SI", "tiene_agua": "SI", "tiene_alca": "SI", "observacio": "AUTORIZADO...SE CREA EL PRESENTE CÓDIGO CATASTRAL MEDIANTE RESOLUCIÓN LEGISLATIVA N°. 448-24-03-2022, QUE DISPONE “AUTORIZAR LA TRANSFERENCIA DE DOMINIO DE 59 LOTES, Y DECLARAR, INCORPORAR AL PATRIMONIO MUNICIPAL, 122 LOTES DE TERRENO CONTENIDOS EN", "observac_1": null, "barrio": "VILLAMARINA", "parroquia_": 4, "barrio_id": 232, "proceso": 0, "fecha_regi": null, "activo_cat": "SI", "desactivad": 0, "avaluo_rem": 0.0, "avaluo_r_1": 0.0, "clasificac": "POR LEGALIZAR", "anio_deuda": 0, "deuda": 0.0, "valor_ip": 0.0, "coactiva": null, "ficharegis": 0, "etam": 0.0708934644, "diferencia": 0.0031428954, "porc_difer": 1.57958e-05, "admisible": 1, "deuda_anio": 0.0, "2019_csv_c": null, "clavecat_1": null, "2021__csv_": null, "2021__csv1": null, "2022__csv_": "2-18-99-08-000", "2022__csv1": "671-27-04-2023", "Clavepre": "2-18-99-08-000", "RESOLUCION": "671-27-04-2023", "ORIG_FID": 173 }, "geometry": { "type": "Point", "coordinates": [ -80.668552860909415, -0.962207820889074 ] } },
{ "type": "Feature", "properties": { "id": 55195, "lote_id": 100663, "clavecatas": "2-18-99-09-000", "zona": "2", "sector": "18", "manzana": "99", "lote": "09", "ph": "000", "propietari": "PILLASAGUA DELGADO PAOLA ROXANA", "documentop": "1312385410", "direccion": "VILLAMARINA MZ 05 LOTE 09", "area_m2": 185.27, "frente_uti": 28.8, "frente_tot": 28.8, "avaluo_con": 19689.82, "avaluo_sue": 13339.44, "zonaurbano": "URBANA", "parroquia": "LOS ESTEROS", "esta_bloqu": "NO", "es_tercera": "NO", "tiene_elec": "SI", "tiene_agua": "SI", "tiene_alca": "SI", "observacio": "AUTORIZADO...SE CREA EL PRESENTE CÓDIGO CATASTRAL MEDIANTE RESOLUCIÓN LEGISLATIVA N°. 448-24-03-2022, QUE DISPONE “AUTORIZAR LA TRANSFERENCIA DE DOMINIO DE 59 LOTES, Y DECLARAR, INCORPORAR AL PATRIMONIO MUNICIPAL, 122 LOTES DE TERRENO CONTENIDOS EN", "observac_1": null, "barrio": "VILLAMARINA", "parroquia_": 4, "barrio_id": 232, "proceso": 0, "fecha_regi": null, "activo_cat": "SI", "desactivad": 0, "avaluo_rem": 0.0, "avaluo_r_1": 0.0, "clasificac": "GENERAL", "anio_deuda": 2026, "deuda": 24.65, "valor_ip": 0.0, "coactiva": null, "ficharegis": 85790, "etam": 0.0734678701, "diferencia": -0.0029900333, "porc_difer": -1.61388e-05, "admisible": 1, "deuda_anio": 0.0, "2019_csv_c": null, "clavecat_1": null, "2021__csv_": null, "2021__csv1": null, "2022__csv_": "2-18-99-09-000", "2022__csv1": "671-27-04-2023", "Clavepre": "2-18-99-09-000", "RESOLUCION": "671-27-04-2023", "ORIG_FID": 174 }, "geometry": { "type": "Point", "coordinates": [ -80.668716432922452, -0.962145585060337 ] } },
{ "type": "Feature", "properties": { "id": 55200, "lote_id": 100668, "clavecatas": "2-18-99-14-000", "zona": "2", "sector": "18", "manzana": "99", "lote": "14", "ph": "000", "propietari": "GOBIERNO AUTONOMO DESCENTRALIZADO  MUNICIPAL MANTA .", "documentop": "1360000980001", "direccion": "VILLAMARINA MZ 05 LOTE 14", "area_m2": 174.43, "frente_uti": 10.0, "frente_tot": 10.0, "avaluo_con": 43386.72, "avaluo_sue": 12558.96, "zonaurbano": "URBANA", "parroquia": "LOS ESTEROS", "esta_bloqu": "NO", "es_tercera": "NO", "tiene_elec": "SI", "tiene_agua": "SI", "tiene_alca": "SI", "observacio": "AUTORIZADO...SE CREA EL PRESENTE CÓDIGO CATASTRAL MEDIANTE RESOLUCIÓN LEGISLATIVA N°. 448-24-03-2022, QUE DISPONE “AUTORIZAR LA TRANSFERENCIA DE DOMINIO DE 59 LOTES, Y DECLARAR, INCORPORAR AL PATRIMONIO MUNICIPAL, 122 LOTES DE TERRENO CONTENIDOS EN", "observac_1": null, "barrio": "VILLAMARINA", "parroquia_": 4, "barrio_id": 232, "proceso": 0, "fecha_regi": null, "activo_cat": "SI", "desactivad": 0, "avaluo_rem": 0.0, "avaluo_r_1": 0.0, "clasificac": "POR LEGALIZAR", "anio_deuda": 0, "deuda": 0.0, "valor_ip": 0.0, "coactiva": null, "ficharegis": 0, "etam": 0.0757163046, "diferencia": -0.0038852234, "porc_difer": -2.22738e-05, "admisible": 1, "deuda_anio": 0.0, "2019_csv_c": null, "clavecat_1": null, "2021__csv_": null, "2021__csv1": null, "2022__csv_": "2-18-99-14-000", "2022__csv1": "671-27-04-2023", "Clavepre": "2-18-99-14-000", "RESOLUCION": "671-27-04-2023", "ORIG_FID": 175 }, "geometry": { "type": "Point", "coordinates": [ -80.66863612263225, -0.961701719523643 ] } },
{ "type": "Feature", "properties": { "id": 53754, "lote_id": 100644, "clavecatas": "2-18-100-11-000", "zona": "2", "sector": "18", "manzana": "100", "lote": "11", "ph": "000", "propietari": "GARCIA MENENDEZ JOHNNY IVAN", "documentop": "1307534907", "direccion": "VILLAMARINA MZ 03 LOTE 11", "area_m2": 194.73, "frente_uti": 10.0, "frente_tot": 10.0, "avaluo_con": 18292.4, "avaluo_sue": 14020.56, "zonaurbano": "URBANA", "parroquia": "LOS ESTEROS", "esta_bloqu": "NO", "es_tercera": "NO", "tiene_elec": "SI", "tiene_agua": "SI", "tiene_alca": "SI", "observacio": "AUTORIZADO. SE CREA EL PRESENTE CÓDIGO CATASTRAL MEDIANTE RESOLUCIÓN LEGISLATIVA N°. 448-24-03-2022, QUE DISPONE “AUTORIZAR LA TRANSFERENCIA DE DOMINIO DE 59 LOTES, Y DECLARAR, INCORPORAR AL PATRIMONIO MUNICIPAL, 122 LOTES DE TERRENO CONTENIDOS EN E", "observac_1": null, "barrio": "VILLAMARINA", "parroquia_": 4, "barrio_id": 232, "proceso": 0, "fecha_regi": null, "activo_cat": "SI", "desactivad": 0, "avaluo_rem": 0.0, "avaluo_r_1": 0.0, "clasificac": "GENERAL", "anio_deuda": 0, "deuda": 0.0, "valor_ip": 0.0, "coactiva": null, "ficharegis": 87873, "etam": 0.0716611161, "diferencia": -0.0052066835, "porc_difer": -2.6738e-05, "admisible": 1, "deuda_anio": 0.0, "2019_csv_c": null, "clavecat_1": null, "2021__csv_": null, "2021__csv1": null, "2022__csv_": "2-18-100-11-000", "2022__csv1": "671-27-04-2023", "Clavepre": "2-18-100-11-000", "RESOLUCION": "671-27-04-2023", "ORIG_FID": 176 }, "geometry": { "type": "Point", "coordinates": [ -80.668801342685128, -0.962676948021545 ] } },
{ "type": "Feature", "properties": { "id": 53798, "lote_id": 100231, "clavecatas": "2-18-103-03-000", "zona": "2", "sector": "18", "manzana": "103", "lote": "03", "ph": "000", "propietari": "SALTOS SANCHEZ NORBERTO VICTORIANO", "documentop": "1302066277", "direccion": "VILLAMARINA MZ- 103  LOTE-03", "area_m2": 417.21, "frente_uti": 34.7, "frente_tot": 34.7, "avaluo_con": 287.64, "avaluo_sue": 24406.79, "zonaurbano": "URBANA", "parroquia": "LOS ESTEROS", "esta_bloqu": "NO", "es_tercera": "SI", "tiene_elec": "NO", "tiene_agua": "NO", "tiene_alca": "NO", "observacio": "INGRESO NUEVO DEL LISTADO DE PROCESO DE LEGALIZACION CON LA FICHA REGISTRAL 73844 EN BASE A LA INFORMACION TOMADA DEL SITIO POR LOS COMPAÑEROS 27/12/21 ARQ. LUPE LANDA..\r\nSE ACTUALIZA INFORMACIÓN CON ESCRITURA DE TRANSFERENCIA DE DOMINIO POR EXPROPIACI", "observac_1": null, "barrio": "VILLAMARINA", "parroquia_": 4, "barrio_id": 232, "proceso": 0, "fecha_regi": null, "activo_cat": "SI", "desactivad": 0, "avaluo_rem": 0.0, "avaluo_r_1": 0.0, "clasificac": "GENERAL", "anio_deuda": 2023, "deuda": 84.35, "valor_ip": 0.0, "coactiva": null, "ficharegis": 82924, "etam": 0.1468736541, "diferencia": -0.0098163179, "porc_difer": -2.35285e-05, "admisible": 1, "deuda_anio": 56.76, "2019_csv_c": null, "clavecat_1": null, "2021__csv_": null, "2021__csv1": null, "2022__csv_": "2-18-103-03-000", "2022__csv1": "079-05-10-2023", "Clavepre": "2-18-103-03-000", "RESOLUCION": "079-05-10-2023", "ORIG_FID": 177 }, "geometry": { "type": "Point", "coordinates": [ -80.671053625149568, -0.958406551157974 ] } },
{ "type": "Feature", "properties": { "id": 53799, "lote_id": 100232, "clavecatas": "2-18-103-04-000", "zona": "2", "sector": "18", "manzana": "103", "lote": "04", "ph": "000", "propietari": "GOBIERNO AUTONOMO DESCENTRALIZADO MCPAL.DEL CANTON MANTA .", "documentop": "1360000980001", "direccion": "VILLAMARINA MZ - 103 LOTE - 04", "area_m2": 292.38, "frente_uti": 11.2, "frente_tot": 31.4, "avaluo_con": 323.14, "avaluo_sue": 19004.7, "zonaurbano": "URBANA", "parroquia": "LOS ESTEROS", "esta_bloqu": "NO", "es_tercera": "NO", "tiene_elec": "NO", "tiene_agua": "NO", "tiene_alca": "NO", "observacio": "INGRESO NUEVO DEL LISTADO DE PROCESO DE LEGALIZACION CON LA FICHA REGISTRAL 73844 EN BASE A LA INFORMACION TOMADA DEL SITIO POR LOS COMPAÑEROS 27/12/21 ARQ. LUPE LANDA..\r\nSE ACTUALIZA INFORMACIÓN CON ESCRITURA DE TRANSFERENCIA DE DOMINIO POR EXPROPIACI", "observac_1": null, "barrio": "VILLAMARINA", "parroquia_": 4, "barrio_id": 232, "proceso": 0, "fecha_regi": null, "activo_cat": "SI", "desactivad": 0, "avaluo_rem": 0.0, "avaluo_r_1": 0.0, "clasificac": "GENERAL", "anio_deuda": 2026, "deuda": 23.18, "valor_ip": 0.0, "coactiva": null, "ficharegis": 82926, "etam": 0.1169650645, "diferencia": -0.0097295184, "porc_difer": -3.3277e-05, "admisible": 1, "deuda_anio": 0.0, "2019_csv_c": null, "clavecat_1": null, "2021__csv_": null, "2021__csv1": null, "2022__csv_": "2-18-103-04-000", "2022__csv1": "012-25-05-2023", "Clavepre": "2-18-103-04-000", "RESOLUCION": "012-25-05-2023", "ORIG_FID": 178 }, "geometry": { "type": "Point", "coordinates": [ -80.671012479428214, -0.958287928048772 ] } },
{ "type": "Feature", "properties": { "id": 53800, "lote_id": 100234, "clavecatas": "2-18-103-05-000", "zona": "2", "sector": "18", "manzana": "103", "lote": "05", "ph": "000", "propietari": "GOBIERNO AUTONOMO DESCENTRALIZADO MCPAL.DEL CANTON MANTA .", "documentop": "1360000980001", "direccion": "VILLAMARINA MZ- 103  LOTE-05", "area_m2": 92.47, "frente_uti": 20.2, "frente_tot": 20.2, "avaluo_con": 13019.78, "avaluo_sue": 6311.08, "zonaurbano": "URBANA", "parroquia": "LOS ESTEROS", "esta_bloqu": "NO", "es_tercera": "NO", "tiene_elec": "NO", "tiene_agua": "NO", "tiene_alca": "NO", "observacio": "INGRESO NUEVO DEL LISTADO DE PROCESO DE LEGALIZACION CON LA FICHA REGISTRAL 73844 EN BASE A LA INFORMACION TOMADA DEL SITIO POR LOS COMPAÑEROS 27/12/21 ARQ. LUPE LANDA..\r\nSE ACTUALIZA INFORMACIÓN CON ESCRITURA DE TRANSFERENCIA DE DOMINIO POR EXPROPIACI", "observac_1": null, "barrio": "VILLAMARINA", "parroquia_": 4, "barrio_id": 232, "proceso": 0, "fecha_regi": null, "activo_cat": "SI", "desactivad": 0, "avaluo_rem": 0.0, "avaluo_r_1": 0.0, "clasificac": "GENERAL", "anio_deuda": 2026, "deuda": 32.63, "valor_ip": 0.0, "coactiva": null, "ficharegis": 82927, "etam": 0.1, "diferencia": -0.0050263321, "porc_difer": -5.43564e-05, "admisible": 1, "deuda_anio": 0.0, "2019_csv_c": null, "clavecat_1": null, "2021__csv_": null, "2021__csv1": null, "2022__csv_": "2-18-103-05-000", "2022__csv1": "012-25-05-2023", "Clavepre": "2-18-103-05-000", "RESOLUCION": "012-25-05-2023", "ORIG_FID": 179 }, "geometry": { "type": "Point", "coordinates": [ -80.67106557200843, -0.958161346659247 ] } },
{ "type": "Feature", "properties": { "id": 53802, "lote_id": 100219, "clavecatas": "2-18-103-07-000", "zona": "2", "sector": "18", "manzana": "103", "lote": "07", "ph": "000", "propietari": "GOBIERNO AUTONOMO DESCENTRALIZADO MCPAL.DEL CANTON MANTA .", "documentop": "1360000980001", "direccion": "VILLAMARINA MZ - 103 LOTE - 07", "area_m2": 372.52, "frente_uti": 18.1, "frente_tot": 38.1, "avaluo_con": 23612.48, "avaluo_sue": 25424.49, "zonaurbano": "URBANA", "parroquia": "LOS ESTEROS", "esta_bloqu": "NO", "es_tercera": "NO", "tiene_elec": "NO", "tiene_agua": "NO", "tiene_alca": "NO", "observacio": "INGRESO NUEVO DEL LISTADO DE PROCESO DE LEGALIZACION CON LA FICHA REGISTRAL 73844 EN BASE A LA INFORMACION TOMADA DEL SITIO POR LOS COMPAÑEROS 27/12/21 ARQ. LUPE LANDA..\r\nSE ACTUALIZA INFORMACIÓN CON ESCRITURA DE TRANSFERENCIA DE DOMINIO POR EXPROPIACI", "observac_1": null, "barrio": "VILLAMARINA", "parroquia_": 4, "barrio_id": 232, "proceso": 0, "fecha_regi": null, "activo_cat": "SI", "desactivad": 0, "avaluo_rem": 0.0, "avaluo_r_1": 0.0, "clasificac": "GENERAL", "anio_deuda": 2026, "deuda": 67.48, "valor_ip": 0.0, "coactiva": null, "ficharegis": 82935, "etam": 0.1554341554, "diferencia": -0.0040029169, "porc_difer": -1.07455e-05, "admisible": 1, "deuda_anio": 0.0, "2019_csv_c": null, "clavecat_1": null, "2021__csv_": null, "2021__csv1": null, "2022__csv_": "2-18-103-07-000", "2022__csv1": "012-25-05-2023", "Clavepre": "2-18-103-07-000", "RESOLUCION": "012-25-05-2023", "ORIG_FID": 180 }, "geometry": { "type": "Point", "coordinates": [ -80.670747110809444, -0.958346692923063 ] } },
{ "type": "Feature", "properties": { "id": 53803, "lote_id": 100221, "clavecatas": "2-18-103-08-000", "zona": "2", "sector": "18", "manzana": "103", "lote": "08", "ph": "000", "propietari": "GOBIERNO AUTONOMO DESCENTRALIZADO MCPAL.DEL CANTON MANTA .", "documentop": "1360000980001", "direccion": "VILLAMARINA MZ - 103 LOTE - 08", "area_m2": 192.73, "frente_uti": 10.2, "frente_tot": 10.2, "avaluo_con": 7231.2, "avaluo_sue": 12527.45, "zonaurbano": "URBANA", "parroquia": "LOS ESTEROS", "esta_bloqu": "NO", "es_tercera": "NO", "tiene_elec": "NO", "tiene_agua": "NO", "tiene_alca": "NO", "observacio": "INGRESO NUEVO DEL LISTADO DE PROCESO DE LEGALIZACION CON LA FICHA REGISTRAL 73844 EN BASE A LA INFORMACION TOMADA DEL SITIO POR LOS COMPAÑEROS 27/12/21 ARQ. LUPE LANDA..\r\nSE ACTUALIZA INFORMACIÓN CON ESCRITURA DE TRANSFERENCIA DE DOMINIO POR EXPROPIACI", "observac_1": null, "barrio": "VILLAMARINA", "parroquia_": 4, "barrio_id": 232, "proceso": 0, "fecha_regi": null, "activo_cat": "SI", "desactivad": 0, "avaluo_rem": 0.0, "avaluo_r_1": 0.0, "clasificac": "GENERAL", "anio_deuda": 2026, "deuda": 22.14, "valor_ip": 0.0, "coactiva": null, "ficharegis": 82934, "etam": 0.0720319778, "diferencia": -0.0053438969, "porc_difer": -2.77274e-05, "admisible": 1, "deuda_anio": 0.0, "2019_csv_c": null, "clavecat_1": null, "2021__csv_": null, "2021__csv1": null, "2022__csv_": "2-18-103-08-000", "2022__csv1": "012-25-05-2023", "Clavepre": "2-18-103-08-000", "RESOLUCION": "012-25-05-2023", "ORIG_FID": 181 }, "geometry": { "type": "Point", "coordinates": [ -80.670800573543332, -0.958471020196796 ] } },
{ "type": "Feature", "properties": { "id": 53804, "lote_id": 100222, "clavecatas": "2-18-103-09-000", "zona": "2", "sector": "18", "manzana": "103", "lote": "09", "ph": "000", "propietari": "GOBIERNO AUTONOMO DESCENTRALIZADO MCPAL.DEL CANTON MANTA .", "documentop": "1360000980001", "direccion": "VILLAMARINA MZ - 103 LOTE - 09", "area_m2": 187.16, "frente_uti": 10.0, "frente_tot": 10.0, "avaluo_con": 13606.56, "avaluo_sue": 12165.4, "zonaurbano": "URBANA", "parroquia": "LOS ESTEROS", "esta_bloqu": "NO", "es_tercera": "NO", "tiene_elec": "NO", "tiene_agua": "NO", "tiene_alca": "NO", "observacio": "INGRESO NUEVO DEL LISTADO DE PROCESO DE LEGALIZACION CON LA FICHA REGISTRAL 73844 EN BASE A LA INFORMACION TOMADA DEL SITIO POR LOS COMPAÑEROS 27/12/21 ARQ. LUPE LANDA..\r\nSE ACTUALIZA INFORMACIÓN CON ESCRITURA DE TRANSFERENCIA DE DOMINIO POR EXPROPIACI", "observac_1": null, "barrio": "VILLAMARINA", "parroquia_": 4, "barrio_id": 232, "proceso": 0, "fecha_regi": null, "activo_cat": "SI", "desactivad": 0, "avaluo_rem": 0.0, "avaluo_r_1": 0.0, "clasificac": "GENERAL", "anio_deuda": 2023, "deuda": 31.67, "valor_ip": 0.0, "coactiva": null, "ficharegis": 82933, "etam": 0.0730959781, "diferencia": -0.0040413414, "porc_difer": -2.1593e-05, "admisible": 1, "deuda_anio": 0.9, "2019_csv_c": null, "clavecat_1": null, "2021__csv_": null, "2021__csv1": null, "2022__csv_": "2-18-103-09-000", "2022__csv1": "012-25-05-2023", "Clavepre": "2-18-103-09-000", "RESOLUCION": "012-25-05-2023", "ORIG_FID": 182 }, "geometry": { "type": "Point", "coordinates": [ -80.670837208066331, -0.958554529680868 ] } },
{ "type": "Feature", "properties": { "id": 53806, "lote_id": 100225, "clavecatas": "2-18-103-10-000", "zona": "2", "sector": "18", "manzana": "103", "lote": "10", "ph": "000", "propietari": "GOBIERNO AUTONOMO DESCENTRALIZADO MCPAL.DEL CANTON MANTA .", "documentop": "1360000980001", "direccion": "VILLAMARINA MZ- 103  LOTE-10", "area_m2": 185.3, "frente_uti": 10.0, "frente_tot": 10.0, "avaluo_con": 741.06, "avaluo_sue": 12044.5, "zonaurbano": "URBANA", "parroquia": "LOS ESTEROS", "esta_bloqu": "NO", "es_tercera": "NO", "tiene_elec": "NO", "tiene_agua": "NO", "tiene_alca": "NO", "observacio": "INGRESO NUEVO DEL LISTADO DE PROCESO DE LEGALIZACION CON LA FICHA REGISTRAL 73844 EN BASE A LA INFORMACION TOMADA DEL SITIO POR LOS COMPAÑEROS 27/12/21 ARQ. LUPE LANDA..\r\nSE ACTUALIZA INFORMACIÓN CON ESCRITURA DE TRANSFERENCIA DE DOMINIO POR EXPROPIACI", "observac_1": null, "barrio": "VILLAMARINA", "parroquia_": 4, "barrio_id": 232, "proceso": 0, "fecha_regi": null, "activo_cat": "SI", "desactivad": 0, "avaluo_rem": 0.0, "avaluo_r_1": 0.0, "clasificac": "GENERAL", "anio_deuda": 2022, "deuda": 24.24, "valor_ip": 0.0, "coactiva": null, "ficharegis": 82932, "etam": 0.0734619226, "diferencia": -0.0038395975, "porc_difer": -2.0721e-05, "admisible": 1, "deuda_anio": 1.23, "2019_csv_c": null, "clavecat_1": null, "2021__csv_": null, "2021__csv1": null, "2022__csv_": "2-18-103-10-000", "2022__csv1": "012-25-05-2023", "Clavepre": "2-18-103-10-000", "RESOLUCION": "012-25-05-2023", "ORIG_FID": 183 }, "geometry": { "type": "Point", "coordinates": [ -80.67087356245446, -0.958637350293044 ] } },
{ "type": "Feature", "properties": { "id": 53809, "lote_id": 100228, "clavecatas": "2-18-103-13-000", "zona": "2", "sector": "18", "manzana": "103", "lote": "13", "ph": "000", "propietari": "VERA MANTUANO IRWIN JAVIER", "documentop": "1312505348", "direccion": "VILLAMARINA MZ - 103 LOTE - 13", "area_m2": 147.44, "frente_uti": 7.5, "frente_tot": 7.5, "avaluo_con": 12027.12, "avaluo_sue": 8625.24, "zonaurbano": "URBANA", "parroquia": "LOS ESTEROS", "esta_bloqu": "NO", "es_tercera": "NO", "tiene_elec": "NO", "tiene_agua": "NO", "tiene_alca": "NO", "observacio": "INGRESO NUEVO DEL LISTADO DE PROCESO DE LEGALIZACION CON LA FICHA REGISTRAL 73844 EN BASE A LA INFORMACION TOMADA DEL SITIO POR LOS COMPAÑEROS 27/12/21 ARQ. LUPE LANDA..\r\nSE ACTUALIZA INFORMACIÓN CON ESCRITURA DE TRANSFERENCIA DE DOMINIO POR EXPROPIACI", "observac_1": null, "barrio": "VILLAMARINA", "parroquia_": 4, "barrio_id": 232, "proceso": 0, "fecha_regi": null, "activo_cat": "SI", "desactivad": 0, "avaluo_rem": 0.0, "avaluo_r_1": 0.0, "clasificac": "GENERAL", "anio_deuda": 2026, "deuda": 24.29, "valor_ip": 0.0, "coactiva": null, "ficharegis": 82930, "etam": 0.0823554489, "diferencia": -0.1913884845, "porc_difer": -0.0012980771, "admisible": 1, "deuda_anio": 0.0, "2019_csv_c": null, "clavecat_1": null, "2021__csv_": null, "2021__csv1": null, "2022__csv_": "2-18-103-13-000", "2022__csv1": "012-25-05-2023", "Clavepre": "2-18-103-13-000", "RESOLUCION": "012-25-05-2023", "ORIG_FID": 184 }, "geometry": { "type": "Point", "coordinates": [ -80.670919201570598, -0.958869593695632 ] } },
{ "type": "Feature", "properties": { "id": 53811, "lote_id": 102559, "clavecatas": "2-18-103-15-000", "zona": "2", "sector": "18", "manzana": "103", "lote": "15", "ph": "000", "propietari": "GOBIERNO AUTONOMO DESCENTRALIZADO  MUNICIPAL MANTA .", "documentop": "1360000980001", "direccion": "VILLAMARINA MZ 87 LOTE 02 - CALLE V-14", "area_m2": 193.63, "frente_uti": 10.0, "frente_tot": 10.0, "avaluo_con": 5414.4, "avaluo_sue": 12585.95, "zonaurbano": "URBANA", "parroquia": "LOS ESTEROS", "esta_bloqu": "NO", "es_tercera": "NO", "tiene_elec": "NO", "tiene_agua": "NO", "tiene_alca": "NO", "observacio": "SE PROCEDE A CREAR EL CODIGO CATASTRAL 2-18-103-15-000 POR PROCESO DE LEGALIZACION - EXPROPIACION ESPECIAL VILLAMARINA.\r\nSE ACTUALIZA INFORMACIÓN CON ESCRITURA DE TRANSFERENCIA DE DOMINIO POR EXPROPIACIÓN INSCRITA EN EL REGISTRO DE LA PROPIEDAD 21 DE A", "observac_1": null, "barrio": "VILLAMARINA", "parroquia_": 4, "barrio_id": 232, "proceso": 0, "fecha_regi": null, "activo_cat": "SI", "desactivad": 0, "avaluo_rem": 0.0, "avaluo_r_1": 0.0, "clasificac": "POR LEGALIZAR", "anio_deuda": 0, "deuda": 0.0, "valor_ip": 0.0, "coactiva": null, "ficharegis": 82939, "etam": 0.071864379, "diferencia": -3.0043030351, "porc_difer": -0.0155156899, "admisible": 1, "deuda_anio": 0.0, "2019_csv_c": null, "clavecat_1": null, "2021__csv_": null, "2021__csv1": null, "2022__csv_": "2-18-103-15-000", "2022__csv1": "012-25-05-2023", "Clavepre": "2-18-103-15-000", "RESOLUCION": "012-25-05-2023", "ORIG_FID": 185 }, "geometry": { "type": "Point", "coordinates": [ -80.670758352242686, -0.958794050611933 ] } },
{ "type": "Feature", "properties": { "id": 53819, "lote_id": 100604, "clavecatas": "2-18-104-01-000", "zona": "2", "sector": "18", "manzana": "104", "lote": "01", "ph": "000", "propietari": "ZAMBRANO ZAMBRANO RUTH GENOVEVA", "documentop": "1308987229", "direccion": "VILLAMARINA MZ 09 LOTE 01", "area_m2": 430.43, "frente_uti": 57.6, "frente_tot": 57.6, "avaluo_con": 17736.13, "avaluo_sue": 23795.25, "zonaurbano": "URBANA", "parroquia": "LOS ESTEROS", "esta_bloqu": "NO", "es_tercera": "NO", "tiene_elec": "SI", "tiene_agua": "SI", "tiene_alca": "SI", "observacio": "*AUTORIZADO:SE CREA EL PRESENTE CÓDIGO CATASTRAL MEDIANTE RESOLUCIÓN LEGISLATIVA N°. 448-24-03-2022, QUE DISPONE “AUTORIZAR LA TRANSFERENCIA DE DOMINIO DE 59 LOTES, Y DECLARAR, INCORPORAR AL PATRIMONIO MUNICIPAL, 122 LOTES DE TERRENO CONTENIDOS EN E", "observac_1": null, "barrio": "VILLAMARINA", "parroquia_": 4, "barrio_id": 232, "proceso": 0, "fecha_regi": null, "activo_cat": "SI", "desactivad": 0, "avaluo_rem": 0.0, "avaluo_r_1": 0.0, "clasificac": "GENERAL", "anio_deuda": 0, "deuda": 0.0, "valor_ip": 0.0, "coactiva": null, "ficharegis": 86538, "etam": 0.1446005644, "diferencia": -0.0036697778, "porc_difer": -8.5258e-06, "admisible": 1, "deuda_anio": 0.0, "2019_csv_c": null, "clavecat_1": null, "2021__csv_": null, "2021__csv1": null, "2022__csv_": "2-18-104-01-000", "2022__csv1": "671-27-04-2023", "Clavepre": "2-18-104-01-000", "RESOLUCION": "671-27-04-2023", "ORIG_FID": 186 }, "geometry": { "type": "Point", "coordinates": [ -80.668299322447567, -0.958234510127412 ] } },
{ "type": "Feature", "properties": { "id": 53823, "lote_id": 100584, "clavecatas": "2-18-104-05-000", "zona": "2", "sector": "18", "manzana": "104", "lote": "05", "ph": "000", "propietari": "MUÑOZ CHAVARRIA ROSA MERCEDES", "documentop": "1314030097", "direccion": "VILLAMARINA MZ 09 LOTE 05", "area_m2": 191.77, "frente_uti": 10.0, "frente_tot": 10.0, "avaluo_con": 15048.99, "avaluo_sue": 11218.55, "zonaurbano": "URBANA", "parroquia": "LOS ESTEROS", "esta_bloqu": "NO", "es_tercera": "NO", "tiene_elec": "SI", "tiene_agua": "SI", "tiene_alca": "SI", "observacio": "* AUTORIZADO :SE CREA EL PRESENTE CÓDIGO CATASTRAL MEDIANTE RESOLUCIÓN LEGISLATIVA N°. 448-24-03-2022, QUE DISPONE “AUTORIZAR LA TRANSFERENCIA DE DOMINIO DE 59 LOTES, Y DECLARAR, INCORPORAR AL PATRIMONIO MUNICIPAL, 122 LOTES DE TERRENO CONTENIDOS EN", "observac_1": null, "barrio": "VILLAMARINA", "parroquia_": 4, "barrio_id": 232, "proceso": 0, "fecha_regi": null, "activo_cat": "SI", "desactivad": 0, "avaluo_rem": 0.0, "avaluo_r_1": 0.0, "clasificac": "GENERAL", "anio_deuda": 0, "deuda": 0.0, "valor_ip": 0.0, "coactiva": null, "ficharegis": 85638, "etam": 0.0722120486, "diferencia": -0.0028429175, "porc_difer": -1.48246e-05, "admisible": 1, "deuda_anio": 0.0, "2019_csv_c": null, "clavecat_1": null, "2021__csv_": null, "2021__csv1": null, "2022__csv_": "2-18-104-05-000", "2022__csv1": "671-27-04-2023", "Clavepre": "2-18-104-05-000", "RESOLUCION": "671-27-04-2023", "ORIG_FID": 187 }, "geometry": { "type": "Point", "coordinates": [ -80.668334232094352, -0.958566452937444 ] } },
{ "type": "Feature", "properties": { "id": 53825, "lote_id": 100575, "clavecatas": "2-18-104-07-000", "zona": "2", "sector": "18", "manzana": "104", "lote": "07", "ph": "000", "propietari": "VELEZ VELEZ ANGELA EVITA", "documentop": "1307193878", "direccion": "VILLAMARINA MZ 09 LOTE 07", "area_m2": 195.6, "frente_uti": 10.2, "frente_tot": 10.2, "avaluo_con": 13960.08, "avaluo_sue": 12714.0, "zonaurbano": "URBANA", "parroquia": "LOS ESTEROS", "esta_bloqu": "NO", "es_tercera": "NO", "tiene_elec": "SI", "tiene_agua": "SI", "tiene_alca": "SI", "observacio": "SE CREA EL PRESENTE CÓDIGO CATASTRAL MEDIANTE RESOLUCIÓN LEGISLATIVA N°. 448-24-03-2022, QUE DISPONE “AUTORIZAR LA TRANSFERENCIA DE DOMINIO DE 59 LOTES, Y DECLARAR, INCORPORAR AL PATRIMONIO MUNICIPAL, 122 LOTES DE TERRENO CONTENIDOS EN EL INFORME MT", "observac_1": null, "barrio": "VILLAMARINA", "parroquia_": 4, "barrio_id": 232, "proceso": 0, "fecha_regi": null, "activo_cat": "SI", "desactivad": 0, "avaluo_rem": 0.0, "avaluo_r_1": 0.0, "clasificac": "GENERAL", "anio_deuda": 0, "deuda": 0.0, "valor_ip": 0.0, "coactiva": null, "ficharegis": 85451, "etam": 0.0715015695, "diferencia": -0.0082997723, "porc_difer": -4.24324e-05, "admisible": 1, "deuda_anio": 0.0, "2019_csv_c": null, "clavecat_1": null, "2021__csv_": null, "2021__csv1": null, "2022__csv_": "2-18-104-07-000", "2022__csv1": "671-27-04-2023", "Clavepre": "2-18-104-07-000", "RESOLUCION": "671-27-04-2023", "ORIG_FID": 188 }, "geometry": { "type": "Point", "coordinates": [ -80.668405617882058, -0.958733501140446 ] } },
{ "type": "Feature", "properties": { "id": 53833, "lote_id": 100613, "clavecatas": "2-18-104-15-000", "zona": "2", "sector": "18", "manzana": "104", "lote": "15", "ph": "000", "propietari": "GOBIERNO AUTONOMO DESCENTRALIZADO  MUNICIPAL MANTA .", "documentop": "1360000980001", "direccion": "B. VILLAMARINA MZ-09  LOTE-15", "area_m2": 189.94, "frente_uti": 10.0, "frente_tot": 10.0, "avaluo_con": 3666.0, "avaluo_sue": 12346.1, "zonaurbano": "URBANA", "parroquia": "LOS ESTEROS", "esta_bloqu": "NO", "es_tercera": "NO", "tiene_elec": "NO", "tiene_agua": "NO", "tiene_alca": "NO", "observacio": "* AUTORIZADO :SE CREA EL PRESENTE CÓDIGO CATASTRAL MEDIANTE RESOLUCIÓN LEGISLATIVA N°. 448-24-03-2022, QUE DISPONE “AUTORIZAR LA TRANSFERENCIA DE DOMINIO DE 59 LOTES, Y DECLARAR, INCORPORAR AL PATRIMONIO MUNICIPAL, 122 LOTES DE TERRENO CONTENIDOS EN", "observac_1": null, "barrio": "VILLAMARINA", "parroquia_": 4, "barrio_id": 232, "proceso": 0, "fecha_regi": null, "activo_cat": "SI", "desactivad": 0, "avaluo_rem": 0.0, "avaluo_r_1": 0.0, "clasificac": "POR LEGALIZAR", "anio_deuda": 0, "deuda": 0.0, "valor_ip": 0.0, "coactiva": null, "ficharegis": 0, "etam": 0.0725590826, "diferencia": -0.0037045577, "porc_difer": -1.95038e-05, "admisible": 1, "deuda_anio": 0.0, "2019_csv_c": null, "clavecat_1": null, "2021__csv_": null, "2021__csv1": null, "2022__csv_": "2-18-104-15-000", "2022__csv1": "671-27-04-2023", "Clavepre": "2-18-104-15-000", "RESOLUCION": "671-27-04-2023", "ORIG_FID": 189 }, "geometry": { "type": "Point", "coordinates": [ -80.668559298055328, -0.958656144044144 ] } },
{ "type": "Feature", "properties": { "id": 53838, "lote_id": 100618, "clavecatas": "2-18-105-01-000", "zona": "2", "sector": "18", "manzana": "105", "lote": "01", "ph": "000", "propietari": "PILLASAGUA CHAVEZ GINA JESSENIA", "documentop": "1309494738", "direccion": "VILLAMARINA MZ 08 LOTE 01", "area_m2": 149.91, "frente_uti": 52.51, "frente_tot": 52.51, "avaluo_con": 2210.56, "avaluo_sue": 10199.88, "zonaurbano": "URBANA", "parroquia": "LOS ESTEROS", "esta_bloqu": "NO", "es_tercera": "NO", "tiene_elec": "NO", "tiene_agua": "NO", "tiene_alca": "NO", "observacio": "* AUTORIZADO :SE CREA EL PRESENTE CÓDIGO CATASTRAL MEDIANTE RESOLUCIÓN LEGISLATIVA N°. 448-24-03-2022, QUE DISPONE “AUTORIZAR LA TRANSFERENCIA DE DOMINIO DE 59 LOTES, Y DECLARAR, INCORPORAR AL PATRIMONIO MUNICIPAL, 122 LOTES DE TERRENO CONTENIDOS EN", "observac_1": null, "barrio": "VILLAMARINA", "parroquia_": 4, "barrio_id": 232, "proceso": 0, "fecha_regi": null, "activo_cat": "SI", "desactivad": 0, "avaluo_rem": 0.0, "avaluo_r_1": 0.0, "clasificac": "GENERAL", "anio_deuda": 0, "deuda": 0.0, "valor_ip": 0.0, "coactiva": null, "ficharegis": 87810, "etam": 0.081674164, "diferencia": -0.007343433, "porc_difer": -4.89856e-05, "admisible": 1, "deuda_anio": 0.0, "2019_csv_c": null, "clavecat_1": null, "2021__csv_": null, "2021__csv1": null, "2022__csv_": "2-18-105-01-000", "2022__csv1": "671-27-04-2023", "Clavepre": "2-18-105-01-000", "RESOLUCION": "671-27-04-2023", "ORIG_FID": 190 }, "geometry": { "type": "Point", "coordinates": [ -80.668173019497502, -0.958688461149388 ] } },
{ "type": "Feature", "properties": { "id": 53847, "lote_id": 100605, "clavecatas": "2-18-106-06-000", "zona": "2", "sector": "18", "manzana": "106", "lote": "06", "ph": "000", "propietari": "CHAVEZ MURILLO NARCISA MONSERRATE", "documentop": "1307753036", "direccion": "VILLAMARINA MZ 07 LOTE 06", "area_m2": 193.79, "frente_uti": 29.2, "frente_tot": 29.2, "avaluo_con": 10256.9, "avaluo_sue": 14650.52, "zonaurbano": "URBANA", "parroquia": "LOS ESTEROS", "esta_bloqu": "NO", "es_tercera": "NO", "tiene_elec": "SI", "tiene_agua": "SI", "tiene_alca": "SI", "observacio": "*AUTORIZADO:SE CREA EL PRESENTE CÓDIGO CATASTRAL MEDIANTE RESOLUCIÓN LEGISLATIVA N°. 448-24-03-2022, QUE DISPONE “AUTORIZAR LA TRANSFERENCIA DE DOMINIO DE 59 LOTES, Y DECLARAR, INCORPORAR AL PATRIMONIO MUNICIPAL, 122 LOTES DE TERRENO CONTENIDOS EN E", "observac_1": null, "barrio": "VILLAMARINA", "parroquia_": 4, "barrio_id": 232, "proceso": 0, "fecha_regi": null, "activo_cat": "SI", "desactivad": 0, "avaluo_rem": 0.0, "avaluo_r_1": 0.0, "clasificac": "GENERAL", "anio_deuda": 0, "deuda": 0.0, "valor_ip": 0.0, "coactiva": null, "ficharegis": 85469, "etam": 0.071834706, "diferencia": -0.0028675704, "porc_difer": -1.47973e-05, "admisible": 1, "deuda_anio": 0.0, "2019_csv_c": null, "clavecat_1": null, "2021__csv_": null, "2021__csv1": null, "2022__csv_": "2-18-106-06-000", "2022__csv1": "671-27-04-2023", "Clavepre": "2-18-106-06-000", "RESOLUCION": "671-27-04-2023", "ORIG_FID": 191 }, "geometry": { "type": "Point", "coordinates": [ -80.668457466671981, -0.959912492880227 ] } },
{ "type": "Feature", "properties": { "id": 53848, "lote_id": 100606, "clavecatas": "2-18-106-07-000", "zona": "2", "sector": "18", "manzana": "106", "lote": "07", "ph": "000", "propietari": "MOLINA FRANCO SILVANA MARIBEL", "documentop": "1309664603", "direccion": "VILLAMARINA MZ 07 LOTE 07", "area_m2": 202.9, "frente_uti": 30.0, "frente_tot": 30.0, "avaluo_con": 23218.0, "avaluo_sue": 15339.24, "zonaurbano": "URBANA", "parroquia": "LOS ESTEROS", "esta_bloqu": "NO", "es_tercera": "NO", "tiene_elec": "SI", "tiene_agua": "SI", "tiene_alca": "SI", "observacio": "*AUTORIZADO:SE CREA EL PRESENTE CÓDIGO CATASTRAL MEDIANTE RESOLUCIÓN LEGISLATIVA N°. 448-24-03-2022, QUE DISPONE “AUTORIZAR LA TRANSFERENCIA DE DOMINIO DE 59 LOTES, Y DECLARAR, INCORPORAR AL PATRIMONIO MUNICIPAL, 122 LOTES DE TERRENO CONTENIDOS EN E", "observac_1": null, "barrio": "VILLAMARINA", "parroquia_": 4, "barrio_id": 232, "proceso": 0, "fecha_regi": null, "activo_cat": "SI", "desactivad": 0, "avaluo_rem": 0.0, "avaluo_r_1": 0.0, "clasificac": "GENERAL", "anio_deuda": 0, "deuda": 0.0, "valor_ip": 0.0, "coactiva": null, "ficharegis": 85786, "etam": 0.1404070686, "diferencia": -0.0025322885, "porc_difer": -1.24805e-05, "admisible": 1, "deuda_anio": 0.0, "2019_csv_c": null, "clavecat_1": null, "2021__csv_": null, "2021__csv1": null, "2022__csv_": "2-18-106-07-000", "2022__csv1": "671-27-04-2023", "Clavepre": "2-18-106-07-000", "RESOLUCION": "671-27-04-2023", "ORIG_FID": 192 }, "geometry": { "type": "Point", "coordinates": [ -80.668615974359284, -0.959840443917743 ] } },
{ "type": "Feature", "properties": { "id": 53856, "lote_id": 100649, "clavecatas": "2-18-107-05-000", "zona": "2", "sector": "18", "manzana": "107", "lote": "05", "ph": "000", "propietari": "GOBIERNO AUTONOMO DESCENTRALIZADO  MUNICIPAL MANTA .", "documentop": "1360000980001", "direccion": "VILLAMARINA MZ 06 LOTE 05", "area_m2": 585.28, "frente_uti": 42.02, "frente_tot": 42.02, "avaluo_con": 11317.25, "avaluo_sue": 37926.14, "zonaurbano": "URBANA", "parroquia": "LOS ESTEROS", "esta_bloqu": "NO", "es_tercera": "NO", "tiene_elec": "SI", "tiene_agua": "SI", "tiene_alca": "SI", "observacio": "AUTORIZADO. SE CREA EL PRESENTE CÓDIGO CATASTRAL MEDIANTE RESOLUCIÓN LEGISLATIVA N°. 448-24-03-2022, QUE DISPONE “AUTORIZAR LA TRANSFERENCIA DE DOMINIO DE 59 LOTES, Y DECLARAR, INCORPORAR AL PATRIMONIO MUNICIPAL, 122 LOTES DE TERRENO CONTENIDOS EN E", "observac_1": null, "barrio": "VILLAMARINA", "parroquia_": 4, "barrio_id": 232, "proceso": 0, "fecha_regi": null, "activo_cat": "SI", "desactivad": 0, "avaluo_rem": 0.0, "avaluo_r_1": 0.0, "clasificac": "POR LEGALIZAR", "anio_deuda": 0, "deuda": 0.0, "valor_ip": 0.0, "coactiva": null, "ficharegis": 0, "etam": 0.1653400823, "diferencia": -0.007134889, "porc_difer": -1.21906e-05, "admisible": 1, "deuda_anio": 0.0, "2019_csv_c": null, "clavecat_1": null, "2021__csv_": null, "2021__csv1": null, "2022__csv_": "2-18-107-05-000", "2022__csv1": "671-27-04-2023", "Clavepre": "2-18-107-05-000", "RESOLUCION": "671-27-04-2023", "ORIG_FID": 193 }, "geometry": { "type": "Point", "coordinates": [ -80.668332946433964, -0.960631939281718 ] } },
{ "type": "Feature", "properties": { "id": 53860, "lote_id": 100589, "clavecatas": "2-18-107-09-000", "zona": "2", "sector": "18", "manzana": "107", "lote": "09", "ph": "000", "propietari": "GOBIERNO AUTONOMO DESCENTRALIZADO  MUNICIPAL MANTA .", "documentop": "1360000980001", "direccion": "VILLAMARINA MZ-6  LOTE-09", "area_m2": 190.12, "frente_uti": 9.95, "frente_tot": 9.95, "avaluo_con": 26248.99, "avaluo_sue": 13688.64, "zonaurbano": "URBANA", "parroquia": "LOS ESTEROS", "esta_bloqu": "NO", "es_tercera": "NO", "tiene_elec": "NO", "tiene_agua": "NO", "tiene_alca": "NO", "observacio": "*AUTORIZADO: SE CREA EL PRESENTE CÓDIGO CATASTRAL MEDIANTE RESOLUCIÓN LEGISLATIVA N°. 448-24-03-2022, QUE DISPONE “AUTORIZAR LA TRANSFERENCIA DE DOMINIO DE 59 LOTES, Y DECLARAR, INCORPORAR AL PATRIMONIO MUNICIPAL, 122 LOTES DE TERRENO CONTENIDOS EN", "observac_1": null, "barrio": "VILLAMARINA", "parroquia_": 4, "barrio_id": 232, "proceso": 0, "fecha_regi": null, "activo_cat": "SI", "desactivad": 0, "avaluo_rem": 0.0, "avaluo_r_1": 0.0, "clasificac": "POR LEGALIZAR", "anio_deuda": 0, "deuda": 0.0, "valor_ip": 0.0, "coactiva": null, "ficharegis": 0, "etam": 0.0725247261, "diferencia": -0.002999143, "porc_difer": -1.5775e-05, "admisible": 1, "deuda_anio": 0.0, "2019_csv_c": null, "clavecat_1": null, "2021__csv_": null, "2021__csv1": null, "2022__csv_": "2-18-107-09-000", "2022__csv1": "671-27-04-2023", "Clavepre": "2-18-107-09-000", "RESOLUCION": "671-27-04-2023", "ORIG_FID": 194 }, "geometry": { "type": "Point", "coordinates": [ -80.668543478153609, -0.961158421252692 ] } },
{ "type": "Feature", "properties": { "id": 53866, "lote_id": 100590, "clavecatas": "2-18-107-15-000", "zona": "2", "sector": "18", "manzana": "107", "lote": "15", "ph": "000", "propietari": "GOBIERNO AUTONOMO DESCENTRALIZADO  MUNICIPAL MANTA .", "documentop": "1360000980001", "direccion": "VILLAMARINA MZ 06 LOTE 15", "area_m2": 189.82, "frente_uti": 10.0, "frente_tot": 10.0, "avaluo_con": 13435.49, "avaluo_sue": 13667.04, "zonaurbano": "URBANA", "parroquia": "LOS ESTEROS", "esta_bloqu": "NO", "es_tercera": "NO", "tiene_elec": "SI", "tiene_agua": "SI", "tiene_alca": "SI", "observacio": "* AUTORIZADO :SE CREA EL PRESENTE CÓDIGO CATASTRAL MEDIANTE RESOLUCIÓN LEGISLATIVA N°. 448-24-03-2022, QUE DISPONE “AUTORIZAR LA TRANSFERENCIA DE DOMINIO DE 59 LOTES, Y DECLARAR, INCORPORAR AL PATRIMONIO MUNICIPAL, 122 LOTES DE TERRENO CONTENIDOS EN", "observac_1": null, "barrio": "VILLAMARINA", "parroquia_": 4, "barrio_id": 232, "proceso": 0, "fecha_regi": null, "activo_cat": "SI", "desactivad": 0, "avaluo_rem": 0.0, "avaluo_r_1": 0.0, "clasificac": "POR LEGALIZAR", "anio_deuda": 0, "deuda": 0.0, "valor_ip": 0.0, "coactiva": null, "ficharegis": 0, "etam": 0.0725820141, "diferencia": -0.007316568, "porc_difer": -3.85448e-05, "admisible": 1, "deuda_anio": 0.0, "2019_csv_c": null, "clavecat_1": null, "2021__csv_": null, "2021__csv1": null, "2022__csv_": "2-18-107-15-000", "2022__csv1": "671-27-04-2023", "Clavepre": "2-18-107-15-000", "RESOLUCION": "671-27-04-2023", "ORIG_FID": 195 }, "geometry": { "type": "Point", "coordinates": [ -80.668556763126304, -0.960757428924213 ] } },
{ "type": "Feature", "properties": { "id": 53874, "lote_id": 100654, "clavecatas": "2-18-108-04-000", "zona": "2", "sector": "18", "manzana": "108", "lote": "04", "ph": "000", "propietari": "GOBIERNO AUTONOMO DESCENTRALIZADO  MUNICIPAL MANTA .", "documentop": "1360000980001", "direccion": "VILLAMARINA MZ 04 LOTE 04", "area_m2": 141.26, "frente_uti": 12.21, "frente_tot": 12.21, "avaluo_con": 2315.5, "avaluo_sue": 11300.8, "zonaurbano": "URBANA", "parroquia": "LOS ESTEROS", "esta_bloqu": "NO", "es_tercera": "NO", "tiene_elec": "SI", "tiene_agua": "SI", "tiene_alca": "SI", "observacio": "AUTORIZADO...SE CREA EL PRESENTE CÓDIGO CATASTRAL MEDIANTE RESOLUCIÓN LEGISLATIVA N°. 448-24-03-2022, QUE DISPONE “AUTORIZAR LA TRANSFERENCIA DE DOMINIO DE 59 LOTES, Y DECLARAR, INCORPORAR AL PATRIMONIO MUNICIPAL, 122 LOTES DE TERRENO CONTENIDOS EN", "observac_1": null, "barrio": "VILLAMARINA", "parroquia_": 4, "barrio_id": 232, "proceso": 0, "fecha_regi": null, "activo_cat": "SI", "desactivad": 0, "avaluo_rem": 0.0, "avaluo_r_1": 0.0, "clasificac": "POR LEGALIZAR", "anio_deuda": 0, "deuda": 0.0, "valor_ip": 0.0, "coactiva": null, "ficharegis": 0, "etam": 0.0841376541, "diferencia": -0.003217392, "porc_difer": -2.27764e-05, "admisible": 1, "deuda_anio": 0.0, "2019_csv_c": null, "clavecat_1": null, "2021__csv_": null, "2021__csv1": null, "2022__csv_": "2-18-108-04-000", "2022__csv1": "671-27-04-2023", "Clavepre": "2-18-108-04-000", "RESOLUCION": "671-27-04-2023", "ORIG_FID": 196 }, "geometry": { "type": "Point", "coordinates": [ -80.668254644498631, -0.962872699371476 ] } },
{ "type": "Feature", "properties": { "id": 53875, "lote_id": 100623, "clavecatas": "2-18-108-05-000", "zona": "2", "sector": "18", "manzana": "108", "lote": "05", "ph": "000", "propietari": "GOBIERNO AUTONOMO DESCENTRALIZADO  MUNICIPAL MANTA .", "documentop": "1360000980001", "direccion": "VILLAMARINA MZ 04 LOTE 5", "area_m2": 396.81, "frente_uti": 46.9, "frente_tot": 46.9, "avaluo_con": 0.0, "avaluo_sue": 31744.8, "zonaurbano": "URBANA", "parroquia": "LOS ESTEROS", "esta_bloqu": "NO", "es_tercera": "NO", "tiene_elec": "SI", "tiene_agua": "SI", "tiene_alca": "SI", "observacio": "*AUTORIZADO:SE CREA EL PRESENTE CÓDIGO CATASTRAL MEDIANTE RESOLUCIÓN LEGISLATIVA N°. 448-24-03-2022, QUE DISPONE “AUTORIZAR LA TRANSFERENCIA DE DOMINIO DE 59 LOTES, Y DECLARAR, INCORPORAR AL PATRIMONIO MUNICIPAL, 122 LOTES DE TERRENO CONTENIDOS EN E", "observac_1": "Se crea el presente código catastral mediante Resolución legislativa N°. 448-24-03-2022, que dispone “Autorizar la Transferencia de Dominio de 59 lotes, y declarar, incorporar al patrimonio municipal, 122 lotes de terreno contenidos en el informe MT", "barrio": "VILLAMARINA", "parroquia_": 4, "barrio_id": 232, "proceso": 0, "fecha_regi": null, "activo_cat": "SI", "desactivad": 0, "avaluo_rem": 0.0, "avaluo_r_1": 0.0, "clasificac": "POR LEGALIZAR", "anio_deuda": 0, "deuda": 0.0, "valor_ip": 0.0, "coactiva": null, "ficharegis": 0, "etam": 0.1506017265, "diferencia": -0.0017525358, "porc_difer": -4.4166e-06, "admisible": 1, "deuda_anio": 0.0, "2019_csv_c": null, "clavecat_1": null, "2021__csv_": null, "2021__csv1": null, "2022__csv_": "2-18-108-05-000", "2022__csv1": "671-27-04-2023", "Clavepre": "2-18-108-05-000", "RESOLUCION": "671-27-04-2023", "ORIG_FID": 197 }, "geometry": { "type": "Point", "coordinates": [ -80.668258689107404, -0.963070459679861 ] } },
{ "type": "Feature", "properties": { "id": 57037, "lote_id": 102579, "clavecatas": "2-21-36-03-000", "zona": "2", "sector": "21", "manzana": "36", "lote": "03", "ph": "000", "propietari": "GOBIERNO AUTONOMO DESCENTRALIZADO  MUNICIPAL MANTA .", "documentop": "1360000980001", "direccion": "B. EL PALMAR", "area_m2": 300.0, "frente_uti": 20.0, "frente_tot": 20.0, "avaluo_con": 69388.8, "avaluo_sue": 22950.0, "zonaurbano": "URBANA", "parroquia": "LOS ESTEROS", "esta_bloqu": "NO", "es_tercera": "NO", "tiene_elec": "NO", "tiene_agua": "NO", "tiene_alca": "NO", "observacio": "SE CREA EL CODIGO CATASTRAL 2213603000 A FAVOR DE CHALEN MENENDEZ ROSA MERCILIA POR PROCESO DE LEGALIZACION DE BIENES MOSTRENCOS.", "observac_1": null, "barrio": "EL PALMAR", "parroquia_": 4, "barrio_id": 311, "proceso": 0, "fecha_regi": null, "activo_cat": "SI", "desactivad": 0, "avaluo_rem": 0.0, "avaluo_r_1": 0.0, "clasificac": "POR LEGALIZAR", "anio_deuda": 0, "deuda": 0.0, "valor_ip": 0.0, "coactiva": null, "ficharegis": 0, "etam": 0.1732050808, "diferencia": 0.6755246007, "porc_difer": 0.0022517487, "admisible": 1, "deuda_anio": 0.0, "2019_csv_c": null, "clavecat_1": null, "2021__csv_": null, "2021__csv1": null, "2022__csv_": "2-21-36-03-000", "2022__csv1": "064-14-09-2023", "Clavepre": "2-21-36-03-000", "RESOLUCION": "064-14-09-2023", "ORIG_FID": 198 }, "geometry": { "type": "Point", "coordinates": [ -80.693880103186842, -0.964089075300038 ] } },
{ "type": "Feature", "properties": { "id": 70507, "lote_id": 93672, "clavecatas": "3-08-04-20-000", "zona": "3", "sector": "08", "manzana": "04", "lote": "20", "ph": "000", "propietari": "EMPRESA PUBLICA CANTONAL DE AGUA POTABLE ALCANT.MANEJO PLUVI .", "documentop": "1360064440001", "direccion": "SECTOR 20 DE MAYO VIA INTERBARRIAL CALLE 298", "area_m2": 1270.56, "frente_uti": 95.5, "frente_tot": 95.5, "avaluo_con": 28906.44, "avaluo_sue": 108632.88, "zonaurbano": "URBANA", "parroquia": "TARQUI", "esta_bloqu": "NO", "es_tercera": "NO", "tiene_elec": "NO", "tiene_agua": "NO", "tiene_alca": "NO", "observacio": "INGRESO NUEVO INF LUIS LOPEZ 17/10/2018//\r\nSE ACTUALIZA AREA DE ACUERDO A INFORME TECNICO MTA-UGTT-INF-070320231221 21/03/2023-SE ACTUALIZA INF EN BASE A ESCRITURA DE CVTA INSCRITA EN EL REG. DE LA PROPIEDAD.17/09/2024\r\nSE ACTUALIZA CLASIFICACIÓN DE ACU", "observac_1": null, "barrio": "20 DE MAYO", "parroquia_": 3, "barrio_id": 226, "proceso": 0, "fecha_regi": null, "activo_cat": "SI", "desactivad": 0, "avaluo_rem": 0.0, "avaluo_r_1": 0.0, "clasificac": "GENERAL", "anio_deuda": 2026, "deuda": 335.58, "valor_ip": 0.0, "coactiva": null, "ficharegis": 86942, "etam": 0.1402724605, "diferencia": 12.5103658572, "porc_difer": 0.0098463401, "admisible": 1, "deuda_anio": 0.0, "2019_csv_c": null, "clavecat_1": null, "2021__csv_": null, "2021__csv1": null, "2022__csv_": "3-08-04-20-000", "2022__csv1": "651-16-03-2023", "Clavepre": "3-08-04-20-000", "RESOLUCION": "651-16-03-2023", "ORIG_FID": 199 }, "geometry": { "type": "Point", "coordinates": [ -80.714954613690949, -0.968462546820365 ] } },
{ "type": "Feature", "properties": { "id": 80414, "lote_id": 93301, "clavecatas": "3-15-08-07-000", "zona": "3", "sector": "15", "manzana": "08", "lote": "07", "ph": "000", "propietari": "EMPRESA PUBLICA CANTONAL DE AGUA POTABLE ALCANT.MANEJO PLUVI .", "documentop": "1360064440001", "direccion": "PARROQUIA ALOY ALFARO MZ 108 LOTE 6", "area_m2": 371.35, "frente_uti": 25.5, "frente_tot": 25.5, "avaluo_con": 8796.08, "avaluo_sue": 66843.0, "zonaurbano": "URBANA", "parroquia": "ELOY ALFARO", "esta_bloqu": "NO", "es_tercera": "NO", "tiene_elec": "SI", "tiene_agua": "SI", "tiene_alca": "NO", "observacio": "INGRESO NUEVO A FAVOR DE LA EMPRESA PUBLICA AGUA DE MANTA INF LUIS LOPEZ 15/08/2018 - CAMBIO DE CLASIFICACIÓN: MEMORANDO MTA-DFIN-MEM-160920211226, TRÁMITE TE090920211550 EN BASE A ART. 509 DEL COOTAD.\r\nSE ACTUALIZA AREA DE ACUERDO A LEVANTAMIENTO PROP", "observac_1": null, "barrio": "ELOY ALFARO", "parroquia_": 5, "barrio_id": 1039, "proceso": 0, "fecha_regi": null, "activo_cat": "SI", "desactivad": 0, "avaluo_rem": 0.0, "avaluo_r_1": 0.0, "clasificac": "INSTITUCIONES PUBLICAS", "anio_deuda": 2026, "deuda": 127.53, "valor_ip": 0.0, "coactiva": null, "ficharegis": 86947, "etam": 0.1556788234, "diferencia": -0.0010871702, "porc_difer": -2.9276e-06, "admisible": 1, "deuda_anio": 0.0, "2019_csv_c": null, "clavecat_1": null, "2021__csv_": null, "2021__csv1": null, "2022__csv_": "3-15-08-07-000", "2022__csv1": "651-16-03-2023", "Clavepre": "3-15-08-07-000", "RESOLUCION": "651-16-03-2023", "ORIG_FID": 200 }, "geometry": { "type": "Point", "coordinates": [ -80.705901576553714, -0.98146020155595 ] } },
{ "type": "Feature", "properties": { "id": 86609, "lote_id": 66100, "clavecatas": "3-23-48-05-000", "zona": "3", "sector": "23", "manzana": "48", "lote": "05", "ph": "000", "propietari": "GOBIERNO AUTONOMO DESCENTRALIZADO MCPAL.DEL CANTON MANTA .", "documentop": "1360000980001", "direccion": "URBIRRIOS II MZ-21-E  LOTE 5", "area_m2": 144.0, "frente_uti": 8.0, "frente_tot": 0.0, "avaluo_con": 0.0, "avaluo_sue": 5760.0, "zonaurbano": "URBANA", "parroquia": "MANTA", "esta_bloqu": "NO", "es_tercera": "NO", "tiene_elec": "SI", "tiene_agua": "SI", "tiene_alca": "NO", "observacio": "-INGRESO NUEVO X LOTEO SE DESM. Y CANCELO HASTA EL 2005 CON LA 3270201 INF.AMPARO Q. 05/19/06 Y.C.S.- ACTUALIZACION INF. AMPARO Q. JULIO 14/09 MRINF. PARA CERTIF. INGRES. POR AREA DE LEGALIZACION INSP. LUIS LOPEZ, FEBRERO 20-14 \r\n\r\n\r\n", "observac_1": null, "barrio": "OTRAS AREAS", "parroquia_": 1, "barrio_id": 0, "proceso": 1, "fecha_regi": null, "activo_cat": "SI", "desactivad": 0, "avaluo_rem": 0.0, "avaluo_r_1": 0.0, "clasificac": "DEPURACION CATASTRO", "anio_deuda": 2026, "deuda": 9.21, "valor_ip": 0.0, "coactiva": null, "ficharegis": 0, "etam": 0.0833333333, "diferencia": -6.0947754220999997, "porc_difer": -0.0423248293, "admisible": 1, "deuda_anio": 0.0, "2019_csv_c": null, "clavecat_1": null, "2021__csv_": null, "2021__csv1": null, "2022__csv_": "3-23-48-05-000", "2022__csv1": "617-05-01-2023", "Clavepre": "3-23-48-05-000", "RESOLUCION": "617-05-01-2023", "ORIG_FID": 201 }, "geometry": { "type": "Point", "coordinates": [ -80.729879652631951, -1.002779966865294 ] } },
{ "type": "Feature", "properties": { "id": 86620, "lote_id": 66111, "clavecatas": "3-23-48-16-000", "zona": "3", "sector": "23", "manzana": "48", "lote": "16", "ph": "000", "propietari": "GOBIERNO AUTONOMO DESCENTRALIZADO MCPAL.DEL CANTON MANTA .", "documentop": "1360000980001", "direccion": "URBIRRIOS II MZ-21-E LOTE 16", "area_m2": 180.0, "frente_uti": 28.0, "frente_tot": 0.0, "avaluo_con": 0.0, "avaluo_sue": 7200.0, "zonaurbano": "URBANA", "parroquia": "MANTA", "esta_bloqu": "NO", "es_tercera": "NO", "tiene_elec": "SI", "tiene_agua": "NO", "tiene_alca": "NO", "observacio": "-INGRESO NUEVO X LOTEO SE DESM. Y CANCELO HASTA EL 2005 CON LA 3270201 INF.AMPARO Q. 05/19/06 Y.C.S.- ACTUALIZACION INF. AMPARO Q. JULIO 14/09 MR\r\nINF. PARA CERTIF. INGRES. POR AREA DE LEGALIZACION INSP. LUIS LOPEZ, ENERO 23-14 \r\n\r\n", "observac_1": null, "barrio": "OTRAS AREAS", "parroquia_": 1, "barrio_id": 0, "proceso": 1, "fecha_regi": null, "activo_cat": "SI", "desactivad": 0, "avaluo_rem": 0.0, "avaluo_r_1": 0.0, "clasificac": "DEPURACION CATASTRO", "anio_deuda": 2026, "deuda": 25.63, "valor_ip": 0.0, "coactiva": null, "ficharegis": 0, "etam": 0.0745355992, "diferencia": -17.364413563300001, "porc_difer": -0.0964689642, "admisible": 0, "deuda_anio": 0.0, "2019_csv_c": null, "clavecat_1": null, "2021__csv_": null, "2021__csv1": null, "2022__csv_": "3-23-48-16-000", "2022__csv1": "617-05-01-2023", "Clavepre": "3-23-48-16-000", "RESOLUCION": "617-05-01-2023", "ORIG_FID": 202 }, "geometry": { "type": "Point", "coordinates": [ -80.729170000614658, -1.003045716607934 ] } },
{ "type": "Feature", "properties": { "id": 86657, "lote_id": 66148, "clavecatas": "3-23-49-23-000", "zona": "3", "sector": "23", "manzana": "49", "lote": "23", "ph": "000", "propietari": "GOBIERNO AUTONOMO DESCENTRALIZADO  MUNICIPAL MANTA ..", "documentop": "1360000980001", "direccion": "URBIRIOS II MZ-22 LOTE 23", "area_m2": 144.0, "frente_uti": 8.0, "frente_tot": 0.0, "avaluo_con": 449.82, "avaluo_sue": 5760.0, "zonaurbano": "URBANA", "parroquia": "MANTA", "esta_bloqu": "NO", "es_tercera": "NO", "tiene_elec": "SI", "tiene_agua": "SI", "tiene_alca": "NO", "observacio": "-INGRESO NUEVO X LOTEO SE DESM. Y CANCELO HASTA EL 2005 CON LA 3270201 INF.AMPARO Q. 05/22/06 Y.C.S.- ACTUALIZACION INF. AMPARO Q. JULIO 14/09 MR", "observac_1": null, "barrio": "OTRAS AREAS", "parroquia_": 1, "barrio_id": 0, "proceso": 1, "fecha_regi": null, "activo_cat": "SI", "desactivad": 0, "avaluo_rem": 0.0, "avaluo_r_1": 0.0, "clasificac": "POR LEGALIZAR", "anio_deuda": 0, "deuda": 0.0, "valor_ip": 0.0, "coactiva": null, "ficharegis": 82635, "etam": 0.0833333333, "diferencia": 3.5983765107000001, "porc_difer": 0.0249887258, "admisible": 1, "deuda_anio": 0.0, "2019_csv_c": null, "clavecat_1": null, "2021__csv_": null, "2021__csv1": null, "2022__csv_": "3-23-49-23-000", "2022__csv1": "617-05-01-2023", "Clavepre": "3-23-49-23-000", "RESOLUCION": "617-05-01-2023", "ORIG_FID": 203 }, "geometry": { "type": "Point", "coordinates": [ -80.729387856027913, -1.002417492005211 ] } },
{ "type": "Feature", "properties": { "id": 86665, "lote_id": 66156, "clavecatas": "3-23-50-01-000", "zona": "3", "sector": "23", "manzana": "50", "lote": "01", "ph": "000", "propietari": "GOBIERNO AUTONOMO DESCENTRALIZADO  MUNICIPAL MANTA ..", "documentop": "1360000980001", "direccion": "URBIRIOS II MZ-21-C LOTE 14", "area_m2": 144.0, "frente_uti": 28.0, "frente_tot": 0.0, "avaluo_con": 0.0, "avaluo_sue": 5760.0, "zonaurbano": "URBANA", "parroquia": "MANTA", "esta_bloqu": "NO", "es_tercera": "NO", "tiene_elec": "SI", "tiene_agua": "NO", "tiene_alca": "NO", "observacio": "-INGRESO NUEVO X LOTEO SE DESM. Y CANCELO HASTA EL 2005 CON LA 3270201 INF.AMPARO Q. 06/06/06 Y.C.S.- ACTUALIZACION INF. AMPARO Q. JULIO 14/09 MR-SELLO PROTOC.DANIEL S.14/01/14 A.Q.", "observac_1": null, "barrio": "OTRAS AREAS", "parroquia_": 1, "barrio_id": 0, "proceso": 1, "fecha_regi": null, "activo_cat": "SI", "desactivad": 0, "avaluo_rem": 0.0, "avaluo_r_1": 0.0, "clasificac": "POR LEGALIZAR", "anio_deuda": 0, "deuda": 0.0, "valor_ip": 0.0, "coactiva": null, "ficharegis": 0, "etam": 0.0833333333, "diferencia": -0.1800002463, "porc_difer": -0.0012500017, "admisible": 1, "deuda_anio": 0.0, "2019_csv_c": null, "clavecat_1": null, "2021__csv_": null, "2021__csv1": null, "2022__csv_": "3-23-50-01-000", "2022__csv1": "617-05-01-2023", "Clavepre": "3-23-50-01-000", "RESOLUCION": "617-05-01-2023", "ORIG_FID": 204 }, "geometry": { "type": "Point", "coordinates": [ -80.728583354860206, -1.002857807856375 ] } },
{ "type": "Feature", "properties": { "id": 86677, "lote_id": 66168, "clavecatas": "3-23-50-13-000", "zona": "3", "sector": "23", "manzana": "50", "lote": "13", "ph": "000", "propietari": "GOBIERNO AUTONOMO DESCENTRALIZADO  MUNICIPAL MANTA .", "documentop": "1360000980001", "direccion": "URBIRIOS II MZ-21-C LOTE 13", "area_m2": 144.0, "frente_uti": 8.0, "frente_tot": 0.0, "avaluo_con": 0.0, "avaluo_sue": 5472.0, "zonaurbano": "URBANA", "parroquia": "TARQUI", "esta_bloqu": "NO", "es_tercera": "NO", "tiene_elec": "NO", "tiene_agua": "NO", "tiene_alca": "NO", "observacio": "-INGRESO NUEVO X LOTEO SE DESM. Y CANCELO HASTA EL 2005 CON LA 3270201 INF.AMPARO Q. 06/06/06 Y.C.S.- ACTUALIZACION INF. AMPARO Q. JULIO 14/09 MR", "observac_1": null, "barrio": "OTRAS AREAS", "parroquia_": 3, "barrio_id": 0, "proceso": 1, "fecha_regi": null, "activo_cat": "SI", "desactivad": 0, "avaluo_rem": 0.0, "avaluo_r_1": 0.0, "clasificac": "GENERAL", "anio_deuda": 0, "deuda": 0.0, "valor_ip": 0.0, "coactiva": null, "ficharegis": 73273, "etam": 0.0833333333, "diferencia": -5.5e-09, "porc_difer": 0.0, "admisible": 1, "deuda_anio": 0.0, "2019_csv_c": null, "clavecat_1": null, "2021__csv_": null, "2021__csv1": null, "2022__csv_": "3-23-50-13-000", "2022__csv1": "617-05-01-2023", "Clavepre": "3-23-50-13-000", "RESOLUCION": "617-05-01-2023", "ORIG_FID": 205 }, "geometry": { "type": "Point", "coordinates": [ -80.729056579996154, -1.003584115042719 ] } },
{ "type": "Feature", "properties": { "id": 86678, "lote_id": 66169, "clavecatas": "3-23-50-14-000", "zona": "3", "sector": "23", "manzana": "50", "lote": "14", "ph": "000", "propietari": "GOBIERNO AUTONOMO DESCENTRALIZADO MCPAL.DEL CANTON MANTA .", "documentop": "1360000980001", "direccion": "URBIRRIOS II MZ-21-C LOTE 14", "area_m2": 144.0, "frente_uti": 8.0, "frente_tot": 0.0, "avaluo_con": 479.4, "avaluo_sue": 5184.0, "zonaurbano": "URBANA", "parroquia": "MANTA", "esta_bloqu": "NO", "es_tercera": "NO", "tiene_elec": "NO", "tiene_agua": "NO", "tiene_alca": "NO", "observacio": "-INGRESO NUEVO X LOTEO SE DESM. Y CANCELO HASTA EL 2005 CON LA 3270201 INF.AMPARO Q. 06/06/06 Y.C.S.- ACTUALIZACION INF. AMPARO Q. JULIO 14/09 MR INF. PARA CERTIF. INGRES. POR AREA DE LEGALIZACION INSP. LUIS LOPEZ, ENERO 23-14 \r\n\r\n", "observac_1": null, "barrio": "OTRAS AREAS", "parroquia_": 1, "barrio_id": 0, "proceso": 1, "fecha_regi": null, "activo_cat": "SI", "desactivad": 0, "avaluo_rem": 0.0, "avaluo_r_1": 0.0, "clasificac": "DEPURACION CATASTRO", "anio_deuda": 2026, "deuda": 6.93, "valor_ip": 0.0, "coactiva": null, "ficharegis": 68100, "etam": 0.0833333333, "diferencia": -1.55e-08, "porc_difer": -1e-10, "admisible": 1, "deuda_anio": 0.0, "2019_csv_c": null, "clavecat_1": null, "2021__csv_": null, "2021__csv1": null, "2022__csv_": "3-23-50-14-000", "2022__csv1": "617-05-01-2023", "Clavepre": "3-23-50-14-000", "RESOLUCION": "617-05-01-2023", "ORIG_FID": 206 }, "geometry": { "type": "Point", "coordinates": [ -80.729096013378637, -1.003644637488704 ] } },
{ "type": "Feature", "properties": { "id": 86679, "lote_id": 66170, "clavecatas": "3-23-50-15-000", "zona": "3", "sector": "23", "manzana": "50", "lote": "15", "ph": "000", "propietari": "GOBIERNO AUTONOMO DESCENTRALIZADO MCPAL.DEL CANTON MANTA .", "documentop": "1360000980001", "direccion": "URBIRRIOS II MZ-21-C LOTE 15", "area_m2": 144.0, "frente_uti": 28.0, "frente_tot": 0.0, "avaluo_con": 0.0, "avaluo_sue": 5760.0, "zonaurbano": "URBANA", "parroquia": "MANTA", "esta_bloqu": "NO", "es_tercera": "NO", "tiene_elec": "NO", "tiene_agua": "NO", "tiene_alca": "NO", "observacio": "-INGRESO NUEVO X LOTEO SE DESM. Y CANCELO HASTA EL 2005 CON LA 3270201 INF.AMPARO Q. 06/06/06 Y.C.S.- ACTUALIZACION INF. AMPARO Q. JULIO 14/09 MR\r\n\r\nINF. PARA CERTIF. INGRES. POR AREA DE LEGALIZACION INSP. LUIS LOPEZ, FEBRERO 20-14 \r\n\r\n\r\n", "observac_1": null, "barrio": "OTRAS AREAS", "parroquia_": 1, "barrio_id": 0, "proceso": 1, "fecha_regi": null, "activo_cat": "SI", "desactivad": 0, "avaluo_rem": 0.0, "avaluo_r_1": 0.0, "clasificac": "DEPURACION CATASTRO", "anio_deuda": 2026, "deuda": 18.71, "valor_ip": 0.0, "coactiva": null, "ficharegis": 0, "etam": 0.0833333333, "diferencia": 3.15e-08, "porc_difer": 2.0000000000000001e-10, "admisible": 1, "deuda_anio": 0.0, "2019_csv_c": null, "clavecat_1": null, "2021__csv_": null, "2021__csv1": null, "2022__csv_": "3-23-50-15-000", "2022__csv1": "617-05-01-2023", "Clavepre": "3-23-50-15-000", "RESOLUCION": "617-05-01-2023", "ORIG_FID": 207 }, "geometry": { "type": "Point", "coordinates": [ -80.729135446762399, -1.003705159934567 ] } },
{ "type": "Feature", "properties": { "id": 86692, "lote_id": 66183, "clavecatas": "3-23-50-28-000", "zona": "3", "sector": "23", "manzana": "50", "lote": "28", "ph": "000", "propietari": "GOBIERNO AUTONOMO DESCENTRALIZADO MCPAL.DEL CANTON MANTA .", "documentop": "1360000980001", "direccion": "URBIRRIOS II MZ-21-C LOTE 28", "area_m2": 144.0, "frente_uti": 8.0, "frente_tot": 0.0, "avaluo_con": 0.0, "avaluo_sue": 5760.0, "zonaurbano": "URBANA", "parroquia": "MANTA", "esta_bloqu": "NO", "es_tercera": "NO", "tiene_elec": "NO", "tiene_agua": "NO", "tiene_alca": "NO", "observacio": "-INGRESO NUEVO X LOTEO SE DESM. Y CANCELO HASTA EL 2005 CON LA 3270201 INF.AMPARO Q. 06/06/06 Y.C.S.- ACTUALIZACION INF. AMPARO Q. JULIO 14/09 MR\r\n\r\nINF. PARA CERTIF. INGRES. POR AREA DE LEGALIZACION INSP. LUIS LOPEZ, ENERO 22-14 \r\n\r\n\r\n", "observac_1": null, "barrio": "OTRAS AREAS", "parroquia_": 1, "barrio_id": 0, "proceso": 1, "fecha_regi": null, "activo_cat": "SI", "desactivad": 0, "avaluo_rem": 0.0, "avaluo_r_1": 0.0, "clasificac": "DEPURACION CATASTRO", "anio_deuda": 2026, "deuda": 6.93, "valor_ip": 0.0, "coactiva": null, "ficharegis": 0, "etam": 0.0833333333, "diferencia": -3.4e-08, "porc_difer": -2.0000000000000001e-10, "admisible": 1, "deuda_anio": 0.0, "2019_csv_c": null, "clavecat_1": null, "2021__csv_": null, "2021__csv1": null, "2022__csv_": "3-23-50-28-000", "2022__csv1": "617-05-01-2023", "Clavepre": "3-23-50-28-000", "RESOLUCION": "617-05-01-2023", "ORIG_FID": 208 }, "geometry": { "type": "Point", "coordinates": [ -80.728876397883937, -1.00301062629084 ] } },
{ "type": "Feature", "properties": { "id": 86700, "lote_id": 66187, "clavecatas": "3-23-51-02-000", "zona": "3", "sector": "23", "manzana": "51", "lote": "02", "ph": "000", "propietari": "GOBIERNO AUTÓNOMO DESCENTRALIZADO DE MANTA .", "documentop": "1360000980001", "direccion": "URBIRRIOS II MZ-10 LOTE 2", "area_m2": 144.0, "frente_uti": 8.0, "frente_tot": 0.0, "avaluo_con": 0.0, "avaluo_sue": 5760.0, "zonaurbano": "URBANA", "parroquia": "MANTA", "esta_bloqu": "NO", "es_tercera": "NO", "tiene_elec": "SI", "tiene_agua": "SI", "tiene_alca": "NO", "observacio": "-INGRESO NUEVO X LOTEO SE DESM. Y CANCELO HASTA EL 2005 CON LA 3270201 INF.AMPARO Q. 07/03/06 Y.C.S.- ACTUALIZACION INF. AMPARO Q. JULIO 14/09 MR ESTE TERRENO FUE ENTREGA A FAVOR DE LA ASOCIACION DE COMERCIANTE MINORISTA DE MARISCO NUEVO TARQUI \r\n\r\nINF.", "observac_1": null, "barrio": "OTRAS AREAS", "parroquia_": 1, "barrio_id": 0, "proceso": 1, "fecha_regi": null, "activo_cat": "SI", "desactivad": 0, "avaluo_rem": 0.0, "avaluo_r_1": 0.0, "clasificac": "DEPURACION CATASTRO", "anio_deuda": 2026, "deuda": 6.93, "valor_ip": 0.0, "coactiva": null, "ficharegis": 0, "etam": 0.0833333333, "diferencia": -0.9862931603, "porc_difer": -0.0068492581, "admisible": 1, "deuda_anio": 0.0, "2019_csv_c": null, "clavecat_1": null, "2021__csv_": null, "2021__csv1": null, "2022__csv_": "3-23-51-02-000", "2022__csv1": "617-05-01-2023", "Clavepre": "3-23-51-02-000", "RESOLUCION": "617-05-01-2023", "ORIG_FID": 209 }, "geometry": { "type": "Point", "coordinates": [ -80.728924251301521, -1.000855729531845 ] } },
{ "type": "Feature", "properties": { "id": 86721, "lote_id": 66208, "clavecatas": "3-23-51-23-000", "zona": "3", "sector": "23", "manzana": "51", "lote": "23", "ph": "000", "propietari": "G.A.D.MCPAL.DEL CANTON MANTA .", "documentop": "1360000980001", "direccion": "URBIRRIOS II MZ-10 LOTE 23", "area_m2": 144.0, "frente_uti": 8.0, "frente_tot": 0.0, "avaluo_con": 0.0, "avaluo_sue": 5760.0, "zonaurbano": "URBANA", "parroquia": "MANTA", "esta_bloqu": "NO", "es_tercera": "NO", "tiene_elec": "SI", "tiene_agua": "SI", "tiene_alca": "NO", "observacio": "-INGRESO NUEVO X LOTEO SE DESM. Y CANCELO HASTA EL 2005 CON LA 3270201 INF.AMPARO Q. 07/03/06 Y.C.S.- ACTUALIZACION INF. AMPARO Q. JULIO 14/09 MR\r\nINF. PARA CERTIF. INGRES. POR AREA DE LEGALIZACION INSP. LUIS LOPEZ, ENERO 16-14 \r\n\r\n", "observac_1": null, "barrio": "OTRAS AREAS", "parroquia_": 1, "barrio_id": 0, "proceso": 1, "fecha_regi": null, "activo_cat": "SI", "desactivad": 0, "avaluo_rem": 0.0, "avaluo_r_1": 0.0, "clasificac": "DEPURACION CATASTRO", "anio_deuda": 2026, "deuda": 7.33, "valor_ip": 0.0, "coactiva": null, "ficharegis": 0, "etam": 0.0833333333, "diferencia": -7.0049727575, "porc_difer": -0.0486456441, "admisible": 1, "deuda_anio": 0.0, "2019_csv_c": null, "clavecat_1": null, "2021__csv_": null, "2021__csv1": null, "2022__csv_": "3-23-51-23-000", "2022__csv1": "617-05-01-2023", "Clavepre": "3-23-51-23-000", "RESOLUCION": "617-05-01-2023", "ORIG_FID": 210 }, "geometry": { "type": "Point", "coordinates": [ -80.728466640343697, -1.000955978348013 ] } },
{ "type": "Feature", "properties": { "id": 86733, "lote_id": 66220, "clavecatas": "3-23-52-05-000", "zona": "3", "sector": "23", "manzana": "52", "lote": "05", "ph": "000", "propietari": "G.A.D.MCPAL.DEL CANTON MANTA .", "documentop": "1360000980001", "direccion": "URBIRRIOS II MZ-9 LOTE 5", "area_m2": 144.0, "frente_uti": 8.0, "frente_tot": 0.0, "avaluo_con": 8272.0, "avaluo_sue": 4924.8, "zonaurbano": "URBANA", "parroquia": "TARQUI", "esta_bloqu": "NO", "es_tercera": "NO", "tiene_elec": "SI", "tiene_agua": "SI", "tiene_alca": "NO", "observacio": "-INGRESO NUEVO X LOTEO SE DESM. Y CANCELO HASTA EL 2005 CON LA 3270201 INF.AMPARO Q. 09/11/06 Y.C.S.- ACTUALIZACION INF. AMPARO Q. JULIO 14/09 MR INF. PARA CERTIF. INGRES. POR AREA DE LEGALIZACION INSP. LUIS LOPEZ, ENERO 17-14 \r\n\r\n\r\n", "observac_1": null, "barrio": "URBIRRIOS 2", "parroquia_": 3, "barrio_id": 1046, "proceso": 1, "fecha_regi": null, "activo_cat": "SI", "desactivad": 0, "avaluo_rem": 0.0, "avaluo_r_1": 0.0, "clasificac": "GENERAL", "anio_deuda": 2026, "deuda": 8.69, "valor_ip": 0.0, "coactiva": null, "ficharegis": 82574, "etam": 0.0833333333, "diferencia": -6.4943155575000002, "porc_difer": -0.0450994136, "admisible": 1, "deuda_anio": 0.0, "2019_csv_c": null, "clavecat_1": null, "2021__csv_": null, "2021__csv1": null, "2022__csv_": "3-23-52-05-000", "2022__csv1": "617-05-01-2023", "Clavepre": "3-23-52-05-000", "RESOLUCION": "617-05-01-2023", "ORIG_FID": 211 }, "geometry": { "type": "Point", "coordinates": [ -80.728508850559621, -1.000622843096116 ] } },
{ "type": "Feature", "properties": { "id": 86747, "lote_id": 66234, "clavecatas": "3-23-52-19-000", "zona": "3", "sector": "23", "manzana": "52", "lote": "19", "ph": "000", "propietari": "GOBIERNO AUTÓNOMO DESCENTRALIZADO DE MANTA .", "documentop": "1360000980001", "direccion": "URBIRIOS II MZ-9 LOTE 19", "area_m2": 144.0, "frente_uti": 8.0, "frente_tot": 0.0, "avaluo_con": 0.0, "avaluo_sue": 5760.0, "zonaurbano": "URBANA", "parroquia": "MANTA", "esta_bloqu": "NO", "es_tercera": "NO", "tiene_elec": "SI", "tiene_agua": "SI", "tiene_alca": "NO", "observacio": "-INGRESO NUEVO X LOTEO SE DESM. Y CANCELO HASTA EL 2005 CON LA 3270201 INF.AMPARO Q. 09/11/06 Y.C.S.- ACTUALIZACION INF. AMPARO Q. JULIO 14/09 MR", "observac_1": null, "barrio": "OTRAS AREAS", "parroquia_": 1, "barrio_id": 0, "proceso": 1, "fecha_regi": null, "activo_cat": "SI", "desactivad": 0, "avaluo_rem": 0.0, "avaluo_r_1": 0.0, "clasificac": "DEPURACION CATASTRO", "anio_deuda": 2026, "deuda": 6.93, "valor_ip": 0.0, "coactiva": null, "ficharegis": 0, "etam": 0.0833333333, "diferencia": 13.147654094, "porc_difer": 0.0913031534, "admisible": 0, "deuda_anio": 0.0, "2019_csv_c": null, "clavecat_1": null, "2021__csv_": null, "2021__csv1": null, "2022__csv_": "3-23-52-19-000", "2022__csv1": "617-05-01-2023", "Clavepre": "3-23-52-19-000", "RESOLUCION": "617-05-01-2023", "ORIG_FID": 212 }, "geometry": { "type": "Point", "coordinates": [ -80.728001628109268, -1.000759272760892 ] } },
{ "type": "Feature", "properties": { "id": 86750, "lote_id": 66237, "clavecatas": "3-23-52-22-000", "zona": "3", "sector": "23", "manzana": "52", "lote": "22", "ph": "000", "propietari": "GOBIERNO AUTÓNOMO DESCENTRALIZADO DE MANTA .", "documentop": "1360000980001", "direccion": "URBIRRIOS II MZ-09 LOTE 22", "area_m2": 144.0, "frente_uti": 8.0, "frente_tot": 0.0, "avaluo_con": 0.0, "avaluo_sue": 5760.0, "zonaurbano": "URBANA", "parroquia": "MANTA", "esta_bloqu": "NO", "es_tercera": "NO", "tiene_elec": "SI", "tiene_agua": "SI", "tiene_alca": "NO", "observacio": "-INGRESO NUEVO X LOTEO SE DESM. Y CANCELO HASTA EL 2005 CON LA 3270201 INF.AMPARO Q. 09/11/06 Y.C.S.- C-5072-08 ACTUALIZACION INF. AMPARO Q. JULIO 14/09 MR\r\n\r\nINF. PARA CERTIF. INGRES. POR AREA DE LEGALIZACION INSP. LUIS LOPEZ, FEBRERO 20-14 \r\n\r\n\r\n", "observac_1": null, "barrio": "OTRAS AREAS", "parroquia_": 1, "barrio_id": 0, "proceso": 1, "fecha_regi": null, "activo_cat": "SI", "desactivad": 0, "avaluo_rem": 0.0, "avaluo_r_1": 0.0, "clasificac": "DEPURACION CATASTRO", "anio_deuda": 2026, "deuda": 6.93, "valor_ip": 0.0, "coactiva": null, "ficharegis": 0, "etam": 0.0833333333, "diferencia": 6.8388897306, "porc_difer": 0.0474922898, "admisible": 1, "deuda_anio": 0.0, "2019_csv_c": null, "clavecat_1": null, "2021__csv_": null, "2021__csv1": null, "2022__csv_": "3-23-52-22-000", "2022__csv1": "617-05-01-2023", "Clavepre": "3-23-52-22-000", "RESOLUCION": "617-05-01-2023", "ORIG_FID": 213 }, "geometry": { "type": "Point", "coordinates": [ -80.728183714085688, -1.00064252608546 ] } },
{ "type": "Feature", "properties": { "id": 86752, "lote_id": 66239, "clavecatas": "3-23-52-24-000", "zona": "3", "sector": "23", "manzana": "52", "lote": "24", "ph": "000", "propietari": "G.A.D.MCPAL.DEL CANTON MANTA .", "documentop": "1360000980001", "direccion": "URBIRIOS II MZ-9 LOTE 24", "area_m2": 144.0, "frente_uti": 8.0, "frente_tot": 0.0, "avaluo_con": 0.0, "avaluo_sue": 5760.0, "zonaurbano": "URBANA", "parroquia": "MANTA", "esta_bloqu": "NO", "es_tercera": "NO", "tiene_elec": "SI", "tiene_agua": "SI", "tiene_alca": "NO", "observacio": "-INGRESO NUEVO X LOTEO SE DESM. Y CANCELO HASTA EL 2005 CON LA 3270201 INF.AMPARO Q. 09/11/06 Y.C.S.- ACTUALIZACION INF. AMPARO Q. JULIO 14/09 MR", "observac_1": null, "barrio": "OTRAS AREAS", "parroquia_": 1, "barrio_id": 0, "proceso": 1, "fecha_regi": null, "activo_cat": "SI", "desactivad": 0, "avaluo_rem": 0.0, "avaluo_r_1": 0.0, "clasificac": "DEPURACION CATASTRO", "anio_deuda": 2026, "deuda": 7.33, "valor_ip": 0.0, "coactiva": null, "ficharegis": 0, "etam": 0.0833333333, "diferencia": 3.1324080143000002, "porc_difer": 0.0217528334, "admisible": 1, "deuda_anio": 0.0, "2019_csv_c": null, "clavecat_1": null, "2021__csv_": null, "2021__csv1": null, "2022__csv_": "3-23-52-24-000", "2022__csv1": "617-05-01-2023", "Clavepre": "3-23-52-24-000", "RESOLUCION": "617-05-01-2023", "ORIG_FID": 214 }, "geometry": { "type": "Point", "coordinates": [ -80.72830378834, -1.000565457096768 ] } },
{ "type": "Feature", "properties": { "id": 86753, "lote_id": 66240, "clavecatas": "3-23-52-25-000", "zona": "3", "sector": "23", "manzana": "52", "lote": "25", "ph": "000", "propietari": "G.A.D.MCPAL.DEL CANTON MANTA .", "documentop": "1360000980001", "direccion": "URBIRIOS II MZ-9 LOTE 25", "area_m2": 144.0, "frente_uti": 8.0, "frente_tot": 0.0, "avaluo_con": 0.0, "avaluo_sue": 5760.0, "zonaurbano": "URBANA", "parroquia": "MANTA", "esta_bloqu": "NO", "es_tercera": "NO", "tiene_elec": "SI", "tiene_agua": "SI", "tiene_alca": "NO", "observacio": "-INGRESO NUEVO X LOTEO SE DESM. Y CANCELO HASTA EL 2005 CON LA 3270201 INF.AMPARO Q. 09/11/06 Y.C.S.- ACTUALIZACION INF. AMPARO Q. JULIO 14/09 MR", "observac_1": null, "barrio": "OTRAS AREAS", "parroquia_": 1, "barrio_id": 0, "proceso": 1, "fecha_regi": null, "activo_cat": "SI", "desactivad": 0, "avaluo_rem": 0.0, "avaluo_r_1": 0.0, "clasificac": "DEPURACION CATASTRO", "anio_deuda": 2026, "deuda": 7.33, "valor_ip": 0.0, "coactiva": null, "ficharegis": 0, "etam": 0.0833333333, "diferencia": 9.0850158472999993, "porc_difer": 0.0630903878, "admisible": 1, "deuda_anio": 0.0, "2019_csv_c": null, "clavecat_1": null, "2021__csv_": null, "2021__csv1": null, "2022__csv_": "3-23-52-25-000", "2022__csv1": "617-05-01-2023", "Clavepre": "3-23-52-25-000", "RESOLUCION": "617-05-01-2023", "ORIG_FID": 215 }, "geometry": { "type": "Point", "coordinates": [ -80.728363268513462, -1.000528179096259 ] } },
{ "type": "Feature", "properties": { "id": 86759, "lote_id": 66246, "clavecatas": "3-23-53-01-000", "zona": "3", "sector": "23", "manzana": "53", "lote": "01", "ph": "000", "propietari": "G.A.D.MCPAL.DEL CANTON MANTA .", "documentop": "1360000980001", "direccion": "URBIRRIOS II MZ-8 LOTE 1", "area_m2": 180.0, "frente_uti": 28.0, "frente_tot": 0.0, "avaluo_con": 0.0, "avaluo_sue": 6804.0, "zonaurbano": "URBANA", "parroquia": "MANTA", "esta_bloqu": "NO", "es_tercera": "NO", "tiene_elec": "SI", "tiene_agua": "SI", "tiene_alca": "NO", "observacio": "-INGRESO NUEVO X LOTEO SE DESM. Y CANCELO HASTA EL 2005 CON LA 3270201 INF.AMPARO Q. 09/12/06 Y.C.S.- C-3917-07  ACTUALIZACION INF. AMPARO Q. JULIO 15/09 MR.-SELLO PROTOC.DANIEL S.14/01/14 A.Q.\r\n\r\nINF. PARA CERTIF. INGRES. POR AREA DE LEGALIZACION INSP.", "observac_1": null, "barrio": "OTRAS AREAS", "parroquia_": 1, "barrio_id": 0, "proceso": 1, "fecha_regi": null, "activo_cat": "SI", "desactivad": 0, "avaluo_rem": 0.0, "avaluo_r_1": 0.0, "clasificac": "DEPURACION CATASTRO", "anio_deuda": 2026, "deuda": 20.34, "valor_ip": 0.0, "coactiva": null, "ficharegis": 66117, "etam": 0.0745355992, "diferencia": 4.8669166925000003, "porc_difer": 0.0270384261, "admisible": 1, "deuda_anio": 0.0, "2019_csv_c": null, "clavecat_1": null, "2021__csv_": null, "2021__csv1": null, "2022__csv_": "3-23-53-01-000", "2022__csv1": "617-05-01-2023", "Clavepre": "3-23-53-01-000", "RESOLUCION": "617-05-01-2023", "ORIG_FID": 216 }, "geometry": { "type": "Point", "coordinates": [ -80.728541330318777, -1.000106345294124 ] } },
{ "type": "Feature", "properties": { "id": 86777, "lote_id": 66264, "clavecatas": "3-23-53-19-000", "zona": "3", "sector": "23", "manzana": "53", "lote": "19", "ph": "000", "propietari": "G.A.D.MCPAL.DEL CANTON MANTA .", "documentop": "1360000980001", "direccion": "URBIRRIOS II MZ-8 LOTE 19", "area_m2": 144.0, "frente_uti": 8.0, "frente_tot": 0.0, "avaluo_con": 260.1, "avaluo_sue": 5184.0, "zonaurbano": "URBANA", "parroquia": "MANTA", "esta_bloqu": "NO", "es_tercera": "NO", "tiene_elec": "SI", "tiene_agua": "SI", "tiene_alca": "NO", "observacio": "-INGRESO NUEVO X LOTEO SE DESM. Y CANCELO HASTA EL 2005 CON LA 3270201 INF.AMPARO Q. 09/12/06 Y.C.S.- ACTUALIZACION INF. AMPARO Q. JULIO 15/09 MR INF. PARA CERTIF. INGRES. POR AREA DE LEGALIZACION INSP. LUIS LOPEZ, ENERO 16-14 \r\n\r\n", "observac_1": null, "barrio": "OTRAS AREAS", "parroquia_": 1, "barrio_id": 0, "proceso": 1, "fecha_regi": null, "activo_cat": "SI", "desactivad": 0, "avaluo_rem": 0.0, "avaluo_r_1": 0.0, "clasificac": "DEPURACION CATASTRO", "anio_deuda": 2026, "deuda": 7.32, "valor_ip": 0.0, "coactiva": null, "ficharegis": 82581, "etam": 0.0833333333, "diferencia": 2.12349286, "porc_difer": 0.0147464782, "admisible": 1, "deuda_anio": 0.0, "2019_csv_c": null, "clavecat_1": null, "2021__csv_": null, "2021__csv1": null, "2022__csv_": "3-23-53-19-000", "2022__csv1": "617-05-01-2023", "Clavepre": "3-23-53-19-000", "RESOLUCION": "617-05-01-2023", "ORIG_FID": 217 }, "geometry": { "type": "Point", "coordinates": [ -80.727775662367875, -1.00041123358753 ] } },
{ "type": "Feature", "properties": { "id": 86780, "lote_id": 66267, "clavecatas": "3-23-53-22-000", "zona": "3", "sector": "23", "manzana": "53", "lote": "22", "ph": "000", "propietari": "G.A.D.MCPAL.DEL CANTON MANTA .", "documentop": "1360000980001", "direccion": "URBIRRIOS II MZ-8 LOTE 22", "area_m2": 144.0, "frente_uti": 8.0, "frente_tot": 0.0, "avaluo_con": 0.0, "avaluo_sue": 5760.0, "zonaurbano": "URBANA", "parroquia": "MANTA", "esta_bloqu": "NO", "es_tercera": "NO", "tiene_elec": "SI", "tiene_agua": "SI", "tiene_alca": "NO", "observacio": "-INGRESO NUEVO X LOTEO SE DESM. Y CANCELO HASTA EL 2005 CON LA 3270201 INF.AMPARO Q. 09/12/06 Y.C.S.- ACTUALIZACION INF. AMPARO Q. JULIO 15/09 MR\r\nINF. PARA CERTIF. INGRES. POR AREA DE LEGALIZACION INSP. LUIS LOPEZ, ENERO 16-14 \r\n\r\n", "observac_1": null, "barrio": "OTRAS AREAS", "parroquia_": 1, "barrio_id": 0, "proceso": 1, "fecha_regi": null, "activo_cat": "SI", "desactivad": 0, "avaluo_rem": 0.0, "avaluo_r_1": 0.0, "clasificac": "DEPURACION CATASTRO", "anio_deuda": 2026, "deuda": 7.33, "valor_ip": 0.0, "coactiva": null, "ficharegis": 0, "etam": 0.0833333333, "diferencia": -3.0814458048, "porc_difer": -0.0213989292, "admisible": 1, "deuda_anio": 0.0, "2019_csv_c": null, "clavecat_1": null, "2021__csv_": null, "2021__csv1": null, "2022__csv_": "3-23-53-22-000", "2022__csv1": "617-05-01-2023", "Clavepre": "3-23-53-22-000", "RESOLUCION": "617-05-01-2023", "ORIG_FID": 218 }, "geometry": { "type": "Point", "coordinates": [ -80.727958648955664, -1.000291321974223 ] } },
{ "type": "Feature", "properties": { "id": 86786, "lote_id": 66273, "clavecatas": "3-23-53-28-000", "zona": "3", "sector": "23", "manzana": "53", "lote": "28", "ph": "000", "propietari": "GOBIERNO AUTÓNOMO DESCENTRALIZADO DE MANTA .", "documentop": "1360000980001", "direccion": "URBIRRIOS II MZ-8 LOTE 28", "area_m2": 144.0, "frente_uti": 8.0, "frente_tot": 0.0, "avaluo_con": 0.0, "avaluo_sue": 5760.0, "zonaurbano": "URBANA", "parroquia": "MANTA", "esta_bloqu": "NO", "es_tercera": "NO", "tiene_elec": "SI", "tiene_agua": "SI", "tiene_alca": "NO", "observacio": "-INGRESO NUEVO X LOTEO SE DESM. Y CANCELO HASTA EL 2005 CON LA 3270201 INF.AMPARO Q. 09/12/06 Y.C.S.- C-3894-07 ACTUALIZACION INF. AMPARO Q. JULIO 15/09 MR\r\n\r\nINF. PARA CERTIF. INGRES. POR AREA DE LEGALIZACION INSP. LUIS LOPEZ, ENERO 16-14 \r\n\r\n", "observac_1": null, "barrio": "OTRAS AREAS", "parroquia_": 1, "barrio_id": 0, "proceso": 1, "fecha_regi": null, "activo_cat": "SI", "desactivad": 0, "avaluo_rem": 0.0, "avaluo_r_1": 0.0, "clasificac": "DEPURACION CATASTRO", "anio_deuda": 2026, "deuda": 6.93, "valor_ip": 0.0, "coactiva": null, "ficharegis": 0, "etam": 0.0833333333, "diferencia": -4.5473262617000003, "porc_difer": -0.0315786546, "admisible": 1, "deuda_anio": 0.0, "2019_csv_c": null, "clavecat_1": null, "2021__csv_": null, "2021__csv1": null, "2022__csv_": "3-23-53-28-000", "2022__csv1": "617-05-01-2023", "Clavepre": "3-23-53-28-000", "RESOLUCION": "617-05-01-2023", "ORIG_FID": 219 }, "geometry": { "type": "Point", "coordinates": [ -80.728322945800315, -1.000054034774792 ] } },
{ "type": "Feature", "properties": { "id": 87043, "lote_id": 66522, "clavecatas": "3-23-63-23-000", "zona": "3", "sector": "23", "manzana": "63", "lote": "23", "ph": "000", "propietari": "MEJIA LUGO FRANCISCO JAVIER", "documentop": "1306674167", "direccion": "URBIRIOS II MZ-Q LOTE 23", "area_m2": 144.0, "frente_uti": 8.0, "frente_tot": 0.0, "avaluo_con": 0.0, "avaluo_sue": 5760.0, "zonaurbano": "URBANA", "parroquia": "MANTA", "esta_bloqu": "SI", "es_tercera": "NO", "tiene_elec": "NO", "tiene_agua": "NO", "tiene_alca": "NO", "observacio": "ING. NUEVO X LOTEO SE DESM. Y CANCELO HASTA EL 2005 CON LA C. 3270201 INF. A.Q. 09/28/06 Y.C.S.- ACTUA. INF. A.Q. 07/15/09 MR.-", "observac_1": "SE BLOQUEA MEDIANTE MEMO-061-DR-AFI-2016 DEL 25 DE ENERO DEL 2016", "barrio": "OTRAS AREAS", "parroquia_": 1, "barrio_id": 0, "proceso": 1, "fecha_regi": null, "activo_cat": "NO", "desactivad": 0, "avaluo_rem": 0.0, "avaluo_r_1": 0.0, "clasificac": "DEPURACION CATASTRO", "anio_deuda": 0, "deuda": 0.0, "valor_ip": 0.0, "coactiva": null, "ficharegis": 0, "etam": 0.0833333333, "diferencia": -2.2493e-05, "porc_difer": -1.562e-07, "admisible": 1, "deuda_anio": 0.0, "2019_csv_c": null, "clavecat_1": null, "2021__csv_": null, "2021__csv1": null, "2022__csv_": "3-23-63-23-000", "2022__csv1": "617-05-01-2023", "Clavepre": "3-23-63-23-000", "RESOLUCION": "617-05-01-2023", "ORIG_FID": 220 }, "geometry": { "type": "Point", "coordinates": [ -80.72588606617677, -1.000131699132927 ] } },
{ "type": "Feature", "properties": { "id": 87106, "lote_id": 66580, "clavecatas": "3-23-64-56-000", "zona": "3", "sector": "23", "manzana": "64", "lote": "56", "ph": "000", "propietari": "DE LA CADENA MILTON/ PINCAY ROMERO ALBERTO .", "documentop": ".", "direccion": "URBIRIOS II MZ-28 L-24", "area_m2": 144.0, "frente_uti": 8.0, "frente_tot": 0.0, "avaluo_con": 0.0, "avaluo_sue": 4032.0, "zonaurbano": "URBANA", "parroquia": "MANTA", "esta_bloqu": "SI", "es_tercera": "NO", "tiene_elec": "SI", "tiene_agua": "SI", "tiene_alca": "NO", "observacio": "-INGRESO DE ACUERDO AL NUEVO PLANO AMPARO Q.08/16/07 Y.C.S.- C-6724-08 ACTUALIZACION INF. AMPARO Q. JULIO 23/09 MR", "observac_1": "- MEMORANDO 055-DACR-DCR-GADM-15", "barrio": "OTRAS AREAS", "parroquia_": 1, "barrio_id": 0, "proceso": 1, "fecha_regi": null, "activo_cat": "NO", "desactivad": 0, "avaluo_rem": 0.0, "avaluo_r_1": 0.0, "clasificac": "DEPURACION CATASTRO", "anio_deuda": 0, "deuda": 0.0, "valor_ip": 0.0, "coactiva": null, "ficharegis": 0, "etam": 0.0833333333, "diferencia": 0.0006791482, "porc_difer": 4.7163e-06, "admisible": 1, "deuda_anio": 0.0, "2019_csv_c": null, "clavecat_1": null, "2021__csv_": null, "2021__csv1": null, "2022__csv_": "3-23-64-56-000", "2022__csv1": "617-05-01-2023", "Clavepre": "3-23-64-56-000", "RESOLUCION": "617-05-01-2023", "ORIG_FID": 221 }, "geometry": { "type": "Point", "coordinates": [ -80.728336107428859, -1.003910981316452 ] } },
{ "type": "Feature", "properties": { "id": 87108, "lote_id": 66582, "clavecatas": "3-23-64-58-000", "zona": "3", "sector": "23", "manzana": "64", "lote": "58", "ph": "000", "propietari": "DE LA CADENA MILTON-RIVADENEIRA CHAVEZ J", "documentop": null, "direccion": "MZ-28 LT. 26 URBIRIOS II", "area_m2": 144.0, "frente_uti": 8.0, "frente_tot": 0.0, "avaluo_con": 0.0, "avaluo_sue": 5760.0, "zonaurbano": "URBANA", "parroquia": "MANTA", "esta_bloqu": "NO", "es_tercera": "NO", "tiene_elec": "SI", "tiene_agua": "SI", "tiene_alca": "NO", "observacio": "ING NUEVO INF. AMPARO Q. AGOSTO 15/07 MR C-3977-07", "observac_1": null, "barrio": "URBIRIOS", "parroquia_": 1, "barrio_id": 231, "proceso": 1, "fecha_regi": null, "activo_cat": "SI", "desactivad": 0, "avaluo_rem": 0.0, "avaluo_r_1": 0.0, "clasificac": "DEPURACION CATASTRO", "anio_deuda": 2008, "deuda": 551.51, "valor_ip": 0.0, "coactiva": null, "ficharegis": 0, "etam": 0.0833333333, "diferencia": 0.0006791111, "porc_difer": 4.716e-06, "admisible": 1, "deuda_anio": 0.0, "2019_csv_c": null, "clavecat_1": null, "2021__csv_": null, "2021__csv1": null, "2022__csv_": "3-23-64-58-000", "2022__csv1": "617-05-01-2023", "Clavepre": "3-23-64-58-000", "RESOLUCION": "617-05-01-2023", "ORIG_FID": 222 }, "geometry": { "type": "Point", "coordinates": [ -80.72841477724441, -1.004032233397992 ] } },
{ "type": "Feature", "properties": { "id": 86879, "lote_id": 66366, "clavecatas": "3-23-57-01-000", "zona": "3", "sector": "23", "manzana": "57", "lote": "01", "ph": "000", "propietari": "GOBIERNO AUTÓNOMO DESCENTRALIZADO DE MANTA .", "documentop": "1360000980001", "direccion": "URBIRIOS II MZ-4 LOTE 1", "area_m2": 180.0, "frente_uti": 28.0, "frente_tot": 0.0, "avaluo_con": 0.0, "avaluo_sue": 7200.0, "zonaurbano": "URBANA", "parroquia": "MANTA", "esta_bloqu": "NO", "es_tercera": "NO", "tiene_elec": "SI", "tiene_agua": "SI", "tiene_alca": "NO", "observacio": "-INGRESO NUEVO X LOTEO SE DESM. Y CANCELO HASTA EL 2005 CON LA 3270201 INF.AMPARO Q. 09/20/06 Y.C.S.- ACTUALIZACION INF. AMPARO Q. JULIO 15/09 MR.-SELLO PROTOC.DANIEL S.14/01/14 A.Q.", "observac_1": null, "barrio": "OTRAS AREAS", "parroquia_": 1, "barrio_id": 0, "proceso": 1, "fecha_regi": null, "activo_cat": "SI", "desactivad": 0, "avaluo_rem": 0.0, "avaluo_r_1": 0.0, "clasificac": "DEPURACION CATASTRO", "anio_deuda": 2026, "deuda": 19.49, "valor_ip": 0.0, "coactiva": null, "ficharegis": 0, "etam": 0.0745355992, "diferencia": -28.962939837299999, "porc_difer": -0.1609052213, "admisible": 0, "deuda_anio": 0.0, "2019_csv_c": null, "clavecat_1": null, "2021__csv_": null, "2021__csv1": null, "2022__csv_": "3-23-57-01-000", "2022__csv1": "617-05-01-2023", "Clavepre": "3-23-57-01-000", "RESOLUCION": "617-05-01-2023", "ORIG_FID": 223 }, "geometry": { "type": "Point", "coordinates": [ -80.727598073196404, -0.998640976017327 ] } },
{ "type": "Feature", "properties": { "id": 86886, "lote_id": 66373, "clavecatas": "3-23-57-08-000", "zona": "3", "sector": "23", "manzana": "57", "lote": "08", "ph": "000", "propietari": "GOBIERNO AUTÓNOMO DESCENTRALIZADO DE MANTA .", "documentop": "1360000980001", "direccion": "URBIRRIOS II MZ-4 LOTE 8", "area_m2": 144.0, "frente_uti": 8.0, "frente_tot": 0.0, "avaluo_con": 0.0, "avaluo_sue": 5760.0, "zonaurbano": "URBANA", "parroquia": "MANTA", "esta_bloqu": "NO", "es_tercera": "NO", "tiene_elec": "SI", "tiene_agua": "SI", "tiene_alca": "NO", "observacio": "-INGRESO NUEVO X LOTEO SE DESM. Y CANCELO HASTA EL 2005 CON LA 3270201 INF.AMPARO Q. 09/20/06 Y.C.S.-C-3846-07 ACTUALIZACION INF. AMPARO Q. JULIO 15/09 MR\r\nINF. PARA CERTIF. INGRES. POR AREA DE LEGALIZACION INSP. LUIS LOPEZ, ENERO 17-14 \r\n\r\n", "observac_1": null, "barrio": "OTRAS AREAS", "parroquia_": 1, "barrio_id": 0, "proceso": 1, "fecha_regi": null, "activo_cat": "SI", "desactivad": 0, "avaluo_rem": 0.0, "avaluo_r_1": 0.0, "clasificac": "DEPURACION CATASTRO", "anio_deuda": 2026, "deuda": 6.93, "valor_ip": 0.0, "coactiva": null, "ficharegis": 0, "etam": 0.0833333333, "diferencia": -1.1424002653000001, "porc_difer": -0.0079333352, "admisible": 1, "deuda_anio": 0.0, "2019_csv_c": null, "clavecat_1": null, "2021__csv_": null, "2021__csv1": null, "2022__csv_": "3-23-57-08-000", "2022__csv1": "617-05-01-2023", "Clavepre": "3-23-57-08-000", "RESOLUCION": "617-05-01-2023", "ORIG_FID": 224 }, "geometry": { "type": "Point", "coordinates": [ -80.727164209485778, -0.998922756774927 ] } },
{ "type": "Feature", "properties": { "id": 86894, "lote_id": 66381, "clavecatas": "3-23-57-16-000", "zona": "3", "sector": "23", "manzana": "57", "lote": "16", "ph": "000", "propietari": "GOBIERNO AUTÓNOMO DESCENTRALIZADO DE MANTA .", "documentop": "1360000980001", "direccion": "URBIRIOS II MZ-4 LOTE 16", "area_m2": 180.0, "frente_uti": 28.0, "frente_tot": 0.0, "avaluo_con": 0.0, "avaluo_sue": 7200.0, "zonaurbano": "URBANA", "parroquia": "MANTA", "esta_bloqu": "NO", "es_tercera": "NO", "tiene_elec": "SI", "tiene_agua": "SI", "tiene_alca": "NO", "observacio": "-INGRESO NUEVO X LOTEO SE DESM. Y CANCELO HASTA EL 2005 CON LA 3270201 INF.AMPARO Q. 09/20/06 Y.C.S.- ACTUALIZACION INF. AMPARO Q. JULIO 15/09 MR", "observac_1": null, "barrio": "OTRAS AREAS", "parroquia_": 1, "barrio_id": 0, "proceso": 1, "fecha_regi": null, "activo_cat": "SI", "desactivad": 0, "avaluo_rem": 0.0, "avaluo_r_1": 0.0, "clasificac": "DEPURACION CATASTRO", "anio_deuda": 2026, "deuda": 19.49, "valor_ip": 0.0, "coactiva": null, "ficharegis": 0, "etam": 0.0745355992, "diferencia": -5.5558309995000004, "porc_difer": -0.0308657278, "admisible": 1, "deuda_anio": 0.0, "2019_csv_c": null, "clavecat_1": null, "2021__csv_": null, "2021__csv1": null, "2022__csv_": "3-23-57-16-000", "2022__csv1": "617-05-01-2023", "Clavepre": "3-23-57-16-000", "RESOLUCION": "617-05-01-2023", "ORIG_FID": 225 }, "geometry": { "type": "Point", "coordinates": [ -80.726649131491826, -0.999067694038692 ] } },
{ "type": "Feature", "properties": { "id": 86896, "lote_id": 66383, "clavecatas": "3-23-57-18-000", "zona": "3", "sector": "23", "manzana": "57", "lote": "18", "ph": "000", "propietari": "LUCIO ROLDAN EDITA ELIZABETH", "documentop": "1311901282", "direccion": "URBIRRIOS II MZ-4 LOTE 18", "area_m2": 144.0, "frente_uti": 8.0, "frente_tot": 0.0, "avaluo_con": 257.04, "avaluo_sue": 5760.0, "zonaurbano": "URBANA", "parroquia": "MANTA", "esta_bloqu": "NO", "es_tercera": "NO", "tiene_elec": "SI", "tiene_agua": "SI", "tiene_alca": "NO", "observacio": "ING. NUEVO X LOTEO SE DESM. Y CANCELO HASTA EL 2005 CON LA 3270201 INF. A. QUIROZ 09/20/06 Y.C.S.- C-2914-09 ACTU. A.Q. 07/15/09 MR.- ING. X AREA D LEGAL. INSP. L. LOPEZ 01/17/14.- SE ACTUALIZA INF CON ESCRITURA DE ADJUDICACION INSCRITA EN EL REG. DE LA", "observac_1": null, "barrio": "OTRAS AREAS", "parroquia_": 1, "barrio_id": 0, "proceso": 1, "fecha_regi": null, "activo_cat": "SI", "desactivad": 0, "avaluo_rem": 0.0, "avaluo_r_1": 0.0, "clasificac": "DEPURACION CATASTRO", "anio_deuda": 2024, "deuda": 44.68, "valor_ip": 0.0, "coactiva": null, "ficharegis": 47117, "etam": 0.0833333333, "diferencia": -6.4795010263000004, "porc_difer": -0.0449965349, "admisible": 1, "deuda_anio": 33.5, "2019_csv_c": null, "clavecat_1": null, "2021__csv_": null, "2021__csv1": null, "2022__csv_": "3-23-57-18-000", "2022__csv1": "617-05-01-2023", "Clavepre": "3-23-57-18-000", "RESOLUCION": "617-05-01-2023", "ORIG_FID": 226 }, "geometry": { "type": "Point", "coordinates": [ -80.726775797611296, -0.998982192298835 ] } },
{ "type": "Feature", "properties": { "id": 86905, "lote_id": 66392, "clavecatas": "3-23-57-27-000", "zona": "3", "sector": "23", "manzana": "57", "lote": "27", "ph": "000", "propietari": "BRAVO ROSADO ROSA MARGARITA", "documentop": "1303304735", "direccion": "URBIRIOS II MZ-4 LOTE 27", "area_m2": 144.0, "frente_uti": 8.0, "frente_tot": 0.0, "avaluo_con": 11955.0, "avaluo_sue": 5184.0, "zonaurbano": "URBANA", "parroquia": "MANTA", "esta_bloqu": "NO", "es_tercera": "NO", "tiene_elec": "SI", "tiene_agua": "SI", "tiene_alca": "NO", "observacio": "-INGRESO NUEVO X LOTEO SE DESM. Y CANCELO HASTA EL 2005 CON LA 3270201 INF.AMPARO Q. 09/20/06 Y.C.S.- ACTUALIZACION INF. AMPARO Q. JULIO 15/09 MR-SE ACTUALIZA INF CON ESCRITURA DE ADJUDICACION INSCRITA EN EL REG. DE LA PROPIEDAD. 08/09/2023 GGV", "observac_1": null, "barrio": "OTRAS AREAS", "parroquia_": 1, "barrio_id": 0, "proceso": 1, "fecha_regi": null, "activo_cat": "SI", "desactivad": 0, "avaluo_rem": 0.0, "avaluo_r_1": 0.0, "clasificac": "GENERAL", "anio_deuda": 2026, "deuda": 15.68, "valor_ip": 0.0, "coactiva": null, "ficharegis": 82676, "etam": 0.0833333333, "diferencia": -1.62e-08, "porc_difer": -1e-10, "admisible": 1, "deuda_anio": 0.0, "2019_csv_c": null, "clavecat_1": null, "2021__csv_": null, "2021__csv1": null, "2022__csv_": "3-23-57-27-000", "2022__csv1": "617-05-01-2023", "Clavepre": "3-23-57-27-000", "RESOLUCION": "617-05-01-2023", "ORIG_FID": 227 }, "geometry": { "type": "Point", "coordinates": [ -80.727315454758511, -0.998623539417552 ] } },
{ "type": "Feature", "properties": { "id": 86911, "lote_id": 66398, "clavecatas": "3-23-58-03-000", "zona": "3", "sector": "23", "manzana": "58", "lote": "03", "ph": "000", "propietari": "LOPEZ CEVALLOS MERCEDES AZUCENA", "documentop": "1304889536", "direccion": "URBIRIOS II MZ-03 LOTE 03", "area_m2": 144.0, "frente_uti": 8.0, "frente_tot": 0.0, "avaluo_con": 6624.0, "avaluo_sue": 5760.0, "zonaurbano": "URBANA", "parroquia": "TARQUI", "esta_bloqu": "NO", "es_tercera": "NO", "tiene_elec": "SI", "tiene_agua": "SI", "tiene_alca": "NO", "observacio": "-INGRESO NUEVO X LOTEO SE DESM. Y CANCELO HASTA EL 2005 CON LA 3270201 INF.AMPARO Q. 09/20/06 Y.C.S.- ACTUALIZACION INF. AMPARO Q. JULIO 15/09 MR INF. PARA CERTIF. INGRES. POR AREA DE LEGALIZACION INSPET. LUIS LOPEZ, ENERO 14-14 INF. PARA CERTIFICADO ING", "observac_1": null, "barrio": "OTRAS AREAS", "parroquia_": 3, "barrio_id": 0, "proceso": 1, "fecha_regi": null, "activo_cat": "SI", "desactivad": 0, "avaluo_rem": 0.0, "avaluo_r_1": 0.0, "clasificac": "GENERAL", "anio_deuda": 2024, "deuda": 66.99, "valor_ip": 0.0, "coactiva": null, "ficharegis": 47698, "etam": 0.0833333333, "diferencia": -0.1906987051, "porc_difer": -0.0013242966, "admisible": 1, "deuda_anio": 51.25, "2019_csv_c": null, "clavecat_1": null, "2021__csv_": null, "2021__csv1": null, "2022__csv_": "3-23-58-03-000", "2022__csv1": "617-05-01-2023", "Clavepre": "3-23-58-03-000", "RESOLUCION": "617-05-01-2023", "ORIG_FID": 228 }, "geometry": { "type": "Point", "coordinates": [ -80.727241256311189, -0.998371102971648 ] } },
{ "type": "Feature", "properties": { "id": 86915, "lote_id": 66402, "clavecatas": "3-23-58-07-000", "zona": "3", "sector": "23", "manzana": "58", "lote": "07", "ph": "000", "propietari": "MOREIRA MACIAS ANDREA AURELIA", "documentop": "1309785879", "direccion": "URBIRIOS II MZ-03 LOTE 7", "area_m2": 144.0, "frente_uti": 8.0, "frente_tot": 0.0, "avaluo_con": 3110.4, "avaluo_sue": 5760.0, "zonaurbano": "URBANA", "parroquia": "MANTA", "esta_bloqu": "NO", "es_tercera": "NO", "tiene_elec": "SI", "tiene_agua": "SI", "tiene_alca": "NO", "observacio": "-INGRESO NUEVO X LOTEO SE DESM. Y CANCELO HASTA EL 2005 CON LA 3270201 INF.AMPARO Q. 09/20/06 Y.C.S.- ACTUALIZACION INF. AMPARO Q. JULIO 15/09 MR INF. PARA CERTIF. INGRES. POR AREA DE LEGALIZACION INSPET. LUIS LOPEZ, ENERO 14-14 \r\n-SE ACTUALIZA INF CON E", "observac_1": null, "barrio": "OTRAS AREAS", "parroquia_": 1, "barrio_id": 0, "proceso": 1, "fecha_regi": null, "activo_cat": "SI", "desactivad": 0, "avaluo_rem": 0.0, "avaluo_r_1": 0.0, "clasificac": "GENERAL", "anio_deuda": 0, "deuda": 0.0, "valor_ip": 0.0, "coactiva": null, "ficharegis": 82576, "etam": 0.0833333333, "diferencia": 6.4e-09, "porc_difer": 0.0, "admisible": 1, "deuda_anio": 0.0, "2019_csv_c": null, "clavecat_1": null, "2021__csv_": null, "2021__csv1": null, "2022__csv_": "3-23-58-07-000", "2022__csv1": "617-05-01-2023", "Clavepre": "3-23-58-07-000", "RESOLUCION": "617-05-01-2023", "ORIG_FID": 229 }, "geometry": { "type": "Point", "coordinates": [ -80.726998529197033, -0.99852650191179 ] } },
{ "type": "Feature", "properties": { "id": 86916, "lote_id": 66403, "clavecatas": "3-23-58-08-000", "zona": "3", "sector": "23", "manzana": "58", "lote": "08", "ph": "000", "propietari": "GOBIERNO AUTÓNOMO DESCENTRALIZADO DE MANTA .", "documentop": "1360000980001", "direccion": "URBIRIOS II MZ-03 LOTE 8", "area_m2": 144.0, "frente_uti": 8.0, "frente_tot": 0.0, "avaluo_con": 0.0, "avaluo_sue": 5760.0, "zonaurbano": "URBANA", "parroquia": "MANTA", "esta_bloqu": "NO", "es_tercera": "NO", "tiene_elec": "SI", "tiene_agua": "SI", "tiene_alca": "NO", "observacio": "-INGRESO NUEVO X LOTEO SE DESM. Y CANCELO HASTA EL 2005 CON LA 3270201 INF.AMPARO Q. 09/20/06 Y.C.S.- ACTUALIZACION INF. AMPARO Q. JULIO 15/09 MR\r\n\r\nINF. PARA CERTIF. INGRES. POR AREA DE LEGALIZACION INSPET. LUIS LOPEZ, ENERO 14-14 \r\n\r\n", "observac_1": null, "barrio": "OTRAS AREAS", "parroquia_": 1, "barrio_id": 0, "proceso": 1, "fecha_regi": null, "activo_cat": "SI", "desactivad": 0, "avaluo_rem": 0.0, "avaluo_r_1": 0.0, "clasificac": "DEPURACION CATASTRO", "anio_deuda": 2026, "deuda": 6.93, "valor_ip": 0.0, "coactiva": null, "ficharegis": 0, "etam": 0.0833333333, "diferencia": -1.07e-08, "porc_difer": -1e-10, "admisible": 1, "deuda_anio": 0.0, "2019_csv_c": null, "clavecat_1": null, "2021__csv_": null, "2021__csv1": null, "2022__csv_": "3-23-58-08-000", "2022__csv1": "617-05-01-2023", "Clavepre": "3-23-58-08-000", "RESOLUCION": "617-05-01-2023", "ORIG_FID": 230 }, "geometry": { "type": "Point", "coordinates": [ -80.726937852680322, -0.998565337638671 ] } },
{ "type": "Feature", "properties": { "id": 86921, "lote_id": 66408, "clavecatas": "3-23-58-13-000", "zona": "3", "sector": "23", "manzana": "58", "lote": "13", "ph": "000", "propietari": "DELGADO INTRIAGO MARITZA CECIBEL", "documentop": "1309908281", "direccion": "URBIRIOS II MZ-3 LOTE 13", "area_m2": 144.0, "frente_uti": 8.0, "frente_tot": 0.0, "avaluo_con": 0.0, "avaluo_sue": 5184.0, "zonaurbano": "URBANA", "parroquia": "TARQUI", "esta_bloqu": "NO", "es_tercera": "NO", "tiene_elec": "SI", "tiene_agua": "SI", "tiene_alca": "NO", "observacio": "-INGRESO NUEVO X LOTEO SE DESM. Y CANCELO HASTA EL 2005 CON LA 3270201 INF.AMPARO Q. 09/20/06 Y.C.S.- ACTUALIZACION INF. AMPARO Q. JULIO 15/09 MR INF. PARA CERTIF. INGRES. POR AREA DE LEGALIZACION INSPET. LUIS LOPEZ, ENERO 14-14 -SE ACTUALIZA INFORMACION", "observac_1": null, "barrio": "URBIRRIOS 2", "parroquia_": 3, "barrio_id": 1046, "proceso": 1, "fecha_regi": null, "activo_cat": "SI", "desactivad": 0, "avaluo_rem": 0.0, "avaluo_r_1": 0.0, "clasificac": "GENERAL", "anio_deuda": 2025, "deuda": 19.75, "valor_ip": 0.0, "coactiva": null, "ficharegis": 82579, "etam": 0.0833333333, "diferencia": 1.42e-08, "porc_difer": 1e-10, "admisible": 1, "deuda_anio": 11.66, "2019_csv_c": null, "clavecat_1": null, "2021__csv_": null, "2021__csv1": null, "2022__csv_": "3-23-58-13-000", "2022__csv1": "617-05-01-2023", "Clavepre": "3-23-58-13-000", "RESOLUCION": "617-05-01-2023", "ORIG_FID": 231 }, "geometry": { "type": "Point", "coordinates": [ -80.726634470078267, -0.998759516250129 ] } },
{ "type": "Feature", "properties": { "id": 86932, "lote_id": 66419, "clavecatas": "3-23-58-24-000", "zona": "3", "sector": "23", "manzana": "58", "lote": "24", "ph": "000", "propietari": "DEL VALLE VERA ROSA CECILIA", "documentop": "1310913874", "direccion": "URBIRIOS II MZ-3 LOTE 24", "area_m2": 144.0, "frente_uti": 8.0, "frente_tot": 0.0, "avaluo_con": 10904.0, "avaluo_sue": 5184.0, "zonaurbano": "URBANA", "parroquia": "TARQUI", "esta_bloqu": "NO", "es_tercera": "NO", "tiene_elec": "SI", "tiene_agua": "SI", "tiene_alca": "NO", "observacio": "-INGRESO NUEVO X LOTEO SE DESM. Y CANCELO HASTA EL 2005 CON LA 3270201 INF.AMPARO Q. 09/20/06 Y.C.S.- ACTUALIZACION INF. AMPARO Q. JULIO 15/09 MR INF. PARA CERTIF. INGRES. POR AREA DE LEGALIZACION INSPET. LUIS LOPEZ, ENERO 14-14 -SE ACTUALIZA INFORMACION", "observac_1": null, "barrio": "OTRAS AREAS", "parroquia_": 3, "barrio_id": 0, "proceso": 1, "fecha_regi": null, "activo_cat": "SI", "desactivad": 0, "avaluo_rem": 0.0, "avaluo_r_1": 0.0, "clasificac": "GENERAL", "anio_deuda": 2026, "deuda": 15.17, "valor_ip": 0.0, "coactiva": null, "ficharegis": 82727, "etam": 0.0833333333, "diferencia": 5.06e-08, "porc_difer": 4.0000000000000001e-10, "admisible": 1, "deuda_anio": 0.0, "2019_csv_c": null, "clavecat_1": null, "2021__csv_": null, "2021__csv1": null, "2022__csv_": "3-23-58-24-000", "2022__csv1": "617-05-01-2023", "Clavepre": "3-23-58-24-000", "RESOLUCION": "617-05-01-2023", "ORIG_FID": 232 }, "geometry": { "type": "Point", "coordinates": [ -80.72691172041155, -0.998389080810614 ] } },
{ "type": "Feature", "properties": { "id": 86943, "lote_id": 66430, "clavecatas": "3-23-59-05-000", "zona": "3", "sector": "23", "manzana": "59", "lote": "05", "ph": "000", "propietari": "GOBIERNO AUTONOMO DESCENTRALIZADO MCPAL.DEL CANTON MANTA .", "documentop": "1360000980001", "direccion": "URBIRRIOS II MZ-02 LOTE 05", "area_m2": 144.0, "frente_uti": 8.0, "frente_tot": 0.0, "avaluo_con": 0.0, "avaluo_sue": 5760.0, "zonaurbano": "URBANA", "parroquia": "MANTA", "esta_bloqu": "NO", "es_tercera": "NO", "tiene_elec": "SI", "tiene_agua": "SI", "tiene_alca": "NO", "observacio": "INGRESO NUEVO X LOTEO SE DESM. Y CANCELO HASTA EL 2005 CON LA 3270201 INF. AMPARO Q. 09/21/06 Y.C.S.- C-3380-09.- INF. PARA CERTIF. INGRES. X AREA DE LEGALIZACION INSP. L. LOPEZ, 01/22/14.-", "observac_1": null, "barrio": "OTRAS AREAS", "parroquia_": 1, "barrio_id": 0, "proceso": 1, "fecha_regi": null, "activo_cat": "SI", "desactivad": 0, "avaluo_rem": 0.0, "avaluo_r_1": 0.0, "clasificac": "DEPURACION CATASTRO", "anio_deuda": 2026, "deuda": 6.93, "valor_ip": 0.0, "coactiva": null, "ficharegis": 0, "etam": 0.0833333333, "diferencia": -8.1361e-06, "porc_difer": -5.65e-08, "admisible": 1, "deuda_anio": 0.0, "2019_csv_c": null, "clavecat_1": null, "2021__csv_": null, "2021__csv1": null, "2022__csv_": "3-23-59-05-000", "2022__csv1": "617-05-01-2023", "Clavepre": "3-23-59-05-000", "RESOLUCION": "617-05-01-2023", "ORIG_FID": 233 }, "geometry": { "type": "Point", "coordinates": [ -80.726893130980358, -0.99810548467861 ] } },
{ "type": "Feature", "properties": { "id": 86962, "lote_id": 66449, "clavecatas": "3-23-59-24-000", "zona": "3", "sector": "23", "manzana": "59", "lote": "24", "ph": "000", "propietari": "RODRIGUEZ RIVERA ROCIO ALEXANDRA", "documentop": "1310933310", "direccion": "URBIRRIOS II MZ-02 LT-24", "area_m2": 144.0, "frente_uti": 8.0, "frente_tot": 0.0, "avaluo_con": 0.0, "avaluo_sue": 4924.8, "zonaurbano": "URBANA", "parroquia": "TARQUI", "esta_bloqu": "NO", "es_tercera": "NO", "tiene_elec": "SI", "tiene_agua": "SI", "tiene_alca": "NO", "observacio": "ING.CON EL PLANO 14/04/09 A.Q. ACTUALIZACION INF. AMPARO Q. JULIO 15/09 MR INF. PARA CERTIF. INGRES. POR AREA DE LEGALIZACION INSP. LUIS LOPEZ, ENERO 15-14 -SE ACTUALIZA INF EN BASE A ESCRITURA DE ADJUDICACION INSCRITA EN EL REG. DE LA PROPIEDAD.10/12/20", "observac_1": "- MEMORANDO 055-DACR-DCR-GADM-15", "barrio": "URBIRRIOS X", "parroquia_": 3, "barrio_id": 331, "proceso": 1, "fecha_regi": null, "activo_cat": "SI", "desactivad": 0, "avaluo_rem": 0.0, "avaluo_r_1": 0.0, "clasificac": "GENERAL", "anio_deuda": 2026, "deuda": 7.65, "valor_ip": 0.0, "coactiva": null, "ficharegis": 82628, "etam": 0.0833333333, "diferencia": -2.63886e-05, "porc_difer": -1.833e-07, "admisible": 1, "deuda_anio": 0.0, "2019_csv_c": null, "clavecat_1": null, "2021__csv_": null, "2021__csv1": null, "2022__csv_": "3-23-59-24-000", "2022__csv1": "617-05-01-2023", "Clavepre": "3-23-59-24-000", "RESOLUCION": "617-05-01-2023", "ORIG_FID": 234 }, "geometry": { "type": "Point", "coordinates": [ -80.726684969182799, -0.99804573501182 ] } },
{ "type": "Feature", "properties": { "id": 86963, "lote_id": 66450, "clavecatas": "3-23-59-25-000", "zona": "3", "sector": "23", "manzana": "59", "lote": "25", "ph": "000", "propietari": "RODRIGUEZ RIVERA ROCIO ALEXANDRA", "documentop": "1310933310", "direccion": "URBIRRIOS II MZ-02 LT -25", "area_m2": 144.0, "frente_uti": 8.0, "frente_tot": 0.0, "avaluo_con": 0.0, "avaluo_sue": 4924.8, "zonaurbano": "URBANA", "parroquia": "TARQUI", "esta_bloqu": "NO", "es_tercera": "NO", "tiene_elec": "SI", "tiene_agua": "SI", "tiene_alca": "NO", "observacio": "ING.CON EL PLANO 14/04/09 A.Q. ACTUALIZACION INF. AMPARO Q. JULIO 15/09 MR\r\nINF. PARA CERTIF. INGRES. POR AREA DE LEGALIZACION INSP. LUIS LOPEZ, ENERO 15-14 -SE ACTUALIZA INF EN BASE A ESCRITURA DE CVTA INSCRITA EN EL REG. DE LA PROPIEDAD.10/12/2025 GGV", "observac_1": "- MEMORANDO 055-DACR-DCR-GADM-15", "barrio": "URBIRRIOS X", "parroquia_": 3, "barrio_id": 331, "proceso": 1, "fecha_regi": null, "activo_cat": "SI", "desactivad": 0, "avaluo_rem": 0.0, "avaluo_r_1": 0.0, "clasificac": "GENERAL", "anio_deuda": 2026, "deuda": 7.65, "valor_ip": 0.0, "coactiva": null, "ficharegis": 65761, "etam": 0.0833333333, "diferencia": -2.63807e-05, "porc_difer": -1.832e-07, "admisible": 1, "deuda_anio": 0.0, "2019_csv_c": null, "clavecat_1": null, "2021__csv_": null, "2021__csv1": null, "2022__csv_": "3-23-59-25-000", "2022__csv1": "617-05-01-2023", "Clavepre": "3-23-59-25-000", "RESOLUCION": "617-05-01-2023", "ORIG_FID": 235 }, "geometry": { "type": "Point", "coordinates": [ -80.726745645689988, -0.998006899287694 ] } },
{ "type": "Feature", "properties": { "id": 86991, "lote_id": 66473, "clavecatas": "3-23-61-04-000", "zona": "3", "sector": "23", "manzana": "61", "lote": "04", "ph": "000", "propietari": "GOBIERNO AUTÓNOMO DESCENTRALIZADO DE MANTA .", "documentop": "1360000980001", "direccion": "URBIRIOS II MZ-1 LOTE 4", "area_m2": 144.0, "frente_uti": 8.0, "frente_tot": 0.0, "avaluo_con": 0.0, "avaluo_sue": 5760.0, "zonaurbano": "URBANA", "parroquia": "MANTA", "esta_bloqu": "NO", "es_tercera": "NO", "tiene_elec": "SI", "tiene_agua": "SI", "tiene_alca": "NO", "observacio": "-INGRESO NUEVO X LOTEO SE DESM. Y CANCELO HASTA EL 2005 CON LA 3270201 INF.AMPARO Q. 09/27/06 Y.C.S.- ACTUALIZACION INF. AMPARO Q. JULIO 15/09 MRINF. PARA CERTIF. INGRES. POR AREA DE LEGALIZACION INSPET. LUIS LOPEZ, ENERO 14-14 CERTF. N°. 18.029-14.-SEL", "observac_1": null, "barrio": "OTRAS AREAS", "parroquia_": 1, "barrio_id": 0, "proceso": 1, "fecha_regi": null, "activo_cat": "SI", "desactivad": 0, "avaluo_rem": 0.0, "avaluo_r_1": 0.0, "clasificac": "DEPURACION CATASTRO", "anio_deuda": 2026, "deuda": 6.95, "valor_ip": 0.0, "coactiva": null, "ficharegis": 51948, "etam": 0.0833333333, "diferencia": -1.8494e-06, "porc_difer": -1.28e-08, "admisible": 1, "deuda_anio": 0.0, "2019_csv_c": null, "clavecat_1": null, "2021__csv_": null, "2021__csv1": null, "2022__csv_": "3-23-61-04-000", "2022__csv1": "617-05-01-2023", "Clavepre": "3-23-61-04-000", "RESOLUCION": "617-05-01-2023", "ORIG_FID": 236 }, "geometry": { "type": "Point", "coordinates": [ -80.726730582184018, -0.997721706010527 ] } },
{ "type": "Feature", "properties": { "id": 86979, "lote_id": 66465, "clavecatas": "3-23-60-10-000", "zona": "3", "sector": "23", "manzana": "60", "lote": "10", "ph": "000", "propietari": "CATAGUA ZAMORA CESAR MATIAS", "documentop": "1301598692", "direccion": "URBIRIOS II MZ-1 LOTE 18", "area_m2": 144.0, "frente_uti": 8.0, "frente_tot": 0.0, "avaluo_con": 0.0, "avaluo_sue": 5184.0, "zonaurbano": "URBANA", "parroquia": "TARQUI", "esta_bloqu": "NO", "es_tercera": "NO", "tiene_elec": "SI", "tiene_agua": "NO", "tiene_alca": "NO", "observacio": "-INGRESO NUEVO X LOTEO SE DESM. Y CANCELO HASTA EL 2005 CON LA 3270201 INF.AMPARO Q. 09/21/06 Y.C.S.- ACTUALIZACION INF. AMPARO Q. JULIO 15/09 MR.-INF. PARA CERTIF. INGRES. POR AREA DE LEGALIZACION INSPET. LUIS LOPEZ, ENERO 14-14.-SELLO PROTOC.DANIEL S.1", "observac_1": null, "barrio": "OTRAS AREAS", "parroquia_": 5, "barrio_id": 0, "proceso": 1, "fecha_regi": null, "activo_cat": "SI", "desactivad": 0, "avaluo_rem": 0.0, "avaluo_r_1": 0.0, "clasificac": "GENERAL", "anio_deuda": 2025, "deuda": 19.8, "valor_ip": 0.0, "coactiva": null, "ficharegis": 82571, "etam": 0.0833333333, "diferencia": -2.63829e-05, "porc_difer": -1.832e-07, "admisible": 1, "deuda_anio": 11.69, "2019_csv_c": null, "clavecat_1": null, "2021__csv_": null, "2021__csv1": null, "2022__csv_": "3-23-60-10-000", "2022__csv1": "617-05-01-2023", "Clavepre": "3-23-60-10-000", "RESOLUCION": "617-05-01-2023", "ORIG_FID": 237 }, "geometry": { "type": "Point", "coordinates": [ -80.726097684881623, -0.997933806359342 ] } },
{ "type": "Feature", "properties": { "id": 86984, "lote_id": 82372, "clavecatas": "3-23-60-15-000", "zona": "3", "sector": "23", "manzana": "60", "lote": "15", "ph": "000", "propietari": "GAD DE MANTA .", "documentop": "1360000980001", "direccion": "URBIRIOS 2 MANZANA 01 LOTE 07", "area_m2": 144.0, "frente_uti": 8.0, "frente_tot": 8.0, "avaluo_con": 0.0, "avaluo_sue": 5760.0, "zonaurbano": "URBANA", "parroquia": "TARQUI", "esta_bloqu": "NO", "es_tercera": "NO", "tiene_elec": "NO", "tiene_agua": "NO", "tiene_alca": "NO", "observacio": "INGRESO NUEVI FM2010.-SELLO PROTOC.DANIEL S.14/01/14 A.Q.\r\n\r\nINF. PARA CERTIF. INGRES. POR AREA DE LEGALIZACION INSPET. LUIS LOPEZ, ENERO 14-14 \r\n\r\n", "observac_1": "FM2010 - MEMORANDO 055-DACR-DCR-GADM-15", "barrio": "URBIRRIOS 2", "parroquia_": 5, "barrio_id": 1046, "proceso": 1, "fecha_regi": null, "activo_cat": "SI", "desactivad": 0, "avaluo_rem": 0.0, "avaluo_r_1": 0.0, "clasificac": "POR LEGALIZAR", "anio_deuda": 0, "deuda": 0.0, "valor_ip": 0.0, "coactiva": null, "ficharegis": 0, "etam": 0.0833333333, "diferencia": -1.8231e-06, "porc_difer": -1.27e-08, "admisible": 1, "deuda_anio": 0.0, "2019_csv_c": null, "clavecat_1": null, "2021__csv_": null, "2021__csv1": null, "2022__csv_": "3-23-60-15-000", "2022__csv1": "617-05-01-2023", "Clavepre": "3-23-60-15-000", "RESOLUCION": "617-05-01-2023", "ORIG_FID": 238 }, "geometry": { "type": "Point", "coordinates": [ -80.726548552676874, -0.997838213181896 ] } },
{ "type": "Feature", "properties": { "id": 86987, "lote_id": 82375, "clavecatas": "3-23-60-18-000", "zona": "3", "sector": "23", "manzana": "60", "lote": "18", "ph": "000", "propietari": "GOBIERNO AUTONOMO DESCENTRALIZADO MCPAL.DEL CANTON MANTA .", "documentop": "1360000980001", "direccion": "URBIRIOS 2 MANZANA 01 LOTE 24", "area_m2": 144.0, "frente_uti": 8.0, "frente_tot": 8.0, "avaluo_con": 0.0, "avaluo_sue": 5760.0, "zonaurbano": "URBANA", "parroquia": "TARQUI", "esta_bloqu": "NO", "es_tercera": "NO", "tiene_elec": "NO", "tiene_agua": "NO", "tiene_alca": "NO", "observacio": "INGRESO NUEVO PARA LEGALIZAR INF LUIS LOPEZL12/13/2013  FM2010.-SELLO PROTOC.DANIEL S.14/01/14 A.Q.\r\nINF. PARA CERTIF. INGRES. POR AREA DE LEGALIZACION INSPET. LUIS LOPEZ, ENERO 14-14 \r\n\r\n - Cambio de Clasificación: Memorando MTA-DFIN-MEM-160920211226,", "observac_1": "FM2010 - MEMORANDO 055-DACR-DCR-GADM-15", "barrio": "URBIRRIOS 2", "parroquia_": 5, "barrio_id": 1046, "proceso": 1, "fecha_regi": null, "activo_cat": "SI", "desactivad": 0, "avaluo_rem": 0.0, "avaluo_r_1": 0.0, "clasificac": "PROPIEDADES MUNICIPALES", "anio_deuda": 0, "deuda": 0.0, "valor_ip": 0.0, "coactiva": null, "ficharegis": 0, "etam": 0.0833333333, "diferencia": -2.63649e-05, "porc_difer": -1.831e-07, "admisible": 1, "deuda_anio": 0.0, "2019_csv_c": null, "clavecat_1": null, "2021__csv_": null, "2021__csv1": null, "2022__csv_": "3-23-60-18-000", "2022__csv1": "617-05-01-2023", "Clavepre": "3-23-60-18-000", "RESOLUCION": "617-05-01-2023", "ORIG_FID": 239 }, "geometry": { "type": "Point", "coordinates": [ -80.726461743915067, -0.99770079206491 ] } },
{ "type": "Feature", "properties": { "id": 86988, "lote_id": 66470, "clavecatas": "3-23-61-01-000", "zona": "3", "sector": "23", "manzana": "61", "lote": "01", "ph": "000", "propietari": "GOBIERNO AUTÓNOMO DESCENTRALIZADO DE MANTA .", "documentop": "1360000980001", "direccion": "URBIRIOS II MZ-1 LOTE 1", "area_m2": 180.0, "frente_uti": 28.0, "frente_tot": 0.0, "avaluo_con": 0.0, "avaluo_sue": 7200.0, "zonaurbano": "URBANA", "parroquia": "MANTA", "esta_bloqu": "NO", "es_tercera": "NO", "tiene_elec": "SI", "tiene_agua": "SI", "tiene_alca": "NO", "observacio": "ING. NUEVO X LOTEO SE DESM. Y CANCELO HASTA EL 2005 CON LA 3270201 INF. AMPARO Q. 09/27/06 Y.C.S.- ACTUA. INF. AMPARO Q.  07/15/09 MR.- ING. X AREA DE LEGAL. INSP. L. LOPEZ 01-14-14 CERT.18.025-14.- SELLO PROTOC. 14/01/14 A.Q.-  - Cambio de Clasificació", "observac_1": null, "barrio": "OTRAS AREAS", "parroquia_": 1, "barrio_id": 0, "proceso": 1, "fecha_regi": null, "activo_cat": "SI", "desactivad": 0, "avaluo_rem": 0.0, "avaluo_r_1": 0.0, "clasificac": "PROPIEDADES MUNICIPALES", "anio_deuda": 0, "deuda": 0.0, "valor_ip": 0.0, "coactiva": null, "ficharegis": 0, "etam": 0.0745355992, "diferencia": -17.999376807699999, "porc_difer": -0.0999965378, "admisible": 0, "deuda_anio": 0.0, "2019_csv_c": null, "clavecat_1": null, "2021__csv_": null, "2021__csv1": null, "2022__csv_": "3-23-61-01-000", "2022__csv1": "617-05-01-2023", "Clavepre": "3-23-61-01-000", "RESOLUCION": "617-05-01-2023", "ORIG_FID": 240 }, "geometry": { "type": "Point", "coordinates": [ -80.72692398839132, -0.997597917210236 ] } },
{ "type": "Feature", "properties": { "id": 86992, "lote_id": 66474, "clavecatas": "3-23-61-05-000", "zona": "3", "sector": "23", "manzana": "61", "lote": "05", "ph": "000", "propietari": "GOBIERNO AUTÓNOMO DESCENTRALIZADO DE MANTA .", "documentop": "1360000980001", "direccion": "URBIRIOS II MZ-1 LOTE 5", "area_m2": 144.0, "frente_uti": 8.0, "frente_tot": 0.0, "avaluo_con": 0.0, "avaluo_sue": 4665.6, "zonaurbano": "URBANA", "parroquia": "TARQUI", "esta_bloqu": "NO", "es_tercera": "NO", "tiene_elec": "SI", "tiene_agua": "SI", "tiene_alca": "NO", "observacio": "INGRESO NUEVO X LOTEO SE DESM. Y CANCELO HASTA EL 2005 CON LA 3270201 INF. AMPARO Q. 09/27/06 Y.C.S.- ACTUALIZACION INF. AMPARO Q. 07/15/09 MR.-INF. PARA CERTIF. INGRES. X AREA DE LEGALIZACION INSPET. LUIS LOPEZ, 01/14/14 CERTF. N. 18.030-14.-SELLO PROTO", "observac_1": null, "barrio": "URBIRRIOS 2", "parroquia_": 3, "barrio_id": 1046, "proceso": 1, "fecha_regi": null, "activo_cat": "SI", "desactivad": 0, "avaluo_rem": 0.0, "avaluo_r_1": 0.0, "clasificac": "GENERAL", "anio_deuda": 2026, "deuda": 6.95, "valor_ip": 0.0, "coactiva": null, "ficharegis": 82567, "etam": 0.0833333333, "diferencia": -1.8528e-06, "porc_difer": -1.29e-08, "admisible": 1, "deuda_anio": 0.0, "2019_csv_c": null, "clavecat_1": null, "2021__csv_": null, "2021__csv1": null, "2022__csv_": "3-23-61-05-000", "2022__csv1": "617-05-01-2023", "Clavepre": "3-23-61-05-000", "RESOLUCION": "617-05-01-2023", "ORIG_FID": 241 }, "geometry": { "type": "Point", "coordinates": [ -80.726669905682883, -0.997760541735858 ] } },
{ "type": "Feature", "properties": { "id": 86994, "lote_id": 66476, "clavecatas": "3-23-61-07-000", "zona": "3", "sector": "23", "manzana": "61", "lote": "07", "ph": "000", "propietari": "G.A.D.MCPAL.DEL CANTON MANTA .", "documentop": "1360000980001", "direccion": "URBIRIOS II MZ-1 LOTE 25", "area_m2": 144.0, "frente_uti": 28.0, "frente_tot": 0.0, "avaluo_con": 0.0, "avaluo_sue": 5760.0, "zonaurbano": "URBANA", "parroquia": "MANTA", "esta_bloqu": "NO", "es_tercera": "NO", "tiene_elec": "SI", "tiene_agua": "NO", "tiene_alca": "NO", "observacio": "INGRESO NUEVO X LOTEO SE DESM. Y CANCELO HASTA EL 2005 CON LA 3270201 INF.AMPARO Q. 09/27/06 Y.C.S.- ACTUALIZACION INF. AMPARO Q. JULIO 15/09 MR.-INF. PARA CERTIF. INGRES. POR AREA DE LEGALIZACION INSPET. LUIS LOPEZ, ENERO 14-14.-SELLO PROTOC.DANIEL S.14", "observac_1": null, "barrio": "OTRAS AREAS", "parroquia_": 1, "barrio_id": 0, "proceso": 1, "fecha_regi": null, "activo_cat": "SI", "desactivad": 0, "avaluo_rem": 0.0, "avaluo_r_1": 0.0, "clasificac": "DEPURACION CATASTRO", "anio_deuda": 2026, "deuda": 19.56, "valor_ip": 0.0, "coactiva": null, "ficharegis": 0, "etam": 0.0833333333, "diferencia": -2.63656e-05, "porc_difer": -1.831e-07, "admisible": 1, "deuda_anio": 0.0, "2019_csv_c": null, "clavecat_1": null, "2021__csv_": null, "2021__csv1": null, "2022__csv_": "3-23-61-07-000", "2022__csv1": "617-05-01-2023", "Clavepre": "3-23-61-07-000", "RESOLUCION": "617-05-01-2023", "ORIG_FID": 242 }, "geometry": { "type": "Point", "coordinates": [ -80.726522420416302, -0.997661956343819 ] } },
{ "type": "Feature", "properties": { "id": 86995, "lote_id": 66477, "clavecatas": "3-23-61-08-000", "zona": "3", "sector": "23", "manzana": "61", "lote": "08", "ph": "000", "propietari": "G.A.D.MCPAL.DEL CANTON MANTA .", "documentop": "1360000980001", "direccion": "URBIRIOS II MZ-1 LOTE 26", "area_m2": 144.0, "frente_uti": 8.0, "frente_tot": 0.0, "avaluo_con": 0.0, "avaluo_sue": 5760.0, "zonaurbano": "URBANA", "parroquia": "MANTA", "esta_bloqu": "NO", "es_tercera": "NO", "tiene_elec": "SI", "tiene_agua": "NO", "tiene_alca": "NO", "observacio": "-INGRESO NUEVO X LOTEO SE DESM. Y CANCELO HASTA EL 2005 CON LA 3270201 INF.AMPARO Q. 09/27/06 Y.C.S.- ACTUALIZACION INF. AMPARO Q. JULIO 15/09 MR.-INF. PARA CERTIF. INGRES. POR AREA DE LEGALIZACION INSPET. LUIS LOPEZ, ENERO 14-14.-SELLO PROTOC.DANIEL S.1", "observac_1": null, "barrio": "OTRAS AREAS", "parroquia_": 1, "barrio_id": 0, "proceso": 1, "fecha_regi": null, "activo_cat": "SI", "desactivad": 0, "avaluo_rem": 0.0, "avaluo_r_1": 0.0, "clasificac": "DEPURACION CATASTRO", "anio_deuda": 2026, "deuda": 7.35, "valor_ip": 0.0, "coactiva": null, "ficharegis": 0, "etam": 0.0833333333, "diferencia": -2.63795e-05, "porc_difer": -1.832e-07, "admisible": 1, "deuda_anio": 0.0, "2019_csv_c": null, "clavecat_1": null, "2021__csv_": null, "2021__csv1": null, "2022__csv_": "3-23-61-08-000", "2022__csv1": "617-05-01-2023", "Clavepre": "3-23-61-08-000", "RESOLUCION": "617-05-01-2023", "ORIG_FID": 243 }, "geometry": { "type": "Point", "coordinates": [ -80.726583096916301, -0.997623120621198 ] } },
{ "type": "Feature", "properties": { "id": 87009, "lote_id": 66491, "clavecatas": "3-23-62-10-000", "zona": "3", "sector": "23", "manzana": "62", "lote": "10", "ph": "000", "propietari": "MEZA PALACIOS ANGELICA MARIA", "documentop": "1309583068", "direccion": "URBIRIOS II MZ-12 LOTE 10", "area_m2": 144.0, "frente_uti": 8.0, "frente_tot": 0.0, "avaluo_con": 4512.0, "avaluo_sue": 8640.0, "zonaurbano": "URBANA", "parroquia": "TARQUI", "esta_bloqu": "NO", "es_tercera": "NO", "tiene_elec": "SI", "tiene_agua": "SI", "tiene_alca": "NO", "observacio": "-INGRESO NUEVO X LOTEO SE DESM. Y CANCELO HASTA EL 2005 CON LA 3270201 INF.AMPARO Q. 09/27/06 Y.C.S.- C-4095.-07 ACTUALIZACION INF. AMPARO Q. JULIO 15/09 MR -SE ACTUALIZA INFORMACION CON ESCRITURA DE ADJ.CON PROH.DE ENAJ.INSCRITA EN EL REG.DE LA PROPIEDA", "observac_1": null, "barrio": "OTRAS AREAS", "parroquia_": 3, "barrio_id": 0, "proceso": 1, "fecha_regi": null, "activo_cat": "SI", "desactivad": 0, "avaluo_rem": 0.0, "avaluo_r_1": 0.0, "clasificac": "GENERAL", "anio_deuda": 0, "deuda": 0.0, "valor_ip": 0.0, "coactiva": null, "ficharegis": 82631, "etam": 0.0833333333, "diferencia": -27.8664768804, "porc_difer": -0.1935172006, "admisible": 0, "deuda_anio": 0.0, "2019_csv_c": null, "clavecat_1": null, "2021__csv_": null, "2021__csv1": null, "2022__csv_": "3-23-62-10-000", "2022__csv1": "617-05-01-2023", "Clavepre": "3-23-62-10-000", "RESOLUCION": "617-05-01-2023", "ORIG_FID": 244 }, "geometry": { "type": "Point", "coordinates": [ -80.724468905719135, -0.997939509805744 ] } },
{ "type": "Feature", "properties": { "id": 87029, "lote_id": 66508, "clavecatas": "3-23-63-09-000", "zona": "3", "sector": "23", "manzana": "63", "lote": "09", "ph": "000", "propietari": "GOBIERNO AUTONOMO DESCENTRALIZADO  MUNICIPAL MANTA .", "documentop": "1360000980001", "direccion": "URBIRIOS II MZ-26 LOTE 6", "area_m2": 180.0, "frente_uti": 10.0, "frente_tot": 10.0, "avaluo_con": 0.0, "avaluo_sue": 5248.8, "zonaurbano": "URBANA", "parroquia": "MANTA", "esta_bloqu": "NO", "es_tercera": "NO", "tiene_elec": "NO", "tiene_agua": "NO", "tiene_alca": "NO", "observacio": "-INGRESO NUEVO X LOTEO SE DESM. Y CANCELO HASTA EL 2005 CON LA 3270201 INF.AMPARO Q. 09/28/06 Y.C.S.- C-3671-08 ACTUALIZACION INF. AMPARO Q. JULIO 15/09 MR", "observac_1": null, "barrio": "OTRAS AREAS", "parroquia_": 1, "barrio_id": 0, "proceso": 1, "fecha_regi": null, "activo_cat": "SI", "desactivad": 0, "avaluo_rem": 0.0, "avaluo_r_1": 0.0, "clasificac": "POR LEGALIZAR", "anio_deuda": 0, "deuda": 0.0, "valor_ip": 0.0, "coactiva": null, "ficharegis": 74499, "etam": 0.0745355992, "diferencia": -2.8145e-05, "porc_difer": -1.564e-07, "admisible": 1, "deuda_anio": 0.0, "2019_csv_c": null, "clavecat_1": null, "2021__csv_": null, "2021__csv1": null, "2022__csv_": "3-23-63-09-000", "2022__csv1": "617-05-01-2023", "Clavepre": "3-23-63-09-000", "RESOLUCION": "617-05-01-2023", "ORIG_FID": 245 }, "geometry": { "type": "Point", "coordinates": [ -80.725334239502232, -0.999273429993005 ] } },
{ "type": "Feature", "properties": { "id": 87033, "lote_id": 66512, "clavecatas": "3-23-63-13-000", "zona": "3", "sector": "23", "manzana": "63", "lote": "13", "ph": "000", "propietari": "FRANCO LAZ MARJORIE MAGDALENA", "documentop": "1312579004", "direccion": "URBIRIOS II MZ-26 LOTE 10", "area_m2": 144.0, "frente_uti": 8.0, "frente_tot": 0.0, "avaluo_con": 0.0, "avaluo_sue": 5760.0, "zonaurbano": "URBANA", "parroquia": "MANTA", "esta_bloqu": "NO", "es_tercera": "NO", "tiene_elec": "NO", "tiene_agua": "NO", "tiene_alca": "NO", "observacio": "-INGRESO NUEVO X LOTEO SE DESM. Y CANCELO HASTA EL 2005 CON LA 3270201 INF.AMPARO Q. 09/28/06 Y.C.S.- C-3974-07 ACTUALIZACION INF. AMPARO Q. JULIO 15/09 MR", "observac_1": null, "barrio": "OTRAS AREAS", "parroquia_": 1, "barrio_id": 0, "proceso": 1, "fecha_regi": null, "activo_cat": "SI", "desactivad": 0, "avaluo_rem": 0.0, "avaluo_r_1": 0.0, "clasificac": "DEPURACION CATASTRO", "anio_deuda": 0, "deuda": 0.0, "valor_ip": 0.0, "coactiva": null, "ficharegis": 0, "etam": 0.0833333333, "diferencia": -2.24478e-05, "porc_difer": -1.559e-07, "admisible": 1, "deuda_anio": 0.0, "2019_csv_c": null, "clavecat_1": null, "2021__csv_": null, "2021__csv1": null, "2022__csv_": "3-23-63-13-000", "2022__csv1": "617-05-01-2023", "Clavepre": "3-23-63-13-000", "RESOLUCION": "617-05-01-2023", "ORIG_FID": 246 }, "geometry": { "type": "Point", "coordinates": [ -80.725495392398983, -0.999524074964931 ] } },
{ "type": "Feature", "properties": { "id": 87037, "lote_id": 66516, "clavecatas": "3-23-63-17-000", "zona": "3", "sector": "23", "manzana": "63", "lote": "17", "ph": "000", "propietari": "DE LA CADENA MILTON/ PALMA MEZA ESTHER", "documentop": null, "direccion": "URBIRIOS II MZ-26 LOTE 14", "area_m2": 144.0, "frente_uti": 8.0, "frente_tot": 0.0, "avaluo_con": 0.0, "avaluo_sue": 5760.0, "zonaurbano": "URBANA", "parroquia": "MANTA", "esta_bloqu": "NO", "es_tercera": "NO", "tiene_elec": "NO", "tiene_agua": "NO", "tiene_alca": "NO", "observacio": "-INGRESO NUEVO X LOTEO SE DESM. Y CANCELO HASTA EL 2005 CON LA 3270201 INF.AMPARO Q. 09/28/06 Y.C.S.- C-4006-07 C-3584-09 ACTUALIZACION INF. AMPARO Q. JULIO 15/09 MR", "observac_1": null, "barrio": "OTRAS AREAS", "parroquia_": 1, "barrio_id": 0, "proceso": 1, "fecha_regi": null, "activo_cat": "SI", "desactivad": 0, "avaluo_rem": 0.0, "avaluo_r_1": 0.0, "clasificac": "DEPURACION CATASTRO", "anio_deuda": 2010, "deuda": 505.0, "valor_ip": 0.0, "coactiva": null, "ficharegis": 0, "etam": 0.0833333333, "diferencia": -2.24735e-05, "porc_difer": -1.561e-07, "admisible": 1, "deuda_anio": 0.0, "2019_csv_c": null, "clavecat_1": null, "2021__csv_": null, "2021__csv1": null, "2022__csv_": "3-23-63-17-000", "2022__csv1": "617-05-01-2023", "Clavepre": "3-23-63-17-000", "RESOLUCION": "617-05-01-2023", "ORIG_FID": 247 }, "geometry": { "type": "Point", "coordinates": [ -80.725651661894986, -0.999767124633233 ] } },
{ "type": "Feature", "properties": { "id": 87041, "lote_id": 66520, "clavecatas": "3-23-63-21-000", "zona": "3", "sector": "23", "manzana": "63", "lote": "21", "ph": "000", "propietari": "GOBIERNO AUTONOMO DESCENTRALIZADO  MUNICIPAL MANTA .", "documentop": "1360000980001", "direccion": "URBIRIOS II MZ-26 LOTE 21", "area_m2": 144.0, "frente_uti": 8.0, "frente_tot": 0.0, "avaluo_con": 0.0, "avaluo_sue": 5760.0, "zonaurbano": "URBANA", "parroquia": "MANTA", "esta_bloqu": "NO", "es_tercera": "NO", "tiene_elec": "SI", "tiene_agua": "NO", "tiene_alca": "NO", "observacio": "-INGRESO NUEVO X LOTEO SE DESM. Y CANCELO HASTA EL 2005 CON LA 3270201 INF.AMPARO Q. 09/28/06 Y.C.S.- C-4022-07 ACTUALIZACION INF. AMPARO Q. JULIO 15/09 MR", "observac_1": null, "barrio": "OTRAS AREAS", "parroquia_": 1, "barrio_id": 0, "proceso": 1, "fecha_regi": null, "activo_cat": "SI", "desactivad": 0, "avaluo_rem": 0.0, "avaluo_r_1": 0.0, "clasificac": "PROPIEDADES MUNICIPALES", "anio_deuda": 0, "deuda": 0.0, "valor_ip": 0.0, "coactiva": null, "ficharegis": 0, "etam": 0.0833333333, "diferencia": -2.2443e-05, "porc_difer": -1.559e-07, "admisible": 1, "deuda_anio": 0.0, "2019_csv_c": null, "clavecat_1": null, "2021__csv_": null, "2021__csv1": null, "2022__csv_": "3-23-63-21-000", "2022__csv1": "617-05-01-2023", "Clavepre": "3-23-63-21-000", "RESOLUCION": "617-05-01-2023", "ORIG_FID": 248 }, "geometry": { "type": "Point", "coordinates": [ -80.725925133561475, -1.000192461549223 ] } },
{ "type": "Feature", "properties": { "id": 87055, "lote_id": 66529, "clavecatas": "3-23-64-05-000", "zona": "3", "sector": "23", "manzana": "64", "lote": "05", "ph": "000", "propietari": "GOBIERNO AUTÓNOMO DESCENTRALIZADO DE MANTA .", "documentop": "1360000980001", "direccion": "MZ-27 LT. 05 URBIRIOS II", "area_m2": 144.0, "frente_uti": 8.0, "frente_tot": 0.0, "avaluo_con": 0.0, "avaluo_sue": 5760.0, "zonaurbano": "URBANA", "parroquia": "MANTA", "esta_bloqu": "NO", "es_tercera": "NO", "tiene_elec": "NO", "tiene_agua": "NO", "tiene_alca": "NO", "observacio": "SE DESMEMBRA DE LA CC. 3270201 CANCELÓ CON LA MISMA HASTA EL AÑO 2005 INF. AMPARO Q. JULIO 05/06 MR C-3933-07  C-7560-08 ACTUALIZACION INF. AMPARO Q. JULIO 17/09 MR", "observac_1": null, "barrio": "OTRAS AREAS", "parroquia_": 1, "barrio_id": 0, "proceso": 1, "fecha_regi": null, "activo_cat": "SI", "desactivad": 0, "avaluo_rem": 0.0, "avaluo_r_1": 0.0, "clasificac": "DEPURACION CATASTRO", "anio_deuda": 2026, "deuda": 6.87, "valor_ip": 0.0, "coactiva": null, "ficharegis": 0, "etam": 0.0833333333, "diferencia": -0.112348474, "porc_difer": -0.0007801977, "admisible": 1, "deuda_anio": 0.0, "2019_csv_c": null, "clavecat_1": null, "2021__csv_": null, "2021__csv1": null, "2022__csv_": "3-23-64-05-000", "2022__csv1": "617-05-01-2023", "Clavepre": "3-23-64-05-000", "RESOLUCION": "617-05-01-2023", "ORIG_FID": 249 }, "geometry": { "type": "Point", "coordinates": [ -80.726269843531753, -1.000724759849839 ] } },
{ "type": "Feature", "properties": { "id": 87064, "lote_id": 66538, "clavecatas": "3-23-64-14-000", "zona": "3", "sector": "23", "manzana": "64", "lote": "14", "ph": "000", "propietari": "GOBIERNO AUTONOMO DESCENTRALIZADO MUNICIPAL DEL CANTON MANTA .", "documentop": "1360000980001", "direccion": "MZ-27 LT. 14 URBIRIOS II", "area_m2": 144.0, "frente_uti": 8.0, "frente_tot": 0.0, "avaluo_con": 3430.4, "avaluo_sue": 5760.0, "zonaurbano": "URBANA", "parroquia": "MANTA", "esta_bloqu": "NO", "es_tercera": "NO", "tiene_elec": "SI", "tiene_agua": "SI", "tiene_alca": "NO", "observacio": "SE DESMEMBRA DE LA CC. 3270201 CANCELÓ CON LA MISMA HASTA EL AÑO 2005 INF. AMPARO Q. JULIO 05/06 MR C-3934-07 CAMBIO DE VALORES A LA CC. 3236413 2.100-09 ACTUALIZACION INF. AMPARO Q. JULIO 17/09 MR\r\nCERTIFICADO DE AVALÚOS\r\nINGRESO DE CONSTRUCCIÓN \r\nI", "observac_1": null, "barrio": "OTRAS AREAS", "parroquia_": 1, "barrio_id": 0, "proceso": 1, "fecha_regi": null, "activo_cat": "SI", "desactivad": 0, "avaluo_rem": 0.0, "avaluo_r_1": 0.0, "clasificac": "POR LEGALIZAR", "anio_deuda": 0, "deuda": 0.0, "valor_ip": 0.0, "coactiva": null, "ficharegis": 0, "etam": 0.0833333333, "diferencia": -0.1123484837, "porc_difer": -0.0007801978, "admisible": 1, "deuda_anio": 0.0, "2019_csv_c": null, "clavecat_1": null, "2021__csv_": null, "2021__csv1": null, "2022__csv_": "3-23-64-14-000", "2022__csv1": "617-05-01-2023", "Clavepre": "3-23-64-14-000", "RESOLUCION": "617-05-01-2023", "ORIG_FID": 250 }, "geometry": { "type": "Point", "coordinates": [ -80.726624223093538, -1.00126980501807 ] } },
{ "type": "Feature", "properties": { "id": 87067, "lote_id": 66541, "clavecatas": "3-23-64-17-000", "zona": "3", "sector": "23", "manzana": "64", "lote": "17", "ph": "000", "propietari": "GOBIERNO AUTONOMO DESCENTRALIZADO  MUNICIPAL MANTA .", "documentop": "1360000980001", "direccion": "MZ-27 LOTE 17 BARRIO URBIRIOS II", "area_m2": 144.0, "frente_uti": 8.0, "frente_tot": 0.0, "avaluo_con": 2948.4, "avaluo_sue": 5760.0, "zonaurbano": "URBANA", "parroquia": "MANTA", "esta_bloqu": "NO", "es_tercera": "NO", "tiene_elec": "SI", "tiene_agua": "SI", "tiene_alca": "NO", "observacio": "SE DESMEMBRA DE LA CC. 3270201 CANCELÓ CON LA MISMA HASTA EL AÑO 2005 INF. AMPARO Q. JULIO 05/06 MR ACTUALIZACION INF. AMPARO Q. JULIO 17/09 MR\r\n\r\nINF. PARA CERTIFICADO INGRESADO POR VENTANILLA REIZADO POR FERNANDO NAVARRETE  AUTORIZA DIR. REALIZAR EN", "observac_1": null, "barrio": "OTRAS AREAS", "parroquia_": 1, "barrio_id": 0, "proceso": 1, "fecha_regi": null, "activo_cat": "SI", "desactivad": 0, "avaluo_rem": 0.0, "avaluo_r_1": 0.0, "clasificac": "POR LEGALIZAR", "anio_deuda": 0, "deuda": 0.0, "valor_ip": 0.0, "coactiva": null, "ficharegis": 0, "etam": 0.0833333333, "diferencia": -0.1123485112, "porc_difer": -0.000780198, "admisible": 1, "deuda_anio": 0.0, "2019_csv_c": null, "clavecat_1": null, "2021__csv_": null, "2021__csv1": null, "2022__csv_": "3-23-64-17-000", "2022__csv1": "617-05-01-2023", "Clavepre": "3-23-64-17-000", "RESOLUCION": "617-05-01-2023", "ORIG_FID": 251 }, "geometry": { "type": "Point", "coordinates": [ -80.726742349637007, -1.001451486739029 ] } },
{ "type": "Feature", "properties": { "id": 87069, "lote_id": 66543, "clavecatas": "3-23-64-19-000", "zona": "3", "sector": "23", "manzana": "64", "lote": "19", "ph": "000", "propietari": "GOBIERNO AUTONOMO DESCENTRALIZADO  MUNICIPAL MANTA .", "documentop": "1360000980001", "direccion": "MZ-27 LT. 19 BARRIO URBIRIOS II", "area_m2": 144.0, "frente_uti": 8.0, "frente_tot": 0.0, "avaluo_con": 5184.0, "avaluo_sue": 5760.0, "zonaurbano": "URBANA", "parroquia": "MANTA", "esta_bloqu": "NO", "es_tercera": "NO", "tiene_elec": "SI", "tiene_agua": "SI", "tiene_alca": "NO", "observacio": "SE DESMEMBRA DE LA CC. 3270201 CANCELÓ CON LA MISMA HASTA EL AÑO 2005 INF. AMPARO Q. JULIO 05/06 MR C-3916-07 C-806-08 ACTUALIZACION INF. AMPARO Q. JULIO 17/09 MR", "observac_1": null, "barrio": "OTRAS AREAS", "parroquia_": 1, "barrio_id": 0, "proceso": 1, "fecha_regi": null, "activo_cat": "SI", "desactivad": 0, "avaluo_rem": 0.0, "avaluo_r_1": 0.0, "clasificac": "POR LEGALIZAR", "anio_deuda": 0, "deuda": 0.0, "valor_ip": 0.0, "coactiva": null, "ficharegis": 0, "etam": 0.0833333333, "diferencia": -0.1123484213, "porc_difer": -0.0007801974, "admisible": 1, "deuda_anio": 0.0, "2019_csv_c": null, "clavecat_1": null, "2021__csv_": null, "2021__csv1": null, "2022__csv_": "3-23-64-19-000", "2022__csv1": "617-05-01-2023", "Clavepre": "3-23-64-19-000", "RESOLUCION": "617-05-01-2023", "ORIG_FID": 252 }, "geometry": { "type": "Point", "coordinates": [ -80.726821100672339, -1.001572607885852 ] } },
{ "type": "Feature", "properties": { "id": 87075, "lote_id": 66549, "clavecatas": "3-23-64-25-000", "zona": "3", "sector": "23", "manzana": "64", "lote": "25", "ph": "000", "propietari": "CALLE SANTANA ADRIAN LEONEL", "documentop": "1314345222", "direccion": "MZ-27 LT. 25 URBIRIOS II", "area_m2": 144.0, "frente_uti": 8.0, "frente_tot": 0.0, "avaluo_con": 6082.0, "avaluo_sue": 5184.0, "zonaurbano": "URBANA", "parroquia": "MANTA", "esta_bloqu": "NO", "es_tercera": "NO", "tiene_elec": "SI", "tiene_agua": "SI", "tiene_alca": "NO", "observacio": "SE DESMEMBRA DE LA CC. 3270201 CANCELÓ CON LA MISMA HASTA EL AÑO 2005 INF. AMPARO Q. JULIO 05/06 MR C-4099-07ACTUALIZACION INF. AMPARO Q. JULIO 17/09 MR SOLAR CERTIFICADO DE AVALUOS\r\nINF. ARQ. PATRICIO LEÓN\r\n23/FEBRERO/2018-SE ACTUALIZA INF CON ESCRIT", "observac_1": null, "barrio": "OTRAS AREAS", "parroquia_": 1, "barrio_id": 0, "proceso": 1, "fecha_regi": null, "activo_cat": "SI", "desactivad": 0, "avaluo_rem": 0.0, "avaluo_r_1": 0.0, "clasificac": "GENERAL", "anio_deuda": 0, "deuda": 0.0, "valor_ip": 0.0, "coactiva": null, "ficharegis": 66427, "etam": 0.0833333333, "diferencia": -0.1123484599, "porc_difer": -0.0007801976, "admisible": 1, "deuda_anio": 0.0, "2019_csv_c": null, "clavecat_1": null, "2021__csv_": null, "2021__csv1": null, "2022__csv_": "3-23-64-25-000", "2022__csv1": "617-05-01-2023", "Clavepre": "3-23-64-25-000", "RESOLUCION": "617-05-01-2023", "ORIG_FID": 253 }, "geometry": { "type": "Point", "coordinates": [ -80.727047509927303, -1.001920831180713 ] } },
{ "type": "Feature", "properties": { "id": 87079, "lote_id": 66553, "clavecatas": "3-23-64-29-000", "zona": "3", "sector": "23", "manzana": "64", "lote": "29", "ph": "000", "propietari": "CEDEÑO MENDOZA TULIO ANTONIO", "documentop": "1308853736", "direccion": "MZ-27 LT. 29 URBIRRIOS II", "area_m2": 180.0, "frente_uti": 8.0, "frente_tot": 8.0, "avaluo_con": 0.0, "avaluo_sue": 5832.0, "zonaurbano": "URBANA", "parroquia": "TARQUI", "esta_bloqu": "NO", "es_tercera": "NO", "tiene_elec": "SI", "tiene_agua": "SI", "tiene_alca": "NO", "observacio": "SE DESMEMBRA DE LA CC. 3270201 CANCELÓ CON LA MISMA HASTA EL AÑO 2005 INF. AMPARO Q. JULIO 05/06 MR C-3920-07 ACTUALIZACION INF. AMPARO Q. JULIO 17/09 MR DE ACUERDO AL RESTRUCTURACIÓN DE URBIRRIOS II, CAMBIA DE AREA DE ACUERDO A LA FICHA REGISTRAL 651", "observac_1": null, "barrio": "URBIRRIOS 2", "parroquia_": 3, "barrio_id": 1046, "proceso": 1, "fecha_regi": null, "activo_cat": "SI", "desactivad": 0, "avaluo_rem": 0.0, "avaluo_r_1": 0.0, "clasificac": "GENERAL", "anio_deuda": 0, "deuda": 0.0, "valor_ip": 0.0, "coactiva": null, "ficharegis": 65169, "etam": 0.0745355992, "diferencia": -0.1404355912, "porc_difer": -0.0007801977, "admisible": 1, "deuda_anio": 0.0, "2019_csv_c": null, "clavecat_1": null, "2021__csv_": null, "2021__csv1": null, "2022__csv_": "3-23-64-29-000", "2022__csv1": "617-05-01-2023", "Clavepre": "3-23-64-29-000", "RESOLUCION": "617-05-01-2023", "ORIG_FID": 254 }, "geometry": { "type": "Point", "coordinates": [ -80.727249309516111, -1.002231204114676 ] } },
{ "type": "Feature", "properties": { "id": 87091, "lote_id": 66565, "clavecatas": "3-23-64-41-000", "zona": "3", "sector": "23", "manzana": "64", "lote": "41", "ph": "000", "propietari": "GOBIERNO AUTONOMO DESCENTRALIZADO  MUNICIPAL MANTA .", "documentop": "1360000980001", "direccion": "URBIRIOS II MZ-28 L-9", "area_m2": 144.0, "frente_uti": 8.0, "frente_tot": 0.0, "avaluo_con": 0.0, "avaluo_sue": 5760.0, "zonaurbano": "URBANA", "parroquia": "MANTA", "esta_bloqu": "NO", "es_tercera": "NO", "tiene_elec": "SI", "tiene_agua": "SI", "tiene_alca": "NO", "observacio": "-INGRESO DE ACUERDO AL NUEVO PLANO AMPARO Q.08/16/07 Y.C.S.- C-4047-07 ACTUALIZACION INF. AMPARO Q. JULIO 23/09 MR", "observac_1": null, "barrio": "OTRAS AREAS", "parroquia_": 1, "barrio_id": 0, "proceso": 1, "fecha_regi": null, "activo_cat": "SI", "desactivad": 0, "avaluo_rem": 0.0, "avaluo_r_1": 0.0, "clasificac": "POR LEGALIZAR", "anio_deuda": 0, "deuda": 0.0, "valor_ip": 0.0, "coactiva": null, "ficharegis": 0, "etam": 0.0833333333, "diferencia": 0.0011058764, "porc_difer": 7.6797e-06, "admisible": 1, "deuda_anio": 0.0, "2019_csv_c": null, "clavecat_1": null, "2021__csv_": null, "2021__csv1": null, "2022__csv_": "3-23-64-41-000", "2022__csv1": "617-05-01-2023", "Clavepre": "3-23-64-41-000", "RESOLUCION": "617-05-01-2023", "ORIG_FID": 255 }, "geometry": { "type": "Point", "coordinates": [ -80.727716866199287, -1.00295654438348 ] } },
{ "type": "Feature", "properties": { "id": 87094, "lote_id": 66568, "clavecatas": "3-23-64-44-000", "zona": "3", "sector": "23", "manzana": "64", "lote": "44", "ph": "000", "propietari": "DE LA CADENA MILTON/VERA CEDEÑO ESTRELLA", "documentop": null, "direccion": "URBIRIOS II MZ-28 L-12", "area_m2": 144.0, "frente_uti": 8.0, "frente_tot": 0.0, "avaluo_con": 0.0, "avaluo_sue": 5760.0, "zonaurbano": "URBANA", "parroquia": "MANTA", "esta_bloqu": "NO", "es_tercera": "NO", "tiene_elec": "SI", "tiene_agua": "SI", "tiene_alca": "NO", "observacio": "-INGRESO DE ACUERDO AL NUEVO PLANO AMPARO Q.08/16/07 Y.C.S.- C-4103-07 C-3685-08 ACTUALIZACION INF. AMPARO Q. JULIO 23/09 MR", "observac_1": null, "barrio": "OTRAS AREAS", "parroquia_": 1, "barrio_id": 0, "proceso": 1, "fecha_regi": null, "activo_cat": "SI", "desactivad": 0, "avaluo_rem": 0.0, "avaluo_r_1": 0.0, "clasificac": "DEPURACION CATASTRO", "anio_deuda": 2020, "deuda": 119.2, "valor_ip": 0.0, "coactiva": null, "ficharegis": 0, "etam": 0.0833333333, "diferencia": -0.0208806275, "porc_difer": -0.0001450044, "admisible": 1, "deuda_anio": 0.0, "2019_csv_c": null, "clavecat_1": null, "2021__csv_": null, "2021__csv1": null, "2022__csv_": "3-23-64-44-000", "2022__csv1": "617-05-01-2023", "Clavepre": "3-23-64-44-000", "RESOLUCION": "617-05-01-2023", "ORIG_FID": 256 }, "geometry": { "type": "Point", "coordinates": [ -80.727834846984223, -1.003138319904669 ] } },
{ "type": "Feature", "properties": { "id": 87098, "lote_id": 66572, "clavecatas": "3-23-64-48-000", "zona": "3", "sector": "23", "manzana": "64", "lote": "48", "ph": "000", "propietari": "GOBIERNO AUTÓNOMO DESCENTRALIZADO DE MANTA .", "documentop": "1360000980001", "direccion": "URBIRIOS II MZ-28 L-16", "area_m2": 144.0, "frente_uti": 8.0, "frente_tot": 0.0, "avaluo_con": 0.0, "avaluo_sue": 4032.0, "zonaurbano": "URBANA", "parroquia": "MANTA", "esta_bloqu": "SI", "es_tercera": "NO", "tiene_elec": "SI", "tiene_agua": "SI", "tiene_alca": "NO", "observacio": "-INGRESO DE ACUERDO AL NUEVO PLANO AMPARO Q.08/16/07 Y.C.S.- ACTUALIZACION INF. AMPARO Q. JULIO 23/09 MR.SE CORRIGE MZ Y LOTE DE ACUERDO A LA PROTOCOLIZACION DEL PLANO", "observac_1": "ESTE C.C.ESTA DUPLICADO CON EL C.C.3235215-SE VUELVE A UTILIZAR EL CODIGO DE ACUERDO A LA NUEVA PROTOCOLIZACION DE PLANO\r\n", "barrio": "OTRAS AREAS", "parroquia_": 1, "barrio_id": 0, "proceso": 1, "fecha_regi": null, "activo_cat": "NO", "desactivad": 0, "avaluo_rem": 0.0, "avaluo_r_1": 0.0, "clasificac": "DEPURACION CATASTRO", "anio_deuda": 0, "deuda": 0.0, "valor_ip": 0.0, "coactiva": null, "ficharegis": 0, "etam": 0.0833333333, "diferencia": 0.0011058774, "porc_difer": 7.6797e-06, "admisible": 1, "deuda_anio": 388.16, "2019_csv_c": null, "clavecat_1": null, "2021__csv_": null, "2021__csv1": null, "2022__csv_": "3-23-64-48-000", "2022__csv1": "617-05-01-2023", "Clavepre": "3-23-64-48-000", "RESOLUCION": "617-05-01-2023", "ORIG_FID": 257 }, "geometry": { "type": "Point", "coordinates": [ -80.728021572429768, -1.003426187771699 ] } },
{ "type": "Feature", "properties": { "id": 87115, "lote_id": 66588, "clavecatas": "3-23-65-03-000", "zona": "3", "sector": "23", "manzana": "65", "lote": "03", "ph": "000", "propietari": "MOLINA LOPEZ JOSEFA MARIA", "documentop": "1309473583", "direccion": "MZ-29 LT.03 URBIRIOS II", "area_m2": 144.0, "frente_uti": 8.0, "frente_tot": 0.0, "avaluo_con": 6000.0, "avaluo_sue": 5184.0, "zonaurbano": "URBANA", "parroquia": "TARQUI", "esta_bloqu": "NO", "es_tercera": "NO", "tiene_elec": "SI", "tiene_agua": "SI", "tiene_alca": "NO", "observacio": "SE DESMEMBRA DE LA CC. 3270201, CANCELÓ CON LA MISMA HASTA EL AÑO 2005 INF. AMPARO Q. JUNIO 28/06 MR C-3994-07 ACTUALIZACION INF. AMPARO Q. JULIO 23/09 MR -SE ACTUALIZA INFORMACION CON ESCRITURA DE ADJ.CON PROH.DE ENAJ.INSCRITA EN EL REG.DE LA PROPIEDA", "observac_1": null, "barrio": "OTRAS AREAS", "parroquia_": 3, "barrio_id": 0, "proceso": 0, "fecha_regi": null, "activo_cat": "SI", "desactivad": 0, "avaluo_rem": 0.0, "avaluo_r_1": 0.0, "clasificac": "GENERAL", "anio_deuda": 2025, "deuda": 23.03, "valor_ip": 0.0, "coactiva": null, "ficharegis": 82632, "etam": 0.0833333333, "diferencia": -2.19059e-05, "porc_difer": -1.521e-07, "admisible": 1, "deuda_anio": 13.0, "2019_csv_c": null, "clavecat_1": null, "2021__csv_": null, "2021__csv1": null, "2022__csv_": "3-23-65-03-000", "2022__csv1": "617-05-01-2023", "Clavepre": "3-23-65-03-000", "RESOLUCION": "617-05-01-2023", "ORIG_FID": 258 }, "geometry": { "type": "Point", "coordinates": [ -80.728775875249426, -1.004579899203699 ] } },
{ "type": "Feature", "properties": { "id": 87117, "lote_id": 66590, "clavecatas": "3-23-65-05-000", "zona": "3", "sector": "23", "manzana": "65", "lote": "05", "ph": "000", "propietari": "TEJENA SALTOS MARJORIE CECILIA", "documentop": "1309625596", "direccion": "MZ-29 LT.05 URBIRIOS II", "area_m2": 144.0, "frente_uti": 8.0, "frente_tot": 0.0, "avaluo_con": 11776.0, "avaluo_sue": 5184.0, "zonaurbano": "URBANA", "parroquia": "TARQUI", "esta_bloqu": "NO", "es_tercera": "NO", "tiene_elec": "SI", "tiene_agua": "SI", "tiene_alca": "NO", "observacio": "SE DESMEMBRA DE LA CC. 3270201, CANCELÓ CON LA MISMA HASTA EL AÑO 2005 INF. AMPARO Q. JUNIO 28/06 MR C-4105-07 ACTUALIZACION INF. AMPARO Q. JULIO 23/09 MR -SE ACTUALIZA INFORMACION CON ESCRITURA DE ADJ.CON PROH.DE ENAJ.INSCRITA EN EL REG.DE LA PROPIEDA", "observac_1": null, "barrio": "OTRAS AREAS", "parroquia_": 3, "barrio_id": 0, "proceso": 0, "fecha_regi": null, "activo_cat": "SI", "desactivad": 0, "avaluo_rem": 0.0, "avaluo_r_1": 0.0, "clasificac": "GENERAL", "anio_deuda": 2025, "deuda": 30.09, "valor_ip": 0.0, "coactiva": null, "ficharegis": 65181, "etam": 0.0833333333, "diferencia": -2.19404e-05, "porc_difer": -1.524e-07, "admisible": 1, "deuda_anio": 14.78, "2019_csv_c": null, "clavecat_1": null, "2021__csv_": null, "2021__csv1": null, "2022__csv_": "3-23-65-05-000", "2022__csv1": "617-05-01-2023", "Clavepre": "3-23-65-05-000", "RESOLUCION": "617-05-01-2023", "ORIG_FID": 259 }, "geometry": { "type": "Point", "coordinates": [ -80.728856357691356, -1.004699861744471 ] } },
{ "type": "Feature", "properties": { "id": 87119, "lote_id": 66592, "clavecatas": "3-23-65-07-000", "zona": "3", "sector": "23", "manzana": "65", "lote": "07", "ph": "000", "propietari": "MOLINA BENITEZ LIDIA NELLY", "documentop": "1305909309", "direccion": "MZ-29 LT.07 URBIRRIOS II", "area_m2": 144.0, "frente_uti": 8.0, "frente_tot": 0.0, "avaluo_con": 0.0, "avaluo_sue": 4665.6, "zonaurbano": "URBANA", "parroquia": "TARQUI", "esta_bloqu": "NO", "es_tercera": "NO", "tiene_elec": "SI", "tiene_agua": "SI", "tiene_alca": "NO", "observacio": "SE DESMEMBRA DE LA CC. 3270201, CANCELÓ CON LA MISMA HASTA EL AÑO 2005 INF. AMPARO Q. JUNIO 28/06 MR ACTUALIZACION INF. AMPARO Q. JULIO 23/09 MR-SE ACTUALIZA INF EN BASE A ESCRITURA DE ADJUDICACION INSCRITA EN EL REG. DE LA PROPIEDAD.07/10/2024 GGV", "observac_1": null, "barrio": "URBIRRIOS 2", "parroquia_": 3, "barrio_id": 1046, "proceso": 0, "fecha_regi": null, "activo_cat": "SI", "desactivad": 0, "avaluo_rem": 0.0, "avaluo_r_1": 0.0, "clasificac": "GENERAL", "anio_deuda": 2025, "deuda": 18.54, "valor_ip": 0.0, "coactiva": null, "ficharegis": 65813, "etam": 0.0833333333, "diferencia": -2.19143e-05, "porc_difer": -1.522e-07, "admisible": 1, "deuda_anio": 10.98, "2019_csv_c": null, "clavecat_1": null, "2021__csv_": null, "2021__csv1": null, "2022__csv_": "3-23-65-07-000", "2022__csv1": "617-05-01-2023", "Clavepre": "3-23-65-07-000", "RESOLUCION": "617-05-01-2023", "ORIG_FID": 260 }, "geometry": { "type": "Point", "coordinates": [ -80.728936840138559, -1.004819824284833 ] } },
{ "type": "Feature", "properties": { "id": 87130, "lote_id": 66603, "clavecatas": "3-23-65-18-000", "zona": "3", "sector": "23", "manzana": "65", "lote": "18", "ph": "000", "propietari": "GOBIERNO AUTONOMO DESCENTRALIZADO  MUNICIPAL MANTA .", "documentop": "1360000980001", "direccion": "MZ-29 LT.18 URBIRIOS II", "area_m2": 144.0, "frente_uti": 8.0, "frente_tot": 0.0, "avaluo_con": 0.0, "avaluo_sue": 5760.0, "zonaurbano": "URBANA", "parroquia": "MANTA", "esta_bloqu": "NO", "es_tercera": "NO", "tiene_elec": "SI", "tiene_agua": "SI", "tiene_alca": "NO", "observacio": "SE DESMEMBRA DE LA CC. 3270201, CANCELÓ CON LA MISMA HASTA EL AÑO 2005 INF. AMPARO Q. JUNIO 28/06 MR C-2904-09", "observac_1": null, "barrio": "OTRAS AREAS", "parroquia_": 1, "barrio_id": 0, "proceso": 0, "fecha_regi": null, "activo_cat": "SI", "desactivad": 0, "avaluo_rem": 0.0, "avaluo_r_1": 0.0, "clasificac": "POR LEGALIZAR", "anio_deuda": 0, "deuda": 0.0, "valor_ip": 0.0, "coactiva": null, "ficharegis": 0, "etam": 0.0833333333, "diferencia": -2.19449e-05, "porc_difer": -1.524e-07, "admisible": 1, "deuda_anio": 0.0, "2019_csv_c": null, "clavecat_1": null, "2021__csv_": null, "2021__csv1": null, "2022__csv_": "3-23-65-18-000", "2022__csv1": "617-05-01-2023", "Clavepre": "3-23-65-18-000", "RESOLUCION": "617-05-01-2023", "ORIG_FID": 261 }, "geometry": { "type": "Point", "coordinates": [ -80.729379493691624, -1.005479618248108 ] } },
{ "type": "Feature", "properties": { "id": 87135, "lote_id": 66608, "clavecatas": "3-23-65-23-000", "zona": "3", "sector": "23", "manzana": "65", "lote": "23", "ph": "000", "propietari": "GOBIERNO AUTONOMO DESCENTRALIZADO  MUNICIPAL MANTA .", "documentop": "1360000980001", "direccion": "MZ-29 LT.22 URBIRIOS II", "area_m2": 144.0, "frente_uti": 8.0, "frente_tot": 0.0, "avaluo_con": 0.0, "avaluo_sue": 5760.0, "zonaurbano": "URBANA", "parroquia": "MANTA", "esta_bloqu": "NO", "es_tercera": "NO", "tiene_elec": "SI", "tiene_agua": "SI", "tiene_alca": "NO", "observacio": "SE DESMEMBRA DE LA CC. 3270201, CANCELÓ CON LA MISMA HASTA EL AÑO 2005 INF. AMPARO Q. JUNIO 28/06 MR C-4046-07 ACTUALIZACION INF. AMPARO Q. JULIO 23/09 MR", "observac_1": null, "barrio": "OTRAS AREAS", "parroquia_": 1, "barrio_id": 0, "proceso": 0, "fecha_regi": null, "activo_cat": "SI", "desactivad": 0, "avaluo_rem": 0.0, "avaluo_r_1": 0.0, "clasificac": "POR LEGALIZAR", "anio_deuda": 0, "deuda": 0.0, "valor_ip": 0.0, "coactiva": null, "ficharegis": 0, "etam": 0.0833333333, "diferencia": -2.19085e-05, "porc_difer": -1.521e-07, "admisible": 1, "deuda_anio": 0.0, "2019_csv_c": null, "clavecat_1": null, "2021__csv_": null, "2021__csv1": null, "2022__csv_": "3-23-65-23-000", "2022__csv1": "617-05-01-2023", "Clavepre": "3-23-65-23-000", "RESOLUCION": "617-05-01-2023", "ORIG_FID": 262 }, "geometry": { "type": "Point", "coordinates": [ -80.729580699904403, -1.005779524590124 ] } },
{ "type": "Feature", "properties": { "id": 87140, "lote_id": 66613, "clavecatas": "3-23-65-28-000", "zona": "3", "sector": "23", "manzana": "65", "lote": "28", "ph": "000", "propietari": "PINARGOTE VELASQUEZ ANGEL MIRO", "documentop": "1305729277", "direccion": "MZ-29 LT.27 URBIRIOS II", "area_m2": 180.0, "frente_uti": 10.0, "frente_tot": 10.0, "avaluo_con": 9420.8, "avaluo_sue": 5832.0, "zonaurbano": "URBANA", "parroquia": "TARQUI", "esta_bloqu": "NO", "es_tercera": "NO", "tiene_elec": "SI", "tiene_agua": "SI", "tiene_alca": "NO", "observacio": "SE DESMEMBRA DE LA CC. 3270201, CANCELÓ CON LA MISMA HASTA EL AÑO 2005 INF. AMPARO Q. JUNIO 28/06 MR C-561-08 ACTUALIZACION INF. AMPARO Q. JULIO 23/09 MR -SE ACTUALIZA INFORMACION CON ESCRITURA DE ADJ.CON PROH.DE ENAJ.INSCRITA EN EL REG.DE LA PROPIEDAD", "observac_1": null, "barrio": "OTRAS AREAS", "parroquia_": 3, "barrio_id": 0, "proceso": 0, "fecha_regi": null, "activo_cat": "SI", "desactivad": 0, "avaluo_rem": 0.0, "avaluo_r_1": 0.0, "clasificac": "GENERAL", "anio_deuda": 2025, "deuda": 59.18, "valor_ip": 0.0, "coactiva": null, "ficharegis": 83726, "etam": 0.0745355992, "diferencia": -2.73254e-05, "porc_difer": -1.518e-07, "admisible": 1, "deuda_anio": 32.84, "2019_csv_c": null, "clavecat_1": null, "2021__csv_": null, "2021__csv1": null, "2022__csv_": "3-23-65-28-000", "2022__csv1": "617-05-01-2023", "Clavepre": "3-23-65-28-000", "RESOLUCION": "617-05-01-2023", "ORIG_FID": 263 }, "geometry": { "type": "Point", "coordinates": [ -80.729786936306525, -1.006086928587688 ] } },
{ "type": "Feature", "properties": { "id": 87142, "lote_id": 66615, "clavecatas": "3-23-66-02-000", "zona": "3", "sector": "23", "manzana": "66", "lote": "02", "ph": "000", "propietari": "PAZMIÑO PILLASAGUA LUIS RAFAEL", "documentop": "1307871093", "direccion": "MZ-T LT. 02 URBIRIOS II", "area_m2": 144.0, "frente_uti": 8.0, "frente_tot": 0.0, "avaluo_con": 0.0, "avaluo_sue": 4320.0, "zonaurbano": "URBANA", "parroquia": "MANTA", "esta_bloqu": "SI", "es_tercera": "NO", "tiene_elec": "NO", "tiene_agua": "NO", "tiene_alca": "NO", "observacio": "Se desmembra de  la CC.3270201, canceló con la misma hasta el año 2005 inf. Amparo Quiroz, junio 26/06 mr Actualizacion inf. Amparo Q. Julio 23/09 mr", "observac_1": "SE BLOQUE ESTE CODIGO YA QUE FUE REUBICADE EN EL LOTE 17 MZ-24 CON EL CODIGO 3275017, EL LOTE BLOQUEADO SE ENCUENTRA LIBRE Y PUEDE SER AASIGNADO A U TERCERO YA QUE COSNTA A FAVOR DEL GAD-MANTA-LUIS LIOPEZ 17/03/2014", "barrio": "OTRAS AREAS", "parroquia_": 1, "barrio_id": 0, "proceso": 1, "fecha_regi": null, "activo_cat": "NO", "desactivad": 0, "avaluo_rem": 0.0, "avaluo_r_1": 0.0, "clasificac": "DEPURACION CATASTRO", "anio_deuda": 0, "deuda": 0.0, "valor_ip": 0.0, "coactiva": null, "ficharegis": 0, "etam": 0.0833333333, "diferencia": -2e-08, "porc_difer": -1e-10, "admisible": 1, "deuda_anio": 42.25, "2019_csv_c": null, "clavecat_1": null, "2021__csv_": null, "2021__csv1": null, "2022__csv_": "3-23-66-02-000", "2022__csv1": "617-05-01-2023", "Clavepre": "3-23-66-02-000", "RESOLUCION": "617-05-01-2023", "ORIG_FID": 264 }, "geometry": { "type": "Point", "coordinates": [ -80.729939161241163, -1.006304259804001 ] } },
{ "type": "Feature", "properties": { "id": 87145, "lote_id": 66618, "clavecatas": "3-23-66-05-000", "zona": "3", "sector": "23", "manzana": "66", "lote": "05", "ph": "000", "propietari": "GOBIERNO AUTÓNOMO DESCENTRALIZADO DE MANTA .", "documentop": "1360000980001", "direccion": "URBIRIOS II MZ-17 LOTE 03", "area_m2": 144.0, "frente_uti": 8.0, "frente_tot": 0.0, "avaluo_con": 0.0, "avaluo_sue": 4320.0, "zonaurbano": "URBANA", "parroquia": "MANTA", "esta_bloqu": "NO", "es_tercera": "NO", "tiene_elec": "NO", "tiene_agua": "NO", "tiene_alca": "NO", "observacio": "SE DESMEMBRA DE  LA CC.3270201, CANCELÓ CON LA MISMA HASTA EL AÑO 2005 INF. AMPARO QUIROZ, JUNIO 26/06 MR ACTUALIZACION INF. AMPARO Q. JULIO 23/09 MR", "observac_1": null, "barrio": "OTRAS AREAS", "parroquia_": 1, "barrio_id": 0, "proceso": 1, "fecha_regi": null, "activo_cat": "SI", "desactivad": 0, "avaluo_rem": 0.0, "avaluo_r_1": 0.0, "clasificac": "DEPURACION CATASTRO", "anio_deuda": 2026, "deuda": 6.94, "valor_ip": 0.0, "coactiva": null, "ficharegis": 61100, "etam": 0.0833333333, "diferencia": 4.41e-08, "porc_difer": 3e-10, "admisible": 1, "deuda_anio": 0.0, "2019_csv_c": null, "clavecat_1": null, "2021__csv_": null, "2021__csv1": null, "2022__csv_": "3-23-66-05-000", "2022__csv1": "617-05-01-2023", "Clavepre": "3-23-66-05-000", "RESOLUCION": "617-05-01-2023", "ORIG_FID": 265 }, "geometry": { "type": "Point", "coordinates": [ -80.730061174572782, -1.006483320169725 ] } },
{ "type": "Feature", "properties": { "id": 87160, "lote_id": 66632, "clavecatas": "3-23-66-21-000", "zona": "3", "sector": "23", "manzana": "66", "lote": "21", "ph": "000", "propietari": "GOBIERNO AUTÓNOMO DESCENTRALIZADO DE MANTA .", "documentop": "1360000980001", "direccion": "URBIRIOS II MZ-17 LOTE 15", "area_m2": 144.0, "frente_uti": 8.0, "frente_tot": 0.0, "avaluo_con": 0.0, "avaluo_sue": 4320.0, "zonaurbano": "URBANA", "parroquia": "MANTA", "esta_bloqu": "NO", "es_tercera": "NO", "tiene_elec": "NO", "tiene_agua": "NO", "tiene_alca": "NO", "observacio": "SE DESMEMBRA DE  LA CC.3270201, CANCELÓ CON LA MISMA HASTA EL AÑO 2005 INF. AMPARO QUIROZ, JUNIO 26/06 MR ACTUALIZACION INF. AMPARO Q. JULIO 23/09 MR", "observac_1": null, "barrio": "OTRAS AREAS", "parroquia_": 1, "barrio_id": 0, "proceso": 1, "fecha_regi": null, "activo_cat": "SI", "desactivad": 0, "avaluo_rem": 0.0, "avaluo_r_1": 0.0, "clasificac": "DEPURACION CATASTRO", "anio_deuda": 2026, "deuda": 6.94, "valor_ip": 0.0, "coactiva": null, "ficharegis": 64375, "etam": 0.0833333333, "diferencia": -1.96e-08, "porc_difer": -1e-10, "admisible": 1, "deuda_anio": 0.0, "2019_csv_c": null, "clavecat_1": null, "2021__csv_": null, "2021__csv1": null, "2022__csv_": "3-23-66-21-000", "2022__csv1": "617-05-01-2023", "Clavepre": "3-23-66-21-000", "RESOLUCION": "617-05-01-2023", "ORIG_FID": 266 }, "geometry": { "type": "Point", "coordinates": [ -80.730711912542944, -1.007438308767008 ] } },
{ "type": "Feature", "properties": { "id": 87162, "lote_id": 80396, "clavecatas": "3-23-66-23-000", "zona": "3", "sector": "23", "manzana": "66", "lote": "23", "ph": "000", "propietari": "GOBIERNO AUTÓNOMO DESCENTRALIZADO DE MANTA .", "documentop": "1360000980001", "direccion": "URBIRRIOS II MZ-17 LOTE 17", "area_m2": 144.0, "frente_uti": 8.0, "frente_tot": 8.0, "avaluo_con": 0.0, "avaluo_sue": 4320.0, "zonaurbano": "URBANA", "parroquia": "TARQUI", "esta_bloqu": "NO", "es_tercera": "NO", "tiene_elec": "NO", "tiene_agua": "NO", "tiene_alca": "NO", "observacio": "FM.2010.- INF. PARA CERTIF. INGRES. X AREA DE LEGALIZACION INSP. L. LOPEZ, 24/01/14.- - CAMBIO DE CLASIFICACIÓN: MEMORANDO MTA-DFIN-MEM-160920211226, TRÁMITE TE090920211550 EN BASE A ART. 509 DEL COOTAD.", "observac_1": "FM2010 - MEMORANDO 055-DACR-DCR-GADM-15 - se desbloquea por proceso de Legalizacion masiva Urbirrios 2", "barrio": "URBIRRIOS 2", "parroquia_": 3, "barrio_id": 1046, "proceso": 1, "fecha_regi": null, "activo_cat": "SI", "desactivad": 0, "avaluo_rem": 0.0, "avaluo_r_1": 0.0, "clasificac": "PROPIEDADES MUNICIPALES", "anio_deuda": 0, "deuda": 0.0, "valor_ip": 0.0, "coactiva": null, "ficharegis": 64379, "etam": 0.0833333333, "diferencia": -2.42e-08, "porc_difer": -2.0000000000000001e-10, "admisible": 1, "deuda_anio": 0.0, "2019_csv_c": null, "clavecat_1": null, "2021__csv_": null, "2021__csv1": null, "2022__csv_": "3-23-66-23-000", "2022__csv1": "617-05-01-2023", "Clavepre": "3-23-66-23-000", "RESOLUCION": "617-05-01-2023", "ORIG_FID": 267 }, "geometry": { "type": "Point", "coordinates": [ -80.730793256514104, -1.007557681164901 ] } },
{ "type": "Feature", "properties": { "id": 87163, "lote_id": 80397, "clavecatas": "3-23-66-24-000", "zona": "3", "sector": "23", "manzana": "66", "lote": "24", "ph": "000", "propietari": "G.A.D.MCPAL.DEL CANTON MANTA .", "documentop": "1360000980001", "direccion": "SECTOR URBIRIOS II MZ-17 LOTE 18", "area_m2": 144.0, "frente_uti": 8.0, "frente_tot": 8.0, "avaluo_con": 1080.0, "avaluo_sue": 4320.0, "zonaurbano": "URBANA", "parroquia": "TARQUI", "esta_bloqu": "NO", "es_tercera": "NO", "tiene_elec": "NO", "tiene_agua": "NO", "tiene_alca": "NO", "observacio": "INGRESO NUEVO FM2010\r\n\r\nING. PARA CERTIF. POR LORENA LOOR,  REV. ARQ. MARIA FERRIN, JUNIO 18-15  MR.     - CAMBIO DE CLASIFICACIÓN: MEMORANDO MTA-DFIN-MEM-160920211226, TRÁMITE TE090920211550 EN BASE A ART. 509 DEL COOTAD.", "observac_1": "FM2010- Emision: 2016 Falta de Mejoras 2010 Dir. de Tec.", "barrio": "URBIRRIOS 2", "parroquia_": 3, "barrio_id": 1046, "proceso": 1, "fecha_regi": null, "activo_cat": "SI", "desactivad": 0, "avaluo_rem": 0.0, "avaluo_r_1": 0.0, "clasificac": "PROPIEDADES MUNICIPALES", "anio_deuda": 0, "deuda": 0.0, "valor_ip": 0.0, "coactiva": null, "ficharegis": 51161, "etam": 0.0833333333, "diferencia": 0.0009180206, "porc_difer": 6.3751e-06, "admisible": 1, "deuda_anio": 0.0, "2019_csv_c": null, "clavecat_1": null, "2021__csv_": null, "2021__csv1": null, "2022__csv_": "3-23-66-24-000", "2022__csv1": "617-05-01-2023", "Clavepre": "3-23-66-24-000", "RESOLUCION": "617-05-01-2023", "ORIG_FID": 268 }, "geometry": { "type": "Point", "coordinates": [ -80.730833928033221, -1.007617367593821 ] } },
{ "type": "Feature", "properties": { "id": 87169, "lote_id": 66635, "clavecatas": "3-23-67-02-000", "zona": "3", "sector": "23", "manzana": "67", "lote": "02", "ph": "000", "propietari": "GOBIERNO AUTONOMO DESCENTRALIZADO  MUNICIPAL MANTA .", "documentop": "1360000980001", "direccion": "MZ-15 LT.02 URBIIOS II", "area_m2": 144.0, "frente_uti": 8.0, "frente_tot": 0.0, "avaluo_con": 0.0, "avaluo_sue": 5760.0, "zonaurbano": "URBANA", "parroquia": "MANTA", "esta_bloqu": "NO", "es_tercera": "NO", "tiene_elec": "SI", "tiene_agua": "SI", "tiene_alca": "NO", "observacio": "SE DESMEMBRA DE LA CC. 3270201, CANCELÓ CON LA MISMA HASTA EL AÑO 2005, INF. AMPARO Q. JUNIO 23/06 MR ACTUALIZACION INF. AMPARO Q. JULIO 23/09 MR", "observac_1": null, "barrio": "OTRAS AREAS", "parroquia_": 1, "barrio_id": 0, "proceso": 1, "fecha_regi": null, "activo_cat": "SI", "desactivad": 0, "avaluo_rem": 0.0, "avaluo_r_1": 0.0, "clasificac": "POR LEGALIZAR", "anio_deuda": 0, "deuda": 0.0, "valor_ip": 0.0, "coactiva": null, "ficharegis": 64228, "etam": 0.0833333333, "diferencia": 0.0259100531, "porc_difer": 0.0001799309, "admisible": 1, "deuda_anio": 0.0, "2019_csv_c": null, "clavecat_1": null, "2021__csv_": null, "2021__csv1": null, "2022__csv_": "3-23-67-02-000", "2022__csv1": "617-05-01-2023", "Clavepre": "3-23-67-02-000", "RESOLUCION": "617-05-01-2023", "ORIG_FID": 269 }, "geometry": { "type": "Point", "coordinates": [ -80.728978158150014, -1.004359712379178 ] } },
{ "type": "Feature", "properties": { "id": 87175, "lote_id": 66641, "clavecatas": "3-23-67-08-000", "zona": "3", "sector": "23", "manzana": "67", "lote": "08", "ph": "000", "propietari": "MOREIRA PEÑAFIEL EDITA ELIZABETH", "documentop": "1306078013", "direccion": "MZ-15 LT.08 URBIRRIOS II", "area_m2": 144.0, "frente_uti": 8.0, "frente_tot": 0.0, "avaluo_con": 9000.0, "avaluo_sue": 5184.0, "zonaurbano": "URBANA", "parroquia": "TARQUI", "esta_bloqu": "NO", "es_tercera": "NO", "tiene_elec": "SI", "tiene_agua": "SI", "tiene_alca": "NO", "observacio": "SE DESMEMBRA DE LA CC. 3270201, CANCELÓ CON LA MISMA HASTA EL AÑO 2005, INF. AMPARO Q. JUNIO 23/06 MR C-3851-07 C-5361-08 -ACTUALIZACION INF. AMPARO Q. JULIO 23/09 MR -SE ACTUALIZA INFORMACION CON ESCRITURA DE ADJ.CON PROH.DE ENAJ.INSCRITA EN EL REG.DE", "observac_1": "SE DESBLOQUEA POR PROCESO DE LEGALIZACION EN BASE A RESOLUCION LEGISLATIVA N°617-05-01-2023 URBIRRIOS 2 CON FECHA 03-03-2023", "barrio": "OTRAS AREAS", "parroquia_": 3, "barrio_id": 0, "proceso": 1, "fecha_regi": null, "activo_cat": "SI", "desactivad": 0, "avaluo_rem": 0.0, "avaluo_r_1": 0.0, "clasificac": "GENERAL", "anio_deuda": 2026, "deuda": 11.63, "valor_ip": 0.0, "coactiva": null, "ficharegis": 63977, "etam": 0.0833333333, "diferencia": -1.45e-08, "porc_difer": -1e-10, "admisible": 1, "deuda_anio": 0.0, "2019_csv_c": null, "clavecat_1": null, "2021__csv_": null, "2021__csv1": null, "2022__csv_": "3-23-67-08-000", "2022__csv1": "617-05-01-2023", "Clavepre": "3-23-67-08-000", "RESOLUCION": "617-05-01-2023", "ORIG_FID": 270 }, "geometry": { "type": "Point", "coordinates": [ -80.729218611532332, -1.004720281471203 ] } },
{ "type": "Feature", "properties": { "id": 87190, "lote_id": 66656, "clavecatas": "3-23-67-23-000", "zona": "3", "sector": "23", "manzana": "67", "lote": "23", "ph": "000", "propietari": "MENDOZA PICO MARIA ERNESTINA", "documentop": "1311680654", "direccion": "MZ-15 LT.23 URBIRRIOS II", "area_m2": 144.0, "frente_uti": 8.0, "frente_tot": 0.0, "avaluo_con": 11520.0, "avaluo_sue": 5760.0, "zonaurbano": "URBANA", "parroquia": "TARQUI", "esta_bloqu": "NO", "es_tercera": "NO", "tiene_elec": "SI", "tiene_agua": "SI", "tiene_alca": "NO", "observacio": "SE DESMEMBRA DE LA CC. 3270201, CANCELÓ CON LA MISMA HASTA EL AÑO 2005, INF. AMPARO Q. 06/23/06 MR C-2330-09- ACTUALIZACION INF. AMPARO Q. 07/27/09 MR.- INF. PARA CERTIF. INGRES. POR AREA DE LEGALIZACION INSP. LUIS LOPEZ, 01/22/14.-SE ACTUALIZA INFORMA", "observac_1": null, "barrio": "OTRAS AREAS", "parroquia_": 3, "barrio_id": 0, "proceso": 1, "fecha_regi": null, "activo_cat": "SI", "desactivad": 0, "avaluo_rem": 0.0, "avaluo_r_1": 0.0, "clasificac": "GENERAL", "anio_deuda": 2026, "deuda": 15.73, "valor_ip": 0.0, "coactiva": null, "ficharegis": 82699, "etam": 0.0833333333, "diferencia": 0.0516564421, "porc_difer": 0.0003587253, "admisible": 1, "deuda_anio": 0.0, "2019_csv_c": null, "clavecat_1": null, "2021__csv_": null, "2021__csv1": null, "2022__csv_": "3-23-67-23-000", "2022__csv1": "617-05-01-2023", "Clavepre": "3-23-67-23-000", "RESOLUCION": "617-05-01-2023", "ORIG_FID": 271 }, "geometry": { "type": "Point", "coordinates": [ -80.729819687039992, -1.005621713980174 ] } },
{ "type": "Feature", "properties": { "id": 87194, "lote_id": 66660, "clavecatas": "3-23-67-27-000", "zona": "3", "sector": "23", "manzana": "67", "lote": "27", "ph": "000", "propietari": "DELGADO GOMEZ MILEXI XIOMARA", "documentop": "1315557346", "direccion": "MZ-15 LT.27 URBIIOS II", "area_m2": 144.0, "frente_uti": 8.0, "frente_tot": 0.0, "avaluo_con": 10035.2, "avaluo_sue": 5184.0, "zonaurbano": "URBANA", "parroquia": "TARQUI", "esta_bloqu": "NO", "es_tercera": "NO", "tiene_elec": "SI", "tiene_agua": "SI", "tiene_alca": "NO", "observacio": "SE DESMEMBRA DE LA CC. 3270201, CANCELÓ CON LA MISMA HASTA EL AÑO 2005, INF. AMPARO Q. JUNIO 23/06 MR VARIA AREA YA AVAL. X NUEVO REDISEÑO AGOSTO 15/07 MR -SE ACTUALIZA INFORMACION CON ESCRITURA DE ADJ.CON PROH.DE ENAJ.INSCRITA EN EL REG.DE LA PROPIED", "observac_1": null, "barrio": "URBIRIOS", "parroquia_": 3, "barrio_id": 231, "proceso": 1, "fecha_regi": null, "activo_cat": "SI", "desactivad": 0, "avaluo_rem": 0.0, "avaluo_r_1": 0.0, "clasificac": "GENERAL", "anio_deuda": 2026, "deuda": 12.23, "valor_ip": 0.0, "coactiva": null, "ficharegis": 73256, "etam": 0.0833333333, "diferencia": -0.0589369213, "porc_difer": -0.0004092842, "admisible": 1, "deuda_anio": 0.0, "2019_csv_c": null, "clavecat_1": null, "2021__csv_": null, "2021__csv1": null, "2022__csv_": "3-23-67-27-000", "2022__csv1": "617-05-01-2023", "Clavepre": "3-23-67-27-000", "RESOLUCION": "617-05-01-2023", "ORIG_FID": 272 }, "geometry": { "type": "Point", "coordinates": [ -80.72997995560857, -1.005862117783655 ] } },
{ "type": "Feature", "properties": { "id": 87195, "lote_id": 66661, "clavecatas": "3-23-67-28-000", "zona": "3", "sector": "23", "manzana": "67", "lote": "28", "ph": "000", "propietari": "GOBIERNO AUTÓNOMO DESCENTRALIZADO DE MANTA .", "documentop": "1360000980001", "direccion": "MZ-15 LT. 28 URBIRIOS II", "area_m2": 144.0, "frente_uti": 28.0, "frente_tot": 0.0, "avaluo_con": 0.0, "avaluo_sue": 5760.0, "zonaurbano": "URBANA", "parroquia": "MANTA", "esta_bloqu": "NO", "es_tercera": "NO", "tiene_elec": "SI", "tiene_agua": "SI", "tiene_alca": "NO", "observacio": "ING. NUEVO INF. AMPARO Q. AGOSTO 15-07 MR", "observac_1": null, "barrio": "URBIRIOS", "parroquia_": 1, "barrio_id": 231, "proceso": 1, "fecha_regi": null, "activo_cat": "SI", "desactivad": 0, "avaluo_rem": 0.0, "avaluo_r_1": 0.0, "clasificac": "DEPURACION CATASTRO", "anio_deuda": 2026, "deuda": 18.71, "valor_ip": 0.0, "coactiva": null, "ficharegis": 64235, "etam": 0.0833333333, "diferencia": -36.039995715499998, "porc_difer": -0.250277748, "admisible": 0, "deuda_anio": 0.0, "2019_csv_c": null, "clavecat_1": null, "2021__csv_": null, "2021__csv1": null, "2022__csv_": "3-23-67-28-000", "2022__csv1": "617-05-01-2023", "Clavepre": "3-23-67-28-000", "RESOLUCION": "617-05-01-2023", "ORIG_FID": 273 }, "geometry": { "type": "Point", "coordinates": [ -80.730025004809747, -1.00592975075374 ] } },
{ "type": "Feature", "properties": { "id": 87198, "lote_id": 66664, "clavecatas": "3-23-67-31-000", "zona": "3", "sector": "23", "manzana": "67", "lote": "31", "ph": "000", "propietari": "CARREÑO CARREÑO MARIA ORFILIA FLORIDALBA", "documentop": "1304455734", "direccion": "URBIRIOS II MZ-15   L-53", "area_m2": 144.0, "frente_uti": 8.0, "frente_tot": 8.0, "avaluo_con": 10239.25, "avaluo_sue": 5184.0, "zonaurbano": "URBANA", "parroquia": "MANTA", "esta_bloqu": "NO", "es_tercera": "SI", "tiene_elec": "SI", "tiene_agua": "SI", "tiene_alca": "NO", "observacio": "-INGRESO CON EL NUEVO PLANO INF.AMPARO Q.08/16/07 Y.C.S.- C-3367-08 -ACTUALIZACION INF. AMPARO Q. JULIO 27/09 MR-SE ACTUALIZA INF EN BASE A ESCRITURA DE ADJUDICACIÓN INSCRITA EN EL REG. DE LA PROPIEDAD.01/12/2023 GGV", "observac_1": "ESTA DUPLICADO CON 3238241 - SE DESBLOQUEA POR PROCESO DE LEGALIZACION EN BASE A RESOLUCION LEGISLATIVA N°617-05-01-2023 URBIRRIOS 2 CON FECHA 03-03-2023.", "barrio": "OTRAS AREAS", "parroquia_": 1, "barrio_id": 0, "proceso": 1, "fecha_regi": null, "activo_cat": "SI", "desactivad": 0, "avaluo_rem": 0.0, "avaluo_r_1": 0.0, "clasificac": "GENERAL", "anio_deuda": 0, "deuda": 0.0, "valor_ip": 0.0, "coactiva": null, "ficharegis": 75866, "etam": 0.0833333333, "diferencia": 0.0149415441, "porc_difer": 0.0001037607, "admisible": 1, "deuda_anio": 0.0, "2019_csv_c": null, "clavecat_1": null, "2021__csv_": null, "2021__csv1": null, "2022__csv_": "3-23-67-31-000", "2022__csv1": "617-05-01-2023", "Clavepre": "3-23-67-31-000", "RESOLUCION": "617-05-01-2023", "ORIG_FID": 274 }, "geometry": { "type": "Point", "coordinates": [ -80.729152546723114, -1.004329031679007 ] } },
{ "type": "Feature", "properties": { "id": 87206, "lote_id": 66672, "clavecatas": "3-23-67-39-000", "zona": "3", "sector": "23", "manzana": "67", "lote": "39", "ph": "000", "propietari": "GOBIERNO AUTÓNOMO DESCENTRALIZADO DE MANTA .", "documentop": "1360000980001", "direccion": "URBIRIOS II MZ-15 L-45", "area_m2": 144.0, "frente_uti": 8.0, "frente_tot": 0.0, "avaluo_con": 0.0, "avaluo_sue": 5760.0, "zonaurbano": "URBANA", "parroquia": "MANTA", "esta_bloqu": "NO", "es_tercera": "NO", "tiene_elec": "SI", "tiene_agua": "SI", "tiene_alca": "NO", "observacio": "-INGRESO CON EL NUEVO PLANO INF.AMPARO Q.08/16/07 Y.C.S.- C-447-08 C-4115-09* ACTUALIZACION INF. AMPARO Q. JULIO 27/09 MR", "observac_1": null, "barrio": "OTRAS AREAS", "parroquia_": 1, "barrio_id": 0, "proceso": 1, "fecha_regi": null, "activo_cat": "SI", "desactivad": 0, "avaluo_rem": 0.0, "avaluo_r_1": 0.0, "clasificac": "DEPURACION CATASTRO", "anio_deuda": 2026, "deuda": 6.93, "valor_ip": 0.0, "coactiva": null, "ficharegis": 65005, "etam": 0.0833333333, "diferencia": 0.0537093003, "porc_difer": 0.0003729813, "admisible": 1, "deuda_anio": 0.0, "2019_csv_c": null, "clavecat_1": null, "2021__csv_": null, "2021__csv1": null, "2022__csv_": "3-23-67-39-000", "2022__csv1": "617-05-01-2023", "Clavepre": "3-23-67-39-000", "RESOLUCION": "617-05-01-2023", "ORIG_FID": 275 }, "geometry": { "type": "Point", "coordinates": [ -80.729473123010806, -1.004809799095318 ] } },
{ "type": "Feature", "properties": { "id": 87208, "lote_id": 66674, "clavecatas": "3-23-67-41-000", "zona": "3", "sector": "23", "manzana": "67", "lote": "41", "ph": "000", "propietari": "DE LA CADENA MILTON/ GOMEZ GONZALEZ ALEX", "documentop": null, "direccion": "URBIRIOS II MZ-15 L-43", "area_m2": 144.0, "frente_uti": 8.0, "frente_tot": 0.0, "avaluo_con": 0.0, "avaluo_sue": 5760.0, "zonaurbano": "URBANA", "parroquia": "MANTA", "esta_bloqu": "NO", "es_tercera": "NO", "tiene_elec": "SI", "tiene_agua": "SI", "tiene_alca": "NO", "observacio": "-INGRESO CON EL NUEVO PLANO INF.AMPARO Q.08/16/07 Y.C.S.-ACTUALIZACION INF. AMPARO Q. JULIO 27/09 MR SE CORRIGE AREA DE ACUERDO AL PLANO INF. ARQ. RIOS 05/07/22 ARQ. LUPE LANDA", "observac_1": null, "barrio": "OTRAS AREAS", "parroquia_": 1, "barrio_id": 0, "proceso": 1, "fecha_regi": null, "activo_cat": "SI", "desactivad": 0, "avaluo_rem": 0.0, "avaluo_r_1": 0.0, "clasificac": "DEPURACION CATASTRO", "anio_deuda": 2006, "deuda": 593.34, "valor_ip": 0.0, "coactiva": null, "ficharegis": 0, "etam": 0.0833333333, "diferencia": 0.0634012624, "porc_difer": 0.0004402865, "admisible": 1, "deuda_anio": 0.0, "2019_csv_c": null, "clavecat_1": null, "2021__csv_": null, "2021__csv1": null, "2022__csv_": "3-23-67-41-000", "2022__csv1": "617-05-01-2023", "Clavepre": "3-23-67-41-000", "RESOLUCION": "617-05-01-2023", "ORIG_FID": 276 }, "geometry": { "type": "Point", "coordinates": [ -80.729553267095753, -1.004929990948215 ] } },
{ "type": "Feature", "properties": { "id": 87209, "lote_id": 66675, "clavecatas": "3-23-67-42-000", "zona": "3", "sector": "23", "manzana": "67", "lote": "42", "ph": "000", "propietari": "DE LA CADENA MILTON/ NACIAS VELEZ GISELA", "documentop": null, "direccion": "URBIRIOS II MZ-U L-42", "area_m2": 144.0, "frente_uti": 8.0, "frente_tot": 0.0, "avaluo_con": 0.0, "avaluo_sue": 0.0, "zonaurbano": "URBANA", "parroquia": "MANTA", "esta_bloqu": "SI", "es_tercera": "NO", "tiene_elec": "SI", "tiene_agua": "SI", "tiene_alca": "NO", "observacio": "-Ingreso con el nuevo plano inf.Amparo Q.08/16/07 Y.C.S.- c/4137/07- Actualizacion inf. Amparo Q. Julio 27/09 mr", "observac_1": "ESTE C.C.ESTA DUPLICADO CON EL C.C.3275132 - ESTE C.C.ESTA DUPLICADO CON EL C.C.3275132.-DAR DE BAJA POR DEPURACIÓN DE ACUERDO A LO SOLICITADO EN EL MEMORANDO DGFM-FNCHC-2018-3757 DEL 02/08/2018\t. Procesado Exitosamente: 2009,2010,2011,2012,2013,2014,20", "barrio": "OTRAS AREAS", "parroquia_": 1, "barrio_id": 0, "proceso": 1, "fecha_regi": null, "activo_cat": "NO", "desactivad": 66675, "avaluo_rem": 0.0, "avaluo_r_1": 0.0, "clasificac": "DEPURACION CATASTRO", "anio_deuda": 0, "deuda": 0.0, "valor_ip": 0.0, "coactiva": null, "ficharegis": 0, "etam": 0.0833333333, "diferencia": 0.068247232, "porc_difer": 0.0004739391, "admisible": 1, "deuda_anio": 0.0, "2019_csv_c": null, "clavecat_1": null, "2021__csv_": null, "2021__csv1": null, "2022__csv_": "3-23-67-42-000", "2022__csv1": "617-05-01-2023", "Clavepre": "3-23-67-42-000", "RESOLUCION": "617-05-01-2023", "ORIG_FID": 277 }, "geometry": { "type": "Point", "coordinates": [ -80.72959333914018, -1.004990086874495 ] } },
{ "type": "Feature", "properties": { "id": 87210, "lote_id": 66676, "clavecatas": "3-23-67-43-000", "zona": "3", "sector": "23", "manzana": "67", "lote": "43", "ph": "000", "propietari": "QUIROZ SANTANA JULISA JAMILETH", "documentop": "1351160369", "direccion": "URBIRIOS II MZ-15 L-41", "area_m2": 144.0, "frente_uti": 8.0, "frente_tot": 0.0, "avaluo_con": 326.4, "avaluo_sue": 5184.0, "zonaurbano": "URBANA", "parroquia": "TARQUI", "esta_bloqu": "NO", "es_tercera": "NO", "tiene_elec": "SI", "tiene_agua": "SI", "tiene_alca": "NO", "observacio": "-INGRESO CON EL NUEVO PLANO INF.AMPARO Q.08/16/07 Y.C.S.- ACTUALIZACION INF. AMPARO Q. JULIO 27/09 MR-SE MODIFICA MZ DE ACUERDO AL REDISEÑO DE PLANO-SE ACTUALIZA INFORMACION CON ESCRITURA DE ADJ.CON PROH.DE ENAJ.INSCRITA EN EL REG.DE LA PROPIEDAD .22/04", "observac_1": null, "barrio": "URBIRRIOS 2", "parroquia_": 3, "barrio_id": 1046, "proceso": 1, "fecha_regi": null, "activo_cat": "SI", "desactivad": 0, "avaluo_rem": 0.0, "avaluo_r_1": 0.0, "clasificac": "GENERAL", "anio_deuda": 0, "deuda": 0.0, "valor_ip": 0.0, "coactiva": null, "ficharegis": 65955, "etam": 0.0833333333, "diferencia": 0.0471967058, "porc_difer": 0.0003277549, "admisible": 1, "deuda_anio": 0.0, "2019_csv_c": null, "clavecat_1": null, "2021__csv_": null, "2021__csv1": null, "2022__csv_": "3-23-67-43-000", "2022__csv1": "103-16-11-2023", "Clavepre": "3-23-67-43-000", "RESOLUCION": "103-16-11-2023", "ORIG_FID": 278 }, "geometry": { "type": "Point", "coordinates": [ -80.729633410765786, -1.005050190927302 ] } },
{ "type": "Feature", "properties": { "id": 87212, "lote_id": 66678, "clavecatas": "3-23-67-45-000", "zona": "3", "sector": "23", "manzana": "67", "lote": "45", "ph": "000", "propietari": "CALDERON CALLE GLENDY LUXY", "documentop": "1309843777", "direccion": "URBIRIOS II MZ-15 L-39", "area_m2": 144.0, "frente_uti": 8.0, "frente_tot": 0.0, "avaluo_con": 17664.48, "avaluo_sue": 5760.0, "zonaurbano": "URBANA", "parroquia": "MANTA", "esta_bloqu": "NO", "es_tercera": "NO", "tiene_elec": "SI", "tiene_agua": "SI", "tiene_alca": "NO", "observacio": "-INGRESO CON EL NUEVO PLANO INF.AMPARO Q.08/16/07 Y.C.S.-  C-6955-.08 ACTUALIZACION INF. AMPARO Q. JULIO 27/09 MR-SE ACTUALIZA INF EN BASE A ESCRITURA DE ADJUDICACION DE LOTE INSCRITA EN EL REG. DE LA PROPIEDAD.08/11/2023 GGV", "observac_1": null, "barrio": "OTRAS AREAS", "parroquia_": 1, "barrio_id": 0, "proceso": 1, "fecha_regi": null, "activo_cat": "SI", "desactivad": 0, "avaluo_rem": 0.0, "avaluo_r_1": 0.0, "clasificac": "GENERAL", "anio_deuda": 0, "deuda": 0.0, "valor_ip": 0.0, "coactiva": null, "ficharegis": 65853, "etam": 0.0833333333, "diferencia": 0.1086807147, "porc_difer": 0.0007547272, "admisible": 1, "deuda_anio": 0.0, "2019_csv_c": null, "clavecat_1": null, "2021__csv_": null, "2021__csv1": null, "2022__csv_": "3-23-67-45-000", "2022__csv1": "617-05-01-2023", "Clavepre": "3-23-67-45-000", "RESOLUCION": "617-05-01-2023", "ORIG_FID": 279 }, "geometry": { "type": "Point", "coordinates": [ -80.729713562913048, -1.005170377338128 ] } },
{ "type": "Feature", "properties": { "id": 87213, "lote_id": 66679, "clavecatas": "3-23-67-46-000", "zona": "3", "sector": "23", "manzana": "67", "lote": "46", "ph": "000", "propietari": "CAVAL CEDEÑO JAIME DARIO", "documentop": "1309918389", "direccion": "URBIRIOS II MZ-15 L-38", "area_m2": 144.0, "frente_uti": 8.0, "frente_tot": 0.0, "avaluo_con": 0.0, "avaluo_sue": 5184.0, "zonaurbano": "URBANA", "parroquia": "TARQUI", "esta_bloqu": "NO", "es_tercera": "NO", "tiene_elec": "SI", "tiene_agua": "SI", "tiene_alca": "NO", "observacio": "-INGRESO CON EL NUEVO PLANO INF.AMPARO Q.08/16/07 Y.C.S.- ACTUALIZACION INF. AMPARO Q. JULIO 27/09 MR SE CORRIGE LOTE CON PLANO INF. ARQ, RIOS 05/07/22 ARQ. LUPE LANDA -SE ACTUALIZA INFORMACION CON ESCRITURA DE ADJ.REUBICACION DE MZ CON PROH.DE ENAJ.INSC", "observac_1": null, "barrio": "OTRAS AREAS", "parroquia_": 3, "barrio_id": 0, "proceso": 1, "fecha_regi": null, "activo_cat": "SI", "desactivad": 0, "avaluo_rem": 0.0, "avaluo_r_1": 0.0, "clasificac": "GENERAL", "anio_deuda": 0, "deuda": 0.0, "valor_ip": 0.0, "coactiva": null, "ficharegis": 79619, "etam": 0.0833333333, "diferencia": 0.0876311421, "porc_difer": 0.0006085496, "admisible": 1, "deuda_anio": 0.0, "2019_csv_c": null, "clavecat_1": null, "2021__csv_": null, "2021__csv1": null, "2022__csv_": "3-23-67-46-000", "2022__csv1": "617-05-01-2023", "Clavepre": "3-23-67-46-000", "RESOLUCION": "617-05-01-2023", "ORIG_FID": 280 }, "geometry": { "type": "Point", "coordinates": [ -80.729753627330908, -1.005230470578439 ] } },
{ "type": "Feature", "properties": { "id": 87214, "lote_id": 66680, "clavecatas": "3-23-67-47-000", "zona": "3", "sector": "23", "manzana": "67", "lote": "47", "ph": "000", "propietari": "CAVAL ZAMBRANO SEGUNDO BENJAMIN", "documentop": "1301057913", "direccion": "URBIRIOS II MZ-15 L-37", "area_m2": 144.0, "frente_uti": 8.0, "frente_tot": 0.0, "avaluo_con": 0.0, "avaluo_sue": 5760.0, "zonaurbano": "URBANA", "parroquia": "TARQUI", "esta_bloqu": "NO", "es_tercera": "SI", "tiene_elec": "SI", "tiene_agua": "SI", "tiene_alca": "NO", "observacio": "-INGRESO CON EL NUEVO PLANO INF.AMPARO Q.08/16/07 Y.C.S.- ACTUALIZACION INF. AMPARO Q. JULIO 27/09 MRSE CORRIGE LOTE CON PLANO INF. ARQ, RIOS 05/07/22 ARQ. LUPE LANDA -SE ACTUALIZA INFORMACION CON ESCRITURA DE ADJ.REUBICACION DE MZ CON PROH.DE ENAJ.INSCR", "observac_1": null, "barrio": "OTRAS AREAS", "parroquia_": 3, "barrio_id": 0, "proceso": 1, "fecha_regi": null, "activo_cat": "SI", "desactivad": 0, "avaluo_rem": 0.0, "avaluo_r_1": 0.0, "clasificac": "GENERAL", "anio_deuda": 0, "deuda": 0.0, "valor_ip": 0.0, "coactiva": null, "ficharegis": 79618, "etam": 0.0833333333, "diferencia": 0.0924770988, "porc_difer": 0.0006422021, "admisible": 1, "deuda_anio": 0.0, "2019_csv_c": null, "clavecat_1": null, "2021__csv_": null, "2021__csv1": null, "2022__csv_": "3-23-67-47-000", "2022__csv1": "617-05-01-2023", "Clavepre": "3-23-67-47-000", "RESOLUCION": "617-05-01-2023", "ORIG_FID": 281 }, "geometry": { "type": "Point", "coordinates": [ -80.729793699381844, -1.005290566504113 ] } },
{ "type": "Feature", "properties": { "id": 87216, "lote_id": 66682, "clavecatas": "3-23-67-49-000", "zona": "3", "sector": "23", "manzana": "67", "lote": "49", "ph": "000", "propietari": "DE LA CADENA MILTON/ HULLO LARCO ROSA", "documentop": null, "direccion": "URBIRIOS II MZ-15 L-34", "area_m2": 144.0, "frente_uti": 8.0, "frente_tot": 0.0, "avaluo_con": 0.0, "avaluo_sue": 5760.0, "zonaurbano": "URBANA", "parroquia": "MANTA", "esta_bloqu": "NO", "es_tercera": "NO", "tiene_elec": "SI", "tiene_agua": "SI", "tiene_alca": "NO", "observacio": "-INGRESO CON EL NUEVO PLANO INF.AMPARO Q.08/16/07 Y.C.S.- ACTUALIZACION INF. AMPARO Q. JULIO 27/09 MR SE CORRIGE LOTE CON PLANO INF. ARQ, RIOS 05/07/22 ARQ. LUPE LANDA", "observac_1": null, "barrio": "OTRAS AREAS", "parroquia_": 1, "barrio_id": 0, "proceso": 1, "fecha_regi": null, "activo_cat": "SI", "desactivad": 0, "avaluo_rem": 0.0, "avaluo_r_1": 0.0, "clasificac": "DEPURACION CATASTRO", "anio_deuda": 2013, "deuda": 403.57, "valor_ip": 0.0, "coactiva": null, "ficharegis": 0, "etam": 0.0833333333, "diferencia": 0.0003814161, "porc_difer": 2.6487e-06, "admisible": 1, "deuda_anio": 0.0, "2019_csv_c": null, "clavecat_1": null, "2021__csv_": null, "2021__csv1": null, "2022__csv_": "3-23-67-49-000", "2022__csv1": "617-05-01-2023", "Clavepre": "3-23-67-49-000", "RESOLUCION": "617-05-01-2023", "ORIG_FID": 282 }, "geometry": { "type": "Point", "coordinates": [ -80.729913865920452, -1.005470888055769 ] } },
{ "type": "Feature", "properties": { "id": 87217, "lote_id": 66683, "clavecatas": "3-23-67-50-000", "zona": "3", "sector": "23", "manzana": "67", "lote": "50", "ph": "000", "propietari": "CALDERON PARRALES GONZALO VICENTE", "documentop": "1304578527", "direccion": "URBIRIOS II MZ-15 L-35", "area_m2": 144.0, "frente_uti": 8.0, "frente_tot": 0.0, "avaluo_con": 9494.0, "avaluo_sue": 5760.0, "zonaurbano": "URBANA", "parroquia": "TARQUI", "esta_bloqu": "NO", "es_tercera": "NO", "tiene_elec": "SI", "tiene_agua": "SI", "tiene_alca": "NO", "observacio": "-INGRESO CON EL NUEVO PLANO INF.AMPARO Q.08/16/07 Y.C.S.- ACTUALIZACION INF. AMPARO Q. JULIO 27/09 MR SE CORRIGE LOTE CON PLANO INF. ARQ, RIOS 05/07/22 ARQ. LUPE LANDA -SE ACTUALIZA INFORMACION CON ESCRITURA DE ADJ.CON PROH.DE ENAJ.INSCRITA EN EL REG.DE", "observac_1": null, "barrio": "OTRAS AREAS", "parroquia_": 3, "barrio_id": 0, "proceso": 1, "fecha_regi": null, "activo_cat": "SI", "desactivad": 0, "avaluo_rem": 0.0, "avaluo_r_1": 0.0, "clasificac": "GENERAL", "anio_deuda": 2026, "deuda": 12.0, "valor_ip": 0.0, "coactiva": null, "ficharegis": 82563, "etam": 0.0833333333, "diferencia": 0.031409391, "porc_difer": 0.0002181208, "admisible": 1, "deuda_anio": 0.0, "2019_csv_c": null, "clavecat_1": null, "2021__csv_": null, "2021__csv1": null, "2022__csv_": "3-23-67-50-000", "2022__csv1": "617-05-01-2023", "Clavepre": "3-23-67-50-000", "RESOLUCION": "617-05-01-2023", "ORIG_FID": 283 }, "geometry": { "type": "Point", "coordinates": [ -80.729953959203016, -1.005530971729314 ] } },
{ "type": "Feature", "properties": { "id": 87218, "lote_id": 66684, "clavecatas": "3-23-67-51-000", "zona": "3", "sector": "23", "manzana": "67", "lote": "51", "ph": "000", "propietari": "LOPEZ SABANDO KETTY JAQUELINE", "documentop": "1310807571", "direccion": "URBIRIOS II MZ-15 L- 33", "area_m2": 144.0, "frente_uti": 8.0, "frente_tot": 0.0, "avaluo_con": 0.0, "avaluo_sue": 5184.0, "zonaurbano": "URBANA", "parroquia": "TARQUI", "esta_bloqu": "NO", "es_tercera": "NO", "tiene_elec": "NO", "tiene_agua": "NO", "tiene_alca": "NO", "observacio": "-INGRESO CON EL NUEVO PLANO INF.AMPARO Q.08/16/07 Y.C.S.-ACTUALIZACION INF. AMPARO Q. JULIO 27/09 MR SE CORRIGE LOTE CON PLANO INF. ARQ, RIOS 05/07/22 ARQ. LUPE LANDA -SE ACTUALIZA INFORMACION CON ESCRITURA DE ADJ.CON PROH.DE ENAJ.INSCRITA EN EL REG.DE L", "observac_1": null, "barrio": "OTRAS AREAS", "parroquia_": 3, "barrio_id": 0, "proceso": 1, "fecha_regi": null, "activo_cat": "SI", "desactivad": 0, "avaluo_rem": 0.0, "avaluo_r_1": 0.0, "clasificac": "GENERAL", "anio_deuda": 2025, "deuda": 19.97, "valor_ip": 0.0, "coactiva": null, "ficharegis": 82562, "etam": 0.0833333333, "diferencia": 0.0384710426, "porc_difer": 0.00026716, "admisible": 1, "deuda_anio": 11.8, "2019_csv_c": null, "clavecat_1": null, "2021__csv_": null, "2021__csv1": null, "2022__csv_": "3-23-67-51-000", "2022__csv1": "617-05-01-2023", "Clavepre": "3-23-67-51-000", "RESOLUCION": "617-05-01-2023", "ORIG_FID": 284 }, "geometry": { "type": "Point", "coordinates": [ -80.729994070579508, -1.005590988420631 ] } },
{ "type": "Feature", "properties": { "id": 87219, "lote_id": 66685, "clavecatas": "3-23-67-52-000", "zona": "3", "sector": "23", "manzana": "67", "lote": "52", "ph": "000", "propietari": "ALCIVAR CUSME JULIETA ANA", "documentop": "0801335092", "direccion": "URBIRIOS II MZ-15 L-32", "area_m2": 144.0, "frente_uti": 8.0, "frente_tot": 0.0, "avaluo_con": 259.69, "avaluo_sue": 5184.0, "zonaurbano": "URBANA", "parroquia": "TARQUI", "esta_bloqu": "NO", "es_tercera": "NO", "tiene_elec": "SI", "tiene_agua": "SI", "tiene_alca": "NO", "observacio": "-INGRESO CON EL NUEVO PLANO INF.AMPARO Q.08/16/07 Y.C.S.- ACTUALIZACION INF. AMPARO Q. JULIO 27/09 MR SE CORRIGE LOTE CON PLANO INF. ARQ, RIOS 05/07/22 ARQ. LUPE LANDA -SE ACTUALIZA INFORMACION CON ESCRITURA DE ADJ.CON PROH.DE ENAJ.INSCRITA EN EL REG.DE", "observac_1": null, "barrio": "OTRAS AREAS", "parroquia_": 3, "barrio_id": 0, "proceso": 1, "fecha_regi": null, "activo_cat": "SI", "desactivad": 0, "avaluo_rem": 0.0, "avaluo_r_1": 0.0, "clasificac": "GENERAL", "anio_deuda": 2025, "deuda": 20.05, "valor_ip": 0.0, "coactiva": null, "ficharegis": 82701, "etam": 0.0833333333, "diferencia": 0.122465468, "porc_difer": 0.0008504546, "admisible": 1, "deuda_anio": 11.83, "2019_csv_c": null, "clavecat_1": null, "2021__csv_": null, "2021__csv1": null, "2022__csv_": "3-23-67-52-000", "2022__csv1": "617-05-01-2023", "Clavepre": "3-23-67-52-000", "RESOLUCION": "617-05-01-2023", "ORIG_FID": 285 }, "geometry": { "type": "Point", "coordinates": [ -80.730034128859032, -1.005651154363037 ] } },
{ "type": "Feature", "properties": { "id": 87220, "lote_id": 66686, "clavecatas": "3-23-67-53-000", "zona": "3", "sector": "23", "manzana": "67", "lote": "53", "ph": "000", "propietari": "GOBIERNO AUTONOMO DESCENTRALIZADO  MUNICIPAL MANTA ..", "documentop": "1360000980001", "direccion": "URBIRIOS II MZ-15 L-31", "area_m2": 144.0, "frente_uti": 8.0, "frente_tot": 0.0, "avaluo_con": 0.0, "avaluo_sue": 5760.0, "zonaurbano": "URBANA", "parroquia": "MANTA", "esta_bloqu": "NO", "es_tercera": "NO", "tiene_elec": "SI", "tiene_agua": "SI", "tiene_alca": "NO", "observacio": "-INGRESO CON EL NUEVO PLANO INF.AMPARO Q.08/16/07 Y.C.S.- ACTUALIZACION INF. AMPARO Q. JULIO 27/09 MR SE CORRIGE LOTE CON PLANO INF. ARQ, RIOS 05/07/22 ARQ. LUPE LANDA", "observac_1": null, "barrio": "OTRAS AREAS", "parroquia_": 1, "barrio_id": 0, "proceso": 1, "fecha_regi": null, "activo_cat": "SI", "desactivad": 0, "avaluo_rem": 0.0, "avaluo_r_1": 0.0, "clasificac": "POR LEGALIZAR", "anio_deuda": 0, "deuda": 0.0, "valor_ip": 0.0, "coactiva": null, "ficharegis": 82700, "etam": 0.0833333333, "diferencia": 0.0681109713, "porc_difer": 0.0004729929, "admisible": 1, "deuda_anio": 0.0, "2019_csv_c": null, "clavecat_1": null, "2021__csv_": null, "2021__csv1": null, "2022__csv_": "3-23-67-53-000", "2022__csv1": "617-05-01-2023", "Clavepre": "3-23-67-53-000", "RESOLUCION": "617-05-01-2023", "ORIG_FID": 286 }, "geometry": { "type": "Point", "coordinates": [ -80.730074184173731, -1.005711267757871 ] } },
{ "type": "Feature", "properties": { "id": 87225, "lote_id": 66690, "clavecatas": "3-23-68-01-000", "zona": "3", "sector": "23", "manzana": "68", "lote": "01", "ph": "000", "propietari": "GOBIERNO AUTONOMO DESCENTRALIZADO MUNICIPAL DEL CANTON MANTA .", "documentop": "1360000980001", "direccion": "MZ-18 LT. 42 URBIRIOS II", "area_m2": 180.0, "frente_uti": 28.0, "frente_tot": 0.0, "avaluo_con": 0.0, "avaluo_sue": 7200.0, "zonaurbano": "URBANA", "parroquia": "MANTA", "esta_bloqu": "NO", "es_tercera": "NO", "tiene_elec": "SI", "tiene_agua": "SI", "tiene_alca": "NO", "observacio": "SE DESMEMBRA DE LA CC. 3270201, CANCELÓ CON LA MISMA HASTA EL AÑO 2005 INF. AMPARO Q. JUNIO 21/06 MR  ACTUALIZACION INF. AMPARO Q. JULIO 27/09 MR-FUE REUBICADO-SE MANTIENE CON EL MISMO CODIGO SEGÚN RESOL.SE CAMBIO LA UBICACIÓN LOTE # 42 DE LA MZ.18 U", "observac_1": null, "barrio": "OTRAS AREAS", "parroquia_": 1, "barrio_id": 0, "proceso": 1, "fecha_regi": null, "activo_cat": "SI", "desactivad": 0, "avaluo_rem": 0.0, "avaluo_r_1": 0.0, "clasificac": "POR LEGALIZAR", "anio_deuda": 0, "deuda": 0.0, "valor_ip": 0.0, "coactiva": null, "ficharegis": 0, "etam": 0.0745355992, "diferencia": 0.1146950716, "porc_difer": 0.0006371948, "admisible": 1, "deuda_anio": 0.0, "2019_csv_c": null, "clavecat_1": null, "2021__csv_": null, "2021__csv1": null, "2022__csv_": "3-23-68-01-000", "2022__csv1": "617-05-01-2023", "Clavepre": "3-23-68-01-000", "RESOLUCION": "617-05-01-2023", "ORIG_FID": 287 }, "geometry": { "type": "Point", "coordinates": [ -80.73012914414555, -1.006077217292862 ] } },
{ "type": "Feature", "properties": { "id": 87226, "lote_id": 66691, "clavecatas": "3-23-68-02-000", "zona": "3", "sector": "23", "manzana": "68", "lote": "02", "ph": "000", "propietari": "CHAVEZ MOLINA MIRIAN LILIANA", "documentop": "1304284373", "direccion": "MZ-18 LT. 43 URBIRIOS II", "area_m2": 144.0, "frente_uti": 8.0, "frente_tot": 0.0, "avaluo_con": 0.0, "avaluo_sue": 5184.0, "zonaurbano": "URBANA", "parroquia": "TARQUI", "esta_bloqu": "NO", "es_tercera": "NO", "tiene_elec": "NO", "tiene_agua": "NO", "tiene_alca": "NO", "observacio": "SE DESMEMBRA DE LA CC. 3270201, CANCELÓ CON LA MISMA HASTA EL AÑO 2005 INF. AMPARO Q. JUNIO 21/06 MR C-495-09  ACTUALIZACION INF. AMPARO Q. JULIO 27/09 MR. SE MANTIENE EN EL MISMO LUGAR SOLO CAMBIA LA MAZANA DE V A 18 Y EL LOTE DE 2 A 43... INF. PPUU.", "observac_1": null, "barrio": "OTRAS AREAS", "parroquia_": 3, "barrio_id": 0, "proceso": 1, "fecha_regi": null, "activo_cat": "SI", "desactivad": 0, "avaluo_rem": 0.0, "avaluo_r_1": 0.0, "clasificac": "GENERAL", "anio_deuda": 0, "deuda": 0.0, "valor_ip": 0.0, "coactiva": null, "ficharegis": 64968, "etam": 0.0833333333, "diferencia": -0.0655508298, "porc_difer": -0.0004552141, "admisible": 1, "deuda_anio": 0.0, "2019_csv_c": null, "clavecat_1": null, "2021__csv_": null, "2021__csv1": null, "2022__csv_": "3-23-68-02-000", "2022__csv1": "617-05-01-2023", "Clavepre": "3-23-68-02-000", "RESOLUCION": "617-05-01-2023", "ORIG_FID": 288 }, "geometry": { "type": "Point", "coordinates": [ -80.730174953738171, -1.006144325930244 ] } },
{ "type": "Feature", "properties": { "id": 87233, "lote_id": 66698, "clavecatas": "3-23-68-09-000", "zona": "3", "sector": "23", "manzana": "68", "lote": "09", "ph": "000", "propietari": "GOBIERNO AUTONOMO DESCENTRALIZADO  MUNICIPAL MANTA .", "documentop": "1360000980001", "direccion": "MZ-18 LT. 04 URBIRIOS II", "area_m2": 144.0, "frente_uti": 8.0, "frente_tot": 0.0, "avaluo_con": 425.0, "avaluo_sue": 4432.32, "zonaurbano": "URBANA", "parroquia": "TARQUI", "esta_bloqu": "NO", "es_tercera": "NO", "tiene_elec": "SI", "tiene_agua": "SI", "tiene_alca": "NO", "observacio": "SE DESMEMBRA DE LA CC. 3270201, CANCELÓ CON LA MISMA HASTA EL AÑO 2005 INF. AMPARO Q. JUNIO 21/06 MR  ACTUALIZACION INF. AMPARO Q. JULIO 27/09 MR", "observac_1": null, "barrio": "URBIRRIOS 2", "parroquia_": 3, "barrio_id": 1046, "proceso": 1, "fecha_regi": null, "activo_cat": "SI", "desactivad": 0, "avaluo_rem": 0.0, "avaluo_r_1": 0.0, "clasificac": "GENERAL", "anio_deuda": 2026, "deuda": 6.93, "valor_ip": 0.0, "coactiva": null, "ficharegis": 64232, "etam": 0.0833333333, "diferencia": 0.0105695593, "porc_difer": 7.33997e-05, "admisible": 1, "deuda_anio": 0.0, "2019_csv_c": null, "clavecat_1": null, "2021__csv_": null, "2021__csv1": null, "2022__csv_": "3-23-68-09-000", "2022__csv1": "617-05-01-2023", "Clavepre": "3-23-68-09-000", "RESOLUCION": "617-05-01-2023", "ORIG_FID": 289 }, "geometry": { "type": "Point", "coordinates": [ -80.730459905757542, -1.006561984003221 ] } },
{ "type": "Feature", "properties": { "id": 87234, "lote_id": 66699, "clavecatas": "3-23-68-10-000", "zona": "3", "sector": "23", "manzana": "68", "lote": "10", "ph": "000", "propietari": "GOBIERNO AUTONOMO DESCENTRALIZADO  MUNICIPAL MANTA .", "documentop": "1360000980001", "direccion": "MZ-18 LT.05 URBIRIOS II", "area_m2": 144.0, "frente_uti": 8.0, "frente_tot": 0.0, "avaluo_con": 0.0, "avaluo_sue": 5760.0, "zonaurbano": "URBANA", "parroquia": "MANTA", "esta_bloqu": "NO", "es_tercera": "NO", "tiene_elec": "SI", "tiene_agua": "SI", "tiene_alca": "NO", "observacio": "SE DESMEMBRA DE LA CC. 3270201, CANCELÓ CON LA MISMA HASTA EL AÑO 2005 INF. AMPARO Q. JUNIO 21/06 MR - ACTUALIZACION INF. AMPARO Q. JULIO 27/09 MR", "observac_1": null, "barrio": "OTRAS AREAS", "parroquia_": 1, "barrio_id": 0, "proceso": 1, "fecha_regi": null, "activo_cat": "SI", "desactivad": 0, "avaluo_rem": 0.0, "avaluo_r_1": 0.0, "clasificac": "PROPIEDADES MUNICIPALES", "anio_deuda": 0, "deuda": 0.0, "valor_ip": 0.0, "coactiva": null, "ficharegis": 64233, "etam": 0.0833333333, "diferencia": -0.0937048115, "porc_difer": -0.0006507279, "admisible": 1, "deuda_anio": 0.0, "2019_csv_c": null, "clavecat_1": null, "2021__csv_": null, "2021__csv1": null, "2022__csv_": "3-23-68-10-000", "2022__csv1": "617-05-01-2023", "Clavepre": "3-23-68-10-000", "RESOLUCION": "617-05-01-2023", "ORIG_FID": 290 }, "geometry": { "type": "Point", "coordinates": [ -80.730500629348484, -1.006621643670036 ] } },
{ "type": "Feature", "properties": { "id": 87235, "lote_id": 66700, "clavecatas": "3-23-68-11-000", "zona": "3", "sector": "23", "manzana": "68", "lote": "11", "ph": "000", "propietari": "GOBIERNO AUTONOMO DESCENTRALIZADO  MUNICIPAL MANTA .", "documentop": "1360000980001", "direccion": "MZ-18  LT.06 URBIRIOS II", "area_m2": 144.0, "frente_uti": 8.0, "frente_tot": 0.0, "avaluo_con": 0.0, "avaluo_sue": 5760.0, "zonaurbano": "URBANA", "parroquia": "MANTA", "esta_bloqu": "NO", "es_tercera": "NO", "tiene_elec": "SI", "tiene_agua": "SI", "tiene_alca": "NO", "observacio": "SE DESMEMBRA DE LA CC. 3270201, CANCELÓ CON LA MISMA HASTA EL AÑO 2005 INF. AMPARO Q. JUNIO 21/06 MR  ACTUALIZACION INF. AMPARO Q. JULIO 27/09 MR\r\n\r\nING. PARA CERTIF. POR GABRIEL MEUNIER,  REV. ARQ. MARIA FERRIN,  OCT. 05-2015 MR.", "observac_1": null, "barrio": "OTRAS AREAS", "parroquia_": 1, "barrio_id": 0, "proceso": 1, "fecha_regi": null, "activo_cat": "SI", "desactivad": 0, "avaluo_rem": 0.0, "avaluo_r_1": 0.0, "clasificac": "POR LEGALIZAR", "anio_deuda": 0, "deuda": 0.0, "valor_ip": 0.0, "coactiva": null, "ficharegis": 50441, "etam": 0.0833333333, "diferencia": 0.05943925, "porc_difer": 0.0004127726, "admisible": 1, "deuda_anio": 0.0, "2019_csv_c": null, "clavecat_1": null, "2021__csv_": null, "2021__csv1": null, "2022__csv_": "3-23-68-11-000", "2022__csv1": "617-05-01-2023", "Clavepre": "3-23-68-11-000", "RESOLUCION": "617-05-01-2023", "ORIG_FID": 291 }, "geometry": { "type": "Point", "coordinates": [ -80.730541309157317, -1.006681334972489 ] } },
{ "type": "Feature", "properties": { "id": 87237, "lote_id": 66702, "clavecatas": "3-23-68-13-000", "zona": "3", "sector": "23", "manzana": "68", "lote": "13", "ph": "000", "propietari": "SABANDO LEON NELLY DEL ROCIO", "documentop": "1306541101", "direccion": "MZ-18 LT. 08 URBIRIOS II", "area_m2": 144.0, "frente_uti": 8.0, "frente_tot": 0.0, "avaluo_con": 0.0, "avaluo_sue": 5760.0, "zonaurbano": "URBANA", "parroquia": "TARQUI", "esta_bloqu": "NO", "es_tercera": "NO", "tiene_elec": "SI", "tiene_agua": "SI", "tiene_alca": "NO", "observacio": "SE DESMEMBRA DE LA CC. 3270201, CANCELÓ CON LA MISMA HASTA EL AÑO 2005 INF. AMPARO Q. JUNIO 21/06 MR  ACTUALIZACION INF. AMPARO Q. JULIO 27/09 MR -SE ACTUALIZA INFORMACION CON ESCRITURA DE ADJ.CON PROH.DE ENAJ.INSCRITA EN EL REG.DE LA PROPIEDAD 06/15/2", "observac_1": null, "barrio": "OTRAS AREAS", "parroquia_": 3, "barrio_id": 0, "proceso": 1, "fecha_regi": null, "activo_cat": "SI", "desactivad": 0, "avaluo_rem": 0.0, "avaluo_r_1": 0.0, "clasificac": "GENERAL", "anio_deuda": 2025, "deuda": 19.95, "valor_ip": 0.0, "coactiva": null, "ficharegis": 64236, "etam": 0.0833333333, "diferencia": 0.0078345708, "porc_difer": 5.44067e-05, "admisible": 1, "deuda_anio": 11.75, "2019_csv_c": null, "clavecat_1": null, "2021__csv_": null, "2021__csv1": null, "2022__csv_": "3-23-68-13-000", "2022__csv1": "617-05-01-2023", "Clavepre": "3-23-68-13-000", "RESOLUCION": "617-05-01-2023", "ORIG_FID": 292 }, "geometry": { "type": "Point", "coordinates": [ -80.730622726609468, -1.006800651355978 ] } },
{ "type": "Feature", "properties": { "id": 87254, "lote_id": 66719, "clavecatas": "3-23-68-30-000", "zona": "3", "sector": "23", "manzana": "68", "lote": "30", "ph": "000", "propietari": "GOBIERNO AUTONOMO DESCENTRALIZADO  MUNICIPAL MANTA .", "documentop": "1360000980001", "direccion": "URBIRIOS II MZ-18 L-37", "area_m2": 144.0, "frente_uti": 8.0, "frente_tot": 0.0, "avaluo_con": 0.0, "avaluo_sue": 5760.0, "zonaurbano": "URBANA", "parroquia": "MANTA", "esta_bloqu": "NO", "es_tercera": "NO", "tiene_elec": "SI", "tiene_agua": "SI", "tiene_alca": "NO", "observacio": "-INGRESO CON EL NUEVO PLANO INF.AMPARO Q.08/17/07 Y.C.S.- ACTUALIZACION INF. AMPARO Q. JULIO 29/09 MR", "observac_1": null, "barrio": "OTRAS AREAS", "parroquia_": 1, "barrio_id": 0, "proceso": 1, "fecha_regi": null, "activo_cat": "SI", "desactivad": 0, "avaluo_rem": 0.0, "avaluo_r_1": 0.0, "clasificac": "POR LEGALIZAR", "anio_deuda": 0, "deuda": 0.0, "valor_ip": 0.0, "coactiva": null, "ficharegis": 64240, "etam": 0.0833333333, "diferencia": 0.0532156641, "porc_difer": 0.0003695532, "admisible": 1, "deuda_anio": 0.0, "2019_csv_c": null, "clavecat_1": null, "2021__csv_": null, "2021__csv1": null, "2022__csv_": "3-23-68-30-000", "2022__csv1": "617-05-01-2023", "Clavepre": "3-23-68-30-000", "RESOLUCION": "617-05-01-2023", "ORIG_FID": 293 }, "geometry": { "type": "Point", "coordinates": [ -80.730593278416364, -1.006469785218294 ] } },
{ "type": "Feature", "properties": { "id": 87255, "lote_id": 66720, "clavecatas": "3-23-68-31-000", "zona": "3", "sector": "23", "manzana": "68", "lote": "31", "ph": "000", "propietari": "GOBIERNO AUTÓNOMO DESCENTRALIZADO DE MANTA .", "documentop": "1360000980001", "direccion": "BARRIO URBIRIOS II MZ-18 LOTE 36", "area_m2": 144.0, "frente_uti": 8.0, "frente_tot": 0.0, "avaluo_con": 0.0, "avaluo_sue": 5760.0, "zonaurbano": "URBANA", "parroquia": "MANTA", "esta_bloqu": "NO", "es_tercera": "NO", "tiene_elec": "SI", "tiene_agua": "SI", "tiene_alca": "NO", "observacio": "-INGR. CON EL NUEVO PLANO INF.AMPARO Q.08/17/07 Y.C.S.- ACTU. INF. AMPARO Q. 07/29/09 MR.- SE HIZO CAMBIO DE NOMBRE DE ACUERDO AUTOZ. DE PP.UU.- ING. PARA CERT. EVALUADO POR PERITO LCDA. M. ARTEAGA, ELAB. X LCDA. DELI CH.D. 25/07/2019.-", "observac_1": null, "barrio": "OTRAS AREAS", "parroquia_": 1, "barrio_id": 0, "proceso": 1, "fecha_regi": null, "activo_cat": "SI", "desactivad": 0, "avaluo_rem": 0.0, "avaluo_r_1": 0.0, "clasificac": "DEPURACION CATASTRO", "anio_deuda": 2026, "deuda": 6.93, "valor_ip": 0.0, "coactiva": null, "ficharegis": 64237, "etam": 0.0833333333, "diferencia": -0.0621454228, "porc_difer": -0.0004315654, "admisible": 1, "deuda_anio": 0.0, "2019_csv_c": null, "clavecat_1": null, "2021__csv_": null, "2021__csv1": null, "2022__csv_": "3-23-68-31-000", "2022__csv1": "617-05-01-2023", "Clavepre": "3-23-68-31-000", "RESOLUCION": "617-05-01-2023", "ORIG_FID": 294 }, "geometry": { "type": "Point", "coordinates": [ -80.730633972659064, -1.006529474968879 ] } },
{ "type": "Feature", "properties": { "id": 87259, "lote_id": 66724, "clavecatas": "3-23-68-35-000", "zona": "3", "sector": "23", "manzana": "68", "lote": "35", "ph": "000", "propietari": "RAMIREZ PINCAY GISSELA JACQUELINE", "documentop": "0914399704", "direccion": "URBIRRIOS II MZ-18 LT. 32", "area_m2": 144.0, "frente_uti": 8.0, "frente_tot": 0.0, "avaluo_con": 0.0, "avaluo_sue": 5184.0, "zonaurbano": "URBANA", "parroquia": "TARQUI", "esta_bloqu": "NO", "es_tercera": "NO", "tiene_elec": "SI", "tiene_agua": "SI", "tiene_alca": "NO", "observacio": "INGRESO CON EL NUEVO PLANO INF.AMPARO Q.08/17/07 Y.C.S.- INF. PARA CERTIF. INGRES. X AREA DE LEGALIZACION INSP. LUIS LOPEZ, 01/21/14.-SE ACTUALIZA INFORMACION CON ESCRITURA DE ADJ.CON PROH.DE ENAJ.INSCRITA EN EL REG.DE LA PROPIEDAD 02/19/2024 Y.C.S.-", "observac_1": null, "barrio": "URBIRRIOS 2", "parroquia_": 3, "barrio_id": 1046, "proceso": 1, "fecha_regi": null, "activo_cat": "SI", "desactivad": 0, "avaluo_rem": 0.0, "avaluo_r_1": 0.0, "clasificac": "GENERAL", "anio_deuda": 0, "deuda": 0.0, "valor_ip": 0.0, "coactiva": null, "ficharegis": 64249, "etam": 0.0833333333, "diferencia": 0.0038608186, "porc_difer": 2.68112e-05, "admisible": 1, "deuda_anio": 0.0, "2019_csv_c": null, "clavecat_1": null, "2021__csv_": null, "2021__csv1": null, "2022__csv_": "3-23-68-35-000", "2022__csv1": "617-05-01-2023", "Clavepre": "3-23-68-35-000", "RESOLUCION": "617-05-01-2023", "ORIG_FID": 295 }, "geometry": { "type": "Point", "coordinates": [ -80.730796794629882, -1.006768122404614 ] } },
{ "type": "Feature", "properties": { "id": 87261, "lote_id": 66726, "clavecatas": "3-23-68-37-000", "zona": "3", "sector": "23", "manzana": "68", "lote": "37", "ph": "000", "propietari": "BAQUE GOMEZ JAHAIRA ALEXANDRA", "documentop": "1308855715", "direccion": "URBIRIOS II MZ-18 L-30", "area_m2": 144.0, "frente_uti": 8.0, "frente_tot": 0.0, "avaluo_con": 3600.0, "avaluo_sue": 5760.0, "zonaurbano": "URBANA", "parroquia": "TARQUI", "esta_bloqu": "NO", "es_tercera": "NO", "tiene_elec": "SI", "tiene_agua": "SI", "tiene_alca": "NO", "observacio": "-INGRESO CON EL NUEVO PLANO INF.AMPARO Q.08/17/07 Y.C.S.-SE ACTUALIZA INFORMACION CON ESCRITURA DE ADJ.CON PROH.DE ENAJ.INSCRITA EN EL REG.DE LA PROPIEDAD 06/15/2023 Y.C.S.-", "observac_1": null, "barrio": "OTRAS AREAS", "parroquia_": 3, "barrio_id": 0, "proceso": 1, "fecha_regi": null, "activo_cat": "SI", "desactivad": 0, "avaluo_rem": 0.0, "avaluo_r_1": 0.0, "clasificac": "GENERAL", "anio_deuda": 2026, "deuda": 9.79, "valor_ip": 0.0, "coactiva": null, "ficharegis": 64248, "etam": 0.0833333333, "diferencia": 0.0066144351, "porc_difer": 4.59336e-05, "admisible": 1, "deuda_anio": 0.0, "2019_csv_c": null, "clavecat_1": null, "2021__csv_": null, "2021__csv1": null, "2022__csv_": "3-23-68-37-000", "2022__csv1": "617-05-01-2023", "Clavepre": "3-23-68-37-000", "RESOLUCION": "617-05-01-2023", "ORIG_FID": 296 }, "geometry": { "type": "Point", "coordinates": [ -80.730878130818525, -1.006887456705473 ] } },
{ "type": "Feature", "properties": { "id": 87281, "lote_id": 66733, "clavecatas": "3-23-69-03-000", "zona": "3", "sector": "23", "manzana": "69", "lote": "03", "ph": "000", "propietari": "CORONEL GALARRAGA RUTH FERNANDA", "documentop": "1311585234", "direccion": "URBIRRIOS II MZ-16 LOTE 03", "area_m2": 144.0, "frente_uti": 8.0, "frente_tot": 0.0, "avaluo_con": 15934.8, "avaluo_sue": 5760.0, "zonaurbano": "URBANA", "parroquia": "TARQUI", "esta_bloqu": "NO", "es_tercera": "NO", "tiene_elec": "SI", "tiene_agua": "SI", "tiene_alca": "NO", "observacio": "SE DESMEMBRA DE LA CC. 3270501,  CANCELÓ CON LA MISMA HASTA EL AÑO 2005  INF. AMPARO Q. JUNIO 20/06 MR C-4129-07  ACTUALIZACION INF. AMPARO Q. AGOSTO 03/09 MR INF. PARA CERTIF. INGRES. POR AREA DE LEGALIZACION INSP. LUIS LOPEZ, ENERO 20-14 -SE ACTUALIZ", "observac_1": null, "barrio": "OTRAS AREAS", "parroquia_": 3, "barrio_id": 0, "proceso": 1, "fecha_regi": null, "activo_cat": "SI", "desactivad": 0, "avaluo_rem": 0.0, "avaluo_r_1": 0.0, "clasificac": "GENERAL", "anio_deuda": 2024, "deuda": 59.04, "valor_ip": 0.0, "coactiva": null, "ficharegis": 64246, "etam": 0.0833333333, "diferencia": 1.2e-09, "porc_difer": 0.0, "admisible": 1, "deuda_anio": 41.17, "2019_csv_c": null, "clavecat_1": null, "2021__csv_": null, "2021__csv1": null, "2022__csv_": "3-23-69-03-000", "2022__csv1": "617-05-01-2023", "Clavepre": "3-23-69-03-000", "RESOLUCION": "617-05-01-2023", "ORIG_FID": 297 }, "geometry": { "type": "Point", "coordinates": [ -80.729391050879826, -1.004169602473208 ] } },
{ "type": "Feature", "properties": { "id": 87296, "lote_id": 66748, "clavecatas": "3-23-69-18-000", "zona": "3", "sector": "23", "manzana": "69", "lote": "18", "ph": "000", "propietari": "GOBIERNO AUTÓNOMO DESCENTRALIZADO DE MANTA .", "documentop": "1360000980001", "direccion": "URBIRRIOS II MZ-16 LOTE 18", "area_m2": 144.0, "frente_uti": 8.0, "frente_tot": 0.0, "avaluo_con": 0.0, "avaluo_sue": 5760.0, "zonaurbano": "URBANA", "parroquia": "MANTA", "esta_bloqu": "NO", "es_tercera": "NO", "tiene_elec": "SI", "tiene_agua": "SI", "tiene_alca": "NO", "observacio": "SE DESMEMBRA DE LA CC. 3270501,  CANCELÓ CON LA MISMA HASTA EL AÑO 2005  INF. AMPARO Q. JUNIO 20/06 MR-  ACTUALIZACION INF. AMPARO Q. AGOSTO 03/09 MR\r\nINF. PARA CERTIF. INGRES. POR AREA DE LEGALIZACION INSP. LUIS LOPEZ, ENERO 20-14", "observac_1": null, "barrio": "OTRAS AREAS", "parroquia_": 1, "barrio_id": 0, "proceso": 1, "fecha_regi": null, "activo_cat": "SI", "desactivad": 0, "avaluo_rem": 0.0, "avaluo_r_1": 0.0, "clasificac": "DEPURACION CATASTRO", "anio_deuda": 2026, "deuda": 6.93, "valor_ip": 0.0, "coactiva": null, "ficharegis": 64394, "etam": 0.0833333333, "diferencia": -3.6e-08, "porc_difer": -2.0000000000000001e-10, "admisible": 1, "deuda_anio": 0.0, "2019_csv_c": null, "clavecat_1": null, "2021__csv_": null, "2021__csv1": null, "2022__csv_": "3-23-69-18-000", "2022__csv1": "617-05-01-2023", "Clavepre": "3-23-69-18-000", "RESOLUCION": "617-05-01-2023", "ORIG_FID": 298 }, "geometry": { "type": "Point", "coordinates": [ -80.729995851473888, -1.005068516811136 ] } },
{ "type": "Feature", "properties": { "id": 87290, "lote_id": 66742, "clavecatas": "3-23-69-12-000", "zona": "3", "sector": "23", "manzana": "69", "lote": "12", "ph": "000", "propietari": "IBARRA RIVERA RAMON AURELIO", "documentop": "1309852984", "direccion": "URBIRIOS II MZ-16 LOTE 12", "area_m2": 144.0, "frente_uti": 8.0, "frente_tot": 0.0, "avaluo_con": 17266.5, "avaluo_sue": 5760.0, "zonaurbano": "URBANA", "parroquia": "TARQUI", "esta_bloqu": "NO", "es_tercera": "NO", "tiene_elec": "SI", "tiene_agua": "NO", "tiene_alca": "NO", "observacio": "SE DESMEMBRA DE LA CC. 3270501,  CANCELÓ CON LA MISMA HASTA EL AÑO 2005  INF. AMPARO Q. JUNIO 20/06 MR  ACTUALIZACION INF. AMPARO Q. ACTUALIZACION INF. AMPARO Q. AGOSTO 03/09 MR -SE ACTUALIZA INFORMACION CON ESCRITURA DE ADJ.CON PROH.DE ENAJ.INSCRITA E", "observac_1": null, "barrio": "OTRAS AREAS", "parroquia_": 3, "barrio_id": 0, "proceso": 1, "fecha_regi": null, "activo_cat": "SI", "desactivad": 0, "avaluo_rem": 0.0, "avaluo_r_1": 0.0, "clasificac": "GENERAL", "anio_deuda": 2024, "deuda": 60.58, "valor_ip": 0.0, "coactiva": null, "ficharegis": 58657, "etam": 0.0833333333, "diferencia": 2.19e-08, "porc_difer": 2.0000000000000001e-10, "admisible": 1, "deuda_anio": 42.1, "2019_csv_c": null, "clavecat_1": null, "2021__csv_": null, "2021__csv1": null, "2022__csv_": "3-23-69-12-000", "2022__csv1": "617-05-01-2023", "Clavepre": "3-23-69-12-000", "RESOLUCION": "617-05-01-2023", "ORIG_FID": 299 }, "geometry": { "type": "Point", "coordinates": [ -80.729753931200904, -1.004708951079269 ] } },
{ "type": "Feature", "properties": { "id": 87293, "lote_id": 66745, "clavecatas": "3-23-69-15-000", "zona": "3", "sector": "23", "manzana": "69", "lote": "15", "ph": "000", "propietari": "SALDARRIAGA FERRIN BETTY ROCIO", "documentop": "1309077939", "direccion": "URBIRRIOS II MZ-16 LOTE 15", "area_m2": 144.0, "frente_uti": 8.0, "frente_tot": 0.0, "avaluo_con": 255.0, "avaluo_sue": 5760.0, "zonaurbano": "URBANA", "parroquia": "TARQUI", "esta_bloqu": "NO", "es_tercera": "NO", "tiene_elec": "SI", "tiene_agua": "SI", "tiene_alca": "NO", "observacio": "SE DESMEMBRA DE LA CC. 3270501,  CANCELÓ CON LA MISMA HASTA EL AÑO 2005  INF. AMPARO Q. JUNIO 20/06 MR 2508-09 MDV\r\nINF. PARA CERTIF. INGRES. POR AREA DE LEGALIZACION INSP. LUIS LOPEZ, ENERO 20-14 - SE INGRESAN FOTOGRAFIAS POR PROCESO DE LEGALIZACION,", "observac_1": null, "barrio": "OTRAS AREAS", "parroquia_": 3, "barrio_id": 0, "proceso": 1, "fecha_regi": null, "activo_cat": "SI", "desactivad": 0, "avaluo_rem": 0.0, "avaluo_r_1": 0.0, "clasificac": "GENERAL", "anio_deuda": 0, "deuda": 0.0, "valor_ip": 0.0, "coactiva": null, "ficharegis": 64393, "etam": 0.0833333333, "diferencia": 2.2e-09, "porc_difer": 0.0, "admisible": 1, "deuda_anio": 0.0, "2019_csv_c": null, "clavecat_1": null, "2021__csv_": null, "2021__csv1": null, "2022__csv_": "3-23-69-15-000", "2022__csv1": "617-05-01-2023", "Clavepre": "3-23-69-15-000", "RESOLUCION": "617-05-01-2023", "ORIG_FID": 300 }, "geometry": { "type": "Point", "coordinates": [ -80.729874891331491, -1.004888733945772 ] } },
{ "type": "Feature", "properties": { "id": 87298, "lote_id": 66750, "clavecatas": "3-23-69-20-000", "zona": "3", "sector": "23", "manzana": "69", "lote": "20", "ph": "000", "propietari": "GOBIERNO AUTÓNOMO DESCENTRALIZADO DE MANTA .", "documentop": "1360000980001", "direccion": "URBIRIOS II MZ-16 LOTE 20", "area_m2": 144.0, "frente_uti": 8.0, "frente_tot": 0.0, "avaluo_con": 0.0, "avaluo_sue": 5760.0, "zonaurbano": "URBANA", "parroquia": "MANTA", "esta_bloqu": "NO", "es_tercera": "NO", "tiene_elec": "SI", "tiene_agua": "SI", "tiene_alca": "NO", "observacio": "SE DESMEMBRA DE LA CC. 3270501,  CANCELÓ CON LA MISMA HASTA EL AÑO 2005  INF. AMPARO Q. JUNIO 20/06 MR  ACTUALIZACION INF. AMPARO Q. AGOSTO 03/09 MR", "observac_1": null, "barrio": "OTRAS AREAS", "parroquia_": 1, "barrio_id": 0, "proceso": 1, "fecha_regi": null, "activo_cat": "SI", "desactivad": 0, "avaluo_rem": 0.0, "avaluo_r_1": 0.0, "clasificac": "DEPURACION CATASTRO", "anio_deuda": 2026, "deuda": 6.93, "valor_ip": 0.0, "coactiva": null, "ficharegis": 64382, "etam": 0.0833333333, "diferencia": -2.7e-09, "porc_difer": 0.0, "admisible": 1, "deuda_anio": 0.0, "2019_csv_c": null, "clavecat_1": null, "2021__csv_": null, "2021__csv1": null, "2022__csv_": "3-23-69-20-000", "2022__csv1": "617-05-01-2023", "Clavepre": "3-23-69-20-000", "RESOLUCION": "617-05-01-2023", "ORIG_FID": 301 }, "geometry": { "type": "Point", "coordinates": [ -80.730076491575375, -1.005188372054126 ] } },
{ "type": "Feature", "properties": { "id": 87307, "lote_id": 66759, "clavecatas": "3-23-69-29-000", "zona": "3", "sector": "23", "manzana": "69", "lote": "29", "ph": "000", "propietari": "ANDRADE CHANCAY EDGAR ALFREDO", "documentop": "1308508611", "direccion": "URBIRIOS II MZ-16 LOTE 58", "area_m2": 180.0, "frente_uti": 28.0, "frente_tot": 0.0, "avaluo_con": 0.0, "avaluo_sue": 7200.0, "zonaurbano": "URBANA", "parroquia": "TARQUI", "esta_bloqu": "NO", "es_tercera": "NO", "tiene_elec": "SI", "tiene_agua": "SI", "tiene_alca": "NO", "observacio": "-INGRESO NUEVO X LOTEO CON EL NUEVO PLANO SE DESM.Y CANC. HASTA EL 2005 CON LA 3270201 INF.AMPARO Q.08/21/07 Y.C.S.-C-2332-09  ACTUALIZACION INF. AMPARO Q. AGOSTO 03/09 MR SE CORRIGE AREA DE 227.70 A 180.00 CON LISTADO DE 228 PREDIOS 10/02/23 ARQ. LUPE L", "observac_1": null, "barrio": "OTRAS AREAS", "parroquia_": 3, "barrio_id": 0, "proceso": 1, "fecha_regi": null, "activo_cat": "SI", "desactivad": 0, "avaluo_rem": 0.0, "avaluo_r_1": 0.0, "clasificac": "GENERAL", "anio_deuda": 2026, "deuda": 22.42, "valor_ip": 0.0, "coactiva": null, "ficharegis": 64404, "etam": 0.0745355992, "diferencia": -0.1799999632, "porc_difer": -0.00099999979999999995, "admisible": 1, "deuda_anio": 0.0, "2019_csv_c": null, "clavecat_1": null, "2021__csv_": null, "2021__csv1": null, "2022__csv_": "3-23-69-29-000", "2022__csv1": "617-05-01-2023", "Clavepre": "3-23-69-29-000", "RESOLUCION": "617-05-01-2023", "ORIG_FID": 302 }, "geometry": { "type": "Point", "coordinates": [ -80.729439300960991, -1.00395090155689 ] } },
{ "type": "Feature", "properties": { "id": 87315, "lote_id": 66767, "clavecatas": "3-23-69-37-000", "zona": "3", "sector": "23", "manzana": "69", "lote": "37", "ph": "000", "propietari": "GILER BRAVO JOSE ROMANELLY", "documentop": "1309499737", "direccion": "URBIRIOS II MZ-16 LOTE 50", "area_m2": 144.0, "frente_uti": 8.0, "frente_tot": 0.0, "avaluo_con": 2160.0, "avaluo_sue": 5760.0, "zonaurbano": "URBANA", "parroquia": "TARQUI", "esta_bloqu": "NO", "es_tercera": "NO", "tiene_elec": "SI", "tiene_agua": "SI", "tiene_alca": "NO", "observacio": "-INGRESO NUEVO X LOTEO CON EL NUEVO PLANO SE DESM.Y CANC. HASTA EL 2005 CON LA 3270201 INF.AMPARO Q.08/21/07 Y.C.S.-  ACTUALIZACION INF. AMPARO Q. AGOSTO 03/09 MR -SE ACTUALIZA INFORMACION CON ESCRITURA DE ADJ.CON PROH.DE ENAJ.INSCRITA EN EL REG.DE LA PR", "observac_1": null, "barrio": "OTRAS AREAS", "parroquia_": 3, "barrio_id": 0, "proceso": 1, "fecha_regi": null, "activo_cat": "SI", "desactivad": 0, "avaluo_rem": 0.0, "avaluo_r_1": 0.0, "clasificac": "GENERAL", "anio_deuda": 2023, "deuda": 49.3, "valor_ip": 0.0, "coactiva": null, "ficharegis": 64398, "etam": 0.0833333333, "diferencia": -3.39e-08, "porc_difer": -2.0000000000000001e-10, "admisible": 1, "deuda_anio": 40.01, "2019_csv_c": null, "clavecat_1": null, "2021__csv_": null, "2021__csv1": null, "2022__csv_": "3-23-69-37-000", "2022__csv1": "617-05-01-2023", "Clavepre": "3-23-69-37-000", "RESOLUCION": "617-05-01-2023", "ORIG_FID": 303 }, "geometry": { "type": "Point", "coordinates": [ -80.729766926441599, -1.004437850939893 ] } },
{ "type": "Feature", "properties": { "id": 87332, "lote_id": 66784, "clavecatas": "3-23-69-54-000", "zona": "3", "sector": "23", "manzana": "69", "lote": "54", "ph": "000", "propietari": "GOBIERNO AUTONOMO DESCENTRALIZADO CANTON MANTA .", "documentop": "1360000980001", "direccion": "URBIRRIOS II MZ-16 LOTE 33", "area_m2": 144.0, "frente_uti": 8.0, "frente_tot": 0.0, "avaluo_con": 0.0, "avaluo_sue": 5760.0, "zonaurbano": "URBANA", "parroquia": "MANTA", "esta_bloqu": "NO", "es_tercera": "NO", "tiene_elec": "SI", "tiene_agua": "SI", "tiene_alca": "NO", "observacio": "-INGRESO NUEVO X LOTEO CON EL NUEVO PLANO SE DESM.Y CANC. HASTA EL 2005 CON LA 3270201 INF.AMPARO Q.08/21/07 Y.C.S.- ACTUALIZACION INF. AMPARO Q. AGOSTO 03/09 MR\r\n\r\nINF. PARA CERTIF. INGRES. POR AREA DE LEGALIZACION INSP. LUIS LOPEZ, ENERO 20-14", "observac_1": null, "barrio": "OTRAS AREAS", "parroquia_": 1, "barrio_id": 0, "proceso": 1, "fecha_regi": null, "activo_cat": "SI", "desactivad": 0, "avaluo_rem": 0.0, "avaluo_r_1": 0.0, "clasificac": "DEPURACION CATASTRO", "anio_deuda": 2026, "deuda": 6.93, "valor_ip": 0.0, "coactiva": null, "ficharegis": 64230, "etam": 0.0833333333, "diferencia": -2.73e-08, "porc_difer": -2.0000000000000001e-10, "admisible": 1, "deuda_anio": 0.0, "2019_csv_c": null, "clavecat_1": null, "2021__csv_": null, "2021__csv1": null, "2022__csv_": "3-23-69-54-000", "2022__csv1": "617-05-01-2023", "Clavepre": "3-23-69-54-000", "RESOLUCION": "617-05-01-2023", "ORIG_FID": 304 }, "geometry": { "type": "Point", "coordinates": [ -80.730452367308487, -1.005456620486655 ] } },
{ "type": "Feature", "properties": { "id": 87337, "lote_id": 66787, "clavecatas": "3-23-70-01-000", "zona": "3", "sector": "23", "manzana": "70", "lote": "01", "ph": "000", "propietari": "DE LA CADENA MILTON/PILAY SOLEDISPA VICT", "documentop": null, "direccion": "URBIRIROS II MZ-X L-1", "area_m2": 180.0, "frente_uti": 28.0, "frente_tot": 0.0, "avaluo_con": 0.0, "avaluo_sue": 0.0, "zonaurbano": "URBANA", "parroquia": "MANTA", "esta_bloqu": "SI", "es_tercera": "NO", "tiene_elec": "NO", "tiene_agua": "NO", "tiene_alca": "NO", "observacio": "Se desmembra de la cc. 3270201 cancelo hasta el año 2005 inf. Amparo Q. Junio 19/06 mr", "observac_1": "reubicado - ESTE LOTE FUE AFECTADO POR UNA VIA Y REUBICADO.-DAR DE BAJA POR DEPURACIÓN DE ACUERDO A LO SOLICITADO EN EL MEMORANDO DGFM-FNCHC-2018-3757 DEL 02/08/2018\t. Procesado Exitosamente: 2006,2007,2008,2009,2010,2011,2012,2013", "barrio": "OTRAS AREAS", "parroquia_": 1, "barrio_id": 0, "proceso": 1, "fecha_regi": null, "activo_cat": "NO", "desactivad": 66787, "avaluo_rem": 0.0, "avaluo_r_1": 0.0, "clasificac": "DEPURACION CATASTRO", "anio_deuda": 0, "deuda": 0.0, "valor_ip": 0.0, "coactiva": null, "ficharegis": 0, "etam": 0.0745355992, "diferencia": 1.14e-08, "porc_difer": 1e-10, "admisible": 1, "deuda_anio": 0.0, "2019_csv_c": null, "clavecat_1": null, "2021__csv_": null, "2021__csv1": null, "2022__csv_": "3-23-70-01-000", "2022__csv1": "617-05-01-2023", "Clavepre": "3-23-70-01-000", "RESOLUCION": "617-05-01-2023", "ORIG_FID": 305 }, "geometry": { "type": "Point", "coordinates": [ -80.730504806542911, -1.005825669450098 ] } },
{ "type": "Feature", "properties": { "id": 87340, "lote_id": 66790, "clavecatas": "3-23-70-04-000", "zona": "3", "sector": "23", "manzana": "70", "lote": "04", "ph": "000", "propietari": "DE LA CADENA MILTON/ ARANA AGUAYO LEONEL", "documentop": null, "direccion": "URBIRIOS II MZ-19 LOTE 02", "area_m2": 144.0, "frente_uti": 8.0, "frente_tot": 0.0, "avaluo_con": 0.0, "avaluo_sue": 5760.0, "zonaurbano": "URBANA", "parroquia": "MANTA", "esta_bloqu": "NO", "es_tercera": "NO", "tiene_elec": "SI", "tiene_agua": "SI", "tiene_alca": "NO", "observacio": "SE DESMEMBRA DE LA CC. 3270201 CANCELO HASTA EL AÑO 2005 INF. AMPARO Q. JUNIO 19/06 MR ACTUALIZACION INF. AMPARO Q, AGOSTO 03/09 MR", "observac_1": null, "barrio": "OTRAS AREAS", "parroquia_": 1, "barrio_id": 0, "proceso": 1, "fecha_regi": null, "activo_cat": "SI", "desactivad": 0, "avaluo_rem": 0.0, "avaluo_r_1": 0.0, "clasificac": "DEPURACION CATASTRO", "anio_deuda": 2018, "deuda": 200.11, "valor_ip": 0.0, "coactiva": null, "ficharegis": 64243, "etam": 0.0833333333, "diferencia": 0.1082030805, "porc_difer": 0.0007514103, "admisible": 1, "deuda_anio": 0.0, "2019_csv_c": null, "clavecat_1": null, "2021__csv_": null, "2021__csv1": null, "2022__csv_": "3-23-70-04-000", "2022__csv1": "617-05-01-2023", "Clavepre": "3-23-70-04-000", "RESOLUCION": "617-05-01-2023", "ORIG_FID": 306 }, "geometry": { "type": "Point", "coordinates": [ -80.730630844395037, -1.006012885162146 ] } },
{ "type": "Feature", "properties": { "id": 87345, "lote_id": 66795, "clavecatas": "3-23-70-09-000", "zona": "3", "sector": "23", "manzana": "70", "lote": "09", "ph": "000", "propietari": "GOBIERNO AUTONOMO DESCENTRALIZADO  MUNICIPAL MANTA .", "documentop": "1360000980001", "direccion": "URBIRIOS II MZ-19 LOTE 03", "area_m2": 144.0, "frente_uti": 8.0, "frente_tot": 0.0, "avaluo_con": 0.0, "avaluo_sue": 5760.0, "zonaurbano": "URBANA", "parroquia": "MANTA", "esta_bloqu": "NO", "es_tercera": "NO", "tiene_elec": "SI", "tiene_agua": "SI", "tiene_alca": "NO", "observacio": "SE DESMEMBRA DE LA CC. 3270201 CANCELO HASTA EL AÑO 2005 INF. AMPARO Q. JUNIO 19/06 MR ACTUALIZACION INF. AMPARO Q, AGOSTO 03/09 MR", "observac_1": null, "barrio": "OTRAS AREAS", "parroquia_": 1, "barrio_id": 0, "proceso": 1, "fecha_regi": null, "activo_cat": "SI", "desactivad": 0, "avaluo_rem": 0.0, "avaluo_r_1": 0.0, "clasificac": "POR LEGALIZAR", "anio_deuda": 0, "deuda": 0.0, "valor_ip": 0.0, "coactiva": null, "ficharegis": 64245, "etam": 0.0833333333, "diferencia": -0.0073828027, "porc_difer": -5.12695e-05, "admisible": 1, "deuda_anio": 0.0, "2019_csv_c": null, "clavecat_1": null, "2021__csv_": null, "2021__csv1": null, "2022__csv_": "3-23-70-09-000", "2022__csv1": "617-05-01-2023", "Clavepre": "3-23-70-09-000", "RESOLUCION": "617-05-01-2023", "ORIG_FID": 307 }, "geometry": { "type": "Point", "coordinates": [ -80.730832496010294, -1.006312520752153 ] } },
{ "type": "Feature", "properties": { "id": 87351, "lote_id": 66801, "clavecatas": "3-23-70-15-000", "zona": "3", "sector": "23", "manzana": "70", "lote": "15", "ph": "000", "propietari": "GOBIERNO AUTONOMO DESCENTRALIZADO  MUNICIPAL MANTA ..", "documentop": "1360000980001", "direccion": "URBIRIOS II MZ-19 LOTE 09", "area_m2": 144.0, "frente_uti": 8.0, "frente_tot": 0.0, "avaluo_con": 0.0, "avaluo_sue": 5760.0, "zonaurbano": "URBANA", "parroquia": "MANTA", "esta_bloqu": "NO", "es_tercera": "NO", "tiene_elec": "SI", "tiene_agua": "SI", "tiene_alca": "NO", "observacio": "SE DESMEMBRA DE LA CC. 3270201 CANCELO HASTA EL AÑO 2005 INF. AMPARO Q. JUNIO 19/06 MR", "observac_1": null, "barrio": "OTRAS AREAS", "parroquia_": 1, "barrio_id": 0, "proceso": 1, "fecha_regi": null, "activo_cat": "SI", "desactivad": 0, "avaluo_rem": 0.0, "avaluo_r_1": 0.0, "clasificac": "POR LEGALIZAR", "anio_deuda": 0, "deuda": 0.0, "valor_ip": 0.0, "coactiva": null, "ficharegis": 64084, "etam": 0.0833333333, "diferencia": -0.0090609832, "porc_difer": -6.29235e-05, "admisible": 1, "deuda_anio": 0.0, "2019_csv_c": null, "clavecat_1": null, "2021__csv_": null, "2021__csv1": null, "2022__csv_": "3-23-70-15-000", "2022__csv1": "617-05-01-2023", "Clavepre": "3-23-70-15-000", "RESOLUCION": "617-05-01-2023", "ORIG_FID": 308 }, "geometry": { "type": "Point", "coordinates": [ -80.731074484758437, -1.006672040807618 ] } },
{ "type": "Feature", "properties": { "id": 87352, "lote_id": 66802, "clavecatas": "3-23-70-16-000", "zona": "3", "sector": "23", "manzana": "70", "lote": "16", "ph": "000", "propietari": "MACIAS ZAMBRANO LETICIA JACQUELINE", "documentop": "1311926016", "direccion": "URBIRRIOS II MZ-19 LOTE 10", "area_m2": 144.0, "frente_uti": 8.0, "frente_tot": 0.0, "avaluo_con": 2632.0, "avaluo_sue": 5184.0, "zonaurbano": "URBANA", "parroquia": "TARQUI", "esta_bloqu": "NO", "es_tercera": "NO", "tiene_elec": "SI", "tiene_agua": "SI", "tiene_alca": "NO", "observacio": "SE DESMEMBRA DE LA CC. 3270201 CANCELO HASTA EL AÑO 2005 INF. AMPARO Q. JUNIO 19/06 MR ACTUALIZACION INF. AMPARO QUIROZ AGOSTO 06/09 MR INF. PARA CERTIF. INGRES. POR AREA DE LEGALIZACION INSP. LUIS LOPEZ, FEBRERO 14-14 -SE ACTUALIZA INFORMACION CON ESCR", "observac_1": null, "barrio": "OTRAS AREAS", "parroquia_": 3, "barrio_id": 0, "proceso": 1, "fecha_regi": null, "activo_cat": "SI", "desactivad": 0, "avaluo_rem": 0.0, "avaluo_r_1": 0.0, "clasificac": "GENERAL", "anio_deuda": 2025, "deuda": 22.73, "valor_ip": 0.0, "coactiva": null, "ficharegis": 64083, "etam": 0.0833333333, "diferencia": -0.0019535877, "porc_difer": -1.35666e-05, "admisible": 1, "deuda_anio": 13.09, "2019_csv_c": null, "clavecat_1": null, "2021__csv_": null, "2021__csv1": null, "2022__csv_": "3-23-70-16-000", "2022__csv1": "617-05-01-2023", "Clavepre": "3-23-70-16-000", "RESOLUCION": "617-05-01-2023", "ORIG_FID": 309 }, "geometry": { "type": "Point", "coordinates": [ -80.731114815279568, -1.006731961689872 ] } },
{ "type": "Feature", "properties": { "id": 87356, "lote_id": 66806, "clavecatas": "3-23-70-20-000", "zona": "3", "sector": "23", "manzana": "70", "lote": "20", "ph": "000", "propietari": "ANDRADE PICO VICTOR XAVIER", "documentop": "1308027059", "direccion": "MZ-19 LT. 40 URBIRIOS II", "area_m2": 180.0, "frente_uti": 10.0, "frente_tot": 0.0, "avaluo_con": 0.0, "avaluo_sue": 7200.0, "zonaurbano": "URBANA", "parroquia": "TARQUI", "esta_bloqu": "NO", "es_tercera": "NO", "tiene_elec": "SI", "tiene_agua": "SI", "tiene_alca": "NO", "observacio": "SE DESMEMBRA DE LA CC. 3270201 CANCELO HASTA EL AÑO 2005 INF. AMPARO Q. JUNIO 19/06 MR C-7263-08 - ACTUALIZACION INF. AMPARO QUIROZ AGOSTO 06/09 MR -SE ACTUALIZA INFORMACION CON ESCRITURA DE ADJ.REUBICACION DE MZ CON PROH.DE ENAJ.INSCRITA EN EL REG.DE L", "observac_1": null, "barrio": "OTRAS AREAS", "parroquia_": 3, "barrio_id": 0, "proceso": 1, "fecha_regi": null, "activo_cat": "SI", "desactivad": 0, "avaluo_rem": 0.0, "avaluo_r_1": 0.0, "clasificac": "GENERAL", "anio_deuda": 0, "deuda": 0.0, "valor_ip": 0.0, "coactiva": null, "ficharegis": 65958, "etam": 0.0745355992, "diferencia": -1.32e-08, "porc_difer": -1e-10, "admisible": 1, "deuda_anio": 0.0, "2019_csv_c": null, "clavecat_1": null, "2021__csv_": null, "2021__csv1": null, "2022__csv_": "3-23-70-20-000", "2022__csv1": "617-05-01-2023", "Clavepre": "3-23-70-20-000", "RESOLUCION": "617-05-01-2023", "ORIG_FID": 310 }, "geometry": { "type": "Point", "coordinates": [ -80.7306387446325, -1.005734326416631 ] } },
{ "type": "Feature", "properties": { "id": 87370, "lote_id": 66820, "clavecatas": "3-23-70-34-000", "zona": "3", "sector": "23", "manzana": "70", "lote": "34", "ph": "000", "propietari": "HIDROVO CABRERA EUCLIDES ESTEBAN", "documentop": "1310495872", "direccion": "URBIRIOS II MZ-19 L-30", "area_m2": 144.0, "frente_uti": 8.0, "frente_tot": 0.0, "avaluo_con": 402.7, "avaluo_sue": 5760.0, "zonaurbano": "URBANA", "parroquia": "MANTA", "esta_bloqu": "NO", "es_tercera": "NO", "tiene_elec": "SI", "tiene_agua": "NO", "tiene_alca": "NO", "observacio": "-INGRESO NUEVO X LOTEO CON EL NUEVO PLANO SE DESM.Y CANC. HASTA EL 2005 CON LA 3270201 INF.AMPARO Q.08/21/07 Y.C.S.- CACTUALIZACION INF. AMPARO QUIROZ AGOSTO 06/09 MR", "observac_1": null, "barrio": "OTRAS AREAS", "parroquia_": 1, "barrio_id": 0, "proceso": 1, "fecha_regi": null, "activo_cat": "SI", "desactivad": 0, "avaluo_rem": 0.0, "avaluo_r_1": 0.0, "clasificac": "PROPIEDADES MUNICIPALES", "anio_deuda": 0, "deuda": 0.0, "valor_ip": 0.0, "coactiva": null, "ficharegis": 64222, "etam": 0.0833333333, "diferencia": -0.005429013, "porc_difer": -3.77015e-05, "admisible": 1, "deuda_anio": 0.0, "2019_csv_c": null, "clavecat_1": null, "2021__csv_": null, "2021__csv1": null, "2022__csv_": "3-23-70-34-000", "2022__csv1": "617-05-01-2023", "Clavepre": "3-23-70-34-000", "RESOLUCION": "617-05-01-2023", "ORIG_FID": 311 }, "geometry": { "type": "Point", "coordinates": [ -80.7312084253861, -1.006580696426115 ] } },
{ "type": "Feature", "properties": { "id": 87372, "lote_id": 82377, "clavecatas": "3-23-70-36-000", "zona": "3", "sector": "23", "manzana": "70", "lote": "36", "ph": "000", "propietari": null, "documentop": null, "direccion": "URBIRIOS 2 MANZANA 19 LOTE 28", "area_m2": 144.0, "frente_uti": 8.0, "frente_tot": 8.0, "avaluo_con": 0.0, "avaluo_sue": 5760.0, "zonaurbano": "URBANA", "parroquia": "TARQUI", "esta_bloqu": "SI", "es_tercera": "NO", "tiene_elec": "NO", "tiene_agua": "NO", "tiene_alca": "NO", "observacio": "INGRESO NUEVO INFO LUIS LOPEZ 14/12/2013  FM2010", "observac_1": "FM2010", "barrio": "URBIRRIOS 2", "parroquia_": 5, "barrio_id": 1046, "proceso": 1, "fecha_regi": null, "activo_cat": "SI", "desactivad": 0, "avaluo_rem": 0.0, "avaluo_r_1": 0.0, "clasificac": "GENERAL", "anio_deuda": 0, "deuda": 0.0, "valor_ip": 0.0, "coactiva": null, "ficharegis": 0, "etam": 0.0833333333, "diferencia": -0.000195277, "porc_difer": -1.3561e-06, "admisible": 1, "deuda_anio": 0.0, "2019_csv_c": null, "clavecat_1": null, "2021__csv_": null, "2021__csv1": null, "2022__csv_": "3-23-70-36-000", "2022__csv1": "617-05-01-2023", "Clavepre": "3-23-70-36-000", "RESOLUCION": "617-05-01-2023", "ORIG_FID": 312 }, "geometry": { "type": "Point", "coordinates": [ -80.731289089182184, -1.006700534375511 ] } },
{ "type": "Feature", "properties": { "id": 87390, "lote_id": 66822, "clavecatas": "3-23-71-01-000", "zona": "3", "sector": "23", "manzana": "71", "lote": "01", "ph": "000", "propietari": "GOBIERNO AUTÓNOMO DESCENTRALIZADO DE MANTA .", "documentop": "1360000980001", "direccion": "MZ-20 LT. 39 URBIRIOS II", "area_m2": 180.0, "frente_uti": 28.0, "frente_tot": 0.0, "avaluo_con": 0.0, "avaluo_sue": 7200.0, "zonaurbano": "URBANA", "parroquia": "MANTA", "esta_bloqu": "NO", "es_tercera": "NO", "tiene_elec": "SI", "tiene_agua": "SI", "tiene_alca": "NO", "observacio": "CANCELÓ CON CC 3270501 HASTA EL AÑO 2005 INF. AMPARO Q. JUNIO 02/06 MR ACTUALIZACION INF. AMPARO QUIROZ AGOSTO 06/09 MR", "observac_1": null, "barrio": "OTRAS AREAS", "parroquia_": 1, "barrio_id": 0, "proceso": 1, "fecha_regi": null, "activo_cat": "SI", "desactivad": 0, "avaluo_rem": 0.0, "avaluo_r_1": 0.0, "clasificac": "DEPURACION CATASTRO", "anio_deuda": 2026, "deuda": 19.49, "valor_ip": 0.0, "coactiva": null, "ficharegis": 0, "etam": 0.0745355992, "diferencia": 0.0015045304, "porc_difer": 8.3585e-06, "admisible": 1, "deuda_anio": 0.0, "2019_csv_c": null, "clavecat_1": null, "2021__csv_": null, "2021__csv1": null, "2022__csv_": "3-23-71-01-000", "2022__csv1": "617-05-01-2023", "Clavepre": "3-23-71-01-000", "RESOLUCION": "617-05-01-2023", "ORIG_FID": 313 }, "geometry": { "type": "Point", "coordinates": [ -80.730860871202623, -1.005584409053369 ] } },
{ "type": "Feature", "properties": { "id": 87409, "lote_id": 66841, "clavecatas": "3-23-71-20-000", "zona": "3", "sector": "23", "manzana": "71", "lote": "20", "ph": "000", "propietari": "GOBIERNO AUTONOMO DESCENTRALIZADO  MUNICIPAL MANTA ..", "documentop": "1360000980001", "direccion": "MZ-20 LT. 36 URBIRIOS II", "area_m2": 144.0, "frente_uti": 8.0, "frente_tot": 0.0, "avaluo_con": 0.0, "avaluo_sue": 5760.0, "zonaurbano": "URBANA", "parroquia": "MANTA", "esta_bloqu": "NO", "es_tercera": "NO", "tiene_elec": "SI", "tiene_agua": "SI", "tiene_alca": "NO", "observacio": "ING. CON EL NUEVO REDISEÑO INF. AMPARO QUIROZ AGOSTO 17/07 MR ACTUALIZACION INF. AMPARO QUIROZ, AGOSTO 06/09 MR-SE CORRIGE # DE LOTE DE ACUERDO AL REDISEÑO 18/05/18 A.Q.", "observac_1": null, "barrio": "URBIRIOS", "parroquia_": 1, "barrio_id": 231, "proceso": 1, "fecha_regi": null, "activo_cat": "SI", "desactivad": 0, "avaluo_rem": 0.0, "avaluo_r_1": 0.0, "clasificac": "PROPIEDADES MUNICIPALES", "anio_deuda": 0, "deuda": 0.0, "valor_ip": 0.0, "coactiva": null, "ficharegis": 55098, "etam": 0.0833333333, "diferencia": 1.49e-08, "porc_difer": 1e-10, "admisible": 1, "deuda_anio": 0.0, "2019_csv_c": null, "clavecat_1": null, "2021__csv_": null, "2021__csv1": null, "2022__csv_": "3-23-71-20-000", "2022__csv1": "617-05-01-2023", "Clavepre": "3-23-71-20-000", "RESOLUCION": "617-05-01-2023", "ORIG_FID": 314 }, "geometry": { "type": "Point", "coordinates": [ -80.731121357551828, -1.005678895153618 ] } },
{ "type": "Feature", "properties": { "id": 87407, "lote_id": 66839, "clavecatas": "3-23-71-18-000", "zona": "3", "sector": "23", "manzana": "71", "lote": "18", "ph": "000", "propietari": "JARAMILLO MERA MARIANA DE JESUS", "documentop": "1311118150", "direccion": "MZ-20 LOTE  37 BARRIO URBIRIOS II", "area_m2": 144.0, "frente_uti": 8.0, "frente_tot": 8.0, "avaluo_con": 2070.64, "avaluo_sue": 5760.0, "zonaurbano": "URBANA", "parroquia": "TARQUI", "esta_bloqu": "NO", "es_tercera": "NO", "tiene_elec": "SI", "tiene_agua": "SI", "tiene_alca": "NO", "observacio": "ING. CON EL NUEVO REDISEÑO INF. AMPARO QUIROZ AGOSTO 17/07 MR ACTUALIZACION INF. AMPARO QUIROZ, AGOSTO 06/09 MR. SE CCORRIGE AREA POR AUTORIZACION DE PPUU PARA LEGALIZAR,INFORME PARA CERTIFICADO, INSP. ARQ. LUPE LANDA,  REVZ. POR LCDA MARIA MARISOL ARTE", "observac_1": null, "barrio": "URBIRIOS", "parroquia_": 3, "barrio_id": 231, "proceso": 1, "fecha_regi": null, "activo_cat": "SI", "desactivad": 0, "avaluo_rem": 0.0, "avaluo_r_1": 0.0, "clasificac": "GENERAL", "anio_deuda": 0, "deuda": 0.0, "valor_ip": 0.0, "coactiva": null, "ficharegis": 65303, "etam": 0.0833333333, "diferencia": -1.31e-08, "porc_difer": -1e-10, "admisible": 1, "deuda_anio": 0.0, "2019_csv_c": null, "clavecat_1": null, "2021__csv_": null, "2021__csv1": null, "2022__csv_": "3-23-71-18-000", "2022__csv1": "617-05-01-2023", "Clavepre": "3-23-71-18-000", "RESOLUCION": "617-05-01-2023", "ORIG_FID": 315 }, "geometry": { "type": "Point", "coordinates": [ -80.731040050040036, -1.005559497617372 ] } },
{ "type": "Feature", "properties": { "id": 87411, "lote_id": 66843, "clavecatas": "3-23-71-22-000", "zona": "3", "sector": "23", "manzana": "71", "lote": "22", "ph": "000", "propietari": "GOBIERNO AUTÓNOMO DESCENTRALIZADO DE MANTA .", "documentop": "1360000980001", "direccion": "MZ-20 LT. 33 URBIRIOS II", "area_m2": 144.0, "frente_uti": 8.0, "frente_tot": 0.0, "avaluo_con": 0.0, "avaluo_sue": 5760.0, "zonaurbano": "URBANA", "parroquia": "MANTA", "esta_bloqu": "NO", "es_tercera": "NO", "tiene_elec": "SI", "tiene_agua": "SI", "tiene_alca": "NO", "observacio": "ING. CON EL NUEVO REDISEÑO INF. AMPARO QUIROZ AGOSTO 17/07 MR ACTUALIZACION INF. AMPARO QUIROZ, AGOSTO 06/09 MR", "observac_1": null, "barrio": "URBIRIOS", "parroquia_": 1, "barrio_id": 231, "proceso": 1, "fecha_regi": null, "activo_cat": "SI", "desactivad": 0, "avaluo_rem": 0.0, "avaluo_r_1": 0.0, "clasificac": "PROPIEDADES MUNICIPALES", "anio_deuda": 0, "deuda": 0.0, "valor_ip": 0.0, "coactiva": null, "ficharegis": 64273, "etam": 0.0833333333, "diferencia": 1.06e-08, "porc_difer": 1e-10, "admisible": 1, "deuda_anio": 0.0, "2019_csv_c": null, "clavecat_1": null, "2021__csv_": null, "2021__csv1": null, "2022__csv_": "3-23-71-22-000", "2022__csv1": "617-05-01-2023", "Clavepre": "3-23-71-22-000", "RESOLUCION": "617-05-01-2023", "ORIG_FID": 316 }, "geometry": { "type": "Point", "coordinates": [ -80.731202665068906, -1.00579829268934 ] } },
{ "type": "Feature", "properties": { "id": 87412, "lote_id": 66844, "clavecatas": "3-23-71-23-000", "zona": "3", "sector": "23", "manzana": "71", "lote": "23", "ph": "000", "propietari": "LOOR MOREIRA JEFFERSON VICENTE", "documentop": "1309298147", "direccion": "MZ-20 LT. 32  URBIRRIOS II", "area_m2": 144.0, "frente_uti": 8.0, "frente_tot": 0.0, "avaluo_con": 1707.89, "avaluo_sue": 5184.0, "zonaurbano": "URBANA", "parroquia": "TARQUI", "esta_bloqu": "NO", "es_tercera": "NO", "tiene_elec": "SI", "tiene_agua": "SI", "tiene_alca": "NO", "observacio": "LT.ING. CON EL NUEVO REDISEÑO INF. AMPARO QUIROZ AGOSTO 17/07 MR ACTUALIZACION INF. AMPARO QUIROZ, AGOSTO 06/09 MRINF. PARA CERTIF. INGRES. POR AREA DE LEGALIZACION INSP. LUIS LOPEZ, ENERO 23-14 \r\nSE ACTUALIZA INF CON ESCRITURA DE ADJUDICACION INSCRITA", "observac_1": null, "barrio": "URBIRIOS", "parroquia_": 3, "barrio_id": 231, "proceso": 1, "fecha_regi": null, "activo_cat": "SI", "desactivad": 0, "avaluo_rem": 0.0, "avaluo_r_1": 0.0, "clasificac": "GENERAL", "anio_deuda": 2026, "deuda": 8.53, "valor_ip": 0.0, "coactiva": null, "ficharegis": 64270, "etam": 0.0833333333, "diferencia": -3.86e-08, "porc_difer": -3e-10, "admisible": 1, "deuda_anio": 0.0, "2019_csv_c": null, "clavecat_1": null, "2021__csv_": null, "2021__csv1": null, "2022__csv_": "3-23-71-23-000", "2022__csv1": "617-05-01-2023", "Clavepre": "3-23-71-23-000", "RESOLUCION": "617-05-01-2023", "ORIG_FID": 317 }, "geometry": { "type": "Point", "coordinates": [ -80.731243318829414, -1.005857991456994 ] } },
{ "type": "Feature", "properties": { "id": 87413, "lote_id": 66845, "clavecatas": "3-23-71-24-000", "zona": "3", "sector": "23", "manzana": "71", "lote": "24", "ph": "000", "propietari": "GAD DE MANTA MANTA", "documentop": "1360000980001", "direccion": "MZ-20 LT. 31 URBIRIOS II", "area_m2": 144.0, "frente_uti": 8.0, "frente_tot": 0.0, "avaluo_con": 0.0, "avaluo_sue": 5760.0, "zonaurbano": "URBANA", "parroquia": "MANTA", "esta_bloqu": "NO", "es_tercera": "NO", "tiene_elec": "SI", "tiene_agua": "SI", "tiene_alca": "NO", "observacio": "ING. CON EL NUEVO REDISEÑO INF. AMPARO QUIROZ AGOSTO 17/07 MR.-SE MODIF.NOMBRE X DEPURAC.11/07/12 A.Q.", "observac_1": "- MEMORANDO 055-DACR-DCR-GADM-15", "barrio": "URBIRIOS", "parroquia_": 1, "barrio_id": 231, "proceso": 1, "fecha_regi": null, "activo_cat": "SI", "desactivad": 0, "avaluo_rem": 0.0, "avaluo_r_1": 0.0, "clasificac": "PROPIEDADES MUNICIPALES", "anio_deuda": 0, "deuda": 0.0, "valor_ip": 0.0, "coactiva": null, "ficharegis": 0, "etam": 0.0833333333, "diferencia": -6.2e-09, "porc_difer": 0.0, "admisible": 1, "deuda_anio": 0.0, "2019_csv_c": null, "clavecat_1": null, "2021__csv_": null, "2021__csv1": null, "2022__csv_": "3-23-71-24-000", "2022__csv1": "617-05-01-2023", "Clavepre": "3-23-71-24-000", "RESOLUCION": "617-05-01-2023", "ORIG_FID": 318 }, "geometry": { "type": "Point", "coordinates": [ -80.731283972591271, -1.005917690224534 ] } },
{ "type": "Feature", "properties": { "id": 87740, "lote_id": 94895, "clavecatas": "3-23-86-05-000", "zona": "3", "sector": "23", "manzana": "86", "lote": "05", "ph": "000", "propietari": "GOBIERNO AUTONOMO DESCENTRALIZADO MUNICIPAL DEL CANTON MANTA .", "documentop": "1360000980001", "direccion": "URBIRRIOS II MZ 12-A LOTE 5", "area_m2": 112.0, "frente_uti": 8.0, "frente_tot": 8.0, "avaluo_con": 0.0, "avaluo_sue": 4480.0, "zonaurbano": "URBANA", "parroquia": "TARQUI", "esta_bloqu": "NO", "es_tercera": "NO", "tiene_elec": "NO", "tiene_agua": "NO", "tiene_alca": "NO", "observacio": "INGRESO NUEVO INF LUIS LOPEZ REDISEÑO DE URBORIOS II 19/03/2019 - CAMBIO DE CLASIFICACIÓN: MEMORANDO MTA-DFIN-MEM-160920211226, TRÁMITE TE090920211550 EN BASE A ART. 509 DEL COOTAD.", "observac_1": null, "barrio": "URBIRRIOS 2", "parroquia_": 3, "barrio_id": 1046, "proceso": 0, "fecha_regi": null, "activo_cat": "SI", "desactivad": 0, "avaluo_rem": 0.0, "avaluo_r_1": 0.0, "clasificac": "POR LEGALIZAR", "anio_deuda": 0, "deuda": 0.0, "valor_ip": 0.0, "coactiva": null, "ficharegis": 0, "etam": 0.0944911183, "diferencia": 1.65626e-05, "porc_difer": 1.479e-07, "admisible": 1, "deuda_anio": 0.0, "2019_csv_c": null, "clavecat_1": null, "2021__csv_": null, "2021__csv1": null, "2022__csv_": "3-23-86-05-000", "2022__csv1": "617-05-01-2023", "Clavepre": "3-23-86-05-000", "RESOLUCION": "617-05-01-2023", "ORIG_FID": 319 }, "geometry": { "type": "Point", "coordinates": [ -80.724562572844377, -0.997078655084551 ] } },
{ "type": "Feature", "properties": { "id": 87540, "lote_id": 82474, "clavecatas": "3-23-80-09-000", "zona": "3", "sector": "23", "manzana": "80", "lote": "09", "ph": "000", "propietari": "GOBIERNO AUTONOMO DESCENTRALIZADO MCPAL.DEL CANTON MANTA .", "documentop": "1360000980001", "direccion": "URBIRRIOS II MANZANA 10-A LOTE 05", "area_m2": 116.05, "frente_uti": 7.5, "frente_tot": 7.5, "avaluo_con": 0.0, "avaluo_sue": 4642.0, "zonaurbano": "URBANA", "parroquia": "ELOY ALFARO", "esta_bloqu": "NO", "es_tercera": "NO", "tiene_elec": "SI", "tiene_agua": "SI", "tiene_alca": "NO", "observacio": "INGRESO NUEVO  FM2010\r\n\r\nINF. PARA CERTIF. INGRES. POR AREA DE LEGALIZACION INSP. LUIS LOPEZ, ENERO 17-14 \r\n\r\n\r\n - CAMBIO DE CLASIFICACIÓN: MEMORANDO MTA-DFIN-MEM-160920211226, TRÁMITE TE090920211550 EN BASE A ART. 509 DEL COOTAD.", "observac_1": "FM2010 - MEMORANDO 055-DACR-DCR-GADM-15", "barrio": "URBIRRIOS 2", "parroquia_": 5, "barrio_id": 1046, "proceso": 0, "fecha_regi": null, "activo_cat": "SI", "desactivad": 0, "avaluo_rem": 0.0, "avaluo_r_1": 0.0, "clasificac": "PROPIEDADES MUNICIPALES", "anio_deuda": 0, "deuda": 0.0, "valor_ip": 0.0, "coactiva": null, "ficharegis": 49749, "etam": 0.0928276653, "diferencia": 0.6605610553, "porc_difer": 0.0056920384, "admisible": 1, "deuda_anio": 0.0, "2019_csv_c": null, "clavecat_1": null, "2021__csv_": null, "2021__csv1": null, "2022__csv_": "3-23-80-09-000", "2022__csv1": "617-05-01-2023", "Clavepre": "3-23-80-09-000", "RESOLUCION": "617-05-01-2023", "ORIG_FID": 320 }, "geometry": { "type": "Point", "coordinates": [ -80.728492968772088, -1.001401596384531 ] } },
{ "type": "Feature", "properties": { "id": 87545, "lote_id": 82479, "clavecatas": "3-23-80-14-000", "zona": "3", "sector": "23", "manzana": "80", "lote": "14", "ph": "000", "propietari": "JARAMILLO SOTOMAYOR  ANA LUCIA", "documentop": "1314741313", "direccion": "URBIRRIOS II MANZANA 10-A LOTE 10", "area_m2": 115.62, "frente_uti": 7.5, "frente_tot": 7.5, "avaluo_con": 0.0, "avaluo_sue": 3746.09, "zonaurbano": "URBANA", "parroquia": "ELOY ALFARO", "esta_bloqu": "NO", "es_tercera": "NO", "tiene_elec": "SI", "tiene_agua": "SI", "tiene_alca": "NO", "observacio": "INGRESO NUEVO INF LUIS LOPEZ 16/12/2013 FM2010 INF. PARA CERTIF. INGRES. POR AREA DE LEGALIZACION INSP. LUIS LOPEZ, ENERO 17-14  - CAMBIO DE CLASIFICACIÓN: MEMORANDO MTA-DFIN-MEM-160920211226, TRÁMITE TE090920211550 EN BASE A ART. 509 DEL COOTAD.SE ACT", "observac_1": "FM2010 - MEMORANDO 055-DACR-DCR-GADM-15", "barrio": "URBIRRIOS 2", "parroquia_": 5, "barrio_id": 1046, "proceso": 0, "fecha_regi": null, "activo_cat": "SI", "desactivad": 0, "avaluo_rem": 0.0, "avaluo_r_1": 0.0, "clasificac": "GENERAL", "anio_deuda": 2026, "deuda": 7.69, "valor_ip": 0.0, "coactiva": null, "ficharegis": 64225, "etam": 0.0930001218, "diferencia": 0.0554165268, "porc_difer": 0.0004792988, "admisible": 1, "deuda_anio": 0.0, "2019_csv_c": null, "clavecat_1": null, "2021__csv_": null, "2021__csv1": null, "2022__csv_": "3-23-80-14-000", "2022__csv1": "617-05-01-2023", "Clavepre": "3-23-80-14-000", "RESOLUCION": "617-05-01-2023", "ORIG_FID": 321 }, "geometry": { "type": "Point", "coordinates": [ -80.728810977723342, -1.001198396841288 ] } },
{ "type": "Feature", "properties": { "id": 87550, "lote_id": 82484, "clavecatas": "3-23-80-19-000", "zona": "3", "sector": "23", "manzana": "80", "lote": "19", "ph": "000", "propietari": "GOBIERNO AUTÓNOMO DESCENTRALIZADO DE MANTA .", "documentop": "1360000980001", "direccion": "URBIRRIOS II MANZANA 10-A LOTE 16", "area_m2": 142.07, "frente_uti": 26.17, "frente_tot": 26.17, "avaluo_con": 0.0, "avaluo_sue": 5682.8, "zonaurbano": "URBANA", "parroquia": "TARQUI", "esta_bloqu": "NO", "es_tercera": "NO", "tiene_elec": "SI", "tiene_agua": "NO", "tiene_alca": "NO", "observacio": "INGRESO NUEVO 16/12/2013 INF LUIS LOPEZ PARA LEGALIZAR FM2010 INF.PARA CERT.INGRES.X AREA D LEGALIZACION INSP.LUIS LOPEZ 01-17-14 -SELLO PROT.DE ADJ.02/08/14 Y.C.S.- - CAMBIO DE CLASIFICACIÓN: MEMORANDO MTA-DFIN-MEM-160920211226, TRÁMITE TE090920211550", "observac_1": "FM2010 - MEMORANDO 055-DACR-DCR-GADM-15", "barrio": "URBIRRIOS 2", "parroquia_": 3, "barrio_id": 1046, "proceso": 0, "fecha_regi": null, "activo_cat": "SI", "desactivad": 0, "avaluo_rem": 0.0, "avaluo_r_1": 0.0, "clasificac": "PROPIEDADES MUNICIPALES", "anio_deuda": 0, "deuda": 0.0, "valor_ip": 0.0, "coactiva": null, "ficharegis": 44557, "etam": 0.0838974594, "diferencia": 36.660846194900003, "porc_difer": 0.2580477666, "admisible": 0, "deuda_anio": 0.0, "2019_csv_c": null, "clavecat_1": null, "2021__csv_": null, "2021__csv1": null, "2022__csv_": "3-23-80-19-000", "2022__csv1": "617-05-01-2023", "Clavepre": "3-23-80-19-000", "RESOLUCION": "617-05-01-2023", "ORIG_FID": 322 }, "geometry": { "type": "Point", "coordinates": [ -80.729083610897234, -1.000983028194834 ] } },
{ "type": "Feature", "properties": { "id": 87551, "lote_id": 82486, "clavecatas": "3-23-80-20-000", "zona": "3", "sector": "23", "manzana": "80", "lote": "20", "ph": "000", "propietari": "VILLEGAS MACIAS JANNERYS LISBETH", "documentop": "1310723349", "direccion": "URBIRRIOS II MANZANA 10-A LOTE 14", "area_m2": 84.53, "frente_uti": 5.5, "frente_tot": 5.5, "avaluo_con": 117.5, "avaluo_sue": 3043.08, "zonaurbano": "URBANA", "parroquia": "ELOY ALFARO", "esta_bloqu": "NO", "es_tercera": "NO", "tiene_elec": "SI", "tiene_agua": "SI", "tiene_alca": "NO", "observacio": "INGRESO NUEVO 16/12/2013 PARA LEGALIZAR INF LUYIS LOPEZ  FM2010.-SELLO PROTOC.DANIEL S.14/01/14 A.Q.\r\n\r\nINF. PARA CERTIF. INGRES. POR AREA DE LEGALIZACION INSP. LUIS LOPEZ, ENERO 17-14 \r\n\r\n\r\n - CAMBIO DE CLASIFICACIÓN: MEMORANDO MTA-DFIN-MEM-16092021122", "observac_1": "FM2010 - MEMORANDO 055-DACR-DCR-GADM-15", "barrio": "URBIRRIOS 2", "parroquia_": 5, "barrio_id": 1046, "proceso": 0, "fecha_regi": null, "activo_cat": "SI", "desactivad": 0, "avaluo_rem": 0.0, "avaluo_r_1": 0.0, "clasificac": "GENERAL", "anio_deuda": 2024, "deuda": 23.3, "valor_ip": 0.0, "coactiva": null, "ficharegis": 82693, "etam": 0.1, "diferencia": -0.3347873824, "porc_difer": -0.0039605747, "admisible": 1, "deuda_anio": 17.56, "2019_csv_c": null, "clavecat_1": null, "2021__csv_": null, "2021__csv1": null, "2022__csv_": "3-23-80-20-000", "2022__csv1": "617-05-01-2023", "Clavepre": "3-23-80-20-000", "RESOLUCION": "617-05-01-2023", "ORIG_FID": 323 }, "geometry": { "type": "Point", "coordinates": [ -80.729030290527902, -1.001058285966721 ] } },
{ "type": "Feature", "properties": { "id": 87554, "lote_id": 82489, "clavecatas": "3-23-81-03-000", "zona": "3", "sector": "23", "manzana": "81", "lote": "03", "ph": "000", "propietari": "ERAS PERALTA JUAN FERNANDO", "documentop": "1306372721", "direccion": "URBIRIOS II MANZANA 23 LOTE 03", "area_m2": 137.54, "frente_uti": 9.5, "frente_tot": 9.5, "avaluo_con": 0.0, "avaluo_sue": 4456.3, "zonaurbano": "URBANA", "parroquia": "ELOY ALFARO", "esta_bloqu": "NO", "es_tercera": "NO", "tiene_elec": "SI", "tiene_agua": "SI", "tiene_alca": "NO", "observacio": "INGRESO NUEVO 17/12/2013 PARA LEGALIZAR INF LUIS LOPEZ FM2010 -SE ACTUALIZA INFORMACION CON ESCRITURA DE ADJ.CON PROH.DE ENAJ.INSCRITA EN EL REG.DE LA PROPIEDAD 06/12/2023 Y.C.S.-", "observac_1": "FM2010 - SE DESBLOQUEA POR PROCESO DE LEGALIZACION EN BASE A RESOLUCION LEGISLATIVA N°617-05-01-2023 URBIRRIOS 2 CON FECHA 03-03-2023", "barrio": "URBIRRIOS 2", "parroquia_": 5, "barrio_id": 1046, "proceso": 0, "fecha_regi": null, "activo_cat": "SI", "desactivad": 0, "avaluo_rem": 0.0, "avaluo_r_1": 0.0, "clasificac": "GENERAL", "anio_deuda": 2026, "deuda": 9.49, "valor_ip": 0.0, "coactiva": null, "ficharegis": 82636, "etam": 0.0852678848, "diferencia": -13.5485025412, "porc_difer": -0.0985059077, "admisible": 0, "deuda_anio": 0.0, "2019_csv_c": null, "clavecat_1": null, "2021__csv_": null, "2021__csv1": null, "2022__csv_": "3-23-81-03-000", "2022__csv1": "617-05-01-2023", "Clavepre": "3-23-81-03-000", "RESOLUCION": "617-05-01-2023", "ORIG_FID": 324 }, "geometry": { "type": "Point", "coordinates": [ -80.729007336948385, -1.002398802409191 ] } },
{ "type": "Feature", "properties": { "id": 87787, "lote_id": 95065, "clavecatas": "3-23-88-04-000", "zona": "3", "sector": "23", "manzana": "88", "lote": "04", "ph": "000", "propietari": "GOBIERNO AUTONOMO DESCENTRALIZADO MUNICIPAL DEL CANTON MANTA .", "documentop": "1360000980001", "direccion": "URBIRRIOS II MZ 20B LOTE 4", "area_m2": 120.0, "frente_uti": 8.0, "frente_tot": 8.0, "avaluo_con": 0.0, "avaluo_sue": 4800.0, "zonaurbano": "URBANA", "parroquia": "TARQUI", "esta_bloqu": "NO", "es_tercera": "NO", "tiene_elec": "NO", "tiene_agua": "NO", "tiene_alca": "NO", "observacio": "INGRESO NUEVO REDISEÑO DE URBIRRIOS II INF LUIS LOPEZ 09/04/2019 - CAMBIO DE CLASIFICACIÓN: MEMORANDO MTA-DFIN-MEM-160920211226, TRÁMITE TE090920211550 EN BASE A ART. 509 DEL COOTAD.", "observac_1": null, "barrio": "URBIRRIOS 2", "parroquia_": 3, "barrio_id": 1046, "proceso": 0, "fecha_regi": null, "activo_cat": "SI", "desactivad": 0, "avaluo_rem": 0.0, "avaluo_r_1": 0.0, "clasificac": "POR LEGALIZAR", "anio_deuda": 0, "deuda": 0.0, "valor_ip": 0.0, "coactiva": null, "ficharegis": 0, "etam": 0.0912870929, "diferencia": -0.0002413273, "porc_difer": -2.0111e-06, "admisible": 1, "deuda_anio": 0.0, "2019_csv_c": null, "clavecat_1": null, "2021__csv_": null, "2021__csv1": null, "2022__csv_": "3-23-88-04-000", "2022__csv1": "617-05-01-2023", "Clavepre": "3-23-88-04-000", "RESOLUCION": "617-05-01-2023", "ORIG_FID": 325 }, "geometry": { "type": "Point", "coordinates": [ -80.731594848357787, -1.005333636977285 ] } },
{ "type": "Feature", "properties": { "id": 87574, "lote_id": 82805, "clavecatas": "3-23-82-10-000", "zona": "3", "sector": "23", "manzana": "82", "lote": "10", "ph": "000", "propietari": "VEGA MERO DIEGO ORLANDO", "documentop": "1316250388", "direccion": "URBIRRIOS II MZ 21-A LOTE 10", "area_m2": 144.0, "frente_uti": 8.0, "frente_tot": 8.0, "avaluo_con": 0.0, "avaluo_sue": 5184.0, "zonaurbano": "URBANA", "parroquia": "ELOY ALFARO", "esta_bloqu": "NO", "es_tercera": "NO", "tiene_elec": "SI", "tiene_agua": "NO", "tiene_alca": "NO", "observacio": "INGRESO NUEVO INF LUIS LOPEZ 03/02/2014\r\nINF. PARA CERTIF. INGRES. POR AREA DE LEGALIZACION INSP. LUIS LOPEZ, FEBRERO 04-14 CAMBIO DE CLASIFICACIÓN: MEMORANDO MTA-DFIN-MEM-160920211226, TRÁMITE TE090920211550 EN BASE A ART. 509 DEL COOTAD.SE ACTUALIZA", "observac_1": ". SIN MEJORAS 2011 - 2012 -2013.", "barrio": "URBIRRIOS 2", "parroquia_": 5, "barrio_id": 1046, "proceso": 0, "fecha_regi": null, "activo_cat": "SI", "desactivad": 0, "avaluo_rem": 0.0, "avaluo_r_1": 0.0, "clasificac": "GENERAL", "anio_deuda": 2026, "deuda": 8.83, "valor_ip": 0.0, "coactiva": null, "ficharegis": 82723, "etam": 0.0833333333, "diferencia": 0.0003571882, "porc_difer": 2.4805e-06, "admisible": 1, "deuda_anio": 0.0, "2019_csv_c": null, "clavecat_1": null, "2021__csv_": null, "2021__csv1": null, "2022__csv_": "3-23-82-10-000", "2022__csv1": "617-05-01-2023", "Clavepre": "3-23-82-10-000", "RESOLUCION": "617-05-01-2023", "ORIG_FID": 326 }, "geometry": { "type": "Point", "coordinates": [ -80.730040170640109, -1.004342845324659 ] } },
{ "type": "Feature", "properties": { "id": 87575, "lote_id": 82806, "clavecatas": "3-23-82-11-000", "zona": "3", "sector": "23", "manzana": "82", "lote": "11", "ph": "000", "propietari": "GOBIERNO AUTONOMO DESCENTRALIZADO MCPAL.DEL CANTON MANTA .", "documentop": "1360000980001", "direccion": "URBIRRIOS II MZ 21-A LOTE 11", "area_m2": 144.0, "frente_uti": 8.0, "frente_tot": 8.0, "avaluo_con": 0.0, "avaluo_sue": 5760.0, "zonaurbano": "URBANA", "parroquia": "ELOY ALFARO", "esta_bloqu": "NO", "es_tercera": "NO", "tiene_elec": "SI", "tiene_agua": "NO", "tiene_alca": "NO", "observacio": "INGRESO NUEVO INF LUIS LOPEZ 03/02/2014\r\n\r\nINF. PARA CERTIF. INGRES. POR AREA DE LEGALIZACION INSP. LUIS LOPEZ, FEBRERO 04-14 \r\n\r\n - Cambio de Clasificación: Memorando MTA-DFIN-MEM-160920211226, trámite TE090920211550 en base a Art. 509 del COOTAD.", "observac_1": ". SIN MEJORAS 2011 - 2012 -2013. - SE DESBLOQUEA POR PROCESO DE LEGALIZACION EN BASE A RESOLUCION LEGISLATIVA N°617-05-01-2023 URBIRRIOS 2 CON FECHA 03-03-2023", "barrio": "URBIRRIOS 2", "parroquia_": 5, "barrio_id": 1046, "proceso": 0, "fecha_regi": null, "activo_cat": "SI", "desactivad": 0, "avaluo_rem": 0.0, "avaluo_r_1": 0.0, "clasificac": "PROPIEDADES MUNICIPALES", "anio_deuda": 0, "deuda": 0.0, "valor_ip": 0.0, "coactiva": null, "ficharegis": 0, "etam": 0.0833333333, "diferencia": 0.0004039748, "porc_difer": 2.8054e-06, "admisible": 1, "deuda_anio": 0.0, "2019_csv_c": null, "clavecat_1": null, "2021__csv_": null, "2021__csv1": null, "2022__csv_": "3-23-82-11-000", "2022__csv1": "617-05-01-2023", "Clavepre": "3-23-82-11-000", "RESOLUCION": "617-05-01-2023", "ORIG_FID": 327 }, "geometry": { "type": "Point", "coordinates": [ -80.730080244929212, -1.004402939733199 ] } },
{ "type": "Feature", "properties": { "id": 87576, "lote_id": 82656, "clavecatas": "3-23-82-12-000", "zona": "3", "sector": "23", "manzana": "82", "lote": "12", "ph": "000", "propietari": "GOBIERNO AUTONOMO DESCENTRALIZADO  MUNICIPAL MANTA .", "documentop": "1360000980001", "direccion": "URB.URBIRRIOS II MZ 21-A LT-12", "area_m2": 144.0, "frente_uti": 8.0, "frente_tot": 8.0, "avaluo_con": 0.0, "avaluo_sue": 5184.0, "zonaurbano": "URBANA", "parroquia": "TARQUI", "esta_bloqu": "NO", "es_tercera": "NO", "tiene_elec": "SI", "tiene_agua": "NO", "tiene_alca": "NO", "observacio": "INGRESO NUEVO CON LA AUT.DE PPUU.23\r\n/01/14INF. PARA CERTIF. INGRES. POR AREA DE LEGALIZACION INSP. LUIS LOPEZ, ENERO 23-14 -SELLO PROT.DE ADJ.LUIS L. 02/03/14 Y.C.S.- - CAMBIO DE CLASIFICACIÓN: MEMORANDO MTA-DFIN-MEM-160920211226, TRÁMITE TE0909202115", "observac_1": ". SIN MEJORAS 2011 - 2012 -2013.", "barrio": "URBIRRIOS 2", "parroquia_": 3, "barrio_id": 1046, "proceso": 0, "fecha_regi": null, "activo_cat": "SI", "desactivad": 0, "avaluo_rem": 0.0, "avaluo_r_1": 0.0, "clasificac": "PROPIEDADES MUNICIPALES", "anio_deuda": 0, "deuda": 0.0, "valor_ip": 0.0, "coactiva": null, "ficharegis": 44415, "etam": 0.0833333333, "diferencia": 0.0004507714, "porc_difer": 3.1304e-06, "admisible": 1, "deuda_anio": 0.0, "2019_csv_c": null, "clavecat_1": null, "2021__csv_": null, "2021__csv1": null, "2022__csv_": "3-23-82-12-000", "2022__csv1": "617-05-01-2023", "Clavepre": "3-23-82-12-000", "RESOLUCION": "617-05-01-2023", "ORIG_FID": 328 }, "geometry": { "type": "Point", "coordinates": [ -80.730120319219594, -1.00446303414162 ] } },
{ "type": "Feature", "properties": { "id": 87577, "lote_id": 82657, "clavecatas": "3-23-82-13-000", "zona": "3", "sector": "23", "manzana": "82", "lote": "13", "ph": "000", "propietari": "GOBIERNO AUTONOMO DESCENTRALIZADO CANTON MANTA .", "documentop": "1360000980001", "direccion": "URB.URBIRRIOS II MZ 21-A LT-13", "area_m2": 144.0, "frente_uti": 88.92, "frente_tot": 8.0, "avaluo_con": 0.0, "avaluo_sue": 5760.0, "zonaurbano": "URBANA", "parroquia": "TARQUI", "esta_bloqu": "NO", "es_tercera": "NO", "tiene_elec": "SI", "tiene_agua": "NO", "tiene_alca": "NO", "observacio": "INGRESO NUEVO CON LA AUT.DE PP.UU. 23/01/14.- INF. PARA CERTIF. INGRES. X AREA DE LEGALIZACION INSP. LUIS LOPEZ, 01/23/14.-", "observac_1": null, "barrio": "URBIRRIOS 2", "parroquia_": 3, "barrio_id": 1046, "proceso": 0, "fecha_regi": null, "activo_cat": "SI", "desactivad": 0, "avaluo_rem": 0.0, "avaluo_r_1": 0.0, "clasificac": "POR LEGALIZAR", "anio_deuda": 0, "deuda": 0.0, "valor_ip": 0.0, "coactiva": null, "ficharegis": 0, "etam": 0.0833333333, "diferencia": 0.0004975411, "porc_difer": 3.4551e-06, "admisible": 1, "deuda_anio": 0.0, "2019_csv_c": null, "clavecat_1": null, "2021__csv_": null, "2021__csv1": null, "2022__csv_": "3-23-82-13-000", "2022__csv1": "617-05-01-2023", "Clavepre": "3-23-82-13-000", "RESOLUCION": "617-05-01-2023", "ORIG_FID": 329 }, "geometry": { "type": "Point", "coordinates": [ -80.730160393511298, -1.004523128549923 ] } },
{ "type": "Feature", "properties": { "id": 87578, "lote_id": 82658, "clavecatas": "3-23-82-14-000", "zona": "3", "sector": "23", "manzana": "82", "lote": "14", "ph": "000", "propietari": "TAMAYO CONSTANTE MAYRA TRINIDAD", "documentop": "1312188582", "direccion": "URBANIZACIÓN URBIRRIOS II MZ. 21-A LOTE 14", "area_m2": 144.0, "frente_uti": 8.0, "frente_tot": 8.0, "avaluo_con": 0.0, "avaluo_sue": 5184.0, "zonaurbano": "URBANA", "parroquia": "TARQUI", "esta_bloqu": "NO", "es_tercera": "NO", "tiene_elec": "SI", "tiene_agua": "NO", "tiene_alca": "NO", "observacio": "INGR. NUEVO CON LA AUTO. DE PPUU. 23/01/14.- INF. PARA CERT. ING. X AREA DE LEGAL. INSP. L. LOPEZ 01-23-14-SELLO PROT.DE ADJ.DANIEL S. 02/12/14 Y.C.S.-SE ACTU. INF. CON ESCR.DE RECT. DE MED. Y LIND. NOMENCL.Y # DE LOTE INSCR. EN EL REG.D LA PROP. A FAVOR", "observac_1": ". SIN MEJORAS 2011 - 2012 -2013.", "barrio": "URBIRRIOS 2", "parroquia_": 3, "barrio_id": 1046, "proceso": 0, "fecha_regi": null, "activo_cat": "SI", "desactivad": 0, "avaluo_rem": 0.0, "avaluo_r_1": 0.0, "clasificac": "GENERAL", "anio_deuda": 0, "deuda": 0.0, "valor_ip": 0.0, "coactiva": null, "ficharegis": 44673, "etam": 0.0833333333, "diferencia": 0.0005443438, "porc_difer": 3.7802e-06, "admisible": 1, "deuda_anio": 0.0, "2019_csv_c": null, "clavecat_1": null, "2021__csv_": null, "2021__csv1": null, "2022__csv_": "3-23-82-14-000", "2022__csv1": "617-05-01-2023", "Clavepre": "3-23-82-14-000", "RESOLUCION": "617-05-01-2023", "ORIG_FID": 330 }, "geometry": { "type": "Point", "coordinates": [ -80.730200467804295, -1.004583222958124 ] } },
{ "type": "Feature", "properties": { "id": 87581, "lote_id": 82662, "clavecatas": "3-23-82-17-000", "zona": "3", "sector": "23", "manzana": "82", "lote": "17", "ph": "000", "propietari": "RIVAS VILELA NEUTON ERMELO", "documentop": "1308870862", "direccion": "URB.URBIRRIOS II MZ 21-A LT-17", "area_m2": 144.0, "frente_uti": 8.0, "frente_tot": 8.0, "avaluo_con": 0.0, "avaluo_sue": 4665.6, "zonaurbano": "URBANA", "parroquia": "TARQUI", "esta_bloqu": "NO", "es_tercera": "NO", "tiene_elec": "SI", "tiene_agua": "SI", "tiene_alca": "NO", "observacio": "INGRESO NUEVO CON LA AUT.DE PPUU.23\r\n/01/14 INF.PARA CERTIF. INGRES. POR AREA DE LEGALIZACION INSP. LUIS LOPEZ 01-23-14 -SELLO PROT.DE ADJ.DANIEL S.02/20/14 Y.C.S.-SE ACTUALIZA INFORMACION CON ESCRITURA DE REUBICACION DE MZ Y LOTE INSCRITA EN EL REG.DE L", "observac_1": ". SIN MEJORAS 2011 - 2012 -2013.", "barrio": "URBIRRIOS 2", "parroquia_": 3, "barrio_id": 1046, "proceso": 0, "fecha_regi": null, "activo_cat": "SI", "desactivad": 0, "avaluo_rem": 0.0, "avaluo_r_1": 0.0, "clasificac": "GENERAL", "anio_deuda": 0, "deuda": 0.0, "valor_ip": 0.0, "coactiva": null, "ficharegis": 44896, "etam": 0.0833333333, "diferencia": 0.0006847076, "porc_difer": 4.7549e-06, "admisible": 1, "deuda_anio": 0.0, "2019_csv_c": null, "clavecat_1": null, "2021__csv_": null, "2021__csv1": null, "2022__csv_": "3-23-82-17-000", "2022__csv1": "617-05-01-2023", "Clavepre": "3-23-82-17-000", "RESOLUCION": "617-05-01-2023", "ORIG_FID": 331 }, "geometry": { "type": "Point", "coordinates": [ -80.730320690691116, -1.004763506181984 ] } },
{ "type": "Feature", "properties": { "id": 87582, "lote_id": 82663, "clavecatas": "3-23-82-18-000", "zona": "3", "sector": "23", "manzana": "82", "lote": "18", "ph": "000", "propietari": "MOREIRA PILAY ARMANDO WASHINGTON", "documentop": "1309584389", "direccion": "URB.URBIRRIOS II MZ 21-A LT-18", "area_m2": 144.0, "frente_uti": 8.0, "frente_tot": 8.0, "avaluo_con": 0.0, "avaluo_sue": 5760.0, "zonaurbano": "URBANA", "parroquia": "TARQUI", "esta_bloqu": "NO", "es_tercera": "NO", "tiene_elec": "SI", "tiene_agua": "SI", "tiene_alca": "NO", "observacio": "INGRESO NUEVO CON LA AUT.DE PPUU.23\r\n/01/14 INF. PARA CERTIF. INGRES. POR AREA DE LEGALIZACION INSP. LUIS LOPEZ, ENERO 23-14 -SE ACTUALIZA INFORMACION CON ESCRITURA DE ADJ.REUBICACION DE MZ CON PROH.DE ENAJ.INSCRITA EN EL REG.DE LA PROPIEDAD 01/31/2024 Y", "observac_1": null, "barrio": "URBIRRIOS 2", "parroquia_": 3, "barrio_id": 1046, "proceso": 0, "fecha_regi": null, "activo_cat": "SI", "desactivad": 0, "avaluo_rem": 0.0, "avaluo_r_1": 0.0, "clasificac": "GENERAL", "anio_deuda": 0, "deuda": 0.0, "valor_ip": 0.0, "coactiva": null, "ficharegis": 64252, "etam": 0.0833333333, "diferencia": 0.0007315547, "porc_difer": 5.0802e-06, "admisible": 1, "deuda_anio": 0.0, "2019_csv_c": null, "clavecat_1": null, "2021__csv_": null, "2021__csv1": null, "2022__csv_": "3-23-82-18-000", "2022__csv1": "617-05-01-2023", "Clavepre": "3-23-82-18-000", "RESOLUCION": "617-05-01-2023", "ORIG_FID": 332 }, "geometry": { "type": "Point", "coordinates": [ -80.730360764989314, -1.004823600589695 ] } },
{ "type": "Feature", "properties": { "id": 87583, "lote_id": 82664, "clavecatas": "3-23-82-19-000", "zona": "3", "sector": "23", "manzana": "82", "lote": "19", "ph": "000", "propietari": "SALAZAR CORNEJO MARIA DOLORES", "documentop": "0928412485", "direccion": "URB.URBIRRIOS II MZ 21-A LT-19", "area_m2": 144.0, "frente_uti": 8.0, "frente_tot": 8.0, "avaluo_con": 2880.0, "avaluo_sue": 5760.0, "zonaurbano": "URBANA", "parroquia": "TARQUI", "esta_bloqu": "NO", "es_tercera": "NO", "tiene_elec": "SI", "tiene_agua": "SI", "tiene_alca": "NO", "observacio": "INGRESO NUEVO CON LA AUT.DE PPUU.23\r\n/01/14 INF. PARA CERTIF. INGRES. POR AREA DE LEGALIZACION INSP. LUIS LOPEZ, ENERO 23-14 -SELLO PROT.DE ADJ.DANIEL S.03/10/14 Y.C.S.- - CAMBIO DE CLASIFICACIÓN: MEMORANDO MTA-DFIN-MEM-160920211226, TRÁMITE TE09092021", "observac_1": ". SIN MEJORAS 2011 - 2012 -2013.", "barrio": "URBIRRIOS 2", "parroquia_": 3, "barrio_id": 1046, "proceso": 0, "fecha_regi": null, "activo_cat": "SI", "desactivad": 0, "avaluo_rem": 0.0, "avaluo_r_1": 0.0, "clasificac": "GENERAL", "anio_deuda": 0, "deuda": 0.0, "valor_ip": 0.0, "coactiva": null, "ficharegis": 45230, "etam": 0.0833333333, "diferencia": 0.0007782962, "porc_difer": 5.4048e-06, "admisible": 1, "deuda_anio": 0.0, "2019_csv_c": null, "clavecat_1": null, "2021__csv_": null, "2021__csv1": null, "2022__csv_": "3-23-82-19-000", "2022__csv1": "617-05-01-2023", "Clavepre": "3-23-82-19-000", "RESOLUCION": "617-05-01-2023", "ORIG_FID": 333 }, "geometry": { "type": "Point", "coordinates": [ -80.730400839288819, -1.004883694997287 ] } },
{ "type": "Feature", "properties": { "id": 87584, "lote_id": 82665, "clavecatas": "3-23-82-20-000", "zona": "3", "sector": "23", "manzana": "82", "lote": "20", "ph": "000", "propietari": "GOBIERNO AUTONOMO DESCENTRALIZADO CANTON MANTA .", "documentop": "1360000980001", "direccion": "URB.URBIRRIOS II MZ 21-A LT-20", "area_m2": 144.0, "frente_uti": 8.0, "frente_tot": 8.0, "avaluo_con": 0.0, "avaluo_sue": 5760.0, "zonaurbano": "URBANA", "parroquia": "TARQUI", "esta_bloqu": "NO", "es_tercera": "NO", "tiene_elec": "SI", "tiene_agua": "SI", "tiene_alca": "NO", "observacio": "INGRESO NUEVO CON LA AUT.DE PPUU.23\r\n/01/14\r\n\r\nINF. PARA CERTIF. INGRES. POR AREA DE LEGALIZACION INSP. LUIS LOPEZ, ENERO 23-14 \r\n\r\n", "observac_1": null, "barrio": "URBIRRIOS 2", "parroquia_": 3, "barrio_id": 1046, "proceso": 0, "fecha_regi": null, "activo_cat": "SI", "desactivad": 0, "avaluo_rem": 0.0, "avaluo_r_1": 0.0, "clasificac": "PROPIEDADES MUNICIPALES", "anio_deuda": 0, "deuda": 0.0, "valor_ip": 0.0, "coactiva": null, "ficharegis": 64255, "etam": 0.0833333333, "diferencia": 0.0008251488, "porc_difer": 5.7302e-06, "admisible": 1, "deuda_anio": 0.0, "2019_csv_c": null, "clavecat_1": null, "2021__csv_": null, "2021__csv1": null, "2022__csv_": "3-23-82-20-000", "2022__csv1": "617-05-01-2023", "Clavepre": "3-23-82-20-000", "RESOLUCION": "617-05-01-2023", "ORIG_FID": 334 }, "geometry": { "type": "Point", "coordinates": [ -80.730440913589632, -1.004943789404776 ] } },
{ "type": "Feature", "properties": { "id": 87586, "lote_id": 82808, "clavecatas": "3-23-82-22-000", "zona": "3", "sector": "23", "manzana": "82", "lote": "22", "ph": "000", "propietari": "CONFORME ARTEAGA TERESA LYLIANA", "documentop": "1312737412", "direccion": "URBIRRIOS II MZ 21-A LOTE 22", "area_m2": 144.0, "frente_uti": 8.0, "frente_tot": 8.0, "avaluo_con": 0.0, "avaluo_sue": 5760.0, "zonaurbano": "URBANA", "parroquia": "ELOY ALFARO", "esta_bloqu": "NO", "es_tercera": "NO", "tiene_elec": "SI", "tiene_agua": "SI", "tiene_alca": "NO", "observacio": "INGRESO NUEVO INF LUIIOS LOPEZ 03/02/2014 INF. PARA CERTIF. INGRES. POR AREA DE LEGALIZACION INSP. LUIS LOPEZ, FEBRERO 04-14 CAMBIO DE CLASIFICACIÓN: MEMORANDO MTA-DFIN-MEM-160920211226, TRÁMITE TE090920211550 EN BASE A ART. 509 DEL COOTAD.-SE ACTUALIZ", "observac_1": ". SIN MEJORAS 2011 - 2012 -2013. - SE DESBLOQUEA POR PROCESO DE LEGALIZACION EN BASE A RESOLUCION LEGISLATIVA N°617-05-01-2023 URBIRRIOS 2 CON FECHA 03-03-2023", "barrio": "URBIRRIOS 2", "parroquia_": 5, "barrio_id": 1046, "proceso": 0, "fecha_regi": null, "activo_cat": "SI", "desactivad": 0, "avaluo_rem": 0.0, "avaluo_r_1": 0.0, "clasificac": "GENERAL", "anio_deuda": 2015, "deuda": 44.55, "valor_ip": 0.0, "coactiva": null, "ficharegis": 64258, "etam": 0.0833333333, "diferencia": 0.0009186745, "porc_difer": 6.3797e-06, "admisible": 1, "deuda_anio": 35.53, "2019_csv_c": null, "clavecat_1": null, "2021__csv_": null, "2021__csv1": null, "2022__csv_": "3-23-82-22-000", "2022__csv1": "617-05-01-2023", "Clavepre": "3-23-82-22-000", "RESOLUCION": "617-05-01-2023", "ORIG_FID": 335 }, "geometry": { "type": "Point", "coordinates": [ -80.73052106219518, -1.005063978219365 ] } },
{ "type": "Feature", "properties": { "id": 87587, "lote_id": 82809, "clavecatas": "3-23-82-23-000", "zona": "3", "sector": "23", "manzana": "82", "lote": "23", "ph": "000", "propietari": "GOBIERNO AUTONOMO DESCENTRALIZADO MCPAL.DEL CANTON MANTA .", "documentop": "1360000980001", "direccion": "BARRIO URBIRRIOS II MZ 21-A LOTE 23", "area_m2": 144.0, "frente_uti": 8.0, "frente_tot": 8.0, "avaluo_con": 0.0, "avaluo_sue": 5760.0, "zonaurbano": "URBANA", "parroquia": "ELOY ALFARO", "esta_bloqu": "NO", "es_tercera": "NO", "tiene_elec": "SI", "tiene_agua": "SI", "tiene_alca": "NO", "observacio": "INGR. NUEVO INF. L. LOPEZ 03/02/2014.- INF.PARA CERT.X AREA DE LEGAL. INSP. L. LOPEZ FEB. 04-14.- INF. PARA CERT. INSP. ARQ. P. LEON REV. X LCDA. M. ARTEAGA AUT. DIR. 04-24-2018 MR.- ING. EN LINEA PARA CERT. EVAL. X LCDA. MARISOL A. ELAB. X LCDA. DELI CH", "observac_1": ". SIN MEJORAS 2011 - 2012 -2013.", "barrio": "URBIRRIOS 2", "parroquia_": 5, "barrio_id": 1046, "proceso": 0, "fecha_regi": null, "activo_cat": "SI", "desactivad": 0, "avaluo_rem": 0.0, "avaluo_r_1": 0.0, "clasificac": "PROPIEDADES MUNICIPALES", "anio_deuda": 0, "deuda": 0.0, "valor_ip": 0.0, "coactiva": null, "ficharegis": 64263, "etam": 0.0833333333, "diferencia": 0.0009655309, "porc_difer": 6.7051e-06, "admisible": 1, "deuda_anio": 0.0, "2019_csv_c": null, "clavecat_1": null, "2021__csv_": null, "2021__csv1": null, "2022__csv_": "3-23-82-23-000", "2022__csv1": "617-05-01-2023", "Clavepre": "3-23-82-23-000", "RESOLUCION": "617-05-01-2023", "ORIG_FID": 336 }, "geometry": { "type": "Point", "coordinates": [ -80.730561136499887, -1.005124072626497 ] } },
{ "type": "Feature", "properties": { "id": 87591, "lote_id": 82667, "clavecatas": "3-23-82-27-000", "zona": "3", "sector": "23", "manzana": "82", "lote": "27", "ph": "000", "propietari": "LANDA CHEME ZAYDA CONCEPCION", "documentop": "1307991115", "direccion": "URB.URBIRRIOS II MZ 21-A LT-27", "area_m2": 144.0, "frente_uti": 8.0, "frente_tot": 8.0, "avaluo_con": 0.0, "avaluo_sue": 5760.0, "zonaurbano": "URBANA", "parroquia": "TARQUI", "esta_bloqu": "NO", "es_tercera": "NO", "tiene_elec": "SI", "tiene_agua": "SI", "tiene_alca": "NO", "observacio": "INGRESO NUEVO CON LA AUT.DE PPUU.23\r\n/01/14\r\n\r\nINF. PARA CERTIF. INGRES. POR AREA DE LEGALIZACION INSP. LUIS LOPEZ, ENERO 23-14 . SE ACTUALIZA INF CON ESCRITURA DE COMPRA VENTA 15/12/2023.AZP\r\n", "observac_1": null, "barrio": "URBIRRIOS 2", "parroquia_": 3, "barrio_id": 1046, "proceso": 0, "fecha_regi": null, "activo_cat": "SI", "desactivad": 0, "avaluo_rem": 0.0, "avaluo_r_1": 0.0, "clasificac": "GENERAL", "anio_deuda": 2025, "deuda": 22.04, "valor_ip": 0.0, "coactiva": null, "ficharegis": 64277, "etam": 0.0833333333, "diferencia": 0.0011439249, "porc_difer": 7.9439e-06, "admisible": 1, "deuda_anio": 13.02, "2019_csv_c": null, "clavecat_1": null, "2021__csv_": null, "2021__csv1": null, "2022__csv_": "3-23-82-27-000", "2022__csv1": "617-05-01-2023", "Clavepre": "3-23-82-27-000", "RESOLUCION": "617-05-01-2023", "ORIG_FID": 337 }, "geometry": { "type": "Point", "coordinates": [ -80.730713919798603, -1.00535318255253 ] } },
{ "type": "Feature", "properties": { "id": 87592, "lote_id": 82812, "clavecatas": "3-23-82-28-000", "zona": "3", "sector": "23", "manzana": "82", "lote": "28", "ph": "000", "propietari": "GOBIERNO AUTONOMO DESCENTRALIZADO MCPAL.DEL CANTON MANTA .", "documentop": "1360000980001", "direccion": "URBIRRIOS II MZ 21-A LOTE 28", "area_m2": 207.0, "frente_uti": 11.5, "frente_tot": 29.5, "avaluo_con": 0.0, "avaluo_sue": 8694.0, "zonaurbano": "URBANA", "parroquia": "ELOY ALFARO", "esta_bloqu": "NO", "es_tercera": "NO", "tiene_elec": "SI", "tiene_agua": "NO", "tiene_alca": "NO", "observacio": "INGRESO NUEVO 03/02/2014 INF LUIS LOPEZ \r\nINF. PARA CERTIF. INGRES. POR AREA DE LEGALIZACION INSP. LUIS LOPEZ, FEBRERO 04-14 \r\nAREA ANTERIOR: 144.00M2\r\nAREA SEGUN AUT. 207.00M2\r\nAUT. PPUU NO 065 DE FECHA 11 DE ENERO DEL 2019.\r\nINF. ARQ. PATRICIO LEÓN \r\n", "observac_1": ". SIN MEJORAS 2011 - 2012 -2013.", "barrio": "URBIRRIOS 2", "parroquia_": 5, "barrio_id": 1046, "proceso": 0, "fecha_regi": null, "activo_cat": "SI", "desactivad": 0, "avaluo_rem": 0.0, "avaluo_r_1": 0.0, "clasificac": "PROPIEDADES MUNICIPALES", "anio_deuda": 0, "deuda": 0.0, "valor_ip": 0.0, "coactiva": null, "ficharegis": 64276, "etam": 0.1390096094, "diferencia": 0.0017263529, "porc_difer": 8.3399e-06, "admisible": 1, "deuda_anio": 0.0, "2019_csv_c": null, "clavecat_1": null, "2021__csv_": null, "2021__csv1": null, "2022__csv_": "3-23-82-28-000", "2022__csv1": "617-05-01-2023", "Clavepre": "3-23-82-28-000", "RESOLUCION": "617-05-01-2023", "ORIG_FID": 338 }, "geometry": { "type": "Point", "coordinates": [ -80.730762760364144, -1.00542642260875 ] } },
{ "type": "Feature", "properties": { "id": 87595, "lote_id": 82801, "clavecatas": "3-23-82-31-000", "zona": "3", "sector": "23", "manzana": "82", "lote": "31", "ph": "000", "propietari": "GOBIERNO AUTONOMO DESCENTRALIZADO MCPAL.DEL CANTON MANTA .", "documentop": "1360000980001", "direccion": "URBIRRIOS II MZ 21-A LOTE 31", "area_m2": 144.0, "frente_uti": 8.0, "frente_tot": 8.0, "avaluo_con": 0.0, "avaluo_sue": 5760.0, "zonaurbano": "URBANA", "parroquia": "ELOY ALFARO", "esta_bloqu": "NO", "es_tercera": "NO", "tiene_elec": "NO", "tiene_agua": "NO", "tiene_alca": "NO", "observacio": "ING. NUEVO INF. L. LOPEZ 03/02/14 PRA LEGALZ. URBIRIOS INF. PARA CERT. ING.X AREA DE LEGAL. INSP. L. LOPEZ, FEB.04-14.- SELLO PROTOC. DE ADJ. DANIEL S. 18/02/14 A.Q.-SE ACTUALIZA INFORMACION CON ESCRITURA DE REUBICACION DE LOTE Y MANZANA INSCRITA EN EL R", "observac_1": "- Emision: 2016 Falta de Mejoras 2010 Dir. de Tec.", "barrio": "URBIRRIOS 2", "parroquia_": 5, "barrio_id": 1046, "proceso": 0, "fecha_regi": null, "activo_cat": "SI", "desactivad": 0, "avaluo_rem": 0.0, "avaluo_r_1": 0.0, "clasificac": "PROPIEDADES MUNICIPALES", "anio_deuda": 0, "deuda": 0.0, "valor_ip": 0.0, "coactiva": null, "ficharegis": 44880, "etam": 0.0833333333, "diferencia": -0.0269862829, "porc_difer": -0.0001874047, "admisible": 1, "deuda_anio": 0.0, "2019_csv_c": null, "clavecat_1": null, "2021__csv_": null, "2021__csv1": null, "2022__csv_": "3-23-82-31-000", "2022__csv1": "617-05-01-2023", "Clavepre": "3-23-82-31-000", "RESOLUCION": "617-05-01-2023", "ORIG_FID": 339 }, "geometry": { "type": "Point", "coordinates": [ -80.730815676898388, -1.005213604898948 ] } },
{ "type": "Feature", "properties": { "id": 87597, "lote_id": 82802, "clavecatas": "3-23-82-33-000", "zona": "3", "sector": "23", "manzana": "82", "lote": "33", "ph": "000", "propietari": "GOBIERNO AUTONOMO DESCENTRALIZADO MUNICIPAL DEL CANTON MANTA .", "documentop": "1360000980001", "direccion": "URBIRRIOS II MZ 21-A LOTE 33", "area_m2": 144.0, "frente_uti": 8.0, "frente_tot": 8.0, "avaluo_con": 0.0, "avaluo_sue": 5760.0, "zonaurbano": "URBANA", "parroquia": "TARQUI", "esta_bloqu": "NO", "es_tercera": "NO", "tiene_elec": "NO", "tiene_agua": "NO", "tiene_alca": "NO", "observacio": "INGRESO NUEVO INF LUIS LOPEZ 03/02/2014 INF PARA LEGALIZAR \r\nINF. PARA CERTIF. INGRES. POR AREA DE LEGALIZACION INSP. LUIS LOPEZ, FEBRERO 04-14 -SELLO PROT.DE ADJ.02/08/14 Y.C.S.- - Cambio de Clasificación: Memorando MTA-DFIN-MEM-160920211226, trámite", "observac_1": ". SIN MEJORAS 2011 - 2012 -2013.", "barrio": "URBIRRIOS 2", "parroquia_": 3, "barrio_id": 1046, "proceso": 0, "fecha_regi": null, "activo_cat": "SI", "desactivad": 0, "avaluo_rem": 0.0, "avaluo_r_1": 0.0, "clasificac": "PROPIEDADES MUNICIPALES", "anio_deuda": 0, "deuda": 0.0, "valor_ip": 0.0, "coactiva": null, "ficharegis": 0, "etam": 0.0833333333, "diferencia": -0.0012105423, "porc_difer": -8.4065e-06, "admisible": 1, "deuda_anio": 0.0, "2019_csv_c": null, "clavecat_1": null, "2021__csv_": null, "2021__csv1": null, "2022__csv_": "3-23-82-33-000", "2022__csv1": "617-05-01-2023", "Clavepre": "3-23-82-33-000", "RESOLUCION": "617-05-01-2023", "ORIG_FID": 340 }, "geometry": { "type": "Point", "coordinates": [ -80.730735539064824, -1.005093406205663 ] } },
{ "type": "Feature", "properties": { "id": 87608, "lote_id": 82675, "clavecatas": "3-23-82-44-000", "zona": "3", "sector": "23", "manzana": "82", "lote": "44", "ph": "000", "propietari": "VALERIANO MERA DANIEL VICENTE", "documentop": "1312332438", "direccion": "URB.URBIRRIOS II MZ 21-A LT-44", "area_m2": 144.0, "frente_uti": 8.0, "frente_tot": 8.0, "avaluo_con": 0.0, "avaluo_sue": 5760.0, "zonaurbano": "URBANA", "parroquia": "TARQUI", "esta_bloqu": "NO", "es_tercera": "NO", "tiene_elec": "SI", "tiene_agua": "NO", "tiene_alca": "NO", "observacio": "INGRESO NUEVO CON LA AUT.DE PPUU.23\r\n/01/14 INF. PARA CERTIF. INGRES. POR AREA DE LEGALIZACION INSP. LUIS LOPEZ, ENERO 23-14 -SE ACTUALIZA INFORMACION CON ESCRITURA DE ADJ.CON PROH.DE ENAJ.INSCRITA EN EL REG.DE LA PROPIEDAD 12/07/2023 Y.C.S.-", "observac_1": null, "barrio": "URBIRRIOS 2", "parroquia_": 3, "barrio_id": 1046, "proceso": 0, "fecha_regi": null, "activo_cat": "SI", "desactivad": 0, "avaluo_rem": 0.0, "avaluo_r_1": 0.0, "clasificac": "GENERAL", "anio_deuda": 2025, "deuda": 22.04, "valor_ip": 0.0, "coactiva": null, "ficharegis": 64300, "etam": 0.0833333333, "diferencia": -0.0006958534, "porc_difer": -4.8323e-06, "admisible": 1, "deuda_anio": 13.02, "2019_csv_c": null, "clavecat_1": null, "2021__csv_": null, "2021__csv1": null, "2022__csv_": "3-23-82-44-000", "2022__csv1": "617-05-01-2023", "Clavepre": "3-23-82-44-000", "RESOLUCION": "617-05-01-2023", "ORIG_FID": 341 }, "geometry": { "type": "Point", "coordinates": [ -80.73029472174558, -1.004432367735953 ] } },
{ "type": "Feature", "properties": { "id": 87602, "lote_id": 82672, "clavecatas": "3-23-82-38-000", "zona": "3", "sector": "23", "manzana": "82", "lote": "38", "ph": "000", "propietari": "CHECA WONG AURA AMPARO", "documentop": "1307434181", "direccion": "URB.URBIRRIOS II MZ 21-A LT-38", "area_m2": 144.0, "frente_uti": 8.0, "frente_tot": 8.0, "avaluo_con": 6768.0, "avaluo_sue": 5760.0, "zonaurbano": "URBANA", "parroquia": "TARQUI", "esta_bloqu": "NO", "es_tercera": "NO", "tiene_elec": "SI", "tiene_agua": "SI", "tiene_alca": "NO", "observacio": "INGRESO NUEVO CON LA AUT.DE PPUU.23\r\n/01/14 INF. PARA CERTIF. INGRES. POR AREA DE LEGALIZACION INSP. LUIS LOPEZ, ENERO 23-14 INGRESO FOTOS Y PLANOS DE UBICACION COORDENADAS 20/05/21 ARQ. LUPE LANDA -SE ACTUALIZA INFORMACION CON ESCRITURA DE ADJ.CON PROH.", "observac_1": null, "barrio": "URBIRRIOS 2", "parroquia_": 3, "barrio_id": 1046, "proceso": 0, "fecha_regi": null, "activo_cat": "SI", "desactivad": 0, "avaluo_rem": 0.0, "avaluo_r_1": 0.0, "clasificac": "GENERAL", "anio_deuda": 2024, "deuda": 46.68, "valor_ip": 0.0, "coactiva": null, "ficharegis": 64280, "etam": 0.0833333333, "diferencia": -0.000976617, "porc_difer": -6.7821e-06, "admisible": 1, "deuda_anio": 34.19, "2019_csv_c": null, "clavecat_1": null, "2021__csv_": null, "2021__csv1": null, "2022__csv_": "3-23-82-38-000", "2022__csv1": "617-05-01-2023", "Clavepre": "3-23-82-38-000", "RESOLUCION": "617-05-01-2023", "ORIG_FID": 342 }, "geometry": { "type": "Point", "coordinates": [ -80.730535167536544, -1.004792934175768 ] } },
{ "type": "Feature", "properties": { "id": 87607, "lote_id": 82818, "clavecatas": "3-23-82-43-000", "zona": "3", "sector": "23", "manzana": "82", "lote": "43", "ph": "000", "propietari": "SOLORZANO PARRAGA WILTER WILFRIDO", "documentop": "1305679332", "direccion": "URBIRIOS II MZ 21-A LOTE 43", "area_m2": 144.0, "frente_uti": 8.0, "frente_tot": 8.0, "avaluo_con": 0.0, "avaluo_sue": 5184.0, "zonaurbano": "URBANA", "parroquia": "ELOY ALFARO", "esta_bloqu": "NO", "es_tercera": "NO", "tiene_elec": "NO", "tiene_agua": "NO", "tiene_alca": "NO", "observacio": "INGRESO NUEVO 03/02/2014 INF LUIS LOPEZ  - CAMBIO DE CLASIFICACIÓN: MEMORANDO MTA-DFIN-MEM-160920211226, TRÁMITE TE090920211550 EN BASE A ART. 509 DEL COOTAD.SE ACTUALIZA INF EN BASE A ESCRITURA DE ADJUDICACION INSCRITA EN EL REG. DE LA PROPIEDAD.16/04", "observac_1": ". SIN MEJORAS 2011 - 2012 -2013. - SE DESBLOQUEA POR PROCESO DE LEGALIZACION EN BASE A RESOLUCION LEGISLATIVA N°617-05-01-2023 URBIRRIOS 2 CON FECHA 03-03-2023", "barrio": "URBIRRIOS 2", "parroquia_": 5, "barrio_id": 1046, "proceso": 0, "fecha_regi": null, "activo_cat": "SI", "desactivad": 0, "avaluo_rem": 0.0, "avaluo_r_1": 0.0, "clasificac": "GENERAL", "anio_deuda": 0, "deuda": 0.0, "valor_ip": 0.0, "coactiva": null, "ficharegis": 64299, "etam": 0.0833333333, "diferencia": -0.0007425788, "porc_difer": -5.1568e-06, "admisible": 1, "deuda_anio": 0.0, "2019_csv_c": null, "clavecat_1": null, "2021__csv_": null, "2021__csv1": null, "2022__csv_": "3-23-82-43-000", "2022__csv1": "617-05-01-2023", "Clavepre": "3-23-82-43-000", "RESOLUCION": "617-05-01-2023", "ORIG_FID": 343 }, "geometry": { "type": "Point", "coordinates": [ -80.730334796040822, -1.004492462142897 ] } },
{ "type": "Feature", "properties": { "id": 87773, "lote_id": 94930, "clavecatas": "3-23-87-17-000", "zona": "3", "sector": "23", "manzana": "87", "lote": "17", "ph": "000", "propietari": "GOBIERNO AUTÓNOMO DESCENTRALIZADO DE MANTA .", "documentop": "1360000980001", "direccion": "URBIRRIOS II MZ 20-A LOTE 17", "area_m2": 120.0, "frente_uti": 8.0, "frente_tot": 8.0, "avaluo_con": 0.0, "avaluo_sue": 4800.0, "zonaurbano": "URBANA", "parroquia": "TARQUI", "esta_bloqu": "NO", "es_tercera": "NO", "tiene_elec": "NO", "tiene_agua": "NO", "tiene_alca": "NO", "observacio": "INGRESO NUEVO INF LUIS LOPEZ 20/03/2019 REDISEÑO DE URBIRIOS II// - Cambio de Clasificación: Memorando MTA-DFIN-MEM-160920211226, trámite TE090920211550 en base a Art. 509 del COOTAD.", "observac_1": null, "barrio": "URBIRRIOS 2", "parroquia_": 3, "barrio_id": 1046, "proceso": 0, "fecha_regi": null, "activo_cat": "SI", "desactivad": 0, "avaluo_rem": 0.0, "avaluo_r_1": 0.0, "clasificac": "PROPIEDADES MUNICIPALES", "anio_deuda": 0, "deuda": 0.0, "valor_ip": 0.0, "coactiva": null, "ficharegis": 0, "etam": 0.0912870929, "diferencia": 0.0020648617, "porc_difer": 1.72072e-05, "admisible": 1, "deuda_anio": 0.0, "2019_csv_c": null, "clavecat_1": null, "2021__csv_": null, "2021__csv1": null, "2022__csv_": "3-23-87-17-000", "2022__csv1": "617-05-01-2023", "Clavepre": "3-23-87-17-000", "RESOLUCION": "617-05-01-2023", "ORIG_FID": 344 }, "geometry": { "type": "Point", "coordinates": [ -80.731794095973001, -1.005997982317507 ] } },
{ "type": "Feature", "properties": { "id": 87618, "lote_id": 82679, "clavecatas": "3-23-82-55-000", "zona": "3", "sector": "23", "manzana": "82", "lote": "55", "ph": "000", "propietari": "GOBIERNO AUTONOMO DESCENTRALIZADO  MUNICIPAL MANTA .", "documentop": "1360000980001", "direccion": "URB.URBIRRIOS II MZ 21-A LT-55", "area_m2": 144.0, "frente_uti": 8.0, "frente_tot": 8.0, "avaluo_con": 0.0, "avaluo_sue": 5760.0, "zonaurbano": "URBANA", "parroquia": "TARQUI", "esta_bloqu": "NO", "es_tercera": "NO", "tiene_elec": "SI", "tiene_agua": "NO", "tiene_alca": "NO", "observacio": "INGRESO NUEVO CON LA AUT.DE PPUU.23\r\n/01/14 INF.PARA CERT.INGRES.X AREA DE LEGALIZACION INSP. LUIS LOPEZ 01-23-14 -SELLO PROT.DE ADJ.DANIEL S.02/20/14 Y.C.S.- - CAMBIO DE CLASIFICACIÓN: MEMORANDO MTA-DFIN-MEM-160920211226, TRÁMITE TE090920211550 EN BAS", "observac_1": ". SIN MEJORAS 2011 - 2012 -2013. - SE DESBLOQUEA POR PROCESO DE LEGALIZACION EN BASE A RESOLUCION LEGISLATIVA N°617-05-01-2023 URBIRRIOS 2 CON FECHA 03-03-2023", "barrio": "URBIRRIOS 2", "parroquia_": 3, "barrio_id": 1046, "proceso": 0, "fecha_regi": null, "activo_cat": "SI", "desactivad": 0, "avaluo_rem": 0.0, "avaluo_r_1": 0.0, "clasificac": "POR LEGALIZAR", "anio_deuda": 0, "deuda": 0.0, "valor_ip": 0.0, "coactiva": null, "ficharegis": 44931, "etam": 0.0833333333, "diferencia": -0.0001810843, "porc_difer": -1.2575e-06, "admisible": 1, "deuda_anio": 0.0, "2019_csv_c": null, "clavecat_1": null, "2021__csv_": null, "2021__csv1": null, "2022__csv_": "3-23-82-55-000", "2022__csv1": "617-05-01-2023", "Clavepre": "3-23-82-55-000", "RESOLUCION": "617-05-01-2023", "ORIG_FID": 345 }, "geometry": { "type": "Point", "coordinates": [ -80.729853904583905, -1.003771329251921 ] } },
{ "type": "Feature", "properties": { "id": 87630, "lote_id": 82405, "clavecatas": "3-23-83-09-000", "zona": "3", "sector": "23", "manzana": "83", "lote": "09", "ph": "000", "propietari": "CEDEÑO MENENDEZ ERICK JOEL", "documentop": "1310841869", "direccion": "URBIRRIOS II MANZANA 21-B LOTE 09", "area_m2": 180.0, "frente_uti": 10.0, "frente_tot": 10.0, "avaluo_con": 0.0, "avaluo_sue": 6480.0, "zonaurbano": "URBANA", "parroquia": "ELOY ALFARO", "esta_bloqu": "NO", "es_tercera": "NO", "tiene_elec": "NO", "tiene_agua": "NO", "tiene_alca": "NO", "observacio": "INF L. LOPEZ 14/12/13 INF. FM.2010.- INF. PARA CERTIF. INGRES. X AREA DE LEGALZCION INSP. L. LOPEZ, 24/01/14.-CAMBIO DE CLASIFICACIÓN: MEMORANDO MTA-DFIN-MEM-160920211226, TRÁMITE TE090920211550 EN BASE A ART. 509 DEL COOTAD.SE ACTUALIZA INFORMACION CO", "observac_1": "FM2010 - MEMORANDO 055-DACR-DCR-GADM-15", "barrio": "URBIRRIOS 2", "parroquia_": 5, "barrio_id": 1046, "proceso": 0, "fecha_regi": null, "activo_cat": "SI", "desactivad": 0, "avaluo_rem": 0.0, "avaluo_r_1": 0.0, "clasificac": "GENERAL", "anio_deuda": 0, "deuda": 0.0, "valor_ip": 0.0, "coactiva": null, "ficharegis": 64288, "etam": 0.0745355992, "diferencia": 44.569849533099998, "porc_difer": 0.2476102752, "admisible": 0, "deuda_anio": 0.0, "2019_csv_c": null, "clavecat_1": null, "2021__csv_": null, "2021__csv1": null, "2022__csv_": "3-23-83-09-000", "2022__csv1": "617-05-01-2023", "Clavepre": "3-23-83-09-000", "RESOLUCION": "617-05-01-2023", "ORIG_FID": 346 }, "geometry": { "type": "Point", "coordinates": [ -80.730715724708645, -1.003792117516085 ] } },
{ "type": "Feature", "properties": { "id": 87635, "lote_id": 82410, "clavecatas": "3-23-83-14-000", "zona": "3", "sector": "23", "manzana": "83", "lote": "14", "ph": "000", "propietari": "GOBIERNO AUTONOMO DESCENTRALIZADO  MUNICIPAL MANTA .", "documentop": "1360000980001", "direccion": "URBIRRIOS II MANZANA 21-B LOTE 14", "area_m2": 144.0, "frente_uti": 8.0, "frente_tot": 8.0, "avaluo_con": 0.0, "avaluo_sue": 5184.0, "zonaurbano": "URBANA", "parroquia": "TARQUI", "esta_bloqu": "NO", "es_tercera": "NO", "tiene_elec": "NO", "tiene_agua": "NO", "tiene_alca": "NO", "observacio": "INF LUIS LOPEZ 14/12/2013 PARA LEGALIZRA FM2010 INF. PARA CERTIF. INGRES. POR AREA DE LEGALIZACION INSP. LUIS LOPEZ 01-20-14 -SELLO PROT.DE ADJ.DANIEL S.02/12/14 Y.C.S.- - CAMBIO DE CLASIFICACIÓN: MEMORANDO MTA-DFIN-MEM-160920211226, TRÁMITE TE09092021", "observac_1": "FM2010 - MEMORANDO 055-DACR-DCR-GADM-15", "barrio": "URBIRRIOS 2", "parroquia_": 3, "barrio_id": 1046, "proceso": 0, "fecha_regi": null, "activo_cat": "SI", "desactivad": 0, "avaluo_rem": 0.0, "avaluo_r_1": 0.0, "clasificac": "POR LEGALIZAR", "anio_deuda": 0, "deuda": 0.0, "valor_ip": 0.0, "coactiva": null, "ficharegis": 44805, "etam": 0.0833333333, "diferencia": 10.4141130843, "porc_difer": 0.0723202298, "admisible": 1, "deuda_anio": 0.0, "2019_csv_c": null, "clavecat_1": null, "2021__csv_": null, "2021__csv1": null, "2022__csv_": "3-23-83-14-000", "2022__csv1": "617-05-01-2023", "Clavepre": "3-23-83-14-000", "RESOLUCION": "617-05-01-2023", "ORIG_FID": 347 }, "geometry": { "type": "Point", "coordinates": [ -80.730915281053768, -1.004089495111935 ] } },
{ "type": "Feature", "properties": { "id": 87636, "lote_id": 82411, "clavecatas": "3-23-83-15-000", "zona": "3", "sector": "23", "manzana": "83", "lote": "15", "ph": "000", "propietari": "GOBIERNO AUTONOMO DESCENTRALIZADO MCPAL.DEL CANTON MANTA .", "documentop": "1360000980001", "direccion": "URBIRRIOS II MANZANA 21-B LOTE 15", "area_m2": 144.0, "frente_uti": 8.0, "frente_tot": 8.0, "avaluo_con": 0.0, "avaluo_sue": 5760.0, "zonaurbano": "URBANA", "parroquia": "ELOY ALFARO", "esta_bloqu": "NO", "es_tercera": "NO", "tiene_elec": "NO", "tiene_agua": "NO", "tiene_alca": "NO", "observacio": "INF LUIS LOPEZ 14/12/2013 PARA LEGALIZAR  FM2010\r\n\r\nINF. PARA CERTIF. INGRES. POR AREA DE LEGALIZACION INSP. LUIS LOPEZ, ENERO 20-14 \r\n\r\n - CAMBIO DE CLASIFICACIÓN: MEMORANDO MTA-DFIN-MEM-160920211226, TRÁMITE TE090920211550 EN BASE A ART. 509 DEL COOT", "observac_1": "FM2010 - MEMORANDO 055-DACR-DCR-GADM-15", "barrio": "URBIRRIOS 2", "parroquia_": 5, "barrio_id": 1046, "proceso": 0, "fecha_regi": null, "activo_cat": "SI", "desactivad": 0, "avaluo_rem": 0.0, "avaluo_r_1": 0.0, "clasificac": "POR LEGALIZAR", "anio_deuda": 0, "deuda": 0.0, "valor_ip": 0.0, "coactiva": null, "ficharegis": 82716, "etam": 0.0833333333, "diferencia": 10.783383754899999, "porc_difer": 0.0748846094, "admisible": 1, "deuda_anio": 0.0, "2019_csv_c": null, "clavecat_1": null, "2021__csv_": null, "2021__csv1": null, "2022__csv_": "3-23-83-15-000", "2022__csv1": "617-05-01-2023", "Clavepre": "3-23-83-15-000", "RESOLUCION": "617-05-01-2023", "ORIG_FID": 348 }, "geometry": { "type": "Point", "coordinates": [ -80.730955192361535, -1.00414897043376 ] } },
{ "type": "Feature", "properties": { "id": 87637, "lote_id": 82412, "clavecatas": "3-23-83-16-000", "zona": "3", "sector": "23", "manzana": "83", "lote": "16", "ph": "000", "propietari": "GOBIERNO AUTONOMO DESCENTRALIZADO  MUNICIPAL MANTA .", "documentop": "1360000980001", "direccion": "URBIRRIOS II MANZANA 21-B LOTE 16", "area_m2": 144.0, "frente_uti": 8.0, "frente_tot": 8.0, "avaluo_con": 0.0, "avaluo_sue": 5184.0, "zonaurbano": "URBANA", "parroquia": "TARQUI", "esta_bloqu": "NO", "es_tercera": "NO", "tiene_elec": "NO", "tiene_agua": "NO", "tiene_alca": "NO", "observacio": "INF LUIS LOPERZ PARA LEGALIZRA 14/12/2013 FM2010 INF. PARA CERTIF. INGRES. POR AREA DE LEGALIZACION INSP. LUIS LOPEZ, ENERO 20-14 -SELLO PROT.DE ADJ.ANGEL M.02/22/14 Y.C.S.-", "observac_1": "FM2010 - MEMORANDO 055-DACR-DCR-GADM-15", "barrio": "URBIRRIOS 2", "parroquia_": 3, "barrio_id": 1046, "proceso": 0, "fecha_regi": null, "activo_cat": "SI", "desactivad": 0, "avaluo_rem": 0.0, "avaluo_r_1": 0.0, "clasificac": "PROPIEDADES MUNICIPALES", "anio_deuda": 0, "deuda": 0.0, "valor_ip": 0.0, "coactiva": null, "ficharegis": 44967, "etam": 0.0833333333, "diferencia": 11.1508780777, "porc_difer": 0.0774366533, "admisible": 1, "deuda_anio": 0.0, "2019_csv_c": null, "clavecat_1": null, "2021__csv_": null, "2021__csv1": null, "2022__csv_": "3-23-83-16-000", "2022__csv1": "617-05-01-2023", "Clavepre": "3-23-83-16-000", "RESOLUCION": "617-05-01-2023", "ORIG_FID": 349 }, "geometry": { "type": "Point", "coordinates": [ -80.7309951033928, -1.004208446100026 ] } },
{ "type": "Feature", "properties": { "id": 87638, "lote_id": 82413, "clavecatas": "3-23-83-17-000", "zona": "3", "sector": "23", "manzana": "83", "lote": "17", "ph": "000", "propietari": "MACIAS MOREIRA LUCIA DEL ROCIO", "documentop": "1307765246", "direccion": "URBIRRIOS II MANZANA 21-B LOTE 17", "area_m2": 144.0, "frente_uti": 8.0, "frente_tot": 8.0, "avaluo_con": 0.0, "avaluo_sue": 5184.0, "zonaurbano": "URBANA", "parroquia": "ELOY ALFARO", "esta_bloqu": "NO", "es_tercera": "NO", "tiene_elec": "NO", "tiene_agua": "NO", "tiene_alca": "NO", "observacio": "INF LUIS LOPEZ 14/12/2013 PARA LEGALIZAR  FM2010\r\nINF. PARA CERTIF. INGRES. POR AREA DE LEGALIZACION INSP. LUIS LOPEZ, ENERO 20-14-CAMBIO DE CLASIFICACIÓN: MEMORANDO MTA-DFIN-MEM-160920211226, TRÁMITE TE090920211550 EN BASE A ART. 509 DEL COOTAD.-SE AC", "observac_1": "FM2010 - MEMORANDO 055-DACR-DCR-GADM-15", "barrio": "URBIRRIOS 2", "parroquia_": 5, "barrio_id": 1046, "proceso": 0, "fecha_regi": null, "activo_cat": "SI", "desactivad": 0, "avaluo_rem": 0.0, "avaluo_r_1": 0.0, "clasificac": "GENERAL", "anio_deuda": 2026, "deuda": 8.85, "valor_ip": 0.0, "coactiva": null, "ficharegis": 64485, "etam": 0.0833333333, "diferencia": 11.520588377, "porc_difer": 0.080004086, "admisible": 1, "deuda_anio": 0.0, "2019_csv_c": null, "clavecat_1": null, "2021__csv_": null, "2021__csv1": null, "2022__csv_": "3-23-83-17-000", "2022__csv1": "617-05-01-2023", "Clavepre": "3-23-83-17-000", "RESOLUCION": "617-05-01-2023", "ORIG_FID": 350 }, "geometry": { "type": "Point", "coordinates": [ -80.731035014966423, -1.004267921592373 ] } },
{ "type": "Feature", "properties": { "id": 87645, "lote_id": 82420, "clavecatas": "3-23-83-24-000", "zona": "3", "sector": "23", "manzana": "83", "lote": "24", "ph": "000", "propietari": "GOBIERNO AUTÓNOMO DESCENTRALIZADO DE MANTA .", "documentop": "1360000980001", "direccion": "URBIRRIOS II MANZANA 21-B LT. 24", "area_m2": 144.0, "frente_uti": 8.0, "frente_tot": 8.0, "avaluo_con": 12880.0, "avaluo_sue": 5184.0, "zonaurbano": "URBANA", "parroquia": "TARQUI", "esta_bloqu": "NO", "es_tercera": "NO", "tiene_elec": "NO", "tiene_agua": "NO", "tiene_alca": "NO", "observacio": "INF LUIS LOPEZ 14/12/2013 INF PARA LEGALIZAR FM-2010.- INF. PARA CERTIF. INGRES. POR AREA DE LEGALIZACION INSP.LUIS LOPEZ 01/21/14. -SELLO PROT.DE ADJ.DANIEL S.02/13/14 Y.C.S.- - CAMBIO DE CLASIFICACIÓN: MEMORANDO MTA-DFIN-MEM-160920211226, TRÁMITE TE0", "observac_1": "FM2010 - MEMORANDO 055-DACR-DCR-GADM-15", "barrio": "URBIRRIOS 2", "parroquia_": 3, "barrio_id": 1046, "proceso": 0, "fecha_regi": null, "activo_cat": "SI", "desactivad": 0, "avaluo_rem": 0.0, "avaluo_r_1": 0.0, "clasificac": "POR LEGALIZAR", "anio_deuda": 0, "deuda": 0.0, "valor_ip": 0.0, "coactiva": null, "ficharegis": 65987, "etam": 0.0833333333, "diferencia": 4.819329127, "porc_difer": 0.0334675634, "admisible": 1, "deuda_anio": 0.0, "2019_csv_c": null, "clavecat_1": null, "2021__csv_": null, "2021__csv1": null, "2022__csv_": "3-23-83-24-000", "2022__csv1": "617-05-01-2023", "Clavepre": "3-23-83-24-000", "RESOLUCION": "617-05-01-2023", "ORIG_FID": 351 }, "geometry": { "type": "Point", "coordinates": [ -80.731312128580242, -1.004670604152526 ] } },
{ "type": "Feature", "properties": { "id": 87647, "lote_id": 82422, "clavecatas": "3-23-83-26-000", "zona": "3", "sector": "23", "manzana": "83", "lote": "26", "ph": "000", "propietari": "RIVAS VILELA ANTONIA LUCIA", "documentop": "1308212412", "direccion": "URBIRRIOS II MANZANA 21-B LOTE 26", "area_m2": 144.0, "frente_uti": 8.0, "frente_tot": 8.0, "avaluo_con": 0.0, "avaluo_sue": 4924.8, "zonaurbano": "URBANA", "parroquia": "ELOY ALFARO", "esta_bloqu": "NO", "es_tercera": "NO", "tiene_elec": "NO", "tiene_agua": "NO", "tiene_alca": "NO", "observacio": "INF LUIS LOPEZ PARA LEGALIZAR 14/12/2013 FM2010 INF. PARA CERTIF. INGRES. POR AREA DE LEGALIZACION INSP. LUIS LOPEZ 01-20-14 -SELLO PROT.DE ADJ.LUIS L. 02/03/14 Y.C.S.-SE ACTUALIZA INFORMACION CON ESCRITURA DE REUBICACION DE LOTE Y MANZANA INSCRITA EN EL", "observac_1": "FM2010 - MEMORANDO 055-DACR-DCR-GADM-15- Emision: 2016 Falta de Mejoras 2010 Dir. de Tec.", "barrio": "URBIRRIOS 2", "parroquia_": 5, "barrio_id": 1046, "proceso": 0, "fecha_regi": null, "activo_cat": "SI", "desactivad": 0, "avaluo_rem": 0.0, "avaluo_r_1": 0.0, "clasificac": "GENERAL", "anio_deuda": 0, "deuda": 0.0, "valor_ip": 0.0, "coactiva": null, "ficharegis": 44332, "etam": 0.0833333333, "diferencia": 4.8053215093999997, "porc_difer": 0.0333702883, "admisible": 1, "deuda_anio": 0.0, "2019_csv_c": null, "clavecat_1": null, "2021__csv_": null, "2021__csv1": null, "2022__csv_": "3-23-83-26-000", "2022__csv1": "617-05-01-2023", "Clavepre": "3-23-83-26-000", "RESOLUCION": "617-05-01-2023", "ORIG_FID": 352 }, "geometry": { "type": "Point", "coordinates": [ -80.731391628215462, -1.004788307349392 ] } },
{ "type": "Feature", "properties": { "id": 87648, "lote_id": 82423, "clavecatas": "3-23-83-27-000", "zona": "3", "sector": "23", "manzana": "83", "lote": "27", "ph": "000", "propietari": "GOBIERNO AUTONOMO DESCENTRALIZADO MCPAL.DEL CANTON MANTA .", "documentop": "1360000980001", "direccion": "URBIRRIOS II MANZANA 21-B LOTE 27", "area_m2": 144.0, "frente_uti": 8.0, "frente_tot": 8.0, "avaluo_con": 0.0, "avaluo_sue": 5760.0, "zonaurbano": "URBANA", "parroquia": "ELOY ALFARO", "esta_bloqu": "NO", "es_tercera": "NO", "tiene_elec": "NO", "tiene_agua": "NO", "tiene_alca": "NO", "observacio": "INF LUIS LOPEZ PARA LEGALIZAR 14/12/2013 FM.2010.- INF. PARA CERTIF. INGRES. X AREA DE LEGALIZACION INSP. LUIS LOPEZ, 01/21/14.- - CAMBIO DE CLASIFICACIÓN: MEMORANDO MTA-DFIN-MEM-160920211226, TRÁMITE TE090920211550 EN BASE A ART. 509 DEL COOTAD.", "observac_1": "FM2010 - MEMORANDO 055-DACR-DCR-GADM-15", "barrio": "URBIRRIOS 2", "parroquia_": 5, "barrio_id": 1046, "proceso": 0, "fecha_regi": null, "activo_cat": "SI", "desactivad": 0, "avaluo_rem": 0.0, "avaluo_r_1": 0.0, "clasificac": "POR LEGALIZAR", "anio_deuda": 0, "deuda": 0.0, "valor_ip": 0.0, "coactiva": null, "ficharegis": 0, "etam": 0.0833333333, "diferencia": 4.7941010812, "porc_difer": 0.0332923686, "admisible": 1, "deuda_anio": 0.0, "2019_csv_c": null, "clavecat_1": null, "2021__csv_": null, "2021__csv1": null, "2022__csv_": "3-23-83-27-000", "2022__csv1": "617-05-01-2023", "Clavepre": "3-23-83-27-000", "RESOLUCION": "617-05-01-2023", "ORIG_FID": 353 }, "geometry": { "type": "Point", "coordinates": [ -80.731431376719485, -1.004847159832658 ] } },
{ "type": "Feature", "properties": { "id": 87649, "lote_id": 82424, "clavecatas": "3-23-83-28-000", "zona": "3", "sector": "23", "manzana": "83", "lote": "28", "ph": "000", "propietari": "GOBIERNO AUTONOMO DESCENTRALIZADO MCPAL.DEL CANTON MANTA .", "documentop": "1360000980001", "direccion": "URBIRRIOS II MANZANA 21-B LOTE 28", "area_m2": 144.0, "frente_uti": 8.0, "frente_tot": 8.0, "avaluo_con": 0.0, "avaluo_sue": 5760.0, "zonaurbano": "URBANA", "parroquia": "ELOY ALFARO", "esta_bloqu": "NO", "es_tercera": "NO", "tiene_elec": "NO", "tiene_agua": "NO", "tiene_alca": "NO", "observacio": "IBNF LUIS LOPEZ PARA LEGALIZAR 14/12/2013 FM2010\r\n\r\nINF. PARA CERTIF. INGRES. POR AREA DE LEGALIZACION INSP. LUIS LOPEZ, ENERO 21-14  - CAMBIO DE CLASIFICACIÓN: MEMORANDO MTA-DFIN-MEM-160920211226, TRÁMITE TE090920211550 EN BASE A ART. 509 DEL COOTAD.", "observac_1": "FM2010 - MEMORANDO 055-DACR-DCR-GADM-15", "barrio": "URBIRRIOS 2", "parroquia_": 5, "barrio_id": 1046, "proceso": 0, "fecha_regi": null, "activo_cat": "SI", "desactivad": 0, "avaluo_rem": 0.0, "avaluo_r_1": 0.0, "clasificac": "POR LEGALIZAR", "anio_deuda": 0, "deuda": 0.0, "valor_ip": 0.0, "coactiva": null, "ficharegis": 64292, "etam": 0.0833333333, "diferencia": -32.429711894100002, "porc_difer": -0.2252063326, "admisible": 0, "deuda_anio": 0.0, "2019_csv_c": null, "clavecat_1": null, "2021__csv_": null, "2021__csv1": null, "2022__csv_": "3-23-83-28-000", "2022__csv1": "617-05-01-2023", "Clavepre": "3-23-83-28-000", "RESOLUCION": "617-05-01-2023", "ORIG_FID": 354 }, "geometry": { "type": "Point", "coordinates": [ -80.731476976845954, -1.004913204709016 ] } },
{ "type": "Feature", "properties": { "id": 87652, "lote_id": 82428, "clavecatas": "3-23-83-31-000", "zona": "3", "sector": "23", "manzana": "83", "lote": "31", "ph": "000", "propietari": "GOBIERNO AUTONOMO DESCENTRALIZADO  MUNICIPAL MANTA .", "documentop": "1360000980001", "direccion": "URBIRRIOS II MANZANA 21-B LOTE 31", "area_m2": 144.0, "frente_uti": 8.0, "frente_tot": 8.0, "avaluo_con": 0.0, "avaluo_sue": 5760.0, "zonaurbano": "URBANA", "parroquia": "ELOY ALFARO", "esta_bloqu": "NO", "es_tercera": "NO", "tiene_elec": "NO", "tiene_agua": "NO", "tiene_alca": "NO", "observacio": "INGRESO NUEVO 16/12/2013 PARA LEGALIZAR  FM2010\r\n\r\nINF. PARA CERTIF. INGRES. POR AREA DE LEGALIZACION INSP. LUIS LOPEZ, ENERO 21-14 \r\nSELLO CAMBIO DE NOMBRE CON ESCRITURA DE PROTOCOLIZACION DE DTOS. SOLICITADO POR PROCD. SIND. MMPAL CARLOSCHAVEZ  CHICVA", "observac_1": "FM2010 - MEMORANDO 055-DACR-DCR-GADM-15", "barrio": "URBIRRIOS 2", "parroquia_": 5, "barrio_id": 1046, "proceso": 0, "fecha_regi": null, "activo_cat": "SI", "desactivad": 0, "avaluo_rem": 0.0, "avaluo_r_1": 0.0, "clasificac": "PROPIEDADES MUNICIPALES", "anio_deuda": 0, "deuda": 0.0, "valor_ip": 0.0, "coactiva": null, "ficharegis": 45603, "etam": 0.0833333333, "diferencia": 4.7849271166999996, "porc_difer": 0.0332286605, "admisible": 1, "deuda_anio": 0.0, "2019_csv_c": null, "clavecat_1": null, "2021__csv_": null, "2021__csv1": null, "2022__csv_": "3-23-83-31-000", "2022__csv1": "617-05-01-2023", "Clavepre": "3-23-83-31-000", "RESOLUCION": "617-05-01-2023", "ORIG_FID": 355 }, "geometry": { "type": "Point", "coordinates": [ -80.731523174574605, -1.004698294209453 ] } },
{ "type": "Feature", "properties": { "id": 87661, "lote_id": 82436, "clavecatas": "3-23-83-40-000", "zona": "3", "sector": "23", "manzana": "83", "lote": "40", "ph": "000", "propietari": "GOBIERNO AUTONOMO DESCENTRALIZADO  MUNICIPAL MANTA .", "documentop": "1360000980001", "direccion": "URBIRRIOS II MANZANA 21-B LOTE 40", "area_m2": 144.0, "frente_uti": 8.0, "frente_tot": 8.0, "avaluo_con": 0.0, "avaluo_sue": 5760.0, "zonaurbano": "URBANA", "parroquia": "ELOY ALFARO", "esta_bloqu": "NO", "es_tercera": "NO", "tiene_elec": "NO", "tiene_agua": "NO", "tiene_alca": "NO", "observacio": "INGRESO NUEVIO 16/12/2013 FM2010\r\n\r\nINF. PARA CERTIF. INGRES. POR AREA DE LEGALIZACION INSP. LUIS LOPEZ, ENERO 21-14  - CAMBIO DE CLASIFICACIÓN: MEMORANDO MTA-DFIN-MEM-160920211226, TRÁMITE TE090920211550 EN BASE A ART. 509 DEL COOTAD.SE ACTUALIZA INF", "observac_1": "FM2010 - MEMORANDO 055-DACR-DCR-GADM-15", "barrio": "URBIRRIOS 2", "parroquia_": 5, "barrio_id": 1046, "proceso": 0, "fecha_regi": null, "activo_cat": "SI", "desactivad": 0, "avaluo_rem": 0.0, "avaluo_r_1": 0.0, "clasificac": "POR LEGALIZAR", "anio_deuda": 0, "deuda": 0.0, "valor_ip": 0.0, "coactiva": null, "ficharegis": 64302, "etam": 0.0833333333, "diferencia": -4.2382422458000004, "porc_difer": -0.0294322378, "admisible": 1, "deuda_anio": 0.0, "2019_csv_c": null, "clavecat_1": null, "2021__csv_": null, "2021__csv1": null, "2022__csv_": "3-23-83-40-000", "2022__csv1": "617-05-01-2023", "Clavepre": "3-23-83-40-000", "RESOLUCION": "617-05-01-2023", "ORIG_FID": 356 }, "geometry": { "type": "Point", "coordinates": [ -80.731166178404465, -1.00417820764933 ] } },
{ "type": "Feature", "properties": { "id": 87666, "lote_id": 82441, "clavecatas": "3-23-83-45-000", "zona": "3", "sector": "23", "manzana": "83", "lote": "45", "ph": "000", "propietari": "VASQUEZ CORTEZ ROSA CARMEN", "documentop": "0800193559", "direccion": "URBIRRIOS II MANZANA 21-B LOTE 45", "area_m2": 144.0, "frente_uti": 8.0, "frente_tot": 8.0, "avaluo_con": 0.0, "avaluo_sue": 4665.6, "zonaurbano": "URBANA", "parroquia": "ELOY ALFARO", "esta_bloqu": "NO", "es_tercera": "SI", "tiene_elec": "NO", "tiene_agua": "NO", "tiene_alca": "NO", "observacio": "INGRESO NUEVO 16/12/2013 PARA LEGALIZAR  FM2010 INF. PARA CERTIF. INGRES. POR AREA DE LEGALIZACION INSP. LUIS LOPEZ, ENERO 21-14 -SELLO PROT.DE ADJ. FERNANDO N.01/29/14 Y.C.S.- - CAMBIO DE CLASIFICACIÓN: MEMORANDO MTA-DFIN-MEM-160920211226, TRÁMITE TE0", "observac_1": "FM2010 - MEMORANDO 055-DACR-DCR-GADM-15", "barrio": "URBIRRIOS 2", "parroquia_": 5, "barrio_id": 1046, "proceso": 0, "fecha_regi": null, "activo_cat": "SI", "desactivad": 0, "avaluo_rem": 0.0, "avaluo_r_1": 0.0, "clasificac": "GENERAL", "anio_deuda": 2026, "deuda": 5.82, "valor_ip": 0.0, "coactiva": null, "ficharegis": 44386, "etam": 0.0833333333, "diferencia": -2.3687829599, "porc_difer": -0.0164498817, "admisible": 1, "deuda_anio": 0.0, "2019_csv_c": null, "clavecat_1": null, "2021__csv_": null, "2021__csv1": null, "2022__csv_": "3-23-83-45-000", "2022__csv1": "617-05-01-2023", "Clavepre": "3-23-83-45-000", "RESOLUCION": "617-05-01-2023", "ORIG_FID": 357 }, "geometry": { "type": "Point", "coordinates": [ -80.730966610455056, -1.003880838927069 ] } },
{ "type": "Feature", "properties": { "id": 87667, "lote_id": 82442, "clavecatas": "3-23-83-46-000", "zona": "3", "sector": "23", "manzana": "83", "lote": "46", "ph": "000", "propietari": "GOBIERNO AUTONOMO DESCENTRALIZADO MCPAL.DEL CANTON MANTA .", "documentop": "1360000980001", "direccion": "URBIRRIOS II MANZANA 21-B LOTE 46", "area_m2": 144.0, "frente_uti": 8.0, "frente_tot": 8.0, "avaluo_con": 0.0, "avaluo_sue": 5760.0, "zonaurbano": "URBANA", "parroquia": "ELOY ALFARO", "esta_bloqu": "NO", "es_tercera": "NO", "tiene_elec": "NO", "tiene_agua": "NO", "tiene_alca": "NO", "observacio": "INGRESO NUEVO 16/12/2013 PARA LEGALIZAR  FM2010\r\n\r\nINF. PARA CERTIF. INGRES. POR AREA DE LEGALIZACION INSP. LUIS LOPEZ, ENERO 21-14  - CAMBIO DE CLASIFICACIÓN: MEMORANDO MTA-DFIN-MEM-160920211226, TRÁMITE TE090920211550 EN BASE A ART. 509 DEL COOTAD.", "observac_1": "FM2010 - MEMORANDO 055-DACR-DCR-GADM-15", "barrio": "URBIRRIOS 2", "parroquia_": 5, "barrio_id": 1046, "proceso": 0, "fecha_regi": null, "activo_cat": "SI", "desactivad": 0, "avaluo_rem": 0.0, "avaluo_r_1": 0.0, "clasificac": "PROPIEDADES MUNICIPALES", "anio_deuda": 0, "deuda": 0.0, "valor_ip": 0.0, "coactiva": null, "ficharegis": 64304, "etam": 0.0833333333, "diferencia": -1.9898176718, "porc_difer": -0.0138181783, "admisible": 1, "deuda_anio": 0.0, "2019_csv_c": null, "clavecat_1": null, "2021__csv_": null, "2021__csv1": null, "2022__csv_": "3-23-83-46-000", "2022__csv1": "617-05-01-2023", "Clavepre": "3-23-83-46-000", "RESOLUCION": "617-05-01-2023", "ORIG_FID": 358 }, "geometry": { "type": "Point", "coordinates": [ -80.730926694092588, -1.003821367384535 ] } },
{ "type": "Feature", "properties": { "id": 87669, "lote_id": 82444, "clavecatas": "3-23-83-48-000", "zona": "3", "sector": "23", "manzana": "83", "lote": "48", "ph": "000", "propietari": "GOBIERNO AUTONOMO DESCENTRALIZADO MCPAL.DEL CANTON MANTA .", "documentop": "1360000980001", "direccion": "URBIRRIOS II MANZANA 21-B LT. 48", "area_m2": 144.0, "frente_uti": 8.0, "frente_tot": 8.0, "avaluo_con": 0.0, "avaluo_sue": 5760.0, "zonaurbano": "URBANA", "parroquia": "ELOY ALFARO", "esta_bloqu": "NO", "es_tercera": "NO", "tiene_elec": "NO", "tiene_agua": "NO", "tiene_alca": "NO", "observacio": "INGRESO NUEVO 16/12/2013 FM2010\r\n\r\nINF. PARA CERTIF. INGRES. POR AREA DE LEGALIZACION INSP. LUIS LOPEZ, ENERO 21-14  - CAMBIO DE CLASIFICACIÓN: MEMORANDO MTA-DFIN-MEM-160920211226, TRÁMITE TE090920211550 EN BASE A ART. 509 DEL COOTAD.", "observac_1": "FM2010 - MEMORANDO 055-DACR-DCR-GADM-15", "barrio": "URBIRRIOS 2", "parroquia_": 5, "barrio_id": 1046, "proceso": 0, "fecha_regi": null, "activo_cat": "SI", "desactivad": 0, "avaluo_rem": 0.0, "avaluo_r_1": 0.0, "clasificac": "PROPIEDADES MUNICIPALES", "anio_deuda": 0, "deuda": 0.0, "valor_ip": 0.0, "coactiva": null, "ficharegis": 64305, "etam": 0.0833333333, "diferencia": -1.235359704, "porc_difer": -0.0085788868, "admisible": 1, "deuda_anio": 0.0, "2019_csv_c": null, "clavecat_1": null, "2021__csv_": null, "2021__csv1": null, "2022__csv_": "3-23-83-48-000", "2022__csv1": "617-05-01-2023", "Clavepre": "3-23-83-48-000", "RESOLUCION": "617-05-01-2023", "ORIG_FID": 359 }, "geometry": { "type": "Point", "coordinates": [ -80.730846864198696, -1.003702421779658 ] } },
{ "type": "Feature", "properties": { "id": 87707, "lote_id": 95008, "clavecatas": "3-23-84-26-000", "zona": "3", "sector": "23", "manzana": "84", "lote": "26", "ph": "000", "propietari": "GOBIERNO AUTONOMO DESCENTRALIZADO MUNICIPAL DEL CANTON MANTA .", "documentop": "1360000980001", "direccion": "URBIRIOS II MZ 21 LOTE 1", "area_m2": 98.0, "frente_uti": 7.0, "frente_tot": 7.0, "avaluo_con": 0.0, "avaluo_sue": 3920.0, "zonaurbano": "URBANA", "parroquia": "TARQUI", "esta_bloqu": "NO", "es_tercera": "NO", "tiene_elec": "NO", "tiene_agua": "NO", "tiene_alca": "NO", "observacio": "INGRESO NUEVO INF LUIS LOPEZ 02/04/2019 RESIDEÑO DE URBIRIOS II 02/04/2019// - CAMBIO DE CLASIFICACIÓN: MEMORANDO MTA-DFIN-MEM-160920211226, TRÁMITE TE090920211550 EN BASE A ART. 509 DEL COOTAD.", "observac_1": null, "barrio": "CAMINO A CORRALES", "parroquia_": 3, "barrio_id": 922, "proceso": 0, "fecha_regi": null, "activo_cat": "SI", "desactivad": 0, "avaluo_rem": 0.0, "avaluo_r_1": 0.0, "clasificac": "POR LEGALIZAR", "anio_deuda": 0, "deuda": 0.0, "valor_ip": 0.0, "coactiva": null, "ficharegis": 0, "etam": 0.1, "diferencia": -9.9e-09, "porc_difer": -1e-10, "admisible": 1, "deuda_anio": 0.0, "2019_csv_c": null, "clavecat_1": null, "2021__csv_": null, "2021__csv1": null, "2022__csv_": "3-23-84-26-000", "2022__csv1": "617-05-01-2023", "Clavepre": "3-23-84-26-000", "RESOLUCION": "617-05-01-2023", "ORIG_FID": 360 }, "geometry": { "type": "Point", "coordinates": [ -80.731862085158738, -1.004919265627686 ] } },
{ "type": "Feature", "properties": { "id": 87749, "lote_id": 94904, "clavecatas": "3-23-86-14-000", "zona": "3", "sector": "23", "manzana": "86", "lote": "14", "ph": "000", "propietari": "GOBIERNO AUTONOMO DESCENTRALIZADO MUNICIPAL DEL CANTON MANTA .", "documentop": "1360000980001", "direccion": "URBIRRIOS II MZ 12-A LOTE 14", "area_m2": 144.0, "frente_uti": 8.0, "frente_tot": 8.0, "avaluo_con": 0.0, "avaluo_sue": 5760.0, "zonaurbano": "URBANA", "parroquia": "TARQUI", "esta_bloqu": "NO", "es_tercera": "NO", "tiene_elec": "NO", "tiene_agua": "NO", "tiene_alca": "NO", "observacio": "INGRESO NUEVO INF LUIS LOPEZ REDISEÑO DE URBORIOS II 19/03/2019 - CAMBIO DE CLASIFICACIÓN: MEMORANDO MTA-DFIN-MEM-160920211226, TRÁMITE TE090920211550 EN BASE A ART. 509 DEL COOTAD.", "observac_1": null, "barrio": "URBIRRIOS 2", "parroquia_": 3, "barrio_id": 1046, "proceso": 0, "fecha_regi": null, "activo_cat": "SI", "desactivad": 0, "avaluo_rem": 0.0, "avaluo_r_1": 0.0, "clasificac": "POR LEGALIZAR", "anio_deuda": 0, "deuda": 0.0, "valor_ip": 0.0, "coactiva": null, "ficharegis": 0, "etam": 0.0833333333, "diferencia": -2.7e-09, "porc_difer": 0.0, "admisible": 1, "deuda_anio": 0.0, "2019_csv_c": null, "clavecat_1": null, "2021__csv_": null, "2021__csv1": null, "2022__csv_": "3-23-86-14-000", "2022__csv1": "617-05-01-2023", "Clavepre": "3-23-86-14-000", "RESOLUCION": "617-05-01-2023", "ORIG_FID": 361 }, "geometry": { "type": "Point", "coordinates": [ -80.724698466756337, -0.99743607817993 ] } },
{ "type": "Feature", "properties": { "id": 87685, "lote_id": 95009, "clavecatas": "3-23-84-02-000", "zona": "3", "sector": "23", "manzana": "84", "lote": "02", "ph": "000", "propietari": "GOBIERNO AUTONOMO DESCENTRALIZADO MUNICIPAL DEL CANTON MANTA .", "documentop": "1360000980001", "direccion": "URBIRRIOS II MZ 21 LOTE 2", "area_m2": 98.0, "frente_uti": 7.0, "frente_tot": 7.0, "avaluo_con": 0.0, "avaluo_sue": 3920.0, "zonaurbano": "URBANA", "parroquia": "TARQUI", "esta_bloqu": "NO", "es_tercera": "NO", "tiene_elec": "NO", "tiene_agua": "NO", "tiene_alca": "NO", "observacio": "INGRESO NUEVO INF LUIS LOPEZ 02/04/2019 RESIDEÑO DE URBIRIOS II 02/04/2019// - Cambio de Clasificación: Memorando MTA-DFIN-MEM-160920211226, trámite TE090920211550 en base a Art. 509 del COOTAD.", "observac_1": null, "barrio": "CAMINO A CORRALES", "parroquia_": 3, "barrio_id": 922, "proceso": 0, "fecha_regi": null, "activo_cat": "SI", "desactivad": 0, "avaluo_rem": 0.0, "avaluo_r_1": 0.0, "clasificac": "PROPIEDADES MUNICIPALES", "anio_deuda": 0, "deuda": 0.0, "valor_ip": 0.0, "coactiva": null, "ficharegis": 0, "etam": 0.1, "diferencia": -0.000243041, "porc_difer": -2.48e-06, "admisible": 1, "deuda_anio": 0.0, "2019_csv_c": null, "clavecat_1": null, "2021__csv_": null, "2021__csv1": null, "2022__csv_": "3-23-84-02-000", "2022__csv1": "617-05-01-2023", "Clavepre": "3-23-84-02-000", "RESOLUCION": "617-05-01-2023", "ORIG_FID": 362 }, "geometry": { "type": "Point", "coordinates": [ -80.731810370252745, -1.004955334734125 ] } },
{ "type": "Feature", "properties": { "id": 87686, "lote_id": 95010, "clavecatas": "3-23-84-03-000", "zona": "3", "sector": "23", "manzana": "84", "lote": "03", "ph": "000", "propietari": "GOBIERNO AUTONOMO DESCENTRALIZADO MUNICIPAL DEL CANTON MANTA .", "documentop": "1360000980001", "direccion": "URBIRRIOS II MZ 21 LOTE 3", "area_m2": 112.0, "frente_uti": 8.0, "frente_tot": 8.0, "avaluo_con": 0.0, "avaluo_sue": 4480.0, "zonaurbano": "URBANA", "parroquia": "TARQUI", "esta_bloqu": "NO", "es_tercera": "NO", "tiene_elec": "NO", "tiene_agua": "NO", "tiene_alca": "NO", "observacio": "INGRESO NUEVO INF LUIS LOPEZ 02/04/2019 RESIDEÑO DE URBIRIOS II 02/04/2019// - CAMBIO DE CLASIFICACIÓN: MEMORANDO MTA-DFIN-MEM-160920211226, TRÁMITE TE090920211550 EN BASE A ART. 509 DEL COOTAD.", "observac_1": null, "barrio": "CAMINO A CORRALES", "parroquia_": 3, "barrio_id": 922, "proceso": 0, "fecha_regi": null, "activo_cat": "SI", "desactivad": 0, "avaluo_rem": 0.0, "avaluo_r_1": 0.0, "clasificac": "POR LEGALIZAR", "anio_deuda": 0, "deuda": 0.0, "valor_ip": 0.0, "coactiva": null, "ficharegis": 0, "etam": 0.0944911183, "diferencia": 0.0002430217, "porc_difer": 2.1698e-06, "admisible": 1, "deuda_anio": 0.0, "2019_csv_c": null, "clavecat_1": null, "2021__csv_": null, "2021__csv1": null, "2022__csv_": "3-23-84-03-000", "2022__csv1": "617-05-01-2023", "Clavepre": "3-23-84-03-000", "RESOLUCION": "617-05-01-2023", "ORIG_FID": 363 }, "geometry": { "type": "Point", "coordinates": [ -80.731754961405173, -1.004993980029314 ] } },
{ "type": "Feature", "properties": { "id": 87688, "lote_id": 95012, "clavecatas": "3-23-84-06-000", "zona": "3", "sector": "23", "manzana": "84", "lote": "06", "ph": "000", "propietari": "PARRAGA BRIONES JOSEFA FRANCISCA", "documentop": "1305262105", "direccion": "URBIRIOS II MZ 21 LOTE 06 Y LOTE 07", "area_m2": 360.0, "frente_uti": 24.0, "frente_tot": 24.0, "avaluo_con": 1839.26, "avaluo_sue": 11664.0, "zonaurbano": "URBANA", "parroquia": "TARQUI", "esta_bloqu": "NO", "es_tercera": "NO", "tiene_elec": "NO", "tiene_agua": "NO", "tiene_alca": "NO", "observacio": "INGRESO NUEVO INF LUIS LOPEZ 02/04/2019 RESIDEÑO DE URBIRIOS II 02/04/2019// - CAMBIO DE CLASIFICACIÓN: MEMORANDO MTA-DFIN-MEM-160920211226, TRÁMITE TE090920211550 EN BASE A ART. 509 DEL COOTAD.--- SE PROCEDE A CAMBIAR EL AREA POR UNIFICACION DE AREA", "observac_1": null, "barrio": "CAMINO A CORRALES", "parroquia_": 3, "barrio_id": 922, "proceso": 0, "fecha_regi": null, "activo_cat": "SI", "desactivad": 0, "avaluo_rem": 0.0, "avaluo_r_1": 0.0, "clasificac": "GENERAL", "anio_deuda": 0, "deuda": 0.0, "valor_ip": 0.0, "coactiva": null, "ficharegis": 82687, "etam": 0.158113883, "diferencia": -0.0006980455, "porc_difer": -1.939e-06, "admisible": 1, "deuda_anio": 0.0, "2019_csv_c": null, "clavecat_1": null, "2021__csv_": null, "2021__csv1": null, "2022__csv_": "3-23-84-06-000", "2022__csv1": "617-05-01-2023", "Clavepre": "3-23-84-06-000", "RESOLUCION": "617-05-01-2023", "ORIG_FID": 364 }, "geometry": { "type": "Point", "coordinates": [ -80.731959984809208, -1.005236221940007 ] } },
{ "type": "Feature", "properties": { "id": 87690, "lote_id": 95013, "clavecatas": "3-23-84-08-000", "zona": "3", "sector": "23", "manzana": "84", "lote": "08", "ph": "000", "propietari": "ALDEAN ROCA SOL ANAIS", "documentop": "1312276999", "direccion": "URBIRIOS II MZ 21 LOTE 8 Y LOTE 09", "area_m2": 240.0, "frente_uti": 16.0, "frente_tot": 16.0, "avaluo_con": 0.0, "avaluo_sue": 7776.0, "zonaurbano": "URBANA", "parroquia": "TARQUI", "esta_bloqu": "NO", "es_tercera": "NO", "tiene_elec": "NO", "tiene_agua": "NO", "tiene_alca": "NO", "observacio": "INGRESO NUEVO INF LUIS LOPEZ 02/04/2019 RESIDEÑO DE URBIRIOS II 02/04/2019// - CAMBIO DE CLASIFICACIÓN: MEMORANDO MTA-DFIN-MEM-160920211226, TRÁMITE TE090920211550 EN BASE A ART. 509 DEL COOTAD. - SE PROCEDE A MODIFICAR EL AREA POR UNIFICACION DE AREA", "observac_1": null, "barrio": "CAMINO A CORRALES", "parroquia_": 3, "barrio_id": 922, "proceso": 0, "fecha_regi": null, "activo_cat": "SI", "desactivad": 0, "avaluo_rem": 0.0, "avaluo_r_1": 0.0, "clasificac": "GENERAL", "anio_deuda": 0, "deuda": 0.0, "valor_ip": 0.0, "coactiva": null, "ficharegis": 82688, "etam": 0.1290994449, "diferencia": -0.0008359781, "porc_difer": -3.4832e-06, "admisible": 1, "deuda_anio": 0.0, "2019_csv_c": null, "clavecat_1": null, "2021__csv_": null, "2021__csv1": null, "2022__csv_": "3-23-84-08-000", "2022__csv1": "617-05-01-2023", "Clavepre": "3-23-84-08-000", "RESOLUCION": "617-05-01-2023", "ORIG_FID": 365 }, "geometry": { "type": "Point", "coordinates": [ -80.732062365318214, -1.005384951267669 ] } },
{ "type": "Feature", "properties": { "id": 87695, "lote_id": 95048, "clavecatas": "3-23-84-14-000", "zona": "3", "sector": "23", "manzana": "84", "lote": "14", "ph": "000", "propietari": "SANTACRUZ ALCIVAR GARY JONNATHAN", "documentop": "1311725897", "direccion": "BARRIO URBIRRIOS II MZ. 21 LOTE 14", "area_m2": 124.14, "frente_uti": 10.13, "frente_tot": 10.13, "avaluo_con": 0.0, "avaluo_sue": 4022.14, "zonaurbano": "URBANA", "parroquia": "TARQUI", "esta_bloqu": "NO", "es_tercera": "NO", "tiene_elec": "NO", "tiene_agua": "NO", "tiene_alca": "NO", "observacio": "ING. NUEVO INF. L. LOPEZ 09/04/19 REDIS. DE URBIRIIOS 2.- ING. EN LINEA PARA CERT. EVAL.X MARISOL A. ELAB.X DELI CH.D. DICB. 02-19.- INGR. EN LINEA PARA CERT. REV. X LCDA. MARISOL A. ELAB. X LCDA. DELI CH.D. FEB. 06-2020.-  - CAMBIO DE CLASIFICACIÓN: ME", "observac_1": null, "barrio": "URBIRRIOS 2", "parroquia_": 3, "barrio_id": 1046, "proceso": 0, "fecha_regi": null, "activo_cat": "SI", "desactivad": 0, "avaluo_rem": 0.0, "avaluo_r_1": 0.0, "clasificac": "GENERAL", "anio_deuda": 0, "deuda": 0.0, "valor_ip": 0.0, "coactiva": null, "ficharegis": 70876, "etam": 0.0897519989, "diferencia": -0.0469486191, "porc_difer": -0.0003781909, "admisible": 1, "deuda_anio": 0.0, "2019_csv_c": null, "clavecat_1": null, "2021__csv_": null, "2021__csv1": null, "2022__csv_": "3-23-84-14-000", "2022__csv1": "617-05-01-2023", "Clavepre": "3-23-84-14-000", "RESOLUCION": "617-05-01-2023", "ORIG_FID": 366 }, "geometry": { "type": "Point", "coordinates": [ -80.732312613666522, -1.005631071027081 ] } },
{ "type": "Feature", "properties": { "id": 87698, "lote_id": 95051, "clavecatas": "3-23-84-17-000", "zona": "3", "sector": "23", "manzana": "84", "lote": "17", "ph": "000", "propietari": "CASTILLO ARTEAGA DAVID ARIEL", "documentop": "1314199645", "direccion": "URBIRRIOS II MZ 21 LOTE 17 Y 18", "area_m2": 240.0, "frente_uti": 16.0, "frente_tot": 16.0, "avaluo_con": 0.0, "avaluo_sue": 7776.0, "zonaurbano": "URBANA", "parroquia": "TARQUI", "esta_bloqu": "NO", "es_tercera": "NO", "tiene_elec": "NO", "tiene_agua": "NO", "tiene_alca": "NO", "observacio": "INGRESO NUEVO INF LUIS LOPEZ 09/04/2019 REDISEÑO DE URBIRIIOS 2// - CAMBIO DE CLASIFICACIÓN: MEMORANDO MTA-DFIN-MEM-160920211226, TRÁMITE TE090920211550 EN BASE A ART. 509 DEL COOTAD.SE CORRIGE AREA POR LISTADO DE 228 PREDIO DE URBIRRIOS REVISADO POR", "observac_1": null, "barrio": "URBIRRIOS 2", "parroquia_": 3, "barrio_id": 1046, "proceso": 0, "fecha_regi": null, "activo_cat": "SI", "desactivad": 0, "avaluo_rem": 0.0, "avaluo_r_1": 0.0, "clasificac": "GENERAL", "anio_deuda": 2024, "deuda": 63.91, "valor_ip": 0.0, "coactiva": null, "ficharegis": 73332, "etam": 0.1290994449, "diferencia": 119.99846594420001, "porc_difer": 0.4999936081, "admisible": 0, "deuda_anio": 48.07, "2019_csv_c": null, "clavecat_1": null, "2021__csv_": null, "2021__csv1": null, "2022__csv_": "3-23-84-17-000", "2022__csv1": "617-05-01-2023", "Clavepre": "3-23-84-17-000", "RESOLUCION": "617-05-01-2023", "ORIG_FID": 367 }, "geometry": { "type": "Point", "coordinates": [ -80.732275564485619, -1.005456389030159 ] } },
{ "type": "Feature", "properties": { "id": 87702, "lote_id": 95054, "clavecatas": "3-23-84-21-000", "zona": "3", "sector": "23", "manzana": "84", "lote": "21", "ph": "000", "propietari": "PARRAGA BRIONES JOSEFA FRANCISCA", "documentop": "1305262105", "direccion": "URBIRRIOS II MZ 21 LOTE 21 Y LOTE 22", "area_m2": 360.0, "frente_uti": 24.0, "frente_tot": 24.0, "avaluo_con": 0.0, "avaluo_sue": 10368.0, "zonaurbano": "URBANA", "parroquia": "TARQUI", "esta_bloqu": "NO", "es_tercera": "NO", "tiene_elec": "NO", "tiene_agua": "NO", "tiene_alca": "NO", "observacio": "INGRESO NUEVO INF LUIS LOPEZ 09/04/2019 REDISEÑO DE URBIRIIOS 2// - CAMBIO DE CLASIFICACIÓN: MEMORANDO MTA-DFIN-MEM-160920211226, TRÁMITE TE090920211550 EN BASE A ART. 509 DEL COOTAD.SE CORRIGE AREA PARA LISTADO DE 228 PREDIO DE URBIRRIOS REVISADO POR", "observac_1": null, "barrio": "URBIRRIOS 2", "parroquia_": 3, "barrio_id": 1046, "proceso": 0, "fecha_regi": null, "activo_cat": "SI", "desactivad": 0, "avaluo_rem": 0.0, "avaluo_r_1": 0.0, "clasificac": "GENERAL", "anio_deuda": 0, "deuda": 0.0, "valor_ip": 0.0, "coactiva": null, "ficharegis": 82691, "etam": 0.158113883, "diferencia": -0.7657968053, "porc_difer": -0.0021272133, "admisible": 1, "deuda_anio": 0.0, "2019_csv_c": null, "clavecat_1": null, "2021__csv_": null, "2021__csv1": null, "2022__csv_": "3-23-84-21-000", "2022__csv1": "617-05-01-2023", "Clavepre": "3-23-84-21-000", "RESOLUCION": "617-05-01-2023", "ORIG_FID": 368 }, "geometry": { "type": "Point", "coordinates": [ -80.732070727255348, -1.005159072084468 ] } },
{ "type": "Feature", "properties": { "id": 87704, "lote_id": 95055, "clavecatas": "3-23-84-23-000", "zona": "3", "sector": "23", "manzana": "84", "lote": "23", "ph": "000", "propietari": "GOBIERNO AUTONOMO DESCENTRALIZADO MUNICIPAL DEL CANTON MANTA .", "documentop": "1360000980001", "direccion": "URBIRRIOS II MZ 21 LOTE 23", "area_m2": 120.0, "frente_uti": 8.0, "frente_tot": 8.0, "avaluo_con": 0.0, "avaluo_sue": 4800.0, "zonaurbano": "URBANA", "parroquia": "TARQUI", "esta_bloqu": "NO", "es_tercera": "NO", "tiene_elec": "NO", "tiene_agua": "NO", "tiene_alca": "NO", "observacio": "INGRESO NUEVO INF LUIS LOPEZ 09/04/2019 REDISEÑO DE URBIRIIOS 2// - CAMBIO DE CLASIFICACIÓN: MEMORANDO MTA-DFIN-MEM-160920211226, TRÁMITE TE090920211550 EN BASE A ART. 509 DEL COOTAD.", "observac_1": null, "barrio": "URBIRRIOS 2", "parroquia_": 3, "barrio_id": 1046, "proceso": 0, "fecha_regi": null, "activo_cat": "SI", "desactivad": 0, "avaluo_rem": 0.0, "avaluo_r_1": 0.0, "clasificac": "POR LEGALIZAR", "anio_deuda": 0, "deuda": 0.0, "valor_ip": 0.0, "coactiva": null, "ficharegis": 0, "etam": 0.0912870929, "diferencia": -0.001828961, "porc_difer": -1.52413e-05, "admisible": 1, "deuda_anio": 0.0, "2019_csv_c": null, "clavecat_1": null, "2021__csv_": null, "2021__csv1": null, "2022__csv_": "3-23-84-23-000", "2022__csv1": "617-05-01-2023", "Clavepre": "3-23-84-23-000", "RESOLUCION": "617-05-01-2023", "ORIG_FID": 369 }, "geometry": { "type": "Point", "coordinates": [ -80.731988898812517, -1.005039946903794 ] } },
{ "type": "Feature", "properties": { "id": 87705, "lote_id": 95056, "clavecatas": "3-23-84-24-000", "zona": "3", "sector": "23", "manzana": "84", "lote": "24", "ph": "000", "propietari": "GOBIERNO AUTONOMO DESCENTRALIZADO  MUNICIPAL MANTA ..", "documentop": "1360000980001", "direccion": "URBIRRIOS II MZ 21 LOTE 24", "area_m2": 120.0, "frente_uti": 8.0, "frente_tot": 8.0, "avaluo_con": 0.0, "avaluo_sue": 4800.0, "zonaurbano": "URBANA", "parroquia": "TARQUI", "esta_bloqu": "NO", "es_tercera": "NO", "tiene_elec": "NO", "tiene_agua": "NO", "tiene_alca": "NO", "observacio": "INGRESO NUEVO INF LUIS LOPEZ 09/04/2019 REDISEÑO DE URBIRIIOS 2//", "observac_1": null, "barrio": "URBIRRIOS 2", "parroquia_": 3, "barrio_id": 1046, "proceso": 0, "fecha_regi": null, "activo_cat": "SI", "desactivad": 0, "avaluo_rem": 0.0, "avaluo_r_1": 0.0, "clasificac": "POR LEGALIZAR", "anio_deuda": 0, "deuda": 0.0, "valor_ip": 0.0, "coactiva": null, "ficharegis": 0, "etam": 0.0912870929, "diferencia": -0.1660100491, "porc_difer": -0.0013834171, "admisible": 1, "deuda_anio": 0.0, "2019_csv_c": null, "clavecat_1": null, "2021__csv_": null, "2021__csv1": null, "2022__csv_": "3-23-84-24-000", "2022__csv1": "617-05-01-2023", "Clavepre": "3-23-84-24-000", "RESOLUCION": "617-05-01-2023", "ORIG_FID": 370 }, "geometry": { "type": "Point", "coordinates": [ -80.731947999838624, -1.004980478232263 ] } },
{ "type": "Feature", "properties": { "id": 87706, "lote_id": 95057, "clavecatas": "3-23-84-25-000", "zona": "3", "sector": "23", "manzana": "84", "lote": "25", "ph": "000", "propietari": "GOBIERNO AUTONOMO DESCENTRALIZADO MUNICIPAL DEL CANTON MANTA .", "documentop": "1360000980001", "direccion": "URBIRRIOS II MZ 21 LOTE 25", "area_m2": 112.0, "frente_uti": 8.0, "frente_tot": 8.0, "avaluo_con": 0.0, "avaluo_sue": 4480.0, "zonaurbano": "URBANA", "parroquia": "TARQUI", "esta_bloqu": "NO", "es_tercera": "NO", "tiene_elec": "NO", "tiene_agua": "NO", "tiene_alca": "NO", "observacio": "INGRESO NUEVO INF LUIS LOPEZ 09/04/2019 REDISEÑO DE URBIRIIOS 2// - CAMBIO DE CLASIFICACIÓN: MEMORANDO MTA-DFIN-MEM-160920211226, TRÁMITE TE090920211550 EN BASE A ART. 509 DEL COOTAD.", "observac_1": null, "barrio": "URBIRRIOS 2", "parroquia_": 3, "barrio_id": 1046, "proceso": 0, "fecha_regi": null, "activo_cat": "SI", "desactivad": 0, "avaluo_rem": 0.0, "avaluo_r_1": 0.0, "clasificac": "POR LEGALIZAR", "anio_deuda": 0, "deuda": 0.0, "valor_ip": 0.0, "coactiva": null, "ficharegis": 0, "etam": 0.0944911183, "diferencia": -0.0038177751, "porc_difer": -3.40873e-05, "admisible": 1, "deuda_anio": 0.0, "2019_csv_c": null, "clavecat_1": null, "2021__csv_": null, "2021__csv1": null, "2022__csv_": "3-23-84-25-000", "2022__csv1": "617-05-01-2023", "Clavepre": "3-23-84-25-000", "RESOLUCION": "617-05-01-2023", "ORIG_FID": 371 }, "geometry": { "type": "Point", "coordinates": [ -80.731917494940944, -1.004880619485793 ] } },
{ "type": "Feature", "properties": { "id": 87708, "lote_id": 93492, "clavecatas": "3-23-85-01-000", "zona": "3", "sector": "23", "manzana": "85", "lote": "01", "ph": "000", "propietari": "MOREIRA CHOEZ JONATHAN RAMON", "documentop": "1314213859", "direccion": "B. URBIRIOS II MZ-21-F LOTE -01", "area_m2": 126.0, "frente_uti": 7.0, "frente_tot": 30.0, "avaluo_con": 11882.0, "avaluo_sue": 4536.0, "zonaurbano": "URBANA", "parroquia": "TARQUI", "esta_bloqu": "NO", "es_tercera": "NO", "tiene_elec": "NO", "tiene_agua": "NO", "tiene_alca": "NO", "observacio": "LEGALIZA A FAVOR DE LA ARQUIDIOSIS OSMELL HERNANDO VALENCIA...17/09/2018 LLCH. ES TE LOTE QUIEDA A FAVOR CHOEZ PARRALES NARCISA GUADALUPE 18/03/2019 DE ACUERDO A REDISEÑO 21 FEBR /2019 - CAMBIO DE CLASIFICACIÓN: MEMORANDO MTA-DFIN-MEM-160920211226, TR", "observac_1": null, "barrio": "URBIRIOS", "parroquia_": 3, "barrio_id": 231, "proceso": 0, "fecha_regi": null, "activo_cat": "SI", "desactivad": 0, "avaluo_rem": 0.0, "avaluo_r_1": 0.0, "clasificac": "GENERAL", "anio_deuda": 2025, "deuda": 60.09, "valor_ip": 0.0, "coactiva": null, "ficharegis": 82694, "etam": 0.0890870806, "diferencia": -2.28e-08, "porc_difer": -2.0000000000000001e-10, "admisible": 1, "deuda_anio": 34.15, "2019_csv_c": null, "clavecat_1": null, "2021__csv_": null, "2021__csv1": null, "2022__csv_": "3-23-85-01-000", "2022__csv1": "617-05-01-2023", "Clavepre": "3-23-85-01-000", "RESOLUCION": "617-05-01-2023", "ORIG_FID": 372 }, "geometry": { "type": "Point", "coordinates": [ -80.730657130444499, -1.004491027348666 ] } },
{ "type": "Feature", "properties": { "id": 87709, "lote_id": 94840, "clavecatas": "3-23-85-02-000", "zona": "3", "sector": "23", "manzana": "85", "lote": "02", "ph": "000", "propietari": "GOBIERNO AUTONOMO DESCENTRALIZADO MUNICIPAL DEL CANTON MANTA .", "documentop": "1360000980001", "direccion": "URBIRRIOS II MZ 21 F LOTE 2", "area_m2": 126.0, "frente_uti": 7.0, "frente_tot": 7.0, "avaluo_con": 0.0, "avaluo_sue": 5040.0, "zonaurbano": "URBANA", "parroquia": "TARQUI", "esta_bloqu": "NO", "es_tercera": "NO", "tiene_elec": "SI", "tiene_agua": "SI", "tiene_alca": "NO", "observacio": "INGRESO NUEVO EN BASE AL REDISEÑO DE LOTE DE FECHA 21 DE FEBRERO DEL 2019 INF LUIS LOPEZ 18/03/2019 - CAMBIO DE CLASIFICACIÓN: MEMORANDO MTA-DFIN-MEM-160920211226, TRÁMITE TE090920211550 EN BASE A ART. 509 DEL COOTAD.", "observac_1": null, "barrio": "URBIRRIOS 2", "parroquia_": 3, "barrio_id": 1046, "proceso": 0, "fecha_regi": null, "activo_cat": "SI", "desactivad": 0, "avaluo_rem": 0.0, "avaluo_r_1": 0.0, "clasificac": "POR LEGALIZAR", "anio_deuda": 0, "deuda": 0.0, "valor_ip": 0.0, "coactiva": null, "ficharegis": 0, "etam": 0.0890870806, "diferencia": -9.51e-08, "porc_difer": -8.0000000000000003e-10, "admisible": 1, "deuda_anio": 0.0, "2019_csv_c": null, "clavecat_1": null, "2021__csv_": null, "2021__csv1": null, "2022__csv_": "3-23-85-02-000", "2022__csv1": "617-05-01-2023", "Clavepre": "3-23-85-02-000", "RESOLUCION": "617-05-01-2023", "ORIG_FID": 373 }, "geometry": { "type": "Point", "coordinates": [ -80.730692353359785, -1.004543502916207 ] } },
{ "type": "Feature", "properties": { "id": 87711, "lote_id": 94842, "clavecatas": "3-23-85-04-000", "zona": "3", "sector": "23", "manzana": "85", "lote": "04", "ph": "000", "propietari": "MOREIRA ARTEAGA SEGUNDO RAFAEL", "documentop": "1307616076", "direccion": "URBIRIOS II MZ 21-F LOTE 4", "area_m2": 126.0, "frente_uti": 7.0, "frente_tot": 7.0, "avaluo_con": 0.0, "avaluo_sue": 4536.0, "zonaurbano": "URBANA", "parroquia": "TARQUI", "esta_bloqu": "NO", "es_tercera": "NO", "tiene_elec": "SI", "tiene_agua": "NO", "tiene_alca": "NO", "observacio": "INGRESO NUEVO EN BASE AL REDISEÑO DE LOTE DE FECHA 21 DE FEBRERO DEL 2019 INF LUIS LOPEZ 18/03/2019 - CAMBIO DE CLASIFICACIÓN: MEMORANDO MTA-DFIN-MEM-160920211226, TRÁMITE TE090920211550 EN BASE A ART. 509 DEL COOTAD.SE ACTUALIZA INF CON ESCRITURA DE", "observac_1": null, "barrio": "URBIRRIOS 2", "parroquia_": 3, "barrio_id": 1046, "proceso": 0, "fecha_regi": null, "activo_cat": "SI", "desactivad": 0, "avaluo_rem": 0.0, "avaluo_r_1": 0.0, "clasificac": "GENERAL", "anio_deuda": 2024, "deuda": 27.97, "valor_ip": 0.0, "coactiva": null, "ficharegis": 82696, "etam": 0.0890870806, "diferencia": 6.845e-07, "porc_difer": 5.4e-09, "admisible": 1, "deuda_anio": 21.0, "2019_csv_c": null, "clavecat_1": null, "2021__csv_": null, "2021__csv1": null, "2022__csv_": "3-23-85-04-000", "2022__csv1": "617-05-01-2023", "Clavepre": "3-23-85-04-000", "RESOLUCION": "617-05-01-2023", "ORIG_FID": 374 }, "geometry": { "type": "Point", "coordinates": [ -80.73076279919313, -1.004648454050905 ] } },
{ "type": "Feature", "properties": { "id": 87712, "lote_id": 94843, "clavecatas": "3-23-85-05-000", "zona": "3", "sector": "23", "manzana": "85", "lote": "05", "ph": "000", "propietari": "CHIQUITO CEDEÑO JENNY ELIZABETH", "documentop": "1308268570", "direccion": "URBIRRIOS II MZ 21-F LOTE 5", "area_m2": 126.0, "frente_uti": 7.0, "frente_tot": 7.0, "avaluo_con": 0.0, "avaluo_sue": 4082.4, "zonaurbano": "URBANA", "parroquia": "TARQUI", "esta_bloqu": "NO", "es_tercera": "NO", "tiene_elec": "SI", "tiene_agua": "SI", "tiene_alca": "NO", "observacio": "INGRESO NUEVO EN BASE AL REDISEÑO DE LOTE DE FECHA 21 DE FEBRERO DEL 2019 INF LUIS LOPEZ 18/03/2019 - CAMBIO DE CLASIFICACIÓN: MEMORANDO MTA-DFIN-MEM-160920211226, TRÁMITE TE090920211550 EN BASE A ART. 509 DEL COOTAD.-SE ACTUALIZA INFORMACION CON ESCR", "observac_1": null, "barrio": "URBIRRIOS 2", "parroquia_": 3, "barrio_id": 1046, "proceso": 0, "fecha_regi": null, "activo_cat": "SI", "desactivad": 0, "avaluo_rem": 0.0, "avaluo_r_1": 0.0, "clasificac": "GENERAL", "anio_deuda": 2026, "deuda": 6.81, "valor_ip": 0.0, "coactiva": null, "ficharegis": 82697, "etam": 0.0890870806, "diferencia": -2.75e-08, "porc_difer": -2.0000000000000001e-10, "admisible": 1, "deuda_anio": 0.0, "2019_csv_c": null, "clavecat_1": null, "2021__csv_": null, "2021__csv1": null, "2022__csv_": "3-23-85-05-000", "2022__csv1": "617-05-01-2023", "Clavepre": "3-23-85-05-000", "RESOLUCION": "617-05-01-2023", "ORIG_FID": 375 }, "geometry": { "type": "Point", "coordinates": [ -80.730798022111628, -1.004700929618215 ] } },
{ "type": "Feature", "properties": { "id": 87713, "lote_id": 94844, "clavecatas": "3-23-85-06-000", "zona": "3", "sector": "23", "manzana": "85", "lote": "06", "ph": "000", "propietari": "SANCHEZ SUAREZ JUAN CARLOS", "documentop": "0920579638", "direccion": "URBIRIOS II MZ 21-F LOTE 6", "area_m2": 126.0, "frente_uti": 7.0, "frente_tot": 7.0, "avaluo_con": 0.0, "avaluo_sue": 4536.0, "zonaurbano": "URBANA", "parroquia": "TARQUI", "esta_bloqu": "NO", "es_tercera": "NO", "tiene_elec": "NO", "tiene_agua": "NO", "tiene_alca": "NO", "observacio": "INGRESO NUEVO EN BASE AL REDISEÑO DE LOTE DE FECHA 21 DE FEBRERO DEL 2019 INF LUIS LOPEZ 18/03/2019 - CAMBIO DE CLASIFICACIÓN: MEMORANDO MTA-DFIN-MEM-160920211226, TRÁMITE TE090920211550 EN BASE A ART. 509 DEL COOTAD.-SE ACTUALIZA INFORMACION CON ESCR", "observac_1": null, "barrio": "URBIRRIOS 2", "parroquia_": 3, "barrio_id": 1046, "proceso": 0, "fecha_regi": null, "activo_cat": "SI", "desactivad": 0, "avaluo_rem": 0.0, "avaluo_r_1": 0.0, "clasificac": "GENERAL", "anio_deuda": 0, "deuda": 0.0, "valor_ip": 0.0, "coactiva": null, "ficharegis": 70775, "etam": 0.0890870806, "diferencia": 0.2287503202, "porc_difer": 0.0018154787, "admisible": 1, "deuda_anio": 0.0, "2019_csv_c": null, "clavecat_1": null, "2021__csv_": null, "2021__csv1": null, "2022__csv_": "3-23-85-06-000", "2022__csv1": "617-05-01-2023", "Clavepre": "3-23-85-06-000", "RESOLUCION": "617-05-01-2023", "ORIG_FID": 376 }, "geometry": { "type": "Point", "coordinates": [ -80.730833370793619, -1.00475332865977 ] } },
{ "type": "Feature", "properties": { "id": 87715, "lote_id": 94846, "clavecatas": "3-23-85-09-000", "zona": "3", "sector": "23", "manzana": "85", "lote": "09", "ph": "000", "propietari": "TIGUA CHILAN NELSON ENRIQUE", "documentop": "1309744405", "direccion": "BARRIO URBIRIOS II, MZ 21-F, LOTES 09 Y 10", "area_m2": 252.0, "frente_uti": 14.0, "frente_tot": 14.0, "avaluo_con": 0.0, "avaluo_sue": 8164.8, "zonaurbano": "URBANA", "parroquia": "TARQUI", "esta_bloqu": "NO", "es_tercera": "NO", "tiene_elec": "NO", "tiene_agua": "NO", "tiene_alca": "NO", "observacio": "INGR. NUEVO EN BASE AL RED. DE LOTE FECHA 02-21-2019 INF. LUIS LOPEZ 18/03/19.- ING. EN LINEA PARA CERT. EVAL. X LCDA. M. ARTEAGA ELAB. X LCDA. DELI CH.D. DICB. 04 2019.-  - CAMBIO DE CLASIFICACIÓN: MEMORANDO MTA-DFIN-MEM-160920211226, TRÁMITE TE090920", "observac_1": null, "barrio": "URBIRRIOS 2", "parroquia_": 3, "barrio_id": 1046, "proceso": 0, "fecha_regi": null, "activo_cat": "SI", "desactivad": 0, "avaluo_rem": 0.0, "avaluo_r_1": 0.0, "clasificac": "GENERAL", "anio_deuda": 0, "deuda": 0.0, "valor_ip": 0.0, "coactiva": null, "ficharegis": 71903, "etam": 0.1259881577, "diferencia": 125.9999999238, "porc_difer": 0.49999999969999998, "admisible": 0, "deuda_anio": 0.0, "2019_csv_c": null, "clavecat_1": null, "2021__csv_": null, "2021__csv1": null, "2022__csv_": "3-23-85-09-000", "2022__csv1": "617-05-01-2023", "Clavepre": "3-23-85-09-000", "RESOLUCION": "617-05-01-2023", "ORIG_FID": 377 }, "geometry": { "type": "Point", "coordinates": [ -80.730943945640888, -1.00491832839582 ] } },
{ "type": "Feature", "properties": { "id": 87718, "lote_id": 94848, "clavecatas": "3-23-85-12-000", "zona": "3", "sector": "23", "manzana": "85", "lote": "12", "ph": "000", "propietari": "REYES BAILON DAYANARA ELIZABETH", "documentop": "1313742783", "direccion": "URBIRIOS II MZ 21-F LOTE 12", "area_m2": 126.0, "frente_uti": 7.0, "frente_tot": 7.0, "avaluo_con": 0.0, "avaluo_sue": 4082.4, "zonaurbano": "URBANA", "parroquia": "TARQUI", "esta_bloqu": "NO", "es_tercera": "NO", "tiene_elec": "NO", "tiene_agua": "NO", "tiene_alca": "NO", "observacio": "INGRESO NUEVO EN BASE AL REDISEÑO DE LOTE DE FECHA 21 DE FEBRERO DEL 2019 INF LUIS LOPEZ 18/03/2019 - CAMBIO DE CLASIFICACIÓN: MEMORANDO MTA-DFIN-MEM-160920211226, TRÁMITE TE090920211550 EN BASE A ART. 509 DEL COOTAD.-SE ACTUALIZA INFORMACION CON ESCR", "observac_1": null, "barrio": "URBIRRIOS 2", "parroquia_": 3, "barrio_id": 1046, "proceso": 0, "fecha_regi": null, "activo_cat": "SI", "desactivad": 0, "avaluo_rem": 0.0, "avaluo_r_1": 0.0, "clasificac": "GENERAL", "anio_deuda": 0, "deuda": 0.0, "valor_ip": 0.0, "coactiva": null, "ficharegis": 70780, "etam": 0.0890870806, "diferencia": -9.46e-08, "porc_difer": -8.0000000000000003e-10, "admisible": 1, "deuda_anio": 0.0, "2019_csv_c": null, "clavecat_1": null, "2021__csv_": null, "2021__csv1": null, "2022__csv_": "3-23-85-12-000", "2022__csv1": "617-05-01-2023", "Clavepre": "3-23-85-12-000", "RESOLUCION": "617-05-01-2023", "ORIG_FID": 378 }, "geometry": { "type": "Point", "coordinates": [ -80.731049614414204, -1.005075755095794 ] } },
{ "type": "Feature", "properties": { "id": 87719, "lote_id": 94849, "clavecatas": "3-23-85-13-000", "zona": "3", "sector": "23", "manzana": "85", "lote": "13", "ph": "000", "propietari": "ANGULO FIGUEROA LUIS FELIPE", "documentop": "1316863933", "direccion": "URBIRRIOS II MZ 21 F LOTE 13", "area_m2": 126.0, "frente_uti": 7.0, "frente_tot": 7.0, "avaluo_con": 0.0, "avaluo_sue": 4536.0, "zonaurbano": "URBANA", "parroquia": "TARQUI", "esta_bloqu": "NO", "es_tercera": "NO", "tiene_elec": "NO", "tiene_agua": "NO", "tiene_alca": "NO", "observacio": "INGRESO NUEVO EN BASE AL REDISEÑO DE LOTE DE FECHA 21 DE FEBRERO DEL 2019 INF LUIS LOPEZ 18/03/2019, SE INGRESA CONSTRUCCION EN BASE A LA FOTO SATELITAL-CLASIFICAR - CAMBIO DE CLASIFICACIÓN: MEMORANDO MTA-DFIN-MEM-160920211226, TRÁMITE TE090920211550", "observac_1": null, "barrio": "URBIRRIOS 2", "parroquia_": 3, "barrio_id": 1046, "proceso": 0, "fecha_regi": null, "activo_cat": "SI", "desactivad": 0, "avaluo_rem": 0.0, "avaluo_r_1": 0.0, "clasificac": "GENERAL", "anio_deuda": 0, "deuda": 0.0, "valor_ip": 0.0, "coactiva": null, "ficharegis": 70781, "etam": 0.0890870806, "diferencia": -4.06e-08, "porc_difer": -3e-10, "admisible": 1, "deuda_anio": 0.0, "2019_csv_c": null, "clavecat_1": null, "2021__csv_": null, "2021__csv1": null, "2022__csv_": "3-23-85-13-000", "2022__csv1": "617-05-01-2023", "Clavepre": "3-23-85-13-000", "RESOLUCION": "617-05-01-2023", "ORIG_FID": 379 }, "geometry": { "type": "Point", "coordinates": [ -80.731084837340646, -1.005128230662286 ] } },
{ "type": "Feature", "properties": { "id": 87720, "lote_id": 94850, "clavecatas": "3-23-85-14-000", "zona": "3", "sector": "23", "manzana": "85", "lote": "14", "ph": "000", "propietari": "GOBIERNO AUTONOMO DESCENTRALIZADO MUNICIPAL DEL CANTON MANTA .", "documentop": "1360000980001", "direccion": "URBIRRIOS II MZ 21-F LOTE 14", "area_m2": 180.0, "frente_uti": 28.0, "frente_tot": 28.0, "avaluo_con": 0.0, "avaluo_sue": 7200.0, "zonaurbano": "URBANA", "parroquia": "TARQUI", "esta_bloqu": "NO", "es_tercera": "NO", "tiene_elec": "NO", "tiene_agua": "NO", "tiene_alca": "NO", "observacio": "INGRESO NUEVO EN BASE AL REDISEÑO DE LOTE DE FECHA 21 DE FEBRERO DEL 2019 INF LUIS LOPEZ 18/03/2019 - CAMBIO DE CLASIFICACIÓN: MEMORANDO MTA-DFIN-MEM-160920211226, TRÁMITE TE090920211550 EN BASE A ART. 509 DEL COOTAD.", "observac_1": null, "barrio": "URBIRRIOS 2", "parroquia_": 3, "barrio_id": 1046, "proceso": 0, "fecha_regi": null, "activo_cat": "SI", "desactivad": 0, "avaluo_rem": 0.0, "avaluo_r_1": 0.0, "clasificac": "POR LEGALIZAR", "anio_deuda": 0, "deuda": 0.0, "valor_ip": 0.0, "coactiva": null, "ficharegis": 0, "etam": 0.0745355992, "diferencia": 0.084990199, "porc_difer": 0.0004721678, "admisible": 1, "deuda_anio": 0.0, "2019_csv_c": null, "clavecat_1": null, "2021__csv_": null, "2021__csv1": null, "2022__csv_": "3-23-85-14-000", "2022__csv1": "617-05-01-2023", "Clavepre": "3-23-85-14-000", "RESOLUCION": "617-05-01-2023", "ORIG_FID": 380 }, "geometry": { "type": "Point", "coordinates": [ -80.731127595536634, -1.005191933718061 ] } },
{ "type": "Feature", "properties": { "id": 87722, "lote_id": 94851, "clavecatas": "3-23-85-16-000", "zona": "3", "sector": "23", "manzana": "85", "lote": "16", "ph": "000", "propietari": "RIOS ALCIVAR ROSA JULAY", "documentop": "1313718601", "direccion": "URBIRRIOS II MZ 21-F LOTE 16", "area_m2": 144.0, "frente_uti": 8.0, "frente_tot": 8.0, "avaluo_con": 0.0, "avaluo_sue": 5760.0, "zonaurbano": "URBANA", "parroquia": "TARQUI", "esta_bloqu": "NO", "es_tercera": "NO", "tiene_elec": "NO", "tiene_agua": "NO", "tiene_alca": "NO", "observacio": "INGRESO NUEVO EN BASE AL REDISEÑO DE LOTE DE FECHA 21 DE FEBRERO DEL 2019 INF LUIS LOPEZ 18/03/2019 - CAMBIO DE CLASIFICACIÓN: MEMORANDO MTA-DFIN-MEM-160920211226, TRÁMITE TE090920211550 EN BASE A ART. 509 DEL COOTAD.-SE ACTUALIZA INFORMACION CON ESCR", "observac_1": null, "barrio": "URBIRRIOS 2", "parroquia_": 3, "barrio_id": 1046, "proceso": 0, "fecha_regi": null, "activo_cat": "SI", "desactivad": 0, "avaluo_rem": 0.0, "avaluo_r_1": 0.0, "clasificac": "GENERAL", "anio_deuda": 2026, "deuda": 8.14, "valor_ip": 0.0, "coactiva": null, "ficharegis": 66352, "etam": 0.0833333333, "diferencia": -8.942e-07, "porc_difer": -6.2e-09, "admisible": 1, "deuda_anio": 0.0, "2019_csv_c": null, "clavecat_1": null, "2021__csv_": null, "2021__csv1": null, "2022__csv_": "3-23-85-16-000", "2022__csv1": "617-05-01-2023", "Clavepre": "3-23-85-16-000", "RESOLUCION": "617-05-01-2023", "ORIG_FID": 381 }, "geometry": { "type": "Point", "coordinates": [ -80.731216377567634, -1.005033315050142 ] } },
{ "type": "Feature", "properties": { "id": 87725, "lote_id": 94852, "clavecatas": "3-23-85-19-000", "zona": "3", "sector": "23", "manzana": "85", "lote": "19", "ph": "000", "propietari": "TUMBACO TIGUA WILLIAM BENITO", "documentop": "1310222037", "direccion": "URBIRRIOS II MZ 21-F LOTE 19", "area_m2": 144.0, "frente_uti": 8.0, "frente_tot": 8.0, "avaluo_con": 0.0, "avaluo_sue": 5184.0, "zonaurbano": "URBANA", "parroquia": "TARQUI", "esta_bloqu": "NO", "es_tercera": "NO", "tiene_elec": "NO", "tiene_agua": "NO", "tiene_alca": "NO", "observacio": "INGRESO NUEVO EN BASE AL REDISEÑO DE LOTE DE FECHA 21 DE FEBRERO DEL 2019 INF LUIS LOPEZ 18/03/2019. SE ACTUALIZA EN BASE A ESCRITURA DE ADJUDICACION INSCRITA EN EL REG. DE LA PROPIEDAD 13-03-2021. CECILIA C. - CAMBIO DE CLASIFICACIÓN: MEMORANDO MTA-DF", "observac_1": null, "barrio": "URBIRRIOS 2", "parroquia_": 3, "barrio_id": 1046, "proceso": 0, "fecha_regi": null, "activo_cat": "SI", "desactivad": 0, "avaluo_rem": 0.0, "avaluo_r_1": 0.0, "clasificac": "GENERAL", "anio_deuda": 0, "deuda": 0.0, "valor_ip": 0.0, "coactiva": null, "ficharegis": 73846, "etam": 0.0833333333, "diferencia": -2.08e-08, "porc_difer": -1e-10, "admisible": 1, "deuda_anio": 0.0, "2019_csv_c": null, "clavecat_1": null, "2021__csv_": null, "2021__csv1": null, "2022__csv_": "3-23-85-19-000", "2022__csv1": "617-05-01-2023", "Clavepre": "3-23-85-19-000", "RESOLUCION": "617-05-01-2023", "ORIG_FID": 382 }, "geometry": { "type": "Point", "coordinates": [ -80.731095613246211, -1.0048533988254 ] } },
{ "type": "Feature", "properties": { "id": 87726, "lote_id": 94853, "clavecatas": "3-23-85-20-000", "zona": "3", "sector": "23", "manzana": "85", "lote": "20", "ph": "000", "propietari": "TOALA MACIAS YESSENIA MARICELA", "documentop": "1308530748", "direccion": "URBIRRIOS II MZ 21-F LOTE 20", "area_m2": 144.0, "frente_uti": 8.0, "frente_tot": 8.0, "avaluo_con": 0.0, "avaluo_sue": 5184.0, "zonaurbano": "URBANA", "parroquia": "TARQUI", "esta_bloqu": "NO", "es_tercera": "NO", "tiene_elec": "NO", "tiene_agua": "NO", "tiene_alca": "NO", "observacio": "INGRESO NUEVO EN BASE AL REDISEÑO DE LOTE DE FECHA 21 DE FEBRERO DEL 2019 INF LUIS LOPEZ 18/03/2019 - CAMBIO DE CLASIFICACIÓN: MEMORANDO MTA-DFIN-MEM-160920211226, TRÁMITE TE090920211550 EN BASE A ART. 509 DEL COOTAD.-SE ACTUALIZA INFORMACION CON ESCR", "observac_1": null, "barrio": "URBIRRIOS 2", "parroquia_": 3, "barrio_id": 1046, "proceso": 0, "fecha_regi": null, "activo_cat": "SI", "desactivad": 0, "avaluo_rem": 0.0, "avaluo_r_1": 0.0, "clasificac": "GENERAL", "anio_deuda": 2024, "deuda": 31.93, "valor_ip": 0.0, "coactiva": null, "ficharegis": 66854, "etam": 0.0833333333, "diferencia": -3.72e-08, "porc_difer": -3e-10, "admisible": 1, "deuda_anio": 23.95, "2019_csv_c": null, "clavecat_1": null, "2021__csv_": null, "2021__csv1": null, "2022__csv_": "3-23-85-20-000", "2022__csv1": "617-05-01-2023", "Clavepre": "3-23-85-20-000", "RESOLUCION": "617-05-01-2023", "ORIG_FID": 383 }, "geometry": { "type": "Point", "coordinates": [ -80.731055358475032, -1.004793426750313 ] } },
{ "type": "Feature", "properties": { "id": 87728, "lote_id": 94854, "clavecatas": "3-23-85-22-000", "zona": "3", "sector": "23", "manzana": "85", "lote": "22", "ph": "000", "propietari": "SOLORZANO SANCHEZ MARJORIE ARACELY", "documentop": "1310102379", "direccion": "BARRIO URBIRRIOS II MZ 21-F LOTE 22", "area_m2": 144.0, "frente_uti": 8.0, "frente_tot": 8.0, "avaluo_con": 0.0, "avaluo_sue": 5184.0, "zonaurbano": "URBANA", "parroquia": "TARQUI", "esta_bloqu": "NO", "es_tercera": "NO", "tiene_elec": "NO", "tiene_agua": "NO", "tiene_alca": "NO", "observacio": "ING. NUEVO EN BASE AL REDISEÑO DE LOTE DE FECHA 02-21-2019 INF. LUIS L. 18/03/2019- ING. PARA CERT. EVAL. X LCDA. MARISOL A. ELAB. X LCDA. DELI CH.D. 26-08-2019.-  - CAMBIO DE CLASIFICACIÓN: MEMORANDO MTA-DFIN-MEM-160920211226, TRÁMITE TE090920211550", "observac_1": null, "barrio": "URBIRRIOS 2", "parroquia_": 3, "barrio_id": 1046, "proceso": 0, "fecha_regi": null, "activo_cat": "SI", "desactivad": 0, "avaluo_rem": 0.0, "avaluo_r_1": 0.0, "clasificac": "GENERAL", "anio_deuda": 2024, "deuda": 31.93, "valor_ip": 0.0, "coactiva": null, "ficharegis": 70809, "etam": 0.0833333333, "diferencia": -5.6e-09, "porc_difer": 0.0, "admisible": 1, "deuda_anio": 23.95, "2019_csv_c": null, "clavecat_1": null, "2021__csv_": null, "2021__csv1": null, "2022__csv_": "3-23-85-22-000", "2022__csv1": "617-05-01-2023", "Clavepre": "3-23-85-22-000", "RESOLUCION": "617-05-01-2023", "ORIG_FID": 384 }, "geometry": { "type": "Point", "coordinates": [ -80.730974848936569, -1.004673482599802 ] } },
{ "type": "Feature", "properties": { "id": 87729, "lote_id": 94855, "clavecatas": "3-23-85-23-000", "zona": "3", "sector": "23", "manzana": "85", "lote": "23", "ph": "000", "propietari": "ZAMBRANO ARTEAGA INDELICIA MARISOL", "documentop": "1308141876", "direccion": "URBIRIOS II 21 F LOTE 23", "area_m2": 144.0, "frente_uti": 8.0, "frente_tot": 8.0, "avaluo_con": 0.0, "avaluo_sue": 4432.32, "zonaurbano": "URBANA", "parroquia": "TARQUI", "esta_bloqu": "NO", "es_tercera": "NO", "tiene_elec": "NO", "tiene_agua": "NO", "tiene_alca": "NO", "observacio": "INGRESO NUEVO EN BASE AL REDISEÑO DE LOTE DE FECHA 21 DE FEBRERO DEL 2019 INF LUIS LOPEZ 18/03/2019 - CAMBIO DE CLASIFICACIÓN: MEMORANDO MTA-DFIN-MEM-160920211226, TRÁMITE TE090920211550 EN BASE A ART. 509 DEL COOTAD.SE ACTUALIZA INF EN BASE A ESCRITU", "observac_1": null, "barrio": "URBIRRIOS 2", "parroquia_": 3, "barrio_id": 1046, "proceso": 0, "fecha_regi": null, "activo_cat": "SI", "desactivad": 0, "avaluo_rem": 0.0, "avaluo_r_1": 0.0, "clasificac": "GENERAL", "anio_deuda": 2026, "deuda": 0.66, "valor_ip": 0.0, "coactiva": null, "ficharegis": 70824, "etam": 0.0833333333, "diferencia": 3.99e-08, "porc_difer": 3e-10, "admisible": 1, "deuda_anio": 0.0, "2019_csv_c": null, "clavecat_1": null, "2021__csv_": null, "2021__csv1": null, "2022__csv_": "3-23-85-23-000", "2022__csv1": "617-05-01-2023", "Clavepre": "3-23-85-23-000", "RESOLUCION": "617-05-01-2023", "ORIG_FID": 385 }, "geometry": { "type": "Point", "coordinates": [ -80.730934594169312, -1.004613510524379 ] } },
{ "type": "Feature", "properties": { "id": 87730, "lote_id": 94856, "clavecatas": "3-23-85-24-000", "zona": "3", "sector": "23", "manzana": "85", "lote": "24", "ph": "000", "propietari": "GOBIERNO AUTONOMO DESCENTRALIZADO MUNICIPAL DEL CANTON MANTA .", "documentop": "1360000980001", "direccion": "URBIRRIOS II MZ 21-F LOTE 24", "area_m2": 144.0, "frente_uti": 8.0, "frente_tot": 8.0, "avaluo_con": 0.0, "avaluo_sue": 5760.0, "zonaurbano": "URBANA", "parroquia": "TARQUI", "esta_bloqu": "NO", "es_tercera": "NO", "tiene_elec": "NO", "tiene_agua": "NO", "tiene_alca": "NO", "observacio": "INGRESO NUEVO EN BASE AL REDISEÑO DE LOTE DE FECHA 21 DE FEBRERO DEL 2019 INF LUIS LOPEZ 18/03/2019 - CAMBIO DE CLASIFICACIÓN: MEMORANDO MTA-DFIN-MEM-160920211226, TRÁMITE TE090920211550 EN BASE A ART. 509 DEL COOTAD.", "observac_1": null, "barrio": "URBIRRIOS 2", "parroquia_": 3, "barrio_id": 1046, "proceso": 0, "fecha_regi": null, "activo_cat": "SI", "desactivad": 0, "avaluo_rem": 0.0, "avaluo_r_1": 0.0, "clasificac": "POR LEGALIZAR", "anio_deuda": 0, "deuda": 0.0, "valor_ip": 0.0, "coactiva": null, "ficharegis": 0, "etam": 0.0833333333, "diferencia": 3e-10, "porc_difer": 0.0, "admisible": 1, "deuda_anio": 0.0, "2019_csv_c": null, "clavecat_1": null, "2021__csv_": null, "2021__csv1": null, "2022__csv_": "3-23-85-24-000", "2022__csv1": "617-05-01-2023", "Clavepre": "3-23-85-24-000", "RESOLUCION": "617-05-01-2023", "ORIG_FID": 386 }, "geometry": { "type": "Point", "coordinates": [ -80.730894339403349, -1.004553538448816 ] } },
{ "type": "Feature", "properties": { "id": 87731, "lote_id": 92298, "clavecatas": "3-23-85-25-000", "zona": "3", "sector": "23", "manzana": "85", "lote": "25", "ph": "000", "propietari": "GOBIERNO AUTONOMO DESCENTRALIZADO MUNICIPAL DEL CANTON MANTA .", "documentop": "1360000980001", "direccion": "URBIRRIOS II MZ 21-F LOTE 25", "area_m2": 144.0, "frente_uti": 8.0, "frente_tot": 8.0, "avaluo_con": 0.0, "avaluo_sue": 5760.0, "zonaurbano": "URBANA", "parroquia": "TARQUI", "esta_bloqu": "NO", "es_tercera": "NO", "tiene_elec": "NO", "tiene_agua": "NO", "tiene_alca": "NO", "observacio": "INGRESO NUEVO INF LUIS LOPEZ A FAVOR CALLE MACIAS GINGER ELIZABETH LA SER ESTABA UBICADA EL LA 3237048 EL MISMO QUE FUE AFECTADO POR VIA Y REUBUICADO A ESTE LOTE 27/02/2018  - CAMBIO DE CLASIFICACIÓN: MEMORANDO MTA-DFIN-MEM-160920211226, TRÁMITE TE0909", "observac_1": null, "barrio": "CAMINO A CORRALES", "parroquia_": 3, "barrio_id": 922, "proceso": 0, "fecha_regi": null, "activo_cat": "SI", "desactivad": 0, "avaluo_rem": 0.0, "avaluo_r_1": 0.0, "clasificac": "POR LEGALIZAR", "anio_deuda": 0, "deuda": 0.0, "valor_ip": 0.0, "coactiva": null, "ficharegis": 0, "etam": 0.0833333333, "diferencia": -1.13e-08, "porc_difer": -1e-10, "admisible": 1, "deuda_anio": 0.0, "2019_csv_c": null, "clavecat_1": null, "2021__csv_": null, "2021__csv1": null, "2022__csv_": "3-23-85-25-000", "2022__csv1": "617-05-01-2023", "Clavepre": "3-23-85-25-000", "RESOLUCION": "617-05-01-2023", "ORIG_FID": 387 }, "geometry": { "type": "Point", "coordinates": [ -80.730854084638722, -1.004493566373113 ] } },
{ "type": "Feature", "properties": { "id": 87732, "lote_id": 94857, "clavecatas": "3-23-85-26-000", "zona": "3", "sector": "23", "manzana": "85", "lote": "26", "ph": "000", "propietari": "GOBIERNO AUTONOMO DESCENTRALIZADO MUNICIPAL DEL CANTON MANTA .", "documentop": "1360000980001", "direccion": "URBIRRIOS II MZ 21-F LOTE 26", "area_m2": 144.0, "frente_uti": 8.0, "frente_tot": 8.0, "avaluo_con": 0.0, "avaluo_sue": 5760.0, "zonaurbano": "URBANA", "parroquia": "TARQUI", "esta_bloqu": "NO", "es_tercera": "NO", "tiene_elec": "NO", "tiene_agua": "NO", "tiene_alca": "NO", "observacio": "INGRESO NUEVO EN BASE AL REDISEÑO DE LOTE DE FECHA 21 DE FEBRERO DEL 2019 INF LUIS LOPEZ 18/03/2019 - CAMBIO DE CLASIFICACIÓN: MEMORANDO MTA-DFIN-MEM-160920211226, TRÁMITE TE090920211550 EN BASE A ART. 509 DEL COOTAD.", "observac_1": null, "barrio": "URBIRRIOS 2", "parroquia_": 3, "barrio_id": 1046, "proceso": 0, "fecha_regi": null, "activo_cat": "SI", "desactivad": 0, "avaluo_rem": 0.0, "avaluo_r_1": 0.0, "clasificac": "POR LEGALIZAR", "anio_deuda": 0, "deuda": 0.0, "valor_ip": 0.0, "coactiva": null, "ficharegis": 0, "etam": 0.0833333333, "diferencia": -1.64e-08, "porc_difer": -1e-10, "admisible": 1, "deuda_anio": 0.0, "2019_csv_c": null, "clavecat_1": null, "2021__csv_": null, "2021__csv1": null, "2022__csv_": "3-23-85-26-000", "2022__csv1": "617-05-01-2023", "Clavepre": "3-23-85-26-000", "RESOLUCION": "617-05-01-2023", "ORIG_FID": 388 }, "geometry": { "type": "Point", "coordinates": [ -80.730813829875359, -1.004433594297321 ] } },
{ "type": "Feature", "properties": { "id": 87735, "lote_id": 94861, "clavecatas": "3-23-85-29-000", "zona": "3", "sector": "23", "manzana": "85", "lote": "29", "ph": "000", "propietari": "CEDEÑO LOOR PAULA PETRONA", "documentop": "1306422302", "direccion": "URBIRRIOS II MZ 21-F LOTE 29", "area_m2": 252.0, "frente_uti": 32.0, "frente_tot": 32.0, "avaluo_con": 21504.0, "avaluo_sue": 9072.0, "zonaurbano": "URBANA", "parroquia": "TARQUI", "esta_bloqu": "NO", "es_tercera": "NO", "tiene_elec": "NO", "tiene_agua": "NO", "tiene_alca": "NO", "observacio": "INGRESO NUEVO EN BASE AL REDISEÑO DE LOTE DE FECHA 21 DE FEBRERO DEL 2019 INF LUIS LOPEZ 18/03/2019 - CAMBIO DE CLASIFICACIÓN: MEMORANDO MTA-DFIN-MEM-160920211226, TRÁMITE TE090920211550 EN BASE A ART. 509 DEL COOTAD.SE ACTUALIZA INF EN BASE A ESCRITU", "observac_1": null, "barrio": "URBIRRIOS 2", "parroquia_": 3, "barrio_id": 1046, "proceso": 0, "fecha_regi": null, "activo_cat": "SI", "desactivad": 0, "avaluo_rem": 0.0, "avaluo_r_1": 0.0, "clasificac": "GENERAL", "anio_deuda": 0, "deuda": 0.0, "valor_ip": 0.0, "coactiva": null, "ficharegis": 73628, "etam": 0.1259881577, "diferencia": 36.005010428399999, "porc_difer": 0.1428770255, "admisible": 0, "deuda_anio": 0.0, "2019_csv_c": null, "clavecat_1": null, "2021__csv_": null, "2021__csv1": null, "2022__csv_": "3-23-85-29-000", "2022__csv1": "617-05-01-2023", "Clavepre": "3-23-85-29-000", "RESOLUCION": "617-05-01-2023", "ORIG_FID": 389 }, "geometry": { "type": "Point", "coordinates": [ -80.730609329136982, -1.004419811197695 ] } },
{ "type": "Feature", "properties": { "id": 87736, "lote_id": 94891, "clavecatas": "3-23-86-01-000", "zona": "3", "sector": "23", "manzana": "86", "lote": "01", "ph": "000", "propietari": "GOBIERNO AUTONOMO DESCENTRALIZADO MUNICIPAL DEL CANTON MANTA .", "documentop": "1360000980001", "direccion": "URBIRRIOS II MZ 12-A LOTE 1", "area_m2": 168.0, "frente_uti": 26.0, "frente_tot": 26.0, "avaluo_con": 0.0, "avaluo_sue": 6720.0, "zonaurbano": "URBANA", "parroquia": "TARQUI", "esta_bloqu": "NO", "es_tercera": "NO", "tiene_elec": "SI", "tiene_agua": "SI", "tiene_alca": "NO", "observacio": "INGRESO NUEVO INF LUIS LOPEZ REDISEÑO DE URBORIOS II 19/03/2019 - CAMBIO DE CLASIFICACIÓN: MEMORANDO MTA-DFIN-MEM-160920211226, TRÁMITE TE090920211550 EN BASE A ART. 509 DEL COOTAD.", "observac_1": null, "barrio": "URBIRRIOS 2", "parroquia_": 3, "barrio_id": 1046, "proceso": 0, "fecha_regi": null, "activo_cat": "SI", "desactivad": 0, "avaluo_rem": 0.0, "avaluo_r_1": 0.0, "clasificac": "POR LEGALIZAR", "anio_deuda": 0, "deuda": 0.0, "valor_ip": 0.0, "coactiva": null, "ficharegis": 0, "etam": 0.077151675, "diferencia": 27.999999907900001, "porc_difer": 0.1666666661, "admisible": 0, "deuda_anio": 0.0, "2019_csv_c": null, "clavecat_1": null, "2021__csv_": null, "2021__csv1": null, "2022__csv_": "3-23-86-01-000", "2022__csv1": "617-05-01-2023", "Clavepre": "3-23-86-01-000", "RESOLUCION": "617-05-01-2023", "ORIG_FID": 390 }, "geometry": { "type": "Point", "coordinates": [ -80.724319175730571, -0.997249275475723 ] } },
{ "type": "Feature", "properties": { "id": 87750, "lote_id": 94905, "clavecatas": "3-23-86-15-000", "zona": "3", "sector": "23", "manzana": "86", "lote": "15", "ph": "000", "propietari": "GOBIERNO AUTONOMO DESCENTRALIZADO MUNICIPAL DEL CANTON MANTA .", "documentop": "1360000980001", "direccion": "URBIRRIOS II MZ 12-A LOTE 15", "area_m2": 144.0, "frente_uti": 8.0, "frente_tot": 8.0, "avaluo_con": 0.0, "avaluo_sue": 5760.0, "zonaurbano": "URBANA", "parroquia": "TARQUI", "esta_bloqu": "NO", "es_tercera": "NO", "tiene_elec": "NO", "tiene_agua": "NO", "tiene_alca": "NO", "observacio": "INGRESO NUEVO INF LUIS LOPEZ REDISEÑO DE URBORIOS II 19/03/2019 - CAMBIO DE CLASIFICACIÓN: MEMORANDO MTA-DFIN-MEM-160920211226, TRÁMITE TE090920211550 EN BASE A ART. 509 DEL COOTAD.", "observac_1": null, "barrio": "URBIRRIOS 2", "parroquia_": 3, "barrio_id": 1046, "proceso": 0, "fecha_regi": null, "activo_cat": "SI", "desactivad": 0, "avaluo_rem": 0.0, "avaluo_r_1": 0.0, "clasificac": "POR LEGALIZAR", "anio_deuda": 0, "deuda": 0.0, "valor_ip": 0.0, "coactiva": null, "ficharegis": 0, "etam": 0.0833333333, "diferencia": 1.79245e-05, "porc_difer": 1.245e-07, "admisible": 1, "deuda_anio": 0.0, "2019_csv_c": null, "clavecat_1": null, "2021__csv_": null, "2021__csv1": null, "2022__csv_": "3-23-86-15-000", "2022__csv1": "617-05-01-2023", "Clavepre": "3-23-86-15-000", "RESOLUCION": "617-05-01-2023", "ORIG_FID": 391 }, "geometry": { "type": "Point", "coordinates": [ -80.724758924904165, -0.997396898974406 ] } },
{ "type": "Feature", "properties": { "id": 87738, "lote_id": 94893, "clavecatas": "3-23-86-03-000", "zona": "3", "sector": "23", "manzana": "86", "lote": "03", "ph": "000", "propietari": "CEDEÑO DELGADO YELITZA CAROLINA", "documentop": "1317082392", "direccion": "BARRIO URBIRRIOS II MZ 12-A LOTE 3", "area_m2": 112.0, "frente_uti": 8.0, "frente_tot": 8.0, "avaluo_con": 0.0, "avaluo_sue": 4480.0, "zonaurbano": "URBANA", "parroquia": "TARQUI", "esta_bloqu": "NO", "es_tercera": "NO", "tiene_elec": "SI", "tiene_agua": "SI", "tiene_alca": "NO", "observacio": "INGR. NUEVO INF LUIS LOPEZ REDISEÑO DE URBORIOS II 19/03/2019.- ING. PARA CERT. EVALUADO X PERITO LCDA. M. ARTEAGA, ELAB. X LCDA. DELI CH.D. 25/07/2019.-SE CORRIGE AREA DE 112 A 120 M2 ACUERDO A LA CERTIF. DEL TRAMITE #TE130720200904 07/08/20 ARQ, LUPE", "observac_1": null, "barrio": "URBIRRIOS 2", "parroquia_": 3, "barrio_id": 1046, "proceso": 0, "fecha_regi": null, "activo_cat": "SI", "desactivad": 0, "avaluo_rem": 0.0, "avaluo_r_1": 0.0, "clasificac": "GENERAL", "anio_deuda": 2024, "deuda": 28.28, "valor_ip": 0.0, "coactiva": null, "ficharegis": 71060, "etam": 0.0944911183, "diferencia": 2.28e-08, "porc_difer": 2.0000000000000001e-10, "admisible": 1, "deuda_anio": 21.26, "2019_csv_c": null, "clavecat_1": null, "2021__csv_": null, "2021__csv1": null, "2022__csv_": "3-23-86-03-000", "2022__csv1": "617-05-01-2023", "Clavepre": "3-23-86-03-000", "RESOLUCION": "617-05-01-2023", "ORIG_FID": 392 }, "geometry": { "type": "Point", "coordinates": [ -80.724444562127232, -0.997161380123223 ] } },
{ "type": "Feature", "properties": { "id": 87739, "lote_id": 94894, "clavecatas": "3-23-86-04-000", "zona": "3", "sector": "23", "manzana": "86", "lote": "04", "ph": "000", "propietari": "GOBIERNO AUTONOMO DESCENTRALIZADO MUNICIPAL DEL CANTON MANTA .", "documentop": "1360000980001", "direccion": "URBIRRIOS II MZ 12-A LOTE 4", "area_m2": 120.0, "frente_uti": 8.0, "frente_tot": 8.0, "avaluo_con": 0.0, "avaluo_sue": 4320.0, "zonaurbano": "URBANA", "parroquia": "TARQUI", "esta_bloqu": "NO", "es_tercera": "NO", "tiene_elec": "NO", "tiene_agua": "NO", "tiene_alca": "NO", "observacio": "INGR.NUEVO INF LUIS LOPEZ REDISEÑO DE URBORIOS II 19/03/19 SE CORRIGE AREA DE 112 A 120 M2 CON CERTIF. # \r\nDE TRAMITE - TE130720200904 ARQ. LUPE LANDA 07/08/20... - CAMBIO DE CLASIFICACIÓN: MEMORANDO MTA-DFIN-MEM-160920211226, TRÁMITE TE090920211550 E", "observac_1": null, "barrio": "URBIRRIOS 2", "parroquia_": 3, "barrio_id": 1046, "proceso": 0, "fecha_regi": null, "activo_cat": "SI", "desactivad": 0, "avaluo_rem": 0.0, "avaluo_r_1": 0.0, "clasificac": "POR LEGALIZAR", "anio_deuda": 0, "deuda": 0.0, "valor_ip": 0.0, "coactiva": null, "ficharegis": 71061, "etam": 0.0912870929, "diferencia": 8.0000000136999994, "porc_difer": 0.0666666668, "admisible": 1, "deuda_anio": 0.0, "2019_csv_c": null, "clavecat_1": null, "2021__csv_": null, "2021__csv1": null, "2022__csv_": "3-23-86-04-000", "2022__csv1": "617-05-01-2023", "Clavepre": "3-23-86-04-000", "RESOLUCION": "617-05-01-2023", "ORIG_FID": 393 }, "geometry": { "type": "Point", "coordinates": [ -80.724503567488298, -0.997120017602069 ] } },
{ "type": "Feature", "properties": { "id": 87741, "lote_id": 94896, "clavecatas": "3-23-86-06-000", "zona": "3", "sector": "23", "manzana": "86", "lote": "06", "ph": "000", "propietari": "GOBIERNO AUTONOMO DESCENTRALIZADO MUNICIPAL DEL CANTON MANTA .", "documentop": "1360000980001", "direccion": "URBIRRIOS II MZ 12-A LOTE 6", "area_m2": 180.0, "frente_uti": 28.0, "frente_tot": 28.0, "avaluo_con": 19353.6, "avaluo_sue": 7200.0, "zonaurbano": "URBANA", "parroquia": "TARQUI", "esta_bloqu": "NO", "es_tercera": "NO", "tiene_elec": "NO", "tiene_agua": "NO", "tiene_alca": "NO", "observacio": "INGRESO NUEVO INF LUIS LOPEZ REDISEÑO DE URBORIOS II 19/03/2019 - CAMBIO DE CLASIFICACIÓN: MEMORANDO MTA-DFIN-MEM-160920211226, TRÁMITE TE090920211550 EN BASE A ART. 509 DEL COOTAD.", "observac_1": null, "barrio": "URBIRRIOS 2", "parroquia_": 3, "barrio_id": 1046, "proceso": 0, "fecha_regi": null, "activo_cat": "SI", "desactivad": 0, "avaluo_rem": 0.0, "avaluo_r_1": 0.0, "clasificac": "POR LEGALIZAR", "anio_deuda": 0, "deuda": 0.0, "valor_ip": 0.0, "coactiva": null, "ficharegis": 0, "etam": 0.0745355992, "diferencia": 3e-10, "porc_difer": 0.0, "admisible": 1, "deuda_anio": 0.0, "2019_csv_c": null, "clavecat_1": null, "2021__csv_": null, "2021__csv1": null, "2022__csv_": "3-23-86-06-000", "2022__csv1": "617-05-01-2023", "Clavepre": "3-23-86-06-000", "RESOLUCION": "617-05-01-2023", "ORIG_FID": 394 }, "geometry": { "type": "Point", "coordinates": [ -80.724421958504692, -0.997421586581596 ] } },
{ "type": "Feature", "properties": { "id": 87742, "lote_id": 94897, "clavecatas": "3-23-86-07-000", "zona": "3", "sector": "23", "manzana": "86", "lote": "07", "ph": "000", "propietari": "VARGAS TIGUA NORMA ELIZABETH", "documentop": "1309296281", "direccion": "URBIRRIOS II MZ 12-A LOTE 7", "area_m2": 144.0, "frente_uti": 8.0, "frente_tot": 8.0, "avaluo_con": 7722.0, "avaluo_sue": 5184.0, "zonaurbano": "URBANA", "parroquia": "TARQUI", "esta_bloqu": "NO", "es_tercera": "NO", "tiene_elec": "NO", "tiene_agua": "NO", "tiene_alca": "NO", "observacio": "INGRESO NUEVO INF LUIS LOPEZ REDISEÑO DE URBORIOS II 19/03/2019 - CAMBIO DE CLASIFICACIÓN: MEMORANDO MTA-DFIN-MEM-160920211226, TRÁMITE TE090920211550 EN BASE A ART. 509 DEL COOTAD.-SE ACTUALIZA INFORMACION CON ESCRITURA DE ADJ.CON PROH.DE ENAJ.INSCRI", "observac_1": null, "barrio": "URBIRRIOS 2", "parroquia_": 3, "barrio_id": 1046, "proceso": 0, "fecha_regi": null, "activo_cat": "SI", "desactivad": 0, "avaluo_rem": 0.0, "avaluo_r_1": 0.0, "clasificac": "GENERAL", "anio_deuda": 2026, "deuda": 7.37, "valor_ip": 0.0, "coactiva": null, "ficharegis": 71064, "etam": 0.0833333333, "diferencia": -1.41e-08, "porc_difer": -1e-10, "admisible": 1, "deuda_anio": 0.0, "2019_csv_c": null, "clavecat_1": null, "2021__csv_": null, "2021__csv1": null, "2022__csv_": "3-23-86-07-000", "2022__csv1": "617-05-01-2023", "Clavepre": "3-23-86-07-000", "RESOLUCION": "617-05-01-2023", "ORIG_FID": 395 }, "geometry": { "type": "Point", "coordinates": [ -80.724489973929096, -0.997377509983484 ] } },
{ "type": "Feature", "properties": { "id": 87743, "lote_id": 94898, "clavecatas": "3-23-86-08-000", "zona": "3", "sector": "23", "manzana": "86", "lote": "08", "ph": "000", "propietari": "CALDERON CEVALLOS MARJORIE ELIZABETH", "documentop": "1309291126", "direccion": "BARRIO URBIRRIOS II MZ. 12-A LOTE 08", "area_m2": 144.0, "frente_uti": 8.0, "frente_tot": 8.0, "avaluo_con": 2412.0, "avaluo_sue": 5184.0, "zonaurbano": "URBANA", "parroquia": "TARQUI", "esta_bloqu": "NO", "es_tercera": "NO", "tiene_elec": "SI", "tiene_agua": "SI", "tiene_alca": "NO", "observacio": "INGR. NUEVO INF. L. LOPEZ REDISEÑO DE URBORRIOS II 19/03/2019.- ING. EN LINEA PARA CERT. EVAL. X LCDA. MARISOL A. ELAB. X LCDA. DELI CH.D. 18-10-2019.-  - CAMBIO DE CLASIFICACIÓN: MEMORANDO MTA-DFIN-MEM-160920211226, TRÁMITE TE090920211550 EN BASE A A", "observac_1": null, "barrio": "URBIRRIOS 2", "parroquia_": 3, "barrio_id": 1046, "proceso": 0, "fecha_regi": null, "activo_cat": "SI", "desactivad": 0, "avaluo_rem": 0.0, "avaluo_r_1": 0.0, "clasificac": "GENERAL", "anio_deuda": 2026, "deuda": 9.59, "valor_ip": 0.0, "coactiva": null, "ficharegis": 71065, "etam": 0.0833333333, "diferencia": 5.0000000000000003e-10, "porc_difer": 0.0, "admisible": 1, "deuda_anio": 0.0, "2019_csv_c": null, "clavecat_1": null, "2021__csv_": null, "2021__csv1": null, "2022__csv_": "3-23-86-08-000", "2022__csv1": "617-05-01-2023", "Clavepre": "3-23-86-08-000", "RESOLUCION": "617-05-01-2023", "ORIG_FID": 396 }, "geometry": { "type": "Point", "coordinates": [ -80.724550432082793, -0.99733833078354 ] } },
{ "type": "Feature", "properties": { "id": 87744, "lote_id": 94899, "clavecatas": "3-23-86-09-000", "zona": "3", "sector": "23", "manzana": "86", "lote": "09", "ph": "000", "propietari": "GOBIERNO AUTONOMO DESCENTRALIZADO MUNICIPAL DEL CANTON MANTA .", "documentop": "1360000980001", "direccion": "URBIRRIOS II MZ 12-A LOTE 9", "area_m2": 144.0, "frente_uti": 8.0, "frente_tot": 8.0, "avaluo_con": 0.0, "avaluo_sue": 5760.0, "zonaurbano": "URBANA", "parroquia": "TARQUI", "esta_bloqu": "NO", "es_tercera": "NO", "tiene_elec": "NO", "tiene_agua": "NO", "tiene_alca": "NO", "observacio": "INGRESO NUEVO INF LUIS LOPEZ REDISEÑO DE URBORIOS II 19/03/2019 - CAMBIO DE CLASIFICACIÓN: MEMORANDO MTA-DFIN-MEM-160920211226, TRÁMITE TE090920211550 EN BASE A ART. 509 DEL COOTAD.", "observac_1": null, "barrio": "URBIRRIOS 2", "parroquia_": 3, "barrio_id": 1046, "proceso": 0, "fecha_regi": null, "activo_cat": "SI", "desactivad": 0, "avaluo_rem": 0.0, "avaluo_r_1": 0.0, "clasificac": "POR LEGALIZAR", "anio_deuda": 0, "deuda": 0.0, "valor_ip": 0.0, "coactiva": null, "ficharegis": 0, "etam": 0.0833333333, "diferencia": -1.53e-08, "porc_difer": -1e-10, "admisible": 1, "deuda_anio": 0.0, "2019_csv_c": null, "clavecat_1": null, "2021__csv_": null, "2021__csv1": null, "2022__csv_": "3-23-86-09-000", "2022__csv1": "617-05-01-2023", "Clavepre": "3-23-86-09-000", "RESOLUCION": "617-05-01-2023", "ORIG_FID": 397 }, "geometry": { "type": "Point", "coordinates": [ -80.72461089023524, -0.997299151582086 ] } },
{ "type": "Feature", "properties": { "id": 87745, "lote_id": 94900, "clavecatas": "3-23-86-10-000", "zona": "3", "sector": "23", "manzana": "86", "lote": "10", "ph": "000", "propietari": "GOBIERNO AUTONOMO DESCENTRALIZADO MUNICIPAL DEL CANTON MANTA .", "documentop": "1360000980001", "direccion": "BARRIO URBIRRIOS II MZ 12-A LOTE 10", "area_m2": 144.0, "frente_uti": 8.0, "frente_tot": 8.0, "avaluo_con": 0.0, "avaluo_sue": 5760.0, "zonaurbano": "URBANA", "parroquia": "TARQUI", "esta_bloqu": "NO", "es_tercera": "NO", "tiene_elec": "NO", "tiene_agua": "NO", "tiene_alca": "NO", "observacio": "ING. NUEVO INF LUIS LOPEZ REDISEÑO DE URBORIOS II 19/03/2019.- ING. PARA CERT. EVAL. X LCDA. MARISOL A. ELAB. X LCDA. DELI CH.D. 26-08-2019.-  - CAMBIO DE CLASIFICACIÓN: MEMORANDO MTA-DFIN-MEM-160920211226, TRÁMITE TE090920211550 EN BASE A ART. 509 DE", "observac_1": null, "barrio": "URBIRRIOS 2", "parroquia_": 3, "barrio_id": 1046, "proceso": 0, "fecha_regi": null, "activo_cat": "SI", "desactivad": 0, "avaluo_rem": 0.0, "avaluo_r_1": 0.0, "clasificac": "POR LEGALIZAR", "anio_deuda": 0, "deuda": 0.0, "valor_ip": 0.0, "coactiva": null, "ficharegis": 0, "etam": 0.0833333333, "diferencia": -1.3e-09, "porc_difer": 0.0, "admisible": 1, "deuda_anio": 0.0, "2019_csv_c": null, "clavecat_1": null, "2021__csv_": null, "2021__csv1": null, "2022__csv_": "3-23-86-10-000", "2022__csv1": "617-05-01-2023", "Clavepre": "3-23-86-10-000", "RESOLUCION": "617-05-01-2023", "ORIG_FID": 398 }, "geometry": { "type": "Point", "coordinates": [ -80.724671348386451, -0.997259972379088 ] } },
{ "type": "Feature", "properties": { "id": 87746, "lote_id": 94901, "clavecatas": "3-23-86-11-000", "zona": "3", "sector": "23", "manzana": "86", "lote": "11", "ph": "000", "propietari": "GOBIERNO AUTONOMO DESCENTRALIZADO MUNICIPAL DEL CANTON MANTA .", "documentop": "1360000980001", "direccion": "URBIRIOS II MZ 12-A LOTE 11", "area_m2": 180.0, "frente_uti": 10.0, "frente_tot": 10.0, "avaluo_con": 0.0, "avaluo_sue": 7200.0, "zonaurbano": "URBANA", "parroquia": "TARQUI", "esta_bloqu": "NO", "es_tercera": "NO", "tiene_elec": "NO", "tiene_agua": "NO", "tiene_alca": "NO", "observacio": "INGRESO NUEVO INF LUIS LOPEZ REDISEÑO DE URBORIOS II 19/03/2019 - CAMBIO DE CLASIFICACIÓN: MEMORANDO MTA-DFIN-MEM-160920211226, TRÁMITE TE090920211550 EN BASE A ART. 509 DEL COOTAD.", "observac_1": null, "barrio": "URBIRRIOS 2", "parroquia_": 3, "barrio_id": 1046, "proceso": 0, "fecha_regi": null, "activo_cat": "SI", "desactivad": 0, "avaluo_rem": 0.0, "avaluo_r_1": 0.0, "clasificac": "POR LEGALIZAR", "anio_deuda": 0, "deuda": 0.0, "valor_ip": 0.0, "coactiva": null, "ficharegis": 0, "etam": 0.0745355992, "diferencia": 3.97e-08, "porc_difer": 2.0000000000000001e-10, "admisible": 1, "deuda_anio": 0.0, "2019_csv_c": null, "clavecat_1": null, "2021__csv_": null, "2021__csv1": null, "2022__csv_": "3-23-86-11-000", "2022__csv1": "617-05-01-2023", "Clavepre": "3-23-86-11-000", "RESOLUCION": "617-05-01-2023", "ORIG_FID": 399 }, "geometry": { "type": "Point", "coordinates": [ -80.724509535018413, -0.997558513183119 ] } },
{ "type": "Feature", "properties": { "id": 87747, "lote_id": 94902, "clavecatas": "3-23-86-12-000", "zona": "3", "sector": "23", "manzana": "86", "lote": "12", "ph": "000", "propietari": "GOBIERNO AUTONOMO DESCENTRALIZADO MUNICIPAL DEL CANTON MANTA .", "documentop": "1360000980001", "direccion": "URBIRRIOS II MZ 12-A LOTE 12", "area_m2": 144.0, "frente_uti": 8.0, "frente_tot": 8.0, "avaluo_con": 0.0, "avaluo_sue": 5760.0, "zonaurbano": "URBANA", "parroquia": "TARQUI", "esta_bloqu": "NO", "es_tercera": "NO", "tiene_elec": "NO", "tiene_agua": "NO", "tiene_alca": "NO", "observacio": "INGRESO NUEVO INF LUIS LOPEZ REDISEÑO DE URBORIOS II 19/03/2019 - CAMBIO DE CLASIFICACIÓN: MEMORANDO MTA-DFIN-MEM-160920211226, TRÁMITE TE090920211550 EN BASE A ART. 509 DEL COOTAD.", "observac_1": null, "barrio": "URBIRRIOS 2", "parroquia_": 3, "barrio_id": 1046, "proceso": 0, "fecha_regi": null, "activo_cat": "SI", "desactivad": 0, "avaluo_rem": 0.0, "avaluo_r_1": 0.0, "clasificac": "POR LEGALIZAR", "anio_deuda": 0, "deuda": 0.0, "valor_ip": 0.0, "coactiva": null, "ficharegis": 0, "etam": 0.0833333333, "diferencia": 1.91e-08, "porc_difer": 1e-10, "admisible": 1, "deuda_anio": 0.0, "2019_csv_c": null, "clavecat_1": null, "2021__csv_": null, "2021__csv1": null, "2022__csv_": "3-23-86-12-000", "2022__csv1": "617-05-01-2023", "Clavepre": "3-23-86-12-000", "RESOLUCION": "617-05-01-2023", "ORIG_FID": 400 }, "geometry": { "type": "Point", "coordinates": [ -80.724577550445474, -0.997514436583683 ] } },
{ "type": "Feature", "properties": { "id": 87751, "lote_id": 94906, "clavecatas": "3-23-86-16-000", "zona": "3", "sector": "23", "manzana": "86", "lote": "16", "ph": "000", "propietari": "GOBIERNO AUTONOMO DESCENTRALIZADO MUNICIPAL DEL CANTON MANTA .", "documentop": "1360000980001", "direccion": "URBIRRIOS II MZ 12-A LOTE 16", "area_m2": 144.0, "frente_uti": 8.0, "frente_tot": 8.0, "avaluo_con": 0.0, "avaluo_sue": 5760.0, "zonaurbano": "URBANA", "parroquia": "TARQUI", "esta_bloqu": "NO", "es_tercera": "NO", "tiene_elec": "NO", "tiene_agua": "NO", "tiene_alca": "NO", "observacio": "INGRESO NUEVO INF LUIS LOPEZ REDISEÑO DE URBORIOS II 19/03/2019 - CAMBIO DE CLASIFICACIÓN: MEMORANDO MTA-DFIN-MEM-160920211226, TRÁMITE TE090920211550 EN BASE A ART. 509 DEL COOTAD.", "observac_1": null, "barrio": "URBIRRIOS 2", "parroquia_": 3, "barrio_id": 1046, "proceso": 0, "fecha_regi": null, "activo_cat": "SI", "desactivad": 0, "avaluo_rem": 0.0, "avaluo_r_1": 0.0, "clasificac": "POR LEGALIZAR", "anio_deuda": 0, "deuda": 0.0, "valor_ip": 0.0, "coactiva": null, "ficharegis": 0, "etam": 0.0833333333, "diferencia": 3.333e-05, "porc_difer": 2.315e-07, "admisible": 1, "deuda_anio": 0.0, "2019_csv_c": null, "clavecat_1": null, "2021__csv_": null, "2021__csv1": null, "2022__csv_": "3-23-86-16-000", "2022__csv1": "617-05-01-2023", "Clavepre": "3-23-86-16-000", "RESOLUCION": "617-05-01-2023", "ORIG_FID": 401 }, "geometry": { "type": "Point", "coordinates": [ -80.724886942476061, -0.99763121620719 ] } },
{ "type": "Feature", "properties": { "id": 87752, "lote_id": 94907, "clavecatas": "3-23-86-17-000", "zona": "3", "sector": "23", "manzana": "86", "lote": "17", "ph": "000", "propietari": "GOBIERNO AUTONOMO DESCENTRALIZADO MUNICIPAL DEL CANTON MANTA .", "documentop": "1360000980001", "direccion": "URBIRRIOS II MZ 12-A LOTE 17", "area_m2": 144.0, "frente_uti": 8.0, "frente_tot": 8.0, "avaluo_con": 0.0, "avaluo_sue": 5760.0, "zonaurbano": "URBANA", "parroquia": "TARQUI", "esta_bloqu": "NO", "es_tercera": "NO", "tiene_elec": "NO", "tiene_agua": "NO", "tiene_alca": "NO", "observacio": "INGRESO NUEVO INF LUIS LOPEZ REDISEÑO DE URBORIOS II 19/03/2019 - CAMBIO DE CLASIFICACIÓN: MEMORANDO MTA-DFIN-MEM-160920211226, TRÁMITE TE090920211550 EN BASE A ART. 509 DEL COOTAD.", "observac_1": null, "barrio": "URBIRRIOS 2", "parroquia_": 3, "barrio_id": 1046, "proceso": 0, "fecha_regi": null, "activo_cat": "SI", "desactivad": 0, "avaluo_rem": 0.0, "avaluo_r_1": 0.0, "clasificac": "POR LEGALIZAR", "anio_deuda": 0, "deuda": 0.0, "valor_ip": 0.0, "coactiva": null, "ficharegis": 0, "etam": 0.0833333333, "diferencia": 9.99431e-05, "porc_difer": 6.94e-07, "admisible": 1, "deuda_anio": 0.0, "2019_csv_c": null, "clavecat_1": null, "2021__csv_": null, "2021__csv1": null, "2022__csv_": "3-23-86-17-000", "2022__csv1": "617-05-01-2023", "Clavepre": "3-23-86-17-000", "RESOLUCION": "617-05-01-2023", "ORIG_FID": 402 }, "geometry": { "type": "Point", "coordinates": [ -80.724826486648496, -0.997670399055913 ] } },
{ "type": "Feature", "properties": { "id": 87753, "lote_id": 94908, "clavecatas": "3-23-86-18-000", "zona": "3", "sector": "23", "manzana": "86", "lote": "18", "ph": "000", "propietari": "RODRIGUEZ MIRANDA ISSIS KAROLINA", "documentop": "1311366486", "direccion": "BARRIO URBIRRIOS II MZ. 12-A LOTE 18", "area_m2": 144.0, "frente_uti": 8.0, "frente_tot": 8.0, "avaluo_con": 3948.0, "avaluo_sue": 5760.0, "zonaurbano": "URBANA", "parroquia": "TARQUI", "esta_bloqu": "NO", "es_tercera": "NO", "tiene_elec": "NO", "tiene_agua": "NO", "tiene_alca": "NO", "observacio": "INGRESO NUEVO INF LUIS LOPEZ REDISEÑO DE URBORIOS II 19/03/2019.- INGR. EN LINEA PARA CERT. REV. X LCDA. MARISOL A. ELAB. X LCDA. DELI CH.D. MARZO 03-2020.-  - CAMBIO DE CLASIFICACIÓN: MEMORANDO MTA-DFIN-MEM-160920211226, TRÁMITE TE090920211550 EN BAS", "observac_1": null, "barrio": "URBIRRIOS 2", "parroquia_": 3, "barrio_id": 1046, "proceso": 0, "fecha_regi": null, "activo_cat": "SI", "desactivad": 0, "avaluo_rem": 0.0, "avaluo_r_1": 0.0, "clasificac": "INSTITUCIONES PUBLICAS", "anio_deuda": 2025, "deuda": 26.6, "valor_ip": 0.0, "coactiva": null, "ficharegis": 71665, "etam": 0.0833333333, "diferencia": 0.0001665548, "porc_difer": 1.1566e-06, "admisible": 1, "deuda_anio": 15.26, "2019_csv_c": null, "clavecat_1": null, "2021__csv_": null, "2021__csv1": null, "2022__csv_": "3-23-86-18-000", "2022__csv1": "617-05-01-2023", "Clavepre": "3-23-86-18-000", "RESOLUCION": "617-05-01-2023", "ORIG_FID": 403 }, "geometry": { "type": "Point", "coordinates": [ -80.72476603081968, -0.997709581903127 ] } },
{ "type": "Feature", "properties": { "id": 87754, "lote_id": 94909, "clavecatas": "3-23-86-19-000", "zona": "3", "sector": "23", "manzana": "86", "lote": "19", "ph": "000", "propietari": "GOBIERNO AUTONOMO DESCENTRALIZADO MUNICIPAL DEL CANTON MANTA .", "documentop": "1360000980001", "direccion": "URBIRRIOS II MZ 12-A LOTE 19", "area_m2": 162.0, "frente_uti": 27.0, "frente_tot": 27.0, "avaluo_con": 0.0, "avaluo_sue": 6480.0, "zonaurbano": "URBANA", "parroquia": "TARQUI", "esta_bloqu": "NO", "es_tercera": "NO", "tiene_elec": "NO", "tiene_agua": "NO", "tiene_alca": "NO", "observacio": "INGRESO NUEVO INF LUIS LOPEZ REDISEÑO DE URBORIOS II 19/03/2019 - CAMBIO DE CLASIFICACIÓN: MEMORANDO MTA-DFIN-MEM-160920211226, TRÁMITE TE090920211550 EN BASE A ART. 509 DEL COOTAD.", "observac_1": null, "barrio": "URBIRRIOS 2", "parroquia_": 3, "barrio_id": 1046, "proceso": 0, "fecha_regi": null, "activo_cat": "SI", "desactivad": 0, "avaluo_rem": 0.0, "avaluo_r_1": 0.0, "clasificac": "POR LEGALIZAR", "anio_deuda": 0, "deuda": 0.0, "valor_ip": 0.0, "coactiva": null, "ficharegis": 0, "etam": 0.0785674201, "diferencia": -2.2e-09, "porc_difer": 0.0, "admisible": 1, "deuda_anio": 0.0, "2019_csv_c": null, "clavecat_1": null, "2021__csv_": null, "2021__csv1": null, "2022__csv_": "3-23-86-19-000", "2022__csv1": "617-05-01-2023", "Clavepre": "3-23-86-19-000", "RESOLUCION": "617-05-01-2023", "ORIG_FID": 404 }, "geometry": { "type": "Point", "coordinates": [ -80.724645893991195, -0.997739023839483 ] } },
{ "type": "Feature", "properties": { "id": 87755, "lote_id": 94910, "clavecatas": "3-23-86-20-000", "zona": "3", "sector": "23", "manzana": "86", "lote": "20", "ph": "000", "propietari": "GOBIERNO AUTONOMO DESCENTRALIZADO MUNICIPAL DEL CANTON MANTA .", "documentop": "1360000980001", "direccion": "BARRIO URBIRRIOS II MZ. 12-A LOTE 20", "area_m2": 162.0, "frente_uti": 9.0, "frente_tot": 9.0, "avaluo_con": 1950.0, "avaluo_sue": 6480.0, "zonaurbano": "URBANA", "parroquia": "TARQUI", "esta_bloqu": "NO", "es_tercera": "NO", "tiene_elec": "NO", "tiene_agua": "NO", "tiene_alca": "NO", "observacio": "INGR. NUEVO INF LUIS LOPEZ REDISEÑO DE URBIRRIOS II 19/03/19- INGR. EN LINEA PARA CERT. REV.X LCDA. MARISOL A. ELAB.X LCDA. DELI CH.D. 21-02-2020.-  - CAMBIO DE CLASIFICACIÓN: MEMORANDO MTA-DFIN-MEM-160920211226, TRÁMITE TE090920211550 EN BASE A ART.", "observac_1": null, "barrio": "URBIRRIOS 2", "parroquia_": 3, "barrio_id": 1046, "proceso": 0, "fecha_regi": null, "activo_cat": "SI", "desactivad": 0, "avaluo_rem": 0.0, "avaluo_r_1": 0.0, "clasificac": "POR LEGALIZAR", "anio_deuda": 0, "deuda": 0.0, "valor_ip": 0.0, "coactiva": null, "ficharegis": 0, "etam": 0.0785674201, "diferencia": 0.0002248345, "porc_difer": 1.3879e-06, "admisible": 1, "deuda_anio": 0.0, "2019_csv_c": null, "clavecat_1": null, "2021__csv_": null, "2021__csv1": null, "2022__csv_": "3-23-86-20-000", "2022__csv1": "617-05-01-2023", "Clavepre": "3-23-86-20-000", "RESOLUCION": "617-05-01-2023", "ORIG_FID": 405 }, "geometry": { "type": "Point", "coordinates": [ -80.724689686300252, -0.99780748445086 ] } },
{ "type": "Feature", "properties": { "id": 87756, "lote_id": 94911, "clavecatas": "3-23-86-21-000", "zona": "3", "sector": "23", "manzana": "86", "lote": "21", "ph": "000", "propietari": "MERO CASTILLO MARIA LORENA", "documentop": "1312289422", "direccion": "URBIRRIOS II MZ 12-A LOTE 21", "area_m2": 162.0, "frente_uti": 9.0, "frente_tot": 9.0, "avaluo_con": 0.0, "avaluo_sue": 6480.0, "zonaurbano": "URBANA", "parroquia": "TARQUI", "esta_bloqu": "NO", "es_tercera": "NO", "tiene_elec": "NO", "tiene_agua": "NO", "tiene_alca": "NO", "observacio": "INGRESO NUEVO INF LUIS LOPEZ REDISEÑO DE URBORIOS II 19/03/2019 - CAMBIO DE CLASIFICACIÓN: MEMORANDO MTA-DFIN-MEM-160920211226, TRÁMITE TE090920211550 EN BASE A ART. 509 DEL COOTAD.-SE ACTUALIZA INFORMACION CON ESCRITURA DE ADJ.CON PROH.DE ENAJ.INSCRI", "observac_1": null, "barrio": "URBIRRIOS 2", "parroquia_": 3, "barrio_id": 1046, "proceso": 0, "fecha_regi": null, "activo_cat": "SI", "desactivad": 0, "avaluo_rem": 0.0, "avaluo_r_1": 0.0, "clasificac": "GENERAL", "anio_deuda": 0, "deuda": 0.0, "valor_ip": 0.0, "coactiva": null, "ficharegis": 73255, "etam": 0.0785674201, "diferencia": 0.0144809665, "porc_difer": 8.93887e-05, "admisible": 1, "deuda_anio": 0.0, "2019_csv_c": null, "clavecat_1": null, "2021__csv_": null, "2021__csv1": null, "2022__csv_": "3-23-86-21-000", "2022__csv1": "617-05-01-2023", "Clavepre": "3-23-86-21-000", "RESOLUCION": "617-05-01-2023", "ORIG_FID": 406 }, "geometry": { "type": "Point", "coordinates": [ -80.724733478822259, -0.997875940580118 ] } },
{ "type": "Feature", "properties": { "id": 87757, "lote_id": 94916, "clavecatas": "3-23-87-01-000", "zona": "3", "sector": "23", "manzana": "87", "lote": "01", "ph": "000", "propietari": "GOBIERNO AUTÓNOMO DESCENTRALIZADO DE MANTA .", "documentop": "1360000980001", "direccion": "URBIRRIOS II MZ 20-A LOTE 1", "area_m2": 120.0, "frente_uti": 23.0, "frente_tot": 23.0, "avaluo_con": 0.0, "avaluo_sue": 3600.0, "zonaurbano": "URBANA", "parroquia": "TARQUI", "esta_bloqu": "NO", "es_tercera": "NO", "tiene_elec": "NO", "tiene_agua": "NO", "tiene_alca": "NO", "observacio": "INGRESO NUEVO INF LUIS LOPEZ 20/03/2019 REDISEÑO DE URBIRIOS II// - CAMBIO DE CLASIFICACIÓN: MEMORANDO MTA-DFIN-MEM-160920211226, TRÁMITE TE090920211550 EN BASE A ART. 509 DEL COOTAD.SE CORRIGE AREA Y LOTE CON LISTA DE 228 PREDIOS 10/02/23 ARQ. LUPE L", "observac_1": null, "barrio": "URBIRRIOS 2", "parroquia_": 3, "barrio_id": 1046, "proceso": 0, "fecha_regi": null, "activo_cat": "SI", "desactivad": 0, "avaluo_rem": 0.0, "avaluo_r_1": 0.0, "clasificac": "PROPIEDADES MUNICIPALES", "anio_deuda": 0, "deuda": 0.0, "valor_ip": 0.0, "coactiva": null, "ficharegis": 0, "etam": 0.0912870929, "diferencia": -0.2084195498, "porc_difer": -0.0017368296, "admisible": 1, "deuda_anio": 0.0, "2019_csv_c": null, "clavecat_1": null, "2021__csv_": null, "2021__csv1": null, "2022__csv_": "3-23-87-01-000", "2022__csv1": "617-05-01-2023", "Clavepre": "3-23-87-01-000", "RESOLUCION": "617-05-01-2023", "ORIG_FID": 407 }, "geometry": { "type": "Point", "coordinates": [ -80.731185581291584, -1.005349493035893 ] } },
{ "type": "Feature", "properties": { "id": 87758, "lote_id": 102288, "clavecatas": "3-23-87-02-000", "zona": "3", "sector": "23", "manzana": "87", "lote": "02", "ph": "000", "propietari": "GOBIERNO AUTONOMO DESCENTRALIZADO  MUNICIPAL MANTA .", "documentop": "1360000980001", "direccion": "B. URBIRRIOS II - MZ-20-A LOTE- 02", "area_m2": 120.0, "frente_uti": 8.0, "frente_tot": 8.0, "avaluo_con": 0.0, "avaluo_sue": 4800.0, "zonaurbano": "URBANA", "parroquia": "TARQUI", "esta_bloqu": "NO", "es_tercera": "NO", "tiene_elec": "NO", "tiene_agua": "NO", "tiene_alca": "NO", "observacio": "SE INGRESA LOS DATOS EN ESTA CLAVE DE ACUERDO AL LISTADC DE 228 PREDIOS A LEGALIZAR. INF ARQ. PEDRO RIOS 10/02/23 ARQ. LUPE LANDA", "observac_1": null, "barrio": "URBIRRIOS 2", "parroquia_": 3, "barrio_id": 1046, "proceso": 0, "fecha_regi": null, "activo_cat": "SI", "desactivad": 0, "avaluo_rem": 0.0, "avaluo_r_1": 0.0, "clasificac": "POR LEGALIZAR", "anio_deuda": 0, "deuda": 0.0, "valor_ip": 0.0, "coactiva": null, "ficharegis": 0, "etam": 0.0912870929, "diferencia": -0.1385050328, "porc_difer": -0.0011542086, "admisible": 1, "deuda_anio": 0.0, "2019_csv_c": null, "clavecat_1": null, "2021__csv_": null, "2021__csv1": null, "2022__csv_": "3-23-87-02-000", "2022__csv1": "617-05-01-2023", "Clavepre": "3-23-87-02-000", "RESOLUCION": "617-05-01-2023", "ORIG_FID": 408 }, "geometry": { "type": "Point", "coordinates": [ -80.731226387895816, -1.005409145379294 ] } },
{ "type": "Feature", "properties": { "id": 87759, "lote_id": 94917, "clavecatas": "3-23-87-03-000", "zona": "3", "sector": "23", "manzana": "87", "lote": "03", "ph": "000", "propietari": "ROCA VELEZ  JOSE XAVIER", "documentop": "1306375104", "direccion": "URBIRRIOS II MZ 20-A LOTE 3", "area_m2": 120.0, "frente_uti": 8.0, "frente_tot": 8.0, "avaluo_con": 0.0, "avaluo_sue": 4320.0, "zonaurbano": "URBANA", "parroquia": "TARQUI", "esta_bloqu": "NO", "es_tercera": "NO", "tiene_elec": "NO", "tiene_agua": "NO", "tiene_alca": "NO", "observacio": "INGRESO NUEVO INF LUIS LOPEZ 20/03/2019 REDISEÑO DE URBIRIOS II// - CAMBIO DE CLASIFICACIÓN: MEMORANDO MTA-DFIN-MEM-160920211226, TRÁMITE TE090920211550 EN BASE A ART. 509 DEL COOTAD.SE ACTUALIZA INF EN BASE A ESCRITURA DE ADJUDICACION INSCRITA EN EL", "observac_1": null, "barrio": "URBIRRIOS 2", "parroquia_": 3, "barrio_id": 1046, "proceso": 0, "fecha_regi": null, "activo_cat": "SI", "desactivad": 0, "avaluo_rem": 0.0, "avaluo_r_1": 0.0, "clasificac": "GENERAL", "anio_deuda": 0, "deuda": 0.0, "valor_ip": 0.0, "coactiva": null, "ficharegis": 74085, "etam": 0.0912870929, "diferencia": -0.4169753956, "porc_difer": -0.003474795, "admisible": 1, "deuda_anio": 0.0, "2019_csv_c": null, "clavecat_1": null, "2021__csv_": null, "2021__csv1": null, "2022__csv_": "3-23-87-03-000", "2022__csv1": "617-05-01-2023", "Clavepre": "3-23-87-03-000", "RESOLUCION": "617-05-01-2023", "ORIG_FID": 409 }, "geometry": { "type": "Point", "coordinates": [ -80.731267253402649, -1.005468799428805 ] } },
{ "type": "Feature", "properties": { "id": 87760, "lote_id": 94918, "clavecatas": "3-23-87-04-000", "zona": "3", "sector": "23", "manzana": "87", "lote": "04", "ph": "000", "propietari": "ROCA VELEZ  JOSE XAVIER", "documentop": "1306375104", "direccion": "URBIRRIOS II MZ 20-A LOTE 4", "area_m2": 120.0, "frente_uti": 8.0, "frente_tot": 8.0, "avaluo_con": 0.0, "avaluo_sue": 4320.0, "zonaurbano": "URBANA", "parroquia": "TARQUI", "esta_bloqu": "NO", "es_tercera": "NO", "tiene_elec": "NO", "tiene_agua": "NO", "tiene_alca": "NO", "observacio": "INGRESO NUEVO INF LUIS LOPEZ 20/03/2019 REDISEÑO DE URBIRIOS II// - CAMBIO DE CLASIFICACIÓN: MEMORANDO MTA-DFIN-MEM-160920211226, TRÁMITE TE090920211550 EN BASE A ART. 509 DEL COOTAD.SE ACTUALIZA INF EN BASE A ESCRITURA DE ADJUDICACIÓN INSCRITA EN EL", "observac_1": null, "barrio": "URBIRRIOS 2", "parroquia_": 3, "barrio_id": 1046, "proceso": 0, "fecha_regi": null, "activo_cat": "SI", "desactivad": 0, "avaluo_rem": 0.0, "avaluo_r_1": 0.0, "clasificac": "GENERAL", "anio_deuda": 0, "deuda": 0.0, "valor_ip": 0.0, "coactiva": null, "ficharegis": 74716, "etam": 0.0912870929, "diferencia": 0.0007035745, "porc_difer": 5.8631e-06, "admisible": 1, "deuda_anio": 0.0, "2019_csv_c": null, "clavecat_1": null, "2021__csv_": null, "2021__csv1": null, "2022__csv_": "3-23-87-04-000", "2022__csv1": "617-05-01-2023", "Clavepre": "3-23-87-04-000", "RESOLUCION": "617-05-01-2023", "ORIG_FID": 410 }, "geometry": { "type": "Point", "coordinates": [ -80.731308253212916, -1.005528388882397 ] } },
{ "type": "Feature", "properties": { "id": 87761, "lote_id": 94919, "clavecatas": "3-23-87-05-000", "zona": "3", "sector": "23", "manzana": "87", "lote": "05", "ph": "000", "propietari": "PALMA LOPEZ CATALINA ISABEL", "documentop": "1312009192", "direccion": "URBIRRIOS II MZ 20-A LOTE 5 Y 6", "area_m2": 225.0, "frente_uti": 15.0, "frente_tot": 15.0, "avaluo_con": 0.0, "avaluo_sue": 9000.0, "zonaurbano": "URBANA", "parroquia": "TARQUI", "esta_bloqu": "NO", "es_tercera": "NO", "tiene_elec": "NO", "tiene_agua": "NO", "tiene_alca": "NO", "observacio": "INGRESO NUEVO INF LUIS LOPEZ 20/03/2019 REDISEÑO DE URBIRIOS II//POR LEGALIZAR PALMA LOPEZ CATALINA ISABEL 25/08/20 ARQ. LUPE LANDA. - CAMBIO DE CLASIFICACIÓN: MEMORANDO MTA-DFIN-MEM-160920211226, TRÁMITE TE090920211550 EN BASE A ART. 509 DEL COOTAD.", "observac_1": null, "barrio": "URBIRRIOS 2", "parroquia_": 3, "barrio_id": 1046, "proceso": 0, "fecha_regi": null, "activo_cat": "SI", "desactivad": 0, "avaluo_rem": 0.0, "avaluo_r_1": 0.0, "clasificac": "GENERAL", "anio_deuda": 2026, "deuda": 13.9, "valor_ip": 0.0, "coactiva": null, "ficharegis": 74066, "etam": 0.1333333333, "diferencia": 119.99967212759999, "porc_difer": 0.5333318761, "admisible": 0, "deuda_anio": 0.0, "2019_csv_c": null, "clavecat_1": null, "2021__csv_": null, "2021__csv1": null, "2022__csv_": "3-23-87-05-000", "2022__csv1": "617-05-01-2023", "Clavepre": "3-23-87-05-000", "RESOLUCION": "617-05-01-2023", "ORIG_FID": 411 }, "geometry": { "type": "Point", "coordinates": [ -80.731386103279689, -1.005644758088778 ] } },
{ "type": "Feature", "properties": { "id": 87763, "lote_id": 94920, "clavecatas": "3-23-87-07-000", "zona": "3", "sector": "23", "manzana": "87", "lote": "07", "ph": "000", "propietari": "ESTRADA CAGUA ERIKA ELIZABETH", "documentop": "1310768534", "direccion": "URBIRRIOS II MZ 20-A LOTE 7", "area_m2": 143.78, "frente_uti": 9.6, "frente_tot": 9.6, "avaluo_con": 13228.8, "avaluo_sue": 5751.2, "zonaurbano": "URBANA", "parroquia": "TARQUI", "esta_bloqu": "NO", "es_tercera": "NO", "tiene_elec": "NO", "tiene_agua": "NO", "tiene_alca": "NO", "observacio": "INGRESO NUEVO INF LUIS LOPEZ 20/03/2019 REDISEÑO DE URBIRIOS II// - CAMBIO DE CLASIFICACIÓN: MEMORANDO MTA-DFIN-MEM-160920211226, TRÁMITE TE090920211550 EN BASE A ART. 509 DEL COOTAD.-SE ACTUALIZA INFORMACION CON ESCRITURA DE ADJ.CON PROH.DE ENAJ.INSC", "observac_1": null, "barrio": "URBIRRIOS 2", "parroquia_": 3, "barrio_id": 1046, "proceso": 0, "fecha_regi": null, "activo_cat": "SI", "desactivad": 0, "avaluo_rem": 0.0, "avaluo_r_1": 0.0, "clasificac": "GENERAL", "anio_deuda": 0, "deuda": 0.0, "valor_ip": 0.0, "coactiva": null, "ficharegis": 82585, "etam": 0.0833970638, "diferencia": -18.220105030300001, "porc_difer": -0.1267221104, "admisible": 0, "deuda_anio": 0.0, "2019_csv_c": null, "clavecat_1": null, "2021__csv_": null, "2021__csv1": null, "2022__csv_": "3-23-87-07-000", "2022__csv1": "617-05-01-2023", "Clavepre": "3-23-87-07-000", "RESOLUCION": "617-05-01-2023", "ORIG_FID": 412 }, "geometry": { "type": "Point", "coordinates": [ -80.731432635136755, -1.005710225006787 ] } },
{ "type": "Feature", "properties": { "id": 87764, "lote_id": 94921, "clavecatas": "3-23-87-08-000", "zona": "3", "sector": "23", "manzana": "87", "lote": "08", "ph": "000", "propietari": "MERO MERO JULIO CESAR", "documentop": "1310764590", "direccion": "URBIRRIOS II MZ 20-A LOTE 8", "area_m2": 114.35, "frente_uti": 7.0, "frente_tot": 7.0, "avaluo_con": 0.0, "avaluo_sue": 4574.0, "zonaurbano": "URBANA", "parroquia": "TARQUI", "esta_bloqu": "NO", "es_tercera": "NO", "tiene_elec": "NO", "tiene_agua": "NO", "tiene_alca": "NO", "observacio": "INGRESO NUEVO INF LUIS LOPEZ 20/03/2019 REDISEÑO DE URBIRIOS II//SE ACTUALIZA INF EN BASE A ESCRITURA DE ADJUDICACION DE LOTE INSCRITA EN EL REG. DE LA PROPIEDAD.08/11/2023 GGV", "observac_1": null, "barrio": "URBIRRIOS 2", "parroquia_": 3, "barrio_id": 1046, "proceso": 0, "fecha_regi": null, "activo_cat": "SI", "desactivad": 0, "avaluo_rem": 0.0, "avaluo_r_1": 0.0, "clasificac": "GENERAL", "anio_deuda": 0, "deuda": 0.0, "valor_ip": 0.0, "coactiva": null, "ficharegis": 82569, "etam": 0.0935151372, "diferencia": -0.0085061539, "porc_difer": -7.4387e-05, "admisible": 1, "deuda_anio": 0.0, "2019_csv_c": null, "clavecat_1": null, "2021__csv_": null, "2021__csv1": null, "2022__csv_": "3-23-87-08-000", "2022__csv1": "617-05-01-2023", "Clavepre": "3-23-87-08-000", "RESOLUCION": "617-05-01-2023", "ORIG_FID": 413 }, "geometry": { "type": "Point", "coordinates": [ -80.731481197321443, -1.005777561235193 ] } },
{ "type": "Feature", "properties": { "id": 87765, "lote_id": 94922, "clavecatas": "3-23-87-09-000", "zona": "3", "sector": "23", "manzana": "87", "lote": "09", "ph": "000", "propietari": "MERO MERO JULIO CESAR", "documentop": "1310764590", "direccion": "URBIRRIOS II MZ 20-A LOTE 9", "area_m2": 120.0, "frente_uti": 8.0, "frente_tot": 8.0, "avaluo_con": 0.0, "avaluo_sue": 4320.0, "zonaurbano": "URBANA", "parroquia": "TARQUI", "esta_bloqu": "NO", "es_tercera": "NO", "tiene_elec": "NO", "tiene_agua": "NO", "tiene_alca": "NO", "observacio": "INGRESO NUEVO INF LUIS LOPEZ 20/03/2019 REDISEÑO DE URBIRIOS II// - CAMBIO DE CLASIFICACIÓN: MEMORANDO MTA-DFIN-MEM-160920211226, TRÁMITE TE090920211550 EN BASE A ART. 509 DEL COOTAD.SE ACTUALIZA INF EN BASE A ESCRITURA DE ADJUDICACION DE LOTE INSCRIT", "observac_1": null, "barrio": "URBIRRIOS 2", "parroquia_": 3, "barrio_id": 1046, "proceso": 0, "fecha_regi": null, "activo_cat": "SI", "desactivad": 0, "avaluo_rem": 0.0, "avaluo_r_1": 0.0, "clasificac": "GENERAL", "anio_deuda": 0, "deuda": 0.0, "valor_ip": 0.0, "coactiva": null, "ficharegis": 82570, "etam": 0.0912870929, "diferencia": -0.8017840886, "porc_difer": -0.0066815341, "admisible": 1, "deuda_anio": 0.0, "2019_csv_c": null, "clavecat_1": null, "2021__csv_": null, "2021__csv1": null, "2022__csv_": "3-23-87-09-000", "2022__csv1": "617-05-01-2023", "Clavepre": "3-23-87-09-000", "RESOLUCION": "617-05-01-2023", "ORIG_FID": 414 }, "geometry": { "type": "Point", "coordinates": [ -80.731519276898368, -1.005836912712423 ] } },
{ "type": "Feature", "properties": { "id": 87766, "lote_id": 94923, "clavecatas": "3-23-87-10-000", "zona": "3", "sector": "23", "manzana": "87", "lote": "10", "ph": "000", "propietari": "ALAVA CHAVEZ KERLY JAMILEX", "documentop": "1317157699", "direccion": "URBIRRIOS II MZ 20-A LOTE 10", "area_m2": 120.0, "frente_uti": 8.0, "frente_tot": 8.0, "avaluo_con": 428.4, "avaluo_sue": 4320.0, "zonaurbano": "URBANA", "parroquia": "TARQUI", "esta_bloqu": "NO", "es_tercera": "NO", "tiene_elec": "NO", "tiene_agua": "NO", "tiene_alca": "NO", "observacio": "INGRESO NUEVO INF LUIS LOPEZ 20/03/2019 REDISEÑO DE URBIRIOS II// - CAMBIO DE CLASIFICACIÓN: MEMORANDO MTA-DFIN-MEM-160920211226, TRÁMITE TE090920211550 EN BASE A ART. 509 DEL COOTAD.SE ACTUALIZA INFORMACION CON ESCRITURA DE ADJ.CON PROH.DE ENAJ.INSCR", "observac_1": null, "barrio": "URBIRRIOS 2", "parroquia_": 3, "barrio_id": 1046, "proceso": 0, "fecha_regi": null, "activo_cat": "SI", "desactivad": 0, "avaluo_rem": 0.0, "avaluo_r_1": 0.0, "clasificac": "GENERAL", "anio_deuda": 0, "deuda": 0.0, "valor_ip": 0.0, "coactiva": null, "ficharegis": 82572, "etam": 0.0912870929, "diferencia": -0.8939699423, "porc_difer": -0.0074497495, "admisible": 1, "deuda_anio": 0.0, "2019_csv_c": null, "clavecat_1": null, "2021__csv_": null, "2021__csv1": null, "2022__csv_": "3-23-87-10-000", "2022__csv1": "617-05-01-2023", "Clavepre": "3-23-87-10-000", "RESOLUCION": "617-05-01-2023", "ORIG_FID": 415 }, "geometry": { "type": "Point", "coordinates": [ -80.731560080853384, -1.005896507510139 ] } },
{ "type": "Feature", "properties": { "id": 87767, "lote_id": 94924, "clavecatas": "3-23-87-11-000", "zona": "3", "sector": "23", "manzana": "87", "lote": "11", "ph": "000", "propietari": "LOOR SORNOZA BERTIDA MONSERRATE", "documentop": "13103861005", "direccion": "URBIRRIOS II MZ 20-A LOTE 11", "area_m2": 120.0, "frente_uti": 8.0, "frente_tot": 8.0, "avaluo_con": 0.0, "avaluo_sue": 4320.0, "zonaurbano": "URBANA", "parroquia": "TARQUI", "esta_bloqu": "NO", "es_tercera": "NO", "tiene_elec": "NO", "tiene_agua": "NO", "tiene_alca": "NO", "observacio": "INGRESO NUEVO INF LUIS LOPEZ 20/03/2019 REDISEÑO DE URBIRIOS II// - CAMBIO DE CLASIFICACIÓN: MEMORANDO MTA-DFIN-MEM-160920211226, TRÁMITE TE090920211550 EN BASE A ART. 509 DEL COOTAD. -SE ACTUALIZA INFORMACION CON ESCRITURA DE ADJ.CON PROH.DE ENAJ.INS", "observac_1": null, "barrio": "URBIRRIOS 2", "parroquia_": 3, "barrio_id": 1046, "proceso": 0, "fecha_regi": null, "activo_cat": "SI", "desactivad": 0, "avaluo_rem": 0.0, "avaluo_r_1": 0.0, "clasificac": "GENERAL", "anio_deuda": 0, "deuda": 0.0, "valor_ip": 0.0, "coactiva": null, "ficharegis": 73866, "etam": 0.0912870929, "diferencia": -0.9863483725, "porc_difer": -0.0082195698, "admisible": 1, "deuda_anio": 0.0, "2019_csv_c": null, "clavecat_1": null, "2021__csv_": null, "2021__csv1": null, "2022__csv_": "3-23-87-11-000", "2022__csv1": "617-05-01-2023", "Clavepre": "3-23-87-11-000", "RESOLUCION": "617-05-01-2023", "ORIG_FID": 416 }, "geometry": { "type": "Point", "coordinates": [ -80.731600884914528, -1.005956102267975 ] } },
{ "type": "Feature", "properties": { "id": 87768, "lote_id": 94925, "clavecatas": "3-23-87-12-000", "zona": "3", "sector": "23", "manzana": "87", "lote": "12", "ph": "000", "propietari": "LOOR SORNOZA BERTIDA MONSERRATE", "documentop": "13103861005", "direccion": "URBIRRIOS II MZ 20-A LOTE 12", "area_m2": 120.0, "frente_uti": 8.0, "frente_tot": 8.0, "avaluo_con": 0.0, "avaluo_sue": 4320.0, "zonaurbano": "URBANA", "parroquia": "TARQUI", "esta_bloqu": "NO", "es_tercera": "NO", "tiene_elec": "NO", "tiene_agua": "NO", "tiene_alca": "NO", "observacio": "INGRESO NUEVO INF LUIS LOPEZ 20/03/2019 REDISEÑO DE URBIRIOS II// - CAMBIO DE CLASIFICACIÓN: MEMORANDO MTA-DFIN-MEM-160920211226, TRÁMITE TE090920211550 EN BASE A ART. 509 DEL COOTAD.-SE ACTUALIZA INFORMACION CON ESCRITURA DE ADJ.CON PROH.DE ENAJ.INSC", "observac_1": null, "barrio": "URBIRRIOS 2", "parroquia_": 3, "barrio_id": 1046, "proceso": 0, "fecha_regi": null, "activo_cat": "SI", "desactivad": 0, "avaluo_rem": 0.0, "avaluo_r_1": 0.0, "clasificac": "GENERAL", "anio_deuda": 0, "deuda": 0.0, "valor_ip": 0.0, "coactiva": null, "ficharegis": 73865, "etam": 0.0912870929, "diferencia": -0.8417879744, "porc_difer": -0.0070148998, "admisible": 1, "deuda_anio": 0.0, "2019_csv_c": null, "clavecat_1": null, "2021__csv_": null, "2021__csv1": null, "2022__csv_": "3-23-87-12-000", "2022__csv1": "617-05-01-2023", "Clavepre": "3-23-87-12-000", "RESOLUCION": "617-05-01-2023", "ORIG_FID": 417 }, "geometry": { "type": "Point", "coordinates": [ -80.7316419220586, -1.006015585838214 ] } },
{ "type": "Feature", "properties": { "id": 87769, "lote_id": 94926, "clavecatas": "3-23-87-13-000", "zona": "3", "sector": "23", "manzana": "87", "lote": "13", "ph": "000", "propietari": "YAGUAL MARIDUEÑA ANTONIO FELIPE", "documentop": "0910045863", "direccion": "URBIRRIOS II MZ 20-A LOTE 13", "area_m2": 120.0, "frente_uti": 8.0, "frente_tot": 8.0, "avaluo_con": 0.0, "avaluo_sue": 4320.0, "zonaurbano": "URBANA", "parroquia": "TARQUI", "esta_bloqu": "NO", "es_tercera": "NO", "tiene_elec": "NO", "tiene_agua": "NO", "tiene_alca": "NO", "observacio": "INGRESO NUEVO INF LUIS LOPEZ 20/03/2019 REDISEÑO DE URBIRIOS II// - CAMBIO DE CLASIFICACIÓN: MEMORANDO MTA-DFIN-MEM-160920211226, TRÁMITE TE090920211550 EN BASE A ART. 509 DEL COOTAD.SE ACTUALIZA INF CON ESCRITURA DE ADJUDICACION INSCRITA EN EL REG. D", "observac_1": null, "barrio": "URBIRRIOS 2", "parroquia_": 3, "barrio_id": 1046, "proceso": 0, "fecha_regi": null, "activo_cat": "SI", "desactivad": 0, "avaluo_rem": 0.0, "avaluo_r_1": 0.0, "clasificac": "GENERAL", "anio_deuda": 0, "deuda": 0.0, "valor_ip": 0.0, "coactiva": null, "ficharegis": 82677, "etam": 0.0912870929, "diferencia": -0.000874063, "porc_difer": -7.2839e-06, "admisible": 1, "deuda_anio": 0.0, "2019_csv_c": null, "clavecat_1": null, "2021__csv_": null, "2021__csv1": null, "2022__csv_": "3-23-87-13-000", "2022__csv1": "617-05-01-2023", "Clavepre": "3-23-87-13-000", "RESOLUCION": "617-05-01-2023", "ORIG_FID": 418 }, "geometry": { "type": "Point", "coordinates": [ -80.731683142125547, -1.00607507360707 ] } },
{ "type": "Feature", "properties": { "id": 87771, "lote_id": 94928, "clavecatas": "3-23-87-15-000", "zona": "3", "sector": "23", "manzana": "87", "lote": "15", "ph": "000", "propietari": "PALACIOS VERA JORGE VELARMINO", "documentop": "1305615476", "direccion": "URBIRRIOS II MZ 20-A LOTE 15", "area_m2": 128.19, "frente_uti": 26.94, "frente_tot": 26.94, "avaluo_con": 397.8, "avaluo_sue": 4614.84, "zonaurbano": "URBANA", "parroquia": "TARQUI", "esta_bloqu": "NO", "es_tercera": "NO", "tiene_elec": "NO", "tiene_agua": "NO", "tiene_alca": "NO", "observacio": "INGRESO NUEVO INF LUIS LOPEZ 20/03/2019 REDISEÑO DE URBIRIOS II// - CAMBIO DE CLASIFICACIÓN: MEMORANDO MTA-DFIN-MEM-160920211226, TRÁMITE TE090920211550 EN BASE A ART. 509 DEL COOTAD.-SE ACTUALIZA INFORMACION CON ESCRITURA DE ADJ.CON PROH.DE ENAJ.INSC", "observac_1": null, "barrio": "URBIRRIOS 2", "parroquia_": 3, "barrio_id": 1046, "proceso": 0, "fecha_regi": null, "activo_cat": "SI", "desactivad": 0, "avaluo_rem": 0.0, "avaluo_r_1": 0.0, "clasificac": "GENERAL", "anio_deuda": 2025, "deuda": 38.09, "valor_ip": 0.0, "coactiva": null, "ficharegis": 82679, "etam": 0.0883228199, "diferencia": -12.469335595, "porc_difer": -0.0972722958, "admisible": 0, "deuda_anio": 19.14, "2019_csv_c": null, "clavecat_1": null, "2021__csv_": null, "2021__csv1": null, "2022__csv_": "3-23-87-15-000", "2022__csv1": "617-05-01-2023", "Clavepre": "3-23-87-15-000", "RESOLUCION": "617-05-01-2023", "ORIG_FID": 419 }, "geometry": { "type": "Point", "coordinates": [ -80.731764736632002, -1.00620264073848 ] } },
{ "type": "Feature", "properties": { "id": 87772, "lote_id": 94929, "clavecatas": "3-23-87-16-000", "zona": "3", "sector": "23", "manzana": "87", "lote": "16", "ph": "000", "propietari": "GOBIERNO AUTÓNOMO DESCENTRALIZADO DE MANTA .", "documentop": "1360000980001", "direccion": "URBIRRIOS II MZ 20-A LOTE 16", "area_m2": 200.02, "frente_uti": 26.67, "frente_tot": 26.67, "avaluo_con": 0.0, "avaluo_sue": 6480.65, "zonaurbano": "URBANA", "parroquia": "TARQUI", "esta_bloqu": "NO", "es_tercera": "NO", "tiene_elec": "NO", "tiene_agua": "NO", "tiene_alca": "NO", "observacio": "INGRESO NUEVO INF LUIS LOPEZ 20/03/2019 REDISEÑO DE URBIRIOS II// - Cambio de Clasificación: Memorando MTA-DFIN-MEM-160920211226, trámite TE090920211550 en base a Art. 509 del COOTAD.", "observac_1": null, "barrio": "URBIRRIOS 2", "parroquia_": 3, "barrio_id": 1046, "proceso": 0, "fecha_regi": null, "activo_cat": "SI", "desactivad": 0, "avaluo_rem": 0.0, "avaluo_r_1": 0.0, "clasificac": "PROPIEDADES MUNICIPALES", "anio_deuda": 0, "deuda": 0.0, "valor_ip": 0.0, "coactiva": null, "ficharegis": 0, "etam": 0.1414142857, "diferencia": -0.0078965529, "porc_difer": -3.94788e-05, "admisible": 1, "deuda_anio": 0.0, "2019_csv_c": null, "clavecat_1": null, "2021__csv_": null, "2021__csv1": null, "2022__csv_": "3-23-87-16-000", "2022__csv1": "617-05-01-2023", "Clavepre": "3-23-87-16-000", "RESOLUCION": "617-05-01-2023", "ORIG_FID": 420 }, "geometry": { "type": "Point", "coordinates": [ -80.731846022160539, -1.006079736118981 ] } },
{ "type": "Feature", "properties": { "id": 87775, "lote_id": 94932, "clavecatas": "3-23-87-20-000", "zona": "3", "sector": "23", "manzana": "87", "lote": "20", "ph": "000", "propietari": "GOBIERNO AUTÓNOMO DESCENTRALIZADO DE MANTA .", "documentop": "1360000980001", "direccion": "URBIRRIOS II MZ 20-A LOTE 20", "area_m2": 120.0, "frente_uti": 8.0, "frente_tot": 8.0, "avaluo_con": 0.0, "avaluo_sue": 4800.0, "zonaurbano": "URBANA", "parroquia": "TARQUI", "esta_bloqu": "NO", "es_tercera": "NO", "tiene_elec": "NO", "tiene_agua": "NO", "tiene_alca": "NO", "observacio": "INGRESO NUEVO INF LUIS LOPEZ 20/03/2019 REDISEÑO DE URBIRIOS II// - Cambio de Clasificación: Memorando MTA-DFIN-MEM-160920211226, trámite TE090920211550 en base a Art. 509 del COOTAD.", "observac_1": null, "barrio": "URBIRRIOS 2", "parroquia_": 3, "barrio_id": 1046, "proceso": 0, "fecha_regi": null, "activo_cat": "SI", "desactivad": 0, "avaluo_rem": 0.0, "avaluo_r_1": 0.0, "clasificac": "PROPIEDADES MUNICIPALES", "anio_deuda": 0, "deuda": 0.0, "valor_ip": 0.0, "coactiva": null, "ficharegis": 0, "etam": 0.0912870929, "diferencia": 0.0074795727, "porc_difer": 6.23298e-05, "admisible": 1, "deuda_anio": 0.0, "2019_csv_c": null, "clavecat_1": null, "2021__csv_": null, "2021__csv1": null, "2022__csv_": "3-23-87-20-000", "2022__csv1": "617-05-01-2023", "Clavepre": "3-23-87-20-000", "RESOLUCION": "617-05-01-2023", "ORIG_FID": 421 }, "geometry": { "type": "Point", "coordinates": [ -80.731671553324134, -1.005819288569042 ] } },
{ "type": "Feature", "properties": { "id": 87776, "lote_id": 94933, "clavecatas": "3-23-87-21-000", "zona": "3", "sector": "23", "manzana": "87", "lote": "21", "ph": "000", "propietari": "BOWEN MACIAS DELMIRA ACELA", "documentop": "1304939232", "direccion": "URBIRRIOS II MZ 20-A LOTE 21", "area_m2": 103.17, "frente_uti": 7.39, "frente_tot": 7.39, "avaluo_con": 5527.2, "avaluo_sue": 4126.8, "zonaurbano": "URBANA", "parroquia": "TARQUI", "esta_bloqu": "NO", "es_tercera": "SI", "tiene_elec": "NO", "tiene_agua": "NO", "tiene_alca": "NO", "observacio": "INGRESO NUEVO INF LUIS LOPEZ 20/03/2019 REDISEÑO DE URBIRIOS II// - CAMBIO DE CLASIFICACIÓN: MEMORANDO MTA-DFIN-MEM-160920211226, TRÁMITE TE090920211550 EN BASE A ART. 509 DEL COOTAD.-SE ACTUALIZA INF EN BASE A ESCRITURA DE ADJUDICACION DE LOTE INSCRI", "observac_1": null, "barrio": "URBIRRIOS 2", "parroquia_": 3, "barrio_id": 1046, "proceso": 0, "fecha_regi": null, "activo_cat": "SI", "desactivad": 0, "avaluo_rem": 0.0, "avaluo_r_1": 0.0, "clasificac": "GENERAL", "anio_deuda": 0, "deuda": 0.0, "valor_ip": 0.0, "coactiva": null, "ficharegis": 82709, "etam": 0.0984517148, "diferencia": 0.0029221393, "porc_difer": 2.83235e-05, "admisible": 1, "deuda_anio": 0.0, "2019_csv_c": null, "clavecat_1": null, "2021__csv_": null, "2021__csv1": null, "2022__csv_": "3-23-87-21-000", "2022__csv1": "617-05-01-2023", "Clavepre": "3-23-87-21-000", "RESOLUCION": "617-05-01-2023", "ORIG_FID": 422 }, "geometry": { "type": "Point", "coordinates": [ -80.731634927456227, -1.005762886152225 ] } },
{ "type": "Feature", "properties": { "id": 87777, "lote_id": 94934, "clavecatas": "3-23-87-22-000", "zona": "3", "sector": "23", "manzana": "87", "lote": "22", "ph": "000", "propietari": "MACIAS MACIAS KERLY KATHERINE", "documentop": "1316445574", "direccion": "URBIRRIOS II MZ 20-A LOTE 22", "area_m2": 150.83, "frente_uti": 10.22, "frente_tot": 10.22, "avaluo_con": 6316.8, "avaluo_sue": 5429.88, "zonaurbano": "URBANA", "parroquia": "TARQUI", "esta_bloqu": "NO", "es_tercera": "NO", "tiene_elec": "NO", "tiene_agua": "NO", "tiene_alca": "NO", "observacio": "INGRESO NUEVO INF LUIS LOPEZ 20/03/2019 REDISEÑO DE URBIRIOS II//SE ACTUALIZA INF CON ESCRITURA DE ADJUDICACION INSCRITA EN EL REG. DE LA PROPIEDAD.13/10/2020 GGV - CAMBIO DE CLASIFICACIÓN: MEMORANDO MTA-DFIN-MEM-160920211226, TRÁMITE TE090920211550 E", "observac_1": null, "barrio": "URBIRRIOS 2", "parroquia_": 3, "barrio_id": 1046, "proceso": 0, "fecha_regi": null, "activo_cat": "SI", "desactivad": 0, "avaluo_rem": 0.0, "avaluo_r_1": 0.0, "clasificac": "GENERAL", "anio_deuda": 0, "deuda": 0.0, "valor_ip": 0.0, "coactiva": null, "ficharegis": 82710, "etam": 0.0814246939, "diferencia": 0.0716942773, "porc_difer": 0.0004753317, "admisible": 1, "deuda_anio": 0.0, "2019_csv_c": null, "clavecat_1": null, "2021__csv_": null, "2021__csv1": null, "2022__csv_": "3-23-87-22-000", "2022__csv1": "617-05-01-2023", "Clavepre": "3-23-87-22-000", "RESOLUCION": "617-05-01-2023", "ORIG_FID": 423 }, "geometry": { "type": "Point", "coordinates": [ -80.731590641823658, -1.0057006407039 ] } },
{ "type": "Feature", "properties": { "id": 87778, "lote_id": 94935, "clavecatas": "3-23-87-23-000", "zona": "3", "sector": "23", "manzana": "87", "lote": "23", "ph": "000", "propietari": "ESTRADA CAGUA ERIKA ELIZABETH", "documentop": "1310768534", "direccion": "URBIRRIOS II MZ 20-A LOTE 23", "area_m2": 141.72, "frente_uti": 9.4, "frente_tot": 9.4, "avaluo_con": 6912.0, "avaluo_sue": 5668.8, "zonaurbano": "URBANA", "parroquia": "TARQUI", "esta_bloqu": "NO", "es_tercera": "NO", "tiene_elec": "NO", "tiene_agua": "NO", "tiene_alca": "NO", "observacio": "INGRESO NUEVO INF LUIS LOPEZ 20/03/2019 REDISEÑO DE URBIRIOS II// - CAMBIO DE CLASIFICACIÓN: MEMORANDO MTA-DFIN-MEM-160920211226, TRÁMITE TE090920211550 EN BASE A ART. 509 DEL COOTAD.-SE ACTUALIZA INFORMACION CON ESCRITURA DE ADJ.CON PROH.DE ENAJ.INSC", "observac_1": null, "barrio": "URBIRRIOS 2", "parroquia_": 3, "barrio_id": 1046, "proceso": 0, "fecha_regi": null, "activo_cat": "SI", "desactivad": 0, "avaluo_rem": 0.0, "avaluo_r_1": 0.0, "clasificac": "GENERAL", "anio_deuda": 0, "deuda": 0.0, "valor_ip": 0.0, "coactiva": null, "ficharegis": 82711, "etam": 0.0840009946, "diferencia": -15.680492516099999, "porc_difer": -0.1106441752, "admisible": 0, "deuda_anio": 0.0, "2019_csv_c": null, "clavecat_1": null, "2021__csv_": null, "2021__csv1": null, "2022__csv_": "3-23-87-23-000", "2022__csv1": "617-05-01-2023", "Clavepre": "3-23-87-23-000", "RESOLUCION": "617-05-01-2023", "ORIG_FID": 424 }, "geometry": { "type": "Point", "coordinates": [ -80.731537595802962, -1.005624640254216 ] } },
{ "type": "Feature", "properties": { "id": 87780, "lote_id": 94937, "clavecatas": "3-23-87-25-000", "zona": "3", "sector": "23", "manzana": "87", "lote": "25", "ph": "000", "propietari": "CORREA RODRIGUEZ CLARA ESTEFANIA", "documentop": "1312103847", "direccion": "URBIRRIOS II MZ 20-A LOTE 25", "area_m2": 196.54, "frente_uti": 13.1, "frente_tot": 13.1, "avaluo_con": 10304.0, "avaluo_sue": 7075.44, "zonaurbano": "URBANA", "parroquia": "TARQUI", "esta_bloqu": "NO", "es_tercera": "NO", "tiene_elec": "NO", "tiene_agua": "NO", "tiene_alca": "NO", "observacio": "INGRESO NUEVO INF LUIS LOPEZ 20/03/2019 REDISEÑO DE URBIRIOS II// - CAMBIO DE CLASIFICACIÓN: MEMORANDO MTA-DFIN-MEM-160920211226, TRÁMITE TE090920211550 EN BASE A ART. 509 DEL COOTAD.-SE ACTUALIZA INFORMACION CON ESCRITURA DE ADJ.CON PROH.DE ENAJ.INSC", "observac_1": null, "barrio": "URBIRRIOS 2", "parroquia_": 3, "barrio_id": 1046, "proceso": 0, "fecha_regi": null, "activo_cat": "SI", "desactivad": 0, "avaluo_rem": 0.0, "avaluo_r_1": 0.0, "clasificac": "GENERAL", "anio_deuda": 0, "deuda": 0.0, "valor_ip": 0.0, "coactiva": null, "ficharegis": 73647, "etam": 0.0713303778, "diferencia": 0.2988356391, "porc_difer": 0.0015204825, "admisible": 1, "deuda_anio": 0.0, "2019_csv_c": null, "clavecat_1": null, "2021__csv_": null, "2021__csv1": null, "2022__csv_": "3-23-87-25-000", "2022__csv1": "617-05-01-2023", "Clavepre": "3-23-87-25-000", "RESOLUCION": "617-05-01-2023", "ORIG_FID": 425 }, "geometry": { "type": "Point", "coordinates": [ -80.731432167950288, -1.005470352359749 ] } },
{ "type": "Feature", "properties": { "id": 87781, "lote_id": 94938, "clavecatas": "3-23-87-26-000", "zona": "3", "sector": "23", "manzana": "87", "lote": "26", "ph": "000", "propietari": "VERA FLORES CARLOS PRIMITIVO", "documentop": "0903007284", "direccion": "URBIRRIOS II MZ 20-A LOTE 26", "area_m2": 120.0, "frente_uti": 8.0, "frente_tot": 8.0, "avaluo_con": 0.0, "avaluo_sue": 3888.0, "zonaurbano": "URBANA", "parroquia": "TARQUI", "esta_bloqu": "NO", "es_tercera": "SI", "tiene_elec": "NO", "tiene_agua": "NO", "tiene_alca": "NO", "observacio": "INGRESO NUEVO INF LUIS LOPEZ 20/03/2019 REDISEÑO DE URBIRIOS II// - CAMBIO DE CLASIFICACIÓN: MEMORANDO MTA-DFIN-MEM-160920211226, TRÁMITE TE090920211550 EN BASE A ART. 509 DEL COOTAD.-SE ACTUALIZA INFORMACION CON ESCRITURA DE ADJ.CON PROH.DE ENAJ.INSC", "observac_1": null, "barrio": "URBIRRIOS 2", "parroquia_": 3, "barrio_id": 1046, "proceso": 0, "fecha_regi": null, "activo_cat": "SI", "desactivad": 0, "avaluo_rem": 0.0, "avaluo_r_1": 0.0, "clasificac": "GENERAL", "anio_deuda": 2025, "deuda": 16.92, "valor_ip": 0.0, "coactiva": null, "ficharegis": 79495, "etam": 0.0912870929, "diferencia": 0.2494992419, "porc_difer": 0.0020791603, "admisible": 1, "deuda_anio": 11.14, "2019_csv_c": null, "clavecat_1": null, "2021__csv_": null, "2021__csv1": null, "2022__csv_": "3-23-87-26-000", "2022__csv1": "617-05-01-2023", "Clavepre": "3-23-87-26-000", "RESOLUCION": "617-05-01-2023", "ORIG_FID": 426 }, "geometry": { "type": "Point", "coordinates": [ -80.73137824248667, -1.005391808554838 ] } },
{ "type": "Feature", "properties": { "id": 87782, "lote_id": 94939, "clavecatas": "3-23-87-27-000", "zona": "3", "sector": "23", "manzana": "87", "lote": "27", "ph": "000", "propietari": "VERA BRIONES ALEXANDRA DEL ROCIO", "documentop": "0914243498", "direccion": "URBIRRIOS II MZ 20-A LOTE 27", "area_m2": 120.0, "frente_uti": 8.0, "frente_tot": 8.0, "avaluo_con": 0.0, "avaluo_sue": 4320.0, "zonaurbano": "URBANA", "parroquia": "TARQUI", "esta_bloqu": "NO", "es_tercera": "NO", "tiene_elec": "NO", "tiene_agua": "NO", "tiene_alca": "NO", "observacio": "INGRESO NUEVO INF LUIS LOPEZ 20/03/2019 REDISEÑO DE URBIRIOS II// - CAMBIO DE CLASIFICACIÓN: MEMORANDO MTA-DFIN-MEM-160920211226, TRÁMITE TE090920211550 EN BASE A ART. 509 DEL COOTAD.-SE ACTUALIZA INFORMACION CON ESCRITURA DE ADJ.CON PROH.DE ENAJ.INSC", "observac_1": null, "barrio": "URBIRRIOS 2", "parroquia_": 3, "barrio_id": 1046, "proceso": 0, "fecha_regi": null, "activo_cat": "SI", "desactivad": 0, "avaluo_rem": 0.0, "avaluo_r_1": 0.0, "clasificac": "GENERAL", "anio_deuda": 2026, "deuda": 7.71, "valor_ip": 0.0, "coactiva": null, "ficharegis": 79500, "etam": 0.0912870929, "diferencia": -0.0094311409, "porc_difer": -7.85928e-05, "admisible": 1, "deuda_anio": 0.0, "2019_csv_c": null, "clavecat_1": null, "2021__csv_": null, "2021__csv1": null, "2022__csv_": "3-23-87-27-000", "2022__csv1": "617-05-01-2023", "Clavepre": "3-23-87-27-000", "RESOLUCION": "617-05-01-2023", "ORIG_FID": 427 }, "geometry": { "type": "Point", "coordinates": [ -80.731337506873828, -1.005332209948009 ] } },
{ "type": "Feature", "properties": { "id": 87784, "lote_id": 95062, "clavecatas": "3-23-88-01-000", "zona": "3", "sector": "23", "manzana": "88", "lote": "01", "ph": "000", "propietari": "CHOEZ SANCHEZ JANET MARGARITA", "documentop": "1306469261", "direccion": "URBIRRIOS II MZ 20B LOTE 1", "area_m2": 120.0, "frente_uti": 8.0, "frente_tot": 8.0, "avaluo_con": 0.0, "avaluo_sue": 3888.0, "zonaurbano": "URBANA", "parroquia": "TARQUI", "esta_bloqu": "NO", "es_tercera": "NO", "tiene_elec": "NO", "tiene_agua": "NO", "tiene_alca": "NO", "observacio": "INGRESO NUEVO REDISEÑO DE URBIRRIOS II INF LUIS LOPEZ 09/04/2019 - CAMBIO DE CLASIFICACIÓN: MEMORANDO MTA-DFIN-MEM-160920211226, TRÁMITE TE090920211550 EN BASE A ART. 509 DEL COOTAD.-SE ACTUALIZA INFORMACION CON ESCRITURA DE ADJ.CON PROH.DE ENAJ.INSCR", "observac_1": null, "barrio": "URBIRRIOS 2", "parroquia_": 3, "barrio_id": 1046, "proceso": 0, "fecha_regi": null, "activo_cat": "SI", "desactivad": 0, "avaluo_rem": 0.0, "avaluo_r_1": 0.0, "clasificac": "GENERAL", "anio_deuda": 0, "deuda": 0.0, "valor_ip": 0.0, "coactiva": null, "ficharegis": 82690, "etam": 0.0912870929, "diferencia": -3.4507e-05, "porc_difer": -2.876e-07, "admisible": 1, "deuda_anio": 0.0, "2019_csv_c": null, "clavecat_1": null, "2021__csv_": null, "2021__csv1": null, "2022__csv_": "3-23-88-01-000", "2022__csv1": "617-05-01-2023", "Clavepre": "3-23-88-01-000", "RESOLUCION": "617-05-01-2023", "ORIG_FID": 428 }, "geometry": { "type": "Point", "coordinates": [ -80.731472367961985, -1.005154899981011 ] } },
{ "type": "Feature", "properties": { "id": 87785, "lote_id": 95063, "clavecatas": "3-23-88-02-000", "zona": "3", "sector": "23", "manzana": "88", "lote": "02", "ph": "000", "propietari": "CHOEZ PLUA PATRICIA VANESA", "documentop": "1310023989", "direccion": "URBIRRIOS II MZ 20B LOTE 2", "area_m2": 120.0, "frente_uti": 8.0, "frente_tot": 8.0, "avaluo_con": 0.0, "avaluo_sue": 3888.0, "zonaurbano": "URBANA", "parroquia": "TARQUI", "esta_bloqu": "NO", "es_tercera": "NO", "tiene_elec": "NO", "tiene_agua": "NO", "tiene_alca": "NO", "observacio": "INGRESO NUEVO REDISEÑO DE URBIRRIOS II INF LUIS LOPEZ 09/04/2019 - CAMBIO DE CLASIFICACIÓN: MEMORANDO MTA-DFIN-MEM-160920211226, TRÁMITE TE090920211550 EN BASE A ART. 509 DEL COOTAD.-SE ACTUALIZA INFORMACION CON ESCRITURA DE ADJ.CON PROH.DE ENAJ.INSCR", "observac_1": null, "barrio": "URBIRRIOS 2", "parroquia_": 3, "barrio_id": 1046, "proceso": 0, "fecha_regi": null, "activo_cat": "SI", "desactivad": 0, "avaluo_rem": 0.0, "avaluo_r_1": 0.0, "clasificac": "GENERAL", "anio_deuda": 0, "deuda": 0.0, "valor_ip": 0.0, "coactiva": null, "ficharegis": 82683, "etam": 0.0912870929, "diferencia": -0.0001033845, "porc_difer": -8.615e-07, "admisible": 1, "deuda_anio": 0.0, "2019_csv_c": null, "clavecat_1": null, "2021__csv_": null, "2021__csv1": null, "2022__csv_": "3-23-88-02-000", "2022__csv1": "617-05-01-2023", "Clavepre": "3-23-88-02-000", "RESOLUCION": "617-05-01-2023", "ORIG_FID": 429 }, "geometry": { "type": "Point", "coordinates": [ -80.731513194759259, -1.005214478979898 ] } },
{ "type": "Feature", "properties": { "id": 87786, "lote_id": 95064, "clavecatas": "3-23-88-03-000", "zona": "3", "sector": "23", "manzana": "88", "lote": "03", "ph": "000", "propietari": "LOPEZ ORELLANA CECILIA PATRICIA", "documentop": "1310170772", "direccion": "URBIRRIOS II MZ 20-B LOTE 3", "area_m2": 120.0, "frente_uti": 8.0, "frente_tot": 8.0, "avaluo_con": 0.0, "avaluo_sue": 4320.0, "zonaurbano": "URBANA", "parroquia": "TARQUI", "esta_bloqu": "NO", "es_tercera": "NO", "tiene_elec": "NO", "tiene_agua": "NO", "tiene_alca": "NO", "observacio": "INGRESO NUEVO REDISEÑO DE URBIRRIOS II INF LUIS LOPEZ 09/04/2019 - CAMBIO DE CLASIFICACIÓN: MEMORANDO MTA-DFIN-MEM-160920211226, TRÁMITE TE090920211550 EN BASE A ART. 509 DEL COOTAD.-SE ACTUALIZA INF CON ESCRITURA DE ADJUDICACIÓN INSCRITA EN EL REG.", "observac_1": null, "barrio": "URBIRRIOS 2", "parroquia_": 3, "barrio_id": 1046, "proceso": 0, "fecha_regi": null, "activo_cat": "SI", "desactivad": 0, "avaluo_rem": 0.0, "avaluo_r_1": 0.0, "clasificac": "GENERAL", "anio_deuda": 2026, "deuda": 7.7, "valor_ip": 0.0, "coactiva": null, "ficharegis": 82685, "etam": 0.0912870929, "diferencia": -0.0001723712, "porc_difer": -1.4364e-06, "admisible": 1, "deuda_anio": 0.0, "2019_csv_c": null, "clavecat_1": null, "2021__csv_": null, "2021__csv1": null, "2022__csv_": "3-23-88-03-000", "2022__csv1": "617-05-01-2023", "Clavepre": "3-23-88-03-000", "RESOLUCION": "617-05-01-2023", "ORIG_FID": 430 }, "geometry": { "type": "Point", "coordinates": [ -80.731554021557855, -1.005274057978651 ] } },
{ "type": "Feature", "properties": { "id": 87788, "lote_id": 95066, "clavecatas": "3-23-88-05-000", "zona": "3", "sector": "23", "manzana": "88", "lote": "05", "ph": "000", "propietari": "CEDEÑO VINCES RAMON SEGUNDO", "documentop": "1301480628", "direccion": "SECTOR URBIRRIOS II MZ. 20-B LOTES 05 Y LOTE 06", "area_m2": 240.0, "frente_uti": 16.0, "frente_tot": 16.0, "avaluo_con": 0.0, "avaluo_sue": 7776.0, "zonaurbano": "URBANA", "parroquia": "TARQUI", "esta_bloqu": "NO", "es_tercera": "SI", "tiene_elec": "NO", "tiene_agua": "NO", "tiene_alca": "NO", "observacio": "INGR. NUEVO REDISEÑO DE URBIRRIOS II INF LUIS LOPEZ 09/04/19.- INGR. EN LINEA PARA CERT. REV.X LCDA. MARISOL A. ELAB.X LCDA. DELI CH.D. MARZO 06-2020.-  - CAMBIO DE CLASIFICACIÓN: MEMORANDO MTA-DFIN-MEM-160920211226, TRÁMITE TE090920211550 EN BASE A A", "observac_1": null, "barrio": "URBIRRIOS 2", "parroquia_": 3, "barrio_id": 1046, "proceso": 0, "fecha_regi": null, "activo_cat": "SI", "desactivad": 0, "avaluo_rem": 0.0, "avaluo_r_1": 0.0, "clasificac": "GENERAL", "anio_deuda": 2025, "deuda": 34.88, "valor_ip": 0.0, "coactiva": null, "ficharegis": 73330, "etam": 0.1290994449, "diferencia": -0.0006894311, "porc_difer": -2.8726e-06, "admisible": 1, "deuda_anio": 22.94, "2019_csv_c": null, "clavecat_1": null, "2021__csv_": null, "2021__csv1": null, "2022__csv_": "3-23-88-05-000", "2022__csv1": "617-05-01-2023", "Clavepre": "3-23-88-05-000", "RESOLUCION": "617-05-01-2023", "ORIG_FID": 431 }, "geometry": { "type": "Point", "coordinates": [ -80.731656088566041, -1.005423005483509 ] } },
{ "type": "Feature", "properties": { "id": 87790, "lote_id": 95067, "clavecatas": "3-23-88-07-000", "zona": "3", "sector": "23", "manzana": "88", "lote": "07", "ph": "000", "propietari": "CASTILLO ARTEAGA IRWIN ALEXANDER", "documentop": "1316590692", "direccion": "URBIRRIOS II MZ 20-B LOTE 7 Y LOTE 8", "area_m2": 240.0, "frente_uti": 16.0, "frente_tot": 16.0, "avaluo_con": 0.0, "avaluo_sue": 8640.0, "zonaurbano": "URBANA", "parroquia": "TARQUI", "esta_bloqu": "NO", "es_tercera": "NO", "tiene_elec": "NO", "tiene_agua": "NO", "tiene_alca": "NO", "observacio": "INGRESO NUEVO REDISEÑO DE URBIRRIOS II INF LUIS LOPEZ 09/04/2019 - CAMBIO DE CLASIFICACIÓN: MEMORANDO MTA-DFIN-MEM-160920211226, TRÁMITE TE090920211550 EN BASE A ART. 509 DEL COOTAD.SE DIVIDIO CON INF. DEL LISTADO 228 DE URBIRRIOS 2 01/03/23 ARQ. LUPE", "observac_1": null, "barrio": "URBIRRIOS 2", "parroquia_": 3, "barrio_id": 1046, "proceso": 0, "fecha_regi": null, "activo_cat": "SI", "desactivad": 0, "avaluo_rem": 0.0, "avaluo_r_1": 0.0, "clasificac": "GENERAL", "anio_deuda": 2024, "deuda": 64.81, "valor_ip": 0.0, "coactiva": null, "ficharegis": 73331, "etam": 0.1290994449, "diferencia": 119.999551881, "porc_difer": 0.4999981328, "admisible": 0, "deuda_anio": 48.64, "2019_csv_c": null, "clavecat_1": null, "2021__csv_": null, "2021__csv1": null, "2022__csv_": "3-23-88-07-000", "2022__csv1": "617-05-01-2023", "Clavepre": "3-23-88-07-000", "RESOLUCION": "617-05-01-2023", "ORIG_FID": 432 }, "geometry": { "type": "Point", "coordinates": [ -80.731717328765555, -1.005512373972307 ] } },
{ "type": "Feature", "properties": { "id": 87792, "lote_id": 95068, "clavecatas": "3-23-88-09-000", "zona": "3", "sector": "23", "manzana": "88", "lote": "09", "ph": "000", "propietari": "TUFIÑO ZAMORA IVIZ POLET", "documentop": "1311773384", "direccion": "URBIRRIOS II MZ 20B LOTE 9 Y LOTE 10", "area_m2": 240.0, "frente_uti": 16.0, "frente_tot": 16.0, "avaluo_con": 0.0, "avaluo_sue": 7776.0, "zonaurbano": "URBANA", "parroquia": "TARQUI", "esta_bloqu": "NO", "es_tercera": "NO", "tiene_elec": "NO", "tiene_agua": "NO", "tiene_alca": "NO", "observacio": "INGRESO NUEVO REDISEÑO DE URBIRRIOS II INF LUIS LOPEZ 09/04/2019 - CAMBIO DE CLASIFICACIÓN: MEMORANDO MTA-DFIN-MEM-160920211226, TRÁMITE TE090920211550 EN BASE A ART. 509 DEL COOTAD.-SE ACTUALIZA INFORMACION CON ESCRITURA DE ADJ.CON PROH.DE ENAJ.INSCR", "observac_1": null, "barrio": "URBIRRIOS 2", "parroquia_": 3, "barrio_id": 1046, "proceso": 0, "fecha_regi": null, "activo_cat": "SI", "desactivad": 0, "avaluo_rem": 0.0, "avaluo_r_1": 0.0, "clasificac": "GENERAL", "anio_deuda": 2026, "deuda": 14.01, "valor_ip": 0.0, "coactiva": null, "ficharegis": 73329, "etam": 0.1290994449, "diferencia": -0.0012410413, "porc_difer": -5.171e-06, "admisible": 1, "deuda_anio": 0.0, "2019_csv_c": null, "clavecat_1": null, "2021__csv_": null, "2021__csv1": null, "2022__csv_": "3-23-88-09-000", "2022__csv1": "617-05-01-2023", "Clavepre": "3-23-88-09-000", "RESOLUCION": "617-05-01-2023", "ORIG_FID": 433 }, "geometry": { "type": "Point", "coordinates": [ -80.731819395787028, -1.00566132147581 ] } },
{ "type": "Feature", "properties": { "id": 87795, "lote_id": 95070, "clavecatas": "3-23-88-12-000", "zona": "3", "sector": "23", "manzana": "88", "lote": "12", "ph": "000", "propietari": "PIN ROCA ALAN JOSHUE", "documentop": "1350806897", "direccion": "URBIRRIOS II MZ 20-B LOTE 12", "area_m2": 120.0, "frente_uti": 8.0, "frente_tot": 8.0, "avaluo_con": 397.8, "avaluo_sue": 3888.0, "zonaurbano": "URBANA", "parroquia": "TARQUI", "esta_bloqu": "NO", "es_tercera": "NO", "tiene_elec": "NO", "tiene_agua": "NO", "tiene_alca": "NO", "observacio": "INGRESO NUEVO REDISEÑO DE URBIRRIOS II INF LUIS LOPEZ 09/04/2019 - CAMBIO DE CLASIFICACIÓN: MEMORANDO MTA-DFIN-MEM-160920211226, TRÁMITE TE090920211550 EN BASE A ART. 509 DEL COOTAD.-SE ACTUALIZA INFORMACION CON ESCRITURA DE ADJ.CON PROH.DE ENAJ.INSCR", "observac_1": null, "barrio": "URBIRRIOS 2", "parroquia_": 3, "barrio_id": 1046, "proceso": 0, "fecha_regi": null, "activo_cat": "SI", "desactivad": 0, "avaluo_rem": 0.0, "avaluo_r_1": 0.0, "clasificac": "GENERAL", "anio_deuda": 2026, "deuda": 6.71, "valor_ip": 0.0, "coactiva": null, "ficharegis": 82703, "etam": 0.0912870929, "diferencia": -0.0007928427, "porc_difer": -6.607e-06, "admisible": 1, "deuda_anio": 0.0, "2019_csv_c": null, "clavecat_1": null, "2021__csv_": null, "2021__csv1": null, "2022__csv_": "3-23-88-12-000", "2022__csv1": "617-05-01-2023", "Clavepre": "3-23-88-12-000", "RESOLUCION": "617-05-01-2023", "ORIG_FID": 434 }, "geometry": { "type": "Point", "coordinates": [ -80.731921462805076, -1.005810268961326 ] } },
{ "type": "Feature", "properties": { "id": 87796, "lote_id": 95071, "clavecatas": "3-23-88-13-000", "zona": "3", "sector": "23", "manzana": "88", "lote": "13", "ph": "000", "propietari": "GOBIERNO AUTONOMO DESCENTRALIZADO MUNICIPAL DEL CANTON MANTA .", "documentop": "1360000980001", "direccion": "URBIRRIOS II MZ 20B LOTE 13", "area_m2": 120.0, "frente_uti": 8.0, "frente_tot": 8.0, "avaluo_con": 0.0, "avaluo_sue": 4800.0, "zonaurbano": "URBANA", "parroquia": "TARQUI", "esta_bloqu": "NO", "es_tercera": "NO", "tiene_elec": "NO", "tiene_agua": "NO", "tiene_alca": "NO", "observacio": "INGRESO NUEVO REDISEÑO DE URBIRRIOS II INF LUIS LOPEZ 09/04/2019 - CAMBIO DE CLASIFICACIÓN: MEMORANDO MTA-DFIN-MEM-160920211226, TRÁMITE TE090920211550 EN BASE A ART. 509 DEL COOTAD.", "observac_1": null, "barrio": "URBIRRIOS 2", "parroquia_": 3, "barrio_id": 1046, "proceso": 0, "fecha_regi": null, "activo_cat": "SI", "desactivad": 0, "avaluo_rem": 0.0, "avaluo_r_1": 0.0, "clasificac": "POR LEGALIZAR", "anio_deuda": 0, "deuda": 0.0, "valor_ip": 0.0, "coactiva": null, "ficharegis": 0, "etam": 0.0912870929, "diferencia": -0.000861836, "porc_difer": -7.182e-06, "admisible": 1, "deuda_anio": 0.0, "2019_csv_c": null, "clavecat_1": null, "2021__csv_": null, "2021__csv1": null, "2022__csv_": "3-23-88-13-000", "2022__csv1": "617-05-01-2023", "Clavepre": "3-23-88-13-000", "RESOLUCION": "617-05-01-2023", "ORIG_FID": 435 }, "geometry": { "type": "Point", "coordinates": [ -80.731962289616973, -1.005869847958722 ] } },
{ "type": "Feature", "properties": { "id": 87797, "lote_id": 95072, "clavecatas": "3-23-88-14-000", "zona": "3", "sector": "23", "manzana": "88", "lote": "14", "ph": "000", "propietari": "CEDEÑO CEVALLOS ANDRES LORENZO", "documentop": "1311727380", "direccion": "URBIRRIOS II MZ 20B LOTE 14", "area_m2": 128.5, "frente_uti": 25.59, "frente_tot": 25.59, "avaluo_con": 0.0, "avaluo_sue": 4626.0, "zonaurbano": "URBANA", "parroquia": "TARQUI", "esta_bloqu": "NO", "es_tercera": "NO", "tiene_elec": "NO", "tiene_agua": "NO", "tiene_alca": "NO", "observacio": "INGRESO NUEVO REDISEÑO DE URBIRRIOS II INF LUIS LOPEZ 09/04/2019 - CAMBIO DE CLASIFICACIÓN: MEMORANDO MTA-DFIN-MEM-160920211226, TRÁMITE TE090920211550 EN BASE A ART. 509 DEL COOTAD.-SE ACTUALIZA INFORMACION CON ESCRITURA DE ADJ.CON PROH.DE ENAJ.INSCR", "observac_1": null, "barrio": "URBIRRIOS 2", "parroquia_": 3, "barrio_id": 1046, "proceso": 0, "fecha_regi": null, "activo_cat": "SI", "desactivad": 0, "avaluo_rem": 0.0, "avaluo_r_1": 0.0, "clasificac": "GENERAL", "anio_deuda": 2024, "deuda": 76.13, "valor_ip": 0.0, "coactiva": null, "ficharegis": 82704, "etam": 0.0882162183, "diferencia": -12.263712444, "porc_difer": -0.0954374509, "admisible": 0, "deuda_anio": 58.13, "2019_csv_c": null, "clavecat_1": null, "2021__csv_": null, "2021__csv1": null, "2022__csv_": "3-23-88-14-000", "2022__csv1": "617-05-01-2023", "Clavepre": "3-23-88-14-000", "RESOLUCION": "617-05-01-2023", "ORIG_FID": 436 }, "geometry": { "type": "Point", "coordinates": [ -80.732004407261499, -1.00593642000989 ] } },
{ "type": "Feature", "properties": { "id": 87798, "lote_id": 95073, "clavecatas": "3-23-88-15-000", "zona": "3", "sector": "23", "manzana": "88", "lote": "15", "ph": "000", "propietari": "ROCA VELEZ KARINA ROCIO", "documentop": "1309378162", "direccion": "URBIRRIOS II MZ 20B LOTE 15 Y 16", "area_m2": 226.35, "frente_uti": 29.0, "frente_tot": 14.0, "avaluo_con": 0.0, "avaluo_sue": 8148.6, "zonaurbano": "URBANA", "parroquia": "TARQUI", "esta_bloqu": "NO", "es_tercera": "NO", "tiene_elec": "NO", "tiene_agua": "NO", "tiene_alca": "NO", "observacio": "INGRESO NUEVO REDISEÑO DE URBIRRIOS II INF LUIS LOPEZ 09/04/2019 - CAMBIO DE CLASIFICACIÓN: MEMORANDO MTA-DFIN-MEM-160920211226, TRÁMITE TE090920211550 EN BASE A ART. 509 DEL COOTAD.SE CORRIGE AREA POR INF. ARQ.PEDRO RIOS DEL LISTADO 228 DE URBIRRIOS", "observac_1": null, "barrio": "URBIRRIOS 2", "parroquia_": 3, "barrio_id": 1046, "proceso": 0, "fecha_regi": null, "activo_cat": "SI", "desactivad": 0, "avaluo_rem": 0.0, "avaluo_r_1": 0.0, "clasificac": "GENERAL", "anio_deuda": 0, "deuda": 0.0, "valor_ip": 0.0, "coactiva": null, "ficharegis": 74509, "etam": 0.1329351244, "diferencia": -0.0057916983, "porc_difer": -2.55874e-05, "admisible": 1, "deuda_anio": 0.0, "2019_csv_c": null, "clavecat_1": null, "2021__csv_": null, "2021__csv1": null, "2022__csv_": "3-23-88-15-000", "2022__csv1": "617-05-01-2023", "Clavepre": "3-23-88-15-000", "RESOLUCION": "617-05-01-2023", "ORIG_FID": 437 }, "geometry": { "type": "Point", "coordinates": [ -80.732090093419671, -1.005820220448398 ] } },
{ "type": "Feature", "properties": { "id": 87800, "lote_id": 95074, "clavecatas": "3-23-88-17-000", "zona": "3", "sector": "23", "manzana": "88", "lote": "17", "ph": "000", "propietari": "CEDEÑO PALACIOS CESAR PATRICIO", "documentop": "1308106226", "direccion": "URBIRRIOS II MZ 20-B LOTE 17", "area_m2": 120.0, "frente_uti": 8.0, "frente_tot": 8.0, "avaluo_con": 0.0, "avaluo_sue": 4320.0, "zonaurbano": "URBANA", "parroquia": "TARQUI", "esta_bloqu": "NO", "es_tercera": "NO", "tiene_elec": "NO", "tiene_agua": "NO", "tiene_alca": "NO", "observacio": "INGRESO NUEVO REDISEÑO DE URBIRRIOS II INF LUIS LOPEZ 09/04/2019 - CAMBIO DE CLASIFICACIÓN: MEMORANDO MTA-DFIN-MEM-160920211226, TRÁMITE TE090920211550 EN BASE A ART. 509 DEL COOTAD.-SE ACTUALIZA INF CON ESCRITURA DE CVTA INSCRITA EN EL REG. DE LA PRO", "observac_1": null, "barrio": "URBIRRIOS 2", "parroquia_": 3, "barrio_id": 1046, "proceso": 0, "fecha_regi": null, "activo_cat": "SI", "desactivad": 0, "avaluo_rem": 0.0, "avaluo_r_1": 0.0, "clasificac": "PROPIEDADES MUNICIPALES", "anio_deuda": 0, "deuda": 0.0, "valor_ip": 0.0, "coactiva": null, "ficharegis": 82707, "etam": 0.0912870929, "diferencia": -0.0014478903, "porc_difer": -1.20658e-05, "admisible": 1, "deuda_anio": 0.0, "2019_csv_c": null, "clavecat_1": null, "2021__csv_": null, "2021__csv1": null, "2022__csv_": "3-23-88-17-000", "2022__csv1": "617-05-01-2023", "Clavepre": "3-23-88-17-000", "RESOLUCION": "617-05-01-2023", "ORIG_FID": 438 }, "geometry": { "type": "Point", "coordinates": [ -80.732032443991827, -1.005733214145673 ] } },
{ "type": "Feature", "properties": { "id": 87801, "lote_id": 95075, "clavecatas": "3-23-88-18-000", "zona": "3", "sector": "23", "manzana": "88", "lote": "18", "ph": "000", "propietari": "CARDENAS VILLAFUERTE VICTOR SEBASTIAN", "documentop": "0908155971", "direccion": "URBIRRIOS II MZ 20B LOTE 18", "area_m2": 120.0, "frente_uti": 8.0, "frente_tot": 8.0, "avaluo_con": 0.0, "avaluo_sue": 4320.0, "zonaurbano": "URBANA", "parroquia": "TARQUI", "esta_bloqu": "NO", "es_tercera": "NO", "tiene_elec": "NO", "tiene_agua": "NO", "tiene_alca": "NO", "observacio": "INGRESO NUEVO REDISEÑO DE URBIRRIOS II INF LUIS LOPEZ 09/04/2019 - CAMBIO DE CLASIFICACIÓN: MEMORANDO MTA-DFIN-MEM-160920211226, TRÁMITE TE090920211550 EN BASE A ART. 509 DEL COOTAD.SE ACTUALIZA INF CON ESCRITURA DE ADJUDICACION DE LOTE INSCRITA EN EL", "observac_1": null, "barrio": "URBIRRIOS 2", "parroquia_": 3, "barrio_id": 1046, "proceso": 0, "fecha_regi": null, "activo_cat": "SI", "desactivad": 0, "avaluo_rem": 0.0, "avaluo_r_1": 0.0, "clasificac": "GENERAL", "anio_deuda": 2026, "deuda": 7.69, "valor_ip": 0.0, "coactiva": null, "ficharegis": 82706, "etam": 0.0912870929, "diferencia": -0.0015168059, "porc_difer": -1.264e-05, "admisible": 1, "deuda_anio": 0.0, "2019_csv_c": null, "clavecat_1": null, "2021__csv_": null, "2021__csv1": null, "2022__csv_": "3-23-88-18-000", "2022__csv1": "617-05-01-2023", "Clavepre": "3-23-88-18-000", "RESOLUCION": "617-05-01-2023", "ORIG_FID": 439 }, "geometry": { "type": "Point", "coordinates": [ -80.73199161717946, -1.005673635149225 ] } },
{ "type": "Feature", "properties": { "id": 87802, "lote_id": 95076, "clavecatas": "3-23-88-19-000", "zona": "3", "sector": "23", "manzana": "88", "lote": "19", "ph": "000", "propietari": "ROCA ZAMORA MAYBELINE ANDREINA", "documentop": "1317154548", "direccion": "SECTOR URBIRRIOS II MZ. 20B LOTE 19", "area_m2": 120.0, "frente_uti": 8.0, "frente_tot": 8.0, "avaluo_con": 0.0, "avaluo_sue": 4320.0, "zonaurbano": "URBANA", "parroquia": "TARQUI", "esta_bloqu": "NO", "es_tercera": "NO", "tiene_elec": "NO", "tiene_agua": "NO", "tiene_alca": "NO", "observacio": "ING. NUEVO REDISEÑO DE URBIRRIOS II INF LUIS LOPEZ 09/04/2019.- ING. PARA CERT. EVALUADO POR PERITO LCDA. M. ARTEAGA, ELAB. X LCDA. DELI CH.D. JULIO 11/2019.-  - CAMBIO DE CLASIFICACIÓN: MEMORANDO MTA-DFIN-MEM-160920211226, TRÁMITE TE090920211550 EN B", "observac_1": null, "barrio": "URBIRRIOS 2", "parroquia_": 3, "barrio_id": 1046, "proceso": 0, "fecha_regi": null, "activo_cat": "SI", "desactivad": 0, "avaluo_rem": 0.0, "avaluo_r_1": 0.0, "clasificac": "GENERAL", "anio_deuda": 0, "deuda": 0.0, "valor_ip": 0.0, "coactiva": null, "ficharegis": 71351, "etam": 0.0912870929, "diferencia": -0.0015858283, "porc_difer": -1.32152e-05, "admisible": 1, "deuda_anio": 0.0, "2019_csv_c": null, "clavecat_1": null, "2021__csv_": null, "2021__csv1": null, "2022__csv_": "3-23-88-19-000", "2022__csv1": "617-05-01-2023", "Clavepre": "3-23-88-19-000", "RESOLUCION": "617-05-01-2023", "ORIG_FID": 440 }, "geometry": { "type": "Point", "coordinates": [ -80.731950790368444, -1.005614056152658 ] } },
{ "type": "Feature", "properties": { "id": 87803, "lote_id": 95077, "clavecatas": "3-23-88-20-000", "zona": "3", "sector": "23", "manzana": "88", "lote": "20", "ph": "000", "propietari": "ROCA VELEZ CARLOS FREY", "documentop": "1304230038", "direccion": "URBIRRIOS II MZ 20 B LOTE 20", "area_m2": 120.0, "frente_uti": 8.0, "frente_tot": 8.0, "avaluo_con": 0.0, "avaluo_sue": 3888.0, "zonaurbano": "URBANA", "parroquia": "TARQUI", "esta_bloqu": "NO", "es_tercera": "NO", "tiene_elec": "NO", "tiene_agua": "NO", "tiene_alca": "NO", "observacio": "INGRESO NUEVO REDISEÑO DE URBIRRIOS II INF LUIS LOPEZ 09/04/2019 - CAMBIO DE CLASIFICACIÓN: MEMORANDO MTA-DFIN-MEM-160920211226, TRÁMITE TE090920211550 EN BASE A ART. 509 DEL COOTAD.- SE ACTUALIZA INFORMACION CON ESCRITURA INSCRITA EN EL REGISTRO DE L", "observac_1": null, "barrio": "URBIRRIOS 2", "parroquia_": 3, "barrio_id": 1046, "proceso": 0, "fecha_regi": null, "activo_cat": "SI", "desactivad": 0, "avaluo_rem": 0.0, "avaluo_r_1": 0.0, "clasificac": "GENERAL", "anio_deuda": 0, "deuda": 0.0, "valor_ip": 0.0, "coactiva": null, "ficharegis": 82702, "etam": 0.0912870929, "diferencia": -0.0016547267, "porc_difer": -1.37894e-05, "admisible": 1, "deuda_anio": 0.0, "2019_csv_c": null, "clavecat_1": null, "2021__csv_": null, "2021__csv1": null, "2022__csv_": "3-23-88-20-000", "2022__csv1": "617-05-01-2023", "Clavepre": "3-23-88-20-000", "RESOLUCION": "617-05-01-2023", "ORIG_FID": 441 }, "geometry": { "type": "Point", "coordinates": [ -80.731909963558735, -1.005554477155921 ] } },
{ "type": "Feature", "properties": { "id": 87804, "lote_id": 95078, "clavecatas": "3-23-88-21-000", "zona": "3", "sector": "23", "manzana": "88", "lote": "21", "ph": "000", "propietari": "CEDEÑO GARCIA JAIME HUMBERTO", "documentop": "1303633513", "direccion": "URBIRRIOS II MZ 20B LOTE 21", "area_m2": 120.0, "frente_uti": 8.0, "frente_tot": 8.0, "avaluo_con": 0.0, "avaluo_sue": 4800.0, "zonaurbano": "URBANA", "parroquia": "TARQUI", "esta_bloqu": "NO", "es_tercera": "NO", "tiene_elec": "NO", "tiene_agua": "NO", "tiene_alca": "NO", "observacio": "INGRESO NUEVO REDISEÑO DE URBIRRIOS II INF LUIS LOPEZ 09/04/2019 - CAMBIO DE CLASIFICACIÓN: MEMORANDO MTA-DFIN-MEM-160920211226, TRÁMITE TE090920211550 EN BASE A ART. 509 DEL COOTAD.-SE ACTUALIZA INFORMACION CON ESCRITURA DE ADJ.CON PROH.DE ENAJ.INSCR", "observac_1": null, "barrio": "URBIRRIOS 2", "parroquia_": 3, "barrio_id": 1046, "proceso": 0, "fecha_regi": null, "activo_cat": "SI", "desactivad": 0, "avaluo_rem": 0.0, "avaluo_r_1": 0.0, "clasificac": "GENERAL", "anio_deuda": 2026, "deuda": 7.87, "valor_ip": 0.0, "coactiva": null, "ficharegis": 82705, "etam": 0.0912870929, "diferencia": -0.0017237025, "porc_difer": -1.43642e-05, "admisible": 1, "deuda_anio": 0.0, "2019_csv_c": null, "clavecat_1": null, "2021__csv_": null, "2021__csv1": null, "2022__csv_": "3-23-88-21-000", "2022__csv1": "617-05-01-2023", "Clavepre": "3-23-88-21-000", "RESOLUCION": "617-05-01-2023", "ORIG_FID": 442 }, "geometry": { "type": "Point", "coordinates": [ -80.731869136750362, -1.005494898159082 ] } },
{ "type": "Feature", "properties": { "id": 87805, "lote_id": 95079, "clavecatas": "3-23-88-22-000", "zona": "3", "sector": "23", "manzana": "88", "lote": "22", "ph": "000", "propietari": "CEDEÑO ROCA SCARLETT MILENKA", "documentop": "1351584972", "direccion": "URBIRRIOS II MZ 20B LOTE 22", "area_m2": 120.0, "frente_uti": 8.0, "frente_tot": 8.0, "avaluo_con": 0.0, "avaluo_sue": 3888.0, "zonaurbano": "URBANA", "parroquia": "TARQUI", "esta_bloqu": "NO", "es_tercera": "NO", "tiene_elec": "NO", "tiene_agua": "NO", "tiene_alca": "NO", "observacio": "INGRESO NUEVO REDISEÑO DE URBIRRIOS II INF LUIS LOPEZ 09/04/2019 - CAMBIO DE CLASIFICACIÓN: MEMORANDO MTA-DFIN-MEM-160920211226, TRÁMITE TE090920211550 EN BASE A ART. 509 DEL COOTAD.-SE ACTUALIZA INFORMACION CON ESCRITURA DE ADJ.CON PROH.DE ENAJ.INSCR", "observac_1": null, "barrio": "URBIRRIOS 2", "parroquia_": 3, "barrio_id": 1046, "proceso": 0, "fecha_regi": null, "activo_cat": "SI", "desactivad": 0, "avaluo_rem": 0.0, "avaluo_r_1": 0.0, "clasificac": "GENERAL", "anio_deuda": 0, "deuda": 0.0, "valor_ip": 0.0, "coactiva": null, "ficharegis": 82720, "etam": 0.0912870929, "diferencia": -0.0017926335, "porc_difer": -1.49386e-05, "admisible": 1, "deuda_anio": 0.0, "2019_csv_c": null, "clavecat_1": null, "2021__csv_": null, "2021__csv1": null, "2022__csv_": "3-23-88-22-000", "2022__csv1": "617-05-01-2023", "Clavepre": "3-23-88-22-000", "RESOLUCION": "617-05-01-2023", "ORIG_FID": 443 }, "geometry": { "type": "Point", "coordinates": [ -80.73182830994331, -1.005435319162074 ] } },
{ "type": "Feature", "properties": { "id": 87806, "lote_id": 95080, "clavecatas": "3-23-88-23-000", "zona": "3", "sector": "23", "manzana": "88", "lote": "23", "ph": "000", "propietari": "ROCA VELEZ TANIA MARISELA", "documentop": "1308584703", "direccion": "URBIRRIOS II MZ 20B LOTE 23", "area_m2": 120.0, "frente_uti": 8.0, "frente_tot": 8.0, "avaluo_con": 0.0, "avaluo_sue": 4320.0, "zonaurbano": "URBANA", "parroquia": "TARQUI", "esta_bloqu": "NO", "es_tercera": "NO", "tiene_elec": "NO", "tiene_agua": "NO", "tiene_alca": "NO", "observacio": "INGRESO NUEVO REDISEÑO DE URBIRRIOS II INF LUIS LOPEZ 09/04/2019 - CAMBIO DE CLASIFICACIÓN: MEMORANDO MTA-DFIN-MEM-160920211226, TRÁMITE TE090920211550 EN BASE A ART. 509 DEL COOTAD.-SE ACTUALIZA INFORMACION CON ESCRITURA DE ADJ.CON PROH.DE ENAJ.INSCR", "observac_1": null, "barrio": "URBIRRIOS 2", "parroquia_": 3, "barrio_id": 1046, "proceso": 0, "fecha_regi": null, "activo_cat": "SI", "desactivad": 0, "avaluo_rem": 0.0, "avaluo_r_1": 0.0, "clasificac": "GENERAL", "anio_deuda": 2024, "deuda": 31.28, "valor_ip": 0.0, "coactiva": null, "ficharegis": 82721, "etam": 0.0912870929, "diferencia": -0.001861593, "porc_difer": -1.55133e-05, "admisible": 1, "deuda_anio": 23.58, "2019_csv_c": null, "clavecat_1": null, "2021__csv_": null, "2021__csv1": null, "2022__csv_": "3-23-88-23-000", "2022__csv1": "617-05-01-2023", "Clavepre": "3-23-88-23-000", "RESOLUCION": "617-05-01-2023", "ORIG_FID": 444 }, "geometry": { "type": "Point", "coordinates": [ -80.731787483137595, -1.005375740164946 ] } },
{ "type": "Feature", "properties": { "id": 87807, "lote_id": 95081, "clavecatas": "3-23-88-24-000", "zona": "3", "sector": "23", "manzana": "88", "lote": "24", "ph": "000", "propietari": "PIN ROCA ERICK JAVIER", "documentop": "1315408763", "direccion": "URBIRRIOS II MZ 20B LOTE 24", "area_m2": 120.0, "frente_uti": 8.0, "frente_tot": 8.0, "avaluo_con": 0.0, "avaluo_sue": 4320.0, "zonaurbano": "URBANA", "parroquia": "TARQUI", "esta_bloqu": "NO", "es_tercera": "NO", "tiene_elec": "NO", "tiene_agua": "NO", "tiene_alca": "NO", "observacio": "INGRESO NUEVO REDISEÑO DE URBIRRIOS II INF LUIS LOPEZ 09/04/2019 - CAMBIO DE CLASIFICACIÓN: MEMORANDO MTA-DFIN-MEM-160920211226, TRÁMITE TE090920211550 EN BASE A ART. 509 DEL COOTAD.-SE ACTUALIZA INF EN BASE A ESCRITURA DE ADJUDICACION DE LOTE INSCRIT", "observac_1": null, "barrio": "URBIRRIOS 2", "parroquia_": 3, "barrio_id": 1046, "proceso": 0, "fecha_regi": null, "activo_cat": "SI", "desactivad": 0, "avaluo_rem": 0.0, "avaluo_r_1": 0.0, "clasificac": "GENERAL", "anio_deuda": 2026, "deuda": 7.7, "valor_ip": 0.0, "coactiva": null, "ficharegis": 82722, "etam": 0.0912870929, "diferencia": -0.0019305017, "porc_difer": -1.60875e-05, "admisible": 1, "deuda_anio": 0.0, "2019_csv_c": null, "clavecat_1": null, "2021__csv_": null, "2021__csv1": null, "2022__csv_": "3-23-88-24-000", "2022__csv1": "617-05-01-2023", "Clavepre": "3-23-88-24-000", "RESOLUCION": "617-05-01-2023", "ORIG_FID": 445 }, "geometry": { "type": "Point", "coordinates": [ -80.7317466563332, -1.005316161167684 ] } },
{ "type": "Feature", "properties": { "id": 87809, "lote_id": 95083, "clavecatas": "3-23-88-26-000", "zona": "3", "sector": "23", "manzana": "88", "lote": "26", "ph": "000", "propietari": "ROCA BARCIA GREGORIO FRANCISCO", "documentop": "1309749024", "direccion": "URBIRRIOS II MZ 20-B LOTE 26 Y 27", "area_m2": 240.0, "frente_uti": 16.0, "frente_tot": 16.0, "avaluo_con": 0.0, "avaluo_sue": 8640.0, "zonaurbano": "URBANA", "parroquia": "TARQUI", "esta_bloqu": "NO", "es_tercera": "NO", "tiene_elec": "NO", "tiene_agua": "NO", "tiene_alca": "NO", "observacio": "INGRESO NUEVO REDISEÑO DE URBIRRIOS II INF LUIS LOPEZ 09/04/2019 - CAMBIO DE CLASIFICACIÓN: MEMORANDO MTA-DFIN-MEM-160920211226, TRÁMITE TE090920211550 EN BASE A ART. 509 DEL COOTAD.SE CORRIGE AREA POR LISTADO DE 228 DE URBIRRIOS ENVIADO POR ARQ. PEDR", "observac_1": null, "barrio": "URBIRRIOS 2", "parroquia_": 3, "barrio_id": 1046, "proceso": 0, "fecha_regi": null, "activo_cat": "SI", "desactivad": 0, "avaluo_rem": 0.0, "avaluo_r_1": 0.0, "clasificac": "GENERAL", "anio_deuda": 2025, "deuda": 39.5, "valor_ip": 0.0, "coactiva": null, "ficharegis": 82686, "etam": 0.1290994449, "diferencia": 119.99793158120001, "porc_difer": 0.4999913816, "admisible": 0, "deuda_anio": 23.31, "2019_csv_c": null, "clavecat_1": null, "2021__csv_": null, "2021__csv1": null, "2022__csv_": "3-23-88-26-000", "2022__csv1": "617-05-01-2023", "Clavepre": "3-23-88-26-000", "RESOLUCION": "617-05-01-2023", "ORIG_FID": 446 }, "geometry": { "type": "Point", "coordinates": [ -80.73166500272842, -1.005197003172751 ] } },
{ "type": "Feature", "properties": { "id": 87924, "lote_id": 67008, "clavecatas": "3-24-06-04-000", "zona": "3", "sector": "24", "manzana": "06", "lote": "04", "ph": "000", "propietari": "DESIDERIO MOSQUERA JOSE RODOLFO", "documentop": "0926991373", "direccion": "BARRIO COLINAS DEL JOCAY - P. TARQUI", "area_m2": 280.75, "frente_uti": 43.15, "frente_tot": 43.15, "avaluo_con": 43859.98, "avaluo_sue": 26671.25, "zonaurbano": "URBANA", "parroquia": "MANTA", "esta_bloqu": "NO", "es_tercera": "NO", "tiene_elec": "NO", "tiene_agua": "NO", "tiene_alca": "NO", "observacio": "SE CORRIGE AREA DE 303.00 A 280.00 M2 DE ACUERDO AL INF DE LEGALIZACION A FAVOR DE DESIDERIO MOSQUERA JOSE RODOLFO EL 09/06/22 ARQ. LUPE LANDA...-SE ACTUALIZA INFORMACION CON ESCRITURA DE ADJ.CON PROH.DE ENAJ.INSCRITA EN EL REG.DE LA PROPIEDAD 11/20/2024", "observac_1": "SE DESBLOQUEA PARA ACTUALIZAR LEGALIZACION", "barrio": "COLINAS DEL JOCAY", "parroquia_": 1, "barrio_id": 1038, "proceso": 1, "fecha_regi": null, "activo_cat": "SI", "desactivad": 0, "avaluo_rem": 0.0, "avaluo_r_1": 0.0, "clasificac": "GENERAL", "anio_deuda": 2025, "deuda": 195.57, "valor_ip": 0.0, "coactiva": "SEGUNDA NOTIFICACION", "ficharegis": 87484, "etam": 0.1193631065, "diferencia": 0.0264381523, "porc_difer": 9.41697e-05, "admisible": 1, "deuda_anio": 103.6, "2019_csv_c": null, "clavecat_1": null, "2021__csv_": null, "2021__csv1": null, "2022__csv_": "3-24-06-04-000", "2022__csv1": "064-14-09-2023", "Clavepre": "3-24-06-04-000", "RESOLUCION": "064-14-09-2023", "ORIG_FID": 447 }, "geometry": { "type": "Point", "coordinates": [ -80.719923194148791, -0.960914419300079 ] } },
{ "type": "Feature", "properties": { "id": 91859, "lote_id": 80388, "clavecatas": "3-27-48-52-000", "zona": "3", "sector": "27", "manzana": "48", "lote": "52", "ph": "000", "propietari": "G.A.D.MCPAL.DEL CANTON MANTA .", "documentop": "1360000980001", "direccion": "URBIRIOS II MZ-11 LOTE 52", "area_m2": 180.0, "frente_uti": 10.0, "frente_tot": 10.0, "avaluo_con": 0.0, "avaluo_sue": 7200.0, "zonaurbano": "URBANA", "parroquia": "TARQUI", "esta_bloqu": "NO", "es_tercera": "NO", "tiene_elec": "SI", "tiene_agua": "SI", "tiene_alca": "NO", "observacio": "IHNGRESO NUEVO FM2010.-SELLO PROTOC.DANIEL S.14/01/14 A.Q. - Cambio de Clasificación: Memorando MTA-DFIN-MEM-160920211226, trámite TE090920211550 en base a Art. 509 del COOTAD.", "observac_1": "FM2010 - MEMORANDO 055-DACR-DCR-GADM-15", "barrio": "URBIRRIOS 2", "parroquia_": 3, "barrio_id": 1046, "proceso": 0, "fecha_regi": null, "activo_cat": "SI", "desactivad": 0, "avaluo_rem": 0.0, "avaluo_r_1": 0.0, "clasificac": "PROPIEDADES MUNICIPALES", "anio_deuda": 0, "deuda": 0.0, "valor_ip": 0.0, "coactiva": null, "ficharegis": 0, "etam": 0.0745355992, "diferencia": -8.2846699787000002, "porc_difer": -0.0460259443, "admisible": 1, "deuda_anio": 0.0, "2019_csv_c": null, "clavecat_1": null, "2021__csv_": null, "2021__csv1": null, "2022__csv_": "3-27-48-52-000", "2022__csv1": "617-05-01-2023", "Clavepre": "3-27-48-52-000", "RESOLUCION": "617-05-01-2023", "ORIG_FID": 448 }, "geometry": { "type": "Point", "coordinates": [ -80.725605892611995, -0.998239656111592 ] } },
{ "type": "Feature", "properties": { "id": 91976, "lote_id": 76724, "clavecatas": "3-27-50-22-000", "zona": "3", "sector": "27", "manzana": "50", "lote": "22", "ph": "000", "propietari": "CAICEDO BARRE CARMEN ADELA", "documentop": "0801219122", "direccion": "URBIRRIOS II MZ 24 LOTE 22", "area_m2": 144.0, "frente_uti": 8.0, "frente_tot": 8.0, "avaluo_con": 4536.0, "avaluo_sue": 5760.0, "zonaurbano": "URBANA", "parroquia": "ELOY ALFARO", "esta_bloqu": "NO", "es_tercera": "SI", "tiene_elec": "SI", "tiene_agua": "SI", "tiene_alca": "NO", "observacio": "INGRESO NUEVO -SE ACTUALIZA INFORMACION CON ESCRITURA DE ADJ.CON PROH.DE ENAJ.INSCRITA EN EL REG.DE LA PROPIEDAD 12/21/2023 Y.C.S.-", "observac_1": null, "barrio": "LOS SENDEROS", "parroquia_": 5, "barrio_id": 418, "proceso": 0, "fecha_regi": null, "activo_cat": "SI", "desactivad": 0, "avaluo_rem": 0.0, "avaluo_r_1": 0.0, "clasificac": "GENERAL", "anio_deuda": 2024, "deuda": 57.95, "valor_ip": 0.0, "coactiva": null, "ficharegis": 68993, "etam": 0.0833333333, "diferencia": 0.8731522175, "porc_difer": 0.0060635571, "admisible": 1, "deuda_anio": 46.36, "2019_csv_c": null, "clavecat_1": null, "2021__csv_": null, "2021__csv1": null, "2022__csv_": "3-27-50-22-000", "2022__csv1": "617-05-01-2023", "Clavepre": "3-27-50-22-000", "RESOLUCION": "617-05-01-2023", "ORIG_FID": 449 }, "geometry": { "type": "Point", "coordinates": [ -80.728924918564914, -1.001966929474493 ] } },
{ "type": "Feature", "properties": { "id": 91964, "lote_id": 76726, "clavecatas": "3-27-50-09-000", "zona": "3", "sector": "27", "manzana": "50", "lote": "09", "ph": "000", "propietari": "MUÑOZ BARRE ANDRES LEONARDO", "documentop": "1316373974", "direccion": "URBIRIOS II MZ 24 LOTE 09", "area_m2": 144.0, "frente_uti": 80.0, "frente_tot": 8.0, "avaluo_con": 10800.22, "avaluo_sue": 5760.0, "zonaurbano": "URBANA", "parroquia": "TARQUI", "esta_bloqu": "NO", "es_tercera": "NO", "tiene_elec": "SI", "tiene_agua": "SI", "tiene_alca": "NO", "observacio": "INGRESO NUEVO INFORME PARA CERTIFICADO DOCUMENTACION RECEPTADA POR4 LUIS LOPEZ, CON AUT. DE PLAU   EMITIDO  ENERO 10/13  CERIF. Nº.  9760-13 - CAMBIO DE CLASIFICACIÓN: MEMORANDO MTA-DFIN-MEM-160920211226, TRÁMITE TE090920211550 EN BASE A ART. 509 DEL", "observac_1": "- MEMORANDO 055-DACR-DCR-GADM-15 - SE DESBLOQUEA POR PROCESO DE LEGALIZACION URBIRRIOS 2", "barrio": "LOS SENDEROS", "parroquia_": 3, "barrio_id": 418, "proceso": 0, "fecha_regi": null, "activo_cat": "SI", "desactivad": 0, "avaluo_rem": 0.0, "avaluo_r_1": 0.0, "clasificac": "GENERAL", "anio_deuda": 2013, "deuda": 400.83, "valor_ip": 0.0, "coactiva": null, "ficharegis": 82608, "etam": 0.0833333333, "diferencia": 0.9755478566, "porc_difer": 0.0067746379, "admisible": 1, "deuda_anio": 341.29, "2019_csv_c": null, "clavecat_1": null, "2021__csv_": null, "2021__csv1": null, "2022__csv_": "3-27-50-09-000", "2022__csv1": "617-05-01-2023", "Clavepre": "3-27-50-09-000", "RESOLUCION": "617-05-01-2023", "ORIG_FID": 450 }, "geometry": { "type": "Point", "coordinates": [ -80.729133292547061, -1.002022724076131 ] } },
{ "type": "Feature", "properties": { "id": 91980, "lote_id": 76743, "clavecatas": "3-27-50-26-000", "zona": "3", "sector": "27", "manzana": "50", "lote": "26", "ph": "000", "propietari": "FLORES ZAMBRANO KEILYN JULIBETH", "documentop": "1312573346", "direccion": "URBIRRIOS II - MZ 24 LOTE 26", "area_m2": 144.0, "frente_uti": 8.0, "frente_tot": 8.0, "avaluo_con": 17653.2, "avaluo_sue": 5760.0, "zonaurbano": "URBANA", "parroquia": "ELOY ALFARO", "esta_bloqu": "NO", "es_tercera": "NO", "tiene_elec": "NO", "tiene_agua": "NO", "tiene_alca": "NO", "observacio": "INGRESO NUEVO -SE ACTUALIZA INFORMACION CON ESCRITURA DE ADJ.CON PROH.DE ENAJ.INSCRITA EN EL REG.DE LA PROPIEDAD 06/26/2025 Y.C.S.-", "observac_1": null, "barrio": "LOS SENDEROS", "parroquia_": 5, "barrio_id": 418, "proceso": 0, "fecha_regi": null, "activo_cat": "SI", "desactivad": 0, "avaluo_rem": 0.0, "avaluo_r_1": 0.0, "clasificac": "GENERAL", "anio_deuda": 2026, "deuda": 18.26, "valor_ip": 0.0, "coactiva": null, "ficharegis": 82616, "etam": 0.0833333333, "diferencia": -0.0768055692, "porc_difer": -0.000533372, "admisible": 1, "deuda_anio": 0.0, "2019_csv_c": null, "clavecat_1": null, "2021__csv_": null, "2021__csv1": null, "2022__csv_": "3-27-50-26-000", "2022__csv1": "617-05-01-2023", "Clavepre": "3-27-50-26-000", "RESOLUCION": "617-05-01-2023", "ORIG_FID": 451 }, "geometry": { "type": "Point", "coordinates": [ -80.729164186496035, -1.001806743485771 ] } },
{ "type": "Feature", "properties": { "id": 92015, "lote_id": 76767, "clavecatas": "3-27-51-29-000", "zona": "3", "sector": "27", "manzana": "51", "lote": "29", "ph": "000", "propietari": "GOBIERNO AUTONOMO DESCENTRALIZADO MCPAL.DEL CANTON MANTA .", "documentop": "1360000980001", "direccion": "PROG HABITACIONAL SI MI CASA MZ- 24 LOTE 29", "area_m2": 144.0, "frente_uti": 8.0, "frente_tot": 8.0, "avaluo_con": 0.0, "avaluo_sue": 4320.0, "zonaurbano": "URBANA", "parroquia": "ELOY ALFARO", "esta_bloqu": "SI", "es_tercera": "NO", "tiene_elec": "SI", "tiene_agua": "SI", "tiene_alca": "NO", "observacio": "INGRESO NUEVO\r\n\r\nPARA CERTIFICADO   SE INGRESA EL AVALUO DE REMETE INF LDA MARISOL ARTEAGA OCT. 22/12 MR 8021-12 - Cambio de Clasificación: Memorando MTA-DFIN-MEM-160920211226, trámite TE090920211550 en base a Art. 509 del COOTAD.", "observac_1": "- MEMORANDO 055-DACR-DCR-GADM-15", "barrio": "LOS SENDEROS", "parroquia_": 5, "barrio_id": 418, "proceso": 0, "fecha_regi": null, "activo_cat": "SI", "desactivad": 0, "avaluo_rem": 0.0, "avaluo_r_1": 0.0, "clasificac": "PROPIEDADES MUNICIPALES", "anio_deuda": 0, "deuda": 0.0, "valor_ip": 0.0, "coactiva": null, "ficharegis": 0, "etam": 0.0833333333, "diferencia": -10.563087100100001, "porc_difer": -0.0733547715, "admisible": 1, "deuda_anio": 48.48, "2019_csv_c": null, "clavecat_1": null, "2021__csv_": null, "2021__csv1": null, "2022__csv_": "3-27-51-29-000", "2022__csv1": "617-05-01-2023", "Clavepre": "3-27-51-29-000", "RESOLUCION": "617-05-01-2023", "ORIG_FID": 452 }, "geometry": { "type": "Point", "coordinates": [ -80.729113699846977, -1.001335857987748 ] } },
{ "type": "Feature", "properties": { "id": 97940, "lote_id": 93677, "clavecatas": "4-01-05-26-000", "zona": "4", "sector": "01", "manzana": "05", "lote": "26", "ph": "000", "propietari": "EMPRESA PUBLICA CANTONAL DE AGUA POTABLE ALCANT.MANEJO PLUVI .", "documentop": "1360064440001", "direccion": "SITIO PIEDRA LARGA", "area_m2": 258.38, "frente_uti": 19.5, "frente_tot": 19.5, "avaluo_con": 25084.8, "avaluo_sue": 41857.56, "zonaurbano": "URBANA", "parroquia": "MANTA", "esta_bloqu": "NO", "es_tercera": "NO", "tiene_elec": "SI", "tiene_agua": "SI", "tiene_alca": "NO", "observacio": "INGRESO NUEVO INF LUIS LOPEZ 17/10/2018//\r\nSE ACTUALIZA AREA DE ACUERDO A INFORME TECNICO MTA-UGTT-INF-070320231221 21/03/2023-SE ACTUALIZA INF EN BASE A ESCRITURA DE DONACION INSCRITA EN EL REG. DE LA PROPIEDAD. 18/09/2024 GGV\r\nSE ACTUALIZA CLASIFICACI4", "observac_1": "- BLOQUEO MASIVO SOLICITUD DIRCAT 28-12-2018", "barrio": "PIEDRA GORDA", "parroquia_": 2, "barrio_id": 1027, "proceso": 0, "fecha_regi": null, "activo_cat": "SI", "desactivad": 0, "avaluo_rem": 0.0, "avaluo_r_1": 0.0, "clasificac": "INSTITUCIONES SIN FINES DE LUCRO", "anio_deuda": 2026, "deuda": 19.85, "valor_ip": 0.0, "coactiva": null, "ficharegis": 86948, "etam": 0.1244229657, "diferencia": 0.0049999319, "porc_difer": 1.93511e-05, "admisible": 1, "deuda_anio": 0.0, "2019_csv_c": null, "clavecat_1": null, "2021__csv_": null, "2021__csv1": null, "2022__csv_": "4-01-05-26-000", "2022__csv1": "651-16-03-2023", "Clavepre": "4-01-05-26-000", "RESOLUCION": "651-16-03-2023", "ORIG_FID": 453 }, "geometry": { "type": "Point", "coordinates": [ -80.77749029176583, -0.954062564875033 ] } },
{ "type": "Feature", "properties": { "id": 101965, "lote_id": 100867, "clavecatas": "5-02-23-03-000", "zona": "5", "sector": "02", "manzana": "23", "lote": "03", "ph": "000", "propietari": "RODRIGUEZ HOLGUIN MICHELLE ANDREA", "documentop": "1312559477", "direccion": "SECTOR NUEVO MANTA , MZ N4- LOTE 03 , CALLE N5", "area_m2": 194.82, "frente_uti": 10.0, "frente_tot": 10.0, "avaluo_con": 5156.53, "avaluo_sue": 7890.21, "zonaurbano": "URBANA", "parroquia": "MANTA", "esta_bloqu": "NO", "es_tercera": "NO", "tiene_elec": "SI", "tiene_agua": "SI", "tiene_alca": "NO", "observacio": "INGRESO PARA LEGALIZACIÓN 1-04-2022 G.V.A\r\nSE ACTUALIZA INF CON ESCRITURA DE COMPRA VENTA 28/12/2023.AZP", "observac_1": null, "barrio": "NUEVO MANTA", "parroquia_": 2, "barrio_id": 340, "proceso": 0, "fecha_regi": null, "activo_cat": "SI", "desactivad": 0, "avaluo_rem": 0.0, "avaluo_r_1": 0.0, "clasificac": "GENERAL", "anio_deuda": 0, "deuda": 0.0, "valor_ip": 0.0, "coactiva": null, "ficharegis": 85190, "etam": 0.0716445618, "diferencia": -0.0084140224, "porc_difer": -4.31887e-05, "admisible": 1, "deuda_anio": 0.0, "2019_csv_c": null, "clavecat_1": null, "2021__csv_": null, "2021__csv1": null, "2022__csv_": "5-02-23-03-000", "2022__csv1": "669-27-04-2023", "Clavepre": "5-02-23-03-000", "RESOLUCION": "669-27-04-2023", "ORIG_FID": 454 }, "geometry": { "type": "Point", "coordinates": [ -80.746017301951468, -0.980616651906795 ] } },
{ "type": "Feature", "properties": { "id": 101395, "lote_id": 101775, "clavecatas": "5-02-01-192-000", "zona": "5", "sector": "02", "manzana": "01", "lote": "192", "ph": "000", "propietari": "EMPRESA PUBLICA CANTONAL DE AGUA POTABLE ALCANT.MANEJO PLUVI .", "documentop": "1360064440001", "direccion": "ESTACIÓN DE BOMBEO – SAN JUAN DE MANTA", "area_m2": 194.57, "frente_uti": 15.0, "frente_tot": 15.0, "avaluo_con": 1353.6, "avaluo_sue": 9728.5, "zonaurbano": "URBANA", "parroquia": "MANTA", "esta_bloqu": "NO", "es_tercera": "NO", "tiene_elec": "SI", "tiene_agua": "SI", "tiene_alca": "NO", "observacio": "REVISANDO LA INFORMACIÓN QUE REPOSA ACTUALMENTE EN LA DIRECCIÓN DE AVALÚOS, \r\nCASTRATO Y PERMISOS MUNICIPALES, EL PREDIO NO TIENE ANTECEDENTE DE DOMINIO, EN EL ÁREA COLINDANTE EXISTE UNA ESCRITURA DE PROPIEDAD DE LA SRA. SUAREZ MIELES MARÍA NARCISA", "observac_1": null, "barrio": "SAN JUAN", "parroquia_": 2, "barrio_id": 912, "proceso": 0, "fecha_regi": null, "activo_cat": "SI", "desactivad": 0, "avaluo_rem": 0.0, "avaluo_r_1": 0.0, "clasificac": "INSTITUCIONES PUBLICAS", "anio_deuda": 2026, "deuda": 3.9, "valor_ip": 0.0, "coactiva": null, "ficharegis": 86950, "etam": 0.0716905745, "diferencia": -234.08309564480001, "porc_difer": -1.2030790751, "admisible": 0, "deuda_anio": 0.0, "2019_csv_c": null, "clavecat_1": null, "2021__csv_": null, "2021__csv1": null, "2022__csv_": "5-02-01-192-000", "2022__csv1": "651-16-03-2023", "Clavepre": "5-02-01-192-000", "RESOLUCION": "651-16-03-2023", "ORIG_FID": 455 }, "geometry": { "type": "Point", "coordinates": [ -80.744948362324934, -0.976918871139453 ] } },
{ "type": "Feature", "properties": { "id": 101773, "lote_id": 100431, "clavecatas": "5-02-07-21-000", "zona": "5", "sector": "02", "manzana": "07", "lote": "21", "ph": "000", "propietari": "MENDOZA LUCAS MARIA ISABEL", "documentop": "1309372793", "direccion": "SITIO SAN JUAN DE MANTA", "area_m2": 120.0, "frente_uti": 17.15, "frente_tot": 17.15, "avaluo_con": 8798.02, "avaluo_sue": 1458.0, "zonaurbano": "URBANA", "parroquia": "MANTA", "esta_bloqu": "NO", "es_tercera": "NO", "tiene_elec": "SI", "tiene_agua": "SI", "tiene_alca": "NO", "observacio": "SE CREA EL PRESENTE CÓDIGO 5020721000, DEL LISTADO 115 ESCRITURADOS CON FINES DE LEGALIZACIÓN PREVIA APROBACIÓN DEL CONCEJO, CUYA POSESIÓN ESTÁ A NOMBRE DE: MENDOZA LUCAS MARIA ISABEL, CON UN ÁREA DE 120M2 UBICADO EN SAN JUAN DE MANTA, MEDIANTE INF", "observac_1": null, "barrio": "SAN JUAN", "parroquia_": 2, "barrio_id": 912, "proceso": 0, "fecha_regi": null, "activo_cat": "SI", "desactivad": 0, "avaluo_rem": 0.0, "avaluo_r_1": 0.0, "clasificac": "GENERAL", "anio_deuda": 2026, "deuda": 3.37, "valor_ip": 0.0, "coactiva": null, "ficharegis": 87861, "etam": 0.0912870929, "diferencia": -32.096318195199999, "porc_difer": -0.2674693183, "admisible": 0, "deuda_anio": 0.0, "2019_csv_c": null, "clavecat_1": null, "2021__csv_": null, "2021__csv1": null, "2022__csv_": "5-02-07-21-000", "2022__csv1": "064-14-09-2023", "Clavepre": "5-02-07-21-000", "RESOLUCION": "064-14-09-2023", "ORIG_FID": 456 }, "geometry": { "type": "Point", "coordinates": [ -80.759613561478517, -0.997942975880586 ] } },
{ "type": "Feature", "properties": { "id": 101972, "lote_id": 100888, "clavecatas": "5-02-23-10-000", "zona": "5", "sector": "02", "manzana": "23", "lote": "10", "ph": "000", "propietari": "CASTRO MARTINEZ YOHANA ELIZABETH", "documentop": "1305980680", "direccion": "SECTOR NUEVO MANTA , MZ N4- LOTE 10 , CALLE N7 Y CALLE N2", "area_m2": 203.72, "frente_uti": 10.36, "frente_tot": 30.36, "avaluo_con": 0.0, "avaluo_sue": 8250.66, "zonaurbano": "URBANA", "parroquia": "MANTA", "esta_bloqu": "NO", "es_tercera": "NO", "tiene_elec": "SI", "tiene_agua": "SI", "tiene_alca": "NO", "observacio": "INGRESO PARA LEGALIZACIÓN MASIVA 25-05-2022 -SE ACTUALIZA INFORMACION CON ESCRITURA DE ADJ.CON PROH.DE ENAJ.INSCRITA EN EL REG.DE LA PROPIEDAD 10/03/2023 Y.C.S.-", "observac_1": null, "barrio": "NUEVO MANTA", "parroquia_": 2, "barrio_id": 340, "proceso": 0, "fecha_regi": null, "activo_cat": "SI", "desactivad": 0, "avaluo_rem": 0.0, "avaluo_r_1": 0.0, "clasificac": "GENERAL", "anio_deuda": 0, "deuda": 0.0, "valor_ip": 0.0, "coactiva": null, "ficharegis": 84521, "etam": 0.1401242051, "diferencia": -0.0098462758, "porc_difer": -4.83324e-05, "admisible": 1, "deuda_anio": 0.0, "2019_csv_c": null, "clavecat_1": null, "2021__csv_": null, "2021__csv1": null, "2022__csv_": "5-02-23-10-000", "2022__csv1": "641-23-02-2023", "Clavepre": "5-02-23-10-000", "RESOLUCION": "641-23-02-2023", "ORIG_FID": 457 }, "geometry": { "type": "Point", "coordinates": [ -80.745550514487874, -0.981074146091685 ] } },
{ "type": "Feature", "properties": { "id": 101968, "lote_id": 100875, "clavecatas": "5-02-23-06-000", "zona": "5", "sector": "02", "manzana": "23", "lote": "06", "ph": "000", "propietari": "PARRALES ALONZO EDILMA LASTENIA", "documentop": "1308090545", "direccion": "SECTOR NUEVO MANTA , MZ N4- LOTE 06 , CALLE N5", "area_m2": 192.07, "frente_uti": 10.0, "frente_tot": 10.0, "avaluo_con": 11022.0, "avaluo_sue": 9603.5, "zonaurbano": "URBANA", "parroquia": "MANTA", "esta_bloqu": "NO", "es_tercera": "NO", "tiene_elec": "SI", "tiene_agua": "SI", "tiene_alca": "NO", "observacio": "INGRESO PARA LEGALIZACIÓN MASIVA 25-05-2022 -SE ACTUALIZA INFORMACION CON ESCRITURA DE ADJ.CON PROH.DE ENAJ.INSCRITA EN EL REG.DE LA PROPIEDAD 02/02/2024 Y.C.S.-", "observac_1": null, "barrio": "NUEVO MANTA", "parroquia_": 2, "barrio_id": 340, "proceso": 0, "fecha_regi": null, "activo_cat": "SI", "desactivad": 0, "avaluo_rem": 0.0, "avaluo_r_1": 0.0, "clasificac": "GENERAL", "anio_deuda": 0, "deuda": 0.0, "valor_ip": 0.0, "coactiva": null, "ficharegis": 85411, "etam": 0.0721556315, "diferencia": -0.008237446, "porc_difer": -4.28877e-05, "admisible": 1, "deuda_anio": 0.0, "2019_csv_c": null, "clavecat_1": null, "2021__csv_": null, "2021__csv1": null, "2022__csv_": "5-02-23-06-000", "2022__csv1": "669-27-04-2023", "Clavepre": "5-02-23-06-000", "RESOLUCION": "669-27-04-2023", "ORIG_FID": 458 }, "geometry": { "type": "Point", "coordinates": [ -80.745780674482134, -0.980746770671414 ] } },
{ "type": "Feature", "properties": { "id": 101970, "lote_id": 100880, "clavecatas": "5-02-23-08-000", "zona": "5", "sector": "02", "manzana": "23", "lote": "08", "ph": "000", "propietari": "LOOR PARRALES ANGEL PATRICIO", "documentop": "1312735754", "direccion": "SECTOR NUEVO MANTA , MZ N4- LOTE 08 , CALLE N5", "area_m2": 190.23, "frente_uti": 10.0, "frente_tot": 10.0, "avaluo_con": 39.98, "avaluo_sue": 7704.32, "zonaurbano": "URBANA", "parroquia": "MANTA", "esta_bloqu": "NO", "es_tercera": "NO", "tiene_elec": "SI", "tiene_agua": "SI", "tiene_alca": "NO", "observacio": "INGRESO PARA LEGALIZACIÓN MASIVA 25-05-2022 -SE ACTUALIZA INFORMACION CON ESCRITURA DE ADJ.CON PROH.DE ENAJ.INSCRITA EN EL REG.DE LA PROPIEDAD 07/19/2023 Y.C.S.-", "observac_1": null, "barrio": "NUEVO MANTA", "parroquia_": 2, "barrio_id": 340, "proceso": 0, "fecha_regi": null, "activo_cat": "SI", "desactivad": 0, "avaluo_rem": 0.0, "avaluo_r_1": 0.0, "clasificac": "GENERAL", "anio_deuda": 2026, "deuda": 2.07, "valor_ip": 0.0, "coactiva": null, "ficharegis": 83778, "etam": 0.0725037544, "diferencia": -0.0066355075, "porc_difer": -3.48815e-05, "admisible": 1, "deuda_anio": 0.0, "2019_csv_c": null, "clavecat_1": null, "2021__csv_": null, "2021__csv1": null, "2022__csv_": "5-02-23-08-000", "2022__csv1": "641-23-02-2023", "Clavepre": "5-02-23-08-000", "RESOLUCION": "641-23-02-2023", "ORIG_FID": 459 }, "geometry": { "type": "Point", "coordinates": [ -80.745622924848959, -0.980833515605387 ] } },
{ "type": "Feature", "properties": { "id": 101973, "lote_id": 100892, "clavecatas": "5-02-23-11-000", "zona": "5", "sector": "02", "manzana": "23", "lote": "11", "ph": "000", "propietari": "SANCHEZ POSLIGUA TITO JACINTO", "documentop": "1304657362", "direccion": "SECTOR NUEVO MANTA , MZ N4- LOTE 11 , CALLE N7", "area_m2": 200.0, "frente_uti": 10.0, "frente_tot": 10.0, "avaluo_con": 0.0, "avaluo_sue": 8100.0, "zonaurbano": "URBANA", "parroquia": "MANTA", "esta_bloqu": "NO", "es_tercera": "NO", "tiene_elec": "SI", "tiene_agua": "SI", "tiene_alca": "NO", "observacio": "INGRESO PARA LEGALIZACIÓN MASIVA 25-05-2022-SE ACTUALIZA INF CON ESCRITURA DE ADJUDICACION INSCRITA EN EL REG. DE LA PROPIEDAD. 08/09/2023 GGV", "observac_1": null, "barrio": "NUEVO MANTA", "parroquia_": 2, "barrio_id": 340, "proceso": 0, "fecha_regi": null, "activo_cat": "SI", "desactivad": 0, "avaluo_rem": 0.0, "avaluo_r_1": 0.0, "clasificac": "GENERAL", "anio_deuda": 0, "deuda": 0.0, "valor_ip": 0.0, "coactiva": null, "ficharegis": 84027, "etam": 0.1414213562, "diferencia": 0.0228425324, "porc_difer": 0.0001142127, "admisible": 1, "deuda_anio": 0.0, "2019_csv_c": null, "clavecat_1": null, "2021__csv_": null, "2021__csv1": null, "2022__csv_": "5-02-23-11-000", "2022__csv1": "641-23-02-2023", "Clavepre": "5-02-23-11-000", "RESOLUCION": "641-23-02-2023", "ORIG_FID": 460 }, "geometry": { "type": "Point", "coordinates": [ -80.745630069764672, -0.981030256209966 ] } },
{ "type": "Feature", "properties": { "id": 101975, "lote_id": 100894, "clavecatas": "5-02-23-13-000", "zona": "5", "sector": "02", "manzana": "23", "lote": "13", "ph": "000", "propietari": "CALDERON MORAN EDDIL GUSTAVO", "documentop": "0910856368", "direccion": "SECTOR NUEVO MANTA , MZ N4- LOTE 13 , CALLE N7", "area_m2": 200.0, "frente_uti": 10.0, "frente_tot": 10.0, "avaluo_con": 0.0, "avaluo_sue": 8100.0, "zonaurbano": "URBANA", "parroquia": "MANTA", "esta_bloqu": "NO", "es_tercera": "NO", "tiene_elec": "SI", "tiene_agua": "SI", "tiene_alca": "NO", "observacio": "INGRESO PARA LEGALIZACIÓN MASIVA 25-05-2022 -SE ACTUALIZA INFORMACION CON ESCRITURA DE ADJ.CON PROH.DE ENAJ.INSCRITA EN EL REG.DE LA PROPIEDAD 10/03/2023 Y.C.S.-", "observac_1": null, "barrio": "NUEVO MANTA", "parroquia_": 2, "barrio_id": 340, "proceso": 0, "fecha_regi": null, "activo_cat": "SI", "desactivad": 0, "avaluo_rem": 0.0, "avaluo_r_1": 0.0, "clasificac": "GENERAL", "anio_deuda": 0, "deuda": 0.0, "valor_ip": 0.0, "coactiva": null, "ficharegis": 84433, "etam": 0.1414213562, "diferencia": -0.0659209907, "porc_difer": -0.000329605, "admisible": 1, "deuda_anio": 0.0, "2019_csv_c": null, "clavecat_1": null, "2021__csv_": null, "2021__csv1": null, "2022__csv_": "5-02-23-13-000", "2022__csv1": "641-23-02-2023", "Clavepre": "5-02-23-13-000", "RESOLUCION": "641-23-02-2023", "ORIG_FID": 461 }, "geometry": { "type": "Point", "coordinates": [ -80.745788206577444, -0.980944267533737 ] } },
{ "type": "Feature", "properties": { "id": 101976, "lote_id": 100895, "clavecatas": "5-02-23-14-000", "zona": "5", "sector": "02", "manzana": "23", "lote": "14", "ph": "000", "propietari": "BAILON CEVALLOS AINHOA VALENTINA", "documentop": "1352306599", "direccion": "SECTOR NUEVO MANTA , MZ N4- LOTE 14 , CALLE N7", "area_m2": 200.0, "frente_uti": 10.0, "frente_tot": 10.0, "avaluo_con": 5715.2, "avaluo_sue": 8100.0, "zonaurbano": "URBANA", "parroquia": "MANTA", "esta_bloqu": "NO", "es_tercera": "NO", "tiene_elec": "SI", "tiene_agua": "SI", "tiene_alca": "NO", "observacio": "INGRESO PARA LEGALIZACIÓN MASIVA 25-05-2022-SE ACTUALIZA INF CON ESCRITURA DE ADJUDICACION INSCRITA EN EL REG. DE LA PROPIEDAD. 08/09/2023 GGV", "observac_1": null, "barrio": "NUEVO MANTA", "parroquia_": 2, "barrio_id": 340, "proceso": 0, "fecha_regi": null, "activo_cat": "SI", "desactivad": 0, "avaluo_rem": 0.0, "avaluo_r_1": 0.0, "clasificac": "GENERAL", "anio_deuda": 2026, "deuda": 7.67, "valor_ip": 0.0, "coactiva": null, "ficharegis": 84020, "etam": 0.1414213562, "diferencia": 0.1061773551, "porc_difer": 0.0005308868, "admisible": 1, "deuda_anio": 0.0, "2019_csv_c": null, "clavecat_1": null, "2021__csv_": null, "2021__csv1": null, "2022__csv_": "5-02-23-14-000", "2022__csv1": "641-23-02-2023", "Clavepre": "5-02-23-14-000", "RESOLUCION": "641-23-02-2023", "ORIG_FID": 462 }, "geometry": { "type": "Point", "coordinates": [ -80.745867273111145, -0.980901231774983 ] } },
{ "type": "Feature", "properties": { "id": 101977, "lote_id": 100896, "clavecatas": "5-02-23-15-000", "zona": "5", "sector": "02", "manzana": "23", "lote": "15", "ph": "000", "propietari": "CUTUS MONTAÑO FRENESIS EVANGELISTA", "documentop": "1317881215", "direccion": "SECTOR NUEVO MANTA , MZ N4- LOTE 15, CALLE N7", "area_m2": 200.0, "frente_uti": 10.0, "frente_tot": 10.0, "avaluo_con": 2744.0, "avaluo_sue": 9000.0, "zonaurbano": "URBANA", "parroquia": "MANTA", "esta_bloqu": "NO", "es_tercera": "NO", "tiene_elec": "SI", "tiene_agua": "SI", "tiene_alca": "NO", "observacio": "INGRESO PARA LEGALIZACIÓN MASIVA 25-05-2022 -SE ACTUALIZA INFORMACION CON ESCRITURA DE ADJ.CON PROH.DE ENAJ.INSCRITA EN EL REG.DE LA PROPIEDAD 12/28/2023 Y.C.S.-", "observac_1": null, "barrio": "NUEVO MANTA", "parroquia_": 2, "barrio_id": 340, "proceso": 0, "fecha_regi": null, "activo_cat": "SI", "desactivad": 0, "avaluo_rem": 0.0, "avaluo_r_1": 0.0, "clasificac": "GENERAL", "anio_deuda": 0, "deuda": 0.0, "valor_ip": 0.0, "coactiva": null, "ficharegis": 85195, "etam": 0.1414213562, "diferencia": -0.0372359092, "porc_difer": -0.0001861795, "admisible": 1, "deuda_anio": 0.0, "2019_csv_c": null, "clavecat_1": null, "2021__csv_": null, "2021__csv1": null, "2022__csv_": "5-02-23-15-000", "2022__csv1": "669-27-04-2023", "Clavepre": "5-02-23-15-000", "RESOLUCION": "669-27-04-2023", "ORIG_FID": 463 }, "geometry": { "type": "Point", "coordinates": [ -80.745946358020191, -0.980858241970404 ] } },
{ "type": "Feature", "properties": { "id": 101979, "lote_id": 100898, "clavecatas": "5-02-23-17-000", "zona": "5", "sector": "02", "manzana": "23", "lote": "17", "ph": "000", "propietari": "HOLGUIN PARRALES JORGE ALBERTO", "documentop": "1312554742", "direccion": "SECTOR NUEVO MANTA , MZ N4- LOTE 17 , CALLE N7", "area_m2": 200.0, "frente_uti": 10.0, "frente_tot": 10.0, "avaluo_con": 0.0, "avaluo_sue": 9000.0, "zonaurbano": "URBANA", "parroquia": "MANTA", "esta_bloqu": "NO", "es_tercera": "NO", "tiene_elec": "SI", "tiene_agua": "SI", "tiene_alca": "NO", "observacio": "INGRESO PARA LEGALIZACIÓN MASIVA 26-05-2022-SE ACTUALIZA INF CON ESCRITURA DE ADJUDICACION INSCRITA EN EL REG. DE LA PROPIEDAD. 08/09/2023 GGV", "observac_1": null, "barrio": "NUEVO MANTA", "parroquia_": 2, "barrio_id": 340, "proceso": 0, "fecha_regi": null, "activo_cat": "SI", "desactivad": 0, "avaluo_rem": 0.0, "avaluo_r_1": 0.0, "clasificac": "GENERAL", "anio_deuda": 2024, "deuda": 5.29, "valor_ip": 0.0, "coactiva": null, "ficharegis": 84017, "etam": 0.1414213562, "diferencia": 0.0249222543, "porc_difer": 0.0001246113, "admisible": 1, "deuda_anio": 2.88, "2019_csv_c": null, "clavecat_1": null, "2021__csv_": null, "2021__csv1": null, "2022__csv_": "5-02-23-17-000", "2022__csv1": "641-23-02-2023", "Clavepre": "5-02-23-17-000", "RESOLUCION": "641-23-02-2023", "ORIG_FID": 464 }, "geometry": { "type": "Point", "coordinates": [ -80.746104532719571, -0.980772199599582 ] } },
{ "type": "Feature", "properties": { "id": 101980, "lote_id": 100902, "clavecatas": "5-02-23-18-000", "zona": "5", "sector": "02", "manzana": "23", "lote": "18", "ph": "000", "propietari": "HOLGUIN PILLIGUA TANIA ANAIS", "documentop": "0962346268", "direccion": "SECTOR NUEVO MANTA , MZ N4- LOTE 18 , CALLE N7", "area_m2": 200.0, "frente_uti": 10.0, "frente_tot": 10.0, "avaluo_con": 0.0, "avaluo_sue": 8100.0, "zonaurbano": "URBANA", "parroquia": "MANTA", "esta_bloqu": "NO", "es_tercera": "NO", "tiene_elec": "SI", "tiene_agua": "SI", "tiene_alca": "NO", "observacio": "INGRESO PARA LEGALIZACIÓN MASIVA 26-05-2022 -SE ACTUALIZA INFORMACION CON ESCRITURA DE ADJ.CON PROH.DE ENAJ.INSCRITA EN EL REG.DE LA PROPIEDAD 10/04/2023 Y.C.S.-", "observac_1": null, "barrio": "NUEVO MANTA", "parroquia_": 2, "barrio_id": 340, "proceso": 0, "fecha_regi": null, "activo_cat": "SI", "desactivad": 0, "avaluo_rem": 0.0, "avaluo_r_1": 0.0, "clasificac": "GENERAL", "anio_deuda": 2026, "deuda": 2.16, "valor_ip": 0.0, "coactiva": null, "ficharegis": 84523, "etam": 0.1414213562, "diferencia": 0.0669979217, "porc_difer": 0.0003349896, "admisible": 1, "deuda_anio": 0.0, "2019_csv_c": null, "clavecat_1": null, "2021__csv_": null, "2021__csv1": null, "2022__csv_": "5-02-23-18-000", "2022__csv1": "641-23-02-2023", "Clavepre": "5-02-23-18-000", "RESOLUCION": "641-23-02-2023", "ORIG_FID": 465 }, "geometry": { "type": "Point", "coordinates": [ -80.746183599524585, -0.980729188216443 ] } },
{ "type": "Feature", "properties": { "id": 101984, "lote_id": 101657, "clavecatas": "5-02-24-03-000", "zona": "5", "sector": "02", "manzana": "24", "lote": "03", "ph": "000", "propietari": "JIMBO CHAVEZ RUTH PATRICIA", "documentop": "1302905458", "direccion": "NUEVO MANTA VIA SAN JUAN MZ N3 LOTE 3", "area_m2": 184.0, "frente_uti": 10.0, "frente_tot": 10.0, "avaluo_con": 0.0, "avaluo_sue": 7452.0, "zonaurbano": "URBANA", "parroquia": "MANTA", "esta_bloqu": "NO", "es_tercera": "SI", "tiene_elec": "SI", "tiene_agua": "NO", "tiene_alca": "NO", "observacio": "SE GENERA LA CLAVE PARA LEGALIZACION. ARQ ELVIS GILER. 4/04/2022. EN GESTIO LOTE LUIS LOPEZ 14/10/2022//-SE ACTUALIZA INFORMACION CON ESCRITURA DE ADJ.CON PROH.DE ENAJ.INSCRITA EN EL REG.DE LA PROPIEDAD 02/07/2024 Y.C.S.-", "observac_1": null, "barrio": "NUEVO MANTA", "parroquia_": 2, "barrio_id": 340, "proceso": 0, "fecha_regi": null, "activo_cat": "SI", "desactivad": 0, "avaluo_rem": 0.0, "avaluo_r_1": 0.0, "clasificac": "GENERAL", "anio_deuda": 2026, "deuda": 1.32, "valor_ip": 0.0, "coactiva": null, "ficharegis": 85434, "etam": 0.0737209781, "diferencia": 0.0011536742, "porc_difer": 6.27e-06, "admisible": 1, "deuda_anio": 0.0, "2019_csv_c": null, "clavecat_1": null, "2021__csv_": null, "2021__csv1": null, "2022__csv_": "5-02-24-03-000", "2022__csv1": "669-27-04-2023", "Clavepre": "5-02-24-03-000", "RESOLUCION": "669-27-04-2023", "ORIG_FID": 466 }, "geometry": { "type": "Point", "coordinates": [ -80.745802736596062, -0.980217492174447 ] } },
{ "type": "Feature", "properties": { "id": 101991, "lote_id": 101664, "clavecatas": "5-02-24-10-000", "zona": "5", "sector": "02", "manzana": "24", "lote": "10", "ph": "000", "propietari": "CALDERON ZAVALA DOMINGO ASDRUBAL", "documentop": "1306182476", "direccion": "NUEVO MANTA VIA SAN JUAN MZ N3 LOTE 10", "area_m2": 415.12, "frente_uti": 20.0, "frente_tot": 20.0, "avaluo_con": 69.97, "avaluo_sue": 16812.36, "zonaurbano": "URBANA", "parroquia": "MANTA", "esta_bloqu": "NO", "es_tercera": "NO", "tiene_elec": "SI", "tiene_agua": "NO", "tiene_alca": "NO", "observacio": "SE GENERA LA CLAVE PARA LEGALIZACION. ARQ ELVIS GILER. 4/04/2022. EN GESTIO LOTE LUIS LOPEZ 14/10/2022//-SE ACTUALIZA INFORMACION CON ESCRITURA DE ADJ.CON PROH.DE ENAJ.INSCRITA EN EL REG.DE LA PROPIEDAD 12/28/2023 Y.C.S.-", "observac_1": null, "barrio": "NUEVO MANTA", "parroquia_": 2, "barrio_id": 340, "proceso": 0, "fecha_regi": null, "activo_cat": "SI", "desactivad": 0, "avaluo_rem": 0.0, "avaluo_r_1": 0.0, "clasificac": "GENERAL", "anio_deuda": 0, "deuda": 0.0, "valor_ip": 0.0, "coactiva": null, "ficharegis": 85197, "etam": 0.1472429215, "diferencia": -0.0894987896, "porc_difer": -0.0002155974, "admisible": 1, "deuda_anio": 0.0, "2019_csv_c": null, "clavecat_1": null, "2021__csv_": null, "2021__csv1": null, "2022__csv_": "5-02-24-10-000", "2022__csv1": "669-27-04-2023", "Clavepre": "5-02-24-10-000", "RESOLUCION": "669-27-04-2023", "ORIG_FID": 467 }, "geometry": { "type": "Point", "coordinates": [ -80.745693829462056, -0.98048423537558 ] } },
{ "type": "Feature", "properties": { "id": 101993, "lote_id": 101666, "clavecatas": "5-02-24-12-000", "zona": "5", "sector": "02", "manzana": "24", "lote": "12", "ph": "000", "propietari": "ANCHUNDIA LUZARDO JESSICA YOHANA", "documentop": "1310952443", "direccion": "NUEVO MANTA VIA SAN JUAN MZ N3 LOTE 12", "area_m2": 212.2, "frente_uti": 10.0, "frente_tot": 10.0, "avaluo_con": 0.0, "avaluo_sue": 8594.1, "zonaurbano": "URBANA", "parroquia": "MANTA", "esta_bloqu": "NO", "es_tercera": "NO", "tiene_elec": "SI", "tiene_agua": "NO", "tiene_alca": "NO", "observacio": "SE GENERA LA CLAVE PARA LEGALIZACION. ARQ ELVIS GILER. 4/04/2022. EN GESTIO LOTE LUIS LOPEZ 14/10/2022//-SE ACTUALIZA INFORMACION CON ESCRITURA DE ADJ.CON PROH.DE ENAJ.INSCRITA EN EL REG.DE LA PROPIEDAD, LA ESCRITURA TIENE ERROR EN EL LINDERO DEL COSTADO", "observac_1": null, "barrio": "NUEVO MANTA", "parroquia_": 2, "barrio_id": 340, "proceso": 0, "fecha_regi": null, "activo_cat": "SI", "desactivad": 0, "avaluo_rem": 0.0, "avaluo_r_1": 0.0, "clasificac": "GENERAL", "anio_deuda": 2024, "deuda": 5.06, "valor_ip": 0.0, "coactiva": null, "ficharegis": 84552, "etam": 0.137295817, "diferencia": 0.0009068344, "porc_difer": 4.2735e-06, "admisible": 1, "deuda_anio": 2.76, "2019_csv_c": null, "clavecat_1": null, "2021__csv_": null, "2021__csv1": null, "2022__csv_": "5-02-24-12-000", "2022__csv1": "641-23-02-2023", "Clavepre": "5-02-24-12-000", "RESOLUCION": "641-23-02-2023", "ORIG_FID": 468 }, "geometry": { "type": "Point", "coordinates": [ -80.745888805909999, -0.980374385638348 ] } },
{ "type": "Feature", "properties": { "id": 101994, "lote_id": 101670, "clavecatas": "5-02-24-13-000", "zona": "5", "sector": "02", "manzana": "24", "lote": "13", "ph": "000", "propietari": "LUCAS SALTOS FREDDY WILSON", "documentop": "1310261068", "direccion": "NUEVO MANTA VIA SAN JUAN MZ N3 LOTE 13", "area_m2": 211.9, "frente_uti": 10.0, "frente_tot": 10.0, "avaluo_con": 0.0, "avaluo_sue": 8581.95, "zonaurbano": "URBANA", "parroquia": "MANTA", "esta_bloqu": "NO", "es_tercera": "NO", "tiene_elec": "SI", "tiene_agua": "NO", "tiene_alca": "NO", "observacio": "INGRESO NUEVO EN GESTION DE LOTE LUIS LOPEZ 14/10/2022 -SE ACTUALIZA INFORMACION CON ESCRITURA DE ADJ.CON PROH.DE ENAJ.INSCRITA EN EL REG.DE LA PROPIEDAD 10/04/2023 Y.C.S.-", "observac_1": null, "barrio": "NUEVO MANTA", "parroquia_": 2, "barrio_id": 340, "proceso": 0, "fecha_regi": null, "activo_cat": "SI", "desactivad": 0, "avaluo_rem": 0.0, "avaluo_r_1": 0.0, "clasificac": "GENERAL", "anio_deuda": 0, "deuda": 0.0, "valor_ip": 0.0, "coactiva": null, "ficharegis": 84437, "etam": 0.1373929718, "diferencia": -0.000908478, "porc_difer": -4.2873e-06, "admisible": 1, "deuda_anio": 0.0, "2019_csv_c": null, "clavecat_1": null, "2021__csv_": null, "2021__csv1": null, "2022__csv_": "5-02-24-13-000", "2022__csv1": "641-23-02-2023", "Clavepre": "5-02-24-13-000", "RESOLUCION": "641-23-02-2023", "ORIG_FID": 469 }, "geometry": { "type": "Point", "coordinates": [ -80.745967549092271, -0.980330765556709 ] } },
{ "type": "Feature", "properties": { "id": 102001, "lote_id": 101677, "clavecatas": "5-02-25-06-000", "zona": "5", "sector": "02", "manzana": "25", "lote": "06", "ph": "000", "propietari": "OMAÑA URREA ZULAY JOSEFINA", "documentop": "0963624739", "direccion": "NUEVO MANTA VIA SAN JUAN MZ N2 LOTE 6", "area_m2": 191.92, "frente_uti": 10.0, "frente_tot": 10.0, "avaluo_con": 24975.3, "avaluo_sue": 7772.76, "zonaurbano": "URBANA", "parroquia": "MANTA", "esta_bloqu": "NO", "es_tercera": "NO", "tiene_elec": "SI", "tiene_agua": "NO", "tiene_alca": "NO", "observacio": "SE CREA LA CLAVE 5-02-25-01-000 POR SOLICITUD AUTORIZADA VIA CORREO ELECTRONICO AUTORIZADO POR LA ARQ. CANDHY ORDOÑEZ EN ATENCION AL TRAMITE DE DESLINDE PREDIAL NUEVO MANTA SOLICITADO POR LA ARQ. MA. ANGELICA DELGADO CON N° MTA-UGTT-MEM-230320221204, I", "observac_1": null, "barrio": "NUEVO MANTA", "parroquia_": 2, "barrio_id": 340, "proceso": 0, "fecha_regi": null, "activo_cat": "SI", "desactivad": 0, "avaluo_rem": 0.0, "avaluo_r_1": 0.0, "clasificac": "GENERAL", "anio_deuda": 2026, "deuda": 22.99, "valor_ip": 0.0, "coactiva": null, "ficharegis": 85449, "etam": 0.0721838235, "diferencia": -0.0087907153, "porc_difer": -4.58041e-05, "admisible": 1, "deuda_anio": 0.0, "2019_csv_c": null, "clavecat_1": null, "2021__csv_": null, "2021__csv1": null, "2022__csv_": "5-02-25-06-000", "2022__csv1": "669-27-04-2023", "Clavepre": "5-02-25-06-000", "RESOLUCION": "669-27-04-2023", "ORIG_FID": 470 }, "geometry": { "type": "Point", "coordinates": [ -80.745279060592111, -0.980003066373834 ] } },
{ "type": "Feature", "properties": { "id": 102003, "lote_id": 101680, "clavecatas": "5-02-25-08-000", "zona": "5", "sector": "02", "manzana": "25", "lote": "08", "ph": "000", "propietari": "ANCHUNDIA DELGADO SILVIA FIDELINA", "documentop": "1311465247", "direccion": "NUEVO MANTA VIA SAN JUAN MZ N2 LOTE 8", "area_m2": 392.17, "frente_uti": 39.63, "frente_tot": 39.63, "avaluo_con": 0.0, "avaluo_sue": 16677.03, "zonaurbano": "URBANA", "parroquia": "MANTA", "esta_bloqu": "NO", "es_tercera": "NO", "tiene_elec": "SI", "tiene_agua": "NO", "tiene_alca": "NO", "observacio": "SE CREA LA CLAVE 5-02-25-01-000 POR SOLICITUD AUTORIZADA VIA CORREO ELECTRONICO AUTORIZADO POR LA ARQ. CANDHY ORDOÑEZ EN ATENCION AL TRAMITE DE DESLINDE PREDIAL NUEVO MANTA SOLICITADO POR LA ARQ. MA. ANGELICA DELGADO CON N° MTA-UGTT-MEM-230320221204, I", "observac_1": null, "barrio": "NUEVO MANTA", "parroquia_": 2, "barrio_id": 340, "proceso": 0, "fecha_regi": null, "activo_cat": "SI", "desactivad": 0, "avaluo_rem": 0.0, "avaluo_r_1": 0.0, "clasificac": "GENERAL", "anio_deuda": 0, "deuda": 0.0, "valor_ip": 0.0, "coactiva": null, "ficharegis": 85185, "etam": 0.1514900366, "diferencia": 0.0087160699, "porc_difer": 2.22252e-05, "admisible": 1, "deuda_anio": 0.0, "2019_csv_c": null, "clavecat_1": null, "2021__csv_": null, "2021__csv1": null, "2022__csv_": "5-02-25-08-000", "2022__csv1": "669-27-04-2023", "Clavepre": "5-02-25-08-000", "RESOLUCION": "669-27-04-2023", "ORIG_FID": 471 }, "geometry": { "type": "Point", "coordinates": [ -80.745080086661176, -0.980113501194629 ] } },
{ "type": "Feature", "properties": { "id": 102004, "lote_id": 101681, "clavecatas": "5-02-25-09-000", "zona": "5", "sector": "02", "manzana": "25", "lote": "09", "ph": "000", "propietari": "PINCAY CAMPUZANO ANTHONY EDUARDO", "documentop": "1314023357", "direccion": "NUEVO MANTA VIA SAN JUAN MZ N2 LOTE 9", "area_m2": 408.43, "frente_uti": 40.32, "frente_tot": 40.32, "avaluo_con": 29596.0, "avaluo_sue": 16541.42, "zonaurbano": "URBANA", "parroquia": "MANTA", "esta_bloqu": "NO", "es_tercera": "NO", "tiene_elec": "SI", "tiene_agua": "NO", "tiene_alca": "NO", "observacio": "SE CREA LA CLAVE 5-02-25-01-000 POR SOLICITUD AUTORIZADA VIA CORREO ELECTRONICO AUTORIZADO POR LA ARQ. CANDHY ORDOÑEZ EN ATENCION AL TRAMITE DE DESLINDE PREDIAL NUEVO MANTA SOLICITADO POR LA ARQ. MA. ANGELICA DELGADO CON N° MTA-UGTT-MEM-230320221204, I", "observac_1": null, "barrio": "NUEVO MANTA", "parroquia_": 2, "barrio_id": 340, "proceso": 0, "fecha_regi": null, "activo_cat": "SI", "desactivad": 0, "avaluo_rem": 0.0, "avaluo_r_1": 0.0, "clasificac": "GENERAL", "anio_deuda": 0, "deuda": 0.0, "valor_ip": 0.0, "coactiva": null, "ficharegis": 84025, "etam": 0.1484439279, "diferencia": -0.0011527353, "porc_difer": -2.8224e-06, "admisible": 1, "deuda_anio": 0.0, "2019_csv_c": null, "clavecat_1": null, "2021__csv_": null, "2021__csv1": null, "2022__csv_": "5-02-25-09-000", "2022__csv1": "641-23-02-2023", "Clavepre": "5-02-25-09-000", "RESOLUCION": "641-23-02-2023", "ORIG_FID": 472 }, "geometry": { "type": "Point", "coordinates": [ -80.745164143430088, -0.980268531389185 ] } },
{ "type": "Feature", "properties": { "id": 102010, "lote_id": 101688, "clavecatas": "5-02-25-15-000", "zona": "5", "sector": "02", "manzana": "25", "lote": "15", "ph": "000", "propietari": "CUEVA ORTIZ ELIZABETH CLARIBEL", "documentop": "0802572586", "direccion": "NUEVO MANTA VIA SAN JUAN MZ N2 LOTE 15", "area_m2": 205.95, "frente_uti": 10.1, "frente_tot": 10.1, "avaluo_con": 0.0, "avaluo_sue": 8340.98, "zonaurbano": "URBANA", "parroquia": "MANTA", "esta_bloqu": "NO", "es_tercera": "NO", "tiene_elec": "SI", "tiene_agua": "NO", "tiene_alca": "NO", "observacio": "SE CREA LA CLAVE 5-02-25-01-000 POR SOLICITUD AUTORIZADA VIA CORREO ELECTRONICO AUTORIZADO POR LA ARQ. CANDHY ORDOÑEZ EN ATENCION AL TRAMITE DE DESLINDE PREDIAL NUEVO MANTA SOLICITADO POR LA ARQ. MA. ANGELICA DELGADO CON N° MTA-UGTT-MEM-230320221204, I", "observac_1": null, "barrio": "NUEVO MANTA", "parroquia_": 2, "barrio_id": 340, "proceso": 0, "fecha_regi": null, "activo_cat": "SI", "desactivad": 0, "avaluo_rem": 0.0, "avaluo_r_1": 0.0, "clasificac": "GENERAL", "anio_deuda": 2026, "deuda": 2.24, "valor_ip": 0.0, "coactiva": null, "ficharegis": 85415, "etam": 0.1393635169, "diferencia": -0.0419377197, "porc_difer": -0.0002036306, "admisible": 1, "deuda_anio": 0.0, "2019_csv_c": null, "clavecat_1": null, "2021__csv_": null, "2021__csv1": null, "2022__csv_": "5-02-25-15-000", "2022__csv1": "669-27-04-2023", "Clavepre": "5-02-25-15-000", "RESOLUCION": "669-27-04-2023", "ORIG_FID": 473 }, "geometry": { "type": "Point", "coordinates": [ -80.745758862578754, -0.979939754626662 ] } },
{ "type": "Feature", "properties": { "id": 102017, "lote_id": 101646, "clavecatas": "5-02-26-06-000", "zona": "5", "sector": "02", "manzana": "26", "lote": "06", "ph": "000", "propietari": "MOREIRA PONCE PAUL GABRIEL", "documentop": "1314728658", "direccion": "NUEVO MANTA VIA SAN JUAN MZ N7 LOTE 6", "area_m2": 192.57, "frente_uti": 10.0, "frente_tot": 10.0, "avaluo_con": 0.0, "avaluo_sue": 7799.09, "zonaurbano": "URBANA", "parroquia": "MANTA", "esta_bloqu": "NO", "es_tercera": "NO", "tiene_elec": "SI", "tiene_agua": "NO", "tiene_alca": "NO", "observacio": "SE GENERA LA CLAVE PARA LEGALIZACION. ARQ ELVIS GILER. 4/04/2022. EN GESTIO LOTE LUIS LOPEZ 14/10/2022//SE ACTUALIZA INFORMACION CON ESCRITURA DE ADJ.CON PROH.DE ENAJ.INSCRITA EN EL REG.DE LA PROPIEDAD .22/04/2024 GGV", "observac_1": null, "barrio": "NUEVO MANTA", "parroquia_": 2, "barrio_id": 340, "proceso": 0, "fecha_regi": null, "activo_cat": "SI", "desactivad": 0, "avaluo_rem": 0.0, "avaluo_r_1": 0.0, "clasificac": "GENERAL", "anio_deuda": 2025, "deuda": 2.32, "valor_ip": 0.0, "coactiva": null, "ficharegis": 85773, "etam": 0.072061896, "diferencia": -0.0089191751, "porc_difer": -4.63165e-05, "admisible": 1, "deuda_anio": 0.33, "2019_csv_c": null, "clavecat_1": null, "2021__csv_": null, "2021__csv1": null, "2022__csv_": "5-02-26-06-000", "2022__csv1": "670-27-04-2023", "Clavepre": "5-02-26-06-000", "RESOLUCION": "670-27-04-2023", "ORIG_FID": 474 }, "geometry": { "type": "Point", "coordinates": [ -80.744251615838223, -0.980574865827405 ] } },
{ "type": "Feature", "properties": { "id": 102025, "lote_id": 101654, "clavecatas": "5-02-26-14-000", "zona": "5", "sector": "02", "manzana": "26", "lote": "14", "ph": "000", "propietari": "TORRES BELTRAN VICENTE", "documentop": "1001390085", "direccion": "NUEVO MANTA VIA SAN JUAN MZ N7 LOTE 14", "area_m2": 400.0, "frente_uti": 20.0, "frente_tot": 20.0, "avaluo_con": 0.0, "avaluo_sue": 16200.0, "zonaurbano": "URBANA", "parroquia": "MANTA", "esta_bloqu": "NO", "es_tercera": "NO", "tiene_elec": "SI", "tiene_agua": "NO", "tiene_alca": "NO", "observacio": "SE GENERA LA CLAVE PARA LEGALIZACION. ARQ ELVIS GILER. 4/04/2022. EN GESTIO LOTE LUIS LOPEZ 14/10/2022//-SE ACTUALIZA INFORMACION CON ESCRITURA DE ADJ.CON PROH.DE ENAJ.INSCRITA EN EL REG.DE LA PROPIEDAD 02/06/2024 Y.C.S.-", "observac_1": null, "barrio": "NUEVO MANTA", "parroquia_": 2, "barrio_id": 340, "proceso": 0, "fecha_regi": null, "activo_cat": "SI", "desactivad": 0, "avaluo_rem": 0.0, "avaluo_r_1": 0.0, "clasificac": "GENERAL", "anio_deuda": 0, "deuda": 0.0, "valor_ip": 0.0, "coactiva": null, "ficharegis": 85419, "etam": 0.15, "diferencia": 0.000185155, "porc_difer": 4.629e-07, "admisible": 1, "deuda_anio": 0.0, "2019_csv_c": null, "clavecat_1": null, "2021__csv_": null, "2021__csv1": null, "2022__csv_": "5-02-26-14-000", "2022__csv1": "669-27-04-2023", "Clavepre": "5-02-26-14-000", "RESOLUCION": "669-27-04-2023", "ORIG_FID": 475 }, "geometry": { "type": "Point", "coordinates": [ -80.744769685358548, -0.980489228422305 ] } },
{ "type": "Feature", "properties": { "id": 102034, "lote_id": 101634, "clavecatas": "5-02-27-08-000", "zona": "5", "sector": "02", "manzana": "27", "lote": "08", "ph": "000", "propietari": "SANTOS LOPEZ JORGE LUIS", "documentop": "1311961427", "direccion": "NUEVO MANTA VIA SAN JUAN MZ N6 LOTE 8", "area_m2": 187.3, "frente_uti": 10.0, "frente_tot": 10.0, "avaluo_con": 0.0, "avaluo_sue": 8428.5, "zonaurbano": "URBANA", "parroquia": "MANTA", "esta_bloqu": "NO", "es_tercera": "NO", "tiene_elec": "SI", "tiene_agua": "NO", "tiene_alca": "NO", "observacio": "SE GENERA LA CLAVE PARA LEGALIZACION. ARQ ELVIS GILER. 4/04/2022. EN GESTIO LOTE LUIS LOPEZ 14/10/2022//SE ACTUALIZA INF CON ESCRITURA DE ADJUDICACION INSCRITA EN EL REG. DE LA PROPIEDAD. 08/09/2023 GGV", "observac_1": null, "barrio": "NUEVO MANTA", "parroquia_": 2, "barrio_id": 340, "proceso": 0, "fecha_regi": null, "activo_cat": "SI", "desactivad": 0, "avaluo_rem": 0.0, "avaluo_r_1": 0.0, "clasificac": "GENERAL", "anio_deuda": 2025, "deuda": 3.67, "valor_ip": 0.0, "coactiva": null, "ficharegis": 84019, "etam": 0.0730686547, "diferencia": -0.0045486534, "porc_difer": -2.42854e-05, "admisible": 1, "deuda_anio": 1.41, "2019_csv_c": null, "clavecat_1": null, "2021__csv_": null, "2021__csv1": null, "2022__csv_": "5-02-27-08-000", "2022__csv1": "641-23-02-2023", "Clavepre": "5-02-27-08-000", "RESOLUCION": "641-23-02-2023", "ORIG_FID": 476 }, "geometry": { "type": "Point", "coordinates": [ -80.74431141637875, -0.98104818353038 ] } },
{ "type": "Feature", "properties": { "id": 102035, "lote_id": 101635, "clavecatas": "5-02-27-09-000", "zona": "5", "sector": "02", "manzana": "27", "lote": "09", "ph": "000", "propietari": "HOLGUIN LUCAS VANESSA BRIGITTE", "documentop": "1754171443", "direccion": "NUEVO MANTA VIA SAN JUAN MZ N6 LOTE 9", "area_m2": 362.66, "frente_uti": 37.79, "frente_tot": 37.79, "avaluo_con": 376.99, "avaluo_sue": 14687.73, "zonaurbano": "URBANA", "parroquia": "MANTA", "esta_bloqu": "NO", "es_tercera": "NO", "tiene_elec": "SI", "tiene_agua": "NO", "tiene_alca": "NO", "observacio": "SE GENERA LA CLAVE PARA LEGALIZACION. ARQ ELVIS GILER. 4/04/2022. EN GESTIO LOTE LUIS LOPEZ 14/10/2022//-SE ACTUALIZA INFORMACION CON ESCRITURA DE ADJ.CON PROH.DE ENAJ.INSCRITA EN EL REG.DE LA PROPIEDAD 10/11/2023 Y.C.S.-", "observac_1": null, "barrio": "NUEVO MANTA", "parroquia_": 2, "barrio_id": 340, "proceso": 0, "fecha_regi": null, "activo_cat": "SI", "desactivad": 0, "avaluo_rem": 0.0, "avaluo_r_1": 0.0, "clasificac": "GENERAL", "anio_deuda": 0, "deuda": 0.0, "valor_ip": 0.0, "coactiva": null, "ficharegis": 84648, "etam": 0.1575329574, "diferencia": -0.0091184346, "porc_difer": -2.51432e-05, "admisible": 1, "deuda_anio": 0.0, "2019_csv_c": null, "clavecat_1": null, "2021__csv_": null, "2021__csv1": null, "2022__csv_": "5-02-27-09-000", "2022__csv1": "641-23-02-2023", "Clavepre": "5-02-27-09-000", "RESOLUCION": "641-23-02-2023", "ORIG_FID": 477 }, "geometry": { "type": "Point", "coordinates": [ -80.744194633936985, -0.981112425904717 ] } },
{ "type": "Feature", "properties": { "id": 102042, "lote_id": 101642, "clavecatas": "5-02-27-16-000", "zona": "5", "sector": "02", "manzana": "27", "lote": "16", "ph": "000", "propietari": "ANCHUNDIA REYES GINA PRISCILA", "documentop": "1307384923", "direccion": "NUEVO MANTA VIA SAN JUAN MZ N6 LOTE 16", "area_m2": 203.0, "frente_uti": 10.0, "frente_tot": 10.0, "avaluo_con": 12672.0, "avaluo_sue": 8221.5, "zonaurbano": "URBANA", "parroquia": "MANTA", "esta_bloqu": "NO", "es_tercera": "NO", "tiene_elec": "SI", "tiene_agua": "NO", "tiene_alca": "NO", "observacio": "SE GENERA LA CLAVE PARA LEGALIZACION. ARQ ELVIS GILER. 4/04/2022. EN GESTIO LOTE LUIS LOPEZ 14/10/2022//SE ACTUALIZA INF CON ESCRITURA DE ADJUDICACION INSCRITA EN EL REG. DE LA PROPIEDAD. 08/09/2023 GGV", "observac_1": null, "barrio": "NUEVO MANTA", "parroquia_": 2, "barrio_id": 340, "proceso": 0, "fecha_regi": null, "activo_cat": "SI", "desactivad": 0, "avaluo_rem": 0.0, "avaluo_r_1": 0.0, "clasificac": "GENERAL", "anio_deuda": 0, "deuda": 0.0, "valor_ip": 0.0, "coactiva": null, "ficharegis": 84022, "etam": 0.1403724813, "diferencia": 0.0105180055, "porc_difer": 5.18128e-05, "admisible": 1, "deuda_anio": 0.0, "2019_csv_c": null, "clavecat_1": null, "2021__csv_": null, "2021__csv1": null, "2022__csv_": "5-02-27-16-000", "2022__csv1": "641-23-02-2023", "Clavepre": "5-02-27-16-000", "RESOLUCION": "641-23-02-2023", "ORIG_FID": 478 }, "geometry": { "type": "Point", "coordinates": [ -80.744783656348076, -0.980992614286645 ] } },
{ "type": "Feature", "properties": { "id": 102045, "lote_id": 101718, "clavecatas": "5-02-27-19-000", "zona": "5", "sector": "02", "manzana": "27", "lote": "19", "ph": "000", "propietari": "ZAMBRANO QUIJIJE MARTHA ELIZABETH", "documentop": "1306304294", "direccion": "NUEVO MANTA VIA SAN JUAN MZ N6 LOTE 19", "area_m2": 202.5, "frente_uti": 10.0, "frente_tot": 10.0, "avaluo_con": 5385.42, "avaluo_sue": 9112.5, "zonaurbano": "URBANA", "parroquia": "MANTA", "esta_bloqu": "NO", "es_tercera": "NO", "tiene_elec": "SI", "tiene_agua": "NO", "tiene_alca": "NO", "observacio": "SE CREA EL PRESENTE CÓDIGO CATASTRAL CON FINES DE LEGALIZACIÓN EN EL SECTOR NUEVO MANTA VÍA A SAN JUAN EN LA MANZANA N6 LOTE 17, MEDIANTE INFORME DEL SR. LUIS LÓPEZ -SE ACTUALIZA INFORMACION CON ESCRITURA DE ADJ.CON PROH.DE ENAJ.INSCRITA EN EL REG.DE", "observac_1": null, "barrio": "NUEVO MANTA", "parroquia_": 2, "barrio_id": 340, "proceso": 0, "fecha_regi": null, "activo_cat": "SI", "desactivad": 0, "avaluo_rem": 0.0, "avaluo_r_1": 0.0, "clasificac": "GENERAL", "anio_deuda": 0, "deuda": 0.0, "valor_ip": 0.0, "coactiva": null, "ficharegis": 85193, "etam": 0.1405456738, "diferencia": -0.0038140408, "porc_difer": -1.88348e-05, "admisible": 1, "deuda_anio": 0.0, "2019_csv_c": null, "clavecat_1": null, "2021__csv_": null, "2021__csv1": null, "2022__csv_": "5-02-27-19-000", "2022__csv1": "669-27-04-2023", "Clavepre": "5-02-27-19-000", "RESOLUCION": "669-27-04-2023", "ORIG_FID": 479 }, "geometry": { "type": "Point", "coordinates": [ -80.745018384612109, -0.980862837897297 ] } },
{ "type": "Feature", "properties": { "id": 102047, "lote_id": 100869, "clavecatas": "5-02-28-01-000", "zona": "5", "sector": "02", "manzana": "28", "lote": "01", "ph": "000", "propietari": "ZAMBRANO QUIJIJE MARIA LORENA", "documentop": "1307242139", "direccion": "SECTOR NUEVO MANTA , MZ N5- LOTE 01 , CALLE N5", "area_m2": 395.83, "frente_uti": 39.71, "frente_tot": 39.71, "avaluo_con": 3168.0, "avaluo_sue": 16832.67, "zonaurbano": "URBANA", "parroquia": "MANTA", "esta_bloqu": "NO", "es_tercera": "NO", "tiene_elec": "SI", "tiene_agua": "SI", "tiene_alca": "NO", "observacio": "CREA CLAVE PARA PROCESO DE LEGALIZACIÓN - INF.ARQ. MICHAEL BERNARDO VERA. 01-04-2022. SE CORRIGE AREA Y MANZANA ARQ. LUPE LANDA 27/10/22 -SE ACTUALIZA INFORMACION CON ESCRITURA DE ADJ.CON PROH.DE ENAJ.INSCRITA EN EL REG.DE LA PROPIEDAD, EXISTE ERROR EN", "observac_1": null, "barrio": "NUEVO MANTA", "parroquia_": 2, "barrio_id": 340, "proceso": 0, "fecha_regi": null, "activo_cat": "SI", "desactivad": 0, "avaluo_rem": 0.0, "avaluo_r_1": 0.0, "clasificac": "GENERAL", "anio_deuda": 0, "deuda": 0.0, "valor_ip": 0.0, "coactiva": null, "ficharegis": 85212, "etam": 0.1507880419, "diferencia": -0.0049949199, "porc_difer": -1.26189e-05, "admisible": 1, "deuda_anio": 0.0, "2019_csv_c": null, "clavecat_1": null, "2021__csv_": null, "2021__csv1": null, "2022__csv_": "5-02-28-01-000", "2022__csv1": "669-27-04-2023", "Clavepre": "5-02-28-01-000", "RESOLUCION": "669-27-04-2023", "ORIG_FID": 480 }, "geometry": { "type": "Point", "coordinates": [ -80.745264652212398, -0.981030788774325 ] } },
{ "type": "Feature", "properties": { "id": 102049, "lote_id": 100872, "clavecatas": "5-02-28-03-000", "zona": "5", "sector": "02", "manzana": "28", "lote": "03", "ph": "000", "propietari": "CEVALLOS QUIJIJE MIGUEL ANGEL", "documentop": "1306758986", "direccion": "SECTOR NUEVO MANTA , MZ N5- LOTE 03 , CALLE N5", "area_m2": 179.75, "frente_uti": 10.0, "frente_tot": 10.0, "avaluo_con": 0.0, "avaluo_sue": 7279.88, "zonaurbano": "URBANA", "parroquia": "MANTA", "esta_bloqu": "NO", "es_tercera": "NO", "tiene_elec": "SI", "tiene_agua": "SI", "tiene_alca": "NO", "observacio": "CREA CLAVE PARA PROCESO DE LEGALIZACIÓN - INF.ARQ. MICHAEL BERNARDO VERA. 01-04-2022 SE CORRIGE AREA Y MANZANA ARQ. LUPE LANDA 27/10/22..SE ACTUALIZA INF CON ESCRITURA DE ADJUDICACION INSCRITA EN EL REG. DE LA PROPIEDAD. 08/09/2023 GGV", "observac_1": null, "barrio": "NUEVO MANTA", "parroquia_": 2, "barrio_id": 340, "proceso": 0, "fecha_regi": null, "activo_cat": "SI", "desactivad": 0, "avaluo_rem": 0.0, "avaluo_r_1": 0.0, "clasificac": "GENERAL", "anio_deuda": 0, "deuda": 0.0, "valor_ip": 0.0, "coactiva": null, "ficharegis": 84018, "etam": 0.0745874141, "diferencia": -0.0061390041, "porc_difer": -3.4153e-05, "admisible": 1, "deuda_anio": 0.0, "2019_csv_c": null, "clavecat_1": null, "2021__csv_": null, "2021__csv1": null, "2022__csv_": "5-02-28-03-000", "2022__csv1": "641-23-02-2023", "Clavepre": "5-02-28-03-000", "RESOLUCION": "641-23-02-2023", "ORIG_FID": 481 }, "geometry": { "type": "Point", "coordinates": [ -80.745062856594146, -0.981140382311409 ] } },
{ "type": "Feature", "properties": { "id": 102052, "lote_id": 100876, "clavecatas": "5-02-28-06-000", "zona": "5", "sector": "02", "manzana": "28", "lote": "06", "ph": "000", "propietari": "CASQUETE MERO ANGEL OLIVERIO", "documentop": "1306306802", "direccion": "SECTOR NUEVO MANTA , MZ N5- LOTE 06, CALLE N5", "area_m2": 363.16, "frente_uti": 20.0, "frente_tot": 20.0, "avaluo_con": 3696.0, "avaluo_sue": 14707.98, "zonaurbano": "URBANA", "parroquia": "MANTA", "esta_bloqu": "NO", "es_tercera": "NO", "tiene_elec": "SI", "tiene_agua": "SI", "tiene_alca": "NO", "observacio": "INGRESO PARA LEGALIZACIÓN MASIVA 25-05-2022 SE CORRIGE AREA Y MANZANA ARQ. LUPE LANDA 27/10/22..SE ACTUALIZA INFORMACION CON ESCRITURA DE ADJ.CON PROH.DE ENAJ.INSCRITA EN EL REG.DE LA PROPIEDAD .22/04/2024 GGV", "observac_1": null, "barrio": "NUEVO MANTA", "parroquia_": 2, "barrio_id": 340, "proceso": 0, "fecha_regi": null, "activo_cat": "SI", "desactivad": 0, "avaluo_rem": 0.0, "avaluo_r_1": 0.0, "clasificac": "GENERAL", "anio_deuda": 2026, "deuda": 10.74, "valor_ip": 0.0, "coactiva": null, "ficharegis": 85776, "etam": 0.157424474, "diferencia": -0.0002602855, "porc_difer": -7.167e-07, "admisible": 1, "deuda_anio": 0.0, "2019_csv_c": null, "clavecat_1": null, "2021__csv_": null, "2021__csv1": null, "2022__csv_": "5-02-28-06-000", "2022__csv1": "669-27-04-2023", "Clavepre": "5-02-28-06-000", "RESOLUCION": "669-27-04-2023", "ORIG_FID": 482 }, "geometry": { "type": "Point", "coordinates": [ -80.744788077058061, -0.981292003342392 ] } },
{ "type": "Feature", "properties": { "id": 102059, "lote_id": 100886, "clavecatas": "5-02-28-13-000", "zona": "5", "sector": "02", "manzana": "28", "lote": "13", "ph": "000", "propietari": "ALONZO TUMBACO LUIS ALBERTO", "documentop": "1312682220", "direccion": "SECTOR NUEVO MANTA , MZ N5- LOTE 13, CALLE N7", "area_m2": 389.73, "frente_uti": 20.0, "frente_tot": 20.0, "avaluo_con": 1029.0, "avaluo_sue": 15784.07, "zonaurbano": "URBANA", "parroquia": "MANTA", "esta_bloqu": "NO", "es_tercera": "NO", "tiene_elec": "SI", "tiene_agua": "SI", "tiene_alca": "NO", "observacio": "INGRESO PARA LEGALIZACIÓN MASIVA 25-05-2022 SE CORRIGE AREA Y MANZANA ARQ. LUPE LANDA 27/10/22 -SE ACTUALIZA INFORMACION CON ESCRITURA DE ADJ.CON PROH.DE ENAJ.INSCRITA EN EL REG.DE LA PROPIEDAD 12/28/2023 Y.C.S.-", "observac_1": null, "barrio": "NUEVO MANTA", "parroquia_": 2, "barrio_id": 340, "proceso": 0, "fecha_regi": null, "activo_cat": "SI", "desactivad": 0, "avaluo_rem": 0.0, "avaluo_r_1": 0.0, "clasificac": "GENERAL", "anio_deuda": 0, "deuda": 0.0, "valor_ip": 0.0, "coactiva": null, "ficharegis": 85205, "etam": 0.1519635169, "diferencia": -0.1265003267, "porc_difer": -0.0003245845, "admisible": 1, "deuda_anio": 0.0, "2019_csv_c": null, "clavecat_1": null, "2021__csv_": null, "2021__csv1": null, "2022__csv_": "5-02-28-13-000", "2022__csv1": "669-27-04-2023", "Clavepre": "5-02-28-13-000", "RESOLUCION": "669-27-04-2023", "ORIG_FID": 483 }, "geometry": { "type": "Point", "coordinates": [ -80.744792751207839, -0.981486572218059 ] } },
{ "type": "Feature", "properties": { "id": 102061, "lote_id": 100889, "clavecatas": "5-02-28-15-000", "zona": "5", "sector": "02", "manzana": "28", "lote": "15", "ph": "000", "propietari": "ALONZO TUMBACO LUIS CARLOS", "documentop": "1312682212", "direccion": "SECTOR NUEVO MANTA , MZ N-5- LOTE 15, CALLE N7", "area_m2": 384.94, "frente_uti": 19.0, "frente_tot": 19.0, "avaluo_con": 2940.0, "avaluo_sue": 15590.07, "zonaurbano": "URBANA", "parroquia": "MANTA", "esta_bloqu": "NO", "es_tercera": "NO", "tiene_elec": "SI", "tiene_agua": "SI", "tiene_alca": "NO", "observacio": "INGRESO PARA LEGALIZACIÓN MASIVA 25-05-2022 SE CORRIGE AREA Y MANZANA ARQ. LUPE LANDA 27/10/22 -SE ACTUALIZA INFORMACION CON ESCRITURA DE ADJ.CON PROH.DE ENAJ.INSCRITA EN EL REG.DE LA PROPIEDAD 03/21/2024 Y.C.S.-", "observac_1": null, "barrio": "NUEVO MANTA", "parroquia_": 2, "barrio_id": 340, "proceso": 0, "fecha_regi": null, "activo_cat": "SI", "desactivad": 0, "avaluo_rem": 0.0, "avaluo_r_1": 0.0, "clasificac": "GENERAL", "anio_deuda": 0, "deuda": 0.0, "valor_ip": 0.0, "coactiva": null, "ficharegis": 85563, "etam": 0.1529060727, "diferencia": -0.0193833809, "porc_difer": -5.03543e-05, "admisible": 1, "deuda_anio": 0.0, "2019_csv_c": null, "clavecat_1": null, "2021__csv_": null, "2021__csv1": null, "2022__csv_": "5-02-28-15-000", "2022__csv1": "669-27-04-2023", "Clavepre": "5-02-28-15-000", "RESOLUCION": "669-27-04-2023", "ORIG_FID": 484 }, "geometry": { "type": "Point", "coordinates": [ -80.745103544969268, -0.981316183907898 ] } },
{ "type": "Feature", "properties": { "id": 102109, "lote_id": 101956, "clavecatas": "5-02-39-09-000", "zona": "5", "sector": "02", "manzana": "39", "lote": "09", "ph": "000", "propietari": "MENENDEZ ESPINALES NATALIA NICOLE", "documentop": "1317817433", "direccion": "B. NUEVO MANTA - VIA SAN JUAN N -09 LOTE 09", "area_m2": 245.53, "frente_uti": 34.37, "frente_tot": 34.37, "avaluo_con": 0.0, "avaluo_sue": 12276.5, "zonaurbano": "URBANA", "parroquia": "MANTA", "esta_bloqu": "NO", "es_tercera": "NO", "tiene_elec": "NO", "tiene_agua": "NO", "tiene_alca": "NO", "observacio": "INGRESO NUEVO PARA LEGALIZAR EN ATENCION AL CORREO DEL SECTOR NUEVO MANTA SOLICITADO POR LA ARQ. MA. ANGELICA DELGADO 12/12/22 ARQ. LUPE LANDA...-SE ACTUALIZA INFORMACION CON ESCRITURA DE ADJ.CON PROH.DE ENAJ.INSCRITA EN EL REG.DE LA PROPIEDAD 10/04/2023", "observac_1": null, "barrio": "NUEVO MANTA", "parroquia_": 2, "barrio_id": 340, "proceso": 0, "fecha_regi": null, "activo_cat": "SI", "desactivad": 0, "avaluo_rem": 0.0, "avaluo_r_1": 0.0, "clasificac": "GENERAL", "anio_deuda": 2025, "deuda": 12.75, "valor_ip": 0.0, "coactiva": null, "ficharegis": 84562, "etam": 0.1276373309, "diferencia": -0.0022542684, "porc_difer": -9.1812e-06, "admisible": 1, "deuda_anio": 6.03, "2019_csv_c": null, "clavecat_1": null, "2021__csv_": null, "2021__csv1": null, "2022__csv_": "5-02-39-09-000", "2022__csv1": "641-23-02-2023", "Clavepre": "5-02-39-09-000", "RESOLUCION": "641-23-02-2023", "ORIG_FID": 485 }, "geometry": { "type": "Point", "coordinates": [ -80.743592211379806, -0.980404787003875 ] } },
{ "type": "Feature", "properties": { "id": 102110, "lote_id": 101735, "clavecatas": "5-02-40-01-000", "zona": "5", "sector": "02", "manzana": "40", "lote": "01", "ph": "000", "propietari": "PALMA PILLIGUA JORGE LUIS", "documentop": "1312962754", "direccion": "B. NUEVO MANTA - VIA SAN JUAN- P. MANTA MZ-N10 LOTE -01", "area_m2": 383.33, "frente_uti": 39.36, "frente_tot": 39.36, "avaluo_con": 0.0, "avaluo_sue": 19166.5, "zonaurbano": "URBANA", "parroquia": "MANTA", "esta_bloqu": "NO", "es_tercera": "NO", "tiene_elec": "NO", "tiene_agua": "NO", "tiene_alca": "NO", "observacio": "INGRESO NUEVO PARA LEGALIZAR EN ATENCION AL CORREO DEL SECTOR NUEVO MANTA SOLICITADO POR LA ARQ. MA. ANGELICA DELGADO 25/10/22 ARQ. LUPE LANDA  SE DESM 5023601000-SE ACTUALIZA INF CON ESCRITURA DE ADJUDICACION INSCRITA EN EL REG. DE LA PROPIEDAD. 08/09/2", "observac_1": null, "barrio": "NUEVO MANTA", "parroquia_": 2, "barrio_id": 340, "proceso": 0, "fecha_regi": null, "activo_cat": "SI", "desactivad": 0, "avaluo_rem": 0.0, "avaluo_r_1": 0.0, "clasificac": "GENERAL", "anio_deuda": 0, "deuda": 0.0, "valor_ip": 0.0, "coactiva": null, "ficharegis": 84037, "etam": 0.1532268417, "diferencia": 0.0687331015, "porc_difer": 0.0001793053, "admisible": 1, "deuda_anio": 0.0, "2019_csv_c": null, "clavecat_1": null, "2021__csv_": null, "2021__csv1": null, "2022__csv_": "5-02-40-01-000", "2022__csv1": "641-23-02-2023", "Clavepre": "5-02-40-01-000", "RESOLUCION": "641-23-02-2023", "ORIG_FID": 486 }, "geometry": { "type": "Point", "coordinates": [ -80.743762400076946, -0.980845976142436 ] } },
{ "type": "Feature", "properties": { "id": 102111, "lote_id": 101788, "clavecatas": "5-02-40-02-000", "zona": "5", "sector": "02", "manzana": "40", "lote": "02", "ph": "000", "propietari": "MENDOZA VELASQUEZ ELENA AUXILIADORA", "documentop": "1312106634", "direccion": "B. NUEVO MANTA - MZ-N10 - LOTE - 02", "area_m2": 375.77, "frente_uti": 20.2, "frente_tot": 20.0, "avaluo_con": 0.0, "avaluo_sue": 18788.5, "zonaurbano": "URBANA", "parroquia": "MANTA", "esta_bloqu": "NO", "es_tercera": "NO", "tiene_elec": "NO", "tiene_agua": "NO", "tiene_alca": "NO", "observacio": "INGRESO NUEVO PARA LEGALIZAR EN ATENCION AL CORREO DEL SECTOR NUEVO MANTA SOLICITADO POR LA ARQ. MA. ANGELICA DELGADO 25/10/22 ARQ. LUPE LANDA  SE DESM 5023601000 -SE ACTUALIZA INFORMACION CON ESCRITURA DE ADJ.CON PROH.DE ENAJ.INSCRITA EN EL REG.DE LA PR", "observac_1": null, "barrio": "NUEVO MANTA", "parroquia_": 2, "barrio_id": 340, "proceso": 0, "fecha_regi": null, "activo_cat": "SI", "desactivad": 0, "avaluo_rem": 0.0, "avaluo_r_1": 0.0, "clasificac": "GENERAL", "anio_deuda": 0, "deuda": 0.0, "valor_ip": 0.0, "coactiva": null, "ficharegis": 84439, "etam": 0.1547605279, "diferencia": 0.0909688256, "porc_difer": 0.0002420865, "admisible": 1, "deuda_anio": 0.0, "2019_csv_c": null, "clavecat_1": null, "2021__csv_": null, "2021__csv1": null, "2022__csv_": "5-02-40-02-000", "2022__csv1": "641-23-02-2023", "Clavepre": "5-02-40-02-000", "RESOLUCION": "641-23-02-2023", "ORIG_FID": 487 }, "geometry": { "type": "Point", "coordinates": [ -80.743604214805686, -0.980931840204975 ] } },
{ "type": "Feature", "properties": { "id": 102115, "lote_id": 101739, "clavecatas": "5-02-40-06-000", "zona": "5", "sector": "02", "manzana": "40", "lote": "06", "ph": "000", "propietari": "CASANOVA BARBERAN JOSE LUIS", "documentop": "1310061104", "direccion": "B. NUEVO MANTA - VIA SAN JUAN P. MANTA MZ- N10 LOTE -06", "area_m2": 400.0, "frente_uti": 20.0, "frente_tot": 20.0, "avaluo_con": 0.0, "avaluo_sue": 20000.0, "zonaurbano": "URBANA", "parroquia": "MANTA", "esta_bloqu": "NO", "es_tercera": "NO", "tiene_elec": "NO", "tiene_agua": "NO", "tiene_alca": "NO", "observacio": "INGRESO NUEVO PARA LEGALIZAR EN ATENCION AL CORREO DEL SECTOR NUEVO MANTA SOLICITADO POR LA ARQ. MA. ANGELICA DELGADO 25/10/22 ARQ. LUPE LANDA SE DESM 5023601000 ...-SE ACTUALIZA INFORMACION CON ESCRITURA DE ADJ.CON PROH.DE ENAJ.INSCRITA EN EL REG.DE LA", "observac_1": null, "barrio": "NUEVO MANTA", "parroquia_": 2, "barrio_id": 340, "proceso": 0, "fecha_regi": null, "activo_cat": "SI", "desactivad": 0, "avaluo_rem": 0.0, "avaluo_r_1": 0.0, "clasificac": "GENERAL", "anio_deuda": 0, "deuda": 0.0, "valor_ip": 0.0, "coactiva": null, "ficharegis": 85194, "etam": 0.15, "diferencia": 0.1001153446, "porc_difer": 0.0002502884, "admisible": 1, "deuda_anio": 0.0, "2019_csv_c": null, "clavecat_1": null, "2021__csv_": null, "2021__csv1": null, "2022__csv_": "5-02-40-06-000", "2022__csv1": "670-27-04-2023", "Clavepre": "5-02-40-06-000", "RESOLUCION": "670-27-04-2023", "ORIG_FID": 488 }, "geometry": { "type": "Point", "coordinates": [ -80.743682087485467, -0.981088880569733 ] } },
{ "type": "Feature", "properties": { "id": 102147, "lote_id": 101749, "clavecatas": "5-02-42-05-000", "zona": "5", "sector": "02", "manzana": "42", "lote": "05", "ph": "000", "propietari": "REYES PICO NELYS MARGARITA", "documentop": "1303499352", "direccion": "B. NUEVO MANTA - VIA SAN JUAN P. MANTA MZ- 12 LOTE-05", "area_m2": 183.47, "frente_uti": 10.0, "frente_tot": 10.0, "avaluo_con": 3456.0, "avaluo_sue": 9173.5, "zonaurbano": "URBANA", "parroquia": "MANTA", "esta_bloqu": "NO", "es_tercera": "NO", "tiene_elec": "NO", "tiene_agua": "NO", "tiene_alca": "NO", "observacio": "INGRESO NUEVO PARA LEGALIZAR EN ATENCION AL CORREO DEL SECTOR NUEVO MANTA SOLICITADO POR LA ARQ. MA. ANGELICA DELGADO 25/10/22 ARQ. LUPE LANDA...SE ACTUALIZA INFORMACION CON ESCRITURA DE ADJUDICACION.INSCRITA EN EL REG.DE LA PROPIEDAD 17/04/2024 GGV", "observac_1": null, "barrio": "NUEVO MANTA", "parroquia_": 2, "barrio_id": 340, "proceso": 0, "fecha_regi": null, "activo_cat": "SI", "desactivad": 0, "avaluo_rem": 0.0, "avaluo_r_1": 0.0, "clasificac": "GENERAL", "anio_deuda": 0, "deuda": 0.0, "valor_ip": 0.0, "coactiva": null, "ficharegis": 85768, "etam": 0.0738273822, "diferencia": 0.1035071182, "porc_difer": 0.0005641637, "admisible": 1, "deuda_anio": 0.0, "2019_csv_c": null, "clavecat_1": null, "2021__csv_": null, "2021__csv1": null, "2022__csv_": "5-02-42-05-000", "2022__csv1": "670-27-04-2023", "Clavepre": "5-02-42-05-000", "RESOLUCION": "670-27-04-2023", "ORIG_FID": 489 }, "geometry": { "type": "Point", "coordinates": [ -80.743731618679476, -0.981865811021608 ] } },
{ "type": "Feature", "properties": { "id": 102153, "lote_id": 101755, "clavecatas": "5-02-42-11-000", "zona": "5", "sector": "02", "manzana": "42", "lote": "11", "ph": "000", "propietari": "LOOR LOPEZ LUIS LEONEL", "documentop": "1311689994", "direccion": "B. NUEVO MANTA - VIA SAN JUAN P. MANTA MZ- 12 LOTE-11", "area_m2": 599.72, "frente_uti": 30.0, "frente_tot": 30.0, "avaluo_con": 144.94, "avaluo_sue": 29986.0, "zonaurbano": "URBANA", "parroquia": "MANTA", "esta_bloqu": "NO", "es_tercera": "NO", "tiene_elec": "NO", "tiene_agua": "NO", "tiene_alca": "NO", "observacio": "INGRESO NUEVO PARA LEGALIZAR EN ATENCION AL CORREO DEL SECTOR NUEVO MANTA SOLICITADO POR LA ARQ. MA. ANGELICA DELGADO 25/10/22 ARQ. LUPE LANDA...-SE ACTUALIZA INFORMACION CON ESCRITURA DE ADJ.CON PROH.DE ENAJ.INSCRITA EN EL REG.DE LA PROPIEDAD 10/03/2023", "observac_1": null, "barrio": "NUEVO MANTA", "parroquia_": 2, "barrio_id": 340, "proceso": 0, "fecha_regi": null, "activo_cat": "SI", "desactivad": 0, "avaluo_rem": 0.0, "avaluo_r_1": 0.0, "clasificac": "GENERAL", "anio_deuda": 0, "deuda": 0.0, "valor_ip": 0.0, "coactiva": null, "ficharegis": 84440, "etam": 0.1633374327, "diferencia": -0.0028783091, "porc_difer": -4.7994e-06, "admisible": 1, "deuda_anio": 0.0, "2019_csv_c": null, "clavecat_1": null, "2021__csv_": null, "2021__csv1": null, "2022__csv_": "5-02-42-11-000", "2022__csv1": "641-23-02-2023", "Clavepre": "5-02-42-11-000", "RESOLUCION": "641-23-02-2023", "ORIG_FID": 490 }, "geometry": { "type": "Point", "coordinates": [ -80.743884922212871, -0.981979475366034 ] } },
{ "type": "Feature", "properties": { "id": 102159, "lote_id": 101946, "clavecatas": "5-02-43-04-000", "zona": "5", "sector": "02", "manzana": "43", "lote": "04", "ph": "000", "propietari": "SOLORZANO ALCIVAR  MANUELA DE JESUS", "documentop": "1301562540", "direccion": "NUEVO MANTA VIA SAN JUAN MZ N13 LOTE 4", "area_m2": 216.0, "frente_uti": 12.0, "frente_tot": 12.0, "avaluo_con": 0.0, "avaluo_sue": 324.0, "zonaurbano": "EXPANSIÓN URBANA", "parroquia": "MANTA", "esta_bloqu": "NO", "es_tercera": "SI", "tiene_elec": "SI", "tiene_agua": "NO", "tiene_alca": "NO", "observacio": "SE ASIGNA ESTA CLAVE CATASTRAL CON FINES DE LEGALIZACIÓN DEL SECTOR NUEVO MANTA, SITIO SAN JUAN, UBICADO EN LA MANZANA N13 LOTE 01, MEDIANTE INFORME DE LA ARQ. LUPE LANDA.SE ACTUALIZA INF CON ESCRITURA DE COMPRA VENTA 14/12/2023.AZP", "observac_1": null, "barrio": "NUEVO MANTA", "parroquia_": 2, "barrio_id": 340, "proceso": 0, "fecha_regi": null, "activo_cat": "SI", "desactivad": 0, "avaluo_rem": 0.0, "avaluo_r_1": 0.0, "clasificac": "GENERAL", "anio_deuda": 0, "deuda": 0.0, "valor_ip": 0.0, "coactiva": null, "ficharegis": 84853, "etam": 0.1360827635, "diferencia": -0.0569038963, "porc_difer": -0.000263444, "admisible": 1, "deuda_anio": 0.0, "2019_csv_c": null, "clavecat_1": null, "2021__csv_": null, "2021__csv1": null, "2022__csv_": "5-02-43-04-000", "2022__csv1": "641-23-02-2023", "Clavepre": "5-02-43-04-000", "RESOLUCION": "641-23-02-2023", "ORIG_FID": 491 }, "geometry": { "type": "Point", "coordinates": [ -80.743845265522566, -0.982298817522931 ] } },
{ "type": "Feature", "properties": { "id": 102161, "lote_id": 101949, "clavecatas": "5-02-43-06-000", "zona": "5", "sector": "02", "manzana": "43", "lote": "06", "ph": "000", "propietari": "CONFORME DELGADO LUCILA YANETH", "documentop": "1303671323", "direccion": "NUEVO MANTA VIA SAN JUAN MZ N13 LOTE 6", "area_m2": 217.3, "frente_uti": 10.0, "frente_tot": 10.0, "avaluo_con": 0.0, "avaluo_sue": 6519.0, "zonaurbano": "URBANA", "parroquia": "MANTA", "esta_bloqu": "NO", "es_tercera": "NO", "tiene_elec": "SI", "tiene_agua": "NO", "tiene_alca": "NO", "observacio": "SE ASIGNA ESTA CLAVE CATASTRAL CON FINES DE LEGALIZACIÓN DEL SECTOR NUEVO MANTA, SITIO SAN JUAN, UBICADO EN LA MANZANA N13 LOTE 01, MEDIANTE INFORME DE LA ARQ. LUPE LANDA-SE ACTUALIZA INF CON ESCRITURA DE CVTA INSCRITA EN EL REG. DE LA PROPIEDAD. 07/09/", "observac_1": null, "barrio": "NUEVO MANTA", "parroquia_": 2, "barrio_id": 340, "proceso": 0, "fecha_regi": null, "activo_cat": "SI", "desactivad": 0, "avaluo_rem": 0.0, "avaluo_r_1": 0.0, "clasificac": "GENERAL", "anio_deuda": 2024, "deuda": 3.68, "valor_ip": 0.0, "coactiva": null, "ficharegis": 84139, "etam": 0.1356750944, "diferencia": 0.1327163366, "porc_difer": 0.0006107517, "admisible": 1, "deuda_anio": 1.98, "2019_csv_c": null, "clavecat_1": null, "2021__csv_": null, "2021__csv1": null, "2022__csv_": "5-02-43-06-000", "2022__csv1": "641-23-02-2023", "Clavepre": "5-02-43-06-000", "RESOLUCION": "641-23-02-2023", "ORIG_FID": 492 }, "geometry": { "type": "Point", "coordinates": [ -80.743687185819084, -0.982404208009553 ] } },
{ "type": "Feature", "properties": { "id": 102162, "lote_id": 101951, "clavecatas": "5-02-43-07-000", "zona": "5", "sector": "02", "manzana": "43", "lote": "07", "ph": "000", "propietari": "PALMA MENDOZA EVELYN MARIBEL", "documentop": "1316768892", "direccion": "NUEVO MANTA VIA SAN JUAN MZ N13 LOTE 7", "area_m2": 351.53, "frente_uti": 10.0, "frente_tot": 10.0, "avaluo_con": 0.0, "avaluo_sue": 527.3, "zonaurbano": "URBANA", "parroquia": "MANTA", "esta_bloqu": "NO", "es_tercera": "NO", "tiene_elec": "SI", "tiene_agua": "NO", "tiene_alca": "NO", "observacio": "SE ASIGNA ESTA CLAVE CATASTRAL CON FINES DE LEGALIZACIÓN DEL SECTOR NUEVO MANTA, SITIO SAN JUAN, UBICADO EN LA MANZANA N13 LOTE 01, MEDIANTE INFORME DE LA ARQ. LUPE LANDA. SE ACTUALIZA INF CON ESCRITURA DE COMPRA VENTA 15/12/2023.AZP", "observac_1": null, "barrio": "NUEVO MANTA", "parroquia_": 2, "barrio_id": 340, "proceso": 0, "fecha_regi": null, "activo_cat": "SI", "desactivad": 0, "avaluo_rem": 0.0, "avaluo_r_1": 0.0, "clasificac": "GENERAL", "anio_deuda": 0, "deuda": 0.0, "valor_ip": 0.0, "coactiva": null, "ficharegis": 84862, "etam": 0.1600073961, "diferencia": 0.1825177981, "porc_difer": 0.0005192097, "admisible": 1, "deuda_anio": 0.0, "2019_csv_c": null, "clavecat_1": null, "2021__csv_": null, "2021__csv1": null, "2022__csv_": "5-02-43-07-000", "2022__csv1": "641-23-02-2023", "Clavepre": "5-02-43-07-000", "RESOLUCION": "641-23-02-2023", "ORIG_FID": 493 }, "geometry": { "type": "Point", "coordinates": [ -80.74359729818508, -0.982479634260028 ] } },
{ "type": "Feature", "properties": { "id": 102974, "lote_id": 102573, "clavecatas": "5-03-01-51-000", "zona": "5", "sector": "03", "manzana": "01", "lote": "51", "ph": "000", "propietari": "LUCAS DELGADO CINTHYA KATHERINE", "documentop": "1314730050", "direccion": "B. SANTA MARIANITA - SAN JUAN DE MANTA", "area_m2": 104.1, "frente_uti": 9.7, "frente_tot": 9.7, "avaluo_con": 4763.54, "avaluo_sue": 2108.03, "zonaurbano": "URBANA", "parroquia": "MANTA", "esta_bloqu": "NO", "es_tercera": "NO", "tiene_elec": "NO", "tiene_agua": "NO", "tiene_alca": "NO", "observacio": "SE CREA EL CODIGO CATASTRAL 5030151000 A FAVOR DE LUCAS DELGADO CINTHYA KATHERINE POR PROCESO DE LEGALIZACION DE BIENES MOSTRENCOS.-SE ACTUALIZA INF EN BASE A ESCRITURA DE ADJUDICACION INSCRITA EN EL REG. DE LA PROPIEDAD.19/11/2024 GGV", "observac_1": null, "barrio": "SANTA MARIANITA", "parroquia_": 2, "barrio_id": 1003, "proceso": 0, "fecha_regi": null, "activo_cat": "SI", "desactivad": 0, "avaluo_rem": 0.0, "avaluo_r_1": 0.0, "clasificac": "GENERAL", "anio_deuda": 0, "deuda": 0.0, "valor_ip": 0.0, "coactiva": null, "ficharegis": 87476, "etam": 0.0980109582, "diferencia": -105.8998489432, "porc_difer": -1.0172896152, "admisible": 0, "deuda_anio": 0.0, "2019_csv_c": null, "clavecat_1": null, "2021__csv_": null, "2021__csv1": null, "2022__csv_": "5-03-01-51-000", "2022__csv1": "064-14-09-2023", "Clavepre": "5-03-01-51-000", "RESOLUCION": "064-14-09-2023", "ORIG_FID": 494 }, "geometry": { "type": "Point", "coordinates": [ -80.755504026970826, -0.988324215009071 ] } },
{ "type": "Feature", "properties": { "id": 104257, "lote_id": 102582, "clavecatas": "5-04-03-19-000", "zona": "5", "sector": "04", "manzana": "03", "lote": "19", "ph": "000", "propietari": "DE MERA FLORES JOSE EDUARDO", "documentop": "1314740380", "direccion": "B. SANTA MARIANITA DE SAN JUAN", "area_m2": 402.89, "frente_uti": 38.6, "frente_tot": 38.6, "avaluo_con": 9249.6, "avaluo_sue": 7342.67, "zonaurbano": "URBANA", "parroquia": "MANTA", "esta_bloqu": "NO", "es_tercera": "NO", "tiene_elec": "NO", "tiene_agua": "NO", "tiene_alca": "NO", "observacio": "SE CREA EL CODIGO CATASTRAL 5040319000 A FAVOR DE DEMERA FLORES JOSE EDUARDO POR PROCESO DE LEGALIZACION DE BIENES MOSTRENCOS.-SE ACTUALIZA INFORMACION CON ESCRITURA DE ADJ.CON PROH.DE ENAJ.INSCRITA EN EL REG.DE LA PROPIEDAD 11/19/2024 Y.C.S.-", "observac_1": null, "barrio": "SANTA MARIANITA", "parroquia_": 2, "barrio_id": 1003, "proceso": 0, "fecha_regi": null, "activo_cat": "SI", "desactivad": 0, "avaluo_rem": 0.0, "avaluo_r_1": 0.0, "clasificac": "GENERAL", "anio_deuda": 0, "deuda": 0.0, "valor_ip": 0.0, "coactiva": null, "ficharegis": 87479, "etam": 0.1494610437, "diferencia": -22.3766416568, "porc_difer": -0.0555403253, "admisible": 1, "deuda_anio": 0.0, "2019_csv_c": null, "clavecat_1": null, "2021__csv_": null, "2021__csv1": null, "2022__csv_": "5-04-03-19-000", "2022__csv1": "064-14-09-2023", "Clavepre": "5-04-03-19-000", "RESOLUCION": "064-14-09-2023", "ORIG_FID": 495 }, "geometry": { "type": "Point", "coordinates": [ -80.754287832729375, -0.993301770693505 ] } },
{ "type": "Feature", "properties": { "id": 104258, "lote_id": 102583, "clavecatas": "5-04-03-20-000", "zona": "5", "sector": "04", "manzana": "03", "lote": "20", "ph": "000", "propietari": "FLORES MARCILLO DAVID EDUARDO", "documentop": "1315298909", "direccion": "B. SANTA MARIANITA DE SAN JUAN", "area_m2": 190.97, "frente_uti": 30.76, "frente_tot": 30.76, "avaluo_con": 9400.0, "avaluo_sue": 3673.79, "zonaurbano": "URBANA", "parroquia": "MANTA", "esta_bloqu": "NO", "es_tercera": "NO", "tiene_elec": "NO", "tiene_agua": "NO", "tiene_alca": "NO", "observacio": "SE CREA EL CODIGO CATASTRAL 5040320000 A FAVOR DE FLORES MARCILLO DAVID EDUARDO POR PROCESO DE LEGALIZACION DE BIENES MOSTRENCOS.-SE ACTUALIZA INFORMACION CON ESCRITURA DE ADJ.CON PROH.DE ENAJ.INSCRITA EN EL REG.DE LA PROPIEDAD 01/29/2025 Y.C.S.-", "observac_1": null, "barrio": "SANTA MARIANITA", "parroquia_": 2, "barrio_id": 1003, "proceso": 0, "fecha_regi": null, "activo_cat": "SI", "desactivad": 0, "avaluo_rem": 0.0, "avaluo_r_1": 0.0, "clasificac": "GENERAL", "anio_deuda": 2026, "deuda": 7.25, "valor_ip": 0.0, "coactiva": null, "ficharegis": 87800, "etam": 0.0723631437, "diferencia": 0.0020225654, "porc_difer": 1.0591e-05, "admisible": 1, "deuda_anio": 0.0, "2019_csv_c": null, "clavecat_1": null, "2021__csv_": null, "2021__csv1": null, "2022__csv_": "5-04-03-20-000", "2022__csv1": "064-14-09-2023", "Clavepre": "5-04-03-20-000", "RESOLUCION": "064-14-09-2023", "ORIG_FID": 496 }, "geometry": { "type": "Point", "coordinates": [ -80.753845955738811, -0.993152835807619 ] } },
{ "type": "Feature", "properties": { "id": 104259, "lote_id": 102585, "clavecatas": "5-04-03-21-000", "zona": "5", "sector": "04", "manzana": "03", "lote": "21", "ph": "000", "propietari": "FLORES MARCILLO JOSE MARIANO", "documentop": "1308250040", "direccion": "B. SANTA MARIANITA DE SAN JUAN", "area_m2": 279.38, "frente_uti": 27.9, "frente_tot": 27.9, "avaluo_con": 16765.2, "avaluo_sue": 4837.12, "zonaurbano": "URBANA", "parroquia": "MANTA", "esta_bloqu": "NO", "es_tercera": "NO", "tiene_elec": "NO", "tiene_agua": "NO", "tiene_alca": "NO", "observacio": "SE CREA EL CODIGO CATASTRAL 5040321000 A FAVOR DE FLORES MARCILLO JOSE MARIANO POR PROCESO DE LEGALIZACION DE BIENES MOSTRENCOS.-SE ACTUALIZA INFORMACION CON ESCRITURA DE ADJ.CON PROH.DE ENAJ.INSCRITA EN EL REG.DE LA PROPIEDAD 02/21/2025 Y.C.S.-", "observac_1": null, "barrio": "SANTA MARIANITA", "parroquia_": 2, "barrio_id": 1003, "proceso": 0, "fecha_regi": null, "activo_cat": "SI", "desactivad": 0, "avaluo_rem": 0.0, "avaluo_r_1": 0.0, "clasificac": "GENERAL", "anio_deuda": 2026, "deuda": 14.04, "valor_ip": 0.0, "coactiva": null, "ficharegis": 87956, "etam": 0.11965541, "diferencia": -5.8604496208, "porc_difer": -0.0209766255, "admisible": 1, "deuda_anio": 0.0, "2019_csv_c": null, "clavecat_1": null, "2021__csv_": null, "2021__csv1": null, "2022__csv_": "5-04-03-21-000", "2022__csv1": "064-14-09-2023", "Clavepre": "5-04-03-21-000", "RESOLUCION": "064-14-09-2023", "ORIG_FID": 497 }, "geometry": { "type": "Point", "coordinates": [ -80.75424129004945, -0.99316838244321 ] } },
{ "type": "Feature", "properties": { "id": 104260, "lote_id": 102586, "clavecatas": "5-04-03-22-000", "zona": "5", "sector": "04", "manzana": "03", "lote": "22", "ph": "000", "propietari": "GOBIERNO AUTONOMO DESCENTRALIZADO  MUNICIPAL MANTA .", "documentop": "1360000980001", "direccion": "B. SANTA MARIANITA DE SAN JUAN", "area_m2": 254.31, "frente_uti": 10.3, "frente_tot": 10.3, "avaluo_con": 6880.8, "avaluo_sue": 4892.29, "zonaurbano": "URBANA", "parroquia": "MANTA", "esta_bloqu": "NO", "es_tercera": "NO", "tiene_elec": "NO", "tiene_agua": "NO", "tiene_alca": "NO", "observacio": "SE CREA EL CODIGO CATASTRAL 5040322000 A FAVOR DE FLORES MARCILLO LILIANA ELIZABETH POR PROCESO DE LEGALIZACION DE BIENES MOSTRENCOS.", "observac_1": null, "barrio": "SANTA MARIANITA", "parroquia_": 2, "barrio_id": 1003, "proceso": 0, "fecha_regi": null, "activo_cat": "SI", "desactivad": 0, "avaluo_rem": 0.0, "avaluo_r_1": 0.0, "clasificac": "GENERAL", "anio_deuda": 2026, "deuda": 2.05, "valor_ip": 0.0, "coactiva": null, "ficharegis": 0, "etam": 0.1254146518, "diferencia": 10.2399862603, "porc_difer": 0.0402657633, "admisible": 1, "deuda_anio": 0.0, "2019_csv_c": null, "clavecat_1": null, "2021__csv_": null, "2021__csv1": null, "2022__csv_": "5-04-03-22-000", "2022__csv1": "064-14-09-2023", "Clavepre": "5-04-03-22-000", "RESOLUCION": "064-14-09-2023", "ORIG_FID": 498 }, "geometry": { "type": "Point", "coordinates": [ -80.75439565406154, -0.99311348101703 ] } },
{ "type": "Feature", "properties": { "id": 104262, "lote_id": 102588, "clavecatas": "5-04-03-24-000", "zona": "5", "sector": "04", "manzana": "03", "lote": "24", "ph": "000", "propietari": "FLORES MARCILLO SANTIAGO ARTURO", "documentop": "1309076501", "direccion": "B. SANTA MARIANITA DE SAN JUAN", "area_m2": 570.58, "frente_uti": 46.0, "frente_tot": 46.0, "avaluo_con": 15115.2, "avaluo_sue": 10398.82, "zonaurbano": "URBANA", "parroquia": "MANTA", "esta_bloqu": "NO", "es_tercera": "NO", "tiene_elec": "NO", "tiene_agua": "NO", "tiene_alca": "NO", "observacio": "SE CREA EL CODIGO CATASTRAL 5040324000 A FAVOR DE FLORES MARCILLO SANTIAGO ARTURO POR PROCESO DE LEGALIZACION DE BIENES MOSTRENCOS.-SE ACTUALIZA INFORMACION CON ESCRITURA DE ADJ.CON PROH.DE ENAJ.INSCRITA EN EL REG.DE LA PROPIEDAD 02/07/2025 Y.C.S.-", "observac_1": null, "barrio": "SANTA MARIANITA", "parroquia_": 2, "barrio_id": 1003, "proceso": 0, "fecha_regi": null, "activo_cat": "SI", "desactivad": 0, "avaluo_rem": 0.0, "avaluo_r_1": 0.0, "clasificac": "GENERAL", "anio_deuda": 0, "deuda": 0.0, "valor_ip": 0.0, "coactiva": null, "ficharegis": 87866, "etam": 0.1674563879, "diferencia": -4.9903337264000003, "porc_difer": -0.0087460719, "admisible": 1, "deuda_anio": 0.0, "2019_csv_c": null, "clavecat_1": null, "2021__csv_": null, "2021__csv1": null, "2022__csv_": "5-04-03-24-000", "2022__csv1": "064-14-09-2023", "Clavepre": "5-04-03-24-000", "RESOLUCION": "064-14-09-2023", "ORIG_FID": 499 }, "geometry": { "type": "Point", "coordinates": [ -80.753607634592569, -0.993543795191542 ] } },
{ "type": "Feature", "properties": { "id": 104514, "lote_id": 97219, "clavecatas": "5-05-08-30-000", "zona": "5", "sector": "05", "manzana": "08", "lote": "30", "ph": "000", "propietari": "ALONZO LUCAS GENNY ELIZABETH", "documentop": "1312460858", "direccion": "B. SAN JUAN DE MANTA", "area_m2": 387.9, "frente_uti": 15.7, "frente_tot": 15.7, "avaluo_con": 2540.5, "avaluo_sue": 4712.99, "zonaurbano": "URBANA", "parroquia": "MANTA", "esta_bloqu": "NO", "es_tercera": "NO", "tiene_elec": "NO", "tiene_agua": "NO", "tiene_alca": "NO", "observacio": "POR LEGALIZAR B/M ALONZO JAMA EDISSON DARIO 11/07/20 ARQ. LUPE LANDA -SE ACTUALIZA INFORMACION CON ESCRITURA DE ADJ.CON PROH.DE ENAJ.INSCRITA EN EL REG.DE LA PROPIEDAD 02/07/2025 Y.C.S.-", "observac_1": null, "barrio": "SAN JUAN", "parroquia_": 2, "barrio_id": 912, "proceso": 0, "fecha_regi": null, "activo_cat": "SI", "desactivad": 0, "avaluo_rem": 0.0, "avaluo_r_1": 0.0, "clasificac": "GENERAL", "anio_deuda": 2026, "deuda": 8.37, "valor_ip": 0.0, "coactiva": null, "ficharegis": 87872, "etam": 0.1523215551, "diferencia": 10.218340850400001, "porc_difer": 0.0263427194, "admisible": 1, "deuda_anio": 0.0, "2019_csv_c": null, "clavecat_1": null, "2021__csv_": null, "2021__csv1": null, "2022__csv_": "5-05-08-30-000", "2022__csv1": "064-14-09-2023", "Clavepre": "5-05-08-30-000", "RESOLUCION": "064-14-09-2023", "ORIG_FID": 500 }, "geometry": { "type": "Point", "coordinates": [ -80.762445130307484, -0.998223546189402 ] } },
{ "type": "Feature", "properties": { "id": 104473, "lote_id": 102572, "clavecatas": "5-05-06-33-000", "zona": "5", "sector": "05", "manzana": "06", "lote": "33", "ph": "000", "propietari": "DEMERA GUARANDA JAHAIRA MONSERRATE", "documentop": "1309370797", "direccion": "SAN JUAN DE MANTA", "area_m2": 1298.86, "frente_uti": 41.7, "frente_tot": 41.7, "avaluo_con": 55836.0, "avaluo_sue": 11689.74, "zonaurbano": "URBANA", "parroquia": "MANTA", "esta_bloqu": "NO", "es_tercera": "NO", "tiene_elec": "NO", "tiene_agua": "NO", "tiene_alca": "NO", "observacio": "SE CREA EL CODIGO CATASTRAL 5050633000 A FAVOR DE DEMERA GUARANDA JAHAIRA MONSERRATE Y LUCAS LUCAS CARLOS JAIME POR PROCESO DE LEGALIZACION DE BIENES MOSTRENCOS.-SE ACTUALIZA INFORMACION CON ESCRITURA DE ADJ.CON PROH.DE ENAJ.INSCRITA EN EL REG.DE LA PROP", "observac_1": null, "barrio": "SAN JUAN", "parroquia_": 2, "barrio_id": 912, "proceso": 0, "fecha_regi": null, "activo_cat": "SI", "desactivad": 0, "avaluo_rem": 0.0, "avaluo_r_1": 0.0, "clasificac": "GENERAL", "anio_deuda": 0, "deuda": 0.0, "valor_ip": 0.0, "coactiva": null, "ficharegis": 87469, "etam": 0.1387358928, "diferencia": -0.002586591, "porc_difer": -1.9914e-06, "admisible": 1, "deuda_anio": 0.0, "2019_csv_c": null, "clavecat_1": null, "2021__csv_": null, "2021__csv1": null, "2022__csv_": "5-05-06-33-000", "2022__csv1": "064-14-09-2023", "Clavepre": "5-05-06-33-000", "RESOLUCION": "064-14-09-2023", "ORIG_FID": 501 }, "geometry": { "type": "Point", "coordinates": [ -80.761059004623235, -0.994118273578961 ] } },
{ "type": "Feature", "properties": { "id": 104500, "lote_id": 90747, "clavecatas": "5-05-08-16-000", "zona": "5", "sector": "05", "manzana": "08", "lote": "16", "ph": "000", "propietari": "LUCAS CHAVEZ YENNY MARISOL", "documentop": "1315293322", "direccion": "B. SAN JUAN DE MANTA", "area_m2": 164.25, "frente_uti": 11.0, "frente_tot": 11.0, "avaluo_con": 10700.8, "avaluo_sue": 1773.9, "zonaurbano": "URBANA", "parroquia": "MANTA", "esta_bloqu": "NO", "es_tercera": "NO", "tiene_elec": "NO", "tiene_agua": "NO", "tiene_alca": "NO", "observacio": "LEGALIZAR YENNY MARISOL LUCAS CHAVEZ 14/03/2017 - CAMBIO DE CLASIFICACIÓN: MEMORANDO MTA-DFIN-MEM-160920211226, TRÁMITE TE090920211550 EN BASE A ART. 509 DEL COOTAD. - SE CORRIGE EL AREA POR PROCESO DE LEGALIZACION . -SE ACTUALIZA INFORMACION CON ESCRI", "observac_1": null, "barrio": "SAN JUAN", "parroquia_": 2, "barrio_id": 912, "proceso": 0, "fecha_regi": null, "activo_cat": "SI", "desactivad": 0, "avaluo_rem": 0.0, "avaluo_r_1": 0.0, "clasificac": "GENERAL", "anio_deuda": 0, "deuda": 0.0, "valor_ip": 0.0, "coactiva": null, "ficharegis": 90662, "etam": 0.0780274315, "diferencia": 0.0769999941, "porc_difer": 0.0004687975, "admisible": 1, "deuda_anio": 0.0, "2019_csv_c": null, "clavecat_1": null, "2021__csv_": null, "2021__csv1": null, "2022__csv_": "5-05-08-16-000", "2022__csv1": "064-14-09-2023", "Clavepre": "5-05-08-16-000", "RESOLUCION": "064-14-09-2023", "ORIG_FID": 502 }, "geometry": { "type": "Point", "coordinates": [ -80.762395126171214, -0.998716271604916 ] } },
{ "type": "Feature", "properties": { "id": 104503, "lote_id": 92031, "clavecatas": "5-05-08-19-000", "zona": "5", "sector": "05", "manzana": "08", "lote": "19", "ph": "000", "propietari": "ESPINOZA MANTUANO MARGARITA LEONOR", "documentop": "1308363082", "direccion": "B. SAN JUAN DE MANTA", "area_m2": 175.83, "frente_uti": 16.01, "frente_tot": 16.01, "avaluo_con": 16904.8, "avaluo_sue": 2637.45, "zonaurbano": "URBANA", "parroquia": "MANTA", "esta_bloqu": "NO", "es_tercera": "NO", "tiene_elec": "NO", "tiene_agua": "NO", "tiene_alca": "NO", "observacio": "LEGALIZAR DELGADO LUCAS LUIS EDUARDO 08/12/17 LLCH. - CAMBIO DE CLASIFICACIÓN: MEMORANDO MTA-DFIN-MEM-160920211226, TRÁMITE TE090920211550 EN BASE A ART. 509 DEL COOTAD. - SE CORRIGE EL AREA POR PROCESO DE LEGALIZACION-SE ACTUALIZA INF EN BASE A ESCRIT", "observac_1": null, "barrio": "SAN JUAN", "parroquia_": 2, "barrio_id": 912, "proceso": 0, "fecha_regi": null, "activo_cat": "SI", "desactivad": 0, "avaluo_rem": 0.0, "avaluo_r_1": 0.0, "clasificac": "GENERAL", "anio_deuda": 0, "deuda": 0.0, "valor_ip": 0.0, "coactiva": null, "ficharegis": 90723, "etam": 0.0754142666, "diferencia": -1.5617953899000001, "porc_difer": -0.0088824171, "admisible": 1, "deuda_anio": 0.0, "2019_csv_c": null, "clavecat_1": null, "2021__csv_": null, "2021__csv1": null, "2022__csv_": "5-05-08-19-000", "2022__csv1": "064-14-09-2023", "Clavepre": "5-05-08-19-000", "RESOLUCION": "064-14-09-2023", "ORIG_FID": 503 }, "geometry": { "type": "Point", "coordinates": [ -80.760657490594454, -0.997345244244988 ] } },
{ "type": "Feature", "properties": { "id": 104506, "lote_id": 92035, "clavecatas": "5-05-08-22-000", "zona": "5", "sector": "05", "manzana": "08", "lote": "22", "ph": "000", "propietari": "GOBIERNO AUTÓNOMO DESCENTRALIZADO DE MANTA .", "documentop": "1360000980001", "direccion": "B. SAN JUAN DE MANTA", "area_m2": 200.08, "frente_uti": 31.24, "frente_tot": 31.24, "avaluo_con": 113344.0, "avaluo_sue": 2701.08, "zonaurbano": "URBANA", "parroquia": "MANTA", "esta_bloqu": "NO", "es_tercera": "NO", "tiene_elec": "NO", "tiene_agua": "NO", "tiene_alca": "NO", "observacio": "LEGALIZAR VELEZ DELGADO CARLOS HUMBERTO 08/12 /12 LLCH. - CAMBIO DE CLASIFICACIÓN: MEMORANDO MTA-DFIN-MEM-160920211226, TRÁMITE TE090920211550 EN BASE A ART. 509 DEL COOTAD. - SE CORRIGE EL AREA POR PROCESO DE LEGALIZACION .", "observac_1": null, "barrio": "SAN JUAN", "parroquia_": 2, "barrio_id": 912, "proceso": 0, "fecha_regi": null, "activo_cat": "SI", "desactivad": 0, "avaluo_rem": 0.0, "avaluo_r_1": 0.0, "clasificac": "POR LEGALIZAR", "anio_deuda": 0, "deuda": 0.0, "valor_ip": 0.0, "coactiva": null, "ficharegis": 0, "etam": 0.1413930804, "diferencia": 15.3561099681, "porc_difer": 0.0767498499, "admisible": 1, "deuda_anio": 0.0, "2019_csv_c": null, "clavecat_1": null, "2021__csv_": null, "2021__csv1": null, "2022__csv_": "5-05-08-22-000", "2022__csv1": "064-14-09-2023", "Clavepre": "5-05-08-22-000", "RESOLUCION": "064-14-09-2023", "ORIG_FID": 504 }, "geometry": { "type": "Point", "coordinates": [ -80.760596300939113, -0.997095820333672 ] } },
{ "type": "Feature", "properties": { "id": 104666, "lote_id": 91227, "clavecatas": "5-06-07-05-000", "zona": "5", "sector": "06", "manzana": "07", "lote": "05", "ph": "000", "propietari": "VELEZ MERO RAMON AGUSTIN", "documentop": "1304658659", "direccion": "BARRIO SAN RAMON DEL SITIO SAN JUAN", "area_m2": 400.22, "frente_uti": 17.5, "frente_tot": 17.5, "avaluo_con": 18480.0, "avaluo_sue": 5402.97, "zonaurbano": "URBANA", "parroquia": "MANTA", "esta_bloqu": "NO", "es_tercera": "NO", "tiene_elec": "NO", "tiene_agua": "NO", "tiene_alca": "NO", "observacio": "LEGALIZAR VELEZ MERO RAMON AGUSTIN 19/06/17 LLCH.RESOL ADM # 023-ALC.-M-JOZC-2018 A FAVOR DE VELEZ MERO RAMON AGUSTIN  - CAMBIO DE CLASIFICACIÓN: MEMORANDO MTA-DFIN-MEM-160920211226, TRÁMITE TE090920211550 EN BASE A ART. 509 DEL COOTAD. - SE CORRIGE AR", "observac_1": null, "barrio": "SAN JUAN", "parroquia_": 2, "barrio_id": 912, "proceso": 0, "fecha_regi": null, "activo_cat": "SI", "desactivad": 0, "avaluo_rem": 0.0, "avaluo_r_1": 0.0, "clasificac": "GENERAL", "anio_deuda": 2026, "deuda": 30.73, "valor_ip": 0.0, "coactiva": null, "ficharegis": 87870, "etam": 0.149958767, "diferencia": -41.875591576700003, "porc_difer": -0.1046314317, "admisible": 1, "deuda_anio": 0.0, "2019_csv_c": null, "clavecat_1": null, "2021__csv_": null, "2021__csv1": null, "2022__csv_": "5-06-07-05-000", "2022__csv1": "064-14-09-2023", "Clavepre": "5-06-07-05-000", "RESOLUCION": "064-14-09-2023", "ORIG_FID": 505 }, "geometry": { "type": "Point", "coordinates": [ -80.758428799844054, -1.00598358916608 ] } },
{ "type": "Feature", "properties": { "id": 104733, "lote_id": 102574, "clavecatas": "5-07-02-08-000", "zona": "5", "sector": "07", "manzana": "02", "lote": "08", "ph": "000", "propietari": "VELEZ HOLGUIN MERCEDES ANA", "documentop": "1307465151", "direccion": "B. SAN RAMON", "area_m2": 1414.46, "frente_uti": 76.8, "frente_tot": 76.8, "avaluo_con": 49021.72, "avaluo_sue": 17185.69, "zonaurbano": "URBANA", "parroquia": "MANTA", "esta_bloqu": "NO", "es_tercera": "NO", "tiene_elec": "NO", "tiene_agua": "NO", "tiene_alca": "NO", "observacio": "SE CREA EL CODIGO CATASTRAL 5070208000 A FAVOR DE VELEZ HOLGUIN MERCEDES ANA POR PROCESO DE LEGALIZACION DE BIENES MOSTRENCOS.-SE ACTUALIZA INFORMACION CON ESCRITURA DE ADJ.CON PROH.DE ENAJ.INSCRITA EN EL REG.DE LA PROPIEDAD 02/06/2025 Y.C.S.-", "observac_1": null, "barrio": "SAN JUAN", "parroquia_": 2, "barrio_id": 912, "proceso": 0, "fecha_regi": null, "activo_cat": "SI", "desactivad": 0, "avaluo_rem": 0.0, "avaluo_r_1": 0.0, "clasificac": "GENERAL", "anio_deuda": 0, "deuda": 0.0, "valor_ip": 0.0, "coactiva": null, "ficharegis": 87867, "etam": 0.1329458145, "diferencia": 45.618444959000001, "porc_difer": 0.0322514917, "admisible": 1, "deuda_anio": 0.0, "2019_csv_c": null, "clavecat_1": null, "2021__csv_": null, "2021__csv1": null, "2022__csv_": "5-07-02-08-000", "2022__csv1": "064-14-09-2023", "Clavepre": "5-07-02-08-000", "RESOLUCION": "064-14-09-2023", "ORIG_FID": 506 }, "geometry": { "type": "Point", "coordinates": [ -80.758083634774593, -1.004540336745058 ] } },
{ "type": "Feature", "properties": { "id": 104734, "lote_id": 102575, "clavecatas": "5-07-02-09-000", "zona": "5", "sector": "07", "manzana": "02", "lote": "09", "ph": "000", "propietari": "VELEZ DELGADO GENNY PAULINA", "documentop": "1308442480", "direccion": "B. SAN RAMON", "area_m2": 1432.5, "frente_uti": 83.1, "frente_tot": 83.1, "avaluo_con": 5414.4, "avaluo_sue": 17404.88, "zonaurbano": "URBANA", "parroquia": "MANTA", "esta_bloqu": "NO", "es_tercera": "NO", "tiene_elec": "NO", "tiene_agua": "NO", "tiene_alca": "NO", "observacio": "SE CREA EL CODIGO CATASTRAL 5070209000 A FAVOR DE VELEZ DELGADO JENNY PAULA POR PROCESO DE LEGALIZACION DE BIENES MOSTRENCOS.-SE ACTUALIZA INFORMACION CON ESCRITURA DE ADJ.CON PROH.DE ENAJ.INSCRITA EN EL REG.DE LA PROPIEDAD 02/24/2025 Y.C.S.-", "observac_1": null, "barrio": "SAN JUAN", "parroquia_": 2, "barrio_id": 912, "proceso": 0, "fecha_regi": null, "activo_cat": "SI", "desactivad": 0, "avaluo_rem": 0.0, "avaluo_r_1": 0.0, "clasificac": "GENERAL", "anio_deuda": 0, "deuda": 0.0, "valor_ip": 0.0, "coactiva": null, "ficharegis": 87964, "etam": 0.1321060445, "diferencia": 4.9782918996000003, "porc_difer": 0.0034752474, "admisible": 1, "deuda_anio": 0.0, "2019_csv_c": null, "clavecat_1": null, "2021__csv_": null, "2021__csv1": null, "2022__csv_": "5-07-02-09-000", "2022__csv1": "064-14-09-2023", "Clavepre": "5-07-02-09-000", "RESOLUCION": "064-14-09-2023", "ORIG_FID": 507 }, "geometry": { "type": "Point", "coordinates": [ -80.758220569399498, -1.00513265769788 ] } },
{ "type": "Feature", "properties": { "id": 104735, "lote_id": 102576, "clavecatas": "5-07-02-10-000", "zona": "5", "sector": "07", "manzana": "02", "lote": "10", "ph": "000", "propietari": "VELEZ HOLGUIN JESSENIA MONSERRATE", "documentop": "1315334498", "direccion": "B. SAN RAMON", "area_m2": 1436.75, "frente_uti": 28.0, "frente_tot": 28.0, "avaluo_con": 7943.0, "avaluo_sue": 19396.13, "zonaurbano": "URBANA", "parroquia": "MANTA", "esta_bloqu": "NO", "es_tercera": "NO", "tiene_elec": "NO", "tiene_agua": "NO", "tiene_alca": "NO", "observacio": "SE CREA EL CODIGO CATASTRAL 5070210000 A FAVOR DE VELEZ HOLGUIN JESSENIA MONSERRATE POR PROCESO DE LEGALIZACION DE BIENES MOSTRENCOS.-SE ACTUALIZA INFORMACION CON ESCRITURA DE ADJ.CON PROH.DE ENAJ.INSCRITA EN EL REG.DE LA PROPIEDAD 02/14/2025 Y.C.S.-", "observac_1": null, "barrio": "CORREGIR", "parroquia_": 2, "barrio_id": 999, "proceso": 0, "fecha_regi": null, "activo_cat": "SI", "desactivad": 0, "avaluo_rem": 0.0, "avaluo_r_1": 0.0, "clasificac": "GENERAL", "anio_deuda": 0, "deuda": 0.0, "valor_ip": 0.0, "coactiva": null, "ficharegis": 87926, "etam": 0.1319105106, "diferencia": -26.1749786476, "porc_difer": -0.0182181859, "admisible": 1, "deuda_anio": 0.0, "2019_csv_c": null, "clavecat_1": null, "2021__csv_": null, "2021__csv1": null, "2022__csv_": "5-07-02-10-000", "2022__csv1": "064-14-09-2023", "Clavepre": "5-07-02-10-000", "RESOLUCION": "064-14-09-2023", "ORIG_FID": 508 }, "geometry": { "type": "Point", "coordinates": [ -80.758268534582839, -1.005388635644552 ] } },
{ "type": "Feature", "properties": { "id": 104841, "lote_id": 100458, "clavecatas": "5-07-06-30-000", "zona": "5", "sector": "07", "manzana": "06", "lote": "30", "ph": "000", "propietari": "QUIROZ BAILON HECTOR ARTURO", "documentop": "1313713883", "direccion": "SAN JUAN DE MANTA, SAN RAMON - CALLEJON PUBLICO", "area_m2": 1239.44, "frente_uti": 3.75, "frente_tot": 19.0, "avaluo_con": 30700.8, "avaluo_sue": 18591.6, "zonaurbano": "URBANA", "parroquia": "MANTA", "esta_bloqu": "NO", "es_tercera": "NO", "tiene_elec": "NO", "tiene_agua": "NO", "tiene_alca": "NO", "observacio": "ASIGNADO CODIGO POR MICHAEL VERA PARA LEGALIZAR A FAVOR DE QUIROZ BAILON HECTOR ARTURO 07/03/22 ARQ. LUPE LANDA - SE CORRIGE AREA POR PROCESO DE LEGALIZACION -SE ACTUALIZA INFORMACION CON ESCRITURA DE ADJ.CON PROH.DE ENAJ.INSCRITA EN EL REG.DE LA PROPIED", "observac_1": null, "barrio": "SAN JUAN", "parroquia_": 2, "barrio_id": 912, "proceso": 0, "fecha_regi": null, "activo_cat": "SI", "desactivad": 0, "avaluo_rem": 0.0, "avaluo_r_1": 0.0, "clasificac": "GENERAL", "anio_deuda": 0, "deuda": 0.0, "valor_ip": 0.0, "coactiva": null, "ficharegis": 87468, "etam": 0.1420225318, "diferencia": -4.3829181612000001, "porc_difer": -0.0035362084, "admisible": 1, "deuda_anio": 0.0, "2019_csv_c": null, "clavecat_1": null, "2021__csv_": null, "2021__csv1": null, "2022__csv_": "5-07-06-30-000", "2022__csv1": "064-14-09-2023", "Clavepre": "5-07-06-30-000", "RESOLUCION": "064-14-09-2023", "ORIG_FID": 509 }, "geometry": { "type": "Point", "coordinates": [ -80.757432314713895, -1.008981981606591 ] } },
{ "type": "Feature", "properties": { "id": 104852, "lote_id": 102577, "clavecatas": "5-07-06-45-000", "zona": "5", "sector": "07", "manzana": "06", "lote": "45", "ph": "000", "propietari": "VELEZ VELEZ JORGE LUIS", "documentop": "1316838182", "direccion": "B. SAN JUAN", "area_m2": 587.8, "frente_uti": 29.78, "frente_tot": 29.78, "avaluo_con": 37448.0, "avaluo_sue": 6427.59, "zonaurbano": "URBANA", "parroquia": "MANTA", "esta_bloqu": "NO", "es_tercera": "NO", "tiene_elec": "NO", "tiene_agua": "NO", "tiene_alca": "NO", "observacio": "SE CREA EL CODIGO CATASTRAL 5070645000 A FAVOR DE VELEZ VELEZ JORGE LUIS POR PROCESO DE LEGALIZACION DE BIENES MOSTRENCOS.-SE ACTUALIZA INFORMACION CON ESCRITURA DE ADJ.CON PROH.DE ENAJ.INSCRITA EN EL REG.DE LA PROPIEDAD 11/27/2024 Y.C.S.-", "observac_1": null, "barrio": "SAN JUAN", "parroquia_": 2, "barrio_id": 912, "proceso": 0, "fecha_regi": null, "activo_cat": "SI", "desactivad": 0, "avaluo_rem": 0.0, "avaluo_r_1": 0.0, "clasificac": "GENERAL", "anio_deuda": 0, "deuda": 0.0, "valor_ip": 0.0, "coactiva": null, "ficharegis": 87535, "etam": 0.1649852809, "diferencia": -8.1310522777000003, "porc_difer": -0.0138330253, "admisible": 1, "deuda_anio": 0.0, "2019_csv_c": null, "clavecat_1": null, "2021__csv_": null, "2021__csv1": null, "2022__csv_": "5-07-06-45-000", "2022__csv1": "064-14-09-2023", "Clavepre": "5-07-06-45-000", "RESOLUCION": "064-14-09-2023", "ORIG_FID": 510 }, "geometry": { "type": "Point", "coordinates": [ -80.760746415715559, -1.000650133514156 ] } },
{ "type": "Feature", "properties": { "id": 476, "lote_id": 405, "clavecatas": "1-01-27-02-000", "zona": "1", "sector": "01", "manzana": "27", "lote": "02", "ph": "000", "propietari": "EMPRESA PUBLICA CANTONAL DE AGUA POTABLE ALCANT.MANEJO PLUVI .", "documentop": "1360064440001", "direccion": "CALLE 1 Y 5", "area_m2": 2767.7, "frente_uti": 146.0, "frente_tot": 0.0, "avaluo_con": 74046.4, "avaluo_sue": 523095.3, "zonaurbano": "URBANA", "parroquia": "MANTA", "esta_bloqu": "NO", "es_tercera": "NO", "tiene_elec": "SI", "tiene_agua": "SI", "tiene_alca": "NO", "observacio": "SE ACTUALIZA AREA DE ACUERDO A INFORME TECNICO MTA-UGTT-INF-070320231221 21/03/2023\r\nSE ACTUALIZA SEGUN ESCRITURA INSCRITA EN EL REGISTRO DE LA PROPIEDAD. 18-09-2024_MVFCH", "observac_1": "- SE DA DE BAJA EN BASE A OBSERVACION DE AVALUOS Y CATASTRO. \" DAR DE BAJA VALORES POR ESTAR CATASTRADO COMO PROPIEDAD MUNICIPAL.- MEMORANDO 035-DGFM-AECV-2019-CON FECHA 23 DE MAYO DEL 2019\". Procesado Exitosamente: 2009", "barrio": "LA ENSENADITA - 8 DE ENERO", "parroquia_": 2, "barrio_id": 108, "proceso": 1, "fecha_regi": null, "activo_cat": "SI", "desactivad": 0, "avaluo_rem": 0.0, "avaluo_r_1": 0.0, "clasificac": "INSTITUCIONES PUBLICAS", "anio_deuda": 2026, "deuda": 1377.99, "valor_ip": 0.0, "coactiva": null, "ficharegis": 86949, "etam": 0.1140490688, "diferencia": -38.340036760799997, "porc_difer": -0.0138526707, "admisible": 1, "deuda_anio": 0.0, "2019_csv_c": null, "clavecat_1": null, "2021__csv_": null, "2021__csv1": null, "2022__csv_": "1-01-27-02-000", "2022__csv1": "651-16-03-2023", "Clavepre": "1-01-27-02-000", "RESOLUCION": "651-16-03-2023", "ORIG_FID": 512 }, "geometry": { "type": "Point", "coordinates": [ -80.721490003030738, -0.954611606508038 ] } }
]
}
