{
"type": "FeatureCollection",
"name": "2025_P",
"crs": { "type": "name", "properties": { "name": "urn:ogc:def:crs:OGC:1.3:CRS84" } },
"features": [
{ "type": "Feature", "properties": { "id": 54479, "lote_id": 39472, "clavecatas": "2-18-47-11-000", "zona": "2", "sector": "18", "manzana": "47", "lote": "11", "ph": "000", "propietari": "GOBIERNO AUTONOMO DESCENTRALIZADO  MUNICIPAL MANTA .", "documentop": "1360000980001", "direccion": "VILLAMARINA MZ 15 LOTE 02", "area_m2": 177.87, "frente_uti": 9.0, "frente_tot": 9.0, "avaluo_con": 3379.2, "avaluo_sue": 18676.35, "zonaurbano": "URBANA", "parroquia": "LOS ESTEROS", "esta_bloqu": "NO", "es_tercera": "NO", "tiene_elec": "SI", "tiene_agua": "SI", "tiene_alca": "NO", "observacio": "* AUTORIZADO :SE CREA EL PRESENTE CÓDIGO CATASTRAL MEDIANTE RESOLUCIÓN LEGISLATIVA N°. 448-24-03-2022, QUE DISPONE “AUTORIZAR LA TRANSFERENCIA DE DOMINIO DE 59 LOTES, Y DECLARAR, INCORPORAR AL PATRIMONIO MUNICIPAL, 122 LOTES DE TERRENO CONTENIDOS EN", "observac_1": null, "barrio": "VILLAMARINA", "parroquia_": 4, "barrio_id": 232, "proceso": 0, "fecha_regi": null, "activo_cat": "SI", "desactivad": 0, "avaluo_rem": 0.0, "avaluo_r_1": 0.0, "clasificac": "POR LEGALIZAR", "anio_deuda": 0, "deuda": 0.0, "valor_ip": 0.0, "coactiva": null, "ficharegis": 0, "etam": 0.0749805544, "diferencia": -0.0013180501, "porc_difer": -7.4102e-06, "admisible": 1, "deuda_anio": 0.0, "2024__csv_": "2-18-47-11-000", "2024__csv1": "522-04-12-2025", "Clavepre": "2-18-47-11-000", "RESOLUCION": "522-04-12-2025", "ORIG_FID": 0 }, "geometry": { "type": "Point", "coordinates": [ -80.670917541611033, -0.963184968723275 ] } },
{ "type": "Feature", "properties": { "id": 54480, "lote_id": 39473, "clavecatas": "2-18-47-12-000", "zona": "2", "sector": "18", "manzana": "47", "lote": "12", "ph": "000", "propietari": "GOBIERNO AUTONOMO DESCENTRALIZADO  MUNICIPAL MANTA .", "documentop": "1360000980001", "direccion": "VILLAMARINA MZ 15 LOTE 03", "area_m2": 182.5, "frente_uti": 9.0, "frente_tot": 0.0, "avaluo_con": 1782.45, "avaluo_sue": 19162.5, "zonaurbano": "URBANA", "parroquia": "LOS ESTEROS", "esta_bloqu": "NO", "es_tercera": "NO", "tiene_elec": "SI", "tiene_agua": "SI", "tiene_alca": "NO", "observacio": null, "observac_1": null, "barrio": "VILLAMARINA", "parroquia_": 4, "barrio_id": 232, "proceso": 0, "fecha_regi": null, "activo_cat": "SI", "desactivad": 0, "avaluo_rem": 0.0, "avaluo_r_1": 0.0, "clasificac": "POR LEGALIZAR", "anio_deuda": 0, "deuda": 0.0, "valor_ip": 0.0, "coactiva": null, "ficharegis": 0, "etam": 0.074023321, "diferencia": -0.0083252193, "porc_difer": -4.56176e-05, "admisible": 1, "deuda_anio": 0.0, "2024__csv_": "2-18-47-12-000", "2024__csv1": "522-04-12-2025", "Clavepre": "2-18-47-12-000", "RESOLUCION": "522-04-12-2025", "ORIG_FID": 1 }, "geometry": { "type": "Point", "coordinates": [ -80.67096071391677, -0.963260173766191 ] } },
{ "type": "Feature", "properties": { "id": 54481, "lote_id": 39474, "clavecatas": "2-18-47-13-000", "zona": "2", "sector": "18", "manzana": "47", "lote": "13", "ph": "000", "propietari": "GOBIERNO AUTONOMO DESCENTRALIZADO  MUNICIPAL MANTA .", "documentop": "1360000980001", "direccion": "VILLAMARINA MZ 15 LOTE 04", "area_m2": 152.4, "frente_uti": 8.1, "frente_tot": 8.1, "avaluo_con": 7755.25, "avaluo_sue": 16002.0, "zonaurbano": "URBANA", "parroquia": "LOS ESTEROS", "esta_bloqu": "NO", "es_tercera": "NO", "tiene_elec": "SI", "tiene_agua": "SI", "tiene_alca": "NO", "observacio": null, "observac_1": null, "barrio": "VILLAMARINA", "parroquia_": 4, "barrio_id": 232, "proceso": 0, "fecha_regi": null, "activo_cat": "SI", "desactivad": 0, "avaluo_rem": 0.0, "avaluo_r_1": 0.0, "clasificac": "POR LEGALIZAR", "anio_deuda": 0, "deuda": 0.0, "valor_ip": 0.0, "coactiva": null, "ficharegis": 0, "etam": 0.0810041961, "diferencia": -0.0038592079, "porc_difer": -2.53229e-05, "admisible": 1, "deuda_anio": 0.0, "2024__csv_": "2-18-47-13-000", "2024__csv1": "522-04-12-2025", "Clavepre": "2-18-47-13-000", "RESOLUCION": "522-04-12-2025", "ORIG_FID": 2 }, "geometry": { "type": "Point", "coordinates": [ -80.671001656616454, -0.963329346775269 ] } },
{ "type": "Feature", "properties": { "id": 54810, "lote_id": 39751, "clavecatas": "2-18-71-01-000", "zona": "2", "sector": "18", "manzana": "71", "lote": "01", "ph": "000", "propietari": "INTRIAGO QUIJIJE MILEYSHA JESSABEL", "documentop": "1352051948", "direccion": "LOT. VILLAMARINA MZ-X4  L#01", "area_m2": 245.77, "frente_uti": 32.25, "frente_tot": 32.25, "avaluo_con": 16775.04, "avaluo_sue": 15096.42, "zonaurbano": "URBANA", "parroquia": "LOS ESTEROS", "esta_bloqu": "NO", "es_tercera": "NO", "tiene_elec": "SI", "tiene_agua": "SI", "tiene_alca": "NO", "observacio": "CAMBIO DE MZ-JUNIO 21/2004 INF. LUIS L. MR SE INGRESA ESTE CODIGO CON EL LISTADO DE PROCESO DE LEGALIZACION EN BASE A LA FICHA REGISTRAL 73844, EN BASE A LA INFORMACION TOMADA EIN SITU.\r\nSE ACTUALIZA INFORMACIÓN CON ESCRITURA DE TRANSFERENCIA DE DOMINIO", "observac_1": null, "barrio": "VILLAMARINA", "parroquia_": 4, "barrio_id": 232, "proceso": 0, "fecha_regi": null, "activo_cat": "SI", "desactivad": 0, "avaluo_rem": 0.0, "avaluo_r_1": 0.0, "clasificac": "GENERAL", "anio_deuda": 2026, "deuda": 59.54, "valor_ip": 0.0, "coactiva": null, "ficharegis": 82883, "etam": 0.1275749953, "diferencia": -0.8256354309, "porc_difer": -0.0033593825, "admisible": 1, "deuda_anio": 0.0, "2024__csv_": "2-18-71-01-000", "2024__csv1": "420-05-06-2025", "Clavepre": "2-18-71-01-000", "RESOLUCION": "420-05-06-2025", "ORIG_FID": 3 }, "geometry": { "type": "Point", "coordinates": [ -80.669910022529322, -0.960668638374835 ] } },
{ "type": "Feature", "properties": { "id": 54983, "lote_id": 39885, "clavecatas": "2-18-84-05-000", "zona": "2", "sector": "18", "manzana": "84", "lote": "05", "ph": "000", "propietari": "VERA ANCHUNDIA CARMEN DEL JESUS", "documentop": "1305796136", "direccion": "VILLAMARINA MZ-Z4 LOTE 5", "area_m2": 179.14, "frente_uti": 9.9, "frente_tot": 9.9, "avaluo_con": 15506.44, "avaluo_sue": 10479.69, "zonaurbano": "URBANA", "parroquia": "LOS ESTEROS", "esta_bloqu": "NO", "es_tercera": "NO", "tiene_elec": "SI", "tiene_agua": "SI", "tiene_alca": "NO", "observacio": "SE INGRESA ESTE CODIGO CON EL LISTADO DE PROCESO DE LEGALIZACION EN BASE A LA FICHA REGISTRAL 73844, EN BASE A LA INFORMACION TOMADA EIN SITU.\r\nSE ACTUALIZA INFORMACIÓN CON ESCRITURA DE TRANSFERENCIA DE DOMINIO POR EXPROPIACIÓN INSCRITA EN EL REGISTRO", "observac_1": null, "barrio": "VILLAMARINA", "parroquia_": 4, "barrio_id": 232, "proceso": 0, "fecha_regi": null, "activo_cat": "SI", "desactivad": 0, "avaluo_rem": 0.0, "avaluo_r_1": 0.0, "clasificac": "GENERAL", "anio_deuda": 0, "deuda": 0.0, "valor_ip": 0.0, "coactiva": null, "ficharegis": 82889, "etam": 0.0747142971, "diferencia": -0.0068837743, "porc_difer": -3.84268e-05, "admisible": 1, "deuda_anio": 0.0, "2024__csv_": "2-18-84-05-000", "2024__csv1": "420-05-06-2025", "Clavepre": "2-18-84-05-000", "RESOLUCION": "420-05-06-2025", "ORIG_FID": 4 }, "geometry": { "type": "Point", "coordinates": [ -80.669243276972111, -0.959155122360533 ] } },
{ "type": "Feature", "properties": { "id": 54997, "lote_id": 39898, "clavecatas": "2-18-85-06-000", "zona": "2", "sector": "18", "manzana": "85", "lote": "06", "ph": "000", "propietari": "TUMBACO TOALA FERNANDO AGUSTIN", "documentop": "0917047409", "direccion": "VILLAMARINA MZ-Z3 LOTE- 06", "area_m2": 382.85, "frente_uti": 39.1, "frente_tot": 39.1, "avaluo_con": 415.73, "avaluo_sue": 26129.51, "zonaurbano": "URBANA", "parroquia": "LOS ESTEROS", "esta_bloqu": "NO", "es_tercera": "NO", "tiene_elec": "SI", "tiene_agua": "SI", "tiene_alca": "NO", "observacio": "SE TIENE QUE ACTUALZIAR AREA EN EL SISTEMA A 382.71M2 SE INGRESA ESTE CODIGO CON EL LISTADO DE PROCESO DE LEGALIZACION EN BASE A LA FICHA REGISTRAL 73844, EN BASE A LA INFORMACION TOMADA EIN SITU.\r\nSE ACTUALIZA INFORMACIÓN CON ESCRITURA DE TRANSFERENCIA", "observac_1": null, "barrio": "VILLAMARINA", "parroquia_": 4, "barrio_id": 232, "proceso": 0, "fecha_regi": null, "activo_cat": "SI", "desactivad": 0, "avaluo_rem": 0.0, "avaluo_r_1": 0.0, "clasificac": "GENERAL", "anio_deuda": 2026, "deuda": 60.19, "valor_ip": 0.0, "coactiva": null, "ficharegis": 82877, "etam": 0.1533228661, "diferencia": 0.13130719, "porc_difer": 0.0003429729, "admisible": 1, "deuda_anio": 0.0, "2024__csv_": "2-18-85-06-000", "2024__csv1": "420-05-06-2025", "Clavepre": "2-18-85-06-000", "RESOLUCION": "420-05-06-2025", "ORIG_FID": 5 }, "geometry": { "type": "Point", "coordinates": [ -80.669574850370623, -0.958861596754149 ] } },
{ "type": "Feature", "properties": { "id": 55004, "lote_id": 39905, "clavecatas": "2-18-86-01-000", "zona": "2", "sector": "18", "manzana": "86", "lote": "01", "ph": "000", "propietari": "MACIAS MURILLO MARIUXY MERCEDES", "documentop": "1311809170", "direccion": "VILLAMARINA MZ Z2 LOTE - 01", "area_m2": 193.0, "frente_uti": 10.0, "frente_tot": 10.0, "avaluo_con": 6274.15, "avaluo_sue": 11290.5, "zonaurbano": "URBANA", "parroquia": "LOS ESTEROS", "esta_bloqu": "NO", "es_tercera": "NO", "tiene_elec": "SI", "tiene_agua": "SI", "tiene_alca": "NO", "observacio": "SE INGRESA ESTE CODIGO CON EL LISTADO DE PROCESO DE LEGALIZACION EN BASE A LA FICHA REGISTRAL 73844, EN BASE A LA INFORMACION TOMADA EIN SITU.\r\nSE ACTUALIZA INFORMACIÓN CON ESCRITURA DE TRANSFERENCIA DE DOMINIO POR EXPROPIACIÓN INSCRITA EN EL REGISTRO", "observac_1": null, "barrio": "VILLAMARINA", "parroquia_": 4, "barrio_id": 232, "proceso": 0, "fecha_regi": null, "activo_cat": "SI", "desactivad": 0, "avaluo_rem": 0.0, "avaluo_r_1": 0.0, "clasificac": "GENERAL", "anio_deuda": 2026, "deuda": 37.83, "valor_ip": 0.0, "coactiva": null, "ficharegis": 82853, "etam": 0.0719815751, "diferencia": -1.71e-08, "porc_difer": -1e-10, "admisible": 1, "deuda_anio": 0.0, "2024__csv_": "2-18-86-01-000", "2024__csv1": "420-05-06-2025", "Clavepre": "2-18-86-01-000", "RESOLUCION": "420-05-06-2025", "ORIG_FID": 6 }, "geometry": { "type": "Point", "coordinates": [ -80.670198793987026, -0.959231253938232 ] } },
{ "type": "Feature", "properties": { "id": 55063, "lote_id": 39948, "clavecatas": "2-18-89-04-000", "zona": "2", "sector": "18", "manzana": "89", "lote": "04", "ph": "000", "propietari": "GOBIERNO AUTONOMO DESCENTRALIZADO MCPAL.DEL CANTON MANTA .", "documentop": "1360000980001", "direccion": "VILLAMARINA MZ Z7 LOTE - 4", "area_m2": 345.52, "frente_uti": 40.4, "frente_tot": 40.4, "avaluo_con": 41361.28, "avaluo_sue": 23581.74, "zonaurbano": "URBANA", "parroquia": "LOS ESTEROS", "esta_bloqu": "NO", "es_tercera": "NO", "tiene_elec": "SI", "tiene_agua": "SI", "tiene_alca": "NO", "observacio": "SE CORRIGE AREA DE ESTE CODIGO CON EL LISTADO DE PROCESO DE LEGALIZACION CON LA FICHA REGISTRAL 73844 EN BASE A LA INFORMACION TOMADA DEL SITIO POR LOS COMPAÑEROS 21/12/21 ARQ. LUPE LANDA..\r\nSE ACTUALIZA INFORMACIÓN CON ESCRITURA DE TRANSFERENCIA DE DO", "observac_1": null, "barrio": "VILLAMARINA", "parroquia_": 4, "barrio_id": 232, "proceso": 0, "fecha_regi": null, "activo_cat": "SI", "desactivad": 0, "avaluo_rem": 0.0, "avaluo_r_1": 0.0, "clasificac": "POR LEGALIZAR", "anio_deuda": 0, "deuda": 0.0, "valor_ip": 0.0, "coactiva": null, "ficharegis": 82959, "etam": 0.1613929869, "diferencia": 0.0018139005, "porc_difer": 5.2498e-06, "admisible": 1, "deuda_anio": 0.0, "2024__csv_": "2-18-89-04-000", "2024__csv1": "420-05-06-2025", "Clavepre": "2-18-89-04-000", "RESOLUCION": "420-05-06-2025", "ORIG_FID": 7 }, "geometry": { "type": "Point", "coordinates": [ -80.669553170960427, -0.95817680116146 ] } },
{ "type": "Feature", "properties": { "id": 53782, "lote_id": 100650, "clavecatas": "2-18-102-04-000", "zona": "2", "sector": "18", "manzana": "102", "lote": "04", "ph": "000", "propietari": "GOBIERNO AUTONOMO DESCENTRALIZADO  MUNICIPAL MANTA .", "documentop": "1360000980001", "direccion": "VILLAMARINA MZ 02 LOTE 04", "area_m2": 184.67, "frente_uti": 9.6, "frente_tot": 9.6, "avaluo_con": 2600.0, "avaluo_sue": 13296.24, "zonaurbano": "URBANA", "parroquia": "LOS ESTEROS", "esta_bloqu": "NO", "es_tercera": "NO", "tiene_elec": "SI", "tiene_agua": "SI", "tiene_alca": "SI", "observacio": "AUTORIZADO. SE CREA EL PRESENTE CÓDIGO CATASTRAL MEDIANTE RESOLUCIÓN LEGISLATIVA N°. 448-24-03-2022, QUE DISPONE “AUTORIZAR LA TRANSFERENCIA DE DOMINIO DE 59 LOTES, Y DECLARAR, INCORPORAR AL PATRIMONIO MUNICIPAL, 122 LOTES DE TERRENO CONTENIDOS EN E", "observac_1": null, "barrio": "VILLAMARINA", "parroquia_": 4, "barrio_id": 232, "proceso": 0, "fecha_regi": null, "activo_cat": "SI", "desactivad": 0, "avaluo_rem": 0.0, "avaluo_r_1": 0.0, "clasificac": "POR LEGALIZAR", "anio_deuda": 0, "deuda": 0.0, "valor_ip": 0.0, "coactiva": null, "ficharegis": 0, "etam": 0.0735871233, "diferencia": -0.0100309367, "porc_difer": -5.43182e-05, "admisible": 1, "deuda_anio": 0.0, "2024__csv_": "2-18-102-04-000", "2024__csv1": "522-04-12-2025", "Clavepre": "2-18-102-04-000", "RESOLUCION": "522-04-12-2025", "ORIG_FID": 8 }, "geometry": { "type": "Point", "coordinates": [ -80.668695785325227, -0.963289016436469 ] } },
{ "type": "Feature", "properties": { "id": 53797, "lote_id": 100230, "clavecatas": "2-18-103-02-000", "zona": "2", "sector": "18", "manzana": "103", "lote": "02", "ph": "000", "propietari": "DELGADO BAZURTO YANDRY JAVIER", "documentop": "1314928472", "direccion": "VILLAMARINA MZ. 103 LOTE 02", "area_m2": 218.33, "frente_uti": 10.0, "frente_tot": 20.0, "avaluo_con": 5537.46, "avaluo_sue": 12133.69, "zonaurbano": "URBANA", "parroquia": "LOS ESTEROS", "esta_bloqu": "NO", "es_tercera": "NO", "tiene_elec": "NO", "tiene_agua": "NO", "tiene_alca": "NO", "observacio": "INGRESO NUEVO DEL LISTADO DE PROCESO DE LEGALIZACION CON LA FICHA REGISTRAL 73844 EN BASE A LA INFORMACION TOMADA DEL SITIO POR LOS COMPAÑEROS 27/12/21 ARQ. LUPE LANDA.SE ACTUALIZA INFORMACIÓN CON ESCRITURA DE TRANSFERENCIA DE DOMINIO POR EXPROPIACIÓN", "observac_1": null, "barrio": "VILLAMARINA", "parroquia_": 4, "barrio_id": 232, "proceso": 0, "fecha_regi": null, "activo_cat": "SI", "desactivad": 0, "avaluo_rem": 0.0, "avaluo_r_1": 0.0, "clasificac": "GENERAL", "anio_deuda": 0, "deuda": 0.0, "valor_ip": 0.0, "coactiva": null, "ficharegis": 82923, "etam": 0.1353546837, "diferencia": -0.0083370921, "porc_difer": -3.81857e-05, "admisible": 1, "deuda_anio": 0.0, "2024__csv_": "2-18-103-02-000", "2024__csv1": "420-05-06-2025", "Clavepre": "2-18-103-02-000", "RESOLUCION": "420-05-06-2025", "ORIG_FID": 9 }, "geometry": { "type": "Point", "coordinates": [ -80.671085901624664, -0.958527083231832 ] } },
{ "type": "Feature", "properties": { "id": 53822, "lote_id": 100581, "clavecatas": "2-18-104-04-000", "zona": "2", "sector": "18", "manzana": "104", "lote": "04", "ph": "000", "propietari": "VELASQUEZ ZAMBRANO SILVIO RAFAEL", "documentop": "1313812594", "direccion": "VILLAMARINA MZ 09 LOTE 04", "area_m2": 188.0, "frente_uti": 9.8, "frente_tot": 9.8, "avaluo_con": 19600.0, "avaluo_sue": 10998.0, "zonaurbano": "URBANA", "parroquia": "LOS ESTEROS", "esta_bloqu": "NO", "es_tercera": "NO", "tiene_elec": "SI", "tiene_agua": "SI", "tiene_alca": "SI", "observacio": "* AUTORIZADO :SE CREA EL PRESENTE CÓDIGO CATASTRAL MEDIANTE RESOLUCIÓN LEGISLATIVA N°. 448-24-03-2022, QUE DISPONE “AUTORIZAR LA TRANSFERENCIA DE DOMINIO DE 59 LOTES, Y DECLARAR, INCORPORAR AL PATRIMONIO MUNICIPAL, 122 LOTES DE TERRENO CONTENIDOS EN", "observac_1": null, "barrio": "VILLAMARINA", "parroquia_": 4, "barrio_id": 232, "proceso": 0, "fecha_regi": null, "activo_cat": "SI", "desactivad": 0, "avaluo_rem": 0.0, "avaluo_r_1": 0.0, "clasificac": "POR LEGALIZAR", "anio_deuda": 0, "deuda": 0.0, "valor_ip": 0.0, "coactiva": null, "ficharegis": 88620, "etam": 0.0729324957, "diferencia": -0.8834592484, "porc_difer": -0.0046992513, "admisible": 1, "deuda_anio": 0.0, "2024__csv_": "2-18-104-04-000", "2024__csv1": "364-06-02-2025", "Clavepre": "2-18-104-04-000", "RESOLUCION": "364-06-02-2025", "ORIG_FID": 10 }, "geometry": { "type": "Point", "coordinates": [ -80.668298941624414, -0.958483901766764 ] } },
{ "type": "Feature", "properties": { "id": 53826, "lote_id": 100577, "clavecatas": "2-18-104-08-000", "zona": "2", "sector": "18", "manzana": "104", "lote": "08", "ph": "000", "propietari": "VELEZ MENDOZA BENITO YSMAEL", "documentop": "1306492768", "direccion": "VILLAMARINA MZ 09 LOTE 08", "area_m2": 189.85, "frente_uti": 9.9, "frente_tot": 9.9, "avaluo_con": 771.12, "avaluo_sue": 12340.25, "zonaurbano": "URBANA", "parroquia": "LOS ESTEROS", "esta_bloqu": "NO", "es_tercera": "NO", "tiene_elec": "SI", "tiene_agua": "SI", "tiene_alca": "SI", "observacio": "* AUTORIZADO :SE CREA EL PRESENTE CÓDIGO CATASTRAL MEDIANTE RESOLUCIÓN LEGISLATIVA N°. 448-24-03-2022, QUE DISPONE “AUTORIZAR LA TRANSFERENCIA DE DOMINIO DE 59 LOTES, Y DECLARAR, INCORPORAR AL PATRIMONIO MUNICIPAL, 122 LOTES DE TERRENO CONTENIDOS EN", "observac_1": null, "barrio": "VILLAMARINA", "parroquia_": 4, "barrio_id": 232, "proceso": 0, "fecha_regi": null, "activo_cat": "SI", "desactivad": 0, "avaluo_rem": 0.0, "avaluo_r_1": 0.0, "clasificac": "GENERAL", "anio_deuda": 0, "deuda": 0.0, "valor_ip": 0.0, "coactiva": null, "ficharegis": 88591, "etam": 0.0725762792, "diferencia": -0.0074386081, "porc_difer": -3.91815e-05, "admisible": 1, "deuda_anio": 0.0, "2024__csv_": "2-18-104-08-000", "2024__csv1": "364-06-02-2025", "Clavepre": "2-18-104-08-000", "RESOLUCION": "364-06-02-2025", "ORIG_FID": 11 }, "geometry": { "type": "Point", "coordinates": [ -80.668441311529619, -0.958817025475795 ] } },
{ "type": "Feature", "properties": { "id": 53832, "lote_id": 100611, "clavecatas": "2-18-104-14-000", "zona": "2", "sector": "18", "manzana": "104", "lote": "14", "ph": "000", "propietari": "GOBIERNO AUTONOMO DESCENTRALIZADO  MUNICIPAL MANTA .", "documentop": "1360000980001", "direccion": "B. VILLAMARINA MZ-09  LOTE-14", "area_m2": 189.84, "frente_uti": 10.0, "frente_tot": 10.0, "avaluo_con": 28975.59, "avaluo_sue": 11105.64, "zonaurbano": "URBANA", "parroquia": "LOS ESTEROS", "esta_bloqu": "NO", "es_tercera": "NO", "tiene_elec": "NO", "tiene_agua": "NO", "tiene_alca": "NO", "observacio": "* AUTORIZADO :SE CREA EL PRESENTE CÓDIGO CATASTRAL MEDIANTE RESOLUCIÓN LEGISLATIVA N°. 448-24-03-2022, QUE DISPONE “AUTORIZAR LA TRANSFERENCIA DE DOMINIO DE 59 LOTES, Y DECLARAR, INCORPORAR AL PATRIMONIO MUNICIPAL, 122 LOTES DE TERRENO CONTENIDOS EN", "observac_1": null, "barrio": "VILLAMARINA", "parroquia_": 4, "barrio_id": 232, "proceso": 0, "fecha_regi": null, "activo_cat": "SI", "desactivad": 0, "avaluo_rem": 0.0, "avaluo_r_1": 0.0, "clasificac": "POR LEGALIZAR", "anio_deuda": 0, "deuda": 0.0, "valor_ip": 0.0, "coactiva": null, "ficharegis": 0, "etam": 0.0725781907, "diferencia": -0.106280768, "porc_difer": -0.0005598439, "admisible": 1, "deuda_anio": 0.0, "2024__csv_": "2-18-104-14-000", "2024__csv1": "522-04-12-2025", "Clavepre": "2-18-104-14-000", "RESOLUCION": "522-04-12-2025", "ORIG_FID": 12 }, "geometry": { "type": "Point", "coordinates": [ -80.668594813976924, -0.95873925299517 ] } },
{ "type": "Feature", "properties": { "id": 53842, "lote_id": 100629, "clavecatas": "2-18-106-01-000", "zona": "2", "sector": "18", "manzana": "106", "lote": "01", "ph": "000", "propietari": "GOBIERNO AUTONOMO DESCENTRALIZADO  MUNICIPAL MANTA .", "documentop": "1360000980001", "direccion": "VILLAMARINA MZ-07  LOTE-1", "area_m2": 396.11, "frente_uti": 39.3, "frente_tot": 39.3, "avaluo_con": 24584.17, "avaluo_sue": 33273.24, "zonaurbano": "URBANA", "parroquia": "LOS ESTEROS", "esta_bloqu": "NO", "es_tercera": "NO", "tiene_elec": "NO", "tiene_agua": "NO", "tiene_alca": "NO", "observacio": "* AUTORIZADO :SE CREA EL PRESENTE CÓDIGO CATASTRAL MEDIANTE RESOLUCIÓN LEGISLATIVA N°. 448-24-03-2022, QUE DISPONE “AUTORIZAR LA TRANSFERENCIA DE DOMINIO DE 59 LOTES, Y DECLARAR, INCORPORAR AL PATRIMONIO MUNICIPAL, 122 LOTES DE TERRENO CONTENIDOS EN", "observac_1": null, "barrio": "VILLAMARINA", "parroquia_": 4, "barrio_id": 232, "proceso": 0, "fecha_regi": null, "activo_cat": "SI", "desactivad": 0, "avaluo_rem": 0.0, "avaluo_r_1": 0.0, "clasificac": "POR LEGALIZAR", "anio_deuda": 0, "deuda": 0.0, "valor_ip": 0.0, "coactiva": null, "ficharegis": 0, "etam": 0.1507347384, "diferencia": 9.9936403485999996, "porc_difer": 0.0252294573, "admisible": 1, "deuda_anio": 0.0, "2024__csv_": "2-18-106-01-000", "2024__csv1": "522-04-12-2025", "Clavepre": "2-18-106-01-000", "RESOLUCION": "522-04-12-2025", "ORIG_FID": 13 }, "geometry": { "type": "Point", "coordinates": [ -80.66841620998207, -0.959381561843907 ] } },
{ "type": "Feature", "properties": { "id": 53853, "lote_id": 100576, "clavecatas": "2-18-107-02-000", "zona": "2", "sector": "18", "manzana": "107", "lote": "02", "ph": "000", "propietari": "MACIAS CEDEÑO ROSANA ELIZABETH", "documentop": "1309892576", "direccion": "SECTOR - VILLAMARINA MZ-6 LOTE- 02", "area_m2": 158.88, "frente_uti": 20.6, "frente_tot": 20.6, "avaluo_con": 35440.47, "avaluo_sue": 11439.36, "zonaurbano": "URBANA", "parroquia": "LOS ESTEROS", "esta_bloqu": "NO", "es_tercera": "NO", "tiene_elec": "NO", "tiene_agua": "NO", "tiene_alca": "NO", "observacio": "* AUTORIZADO: SE CREA EL PRESENTE CÓDIGO CATASTRAL MEDIANTE RESOLUCIÓN LEGISLATIVA N°. MEDIANTE RESOLUCION448-24-03-2022, QUE DISPONE “AUTORIZAR LA TRANSFERENCIA DE DOMINIO DE 59 LOTES, Y DECLARAR, INCORPORAR AL PATRIMONIO MUNICIPAL, 122 LOTES DE TE", "observac_1": null, "barrio": "VILLAMARINA", "parroquia_": 4, "barrio_id": 232, "proceso": 0, "fecha_regi": null, "activo_cat": "SI", "desactivad": 0, "avaluo_rem": 0.0, "avaluo_r_1": 0.0, "clasificac": "GENERAL", "anio_deuda": 0, "deuda": 0.0, "valor_ip": 0.0, "coactiva": null, "ficharegis": 88448, "etam": 0.079335102, "diferencia": -0.0068265573, "porc_difer": -4.29668e-05, "admisible": 1, "deuda_anio": 0.0, "2024__csv_": "2-18-107-02-000", "2024__csv1": "364-06-02-2025", "Clavepre": "2-18-107-02-000", "RESOLUCION": "364-06-02-2025", "ORIG_FID": 14 }, "geometry": { "type": "Point", "coordinates": [ -80.668318826180993, -0.960173019323244 ] } },
{ "type": "Feature", "properties": { "id": 53871, "lote_id": 100602, "clavecatas": "2-18-108-01-000", "zona": "2", "sector": "18", "manzana": "108", "lote": "01", "ph": "000", "propietari": "MEJIA SUBIA CARLOS ALEXANDER", "documentop": "1354171355", "direccion": "VILLAMARINA MZ 04 LOTE 01", "area_m2": 200.85, "frente_uti": 29.33, "frente_tot": 29.33, "avaluo_con": 0.0, "avaluo_sue": 15184.26, "zonaurbano": "URBANA", "parroquia": "LOS ESTEROS", "esta_bloqu": "NO", "es_tercera": "NO", "tiene_elec": "SI", "tiene_agua": "SI", "tiene_alca": "SI", "observacio": "*AUTORIZADO:SE CREA EL PRESENTE CÓDIGO CATASTRAL MEDIANTE RESOLUCIÓN LEGISLATIVA N°. 448-24-03-2022, QUE DISPONE “AUTORIZAR LA TRANSFERENCIA DE DOMINIO DE 59 LOTES, Y DECLARAR, INCORPORAR AL PATRIMONIO MUNICIPAL, 122 LOTES DE TERRENO CONTENIDOS EN E", "observac_1": null, "barrio": "VILLAMARINA", "parroquia_": 4, "barrio_id": 232, "proceso": 0, "fecha_regi": null, "activo_cat": "SI", "desactivad": 0, "avaluo_rem": 0.0, "avaluo_r_1": 0.0, "clasificac": "GENERAL", "anio_deuda": 2026, "deuda": 9.37, "valor_ip": 0.0, "coactiva": null, "ficharegis": 88504, "etam": 0.1411217904, "diferencia": 0.2777874001, "porc_difer": 0.001383059, "admisible": 1, "deuda_anio": 0.0, "2024__csv_": "2-18-108-01-000", "2024__csv1": "364-06-02-2025", "Clavepre": "2-18-108-01-000", "RESOLUCION": "364-06-02-2025", "ORIG_FID": 15 }, "geometry": { "type": "Point", "coordinates": [ -80.668269732402266, -0.962550885283492 ] } },
{ "type": "Feature", "properties": { "id": 53880, "lote_id": 106134, "clavecatas": "2-18-108-10-000", "zona": "2", "sector": "18", "manzana": "108", "lote": "10", "ph": "000", "propietari": "MOREIRA RIVAS GISSELA ROXANA", "documentop": "1314391010", "direccion": "VILLAMARINA MZ 04 LOTE 10", "area_m2": 211.46, "frente_uti": 29.75, "frente_tot": 29.75, "avaluo_con": 2040.34, "avaluo_sue": 15225.12, "zonaurbano": "URBANA", "parroquia": "LOS ESTEROS", "esta_bloqu": "NO", "es_tercera": "NO", "tiene_elec": "SI", "tiene_agua": "SI", "tiene_alca": "SI", "observacio": "SE ACTUALIZA INF CON ESCRITURA DE ADJUDICACION INSCRITA EN EL REG. DE LA PROPIEDAD. 09/05/2025 GGV", "observac_1": null, "barrio": "VILLAMARINA", "parroquia_": 4, "barrio_id": 232, "proceso": 0, "fecha_regi": null, "activo_cat": "SI", "desactivad": 0, "avaluo_rem": 0.0, "avaluo_r_1": 0.0, "clasificac": "GENERAL", "anio_deuda": 0, "deuda": 0.0, "valor_ip": 0.0, "coactiva": null, "ficharegis": 88446, "etam": 0.1375358392, "diferencia": 3.282892151, "porc_difer": 0.0155248849, "admisible": 1, "deuda_anio": 0.0, "2024__csv_": "2-18-108-10-000", "2024__csv1": "364-06-02-2025", "Clavepre": "2-18-108-10-000", "RESOLUCION": "364-06-02-2025", "ORIG_FID": 16 }, "geometry": { "type": "Point", "coordinates": [ -80.668364864895551, -0.962517464416519 ] } },
{ "type": "Feature", "properties": { "id": 74097, "lote_id": 56279, "clavecatas": "3-11-06-04-000", "zona": "3", "sector": "11", "manzana": "06", "lote": "04", "ph": "000", "propietari": "SALTOS MACIAS ELENA DEL JESUS -", "documentop": "1306422054", "direccion": "BARRIO SIMÓN BOLIVAR , MZ 05 LOTE 22", "area_m2": 263.12, "frente_uti": 11.2, "frente_tot": 11.2, "avaluo_con": 13908.8, "avaluo_sue": 24746.44, "zonaurbano": "URBANA", "parroquia": "ELOY ALFARO", "esta_bloqu": "NO", "es_tercera": "NO", "tiene_elec": "NO", "tiene_agua": "NO", "tiene_alca": "NO", "observacio": "SE CREA EL PRESENTE CÓDIGO CATASTRAL CON FINES DE LEGALIZACIÓN DE UN LOTE DE TERRENO UBICADO EN BARRIO SIMON BOLIVAR DE LA PARROQUIA ELOY ALFARO, MEDIANTE INFORME DEL PROCESO 118 PREDIOS DE LA UNIDAD DE GESTIÓN Y TITULARIZACION DE TIERRAS, EN EL MARCO", "observac_1": null, "barrio": "SIMON BOLIVAR", "parroquia_": 5, "barrio_id": 349, "proceso": 1, "fecha_regi": null, "activo_cat": "SI", "desactivad": 0, "avaluo_rem": 0.0, "avaluo_r_1": 0.0, "clasificac": "GENERAL", "anio_deuda": 2026, "deuda": 58.26, "valor_ip": 0.0, "coactiva": null, "ficharegis": 90540, "etam": 0.1232971578, "diferencia": -0.0011188638, "porc_difer": -4.2523e-06, "admisible": 1, "deuda_anio": 0.0, "2024__csv_": "3-11-06-04-000", "2024__csv1": "452-07-08-2025", "Clavepre": "3-11-06-04-000", "RESOLUCION": "452-07-08-2025", "ORIG_FID": 17 }, "geometry": { "type": "Point", "coordinates": [ -80.701621679189103, -0.974010352013789 ] } },
{ "type": "Feature", "properties": { "id": 74625, "lote_id": 107296, "clavecatas": "3-11-31-25-000", "zona": "3", "sector": "11", "manzana": "31", "lote": "25", "ph": "000", "propietari": "GOBIERNO AUTONOMO DESCENTRALIZADO  MUNICIPAL MANTA .", "documentop": "1360000980001", "direccion": "BARRIO SANTA CLARA 2  - MZ 25 LOTE 20", "area_m2": 146.26, "frente_uti": 2.0, "frente_tot": 2.2, "avaluo_con": 5616.0, "avaluo_sue": 12505.23, "zonaurbano": "URBANA", "parroquia": "ELOY ALFARO", "esta_bloqu": "NO", "es_tercera": "NO", "tiene_elec": "SI", "tiene_agua": "SI", "tiene_alca": "SI", "observacio": null, "observac_1": null, "barrio": "SANTA CLARA 2", "parroquia_": 5, "barrio_id": 1082, "proceso": 0, "fecha_regi": null, "activo_cat": "SI", "desactivad": 0, "avaluo_rem": 0.0, "avaluo_r_1": 0.0, "clasificac": "POR LEGALIZAR", "anio_deuda": 0, "deuda": 0.0, "valor_ip": 0.0, "coactiva": null, "ficharegis": 0, "etam": 0.0826869962, "diferencia": -0.0034132512, "porc_difer": -2.33369e-05, "admisible": 1, "deuda_anio": 0.0, "2024__csv_": "3-11-31-25-000", "2024__csv1": "474-18-09-2025", "Clavepre": "3-11-31-25-000", "RESOLUCION": "474-18-09-2025", "ORIG_FID": 18 }, "geometry": { "type": "Point", "coordinates": [ -80.704151233077269, -0.975644621550577 ] } },
{ "type": "Feature", "properties": { "id": 74693, "lote_id": 56806, "clavecatas": "3-11-36-03-000", "zona": "3", "sector": "11", "manzana": "36", "lote": "03", "ph": "000", "propietari": "GOBIERNO AUTONOMO DESCENTRALIZADO  MUNICIPAL MANTA .", "documentop": "1360000980001", "direccion": "BARRIO SANTA CLARA 2, MZ 34 LOTE 01 - AV. 208 Y CALLE 317", "area_m2": 259.26, "frente_uti": 31.7, "frente_tot": 11.9, "avaluo_con": 19947.09, "avaluo_sue": 20416.73, "zonaurbano": "URBANA", "parroquia": "ELOY ALFARO", "esta_bloqu": "NO", "es_tercera": "NO", "tiene_elec": "SI", "tiene_agua": "SI", "tiene_alca": "SI", "observacio": "SE CREA EL CÓDIGO CATASTRAL A FAVOR DE LASCANO VASQUEZ ANICIO SEGUNDO, CI. 1301949614 POR DECRETO LEGISLATIVO 032-1986 DEL 16 DE MAYO DE DE 1986 PUBLICADO EN EL REGISTRO OFICIAL N°438 DEL 19 DE MAYO DE 1986.", "observac_1": null, "barrio": "SANTA CLARA 2", "parroquia_": 5, "barrio_id": 1082, "proceso": 1, "fecha_regi": null, "activo_cat": "SI", "desactivad": 0, "avaluo_rem": 0.0, "avaluo_r_1": 0.0, "clasificac": "POR LEGALIZAR", "anio_deuda": 0, "deuda": 0.0, "valor_ip": 0.0, "coactiva": "AUTO", "ficharegis": 0, "etam": 0.1242116232, "diferencia": -0.0014015717, "porc_difer": -5.406e-06, "admisible": 1, "deuda_anio": 0.0, "2024__csv_": "3-11-36-03-000", "2024__csv1": "377-06-03-2025", "Clavepre": "3-11-36-03-000", "RESOLUCION": "377-06-03-2025", "ORIG_FID": 19 }, "geometry": { "type": "Point", "coordinates": [ -80.705442016171375, -0.97510145931424 ] } },
{ "type": "Feature", "properties": { "id": 75282, "lote_id": 107300, "clavecatas": "3-11-65-26-000", "zona": "3", "sector": "11", "manzana": "65", "lote": "26", "ph": "000", "propietari": "GOBIERNO AUTONOMO DESCENTRALIZADO  MUNICIPAL MANTA .", "documentop": "1360000980001", "direccion": "BARRIO 1 DE MAYO - MZ 67 LOTE 02-C", "area_m2": 68.47, "frente_uti": 8.25, "frente_tot": 8.25, "avaluo_con": 2808.0, "avaluo_sue": 6162.3, "zonaurbano": "URBANA", "parroquia": "ELOY ALFARO", "esta_bloqu": "NO", "es_tercera": "NO", "tiene_elec": "SI", "tiene_agua": "SI", "tiene_alca": "SI", "observacio": null, "observac_1": null, "barrio": "1 DE MAYO", "parroquia_": 5, "barrio_id": 1068, "proceso": 0, "fecha_regi": null, "activo_cat": "SI", "desactivad": 0, "avaluo_rem": 0.0, "avaluo_r_1": 0.0, "clasificac": "POR LEGALIZAR", "anio_deuda": 0, "deuda": 0.0, "valor_ip": 0.0, "coactiva": null, "ficharegis": 0, "etam": 0.1, "diferencia": -0.2097989604, "porc_difer": -0.0030641005, "admisible": 1, "deuda_anio": 0.0, "2024__csv_": "3-11-65-26-000", "2024__csv1": "474-18-09-2025", "Clavepre": "3-11-65-26-000", "RESOLUCION": "474-18-09-2025", "ORIG_FID": 20 }, "geometry": { "type": "Point", "coordinates": [ -80.704445062985172, -0.979138156569666 ] } },
{ "type": "Feature", "properties": { "id": 75283, "lote_id": 107299, "clavecatas": "3-11-65-27-000", "zona": "3", "sector": "11", "manzana": "65", "lote": "27", "ph": "000", "propietari": "GOBIERNO AUTONOMO DESCENTRALIZADO  MUNICIPAL MANTA .", "documentop": "1360000980001", "direccion": "BARRIO 1 DE MAYO - MZ 67 LOTE 02-D", "area_m2": 76.86, "frente_uti": 8.21, "frente_tot": 8.21, "avaluo_con": 7381.3, "avaluo_sue": 6917.4, "zonaurbano": "URBANA", "parroquia": "ELOY ALFARO", "esta_bloqu": "NO", "es_tercera": "NO", "tiene_elec": "SI", "tiene_agua": "SI", "tiene_alca": "SI", "observacio": null, "observac_1": null, "barrio": "1 DE MAYO", "parroquia_": 5, "barrio_id": 1068, "proceso": 0, "fecha_regi": null, "activo_cat": "SI", "desactivad": 0, "avaluo_rem": 0.0, "avaluo_r_1": 0.0, "clasificac": "POR LEGALIZAR", "anio_deuda": 0, "deuda": 0.0, "valor_ip": 0.0, "coactiva": null, "ficharegis": 0, "etam": 0.1, "diferencia": -0.0078000297, "porc_difer": -0.0001014836, "admisible": 1, "deuda_anio": 0.0, "2024__csv_": "3-11-65-27-000", "2024__csv1": "474-18-09-2025", "Clavepre": "3-11-65-27-000", "RESOLUCION": "474-18-09-2025", "ORIG_FID": 21 }, "geometry": { "type": "Point", "coordinates": [ -80.704482724139297, -0.979223403521868 ] } },
{ "type": "Feature", "properties": { "id": 75397, "lote_id": 103014, "clavecatas": "3-11-69-54-000", "zona": "3", "sector": "11", "manzana": "69", "lote": "54", "ph": "000", "propietari": "GOBIERNO AUTONOMO DESCENTRALIZADO  MUNICIPAL MANTA .", "documentop": "1360000980001", "direccion": "FLORESTAL 2, CALLE 318, MZ 76 LOTE 01-A", "area_m2": 84.09, "frente_uti": 7.3, "frente_tot": 7.3, "avaluo_con": 5008.32, "avaluo_sue": 7568.1, "zonaurbano": "URBANA", "parroquia": "ELOY ALFARO", "esta_bloqu": "NO", "es_tercera": "NO", "tiene_elec": "NO", "tiene_agua": "NO", "tiene_alca": "NO", "observacio": "SE CREA EL PRESENTE CÓDIGO CATASTRAL CON FINES DE LEGALIZACIÓN A FAVOR DE VANEGAS LLITARDO DOLORES MARGARITA Y GARCÍA RIVAS IVAN JAVIER, POSESIONARIOS DE UN LOTE DE TERRENO UBICADO EN FLORESTAL 2 DE LA PARROQUIA ELOY ALFARO, MEDIANTE INFORME DEL PROCE", "observac_1": null, "barrio": "FLORESTAL 2", "parroquia_": 5, "barrio_id": 1085, "proceso": 0, "fecha_regi": null, "activo_cat": "SI", "desactivad": 0, "avaluo_rem": 0.0, "avaluo_r_1": 0.0, "clasificac": "POR LEGALIZAR", "anio_deuda": 0, "deuda": 0.0, "valor_ip": 0.0, "coactiva": null, "ficharegis": 0, "etam": 0.1, "diferencia": -0.0010636799, "porc_difer": -1.26493e-05, "admisible": 1, "deuda_anio": 0.0, "2024__csv_": "3-11-69-54-000", "2024__csv1": "452-07-08-2025", "Clavepre": "3-11-69-54-000", "RESOLUCION": "452-07-08-2025", "ORIG_FID": 22 }, "geometry": { "type": "Point", "coordinates": [ -80.706108155948172, -0.979027195222144 ] } },
{ "type": "Feature", "properties": { "id": 75496, "lote_id": 110009, "clavecatas": "3-11-72-28-000", "zona": "3", "sector": "11", "manzana": "72", "lote": "28", "ph": "000", "propietari": "GOBIERNO AUTONOMO DESCENTRALIZADO  MUNICIPAL MANTA .", "documentop": "1360000980001", "direccion": "BARRIO NUEVA ESPERANZA - MZ 79 LOTE 15-B", "area_m2": 57.15, "frente_uti": 1.45, "frente_tot": 1.45, "avaluo_con": 0.0, "avaluo_sue": 11430.0, "zonaurbano": "URBANA", "parroquia": "ELOY ALFARO", "esta_bloqu": "NO", "es_tercera": "NO", "tiene_elec": "NO", "tiene_agua": "NO", "tiene_alca": "NO", "observacio": null, "observac_1": null, "barrio": "NUEVA ESPERANZA", "parroquia_": 5, "barrio_id": 414, "proceso": 0, "fecha_regi": null, "activo_cat": "SI", "desactivad": 0, "avaluo_rem": 0.0, "avaluo_r_1": 0.0, "clasificac": "POR LEGALIZAR", "anio_deuda": 0, "deuda": 0.0, "valor_ip": 0.0, "coactiva": null, "ficharegis": 0, "etam": 0.1, "diferencia": -23.6663021104, "porc_difer": -0.4141085234, "admisible": 0, "deuda_anio": 0.0, "2024__csv_": "3-11-72-28-000", "2024__csv1": "377-06-03-2025", "Clavepre": "3-11-72-28-000", "RESOLUCION": "377-06-03-2025", "ORIG_FID": 23 }, "geometry": { "type": "Point", "coordinates": [ -80.704687068824285, -0.979801734942433 ] } },
{ "type": "Feature", "properties": { "id": 76161, "lote_id": 106246, "clavecatas": "3-12-26-23-000", "zona": "3", "sector": "12", "manzana": "26", "lote": "23", "ph": "000", "propietari": "GOBIERNO AUTONOMO DESCENTRALIZADO  MUNICIPAL MANTA .", "documentop": "1360000980001", "direccion": "BARRIO SANTA LUCIA, MZ 124 LOTE 07-E - CALLE 316", "area_m2": 76.77, "frente_uti": 1.4, "frente_tot": 1.4, "avaluo_con": 3523.6, "avaluo_sue": 5680.98, "zonaurbano": "URBANA", "parroquia": "ELOY ALFARO", "esta_bloqu": "NO", "es_tercera": "NO", "tiene_elec": "SI", "tiene_agua": "SI", "tiene_alca": "SI", "observacio": "SE CREA EL CÓDIGO CATASTRAL A FAVOR DE GILER MOREIRA JESSICA NARCISA 1309646980 POR DECRETO LEGISLATIVO 032-1986 DEL 16 DE MAYO DE DE 1986 PUBLICADO EN EL REGISTRO OFICIAL N°438 DEL 19 DE MAYO DE 1986.- SE ACTUALIZA INF EN BASE A ECRITURA DE ADJUDICACI", "observac_1": null, "barrio": "SANTA LUCIA", "parroquia_": 5, "barrio_id": 1087, "proceso": 0, "fecha_regi": null, "activo_cat": "SI", "desactivad": 0, "avaluo_rem": 0.0, "avaluo_r_1": 0.0, "clasificac": "POR LEGALIZAR", "anio_deuda": 0, "deuda": 0.0, "valor_ip": 0.0, "coactiva": null, "ficharegis": 88615, "etam": 0.1, "diferencia": 0.1555549196, "porc_difer": 0.0020262462, "admisible": 1, "deuda_anio": 0.0, "2024__csv_": "3-12-26-23-000", "2024__csv1": "377-06-03-2025", "Clavepre": "3-12-26-23-000", "RESOLUCION": "377-06-03-2025", "ORIG_FID": 24 }, "geometry": { "type": "Point", "coordinates": [ -80.708003307749991, -0.982611210734779 ] } },
{ "type": "Feature", "properties": { "id": 76879, "lote_id": 89770, "clavecatas": "3-13-15-14-000", "zona": "3", "sector": "13", "manzana": "15", "lote": "14", "ph": "000", "propietari": "GOBIERNO AUTONOMO DESCENTRALIZADO  MUNICIPAL MANTA .", "documentop": "1360000980001", "direccion": "NUEVA ESPERANZA MZ.5 LOTE # 37", "area_m2": 54.64, "frente_uti": 4.3, "frente_tot": 4.3, "avaluo_con": 4099.2, "avaluo_sue": 4098.0, "zonaurbano": "URBANA", "parroquia": "ELOY ALFARO", "esta_bloqu": "NO", "es_tercera": "NO", "tiene_elec": "SI", "tiene_agua": "SI", "tiene_alca": "NO", "observacio": "SE ING.PARA LEGALIZACIÓN A FAVOR DE CATAGUA TIGUA VIRGINIA MARISOL-INF.PUM.EM.X ARQ.GUSTAVO CEDEÑO 08/AGOS/2016-CANC.PREDIOS CON C.C.3131507 HASTA 1993-INF.F.V.V-22/09/2016 - Cambio de Clasificación: Memorando MTA-DFIN-MEM-160920211226, trámite TE090", "observac_1": null, "barrio": "NUEVA ESPERANZA", "parroquia_": 5, "barrio_id": 414, "proceso": 1, "fecha_regi": null, "activo_cat": "SI", "desactivad": 0, "avaluo_rem": 0.0, "avaluo_r_1": 0.0, "clasificac": "PROPIEDADES MUNICIPALES", "anio_deuda": 0, "deuda": 0.0, "valor_ip": 0.0, "coactiva": null, "ficharegis": 0, "etam": 0.1, "diferencia": -9.9748556830999995, "porc_difer": -0.1825559239, "admisible": 0, "deuda_anio": 0.0, "2024__csv_": "3-13-15-14-000", "2024__csv1": "474-18-09-2025", "Clavepre": "3-13-15-14-000", "RESOLUCION": "474-18-09-2025", "ORIG_FID": 25 }, "geometry": { "type": "Point", "coordinates": [ -80.712800744921608, -0.98771057656913 ] } },
{ "type": "Feature", "properties": { "id": 76949, "lote_id": 89620, "clavecatas": "3-13-18-46-000", "zona": "3", "sector": "13", "manzana": "18", "lote": "46", "ph": "000", "propietari": "GOBIERNO AUTONOMO DESCENTRALIZADO  MUNICIPAL MANTA ..", "documentop": "1360000980001", "direccion": "NUEVA ESPERANZA MZ-47 LOTE # 45", "area_m2": 416.67, "frente_uti": 46.0, "frente_tot": 46.0, "avaluo_con": 25552.0, "avaluo_sue": 30000.24, "zonaurbano": "URBANA", "parroquia": "ELOY ALFARO", "esta_bloqu": "NO", "es_tercera": "NO", "tiene_elec": "SI", "tiene_agua": "SI", "tiene_alca": "NO", "observacio": "INGRESO NUEVO PARA LEGALIZAR 22/08/16 LLCH. - CAMBIO DE CLASIFICACIÓN: MEMORANDO MTA-DFIN-MEM-160920211226, TRÁMITE TE090920211550 EN BASE A ART. 509 DEL COOTAD. MANTIENE UNA POSESIÓN CON ÁNIMOS DE SEÑOR Y DUEÑO A FAVOR DE (VERA GUADAMUD PEDRO ARTU", "observac_1": null, "barrio": "NUEVA ESPERANZA", "parroquia_": 5, "barrio_id": 414, "proceso": 1, "fecha_regi": null, "activo_cat": "SI", "desactivad": 0, "avaluo_rem": 0.0, "avaluo_r_1": 0.0, "clasificac": "PROPIEDADES MUNICIPALES", "anio_deuda": 0, "deuda": 0.0, "valor_ip": 0.0, "coactiva": null, "ficharegis": 0, "etam": 0.1469687967, "diferencia": -0.0374867709, "porc_difer": -8.99675e-05, "admisible": 1, "deuda_anio": 0.0, "2024__csv_": "3-13-18-46-000", "2024__csv1": "474-18-09-2025", "Clavepre": "3-13-18-46-000", "RESOLUCION": "474-18-09-2025", "ORIG_FID": 26 }, "geometry": { "type": "Point", "coordinates": [ -80.711625868791046, -0.987822799739247 ] } },
{ "type": "Feature", "properties": { "id": 76953, "lote_id": 106609, "clavecatas": "3-13-18-50-000", "zona": "3", "sector": "13", "manzana": "18", "lote": "50", "ph": "000", "propietari": "GOBIERNO AUTONOMO DESCENTRALIZADO  MUNICIPAL MANTA .", "documentop": "1360000980001", "direccion": "PARROQUIA ELOY ALFARO, B. NUEVA ESPERANZA CALLE 2 ENTRE AVENIDA 02-A Y AVENIDA 03; MANZANA 47, LOTE # 54", "area_m2": 152.82, "frente_uti": 6.6, "frente_tot": 6.6, "avaluo_con": 2550.41, "avaluo_sue": 9902.74, "zonaurbano": "URBANA", "parroquia": "ELOY ALFARO", "esta_bloqu": "NO", "es_tercera": "NO", "tiene_elec": "SI", "tiene_agua": "SI", "tiene_alca": "NO", "observacio": "SE ASIGNA LA PRESENTE C.C. 3-13-18-50-000 PARA INGRESO AL PROCESO DE LEGALIZACION QUIEN MANTIENE UNA POSESIÓN CON ÁNIMOS DE SEÑOR Y DUEÑO, A FAVOR DE (GUADAMUD EDDA BRIGIDA) CON C.I.: (1300726369). UBICADO EN LA PARROQUIA ELOY ALFARO, B. NUEVA ESPERA", "observac_1": null, "barrio": "NUEVA ESPERANZA", "parroquia_": 5, "barrio_id": 414, "proceso": 0, "fecha_regi": null, "activo_cat": "SI", "desactivad": 0, "avaluo_rem": 0.0, "avaluo_r_1": 0.0, "clasificac": "POR LEGALIZAR", "anio_deuda": 0, "deuda": 0.0, "valor_ip": 0.0, "coactiva": null, "ficharegis": 0, "etam": 0.0808928064, "diferencia": -0.0040753293, "porc_difer": -2.66675e-05, "admisible": 1, "deuda_anio": 0.0, "2024__csv_": "3-13-18-50-000", "2024__csv1": "474-18-09-2025", "Clavepre": "3-13-18-50-000", "RESOLUCION": "474-18-09-2025", "ORIG_FID": 27 }, "geometry": { "type": "Point", "coordinates": [ -80.711599492102422, -0.987948423272009 ] } },
{ "type": "Feature", "properties": { "id": 76989, "lote_id": 110020, "clavecatas": "3-13-19-40-000", "zona": "3", "sector": "13", "manzana": "19", "lote": "40", "ph": "000", "propietari": "GOBIERNO AUTONOMO DESCENTRALIZADO  MUNICIPAL MANTA .", "documentop": "1360000980001", "direccion": "BARRIO NUEVA ESPERANZA MZ 27, LOTE 31", "area_m2": 143.64, "frente_uti": 8.0, "frente_tot": 8.0, "avaluo_con": 0.0, "avaluo_sue": 10773.0, "zonaurbano": "URBANA", "parroquia": "ELOY ALFARO", "esta_bloqu": "NO", "es_tercera": "NO", "tiene_elec": "SI", "tiene_agua": "SI", "tiene_alca": "SI", "observacio": null, "observac_1": null, "barrio": "NUEVA ESPERANZA", "parroquia_": 5, "barrio_id": 414, "proceso": 0, "fecha_regi": null, "activo_cat": "SI", "desactivad": 0, "avaluo_rem": 0.0, "avaluo_r_1": 0.0, "clasificac": "POR LEGALIZAR", "anio_deuda": 0, "deuda": 0.0, "valor_ip": 0.0, "coactiva": null, "ficharegis": 0, "etam": 0.0834376957, "diferencia": -0.0003999217, "porc_difer": -2.7842e-06, "admisible": 1, "deuda_anio": 0.0, "2024__csv_": "3-13-19-40-000", "2024__csv1": "474-18-09-2025", "Clavepre": "3-13-19-40-000", "RESOLUCION": "474-18-09-2025", "ORIG_FID": 28 }, "geometry": { "type": "Point", "coordinates": [ -80.710722105015208, -0.987487987739123 ] } },
{ "type": "Feature", "properties": { "id": 77074, "lote_id": 106739, "clavecatas": "3-13-25-06-000", "zona": "3", "sector": "13", "manzana": "25", "lote": "06", "ph": "000", "propietari": "GOBIERNO AUTONOMO DESCENTRALIZADO  MUNICIPAL MANTA .", "documentop": "1360000980001", "direccion": "NUEVA ESPERANZA MZ 13 LOTE 06", "area_m2": 40.5, "frente_uti": 4.5, "frente_tot": 4.5, "avaluo_con": 15940.8, "avaluo_sue": 2835.0, "zonaurbano": "URBANA", "parroquia": "ELOY ALFARO", "esta_bloqu": "NO", "es_tercera": "NO", "tiene_elec": "SI", "tiene_agua": "SI", "tiene_alca": "NO", "observacio": "SE CREA EL CÓDIGO CATASTRAL A FAVOR DE GAD MANTA, POR DECRETO LEGISLATIVO 032-1986 DEL 16 DE MAYO DE DE 1986 PUBLICADO EN EL REGISTRO OFICIAL N°438 DEL 19 DE MAYO DE 1986.", "observac_1": null, "barrio": "NUEVA ESPERANZA", "parroquia_": 5, "barrio_id": 414, "proceso": 0, "fecha_regi": null, "activo_cat": "SI", "desactivad": 0, "avaluo_rem": 0.0, "avaluo_r_1": 0.0, "clasificac": "POR LEGALIZAR", "anio_deuda": 0, "deuda": 0.0, "valor_ip": 0.0, "coactiva": null, "ficharegis": 0, "etam": 0.1, "diferencia": 0.0030855001, "porc_difer": 7.61852e-05, "admisible": 1, "deuda_anio": 0.0, "2024__csv_": "3-13-25-06-000", "2024__csv1": "474-18-09-2025", "Clavepre": "3-13-25-06-000", "RESOLUCION": "474-18-09-2025", "ORIG_FID": 29 }, "geometry": { "type": "Point", "coordinates": [ -80.713060363701686, -0.984946613602372 ] } },
{ "type": "Feature", "properties": { "id": 77132, "lote_id": 107295, "clavecatas": "3-13-31-11-000", "zona": "3", "sector": "13", "manzana": "31", "lote": "11", "ph": "000", "propietari": "GOBIERNO AUTONOMO DESCENTRALIZADO  MUNICIPAL MANTA .", "documentop": "1360000980001", "direccion": "BARRIO NUEVA ESPERANZA - MZ 31 LOTE 05-A", "area_m2": 163.91, "frente_uti": 9.8, "frente_tot": 9.8, "avaluo_con": 5947.8, "avaluo_sue": 11063.93, "zonaurbano": "URBANA", "parroquia": "ELOY ALFARO", "esta_bloqu": "NO", "es_tercera": "NO", "tiene_elec": "NO", "tiene_agua": "NO", "tiene_alca": "NO", "observacio": null, "observac_1": null, "barrio": "NUEVA ESPERANZA", "parroquia_": 5, "barrio_id": 414, "proceso": 0, "fecha_regi": null, "activo_cat": "SI", "desactivad": 0, "avaluo_rem": 0.0, "avaluo_r_1": 0.0, "clasificac": "POR LEGALIZAR", "anio_deuda": 0, "deuda": 0.0, "valor_ip": 0.0, "coactiva": null, "ficharegis": 0, "etam": 0.078108316, "diferencia": 0.9440658158, "porc_difer": 0.0057596597, "admisible": 1, "deuda_anio": 0.0, "2024__csv_": "3-13-31-11-000", "2024__csv1": "474-18-09-2025", "Clavepre": "3-13-31-11-000", "RESOLUCION": "474-18-09-2025", "ORIG_FID": 30 }, "geometry": { "type": "Point", "coordinates": [ -80.711724568863758, -0.985163712304877 ] } },
{ "type": "Feature", "properties": { "id": 77156, "lote_id": 106744, "clavecatas": "3-13-33-07-000", "zona": "3", "sector": "13", "manzana": "33", "lote": "07", "ph": "000", "propietari": "GOBIERNO AUTONOMO DESCENTRALIZADO  MUNICIPAL MANTA .", "documentop": "1360000980001", "direccion": "NUEVA ESPERANZA MZ 14 LOTE 04", "area_m2": 319.52, "frente_uti": 15.0, "frente_tot": 15.0, "avaluo_con": 16128.0, "avaluo_sue": 23964.0, "zonaurbano": "URBANA", "parroquia": "ELOY ALFARO", "esta_bloqu": "NO", "es_tercera": "NO", "tiene_elec": "SI", "tiene_agua": "SI", "tiene_alca": "NO", "observacio": "SE CREA EL CÓDIGO CATASTRAL A FAVOR DE GAD MANTA, POR DECRETO LEGISLATIVO 032-1986 DEL 16 DE MAYO DE 1986 PUBLICADO EN EL REGISTRO OFICIAL N°438 DEL 19 DE MAYO DE 1986.", "observac_1": null, "barrio": "NUEVA ESPERANZA", "parroquia_": 5, "barrio_id": 414, "proceso": 0, "fecha_regi": null, "activo_cat": "SI", "desactivad": 0, "avaluo_rem": 0.0, "avaluo_r_1": 0.0, "clasificac": "POR LEGALIZAR", "anio_deuda": 0, "deuda": 0.0, "valor_ip": 0.0, "coactiva": null, "ficharegis": 0, "etam": 0.1678310188, "diferencia": -0.6399529949, "porc_difer": -0.0020028574, "admisible": 1, "deuda_anio": 0.0, "2024__csv_": "3-13-33-07-000", "2024__csv1": "474-18-09-2025", "Clavepre": "3-13-33-07-000", "RESOLUCION": "474-18-09-2025", "ORIG_FID": 31 }, "geometry": { "type": "Point", "coordinates": [ -80.712622972191014, -0.98514745974934 ] } },
{ "type": "Feature", "properties": { "id": 77157, "lote_id": 110018, "clavecatas": "3-13-33-08-000", "zona": "3", "sector": "13", "manzana": "33", "lote": "08", "ph": "000", "propietari": "GOBIERNO AUTONOMO DESCENTRALIZADO  MUNICIPAL MANTA .", "documentop": "1360000980001", "direccion": "PARROQUIA ELOY ALFARO, BARRIO NUEVA ESPERANZA MZ 14, LOTE13", "area_m2": 215.07, "frente_uti": 10.4, "frente_tot": 10.4, "avaluo_con": 0.0, "avaluo_sue": 16130.25, "zonaurbano": "URBANA", "parroquia": "ELOY ALFARO", "esta_bloqu": "NO", "es_tercera": "NO", "tiene_elec": "SI", "tiene_agua": "SI", "tiene_alca": "SI", "observacio": null, "observac_1": null, "barrio": "NUEVA ESPERANZA", "parroquia_": 5, "barrio_id": 414, "proceso": 0, "fecha_regi": null, "activo_cat": "SI", "desactivad": 0, "avaluo_rem": 0.0, "avaluo_r_1": 0.0, "clasificac": "POR LEGALIZAR", "anio_deuda": 0, "deuda": 0.0, "valor_ip": 0.0, "coactiva": null, "ficharegis": 0, "etam": 0.1363766688, "diferencia": -7.2466446498000003, "porc_difer": -0.0336943537, "admisible": 1, "deuda_anio": 0.0, "2024__csv_": "3-13-33-08-000", "2024__csv1": "474-18-09-2025", "Clavepre": "3-13-33-08-000", "RESOLUCION": "474-18-09-2025", "ORIG_FID": 32 }, "geometry": { "type": "Point", "coordinates": [ -80.712660747871837, -0.984740486586822 ] } },
{ "type": "Feature", "properties": { "id": 77171, "lote_id": 106756, "clavecatas": "3-13-34-24-000", "zona": "3", "sector": "13", "manzana": "34", "lote": "24", "ph": "000", "propietari": "GOBIERNO AUTONOMO DESCENTRALIZADO  MUNICIPAL MANTA .", "documentop": "1360000980001", "direccion": "NUEVA ESPERANZA MZ 17 LOTE 24", "area_m2": 86.0, "frente_uti": 7.94, "frente_tot": 7.94, "avaluo_con": 17200.0, "avaluo_sue": 5719.0, "zonaurbano": "URBANA", "parroquia": "ELOY ALFARO", "esta_bloqu": "NO", "es_tercera": "NO", "tiene_elec": "SI", "tiene_agua": "SI", "tiene_alca": "NO", "observacio": "SE CREA EL CÓDIGO CATASTRAL A FAVOR DE GAD MANTA, POR DECRETO LEGISLATIVO 032-1986 DEL 16 DE MAYO DE 1986 PUBLICADO EN EL REGISTRO OFICIAL N°438 DEL 19 DE MAYO DE 1986.", "observac_1": null, "barrio": "NUEVA ESPERANZA", "parroquia_": 5, "barrio_id": 414, "proceso": 0, "fecha_regi": null, "activo_cat": "SI", "desactivad": 0, "avaluo_rem": 0.0, "avaluo_r_1": 0.0, "clasificac": "POR LEGALIZAR", "anio_deuda": 0, "deuda": 0.0, "valor_ip": 0.0, "coactiva": null, "ficharegis": 0, "etam": 0.1, "diferencia": 0.3893527702, "porc_difer": 0.0045273578, "admisible": 1, "deuda_anio": 0.0, "2024__csv_": "3-13-34-24-000", "2024__csv1": "474-18-09-2025", "Clavepre": "3-13-34-24-000", "RESOLUCION": "474-18-09-2025", "ORIG_FID": 33 }, "geometry": { "type": "Point", "coordinates": [ -80.713069767766328, -0.984309017355433 ] } },
{ "type": "Feature", "properties": { "id": 77178, "lote_id": 106755, "clavecatas": "3-13-36-04-000", "zona": "3", "sector": "13", "manzana": "36", "lote": "04", "ph": "000", "propietari": "GOBIERNO AUTONOMO DESCENTRALIZADO  MUNICIPAL MANTA .", "documentop": "1360000980001", "direccion": "NUEVA ESPERANZA MZ 16 LOTE 02_B", "area_m2": 143.97, "frente_uti": 7.2, "frente_tot": 7.2, "avaluo_con": 6451.2, "avaluo_sue": 10257.86, "zonaurbano": "URBANA", "parroquia": "ELOY ALFARO", "esta_bloqu": "NO", "es_tercera": "NO", "tiene_elec": "SI", "tiene_agua": "SI", "tiene_alca": "NO", "observacio": "SE CREA EL CÓDIGO CATASTRAL A FAVOR DE GAD MANTA, POR DECRETO LEGISLATIVO 032-1986 DEL 16 DE MAYO DE 1986 PUBLICADO EN EL REGISTRO OFICIAL N°438 DEL 19 DE MAYO DE 1986.", "observac_1": null, "barrio": "NUEVA ESPERANZA", "parroquia_": 5, "barrio_id": 414, "proceso": 0, "fecha_regi": null, "activo_cat": "SI", "desactivad": 0, "avaluo_rem": 0.0, "avaluo_r_1": 0.0, "clasificac": "POR LEGALIZAR", "anio_deuda": 0, "deuda": 0.0, "valor_ip": 0.0, "coactiva": null, "ficharegis": 0, "etam": 0.0833420152, "diferencia": -6.4505985043000003, "porc_difer": -0.0448051574, "admisible": 1, "deuda_anio": 0.0, "2024__csv_": "3-13-36-04-000", "2024__csv1": "474-18-09-2025", "Clavepre": "3-13-36-04-000", "RESOLUCION": "474-18-09-2025", "ORIG_FID": 34 }, "geometry": { "type": "Point", "coordinates": [ -80.71220623544508, -0.984780584809563 ] } },
{ "type": "Feature", "properties": { "id": 77179, "lote_id": 106745, "clavecatas": "3-13-36-05-000", "zona": "3", "sector": "13", "manzana": "36", "lote": "05", "ph": "000", "propietari": "GOBIERNO AUTONOMO DESCENTRALIZADO  MUNICIPAL MANTA .", "documentop": "1360000980001", "direccion": "NUEVA ESPERANZA MZ 16 LOTE 05", "area_m2": 205.2, "frente_uti": 9.98, "frente_tot": 10.0, "avaluo_con": 20160.0, "avaluo_sue": 15390.0, "zonaurbano": "URBANA", "parroquia": "ELOY ALFARO", "esta_bloqu": "NO", "es_tercera": "NO", "tiene_elec": "SI", "tiene_agua": "SI", "tiene_alca": "NO", "observacio": "SE CREA EL CÓDIGO CATASTRAL A FAVOR DE GAD MANTA, POR DECRETO LEGISLATIVO 032-1986 DEL 16 DE MAYO DE 1986 PUBLICADO EN EL REGISTRO OFICIAL N°438 DEL 19 DE MAYO DE 1986.", "observac_1": null, "barrio": "NUEVA ESPERANZA", "parroquia_": 5, "barrio_id": 414, "proceso": 0, "fecha_regi": null, "activo_cat": "SI", "desactivad": 0, "avaluo_rem": 0.0, "avaluo_r_1": 0.0, "clasificac": "POR LEGALIZAR", "anio_deuda": 0, "deuda": 0.0, "valor_ip": 0.0, "coactiva": null, "ficharegis": 0, "etam": 0.1396179694, "diferencia": -0.0034295104, "porc_difer": -1.6713e-05, "admisible": 1, "deuda_anio": 0.0, "2024__csv_": "3-13-36-05-000", "2024__csv1": "474-18-09-2025", "Clavepre": "3-13-36-05-000", "RESOLUCION": "474-18-09-2025", "ORIG_FID": 35 }, "geometry": { "type": "Point", "coordinates": [ -80.712248984950321, -0.984593645807059 ] } },
{ "type": "Feature", "properties": { "id": 77218, "lote_id": 100439, "clavecatas": "3-13-40-21-000", "zona": "3", "sector": "13", "manzana": "40", "lote": "21", "ph": "000", "propietari": "GOBIERNO AUTONOMO DESCENTRALIZADO  MUNICIPAL MANTA .", "documentop": "1360000980001", "direccion": "BARRIO NUEVA ESPERANZA MZ 33 LOTE 13", "area_m2": 141.96, "frente_uti": 7.8, "frente_tot": 7.8, "avaluo_con": 6209.28, "avaluo_sue": 10647.0, "zonaurbano": "URBANA", "parroquia": "ELOY ALFARO", "esta_bloqu": "NO", "es_tercera": "NO", "tiene_elec": "SI", "tiene_agua": "SI", "tiene_alca": "NO", "observacio": "SE CREA EL PRESENTE CÓDIGO 31340210000, DEL LISTADO 115 ESCRITURADOS CON FINES DE LEGALIZACIÓN PREVIA APROBACIÓN DEL CONCEJO, CUYA POSESIÓN ESTÁ A NOMBRE DE: CHOEZ CASTRO JOSÉ HORACIO, CON UN ÁREA DE 142.25M2 UBICADO EN LA CALLE 02, MANZANA 33 LOT", "observac_1": null, "barrio": "NUEVA ESPERANZA", "parroquia_": 5, "barrio_id": 414, "proceso": 0, "fecha_regi": null, "activo_cat": "SI", "desactivad": 0, "avaluo_rem": 0.0, "avaluo_r_1": 0.0, "clasificac": "POR LEGALIZAR", "anio_deuda": 0, "deuda": 0.0, "valor_ip": 0.0, "coactiva": null, "ficharegis": 0, "etam": 0.0839299578, "diferencia": -0.0265875714, "porc_difer": -0.0001872892, "admisible": 1, "deuda_anio": 0.0, "2024__csv_": "3-13-40-21-000", "2024__csv1": "474-18-09-2025", "Clavepre": "3-13-40-21-000", "RESOLUCION": "474-18-09-2025", "ORIG_FID": 36 }, "geometry": { "type": "Point", "coordinates": [ -80.711774544297782, -0.984247694543947 ] } },
{ "type": "Feature", "properties": { "id": 77262, "lote_id": 107127, "clavecatas": "3-13-44-21-000", "zona": "3", "sector": "13", "manzana": "44", "lote": "21", "ph": "000", "propietari": "GOBIERNO AUTONOMO DESCENTRALIZADO  MUNICIPAL MANTA .", "documentop": "1360000980001", "direccion": "BARRIO NUEVA ESPERANZA - MZ 23 LOTE 20", "area_m2": 150.97, "frente_uti": 26.0, "frente_tot": 26.0, "avaluo_con": 20790.12, "avaluo_sue": 11322.75, "zonaurbano": "URBANA", "parroquia": "ELOY ALFARO", "esta_bloqu": "NO", "es_tercera": "NO", "tiene_elec": "SI", "tiene_agua": "SI", "tiene_alca": "NO", "observacio": "SE CREA EL CÓDIGO CATASTRAL A FAVOR DE GAD MANTA, POR DECRETO LEGISLATIVO 032-1986 DEL 16 DE MAYO DE 1986 PUBLICADO EN EL REGISTRO OFICIAL N°438 DEL 19 DE MAYO DE 1986.", "observac_1": null, "barrio": "NUEVA ESPERANZA", "parroquia_": 5, "barrio_id": 414, "proceso": 0, "fecha_regi": null, "activo_cat": "SI", "desactivad": 0, "avaluo_rem": 0.0, "avaluo_r_1": 0.0, "clasificac": "POR LEGALIZAR", "anio_deuda": 0, "deuda": 0.0, "valor_ip": 0.0, "coactiva": null, "ficharegis": 0, "etam": 0.0813869311, "diferencia": -0.0084426669, "porc_difer": -5.59228e-05, "admisible": 1, "deuda_anio": 0.0, "2024__csv_": "3-13-44-21-000", "2024__csv1": "474-18-09-2025", "Clavepre": "3-13-44-21-000", "RESOLUCION": "474-18-09-2025", "ORIG_FID": 37 }, "geometry": { "type": "Point", "coordinates": [ -80.712941567889828, -0.983834011771716 ] } },
{ "type": "Feature", "properties": { "id": 77316, "lote_id": 106610, "clavecatas": "3-13-49-04-000", "zona": "3", "sector": "13", "manzana": "49", "lote": "04", "ph": "000", "propietari": "GOBIERNO AUTONOMO DESCENTRALIZADO  MUNICIPAL MANTA .", "documentop": "1360000980001", "direccion": "PARROQUIA ELOY ALFARO, B. NUEVA ESPERANZA LA CALLE PRINCIPAL (VIA INTERBARRIAL); MANZANA 36, LOTE # 08-B.", "area_m2": 88.59, "frente_uti": 5.2, "frente_tot": 22.0, "avaluo_con": 7235.18, "avaluo_sue": 6312.04, "zonaurbano": "URBANA", "parroquia": "ELOY ALFARO", "esta_bloqu": "NO", "es_tercera": "NO", "tiene_elec": "SI", "tiene_agua": "SI", "tiene_alca": "NO", "observacio": "SE CREA LA PRESENTE C.C. 3-13-49-04-000 PARA INGRESO AL PROCESO DE LEGALIZACION QUIEN MANTIENE UNA POSESIÓN CON ÁNIMOS DE SEÑOR Y DUEÑO, A FAVOR DE (SALTOS MOREIRA LUIS ALBERTO) CON C.I.: (1306621234). UBICADO EN LA PARROQUIA ELOY ALFARO, B. NUEVA ES", "observac_1": null, "barrio": "NUEVA ESPERANZA", "parroquia_": 5, "barrio_id": 414, "proceso": 0, "fecha_regi": null, "activo_cat": "SI", "desactivad": 0, "avaluo_rem": 0.0, "avaluo_r_1": 0.0, "clasificac": "POR LEGALIZAR", "anio_deuda": 0, "deuda": 0.0, "valor_ip": 0.0, "coactiva": null, "ficharegis": 0, "etam": 0.1, "diferencia": 0.0033136062, "porc_difer": 3.74038e-05, "admisible": 1, "deuda_anio": 0.0, "2024__csv_": "3-13-49-04-000", "2024__csv1": "474-18-09-2025", "Clavepre": "3-13-49-04-000", "RESOLUCION": "474-18-09-2025", "ORIG_FID": 38 }, "geometry": { "type": "Point", "coordinates": [ -80.711232361109296, -0.982475152454112 ] } },
{ "type": "Feature", "properties": { "id": 77365, "lote_id": 93056, "clavecatas": "3-13-52-13-000", "zona": "3", "sector": "13", "manzana": "52", "lote": "13", "ph": "000", "propietari": "GOBIERNO AUTÓNOMO DESCENTRALIZADO DE MANTA .", "documentop": "1360000980001", "direccion": "NUEVA ESPERANZA - MZ- 22 LOTE -12-B", "area_m2": 118.01, "frente_uti": 10.8, "frente_tot": 22.7, "avaluo_con": 956.76, "avaluo_sue": 8850.75, "zonaurbano": "URBANA", "parroquia": "ELOY ALFARO", "esta_bloqu": "NO", "es_tercera": "NO", "tiene_elec": "SI", "tiene_agua": "SI", "tiene_alca": "NO", "observacio": "LEGALIZA A FAVOR YOZA MACIAS MERCEDES ROCIO 07/06/2018 LLCH. SE CORRIGE AREA 180.97 A 128.30M2 Y SU FRENTE. - CAMBIO DE CLASIFICACIÓN: MEMORANDO MTA-DFIN-MEM-160920211226, TRÁMITE TE090920211550 EN BASE A ART. 509 DEL COOTAD.", "observac_1": null, "barrio": "NUEVA ESPERANZA", "parroquia_": 5, "barrio_id": 414, "proceso": 1, "fecha_regi": null, "activo_cat": "SI", "desactivad": 0, "avaluo_rem": 0.0, "avaluo_r_1": 0.0, "clasificac": "POR LEGALIZAR", "anio_deuda": 0, "deuda": 0.0, "valor_ip": 0.0, "coactiva": null, "ficharegis": 0, "etam": 0.0920535613, "diferencia": -0.0072862415, "porc_difer": -6.17426e-05, "admisible": 1, "deuda_anio": 0.0, "2024__csv_": "3-13-52-13-000", "2024__csv1": "474-18-09-2025", "Clavepre": "3-13-52-13-000", "RESOLUCION": "474-18-09-2025", "ORIG_FID": 39 }, "geometry": { "type": "Point", "coordinates": [ -80.712362054742087, -0.982723921778334 ] } },
{ "type": "Feature", "properties": { "id": 77367, "lote_id": 110019, "clavecatas": "3-13-52-15-000", "zona": "3", "sector": "13", "manzana": "52", "lote": "15", "ph": "000", "propietari": "GOBIERNO AUTONOMO DESCENTRALIZADO  MUNICIPAL MANTA .", "documentop": "1360000980001", "direccion": "BARRIO NUEVA ESPERANZA MZ 22, LOTE 10", "area_m2": 327.38, "frente_uti": 2.0, "frente_tot": 2.0, "avaluo_con": 0.0, "avaluo_sue": 24553.5, "zonaurbano": "URBANA", "parroquia": "ELOY ALFARO", "esta_bloqu": "NO", "es_tercera": "NO", "tiene_elec": "SI", "tiene_agua": "SI", "tiene_alca": "SI", "observacio": null, "observac_1": null, "barrio": "NUEVA ESPERANZA", "parroquia_": 5, "barrio_id": 414, "proceso": 0, "fecha_regi": null, "activo_cat": "SI", "desactivad": 0, "avaluo_rem": 0.0, "avaluo_r_1": 0.0, "clasificac": "POR LEGALIZAR", "anio_deuda": 0, "deuda": 0.0, "valor_ip": 0.0, "coactiva": null, "ficharegis": 0, "etam": 0.1658040683, "diferencia": 0.2238967157, "porc_difer": 0.0006839047, "admisible": 1, "deuda_anio": 0.0, "2024__csv_": "3-13-52-15-000", "2024__csv1": "474-18-09-2025", "Clavepre": "3-13-52-15-000", "RESOLUCION": "474-18-09-2025", "ORIG_FID": 40 }, "geometry": { "type": "Point", "coordinates": [ -80.712351457599397, -0.982559050313513 ] } },
{ "type": "Feature", "properties": { "id": 77460, "lote_id": 106607, "clavecatas": "3-13-60-11-000", "zona": "3", "sector": "13", "manzana": "60", "lote": "11", "ph": "000", "propietari": null, "documentop": null, "direccion": "PARROQUIA ELOY ALFARO, B. NUEVA ESPERANZA CALLEJON PUBLICO ENTRE VIA INTERBARRIAL Y CALLEJON PUBLICO; MANZANA 247, LOTE # 08.", "area_m2": 162.95, "frente_uti": 16.0, "frente_tot": 26.0, "avaluo_con": 0.0, "avaluo_sue": 12221.25, "zonaurbano": "URBANA", "parroquia": "ELOY ALFARO", "esta_bloqu": "NO", "es_tercera": "NO", "tiene_elec": "SI", "tiene_agua": "SI", "tiene_alca": "NO", "observacio": "SE CREA LA PRESENTE C.C. 3-13-60-11-000 PARA INGRESO AL PROCESO DE LEGALIZACION QUIEN MANTIENE UNA POSESIÓN CON ÁNIMOS DE SEÑOR Y DUEÑO, A FAVOR DE (SOSA CONFORME KARINA ELIZABETH) CON C.I.: (0927365361). UBICADO EN LA PARROQUIA ELOY ALFARO, B. NUEVA", "observac_1": null, "barrio": "NUEVA ESPERANZA", "parroquia_": 5, "barrio_id": 414, "proceso": 0, "fecha_regi": null, "activo_cat": "SI", "desactivad": 0, "avaluo_rem": 0.0, "avaluo_r_1": 0.0, "clasificac": "POR LEGALIZAR", "anio_deuda": 0, "deuda": 0.0, "valor_ip": 0.0, "coactiva": null, "ficharegis": 0, "etam": 0.078338061, "diferencia": 0.0047999977, "porc_difer": 2.94569e-05, "admisible": 1, "deuda_anio": 0.0, "2024__csv_": "3-13-60-11-000", "2024__csv1": "474-18-09-2025", "Clavepre": "3-13-60-11-000", "RESOLUCION": "474-18-09-2025", "ORIG_FID": 41 }, "geometry": { "type": "Point", "coordinates": [ -80.711368855485929, -0.981124580501217 ] } },
{ "type": "Feature", "properties": { "id": 77708, "lote_id": 91779, "clavecatas": "3-13-76-45-000", "zona": "3", "sector": "13", "manzana": "76", "lote": "45", "ph": "000", "propietari": "GOBIERNO AUTONOMO DESCENTRALIZADO  MUNICIPAL MANTA .", "documentop": "1360000980001", "direccion": "B. 2 DE AGOSTO P. ELOY ALFARO  MZ-254 LOTE # 45", "area_m2": 100.0, "frente_uti": 10.0, "frente_tot": 10.0, "avaluo_con": 6295.52, "avaluo_sue": 7000.0, "zonaurbano": "URBANA", "parroquia": "ELOY ALFARO", "esta_bloqu": "NO", "es_tercera": "NO", "tiene_elec": "SI", "tiene_agua": "SI", "tiene_alca": "NO", "observacio": "LEGALIZAR MIGUEL ANGEL SALTOS MORRILLO 26/140/2017 LLCH. - CAMBIO DE CLASIFICACIÓN: MEMORANDO MTA-DFIN-MEM-160920211226, TRÁMITE TE090920211550 EN BASE A ART. 509 DEL COOTAD.", "observac_1": null, "barrio": "2 DE AGOSTO", "parroquia_": 5, "barrio_id": 420, "proceso": 0, "fecha_regi": null, "activo_cat": "SI", "desactivad": 0, "avaluo_rem": 0.0, "avaluo_r_1": 0.0, "clasificac": "POR LEGALIZAR", "anio_deuda": 0, "deuda": 0.0, "valor_ip": 0.0, "coactiva": null, "ficharegis": 0, "etam": 0.1, "diferencia": 0.0012437052, "porc_difer": 1.24371e-05, "admisible": 1, "deuda_anio": 0.0, "2024__csv_": "3-13-76-45-000", "2024__csv1": "474-18-09-2025", "Clavepre": "3-13-76-45-000", "RESOLUCION": "474-18-09-2025", "ORIG_FID": 42 }, "geometry": { "type": "Point", "coordinates": [ -80.709843810901916, -0.98609267120004 ] } },
{ "type": "Feature", "properties": { "id": 77714, "lote_id": 104609, "clavecatas": "3-13-76-51-000", "zona": "3", "sector": "13", "manzana": "76", "lote": "51", "ph": "000", "propietari": "ARTEAGA MACIAS LIDA INES", "documentop": "1309644977", "direccion": "BARRIO 2 DE AGOSTO, MZ 253 - LOTE 10 B", "area_m2": 165.71, "frente_uti": 10.0, "frente_tot": 10.0, "avaluo_con": 11731.2, "avaluo_sue": 10439.73, "zonaurbano": "URBANA", "parroquia": "ELOY ALFARO", "esta_bloqu": "NO", "es_tercera": "NO", "tiene_elec": "SI", "tiene_agua": "SI", "tiene_alca": "SI", "observacio": "SE CREA EL PRESENTE CÓDIGO CATASTRAL CON FINES DE LEGALIZACIÓN A FAVOR DE ARTEAGA MACIAS LIDA INES POSESIONARIO DE UN LOTE DE TERRENO UBICADO EN EL BARRIO 2 DE AGOSTO DE LA PARROQUIA ELOY ALFARO, MEDIANTE INFORME DEL PROCESO 118 PREDIOS DE LA UNIDAD DE", "observac_1": null, "barrio": "2 DE AGOSTO", "parroquia_": 5, "barrio_id": 420, "proceso": 0, "fecha_regi": null, "activo_cat": "SI", "desactivad": 0, "avaluo_rem": 0.0, "avaluo_r_1": 0.0, "clasificac": "GENERAL", "anio_deuda": 2026, "deuda": 77.49, "valor_ip": 0.0, "coactiva": null, "ficharegis": 89871, "etam": 0.0776829378, "diferencia": 0.0036116118, "porc_difer": 2.17948e-05, "admisible": 1, "deuda_anio": 0.0, "2024__csv_": "3-13-76-51-000", "2024__csv1": "452-07-08-2025", "Clavepre": "3-13-76-51-000", "RESOLUCION": "452-07-08-2025", "ORIG_FID": 43 }, "geometry": { "type": "Point", "coordinates": [ -80.709717727585939, -0.985180659404999 ] } },
{ "type": "Feature", "properties": { "id": 78112, "lote_id": 59275, "clavecatas": "3-14-12-28-000", "zona": "3", "sector": "14", "manzana": "12", "lote": "28", "ph": "000", "propietari": "INTRIAGO CHICA ERIKA JESSENIA", "documentop": "1316854726", "direccion": "BARRIO LA FLORESTA, MZ-40 LOTE 11-B, CALLE 322", "area_m2": 107.93, "frente_uti": 4.7, "frente_tot": 4.7, "avaluo_con": 37945.21, "avaluo_sue": 9740.68, "zonaurbano": "URBANA", "parroquia": "ELOY ALFARO", "esta_bloqu": "NO", "es_tercera": "NO", "tiene_elec": "SI", "tiene_agua": "SI", "tiene_alca": "SI", "observacio": "SE ACTUALIZA EL CÓDIGO CATASTRAL A FAVOR DE CHICA MENDOZA SUSANA SANDRA E INTRIAGO CHICA ERIKA JESSENIA CON FINES DE LEGALIZACIÓN.POR DECRETO LEGISLATIVO 032-1986 DEL 16 DE MAYO DE DE 1986 PUBLICADO EN EL REGISTRO OFICIAL N°438 DEL 19 DE MAYO DE 1986.", "observac_1": "SE DESBLOQUEA EL CÓDIGO CATASTRAL CON FINES DE LEGALIZACIÓN POR DECRETO LEGISLATIVO 032-1986 DEL 16 DE MAYO DE DE 1986 PUBLICADO EN EL REGISTRO OFICIAL N°438 DEL 19 DE MAYO DE 1986.", "barrio": "LA FLORESTA", "parroquia_": 5, "barrio_id": 403, "proceso": 1, "fecha_regi": null, "activo_cat": "SI", "desactivad": 0, "avaluo_rem": 0.0, "avaluo_r_1": 0.0, "clasificac": "GENERAL", "anio_deuda": 0, "deuda": 0.0, "valor_ip": 0.0, "coactiva": null, "ficharegis": 88685, "etam": 0.0962562441, "diferencia": -29.045770837700001, "porc_difer": -0.2691167501, "admisible": 0, "deuda_anio": 0.0, "2024__csv_": "3-14-12-28-000", "2024__csv1": "377-06-03-2025", "Clavepre": "3-14-12-28-000", "RESOLUCION": "377-06-03-2025", "ORIG_FID": 44 }, "geometry": { "type": "Point", "coordinates": [ -80.701931825738399, -0.977685293236783 ] } },
{ "type": "Feature", "properties": { "id": 78197, "lote_id": 103102, "clavecatas": "3-14-16-26-000", "zona": "3", "sector": "14", "manzana": "16", "lote": "26", "ph": "000", "propietari": "MERA GOROZABEL KAREN JUDITH", "documentop": "1314537190", "direccion": "BARRIO LA FLORESTA, MZ 44 LOTE 02-A", "area_m2": 144.24, "frente_uti": 7.2, "frente_tot": 7.2, "avaluo_con": 16560.0, "avaluo_sue": 7788.96, "zonaurbano": "URBANA", "parroquia": "ELOY ALFARO", "esta_bloqu": "NO", "es_tercera": "NO", "tiene_elec": "SI", "tiene_agua": "SI", "tiene_alca": "SI", "observacio": "SE CREA EL PRESENTE CÓDIGO CATASTRAL CON FINES DE LEGALIZACIÓN A FAVOR DE GOBIERNO AUTONOMO DESCENTRALIZADO MUNICIPAL DEL CANTON MANTA, POSESIONARIOS DE UN LOTE DE TERRENO UBICADO EN EL BARRIO LA FLORESTA DE LA PARROQUIA ELOY ALFARO, MEDIANTE INFORME D", "observac_1": null, "barrio": "LA FLORESTA", "parroquia_": 5, "barrio_id": 403, "proceso": 0, "fecha_regi": null, "activo_cat": "SI", "desactivad": 0, "avaluo_rem": 0.0, "avaluo_r_1": 0.0, "clasificac": "GENERAL", "anio_deuda": 0, "deuda": 0.0, "valor_ip": 0.0, "coactiva": null, "ficharegis": 90678, "etam": 0.0832639756, "diferencia": 11.3750415839, "porc_difer": 0.0788619078, "admisible": 1, "deuda_anio": 0.0, "2024__csv_": "3-14-16-26-000", "2024__csv1": "452-07-08-2025", "Clavepre": "3-14-16-26-000", "RESOLUCION": "452-07-08-2025", "ORIG_FID": 45 }, "geometry": { "type": "Point", "coordinates": [ -80.700371872084077, -0.978784999389529 ] } },
{ "type": "Feature", "properties": { "id": 78508, "lote_id": 59630, "clavecatas": "3-14-32-02-000", "zona": "3", "sector": "14", "manzana": "32", "lote": "02", "ph": "000", "propietari": "BRIONES LUZARDO FREDDY ESTENIO", "documentop": "1309604070", "direccion": "BARRIO 1 DE MAYO, MZ 73 LOTE 14.", "area_m2": 84.7, "frente_uti": 18.15, "frente_tot": 18.15, "avaluo_con": 45534.72, "avaluo_sue": 6243.24, "zonaurbano": "URBANA", "parroquia": "ELOY ALFARO", "esta_bloqu": "NO", "es_tercera": "NO", "tiene_elec": "NO", "tiene_agua": "NO", "tiene_alca": "NO", "observacio": "SE MODIFICA EL ÁREA POR PROCESO DE LEGALIZACIÓN A  NOMBRE DE BRIONES LUZARDO FREDDY ESTENIO.-SE ACTUALIZA INF CON ESCRITURA DE CVTA INSCRITA EN EL REG. DE LA PROPIEDAD.25/11/2025 GGV", "observac_1": null, "barrio": "LAS VEGAS DEL 20 DE MAYO", "parroquia_": 5, "barrio_id": 344, "proceso": 1, "fecha_regi": null, "activo_cat": "SI", "desactivad": 0, "avaluo_rem": 0.0, "avaluo_r_1": 0.0, "clasificac": "GENERAL", "anio_deuda": 2026, "deuda": 119.09, "valor_ip": 0.0, "coactiva": null, "ficharegis": 90653, "etam": 0.1, "diferencia": -0.0081308329, "porc_difer": -9.59957e-05, "admisible": 1, "deuda_anio": 0.0, "2024__csv_": "3-14-32-02-000", "2024__csv1": "452-07-08-2025", "Clavepre": "3-14-32-02-000", "RESOLUCION": "452-07-08-2025", "ORIG_FID": 46 }, "geometry": { "type": "Point", "coordinates": [ -80.701833065477075, -0.980315720961931 ] } },
{ "type": "Feature", "properties": { "id": 78810, "lote_id": 89618, "clavecatas": "3-14-46-10-000", "zona": "3", "sector": "14", "manzana": "46", "lote": "10", "ph": "000", "propietari": "GOBIERNO AUTONOMO DESCENTRALIZADO  MUNICIPAL MANTA ..", "documentop": "1360000980001", "direccion": "BARRIO AMAZONAS, MZ 96 LOTE 03 -  CALLE 223A", "area_m2": 247.91, "frente_uti": 13.0, "frente_tot": 13.0, "avaluo_con": 6720.0, "avaluo_sue": 18345.34, "zonaurbano": "URBANA", "parroquia": "ELOY ALFARO", "esta_bloqu": "NO", "es_tercera": "NO", "tiene_elec": "SI", "tiene_agua": "SI", "tiene_alca": "SI", "observacio": "CODIGO NUEVO PARA LEGALIZACIÓN DEL PREDIO\r\nINF. ARQ. PATRICIO LEÓN - CAMBIO DE CLASIFICACIÓN: MEMORANDO MTA-DFIN-MEM-160920211226, TRÁMITE TE090920211550 EN BASE A ART. 509 DEL COOTAD. -  SE MODIFICA EL AREA POR PROCESO DE LEGALIZACION A FAVOR DE LAS", "observac_1": null, "barrio": "ELOY ALFARO", "parroquia_": 5, "barrio_id": 1039, "proceso": 1, "fecha_regi": null, "activo_cat": "SI", "desactivad": 0, "avaluo_rem": 0.0, "avaluo_r_1": 0.0, "clasificac": "POR LEGALIZAR", "anio_deuda": 0, "deuda": 0.0, "valor_ip": 0.0, "coactiva": null, "ficharegis": 0, "etam": 0.1270231777, "diferencia": 0.0043729218, "porc_difer": 1.76392e-05, "admisible": 1, "deuda_anio": 0.0, "2024__csv_": "3-14-46-10-000", "2024__csv1": "377-06-03-2025", "Clavepre": "3-14-46-10-000", "RESOLUCION": "377-06-03-2025", "ORIG_FID": 47 }, "geometry": { "type": "Point", "coordinates": [ -80.702887265849185, -0.982477081983344 ] } },
{ "type": "Feature", "properties": { "id": 80117, "lote_id": 93130, "clavecatas": "3-14-91-29-000", "zona": "3", "sector": "14", "manzana": "91", "lote": "29", "ph": "000", "propietari": "ANCHUNDIA MENENDEZ SARA MONSERRATE", "documentop": "1313834556", "direccion": "BARRIO 1 DE MAYO, MZ 84 LOTE 01B, AVENIDA 213", "area_m2": 89.45, "frente_uti": 5.6, "frente_tot": 5.6, "avaluo_con": 19049.67, "avaluo_sue": 6628.25, "zonaurbano": "URBANA", "parroquia": "ELOY ALFARO", "esta_bloqu": "NO", "es_tercera": "NO", "tiene_elec": "SI", "tiene_agua": "SI", "tiene_alca": "SI", "observacio": "SE CREA EL CÓDIGO CATASTRAL A FAVOR DE ACHUNDIA MENENDEZ SARA MONSERRATE CON FINES DE LEGALIZACIÓN.\r\nPOR DECRETO LEGISLATIVO 032-1986 DEL 16 DE MAYO DE DE 1986 PUBLICADO EN EL REGISTRO OFICIAL N°438 DEL 19 DE MAYO DE 1986.SE ACTUALIZA INF CON ESCRITUR", "observac_1": null, "barrio": "1 DE MAYO", "parroquia_": 5, "barrio_id": 1068, "proceso": 0, "fecha_regi": null, "activo_cat": "SI", "desactivad": 0, "avaluo_rem": 0.0, "avaluo_r_1": 0.0, "clasificac": "GENERAL", "anio_deuda": 2026, "deuda": 28.02, "valor_ip": 0.0, "coactiva": null, "ficharegis": 88697, "etam": 0.1, "diferencia": 3.6635116178999998, "porc_difer": 0.0409559711, "admisible": 1, "deuda_anio": 0.0, "2024__csv_": "3-14-91-29-000", "2024__csv1": "377-06-03-2025", "Clavepre": "3-14-91-29-000", "RESOLUCION": "377-06-03-2025", "ORIG_FID": 48 }, "geometry": { "type": "Point", "coordinates": [ -80.702503843490831, -0.980511182845724 ] } },
{ "type": "Feature", "properties": { "id": 80546, "lote_id": 106247, "clavecatas": "3-15-14-29-000", "zona": "3", "sector": "15", "manzana": "14", "lote": "29", "ph": "000", "propietari": "BARRETO RIVERA ROSA CARMEN", "documentop": "1305125716", "direccion": "BARRIO SANTA LUCIA, MZ 127 LOTE 18-A , CALLE 319A", "area_m2": 54.7, "frente_uti": 4.0, "frente_tot": 4.0, "avaluo_con": 3080.57, "avaluo_sue": 9846.0, "zonaurbano": "URBANA", "parroquia": "ELOY ALFARO", "esta_bloqu": "NO", "es_tercera": "NO", "tiene_elec": "SI", "tiene_agua": "SI", "tiene_alca": "SI", "observacio": "SE CREA EL CÓDIGO CATASTRAL A FAVOR DE BARRETO RIVERA ROSA CARMEN, CI. 1305125716 POR DECRETO LEGISLATIVO 032-1986 DEL 16 DE MAYO DE DE 1986 PUBLICADO EN EL REGISTRO OFICIAL N°438 DEL 19 DE MAYO DE 1986.-SE ACTUALIZA INFORMACION CON ESCRITURA DE ADJ.CO", "observac_1": null, "barrio": "SANTA LUCIA", "parroquia_": 5, "barrio_id": 1087, "proceso": 0, "fecha_regi": null, "activo_cat": "SI", "desactivad": 0, "avaluo_rem": 0.0, "avaluo_r_1": 0.0, "clasificac": "GENERAL", "anio_deuda": 0, "deuda": 0.0, "valor_ip": 0.0, "coactiva": null, "ficharegis": 88688, "etam": 0.1, "diferencia": 0.0111802336, "porc_difer": 0.0002043918, "admisible": 1, "deuda_anio": 0.0, "2024__csv_": "3-15-14-29-000", "2024__csv1": "377-06-03-2025", "Clavepre": "3-15-14-29-000", "RESOLUCION": "377-06-03-2025", "ORIG_FID": 49 }, "geometry": { "type": "Point", "coordinates": [ -80.706087537629671, -0.982699923292849 ] } },
{ "type": "Feature", "properties": { "id": 80954, "lote_id": 61826, "clavecatas": "3-15-35-10-000", "zona": "3", "sector": "15", "manzana": "35", "lote": "10", "ph": "000", "propietari": "GOBIERNO AUTONOMO DESCENTRALIZADO  MUNICIPAL MANTA .", "documentop": "1360000980001", "direccion": "BARRIO AMAZONAS, MZ 95 LOTE 09", "area_m2": 80.17, "frente_uti": 10.1, "frente_tot": 10.1, "avaluo_con": 22070.88, "avaluo_sue": 5932.58, "zonaurbano": "URBANA", "parroquia": "ELOY ALFARO", "esta_bloqu": "NO", "es_tercera": "NO", "tiene_elec": "NO", "tiene_agua": "NO", "tiene_alca": "NO", "observacio": "SE CREA EL CÓDIGO CATASTRAL A FAVOR DE MOREIRA BRAVO ANGEL DANIEL, CI. 1306448786 POR DECRETO LEGISLATIVO 032-1986 DEL 16 DE MAYO DE DE 1986 PUBLICADO EN EL REGISTRO OFICIAL N°438 DEL 19 DE MAYO DE 1986.", "observac_1": null, "barrio": "AMAZONAS", "parroquia_": 5, "barrio_id": 1092, "proceso": 1, "fecha_regi": null, "activo_cat": "SI", "desactivad": 0, "avaluo_rem": 0.0, "avaluo_r_1": 0.0, "clasificac": "PROPIEDADES MUNICIPALES", "anio_deuda": 0, "deuda": 0.0, "valor_ip": 0.0, "coactiva": null, "ficharegis": 0, "etam": 0.1, "diferencia": -4.2029500023999997, "porc_difer": -0.0524254709, "admisible": 1, "deuda_anio": 0.0, "2024__csv_": "3-15-35-10-000", "2024__csv1": "377-06-03-2025", "Clavepre": "3-15-35-10-000", "RESOLUCION": "377-06-03-2025", "ORIG_FID": 50 }, "geometry": { "type": "Point", "coordinates": [ -80.702685208464374, -0.982966409043991 ] } },
{ "type": "Feature", "properties": { "id": 81010, "lote_id": 61874, "clavecatas": "3-15-36-20-000", "zona": "3", "sector": "15", "manzana": "36", "lote": "20", "ph": "000", "propietari": "MACIAS SOLORZANO MARIA DEL P", "documentop": "1302128283", "direccion": "C. S/N", "area_m2": 467.0, "frente_uti": 0.0, "frente_tot": 0.0, "avaluo_con": 8218.63, "avaluo_sue": 34558.0, "zonaurbano": "URBANA", "parroquia": "MANTA", "esta_bloqu": "NO", "es_tercera": "SI", "tiene_elec": "NO", "tiene_agua": "NO", "tiene_alca": "NO", "observacio": null, "observac_1": null, "barrio": "CALLE 23 DE ENERO ENT. 15 ABRIL Y PROGRESO", "parroquia_": 1, "barrio_id": 364, "proceso": 1, "fecha_regi": null, "activo_cat": "SI", "desactivad": 0, "avaluo_rem": 0.0, "avaluo_r_1": 0.0, "clasificac": "GENERAL", "anio_deuda": 0, "deuda": 0.0, "valor_ip": 0.0, "coactiva": null, "ficharegis": 0, "etam": 0.138823444, "diferencia": 4.9972295453999998, "porc_difer": 0.0107007057, "admisible": 1, "deuda_anio": 0.0, "2024__csv_": "3-15-36-20-000", "2024__csv1": "377-06-03-2025", "Clavepre": "3-15-36-20-000", "RESOLUCION": "377-06-03-2025", "ORIG_FID": 51 }, "geometry": { "type": "Point", "coordinates": [ -80.703569250602044, -0.983453674444046 ] } },
{ "type": "Feature", "properties": { "id": 81016, "lote_id": 61880, "clavecatas": "3-15-36-26-000", "zona": "3", "sector": "15", "manzana": "36", "lote": "26", "ph": "000", "propietari": "SANCHEZ CASTRO MARIA LEOVA", "documentop": "1305266718", "direccion": "BARRIO AMAZONAS MZ. 114 LOTE 24-C", "area_m2": 195.45, "frente_uti": 12.5, "frente_tot": 12.5, "avaluo_con": 15235.2, "avaluo_sue": 13192.88, "zonaurbano": "URBANA", "parroquia": "ELOY ALFARO", "esta_bloqu": "NO", "es_tercera": "NO", "tiene_elec": "SI", "tiene_agua": "SI", "tiene_alca": "SI", "observacio": "SE MODIFICA EL CÓDIGO CATASTRAL A FAVOR DE LOPEZ REYES SIXTO MANUEL, PARA PROCESO DE LEGALIZACIÓN.\r\nPOR DECRETO LEGISLATIVO 032-1986 DEL 16 DE MAYO DE DE 1986 PUBLICADO EN EL REGISTRO OFICIAL N°438 DEL 19 DE MAYO DE 1986.-SE ACTUALIZA INF EN BASE A ES", "observac_1": null, "barrio": "AMAZONAS", "parroquia_": 5, "barrio_id": 1092, "proceso": 1, "fecha_regi": null, "activo_cat": "SI", "desactivad": 0, "avaluo_rem": 0.0, "avaluo_r_1": 0.0, "clasificac": "GENERAL", "anio_deuda": 2007, "deuda": 38.55, "valor_ip": 0.0, "coactiva": null, "ficharegis": 89580, "etam": 0.0715290015, "diferencia": -0.2010980936, "porc_difer": -0.0010288979, "admisible": 1, "deuda_anio": 2.56, "2024__csv_": "3-15-36-26-000", "2024__csv1": "377-06-03-2025", "Clavepre": "3-15-36-26-000", "RESOLUCION": "377-06-03-2025", "ORIG_FID": 52 }, "geometry": { "type": "Point", "coordinates": [ -80.703105972817269, -0.983949947669513 ] } },
{ "type": "Feature", "properties": { "id": 81036, "lote_id": 93314, "clavecatas": "3-15-36-46-000", "zona": "3", "sector": "15", "manzana": "36", "lote": "46", "ph": "000", "propietari": "GOBIERNO AUTONOMO DESCENTRALIZADO  MUNICIPAL MANTA .", "documentop": "1360000980001", "direccion": "B. ELOY ALFARO MZ- 113 LOTE- 1-E", "area_m2": 129.49, "frente_uti": 25.6, "frente_tot": 25.6, "avaluo_con": 9360.0, "avaluo_sue": 9582.26, "zonaurbano": "URBANA", "parroquia": "ELOY ALFARO", "esta_bloqu": "NO", "es_tercera": "NO", "tiene_elec": "SI", "tiene_agua": "SI", "tiene_alca": "NO", "observacio": "LEGALIZAR CEDEÑO GARCIA LILIAN-ISABEL-JULIANA 17/08/2018 LLCH....CAMBIO UN NOMBRE DE ESTRELLA A LILIAN..27/12/2018 LLCH - Cambio de Clasificación: Memorando MTA-DFIN-MEM-160920211226, trámite TE090920211550 en base a Art. 509 del COOTAD.", "observac_1": null, "barrio": "ELOY ALFARO", "parroquia_": 5, "barrio_id": 1039, "proceso": 0, "fecha_regi": null, "activo_cat": "SI", "desactivad": 0, "avaluo_rem": 0.0, "avaluo_r_1": 0.0, "clasificac": "PROPIEDADES MUNICIPALES", "anio_deuda": 0, "deuda": 0.0, "valor_ip": 0.0, "coactiva": null, "ficharegis": 0, "etam": 0.0878783481, "diferencia": -0.7329899995, "porc_difer": -0.0056605915, "admisible": 1, "deuda_anio": 0.0, "2024__csv_": "3-15-36-46-000", "2024__csv1": "377-06-03-2025", "Clavepre": "3-15-36-46-000", "RESOLUCION": "377-06-03-2025", "ORIG_FID": 53 }, "geometry": { "type": "Point", "coordinates": [ -80.703593886899881, -0.982838148873582 ] } },
{ "type": "Feature", "properties": { "id": 81239, "lote_id": 106248, "clavecatas": "3-15-44-32-000", "zona": "3", "sector": "15", "manzana": "44", "lote": "32", "ph": "000", "propietari": "PARRAGA BASURTO JOSE BENIGNO", "documentop": "1308783388", "direccion": "BARRIO 15 DE ABRIL MZ 137 LOTE 15-A CALLE 324", "area_m2": 87.71, "frente_uti": 10.0, "frente_tot": 10.0, "avaluo_con": 9475.2, "avaluo_sue": 6139.7, "zonaurbano": "URBANA", "parroquia": "ELOY ALFARO", "esta_bloqu": "NO", "es_tercera": "NO", "tiene_elec": "SI", "tiene_agua": "SI", "tiene_alca": "SI", "observacio": "SE CREA EL CÓDIGO CATASTRAL A FAVOR DE PARRAGA BASURTO JOSE BENIGNO CI. 1308783388 POR DECRETO LEGISLATIVO 032-1986 DEL 16 DE MAYO DE DE 1986 PUBLICADO EN EL REGISTRO OFICIAL N°438 DEL 19 DE MAYO DE 1986.-SE ACTUALIZA INFORMACION CON ESCRITURA DE ADJ.C", "observac_1": null, "barrio": "15 DE ABRIL", "parroquia_": 5, "barrio_id": 412, "proceso": 0, "fecha_regi": null, "activo_cat": "SI", "desactivad": 0, "avaluo_rem": 0.0, "avaluo_r_1": 0.0, "clasificac": "GENERAL", "anio_deuda": 0, "deuda": 0.0, "valor_ip": 0.0, "coactiva": null, "ficharegis": 89717, "etam": 0.1, "diferencia": 0.0905300932, "porc_difer": 0.0010321525, "admisible": 1, "deuda_anio": 0.0, "2024__csv_": "3-15-44-32-000", "2024__csv1": "377-06-03-2025", "Clavepre": "3-15-44-32-000", "RESOLUCION": "377-06-03-2025", "ORIG_FID": 54 }, "geometry": { "type": "Point", "coordinates": [ -80.701661953349017, -0.984617821473878 ] } },
{ "type": "Feature", "properties": { "id": 81357, "lote_id": 62159, "clavecatas": "3-15-50-11-000", "zona": "3", "sector": "15", "manzana": "50", "lote": "11", "ph": "000", "propietari": "GOBIERNO AUTONOMO DESCENTRALIZADO MUNICIPAL DEL CANTON MANTA .", "documentop": "1360000980001", "direccion": "CALLEJJON 325-A B. 15 DE ABRIL", "area_m2": 127.5, "frente_uti": 11.2, "frente_tot": 11.2, "avaluo_con": 10010.48, "avaluo_sue": 8925.0, "zonaurbano": "URBANA", "parroquia": "MANTA", "esta_bloqu": "NO", "es_tercera": "NO", "tiene_elec": "NO", "tiene_agua": "NO", "tiene_alca": "NO", "observacio": "POR LEGALIZAR MENDOZA ARTEAGA ELVIA DORILA 02/07/20 ARQ. LUPE LANDA.. - Cambio de Clasificación: Memorando MTA-DFIN-MEM-160920211226, trámite TE090920211550 en base a Art. 509 del COOTAD.", "observac_1": null, "barrio": "CDLA 15 DE ABRIL", "parroquia_": 1, "barrio_id": 377, "proceso": 1, "fecha_regi": null, "activo_cat": "SI", "desactivad": 0, "avaluo_rem": 0.0, "avaluo_r_1": 0.0, "clasificac": "PROPIEDADES MUNICIPALES", "anio_deuda": 0, "deuda": 0.0, "valor_ip": 0.0, "coactiva": null, "ficharegis": 0, "etam": 0.0885614886, "diferencia": -1.4043500099, "porc_difer": -0.0110145099, "admisible": 1, "deuda_anio": 0.0, "2024__csv_": "3-15-50-11-000", "2024__csv1": "377-06-03-2025", "Clavepre": "3-15-50-11-000", "RESOLUCION": "377-06-03-2025", "ORIG_FID": 55 }, "geometry": { "type": "Point", "coordinates": [ -80.702879500030548, -0.986653236684185 ] } },
{ "type": "Feature", "properties": { "id": 81386, "lote_id": 110010, "clavecatas": "3-15-50-38-000", "zona": "3", "sector": "15", "manzana": "50", "lote": "38", "ph": "000", "propietari": "GOBIERNO AUTONOMO DESCENTRALIZADO  MUNICIPAL MANTA .", "documentop": "1360000980001", "direccion": "BARRIO 15 DE ABRIL - MZ 154 LOTE 26", "area_m2": 172.66, "frente_uti": 3.0, "frente_tot": 3.0, "avaluo_con": 0.0, "avaluo_sue": 12086.2, "zonaurbano": "URBANA", "parroquia": "ELOY ALFARO", "esta_bloqu": "NO", "es_tercera": "NO", "tiene_elec": "NO", "tiene_agua": "NO", "tiene_alca": "NO", "observacio": null, "observac_1": null, "barrio": "15 DE ABRIL", "parroquia_": 5, "barrio_id": 412, "proceso": 0, "fecha_regi": null, "activo_cat": "SI", "desactivad": 0, "avaluo_rem": 0.0, "avaluo_r_1": 0.0, "clasificac": "POR LEGALIZAR", "anio_deuda": 0, "deuda": 0.0, "valor_ip": 0.0, "coactiva": null, "ficharegis": 0, "etam": 0.0761034126, "diferencia": 35.887392758200001, "porc_difer": 0.2078500681, "admisible": 0, "deuda_anio": 0.0, "2024__csv_": "3-15-50-38-000", "2024__csv1": "377-06-03-2025", "Clavepre": "3-15-50-38-000", "RESOLUCION": "377-06-03-2025", "ORIG_FID": 56 }, "geometry": { "type": "Point", "coordinates": [ -80.703028767100761, -0.98685193220137 ] } },
{ "type": "Feature", "properties": { "id": 81578, "lote_id": 62352, "clavecatas": "3-15-61-04-000", "zona": "3", "sector": "15", "manzana": "61", "lote": "04", "ph": "000", "propietari": "VELEZ MERO MARGARITA AMERICA", "documentop": "1300639604", "direccion": "CALLE S/N CDLA 15 DE ABRIL", "area_m2": 114.5, "frente_uti": 7.4, "frente_tot": 7.4, "avaluo_con": 26248.0, "avaluo_sue": 7614.25, "zonaurbano": "URBANA", "parroquia": "ELOY ALFARO", "esta_bloqu": "NO", "es_tercera": "NO", "tiene_elec": "SI", "tiene_agua": "SI", "tiene_alca": "SI", "observacio": "LEGALIZA MENDOZA QUIROZ ROQUE LUIS 02/05/2018 LLCH.\r\n\r\nSE ACTUALIZA EL CÓDIGO CATASTRAL CON FINES DE LEGALIZACIÓN A FAVOR DE MENDOZA QUIROZ ROQUE LUIS.\r\nPOR DECRETO LEGISLATIVO 032-1986 DEL 16 DE MAYO DE DE 1986 PUBLICADO EN EL REGISTRO OFICIAL N°438", "observac_1": null, "barrio": "CDLA 15 DE ABRIL", "parroquia_": 5, "barrio_id": 377, "proceso": 1, "fecha_regi": null, "activo_cat": "SI", "desactivad": 0, "avaluo_rem": 0.0, "avaluo_r_1": 0.0, "clasificac": "GENERAL", "anio_deuda": 0, "deuda": 0.0, "valor_ip": 0.0, "coactiva": null, "ficharegis": 89509, "etam": 0.0934538627, "diferencia": 0.7149522579000001, "porc_difer": 0.0062441245, "admisible": 1, "deuda_anio": 0.0, "2024__csv_": "3-15-61-04-000", "2024__csv1": "377-06-03-2025", "Clavepre": "3-15-61-04-000", "RESOLUCION": "377-06-03-2025", "ORIG_FID": 57 }, "geometry": { "type": "Point", "coordinates": [ -80.701355661176052, -0.987237634411613 ] } },
{ "type": "Feature", "properties": { "id": 81605, "lote_id": 62379, "clavecatas": "3-15-62-10-000", "zona": "3", "sector": "15", "manzana": "62", "lote": "10", "ph": "000", "propietari": "VINCES VINCES MARIA VERONICA", "documentop": "1312440587", "direccion": "BARRIO 15 DE ABRIL, MZ 160 LOTE 09A", "area_m2": 68.68, "frente_uti": 10.3, "frente_tot": 10.3, "avaluo_con": 4089.6, "avaluo_sue": 4807.6, "zonaurbano": "URBANA", "parroquia": "ELOY ALFARO", "esta_bloqu": "NO", "es_tercera": "NO", "tiene_elec": "SI", "tiene_agua": "SI", "tiene_alca": "SI", "observacio": "SE CREA EL CÓDIGO CATASTRAL A FAVOR DE VINCES VINCES MARIA VERONICA, CI. 1312440587,  POR DECRETO LEGISLATIVO 032-1986 DEL 16 DE MAYO DE DE 1986 PUBLICADO EN EL REGISTRO OFICIAL N°438 DEL 19 DE MAYO DE 1986.-SE ACTUALIZA INF CON ESCRITURA DE ADJUDICACI", "observac_1": "SE DESBLOQUEA EL CÓDIGO CATASTRAL PARA PROCESO DE LEGALIZACIÓN.\r\nPOR DECRETO LEGISLATIVO 032-1986 DEL 16 DE MAYO DE DE 1986 PUBLICADO EN EL REGISTRO OFICIAL N°438 DEL 19 DE MAYO DE 1986.", "barrio": "CDLA 15 DE ABRIL", "parroquia_": 5, "barrio_id": 377, "proceso": 0, "fecha_regi": null, "activo_cat": "SI", "desactivad": 0, "avaluo_rem": 0.0, "avaluo_r_1": 0.0, "clasificac": "GENERAL", "anio_deuda": 2026, "deuda": 72.73, "valor_ip": 0.0, "coactiva": "SEGUNDA NOTIFICACION", "ficharegis": 90796, "etam": 0.1, "diferencia": 0.0020191799, "porc_difer": 2.93998e-05, "admisible": 1, "deuda_anio": 0.0, "2024__csv_": "3-15-62-10-000", "2024__csv1": "377-06-03-2025", "Clavepre": "3-15-62-10-000", "RESOLUCION": "377-06-03-2025", "ORIG_FID": 58 }, "geometry": { "type": "Point", "coordinates": [ -80.700844040334843, -0.987301963939809 ] } },
{ "type": "Feature", "properties": { "id": 81845, "lote_id": 107303, "clavecatas": "3-15-75-07-000", "zona": "3", "sector": "15", "manzana": "75", "lote": "07", "ph": "000", "propietari": "GOBIERNO AUTONOMO DESCENTRALIZADO  MUNICIPAL MANTA .", "documentop": "1360000980001", "direccion": "BARRIO 15 DE ABRIL - MZ 163 LOTE 04", "area_m2": 69.94, "frente_uti": 15.55, "frente_tot": 15.55, "avaluo_con": 36483.88, "avaluo_sue": 4651.01, "zonaurbano": "URBANA", "parroquia": "ELOY ALFARO", "esta_bloqu": "NO", "es_tercera": "NO", "tiene_elec": "SI", "tiene_agua": "SI", "tiene_alca": "SI", "observacio": null, "observac_1": null, "barrio": "1 DE MAYO", "parroquia_": 5, "barrio_id": 1068, "proceso": 0, "fecha_regi": null, "activo_cat": "SI", "desactivad": 0, "avaluo_rem": 0.0, "avaluo_r_1": 0.0, "clasificac": "POR LEGALIZAR", "anio_deuda": 0, "deuda": 0.0, "valor_ip": 0.0, "coactiva": null, "ficharegis": 0, "etam": 0.1, "diferencia": -0.0481858943, "porc_difer": -0.0006889605, "admisible": 1, "deuda_anio": 0.0, "2024__csv_": "3-15-75-07-000", "2024__csv1": "474-18-09-2025", "Clavepre": "3-15-75-07-000", "RESOLUCION": "474-18-09-2025", "ORIG_FID": 59 }, "geometry": { "type": "Point", "coordinates": [ -80.700991672693064, -0.987589869344586 ] } },
{ "type": "Feature", "properties": { "id": 82313, "lote_id": 62967, "clavecatas": "3-16-23-05-000", "zona": "3", "sector": "16", "manzana": "23", "lote": "05", "ph": "000", "propietari": "GOBIERNO AUTONOMO DESCENTRALIZADO  MUNICIPAL MANTA .", "documentop": "1360000980001", "direccion": "BARRIO 10 DE SEPTIEMBRE - MZ 214 LOTE 16-A", "area_m2": 175.24, "frente_uti": 10.75, "frente_tot": 10.75, "avaluo_con": 1145.77, "avaluo_sue": 12266.8, "zonaurbano": "URBANA", "parroquia": "ELOY ALFARO", "esta_bloqu": "NO", "es_tercera": "NO", "tiene_elec": "SI", "tiene_agua": "SI", "tiene_alca": "SI", "observacio": null, "observac_1": null, "barrio": "10 DE SEPTIEMBRE", "parroquia_": 5, "barrio_id": 1061, "proceso": 1, "fecha_regi": null, "activo_cat": "SI", "desactivad": 0, "avaluo_rem": 0.0, "avaluo_r_1": 0.0, "clasificac": "POR LEGALIZAR", "anio_deuda": 0, "deuda": 0.0, "valor_ip": 0.0, "coactiva": null, "ficharegis": 0, "etam": 0.0755411127, "diferencia": 2.7221844746000001, "porc_difer": 0.015534036, "admisible": 1, "deuda_anio": 0.0, "2024__csv_": "3-16-23-05-000", "2024__csv1": "474-18-09-2025", "Clavepre": "3-16-23-05-000", "RESOLUCION": "474-18-09-2025", "ORIG_FID": 60 }, "geometry": { "type": "Point", "coordinates": [ -80.709226047500948, -0.987928972879314 ] } },
{ "type": "Feature", "properties": { "id": 82397, "lote_id": 63022, "clavecatas": "3-16-25-11-000", "zona": "3", "sector": "16", "manzana": "25", "lote": "11", "ph": "000", "propietari": "MENDOZA ZAMBRANO CARMEN TRINIDAD", "documentop": "0911158384", "direccion": "B.10 DE AGOSTO MZ 216 LOTE 06 - PARROQUIA ELOY ALFARO", "area_m2": 194.03, "frente_uti": 9.7, "frente_tot": 9.7, "avaluo_con": 10746.7, "avaluo_sue": 12223.89, "zonaurbano": "URBANA", "parroquia": "ELOY ALFARO", "esta_bloqu": "NO", "es_tercera": "NO", "tiene_elec": "SI", "tiene_agua": "SI", "tiene_alca": "SI", "observacio": "RESOL ADMINISTRATIVA # 024-ALC.M-JZC-2015                                                                                      \r\n\r\nSE ACTUALIZA EL AREA CON FINES DE LEGALIZACIÓN, DE UN LOTE DE TERRENO UBICADO EN 10 DE AGOSTO DE LA PARROQUIA ELOY ALFARO,", "observac_1": null, "barrio": "SECTOR LOS LAURELES (ELOY ALFARO)", "parroquia_": 5, "barrio_id": 356, "proceso": 0, "fecha_regi": null, "activo_cat": "SI", "desactivad": 0, "avaluo_rem": 0.0, "avaluo_r_1": 0.0, "clasificac": "GENERAL", "anio_deuda": 2026, "deuda": 56.15, "valor_ip": 0.0, "coactiva": null, "ficharegis": 90730, "etam": 0.0717902653, "diferencia": 7.4783236566999998, "porc_difer": 0.0385421, "admisible": 1, "deuda_anio": 0.0, "2024__csv_": "3-16-25-11-000", "2024__csv1": "452-07-08-2025", "Clavepre": "3-16-25-11-000", "RESOLUCION": "452-07-08-2025", "ORIG_FID": 61 }, "geometry": { "type": "Point", "coordinates": [ -80.707962419577555, -0.989001451117262 ] } },
{ "type": "Feature", "properties": { "id": 92530, "lote_id": 68140, "clavecatas": "3-32-17-08-000", "zona": "3", "sector": "32", "manzana": "17", "lote": "08", "ph": "000", "propietari": "SANCHEZ VERA MIRIAN S/E/GAD MANTA", "documentop": ".", "direccion": "MZ-M2 LT. 8 URBIRIOS", "area_m2": 150.0, "frente_uti": 16.0, "frente_tot": 0.0, "avaluo_con": 0.0, "avaluo_sue": 10500.0, "zonaurbano": "URBANA", "parroquia": "TARQUI", "esta_bloqu": "NO", "es_tercera": "NO", "tiene_elec": "SI", "tiene_agua": "SI", "tiene_alca": "NO", "observacio": "INF. AMPARO Q. OCT. 30/2003 MR   C- 3587-03-SE MODIF.NOMBRE X DEPURAC.26/06/12 A.Q.", "observac_1": null, "barrio": "URBIRRIOS X", "parroquia_": 3, "barrio_id": 331, "proceso": 1, "fecha_regi": null, "activo_cat": "SI", "desactivad": 0, "avaluo_rem": 0.0, "avaluo_r_1": 0.0, "clasificac": "DEPURACION CATASTRO", "anio_deuda": 2003, "deuda": 1274.94, "valor_ip": 0.0, "coactiva": null, "ficharegis": 0, "etam": 0.0816496581, "diferencia": 18.306073423499999, "porc_difer": 0.1220404895, "admisible": 0, "deuda_anio": 0.0, "2024__csv_": "3-32-17-08-000", "2024__csv1": "357-23-01-2025", "Clavepre": "3-32-17-08-000", "RESOLUCION": "357-23-01-2025", "ORIG_FID": 62 }, "geometry": { "type": "Point", "coordinates": [ -80.724791958721795, -0.983249787849942 ] } },
{ "type": "Feature", "properties": { "id": 92383, "lote_id": 95163, "clavecatas": "3-32-04-09-000", "zona": "3", "sector": "32", "manzana": "04", "lote": "09", "ph": "000", "propietari": "GOBIERNO AUTONOMO DESCENTRALIZADO MUNICIPAL DEL CANTON MANTA .", "documentop": "1360000980001", "direccion": "PROYECT.HABIT.CONJUNTO DEL PACIFICO MZ A LOTE 09", "area_m2": 82.5, "frente_uti": 20.5, "frente_tot": 20.5, "avaluo_con": 7392.0, "avaluo_sue": 6187.5, "zonaurbano": "URBANA", "parroquia": "TARQUI", "esta_bloqu": "NO", "es_tercera": "NO", "tiene_elec": "SI", "tiene_agua": "SI", "tiene_alca": "SI", "observacio": "INGRESO NUEVO 17/04/19 A.Q. - CAMBIO DE CLASIFICACIÓN: MEMORANDO MTA-DFIN-MEM-160920211226, TRÁMITE TE090920211550 EN BASE A ART. 509 DEL COOTAD.", "observac_1": null, "barrio": "URBIRIOS", "parroquia_": 3, "barrio_id": 231, "proceso": 0, "fecha_regi": null, "activo_cat": "SI", "desactivad": 0, "avaluo_rem": 0.0, "avaluo_r_1": 0.0, "clasificac": "PROPIEDADES MUNICIPALES", "anio_deuda": 0, "deuda": 0.0, "valor_ip": 0.0, "coactiva": null, "ficharegis": 72783, "etam": 0.1, "diferencia": 3.8499999855999998, "porc_difer": 0.0466666665, "admisible": 1, "deuda_anio": 0.0, "2024__csv_": "3-32-04-09-000", "2024__csv1": "425-12-06-2025", "Clavepre": "3-32-04-09-000", "RESOLUCION": "425-12-06-2025", "ORIG_FID": 63 }, "geometry": { "type": "Point", "coordinates": [ -80.721302077207412, -0.981072358028935 ] } },
{ "type": "Feature", "properties": { "id": 92388, "lote_id": 95166, "clavecatas": "3-32-04-14-000", "zona": "3", "sector": "32", "manzana": "04", "lote": "14", "ph": "000", "propietari": "GOBIERNO AUTONOMO DESCENTRALIZADO MUNICIPAL DEL CANTON MANTA .", "documentop": "1360000980001", "direccion": "PROYECT.HABIT.CONJUNTO DEL PACIFICO MZ A LOTE 14", "area_m2": 78.65, "frente_uti": 5.5, "frente_tot": 5.5, "avaluo_con": 7392.0, "avaluo_sue": 5898.75, "zonaurbano": "URBANA", "parroquia": "TARQUI", "esta_bloqu": "NO", "es_tercera": "NO", "tiene_elec": "SI", "tiene_agua": "SI", "tiene_alca": "SI", "observacio": "INGRESO NUEVO 17/04/19 A.Q. - CAMBIO DE CLASIFICACIÓN: MEMORANDO MTA-DFIN-MEM-160920211226, TRÁMITE TE090920211550 EN BASE A ART. 509 DEL COOTAD.", "observac_1": null, "barrio": "URBIRIOS", "parroquia_": 3, "barrio_id": 231, "proceso": 0, "fecha_regi": null, "activo_cat": "SI", "desactivad": 0, "avaluo_rem": 0.0, "avaluo_r_1": 0.0, "clasificac": "PROPIEDADES MUNICIPALES", "anio_deuda": 0, "deuda": 0.0, "valor_ip": 0.0, "coactiva": null, "ficharegis": 68115, "etam": 0.1, "diferencia": -1.5e-08, "porc_difer": -2.0000000000000001e-10, "admisible": 1, "deuda_anio": 0.0, "2024__csv_": "3-32-04-14-000", "2024__csv1": "425-12-06-2025", "Clavepre": "3-32-04-14-000", "RESOLUCION": "425-12-06-2025", "ORIG_FID": 64 }, "geometry": { "type": "Point", "coordinates": [ -80.721433547159407, -0.981283040869626 ] } },
{ "type": "Feature", "properties": { "id": 92390, "lote_id": 95168, "clavecatas": "3-32-04-16-000", "zona": "3", "sector": "32", "manzana": "04", "lote": "16", "ph": "000", "propietari": "GOBIERNO AUTONOMO DESCENTRALIZADO MUNICIPAL DEL CANTON MANTA .", "documentop": "1360000980001", "direccion": "PROYECT.HABIT.CONJUNTO DEL PACIFICO MZ A LOTE 16", "area_m2": 78.65, "frente_uti": 5.5, "frente_tot": 5.5, "avaluo_con": 7392.0, "avaluo_sue": 5898.75, "zonaurbano": "URBANA", "parroquia": "TARQUI", "esta_bloqu": "NO", "es_tercera": "NO", "tiene_elec": "SI", "tiene_agua": "SI", "tiene_alca": "SI", "observacio": "INGRESO NUEVO 17/04/19 A.Q. - CAMBIO DE CLASIFICACIÓN: MEMORANDO MTA-DFIN-MEM-160920211226, TRÁMITE TE090920211550 EN BASE A ART. 509 DEL COOTAD.SE CORRIGE AREA 82.5 A 78.65 M2 ARQ. LUPE LANDA 15/06/22...", "observac_1": null, "barrio": "URBIRIOS", "parroquia_": 3, "barrio_id": 231, "proceso": 0, "fecha_regi": null, "activo_cat": "SI", "desactivad": 0, "avaluo_rem": 0.0, "avaluo_r_1": 0.0, "clasificac": "PROPIEDADES MUNICIPALES", "anio_deuda": 0, "deuda": 0.0, "valor_ip": 0.0, "coactiva": null, "ficharegis": 0, "etam": 0.1, "diferencia": 3.8083e-06, "porc_difer": 4.84e-08, "admisible": 1, "deuda_anio": 0.0, "2024__csv_": "3-32-04-16-000", "2024__csv1": "425-12-06-2025", "Clavepre": "3-32-04-16-000", "RESOLUCION": "425-12-06-2025", "ORIG_FID": 65 }, "geometry": { "type": "Point", "coordinates": [ -80.72148613514446, -0.981367314004102 ] } },
{ "type": "Feature", "properties": { "id": 92399, "lote_id": 94198, "clavecatas": "3-32-09-04-000", "zona": "3", "sector": "32", "manzana": "09", "lote": "04", "ph": "000", "propietari": "GOBIERNO AUTONOMO DESCENTRALIZADO MUNICIPAL DEL CANTON MANTA .", "documentop": "1360000980001", "direccion": "PROYECTO HABITACIONAL CONJUNTO DEL PACIFICO MZ B LOTE 4", "area_m2": 82.5, "frente_uti": 5.5, "frente_tot": 5.5, "avaluo_con": 0.0, "avaluo_sue": 6187.5, "zonaurbano": "URBANA", "parroquia": "MANTA", "esta_bloqu": "SI", "es_tercera": "NO", "tiene_elec": "NO", "tiene_agua": "NO", "tiene_alca": "NO", "observacio": "INGRESO NUEVO INF LUIS LOPEZ 27/12/2018 - Cambio de Clasificación: Memorando MTA-DFIN-MEM-160920211226, trámite TE090920211550 en base a Art. 509 del COOTAD.", "observac_1": "- BLOQUEO MASIVO SOLICITUD DIRCAT 28-12-2018", "barrio": "ATRAS DE URBIRRIOS", "parroquia_": 2, "barrio_id": 1013, "proceso": 0, "fecha_regi": null, "activo_cat": "NO", "desactivad": 0, "avaluo_rem": 0.0, "avaluo_r_1": 0.0, "clasificac": "PROPIEDADES MUNICIPALES", "anio_deuda": 0, "deuda": 0.0, "valor_ip": 0.0, "coactiva": null, "ficharegis": 0, "etam": 0.1, "diferencia": 3.2999999859, "porc_difer": 0.039999999799999998, "admisible": 1, "deuda_anio": 23.33, "2024__csv_": "3-32-09-04-000", "2024__csv1": "425-12-06-2025", "Clavepre": "3-32-09-04-000", "RESOLUCION": "425-12-06-2025", "ORIG_FID": 66 }, "geometry": { "type": "Point", "coordinates": [ -80.721591820841297, -0.981124207713851 ] } },
{ "type": "Feature", "properties": { "id": 92405, "lote_id": 94204, "clavecatas": "3-32-09-10-000", "zona": "3", "sector": "32", "manzana": "09", "lote": "10", "ph": "000", "propietari": "GOBIERNO AUTONOMO DESCENTRALIZADO MUNICIPAL DEL CANTON MANTA .", "documentop": "1360000980001", "direccion": "PROYECTO HABITACIONAL CONJUNTO DEL PACIFICO MZ B LOTE 10", "area_m2": 79.2, "frente_uti": 5.5, "frente_tot": 5.5, "avaluo_con": 7392.0, "avaluo_sue": 5940.0, "zonaurbano": "URBANA", "parroquia": "MANTA", "esta_bloqu": "NO", "es_tercera": "NO", "tiene_elec": "NO", "tiene_agua": "NO", "tiene_alca": "NO", "observacio": "INGRESO NUEVO INF LUIS LOPEZ 27/12/2018 - CAMBIO DE CLASIFICACIÓN: MEMORANDO MTA-DFIN-MEM-160920211226, TRÁMITE TE090920211550 EN BASE A ART. 509 DEL COOTAD.", "observac_1": "- BLOQUEO MASIVO SOLICITUD DIRCAT 28-12-2018", "barrio": "ATRAS DE URBIRRIOS", "parroquia_": 2, "barrio_id": 1013, "proceso": 0, "fecha_regi": null, "activo_cat": "SI", "desactivad": 0, "avaluo_rem": 0.0, "avaluo_r_1": 0.0, "clasificac": "PROPIEDADES MUNICIPALES", "anio_deuda": 0, "deuda": 0.0, "valor_ip": 0.0, "coactiva": null, "ficharegis": 72804, "etam": 0.1, "diferencia": -1.24e-08, "porc_difer": -2.0000000000000001e-10, "admisible": 1, "deuda_anio": 0.0, "2024__csv_": "3-32-09-10-000", "2024__csv1": "425-12-06-2025", "Clavepre": "3-32-09-10-000", "RESOLUCION": "425-12-06-2025", "ORIG_FID": 67 }, "geometry": { "type": "Point", "coordinates": [ -80.721622537802574, -0.980928501889658 ] } },
{ "type": "Feature", "properties": { "id": 92406, "lote_id": 93833, "clavecatas": "3-32-09-11-000", "zona": "3", "sector": "32", "manzana": "09", "lote": "11", "ph": "000", "propietari": "GOBIERNO AUTONOMO DESCENTRALIZADO MUNICIPAL DEL CANTON MANTA .", "documentop": "1360000980001", "direccion": "PROYECTO HABITACIONAL CONJUNTO DEL PACIFICO MZ B LOTE 11", "area_m2": 79.2, "frente_uti": 5.5, "frente_tot": 5.5, "avaluo_con": 7392.0, "avaluo_sue": 5643.0, "zonaurbano": "URBANA", "parroquia": "TARQUI", "esta_bloqu": "NO", "es_tercera": "NO", "tiene_elec": "NO", "tiene_agua": "NO", "tiene_alca": "NO", "observacio": "INGRESO NUEVO INF LUIS LOPEZ 19/11/2018// - CAMBIO DE CLASIFICACIÓN: MEMORANDO MTA-DFIN-MEM-160920211226, TRÁMITE TE090920211550 EN BASE A ART. 509 DEL COOTAD.SE CORRIGE AREA 82.5 A 79.20 M2\r\n15/06/22 ARQ.LUPE LANDA...", "observac_1": null, "barrio": "URBIRRIOS X", "parroquia_": 3, "barrio_id": 331, "proceso": 0, "fecha_regi": null, "activo_cat": "SI", "desactivad": 0, "avaluo_rem": 0.0, "avaluo_r_1": 0.0, "clasificac": "PROPIEDADES MUNICIPALES", "anio_deuda": 0, "deuda": 0.0, "valor_ip": 0.0, "coactiva": null, "ficharegis": 68341, "etam": 0.1, "diferencia": 1.23e-08, "porc_difer": 2.0000000000000001e-10, "admisible": 1, "deuda_anio": 0.0, "2024__csv_": "3-32-09-11-000", "2024__csv1": "425-12-06-2025", "Clavepre": "3-32-09-11-000", "RESOLUCION": "425-12-06-2025", "ORIG_FID": 68 }, "geometry": { "type": "Point", "coordinates": [ -80.72164883179596, -0.980970638456191 ] } },
{ "type": "Feature", "properties": { "id": 92408, "lote_id": 94206, "clavecatas": "3-32-09-13-000", "zona": "3", "sector": "32", "manzana": "09", "lote": "13", "ph": "000", "propietari": "GOBIERNO AUTONOMO DESCENTRALIZADO MUNICIPAL DEL CANTON MANTA .", "documentop": "1360000980001", "direccion": "PROYECTO HABITACIONAL CONJUNTO DEL PACIFICO MZ B LOTE 13", "area_m2": 82.5, "frente_uti": 5.5, "frente_tot": 5.5, "avaluo_con": 0.0, "avaluo_sue": 6187.5, "zonaurbano": "URBANA", "parroquia": "MANTA", "esta_bloqu": "SI", "es_tercera": "NO", "tiene_elec": "NO", "tiene_agua": "NO", "tiene_alca": "NO", "observacio": "INGRESO NUEVO INF LUIS LOPEZ 27/12/2018 - Cambio de Clasificación: Memorando MTA-DFIN-MEM-160920211226, trámite TE090920211550 en base a Art. 509 del COOTAD.", "observac_1": "- BLOQUEO MASIVO SOLICITUD DIRCAT 28-12-2018", "barrio": "ATRAS DE URBIRRIOS", "parroquia_": 2, "barrio_id": 1013, "proceso": 0, "fecha_regi": null, "activo_cat": "NO", "desactivad": 0, "avaluo_rem": 0.0, "avaluo_r_1": 0.0, "clasificac": "PROPIEDADES MUNICIPALES", "anio_deuda": 0, "deuda": 0.0, "valor_ip": 0.0, "coactiva": null, "ficharegis": 0, "etam": 0.1, "diferencia": 3.2999999867000001, "porc_difer": 0.039999999799999998, "admisible": 1, "deuda_anio": 23.33, "2024__csv_": "3-32-09-13-000", "2024__csv1": "425-12-06-2025", "Clavepre": "3-32-09-13-000", "RESOLUCION": "425-12-06-2025", "ORIG_FID": 69 }, "geometry": { "type": "Point", "coordinates": [ -80.721701419784409, -0.981054911589149 ] } },
{ "type": "Feature", "properties": { "id": 92410, "lote_id": 93547, "clavecatas": "3-32-09-15-000", "zona": "3", "sector": "32", "manzana": "09", "lote": "15", "ph": "000", "propietari": "GOBIERNO AUTONOMO DESCENTRALIZADO  MUNICIPAL MANTA .", "documentop": "1360000980001", "direccion": "PROYECTO HABITACIONAL CONJUNTO DEL PACIFICO MZ B LOTE 15", "area_m2": 79.2, "frente_uti": 5.5, "frente_tot": 5.5, "avaluo_con": 7986.0, "avaluo_sue": 5940.0, "zonaurbano": "URBANA", "parroquia": "TARQUI", "esta_bloqu": "NO", "es_tercera": "NO", "tiene_elec": "NO", "tiene_agua": "NO", "tiene_alca": "NO", "observacio": "INGRESO NUEVO INF LUIS LOPEZ 02/10/2018// - CAMBIO DE CLASIFICACIÓN: MEMORANDO MTA-DFIN-MEM-160920211226, TRÁMITE TE090920211550 EN BASE A ART. 509 DEL COOTAD.SE CORRIGE AREA 82.5 A 79.20 M2 15/06/22 ARQ.LUPE LANDA...", "observac_1": null, "barrio": "ATRAS DE URBIRRIOS", "parroquia_": 3, "barrio_id": 1013, "proceso": 0, "fecha_regi": null, "activo_cat": "SI", "desactivad": 0, "avaluo_rem": 0.0, "avaluo_r_1": 0.0, "clasificac": "PROPIEDADES MUNICIPALES", "anio_deuda": 0, "deuda": 0.0, "valor_ip": 0.0, "coactiva": null, "ficharegis": 67791, "etam": 0.1, "diferencia": 1.09e-08, "porc_difer": 1e-10, "admisible": 1, "deuda_anio": 0.0, "2024__csv_": "3-32-09-15-000", "2024__csv1": "425-12-06-2025", "Clavepre": "3-32-09-15-000", "RESOLUCION": "425-12-06-2025", "ORIG_FID": 70 }, "geometry": { "type": "Point", "coordinates": [ -80.721754007775147, -0.981139184722006 ] } },
{ "type": "Feature", "properties": { "id": 92413, "lote_id": 95169, "clavecatas": "3-32-10-02-000", "zona": "3", "sector": "32", "manzana": "10", "lote": "02", "ph": "000", "propietari": "GOBIERNO AUTONOMO DESCENTRALIZADO MUNICIPAL DEL CANTON MANTA .", "documentop": "1360000980001", "direccion": "PROYECT.HABIT.CONJUNTO DEL PACIFICO MZ C LOTE 02", "area_m2": 82.5, "frente_uti": 5.5, "frente_tot": 5.5, "avaluo_con": 7392.0, "avaluo_sue": 6187.5, "zonaurbano": "URBANA", "parroquia": "TARQUI", "esta_bloqu": "NO", "es_tercera": "NO", "tiene_elec": "SI", "tiene_agua": "SI", "tiene_alca": "SI", "observacio": "INGRESO NUEVO 17/04/19 A.Q. - CAMBIO DE CLASIFICACIÓN: MEMORANDO MTA-DFIN-MEM-160920211226, TRÁMITE TE090920211550 EN BASE A ART. 509 DEL COOTAD.", "observac_1": null, "barrio": "URBIRIOS", "parroquia_": 3, "barrio_id": 231, "proceso": 0, "fecha_regi": null, "activo_cat": "SI", "desactivad": 0, "avaluo_rem": 0.0, "avaluo_r_1": 0.0, "clasificac": "PROPIEDADES MUNICIPALES", "anio_deuda": 0, "deuda": 0.0, "valor_ip": 0.0, "coactiva": null, "ficharegis": 72788, "etam": 0.1, "diferencia": -5.0000000000000001e-09, "porc_difer": -1e-10, "admisible": 1, "deuda_anio": 0.0, "2024__csv_": "3-32-10-02-000", "2024__csv1": "425-12-06-2025", "Clavepre": "3-32-10-02-000", "RESOLUCION": "425-12-06-2025", "ORIG_FID": 71 }, "geometry": { "type": "Point", "coordinates": [ -80.721941239298502, -0.981020803828815 ] } },
{ "type": "Feature", "properties": { "id": 92418, "lote_id": 94912, "clavecatas": "3-32-10-07-000", "zona": "3", "sector": "32", "manzana": "10", "lote": "07", "ph": "000", "propietari": "GOBIERNO AUTONOMO DESCENTRALIZADO MUNICIPAL DEL CANTON MANTA .", "documentop": "1360000980001", "direccion": "PROYECTO HABITACIONAL CONJUNTO DEL PACIFICO MZ C LOTE 7", "area_m2": 82.5, "frente_uti": 5.5, "frente_tot": 5.5, "avaluo_con": 7392.0, "avaluo_sue": 6187.5, "zonaurbano": "URBANA", "parroquia": "TARQUI", "esta_bloqu": "NO", "es_tercera": "NO", "tiene_elec": "NO", "tiene_agua": "NO", "tiene_alca": "NO", "observacio": "INGRESO NUEVO INF LUIS LOPEZ 19/03/2019// - CAMBIO DE CLASIFICACIÓN: MEMORANDO MTA-DFIN-MEM-160920211226, TRÁMITE TE090920211550 EN BASE A ART. 509 DEL COOTAD.", "observac_1": null, "barrio": "ATRAS DE URBIRRIOS", "parroquia_": 3, "barrio_id": 1013, "proceso": 0, "fecha_regi": null, "activo_cat": "SI", "desactivad": 0, "avaluo_rem": 0.0, "avaluo_r_1": 0.0, "clasificac": "PROPIEDADES MUNICIPALES", "anio_deuda": 0, "deuda": 0.0, "valor_ip": 0.0, "coactiva": null, "ficharegis": 70128, "etam": 0.1, "diferencia": -1.5e-08, "porc_difer": -2.0000000000000001e-10, "admisible": 1, "deuda_anio": 0.0, "2024__csv_": "3-32-10-07-000", "2024__csv1": "425-12-06-2025", "Clavepre": "3-32-10-07-000", "RESOLUCION": "425-12-06-2025", "ORIG_FID": 72 }, "geometry": { "type": "Point", "coordinates": [ -80.721809769314632, -0.980810121001701 ] } },
{ "type": "Feature", "properties": { "id": 92422, "lote_id": 94189, "clavecatas": "3-32-11-03-000", "zona": "3", "sector": "32", "manzana": "11", "lote": "03", "ph": "000", "propietari": "GOBIERNO AUTONOMO DESCENTRALIZADO MUNICIPAL DEL CANTON MANTA .", "documentop": "1360000980001", "direccion": "PROYECTO HABITACIONAL CONJUNTO DEL PACIFICO MZ D LOTE 3", "area_m2": 78.65, "frente_uti": 5.5, "frente_tot": 5.5, "avaluo_con": 10930.43, "avaluo_sue": 5603.81, "zonaurbano": "URBANA", "parroquia": "MANTA", "esta_bloqu": "NO", "es_tercera": "NO", "tiene_elec": "NO", "tiene_agua": "NO", "tiene_alca": "NO", "observacio": "INGRESO NUEVO INF LUIS LOPEZ 27/12/2018/*/     - CAMBIO DE CLASIFICACIÓN: MEMORANDO MTA-DFIN-MEM-160920211226, TRÁMITE TE090920211550 EN BASE A ART. 509 DEL COOTAD.", "observac_1": "- BLOQUEO MASIVO SOLICITUD DIRCAT 28-12-2018. se desbloquea a solicitud de la Ab. JOhana Santana de Legalización para continuar con el tramite de legalización marzo 9 de 2021 mar", "barrio": "ATRAS DE URBIRRIOS", "parroquia_": 2, "barrio_id": 1013, "proceso": 0, "fecha_regi": null, "activo_cat": "SI", "desactivad": 0, "avaluo_rem": 0.0, "avaluo_r_1": 0.0, "clasificac": "PROPIEDADES MUNICIPALES", "anio_deuda": 0, "deuda": 0.0, "valor_ip": 0.0, "coactiva": null, "ficharegis": 72767, "etam": 0.1, "diferencia": -0.0037689286, "porc_difer": -4.79203e-05, "admisible": 1, "deuda_anio": 0.0, "2024__csv_": "3-32-11-03-000", "2024__csv1": "425-12-06-2025", "Clavepre": "3-32-11-03-000", "RESOLUCION": "425-12-06-2025", "ORIG_FID": 73 }, "geometry": { "type": "Point", "coordinates": [ -80.72233489413523, -0.980713146136897 ] } },
{ "type": "Feature", "properties": { "id": 92429, "lote_id": 94191, "clavecatas": "3-32-11-10-000", "zona": "3", "sector": "32", "manzana": "11", "lote": "10", "ph": "000", "propietari": "MERO RIVERA ENMA VERONICA", "documentop": "1307307643", "direccion": "PROYECTO HABITACIONAL CONJUNTO DEL PACIFICO MZ D LOTE 10", "area_m2": 78.65, "frente_uti": 5.5, "frente_tot": 5.5, "avaluo_con": 7392.0, "avaluo_sue": 5603.81, "zonaurbano": "URBANA", "parroquia": "MANTA", "esta_bloqu": "NO", "es_tercera": "NO", "tiene_elec": "NO", "tiene_agua": "NO", "tiene_alca": "NO", "observacio": "INGRESO NUEVO INF LUIS LOPEZ 27/12/2018 - CAMBIO DE CLASIFICACIÓN: MEMORANDO MTA-DFIN-MEM-160920211226, TRÁMITE TE090920211550 EN BASE A ART. 509 DEL COOTAD.-SE ACTUALIZA INFORMACION CON ESCRITURA DE ADJ.CON PROH.DE ENAJ.INSCRITA EN EL REG.DE LA PROPIE", "observac_1": "- BLOQUEO MASIVO SOLICITUD DIRCAT 28-12-2018", "barrio": "ATRAS DE URBIRRIOS", "parroquia_": 2, "barrio_id": 1013, "proceso": 0, "fecha_regi": null, "activo_cat": "SI", "desactivad": 0, "avaluo_rem": 0.0, "avaluo_r_1": 0.0, "clasificac": "GENERAL", "anio_deuda": 2026, "deuda": 10.72, "valor_ip": 0.0, "coactiva": null, "ficharegis": 72777, "etam": 0.1, "diferencia": -2.4e-09, "porc_difer": 0.0, "admisible": 1, "deuda_anio": 0.0, "2024__csv_": "3-32-11-10-000", "2024__csv1": "425-12-06-2025", "Clavepre": "3-32-11-10-000", "RESOLUCION": "425-12-06-2025", "ORIG_FID": 74 }, "geometry": { "type": "Point", "coordinates": [ -80.722338558527881, -0.980475783273283 ] } },
{ "type": "Feature", "properties": { "id": 92430, "lote_id": 93545, "clavecatas": "3-32-11-11-000", "zona": "3", "sector": "32", "manzana": "11", "lote": "11", "ph": "000", "propietari": "GOBIERNO AUTONOMO DESCENTRALIZADO  MUNICIPAL MANTA .", "documentop": "1360000980001", "direccion": "PROYECTO HABITACIONAL CONJUNTO DEL PACIFICO MZ D LOTE 11", "area_m2": 82.5, "frente_uti": 5.5, "frente_tot": 5.5, "avaluo_con": 7392.0, "avaluo_sue": 6187.5, "zonaurbano": "URBANA", "parroquia": "TARQUI", "esta_bloqu": "NO", "es_tercera": "NO", "tiene_elec": "NO", "tiene_agua": "NO", "tiene_alca": "NO", "observacio": "INGRESO NUEVO INF LUIS LOPEZ 01/10/2018/// - CAMBIO DE CLASIFICACIÓN: MEMORANDO MTA-DFIN-MEM-160920211226, TRÁMITE TE090920211550 EN BASE A ART. 509 DEL COOTAD.", "observac_1": null, "barrio": "ATRAS DE URBIRRIOS", "parroquia_": 3, "barrio_id": 1013, "proceso": 0, "fecha_regi": null, "activo_cat": "SI", "desactivad": 0, "avaluo_rem": 0.0, "avaluo_r_1": 0.0, "clasificac": "PROPIEDADES MUNICIPALES", "anio_deuda": 0, "deuda": 0.0, "valor_ip": 0.0, "coactiva": null, "ficharegis": 68227, "etam": 0.1, "diferencia": 3.8499999991, "porc_difer": 0.0466666667, "admisible": 1, "deuda_anio": 0.0, "2024__csv_": "3-32-11-11-000", "2024__csv1": "425-12-06-2025", "Clavepre": "3-32-11-11-000", "RESOLUCION": "425-12-06-2025", "ORIG_FID": 75 }, "geometry": { "type": "Point", "coordinates": [ -80.722364852529878, -0.980517919835808 ] } },
{ "type": "Feature", "properties": { "id": 92437, "lote_id": 95172, "clavecatas": "3-32-12-02-000", "zona": "3", "sector": "32", "manzana": "12", "lote": "02", "ph": "000", "propietari": "GOBIERNO AUTONOMO DESCENTRALIZADO MUNICIPAL DEL CANTON MANTA .", "documentop": "1360000980001", "direccion": "PROYECT.HABIT.CONJUNTO DEL PACIFICO MZ E LOTE 02", "area_m2": 79.75, "frente_uti": 5.5, "frente_tot": 5.5, "avaluo_con": 7238.0, "avaluo_sue": 5981.25, "zonaurbano": "URBANA", "parroquia": "TARQUI", "esta_bloqu": "NO", "es_tercera": "NO", "tiene_elec": "SI", "tiene_agua": "SI", "tiene_alca": "SI", "observacio": "INGRESO NUEVO 17/04/19 A.Q. - CAMBIO DE CLASIFICACIÓN: MEMORANDO MTA-DFIN-MEM-160920211226, TRÁMITE TE090920211550 EN BASE A ART. 509 DEL COOTAD.", "observac_1": null, "barrio": "URBIRRIOS X", "parroquia_": 3, "barrio_id": 331, "proceso": 0, "fecha_regi": null, "activo_cat": "SI", "desactivad": 0, "avaluo_rem": 0.0, "avaluo_r_1": 0.0, "clasificac": "PROPIEDADES MUNICIPALES", "anio_deuda": 0, "deuda": 0.0, "valor_ip": 0.0, "coactiva": null, "ficharegis": 72790, "etam": 0.1, "diferencia": -1.9e-08, "porc_difer": -2.0000000000000001e-10, "admisible": 1, "deuda_anio": 0.0, "2024__csv_": "3-32-12-02-000", "2024__csv1": "425-12-06-2025", "Clavepre": "3-32-12-02-000", "RESOLUCION": "425-12-06-2025", "ORIG_FID": 76 }, "geometry": { "type": "Point", "coordinates": [ -80.722654976712889, -0.980569528807608 ] } },
{ "type": "Feature", "properties": { "id": 92438, "lote_id": 95173, "clavecatas": "3-32-12-03-000", "zona": "3", "sector": "32", "manzana": "12", "lote": "03", "ph": "000", "propietari": "GOBIERNO AUTONOMO DESCENTRALIZADO MUNICIPAL DEL CANTON MANTA .", "documentop": "1360000980001", "direccion": "PROYECT.HABIT.CONJUNTO DEL PACIFICO MZ E LOTE 03", "area_m2": 82.5, "frente_uti": 5.5, "frente_tot": 5.5, "avaluo_con": 7392.0, "avaluo_sue": 6187.5, "zonaurbano": "URBANA", "parroquia": "TARQUI", "esta_bloqu": "NO", "es_tercera": "NO", "tiene_elec": "SI", "tiene_agua": "SI", "tiene_alca": "SI", "observacio": "INGRESO NUEVO 17/04/19 A.Q. - CAMBIO DE CLASIFICACIÓN: MEMORANDO MTA-DFIN-MEM-160920211226, TRÁMITE TE090920211550 EN BASE A ART. 509 DEL COOTAD.", "observac_1": null, "barrio": "URBIRIOS", "parroquia_": 3, "barrio_id": 231, "proceso": 0, "fecha_regi": null, "activo_cat": "SI", "desactivad": 0, "avaluo_rem": 0.0, "avaluo_r_1": 0.0, "clasificac": "PROPIEDADES MUNICIPALES", "anio_deuda": 0, "deuda": 0.0, "valor_ip": 0.0, "coactiva": null, "ficharegis": 72793, "etam": 0.1, "diferencia": 2.7499999833, "porc_difer": 0.0333333331, "admisible": 1, "deuda_anio": 0.0, "2024__csv_": "3-32-12-03-000", "2024__csv1": "425-12-06-2025", "Clavepre": "3-32-12-03-000", "RESOLUCION": "425-12-06-2025", "ORIG_FID": 77 }, "geometry": { "type": "Point", "coordinates": [ -80.722628682706386, -0.980527392246217 ] } },
{ "type": "Feature", "properties": { "id": 92439, "lote_id": 95174, "clavecatas": "3-32-12-04-000", "zona": "3", "sector": "32", "manzana": "12", "lote": "04", "ph": "000", "propietari": "GOBIERNO AUTONOMO DESCENTRALIZADO MUNICIPAL DEL CANTON MANTA .", "documentop": "1360000980001", "direccion": "PROYECT.HABIT.CONJUNTO DEL PACIFICO MZ E LOTE 04", "area_m2": 79.75, "frente_uti": 5.5, "frente_tot": 5.5, "avaluo_con": 7392.0, "avaluo_sue": 5981.25, "zonaurbano": "URBANA", "parroquia": "TARQUI", "esta_bloqu": "NO", "es_tercera": "NO", "tiene_elec": "SI", "tiene_agua": "SI", "tiene_alca": "SI", "observacio": "INGRESO NUEVO 17/04/19 A.Q. - CAMBIO DE CLASIFICACIÓN: MEMORANDO MTA-DFIN-MEM-160920211226, TRÁMITE TE090920211550 EN BASE A ART. 509 DEL COOTAD.SE CORRIGE AREA 82.5 A 79.75 M2 15/06/22 ARQ, LUPE LANDA...", "observac_1": null, "barrio": "URBIRIOS", "parroquia_": 3, "barrio_id": 231, "proceso": 0, "fecha_regi": null, "activo_cat": "SI", "desactivad": 0, "avaluo_rem": 0.0, "avaluo_r_1": 0.0, "clasificac": "PROPIEDADES MUNICIPALES", "anio_deuda": 0, "deuda": 0.0, "valor_ip": 0.0, "coactiva": null, "ficharegis": 67837, "etam": 0.1, "diferencia": -3.6e-09, "porc_difer": 0.0, "admisible": 1, "deuda_anio": 0.0, "2024__csv_": "3-32-12-04-000", "2024__csv1": "425-12-06-2025", "Clavepre": "3-32-12-04-000", "RESOLUCION": "425-12-06-2025", "ORIG_FID": 78 }, "geometry": { "type": "Point", "coordinates": [ -80.722602388700437, -0.980485255684813 ] } },
{ "type": "Feature", "properties": { "id": 92443, "lote_id": 93404, "clavecatas": "3-32-12-08-000", "zona": "3", "sector": "32", "manzana": "12", "lote": "08", "ph": "000", "propietari": "GOBIERNO AUTONOMO DESCENTRALIZADO MUNICIPAL DEL CANTON MANTA .", "documentop": "1360000980001", "direccion": "PROYECTO HABITACIONAL CONJUNTO DEL PACIFICO MZ E LOTE 8", "area_m2": 79.75, "frente_uti": 20.0, "frente_tot": 20.0, "avaluo_con": 7392.0, "avaluo_sue": 5981.25, "zonaurbano": "URBANA", "parroquia": "TARQUI", "esta_bloqu": "NO", "es_tercera": "NO", "tiene_elec": "NO", "tiene_agua": "NO", "tiene_alca": "NO", "observacio": "INGRESO NUEVO INF LUIS LOPEZ 03/09/2018 - CAMBIO DE CLASIFICACIÓN: MEMORANDO MTA-DFIN-MEM-160920211226, TRÁMITE TE090920211550 EN BASE A ART. 509 DEL COOTAD.", "observac_1": null, "barrio": "ATRAS DE URBIRRIOS", "parroquia_": 3, "barrio_id": 1013, "proceso": 0, "fecha_regi": null, "activo_cat": "SI", "desactivad": 0, "avaluo_rem": 0.0, "avaluo_r_1": 0.0, "clasificac": "PROPIEDADES MUNICIPALES", "anio_deuda": 0, "deuda": 0.0, "valor_ip": 0.0, "coactiva": null, "ficharegis": 67747, "etam": 0.1, "diferencia": -1.67e-08, "porc_difer": -2.0000000000000001e-10, "admisible": 1, "deuda_anio": 0.0, "2024__csv_": "3-32-12-08-000", "2024__csv1": "425-12-06-2025", "Clavepre": "3-32-12-08-000", "RESOLUCION": "425-12-06-2025", "ORIG_FID": 79 }, "geometry": { "type": "Point", "coordinates": [ -80.722497212682342, -0.980316709438847 ] } },
{ "type": "Feature", "properties": { "id": 92445, "lote_id": 95176, "clavecatas": "3-32-12-10-000", "zona": "3", "sector": "32", "manzana": "12", "lote": "10", "ph": "000", "propietari": "GOBIERNO AUTONOMO DESCENTRALIZADO MUNICIPAL DEL CANTON MANTA .", "documentop": "1360000980001", "direccion": "PROYECT.HABIT.CONJUNTO DEL PACIFICO MZ E LOTE 10", "area_m2": 79.75, "frente_uti": 5.5, "frente_tot": 5.5, "avaluo_con": 7392.0, "avaluo_sue": 5981.25, "zonaurbano": "URBANA", "parroquia": "TARQUI", "esta_bloqu": "NO", "es_tercera": "NO", "tiene_elec": "SI", "tiene_agua": "SI", "tiene_alca": "SI", "observacio": "INGRESO NUEVO 17/04/19 A.Q. - CAMBIO DE CLASIFICACIÓN: MEMORANDO MTA-DFIN-MEM-160920211226, TRÁMITE TE090920211550 EN BASE A ART. 509 DEL COOTAD. SE CORRIGE AREA 82.5 A 79.75 M2 15/06/22 ARQ, LUPE LANDA...", "observac_1": null, "barrio": "URBIRIOS", "parroquia_": 3, "barrio_id": 231, "proceso": 0, "fecha_regi": null, "activo_cat": "SI", "desactivad": 0, "avaluo_rem": 0.0, "avaluo_r_1": 0.0, "clasificac": "PROPIEDADES MUNICIPALES", "anio_deuda": 0, "deuda": 0.0, "valor_ip": 0.0, "coactiva": null, "ficharegis": 0, "etam": 0.1, "diferencia": -6.9e-09, "porc_difer": -1e-10, "admisible": 1, "deuda_anio": 0.0, "2024__csv_": "3-32-12-10-000", "2024__csv1": "425-12-06-2025", "Clavepre": "3-32-12-10-000", "RESOLUCION": "425-12-06-2025", "ORIG_FID": 80 }, "geometry": { "type": "Point", "coordinates": [ -80.722633866692803, -0.980289068608613 ] } },
{ "type": "Feature", "properties": { "id": 92454, "lote_id": 95179, "clavecatas": "3-32-13-03-000", "zona": "3", "sector": "32", "manzana": "13", "lote": "03", "ph": "000", "propietari": "GOBIERNO AUTONOMO DESCENTRALIZADO MUNICIPAL DEL CANTON MANTA .", "documentop": "1360000980001", "direccion": "PROYECT.HABIT.CONJUNTO DEL PACIFICO MZ F LOTE 03", "area_m2": 82.5, "frente_uti": 11.0, "frente_tot": 11.0, "avaluo_con": 7392.0, "avaluo_sue": 6187.5, "zonaurbano": "URBANA", "parroquia": "TARQUI", "esta_bloqu": "NO", "es_tercera": "NO", "tiene_elec": "SI", "tiene_agua": "SI", "tiene_alca": "SI", "observacio": "INGRESO NUEVO 17/04/19 A.Q. - CAMBIO DE CLASIFICACIÓN: MEMORANDO MTA-DFIN-MEM-160920211226, TRÁMITE TE090920211550 EN BASE A ART. 509 DEL COOTAD.", "observac_1": null, "barrio": "URBIRIOS", "parroquia_": 3, "barrio_id": 231, "proceso": 0, "fecha_regi": null, "activo_cat": "SI", "desactivad": 0, "avaluo_rem": 0.0, "avaluo_r_1": 0.0, "clasificac": "PROPIEDADES MUNICIPALES", "anio_deuda": 0, "deuda": 0.0, "valor_ip": 0.0, "coactiva": null, "ficharegis": 72813, "etam": 0.1, "diferencia": -1.23e-08, "porc_difer": -1e-10, "admisible": 1, "deuda_anio": 0.0, "2024__csv_": "3-32-13-03-000", "2024__csv1": "425-12-06-2025", "Clavepre": "3-32-13-03-000", "RESOLUCION": "425-12-06-2025", "ORIG_FID": 81 }, "geometry": { "type": "Point", "coordinates": [ -80.72197287709146, -0.979902420694282 ] } },
{ "type": "Feature", "properties": { "id": 92457, "lote_id": 94465, "clavecatas": "3-32-13-06-000", "zona": "3", "sector": "32", "manzana": "13", "lote": "06", "ph": "000", "propietari": "GOBIERNO AUTONOMO DESCENTRALIZADO  MUNICIPAL MANTA .", "documentop": "1360000980001", "direccion": "PROYECTO HABITACIONAL CONJUNTO DEL PACIFICO MZ F LOTE 6", "area_m2": 82.5, "frente_uti": 5.5, "frente_tot": 5.5, "avaluo_con": 7392.0, "avaluo_sue": 6187.5, "zonaurbano": "URBANA", "parroquia": "MANTA", "esta_bloqu": "NO", "es_tercera": "NO", "tiene_elec": "NO", "tiene_agua": "NO", "tiene_alca": "NO", "observacio": "INGRESO NUEVO INF LUIS LOEPZ 08/02/2019// - Cambio de Clasificación: Memorando MTA-DFIN-MEM-160920211226, trámite TE090920211550 en base a Art. 509 del COOTAD.", "observac_1": null, "barrio": "ATRAS DE URBIRRIOS", "parroquia_": 2, "barrio_id": 1013, "proceso": 0, "fecha_regi": null, "activo_cat": "SI", "desactivad": 0, "avaluo_rem": 0.0, "avaluo_r_1": 0.0, "clasificac": "PROPIEDADES MUNICIPALES", "anio_deuda": 0, "deuda": 0.0, "valor_ip": 0.0, "coactiva": null, "ficharegis": 0, "etam": 0.1, "diferencia": -1.18e-08, "porc_difer": -1e-10, "admisible": 1, "deuda_anio": 0.0, "2024__csv_": "3-32-13-06-000", "2024__csv1": "425-12-06-2025", "Clavepre": "3-32-13-06-000", "RESOLUCION": "425-12-06-2025", "ORIG_FID": 82 }, "geometry": { "type": "Point", "coordinates": [ -80.722052494584517, -0.980028362307929 ] } },
{ "type": "Feature", "properties": { "id": 92463, "lote_id": 93494, "clavecatas": "3-32-13-12-000", "zona": "3", "sector": "32", "manzana": "13", "lote": "12", "ph": "000", "propietari": "GOBIERNO AUTONOMO DESCENTRALIZADO MUNICIPAL DEL CANTON MANTA .", "documentop": "1360000980001", "direccion": "PROYECTO HABITACIONAL CONJUNTO DEL PACIFICO MZ F LOTE 12", "area_m2": 82.5, "frente_uti": 5.5, "frente_tot": 5.5, "avaluo_con": 7392.0, "avaluo_sue": 6187.5, "zonaurbano": "URBANA", "parroquia": "TARQUI", "esta_bloqu": "NO", "es_tercera": "NO", "tiene_elec": "NO", "tiene_agua": "NO", "tiene_alca": "NO", "observacio": "INGRESO NUEVO INF LUIS LOPEZ 18/09/2018//\r\nSE INGRESÓ IMÁGENES \r\nACTUALIZACIÓN\r\nINF. ARQ. PATRICIO LEÓN\r\n26/SEPT./2018 - CAMBIO DE CLASIFICACIÓN: MEMORANDO MTA-DFIN-MEM-160920211226, TRÁMITE TE090920211550 EN BASE A ART. 509 DEL COOTAD.", "observac_1": null, "barrio": "ATRAS DE URBIRRIOS", "parroquia_": 3, "barrio_id": 1013, "proceso": 0, "fecha_regi": null, "activo_cat": "SI", "desactivad": 0, "avaluo_rem": 0.0, "avaluo_r_1": 0.0, "clasificac": "PROPIEDADES MUNICIPALES", "anio_deuda": 0, "deuda": 0.0, "valor_ip": 0.0, "coactiva": null, "ficharegis": 67873, "etam": 0.1, "diferencia": -6.4e-09, "porc_difer": -1e-10, "admisible": 1, "deuda_anio": 0.0, "2024__csv_": "3-32-13-12-000", "2024__csv1": "425-12-06-2025", "Clavepre": "3-32-13-12-000", "RESOLUCION": "425-12-06-2025", "ORIG_FID": 83 }, "geometry": { "type": "Point", "coordinates": [ -80.722211729586078, -0.980280245534348 ] } },
{ "type": "Feature", "properties": { "id": 92464, "lote_id": 93396, "clavecatas": "3-32-13-13-000", "zona": "3", "sector": "32", "manzana": "13", "lote": "13", "ph": "000", "propietari": "GOBIERNO AUTONOMO DESCENTRALIZADO MUNICIPAL DEL CANTON MANTA .", "documentop": "1360000980001", "direccion": "PROYECTO HABITACIONAL CONJUNTO DEL PACIFICO MZ F LOTE 13", "area_m2": 82.5, "frente_uti": 5.5, "frente_tot": 5.5, "avaluo_con": 7392.0, "avaluo_sue": 6187.5, "zonaurbano": "URBANA", "parroquia": "TARQUI", "esta_bloqu": "NO", "es_tercera": "NO", "tiene_elec": "NO", "tiene_agua": "NO", "tiene_alca": "NO", "observacio": "INGRESO NUEVO INF LUIS LOPEZ 03/09/2018// - CAMBIO DE CLASIFICACIÓN: MEMORANDO MTA-DFIN-MEM-160920211226, TRÁMITE TE090920211550 EN BASE A ART. 509 DEL COOTAD.", "observac_1": null, "barrio": "ATRAS DE URBIRRIOS", "parroquia_": 3, "barrio_id": 1013, "proceso": 0, "fecha_regi": null, "activo_cat": "SI", "desactivad": 0, "avaluo_rem": 0.0, "avaluo_r_1": 0.0, "clasificac": "PROPIEDADES MUNICIPALES", "anio_deuda": 0, "deuda": 0.0, "valor_ip": 0.0, "coactiva": null, "ficharegis": 67768, "etam": 0.1, "diferencia": -1.14e-08, "porc_difer": -1e-10, "admisible": 1, "deuda_anio": 0.0, "2024__csv_": "3-32-13-13-000", "2024__csv1": "425-12-06-2025", "Clavepre": "3-32-13-13-000", "RESOLUCION": "425-12-06-2025", "ORIG_FID": 84 }, "geometry": { "type": "Point", "coordinates": [ -80.722238268755007, -0.980322226071965 ] } },
{ "type": "Feature", "properties": { "id": 92470, "lote_id": 95186, "clavecatas": "3-32-14-05-000", "zona": "3", "sector": "32", "manzana": "14", "lote": "05", "ph": "000", "propietari": "GOBIERNO AUTONOMO DESCENTRALIZADO MUNICIPAL DEL CANTON MANTA .", "documentop": "1360000980001", "direccion": "PROYECT.HABIT.CONJUNTO DEL PACIFICO MZ G LOTE 05", "area_m2": 82.5, "frente_uti": 5.5, "frente_tot": 5.5, "avaluo_con": 7392.0, "avaluo_sue": 6187.5, "zonaurbano": "URBANA", "parroquia": "TARQUI", "esta_bloqu": "NO", "es_tercera": "NO", "tiene_elec": "SI", "tiene_agua": "SI", "tiene_alca": "SI", "observacio": "INGRESO NUEVO 17/04/19 A.Q. - CAMBIO DE CLASIFICACIÓN: MEMORANDO MTA-DFIN-MEM-160920211226, TRÁMITE TE090920211550 EN BASE A ART. 509 DEL COOTAD.", "observac_1": null, "barrio": "URBIRIOS", "parroquia_": 3, "barrio_id": 231, "proceso": 0, "fecha_regi": null, "activo_cat": "SI", "desactivad": 0, "avaluo_rem": 0.0, "avaluo_r_1": 0.0, "clasificac": "PROPIEDADES MUNICIPALES", "anio_deuda": 0, "deuda": 0.0, "valor_ip": 0.0, "coactiva": null, "ficharegis": 72809, "etam": 0.1, "diferencia": -1.25e-08, "porc_difer": -2.0000000000000001e-10, "admisible": 1, "deuda_anio": 0.0, "2024__csv_": "3-32-14-05-000", "2024__csv1": "425-12-06-2025", "Clavepre": "3-32-14-05-000", "RESOLUCION": "425-12-06-2025", "ORIG_FID": 85 }, "geometry": { "type": "Point", "coordinates": [ -80.722320925101187, -0.980033362052137 ] } },
{ "type": "Feature", "properties": { "id": 92471, "lote_id": 95187, "clavecatas": "3-32-14-06-000", "zona": "3", "sector": "32", "manzana": "14", "lote": "06", "ph": "000", "propietari": "GOBIERNO AUTONOMO DESCENTRALIZADO MUNICIPAL DEL CANTON MANTA .", "documentop": "1360000980001", "direccion": "PROYECT.HABIT.CONJUNTO DEL PACIFICO MZ G LOTE 06", "area_m2": 82.5, "frente_uti": 5.5, "frente_tot": 5.5, "avaluo_con": 7392.0, "avaluo_sue": 6187.5, "zonaurbano": "URBANA", "parroquia": "TARQUI", "esta_bloqu": "NO", "es_tercera": "NO", "tiene_elec": "SI", "tiene_agua": "SI", "tiene_alca": "SI", "observacio": "INGRESO NUEVO 17/04/19 A.Q. - CAMBIO DE CLASIFICACIÓN: MEMORANDO MTA-DFIN-MEM-160920211226, TRÁMITE TE090920211550 EN BASE A ART. 509 DEL COOTAD.", "observac_1": null, "barrio": "URBIRIOS", "parroquia_": 3, "barrio_id": 231, "proceso": 0, "fecha_regi": null, "activo_cat": "SI", "desactivad": 0, "avaluo_rem": 0.0, "avaluo_r_1": 0.0, "clasificac": "PROPIEDADES MUNICIPALES", "anio_deuda": 0, "deuda": 0.0, "valor_ip": 0.0, "coactiva": null, "ficharegis": 72810, "etam": 0.1, "diferencia": -4.5e-09, "porc_difer": -1e-10, "admisible": 1, "deuda_anio": 0.0, "2024__csv_": "3-32-14-06-000", "2024__csv1": "425-12-06-2025", "Clavepre": "3-32-14-06-000", "RESOLUCION": "425-12-06-2025", "ORIG_FID": 86 }, "geometry": { "type": "Point", "coordinates": [ -80.722294385932301, -0.979991381515463 ] } },
{ "type": "Feature", "properties": { "id": 92476, "lote_id": 95191, "clavecatas": "3-32-14-11-000", "zona": "3", "sector": "32", "manzana": "14", "lote": "11", "ph": "000", "propietari": "GOBIERNO AUTONOMO DESCENTRALIZADO MUNICIPAL DEL CANTON MANTA .", "documentop": "1360000980001", "direccion": "PROYECT.HABIT.CONJUNTO DEL PACIFICO MZ G LOTE 11", "area_m2": 82.5, "frente_uti": 5.5, "frente_tot": 5.5, "avaluo_con": 7392.0, "avaluo_sue": 6187.5, "zonaurbano": "URBANA", "parroquia": "TARQUI", "esta_bloqu": "NO", "es_tercera": "NO", "tiene_elec": "SI", "tiene_agua": "SI", "tiene_alca": "SI", "observacio": "INGRESO NUEVO 17/04/19 A.Q. - CAMBIO DE CLASIFICACIÓN: MEMORANDO MTA-DFIN-MEM-160920211226, TRÁMITE TE090920211550 EN BASE A ART. 509 DEL COOTAD.", "observac_1": null, "barrio": "URBIRIOS", "parroquia_": 3, "barrio_id": 231, "proceso": 0, "fecha_regi": null, "activo_cat": "SI", "desactivad": 0, "avaluo_rem": 0.0, "avaluo_r_1": 0.0, "clasificac": "PROPIEDADES MUNICIPALES", "anio_deuda": 0, "deuda": 0.0, "valor_ip": 0.0, "coactiva": null, "ficharegis": 72812, "etam": 0.1, "diferencia": -5.4e-09, "porc_difer": -1e-10, "admisible": 1, "deuda_anio": 0.0, "2024__csv_": "3-32-14-11-000", "2024__csv1": "425-12-06-2025", "Clavepre": "3-32-14-11-000", "RESOLUCION": "425-12-06-2025", "ORIG_FID": 87 }, "geometry": { "type": "Point", "coordinates": [ -80.722161690096414, -0.979781478831593 ] } },
{ "type": "Feature", "properties": { "id": 92477, "lote_id": 93608, "clavecatas": "3-32-14-12-000", "zona": "3", "sector": "32", "manzana": "14", "lote": "12", "ph": "000", "propietari": "GOBIERNO AUTONOMO DESCENTRALIZADO MUNICIPAL DEL CANTON MANTA .", "documentop": "1360000980001", "direccion": "PROY.HAB.CONJUNTO DEL PACIFICO MZ G LOTE 12", "area_m2": 82.5, "frente_uti": 5.5, "frente_tot": 5.5, "avaluo_con": 0.0, "avaluo_sue": 6187.5, "zonaurbano": "URBANA", "parroquia": "TARQUI", "esta_bloqu": "NO", "es_tercera": "NO", "tiene_elec": "SI", "tiene_agua": "SI", "tiene_alca": "SI", "observacio": "INGRESO NUEVO DE ACUERDO A PROTOCOLIZACION DE PLANOS.09/10/2018  - CAMBIO DE CLASIFICACIÓN: MEMORANDO MTA-DFIN-MEM-160920211226, TRÁMITE TE090920211550 EN BASE A ART. 509 DEL COOTAD.", "observac_1": null, "barrio": "URBIRIOS", "parroquia_": 3, "barrio_id": 231, "proceso": 0, "fecha_regi": null, "activo_cat": "SI", "desactivad": 0, "avaluo_rem": 0.0, "avaluo_r_1": 0.0, "clasificac": "PROPIEDADES MUNICIPALES", "anio_deuda": 0, "deuda": 0.0, "valor_ip": 0.0, "coactiva": null, "ficharegis": 67901, "etam": 0.1, "diferencia": -2.31e-08, "porc_difer": -3e-10, "admisible": 1, "deuda_anio": 0.0, "2024__csv_": "3-32-14-12-000", "2024__csv1": "425-12-06-2025", "Clavepre": "3-32-14-12-000", "RESOLUCION": "425-12-06-2025", "ORIG_FID": 88 }, "geometry": { "type": "Point", "coordinates": [ -80.722135150930939, -0.979739498294708 ] } },
{ "type": "Feature", "properties": { "id": 92479, "lote_id": 94239, "clavecatas": "3-32-14-14-000", "zona": "3", "sector": "32", "manzana": "14", "lote": "14", "ph": "000", "propietari": "GOBIERNO AUTONOMO DESCENTRALIZADO MUNICIPAL DEL CANTON MANTA .", "documentop": "1360000980001", "direccion": "PROYECTO HABITACIONAL CONJUNTO DEL PACIFICO MZ G LOTE 14", "area_m2": 82.5, "frente_uti": 5.5, "frente_tot": 5.5, "avaluo_con": 7392.0, "avaluo_sue": 6187.5, "zonaurbano": "URBANA", "parroquia": "TARQUI", "esta_bloqu": "NO", "es_tercera": "NO", "tiene_elec": "NO", "tiene_agua": "NO", "tiene_alca": "NO", "observacio": "INGRESO NUEVO INF LUIS LOPEZ 08/01/2019 - CAMBIO DE CLASIFICACIÓN: MEMORANDO MTA-DFIN-MEM-160920211226, TRÁMITE TE090920211550 EN BASE A ART. 509 DEL COOTAD.", "observac_1": null, "barrio": "ATRAS DE URBIRRIOS", "parroquia_": 3, "barrio_id": 1013, "proceso": 0, "fecha_regi": null, "activo_cat": "SI", "desactivad": 0, "avaluo_rem": 0.0, "avaluo_r_1": 0.0, "clasificac": "PROPIEDADES MUNICIPALES", "anio_deuda": 0, "deuda": 0.0, "valor_ip": 0.0, "coactiva": null, "ficharegis": 68178, "etam": 0.1, "diferencia": -5.6e-09, "porc_difer": -1e-10, "admisible": 1, "deuda_anio": 0.0, "2024__csv_": "3-32-14-14-000", "2024__csv1": "425-12-06-2025", "Clavepre": "3-32-14-14-000", "RESOLUCION": "425-12-06-2025", "ORIG_FID": 89 }, "geometry": { "type": "Point", "coordinates": [ -80.722082072601737, -0.979655537220875 ] } },
{ "type": "Feature", "properties": { "id": 92554, "lote_id": 68164, "clavecatas": "3-32-18-13-000", "zona": "3", "sector": "32", "manzana": "18", "lote": "13", "ph": "000", "propietari": "MOREIRA BAILON  WILSON EUGENIO", "documentop": "1309642724", "direccion": "MZ-M3  LT.13 URBIRRIOS I", "area_m2": 120.0, "frente_uti": 8.0, "frente_tot": 8.0, "avaluo_con": 724.71, "avaluo_sue": 8400.0, "zonaurbano": "URBANA", "parroquia": "TARQUI", "esta_bloqu": "NO", "es_tercera": "NO", "tiene_elec": "SI", "tiene_agua": "SI", "tiene_alca": "NO", "observacio": "INF. AMPARO Q. OCT. 29/2003 MR C-3488-03\r\nSE MODIF.NOMBRE X DEPURAC.26/06/12 A.Q.- SE ACTUALIZA INFORMACIÓN CON ESCRITURA DE COMPRAVENTA INSCRITA EN EL REGISTRO DE LA PROPIEDAD 31/07/2025.-KSOP.", "observac_1": null, "barrio": "URBIRRIOS X", "parroquia_": 3, "barrio_id": 331, "proceso": 1, "fecha_regi": null, "activo_cat": "SI", "desactivad": 0, "avaluo_rem": 0.0, "avaluo_r_1": 0.0, "clasificac": "GENERAL", "anio_deuda": 0, "deuda": 0.0, "valor_ip": 0.0, "coactiva": null, "ficharegis": 88277, "etam": 0.0912870929, "diferencia": -0.4387025905, "porc_difer": -0.0036558549, "admisible": 1, "deuda_anio": 0.0, "2024__csv_": "3-32-18-13-000", "2024__csv1": "357-23-01-2025", "Clavepre": "3-32-18-13-000", "RESOLUCION": "357-23-01-2025", "ORIG_FID": 90 }, "geometry": { "type": "Point", "coordinates": [ -80.724897298965175, -0.98287776064959 ] } },
{ "type": "Feature", "properties": { "id": 92559, "lote_id": 68169, "clavecatas": "3-32-18-18-000", "zona": "3", "sector": "32", "manzana": "18", "lote": "18", "ph": "000", "propietari": "GOBIERNO AUTONOMO DESCENTRALIZADO MUNICIPAL DEL CANTON MANTA .", "documentop": "1360000980001", "direccion": "MZ-M3 LOTE 18 LOT.URBIRRIOS I", "area_m2": 120.0, "frente_uti": 8.0, "frente_tot": 0.0, "avaluo_con": 16107.1, "avaluo_sue": 8400.0, "zonaurbano": "URBANA", "parroquia": "TARQUI", "esta_bloqu": "NO", "es_tercera": "NO", "tiene_elec": "SI", "tiene_agua": "SI", "tiene_alca": "NO", "observacio": "INF. AMPARO Q. OCT. 29/2003 MR C-3493-03 SE ING. CON MEMO10638 DE SEPT. 3/08 CON INF. AMPARO 09-08-08 MARSE MODIF.NOMBRE X DEPURAC.26/06/12 A.Q.INF. PARA CERTIFICADO INGRESADO POR VENTANILLA REIZADO POR  LCDA MARIA MARISOL ARTEAGA RIVAS,  26 DE NOVIEMBRE", "observac_1": null, "barrio": "URBIRRIOS X", "parroquia_": 3, "barrio_id": 331, "proceso": 1, "fecha_regi": null, "activo_cat": "SI", "desactivad": 0, "avaluo_rem": 0.0, "avaluo_r_1": 0.0, "clasificac": "DEPURACION CATASTRO", "anio_deuda": 2026, "deuda": 36.52, "valor_ip": 0.0, "coactiva": null, "ficharegis": 68603, "etam": 0.0912870929, "diferencia": -14.246011860499999, "porc_difer": -0.1187167655, "admisible": 0, "deuda_anio": 0.0, "2024__csv_": "3-32-18-18-000", "2024__csv1": "357-23-01-2025", "Clavepre": "3-32-18-18-000", "RESOLUCION": "357-23-01-2025", "ORIG_FID": 91 }, "geometry": { "type": "Point", "coordinates": [ -80.725156590763575, -0.982624597528129 ] } },
{ "type": "Feature", "properties": { "id": 92564, "lote_id": 68174, "clavecatas": "3-32-18-23-000", "zona": "3", "sector": "32", "manzana": "18", "lote": "23", "ph": "000", "propietari": "RODRIGUEZ VINCES JOHANNA S/E/GAD MANTA", "documentop": ".", "direccion": "MZ-M3 LT. 23 URBIRIOS", "area_m2": 120.0, "frente_uti": 8.0, "frente_tot": 0.0, "avaluo_con": 0.0, "avaluo_sue": 8400.0, "zonaurbano": "URBANA", "parroquia": "TARQUI", "esta_bloqu": "NO", "es_tercera": "NO", "tiene_elec": "SI", "tiene_agua": "SI", "tiene_alca": "NO", "observacio": "INF. AMPARO Q. OCT. 29/2003 MR C-3499-03\r\nSE MODIF.NOMBRE X DEPURAC.26/06/12 A.Q.", "observac_1": null, "barrio": "URBIRRIOS X", "parroquia_": 3, "barrio_id": 331, "proceso": 1, "fecha_regi": null, "activo_cat": "SI", "desactivad": 0, "avaluo_rem": 0.0, "avaluo_r_1": 0.0, "clasificac": "DEPURACION CATASTRO", "anio_deuda": 2006, "deuda": 687.45, "valor_ip": 0.0, "coactiva": null, "ficharegis": 0, "etam": 0.0912870929, "diferencia": -0.4095883061, "porc_difer": -0.0034132359, "admisible": 1, "deuda_anio": 0.0, "2024__csv_": "3-32-18-23-000", "2024__csv1": "357-23-01-2025", "Clavepre": "3-32-18-23-000", "RESOLUCION": "357-23-01-2025", "ORIG_FID": 92 }, "geometry": { "type": "Point", "coordinates": [ -80.72501703105884, -0.982561934354014 ] } },
{ "type": "Feature", "properties": { "id": 92599, "lote_id": 68209, "clavecatas": "3-32-36-08-000", "zona": "3", "sector": "32", "manzana": "36", "lote": "08", "ph": "000", "propietari": "MIELES PALMA OLAYA AMARITZI", "documentop": "1309624524", "direccion": "MZ-G2 LT. 08 URBIRRIOS I.", "area_m2": 120.0, "frente_uti": 8.0, "frente_tot": 8.0, "avaluo_con": 7377.22, "avaluo_sue": 8760.0, "zonaurbano": "URBANA", "parroquia": "TARQUI", "esta_bloqu": "NO", "es_tercera": "NO", "tiene_elec": "SI", "tiene_agua": "SI", "tiene_alca": "NO", "observacio": "C-4060-03.-SE MODIF.NOMBRE X DEPURAC.26/06/12 A.Q.-SE ACTUALIZA INFORMACION CON ESCRITURA DE ADJ.CON PROH.DE ENAJ.INSCRITA EN EL REG.DE LA PROPIEDAD 12/03/2025 Y.C.S.-", "observac_1": null, "barrio": "URBIRRIOS X", "parroquia_": 3, "barrio_id": 331, "proceso": 1, "fecha_regi": null, "activo_cat": "SI", "desactivad": 0, "avaluo_rem": 0.0, "avaluo_r_1": 0.0, "clasificac": "GENERAL", "anio_deuda": 2026, "deuda": 18.7, "valor_ip": 0.0, "coactiva": null, "ficharegis": 87435, "etam": 0.0912870929, "diferencia": -7.3674266632999998, "porc_difer": -0.0613952222, "admisible": 1, "deuda_anio": 0.0, "2024__csv_": "3-32-36-08-000", "2024__csv1": "357-23-01-2025", "Clavepre": "3-32-36-08-000", "RESOLUCION": "357-23-01-2025", "ORIG_FID": 93 }, "geometry": { "type": "Point", "coordinates": [ -80.723537552885958, -0.981366318144456 ] } },
{ "type": "Feature", "properties": { "id": 92664, "lote_id": 68270, "clavecatas": "3-32-44-06-000", "zona": "3", "sector": "32", "manzana": "44", "lote": "06", "ph": "000", "propietari": "MENDOZA MACIAS JOSE S/E /GAD MANTA", "documentop": ".", "direccion": "MZ-G1 LT. 06 URBIRIOS", "area_m2": 120.0, "frente_uti": 8.0, "frente_tot": 0.0, "avaluo_con": 0.0, "avaluo_sue": 8760.0, "zonaurbano": "URBANA", "parroquia": "TARQUI", "esta_bloqu": "NO", "es_tercera": "NO", "tiene_elec": "SI", "tiene_agua": "SI", "tiene_alca": "NO", "observacio": "C-4022-03.-SE MODIF.NOMBRE X DEPURAC.26/06/12 A.Q.", "observac_1": null, "barrio": "URBIRRIOS X", "parroquia_": 3, "barrio_id": 331, "proceso": 1, "fecha_regi": null, "activo_cat": "SI", "desactivad": 0, "avaluo_rem": 0.0, "avaluo_r_1": 0.0, "clasificac": "DEPURACION CATASTRO", "anio_deuda": 2003, "deuda": 734.66, "valor_ip": 0.0, "coactiva": null, "ficharegis": 0, "etam": 0.0912870929, "diferencia": 5.9160828919000004, "porc_difer": 0.0493006908, "admisible": 1, "deuda_anio": 0.0, "2024__csv_": "3-32-44-06-000", "2024__csv1": "357-23-01-2025", "Clavepre": "3-32-44-06-000", "RESOLUCION": "357-23-01-2025", "ORIG_FID": 94 }, "geometry": { "type": "Point", "coordinates": [ -80.723593047267158, -0.981746383370255 ] } },
{ "type": "Feature", "properties": { "id": 92644, "lote_id": 68250, "clavecatas": "3-32-42-02-000", "zona": "3", "sector": "32", "manzana": "42", "lote": "02", "ph": "000", "propietari": "MONTALUISA LOPEZ EMILY MISHELLE", "documentop": "1315255602", "direccion": "MZ-I-4 LT. 02 URBANIZACIÓN  URBIRRIOS", "area_m2": 120.0, "frente_uti": 8.0, "frente_tot": 8.0, "avaluo_con": 6042.0, "avaluo_sue": 8760.0, "zonaurbano": "URBANA", "parroquia": "TARQUI", "esta_bloqu": "NO", "es_tercera": "NO", "tiene_elec": "SI", "tiene_agua": "SI", "tiene_alca": "NO", "observacio": "C-3958-03.-SE MODIF.NOMBRE X DEPURAC.26/06/12 A.Q.-WEB-SE ACTUALIZA INF CON ESCRITURA DE CVTA INSCRITA EN EL REG. DE LA PROPIEDAD.23/06/2025 GGV", "observac_1": null, "barrio": "URBIRRIOS X", "parroquia_": 3, "barrio_id": 331, "proceso": 1, "fecha_regi": null, "activo_cat": "SI", "desactivad": 0, "avaluo_rem": 0.0, "avaluo_r_1": 0.0, "clasificac": "GENERAL", "anio_deuda": 2026, "deuda": 18.57, "valor_ip": 0.0, "coactiva": null, "ficharegis": 86102, "etam": 0.0912870929, "diferencia": -3.6617862688999998, "porc_difer": -0.0305148856, "admisible": 1, "deuda_anio": 0.0, "2024__csv_": "3-32-42-02-000", "2024__csv1": "357-23-01-2025", "Clavepre": "3-32-42-02-000", "RESOLUCION": "357-23-01-2025", "ORIG_FID": 95 }, "geometry": { "type": "Point", "coordinates": [ -80.720812410190547, -0.98281769656156 ] } },
{ "type": "Feature", "properties": { "id": 92645, "lote_id": 68251, "clavecatas": "3-32-42-03-000", "zona": "3", "sector": "32", "manzana": "42", "lote": "03", "ph": "000", "propietari": "GOBIERNO AUTONOMO DESCENTRALIZADO  MUNICIPAL MANTA .", "documentop": "1360000980001", "direccion": "MZ-I-4 LT. 03 URBIRIOS", "area_m2": 120.0, "frente_uti": 8.0, "frente_tot": 0.0, "avaluo_con": 0.0, "avaluo_sue": 8760.0, "zonaurbano": "URBANA", "parroquia": "TARQUI", "esta_bloqu": "NO", "es_tercera": "NO", "tiene_elec": "SI", "tiene_agua": "SI", "tiene_alca": "NO", "observacio": "C-3959-03.-SE MODIF.NOMBRE X DEPURAC.26/06/12 A.Q.", "observac_1": null, "barrio": "URBIRRIOS X", "parroquia_": 3, "barrio_id": 331, "proceso": 1, "fecha_regi": null, "activo_cat": "SI", "desactivad": 0, "avaluo_rem": 0.0, "avaluo_r_1": 0.0, "clasificac": "DEPURACION CATASTRO", "anio_deuda": 2026, "deuda": 12.03, "valor_ip": 0.0, "coactiva": null, "ficharegis": 0, "etam": 0.0912870929, "diferencia": -2.9805547578999998, "porc_difer": -0.0248379563, "admisible": 1, "deuda_anio": 0.0, "2024__csv_": "3-32-42-03-000", "2024__csv1": "357-23-01-2025", "Clavepre": "3-32-42-03-000", "RESOLUCION": "357-23-01-2025", "ORIG_FID": 96 }, "geometry": { "type": "Point", "coordinates": [ -80.720743625552089, -0.982847434986665 ] } },
{ "type": "Feature", "properties": { "id": 92683, "lote_id": 68289, "clavecatas": "3-32-44-25-000", "zona": "3", "sector": "32", "manzana": "44", "lote": "25", "ph": "000", "propietari": "SANTOS OTERO EDISON CLEMENTE S/E/GAD MANTA", "documentop": ".", "direccion": "URBIRIOS MZ-G1 L-25", "area_m2": 110.24, "frente_uti": 8.0, "frente_tot": 0.0, "avaluo_con": 0.0, "avaluo_sue": 8047.52, "zonaurbano": "URBANA", "parroquia": "TARQUI", "esta_bloqu": "NO", "es_tercera": "NO", "tiene_elec": "SI", "tiene_agua": "SI", "tiene_alca": "NO", "observacio": "-NUEVO INGRESO SELLO REDISEÑO AMPARO Q.09/11/07 Y.C.S.- SE INGRESA CON MEMO 10637 REV. X AMPARO 09-08-07 MAR.-SE MODIF.NOMBRE X DEPURAC.26/06/12 A.Q.", "observac_1": null, "barrio": "OTRAS AREAS", "parroquia_": 3, "barrio_id": 0, "proceso": 1, "fecha_regi": null, "activo_cat": "SI", "desactivad": 0, "avaluo_rem": 0.0, "avaluo_r_1": 0.0, "clasificac": "DEPURACION CATASTRO", "anio_deuda": 2012, "deuda": 487.46, "valor_ip": 0.0, "coactiva": null, "ficharegis": 0, "etam": 0.0952424147, "diferencia": 17.906809563900001, "porc_difer": 0.1624347747, "admisible": 0, "deuda_anio": 0.0, "2024__csv_": "3-32-44-25-000", "2024__csv1": "357-23-01-2025", "Clavepre": "3-32-44-25-000", "RESOLUCION": "357-23-01-2025", "ORIG_FID": 97 }, "geometry": { "type": "Point", "coordinates": [ -80.723890637785118, -0.981290647723437 ] } },
{ "type": "Feature", "properties": { "id": 92689, "lote_id": 68295, "clavecatas": "3-32-44-31-000", "zona": "3", "sector": "32", "manzana": "44", "lote": "31", "ph": "000", "propietari": "MICROEMPRESA DE TAGUA S/E/GAD MANTA", "documentop": ".", "direccion": "URBIRIOS MZ-G1 L-31", "area_m2": 209.1, "frente_uti": 26.5, "frente_tot": 0.0, "avaluo_con": 0.0, "avaluo_sue": 15264.3, "zonaurbano": "URBANA", "parroquia": "TARQUI", "esta_bloqu": "NO", "es_tercera": "NO", "tiene_elec": "SI", "tiene_agua": "SI", "tiene_alca": "NO", "observacio": "-NUEVO INGRESO SELLO REDISEÑO AMPARO Q.09/11/07 Y.C.S.-SE INGRESA NOMBRE SIN FICHA PARA DEPURAC.10/07/12 A.Q.", "observac_1": null, "barrio": "OTRAS AREAS", "parroquia_": 3, "barrio_id": 0, "proceso": 1, "fecha_regi": null, "activo_cat": "SI", "desactivad": 0, "avaluo_rem": 0.0, "avaluo_r_1": 0.0, "clasificac": "DEPURACION CATASTRO", "anio_deuda": 2009, "deuda": 2030.74, "valor_ip": 0.0, "coactiva": null, "ficharegis": 0, "etam": 0.1383098083, "diferencia": 89.362436057899998, "porc_difer": 0.4273669826, "admisible": 0, "deuda_anio": 0.0, "2024__csv_": "3-32-44-31-000", "2024__csv1": "357-23-01-2025", "Clavepre": "3-32-44-31-000", "RESOLUCION": "357-23-01-2025", "ORIG_FID": 98 }, "geometry": { "type": "Point", "coordinates": [ -80.724057929563926, -0.981153957056192 ] } },
{ "type": "Feature", "properties": { "id": 92734, "lote_id": 68339, "clavecatas": "3-32-50-13-000", "zona": "3", "sector": "32", "manzana": "50", "lote": "13", "ph": "000", "propietari": "GUERRERO PIN MERCEDES S/E/GAD MANTA", "documentop": "1307233021", "direccion": "URBIRIOS MZ G L-13", "area_m2": 120.0, "frente_uti": 23.0, "frente_tot": 0.0, "avaluo_con": 0.0, "avaluo_sue": 8760.0, "zonaurbano": "URBANA", "parroquia": "TARQUI", "esta_bloqu": "NO", "es_tercera": "NO", "tiene_elec": "SI", "tiene_agua": "SI", "tiene_alca": "NO", "observacio": "INGRESO NUEVO CON INF. DE AMPARO 10-24-03 MAR C-3380-03 ING. DE NOMBRE INF. AMPARO Q. AGOSTO 08/07 MR.-SE MODIF.NOMBRE X DEPURAC.26/06/12 A.Q.", "observac_1": null, "barrio": "URBIRRIOS X", "parroquia_": 3, "barrio_id": 331, "proceso": 1, "fecha_regi": null, "activo_cat": "SI", "desactivad": 0, "avaluo_rem": 0.0, "avaluo_r_1": 0.0, "clasificac": "DEPURACION CATASTRO", "anio_deuda": 0, "deuda": 0.0, "valor_ip": 0.0, "coactiva": null, "ficharegis": 0, "etam": 0.0912870929, "diferencia": 2.989595868, "porc_difer": 0.0249132989, "admisible": 1, "deuda_anio": 0.0, "2024__csv_": "3-32-50-13-000", "2024__csv1": "357-23-01-2025", "Clavepre": "3-32-50-13-000", "RESOLUCION": "357-23-01-2025", "ORIG_FID": 99 }, "geometry": { "type": "Point", "coordinates": [ -80.724009034761721, -0.981614143958168 ] } },
{ "type": "Feature", "properties": { "id": 92744, "lote_id": 68349, "clavecatas": "3-32-50-23-000", "zona": "3", "sector": "32", "manzana": "50", "lote": "23", "ph": "000", "propietari": "GOBIERNO AUTÓNOMO DESCENTRALIZADO DE MANTA .", "documentop": "1360000980001", "direccion": "MZ-G LT. 23 URBANIZACIÓN MUNICIPAL  URBIRRIOS I.", "area_m2": 120.0, "frente_uti": 8.0, "frente_tot": 8.0, "avaluo_con": 9189.46, "avaluo_sue": 8760.0, "zonaurbano": "URBANA", "parroquia": "TARQUI", "esta_bloqu": "NO", "es_tercera": "NO", "tiene_elec": "SI", "tiene_agua": "SI", "tiene_alca": "NO", "observacio": "INF. AMPARO Q. OCT. 24/2003 MR C-3366-03\r\nSE MODIF.NOMBRE X DEPURAC.26/06/12 A.Q.", "observac_1": null, "barrio": "URBIRRIOS X", "parroquia_": 3, "barrio_id": 331, "proceso": 1, "fecha_regi": null, "activo_cat": "SI", "desactivad": 0, "avaluo_rem": 0.0, "avaluo_r_1": 0.0, "clasificac": "GENERAL", "anio_deuda": 2026, "deuda": 17.14, "valor_ip": 0.0, "coactiva": null, "ficharegis": 85920, "etam": 0.0912870929, "diferencia": 0.2181806682, "porc_difer": 0.0018181722, "admisible": 1, "deuda_anio": 0.0, "2024__csv_": "3-32-50-23-000", "2024__csv1": "357-23-01-2025", "Clavepre": "3-32-50-23-000", "RESOLUCION": "357-23-01-2025", "ORIG_FID": 100 }, "geometry": { "type": "Point", "coordinates": [ -80.723469573652181, -0.982095449400738 ] } },
{ "type": "Feature", "properties": { "id": 92751, "lote_id": 68356, "clavecatas": "3-32-50-30-000", "zona": "3", "sector": "32", "manzana": "50", "lote": "30", "ph": "000", "propietari": "INTRIAGO BORRERO EDUARDO S/E/GAD MANTA", "documentop": "1300734026", "direccion": "MZ-G LT. 30 URBIRIOS", "area_m2": 159.12, "frente_uti": 27.0, "frente_tot": 0.0, "avaluo_con": 0.0, "avaluo_sue": 11615.76, "zonaurbano": "URBANA", "parroquia": "TARQUI", "esta_bloqu": "NO", "es_tercera": "NO", "tiene_elec": "SI", "tiene_agua": "SI", "tiene_alca": "NO", "observacio": "ING. NUEVO INF. AMPARO Q. JULIO 12/07 MR -SE MODIFICA SELLO REDISEÑO AMPARO Q.09/11/07 Y.C.S.-SE MODIF.NOMBRE X DEPURAC.26/06/12 A.Q.", "observac_1": null, "barrio": "URBIRIOS", "parroquia_": 3, "barrio_id": 231, "proceso": 1, "fecha_regi": null, "activo_cat": "SI", "desactivad": 0, "avaluo_rem": 0.0, "avaluo_r_1": 0.0, "clasificac": "DEPURACION CATASTRO", "anio_deuda": 2010, "deuda": 1623.98, "valor_ip": 0.0, "coactiva": null, "ficharegis": 0, "etam": 0.079275249, "diferencia": 9.2368590129000001, "porc_difer": 0.0580496419, "admisible": 1, "deuda_anio": 0.0, "2024__csv_": "3-32-50-30-000", "2024__csv1": "357-23-01-2025", "Clavepre": "3-32-50-30-000", "RESOLUCION": "357-23-01-2025", "ORIG_FID": 101 }, "geometry": { "type": "Point", "coordinates": [ -80.724397441111051, -0.981385354451685 ] } },
{ "type": "Feature", "properties": { "id": 92764, "lote_id": 68369, "clavecatas": "3-32-53-08-000", "zona": "3", "sector": "32", "manzana": "53", "lote": "08", "ph": "000", "propietari": "ALCIVAR PINCAY EVELYN ALEXANDRA", "documentop": "1314745439", "direccion": "MZ-I LT. 08 URBIRRIOS I", "area_m2": 120.0, "frente_uti": 8.0, "frente_tot": 0.0, "avaluo_con": 14240.16, "avaluo_sue": 8760.0, "zonaurbano": "URBANA", "parroquia": "TARQUI", "esta_bloqu": "NO", "es_tercera": "NO", "tiene_elec": "SI", "tiene_agua": "SI", "tiene_alca": "NO", "observacio": "INF. AMPAREO Q. OCT. 27/2003 MR C-3402-03 C-2185-08 SE INGRESA LA CONST. INF. LUIS LOPEZ C-845-09-SE MODIF.NOMBRE X DEPURAC.26/06/12 A.Q.SE ACTUALIZA INF CON ESCRITURA DE ADJUDICACION INSCRITA EN EL REG. DE LA PROPIEDAD.19/06/2025 GGV", "observac_1": null, "barrio": "URBIRRIOS X", "parroquia_": 3, "barrio_id": 331, "proceso": 1, "fecha_regi": null, "activo_cat": "SI", "desactivad": 0, "avaluo_rem": 0.0, "avaluo_r_1": 0.0, "clasificac": "GENERAL", "anio_deuda": 0, "deuda": 0.0, "valor_ip": 0.0, "coactiva": null, "ficharegis": 85930, "etam": 0.0912870929, "diferencia": -1.7987563603000001, "porc_difer": -0.0149896363, "admisible": 1, "deuda_anio": 0.0, "2024__csv_": "3-32-53-08-000", "2024__csv1": "357-23-01-2025", "Clavepre": "3-32-53-08-000", "RESOLUCION": "357-23-01-2025", "ORIG_FID": 102 }, "geometry": { "type": "Point", "coordinates": [ -80.721377631781067, -0.983296907112722 ] } },
{ "type": "Feature", "properties": { "id": 92794, "lote_id": 68399, "clavecatas": "3-32-55-11-000", "zona": "3", "sector": "32", "manzana": "55", "lote": "11", "ph": "000", "propietari": "AVILA TUBAY NELLY FELISA S/E/GAD MANTA", "documentop": "1305608117", "direccion": "MZ-J3 LT. 11 URBIRIOS", "area_m2": 120.0, "frente_uti": 8.0, "frente_tot": 0.0, "avaluo_con": 0.0, "avaluo_sue": 8760.0, "zonaurbano": "URBANA", "parroquia": "TARQUI", "esta_bloqu": "NO", "es_tercera": "NO", "tiene_elec": "SI", "tiene_agua": "SI", "tiene_alca": "NO", "observacio": "SE MODIF.NOMBRE X DEPURAC.26/06/12 A.Q.", "observac_1": null, "barrio": "URBIRRIOS X", "parroquia_": 3, "barrio_id": 331, "proceso": 1, "fecha_regi": null, "activo_cat": "SI", "desactivad": 0, "avaluo_rem": 0.0, "avaluo_r_1": 0.0, "clasificac": "DEPURACION CATASTRO", "anio_deuda": 2018, "deuda": 251.17, "valor_ip": 0.0, "coactiva": null, "ficharegis": 0, "etam": 0.0912870929, "diferencia": 2.1513310039000002, "porc_difer": 0.0179277584, "admisible": 1, "deuda_anio": 237.73, "2024__csv_": "3-32-55-11-000", "2024__csv1": "357-23-01-2025", "Clavepre": "3-32-55-11-000", "RESOLUCION": "357-23-01-2025", "ORIG_FID": 103 }, "geometry": { "type": "Point", "coordinates": [ -80.724224029530419, -0.982092951644102 ] } },
{ "type": "Feature", "properties": { "id": 92847, "lote_id": 68450, "clavecatas": "3-32-62-17-000", "zona": "3", "sector": "32", "manzana": "62", "lote": "17", "ph": "000", "propietari": "CANTOS MOREIRA MARIA FELISA", "documentop": "1309661468", "direccion": "MZ-J2 LT. 17 URBANIZACIÓN MUNICIPAL URBIRRIOS I", "area_m2": 120.0, "frente_uti": 8.0, "frente_tot": 8.0, "avaluo_con": 10230.4, "avaluo_sue": 8760.0, "zonaurbano": "URBANA", "parroquia": "TARQUI", "esta_bloqu": "NO", "es_tercera": "NO", "tiene_elec": "SI", "tiene_agua": "SI", "tiene_alca": "NO", "observacio": "SE MODIFICA NOMBRE X DEPURAC.27/06/12 A.Q. -SE ACTUALIZA INFORMACION CON ESCRITURA DE ADJ.CON PROH.DE ENAJ.INSCRITA EN EL REG.DE LA PROPIEDAD 07/28/2025 Y.C.S.-", "observac_1": null, "barrio": "URBIRRIOS X", "parroquia_": 3, "barrio_id": 331, "proceso": 1, "fecha_regi": null, "activo_cat": "SI", "desactivad": 0, "avaluo_rem": 0.0, "avaluo_r_1": 0.0, "clasificac": "GENERAL", "anio_deuda": 0, "deuda": 0.0, "valor_ip": 0.0, "coactiva": null, "ficharegis": 87436, "etam": 0.0912870929, "diferencia": 1.4575858463, "porc_difer": 0.0121465487, "admisible": 1, "deuda_anio": 0.0, "2024__csv_": "3-32-62-17-000", "2024__csv1": "357-23-01-2025", "Clavepre": "3-32-62-17-000", "RESOLUCION": "357-23-01-2025", "ORIG_FID": 104 }, "geometry": { "type": "Point", "coordinates": [ -80.724713338602413, -0.982061334666688 ] } },
{ "type": "Feature", "properties": { "id": 92852, "lote_id": 68455, "clavecatas": "3-32-62-22-000", "zona": "3", "sector": "32", "manzana": "62", "lote": "22", "ph": "000", "propietari": "CHANCAY PONCE TEOFILO S/E/GAD MANTA", "documentop": ".", "direccion": "MZ- J2 LT.22 URB. URBIRIOS", "area_m2": 120.0, "frente_uti": 8.0, "frente_tot": 0.0, "avaluo_con": 0.0, "avaluo_sue": 8760.0, "zonaurbano": "URBANA", "parroquia": "TARQUI", "esta_bloqu": "NO", "es_tercera": "NO", "tiene_elec": "SI", "tiene_agua": "SI", "tiene_alca": "NO", "observacio": "C-4209-03.-SE MODIFICA NOMBRE X DEPURAC.\r\n27/06/12 A.Q.", "observac_1": null, "barrio": "URBIRRIOS X", "parroquia_": 3, "barrio_id": 331, "proceso": 1, "fecha_regi": null, "activo_cat": "SI", "desactivad": 0, "avaluo_rem": 0.0, "avaluo_r_1": 0.0, "clasificac": "DEPURACION CATASTRO", "anio_deuda": 2014, "deuda": 415.07, "valor_ip": 0.0, "coactiva": null, "ficharegis": 0, "etam": 0.0912870929, "diferencia": -7.4245952188000004, "porc_difer": -0.0618716268, "admisible": 1, "deuda_anio": 0.0, "2024__csv_": "3-32-62-22-000", "2024__csv1": "357-23-01-2025", "Clavepre": "3-32-62-22-000", "RESOLUCION": "357-23-01-2025", "ORIG_FID": 105 }, "geometry": { "type": "Point", "coordinates": [ -80.724480368050209, -0.9821081116535 ] } },
{ "type": "Feature", "properties": { "id": 92862, "lote_id": 68465, "clavecatas": "3-32-62-32-000", "zona": "3", "sector": "32", "manzana": "62", "lote": "32", "ph": "000", "propietari": "SALTOS CASANOVA YADIRA S/E /GAD MANTA", "documentop": "1308660958", "direccion": "MZ-J2 LT. 32 URBIRIOS", "area_m2": 120.0, "frente_uti": 8.0, "frente_tot": 0.0, "avaluo_con": 0.0, "avaluo_sue": 8760.0, "zonaurbano": "URBANA", "parroquia": "TARQUI", "esta_bloqu": "NO", "es_tercera": "NO", "tiene_elec": "SI", "tiene_agua": "SI", "tiene_alca": "NO", "observacio": "INF. AMPARO Q. OCT. 27/2003 MR C-4176-03  3981-05.-SE MODIFICA NOMBRE X DEPURAC.27/06/12 A.Q.", "observac_1": null, "barrio": "URBIRRIOS X", "parroquia_": 3, "barrio_id": 331, "proceso": 1, "fecha_regi": null, "activo_cat": "SI", "desactivad": 0, "avaluo_rem": 0.0, "avaluo_r_1": 0.0, "clasificac": "DEPURACION CATASTRO", "anio_deuda": 2010, "deuda": 583.53, "valor_ip": 0.0, "coactiva": null, "ficharegis": 0, "etam": 0.0912870929, "diferencia": 2.7258903688, "porc_difer": 0.0227157531, "admisible": 1, "deuda_anio": 570.1, "2024__csv_": "3-32-62-32-000", "2024__csv1": "357-23-01-2025", "Clavepre": "3-32-62-32-000", "RESOLUCION": "357-23-01-2025", "ORIG_FID": 106 }, "geometry": { "type": "Point", "coordinates": [ -80.723956762712135, -0.982607588591913 ] } },
{ "type": "Feature", "properties": { "id": 92921, "lote_id": 68524, "clavecatas": "3-32-68-05-000", "zona": "3", "sector": "32", "manzana": "68", "lote": "05", "ph": "000", "propietari": "VINCES CHOEZ CESAR S/E/GAD MANTA", "documentop": "1307561314", "direccion": "MZ-J1 LT. 05 URBIRIOS", "area_m2": 120.0, "frente_uti": 8.0, "frente_tot": 0.0, "avaluo_con": 0.0, "avaluo_sue": 8640.0, "zonaurbano": "URBANA", "parroquia": "TARQUI", "esta_bloqu": "NO", "es_tercera": "NO", "tiene_elec": "SI", "tiene_agua": "SI", "tiene_alca": "NO", "observacio": "C- 3699-03.-SE MODIFICA NOMBRE X DEPURAC.27/06/12 A.Q.", "observac_1": null, "barrio": "URBIRRIOS X", "parroquia_": 3, "barrio_id": 331, "proceso": 1, "fecha_regi": null, "activo_cat": "SI", "desactivad": 0, "avaluo_rem": 0.0, "avaluo_r_1": 0.0, "clasificac": "DEPURACION CATASTRO", "anio_deuda": 2020, "deuda": 183.06, "valor_ip": 0.0, "coactiva": "AUTO", "ficharegis": 0, "etam": 0.0912870929, "diferencia": -0.33148641, "porc_difer": -0.0027623868, "admisible": 1, "deuda_anio": 169.65, "2024__csv_": "3-32-68-05-000", "2024__csv1": "357-23-01-2025", "Clavepre": "3-32-68-05-000", "RESOLUCION": "357-23-01-2025", "ORIG_FID": 107 }, "geometry": { "type": "Point", "coordinates": [ -80.724861388956185, -0.982375879336358 ] } },
{ "type": "Feature", "properties": { "id": 92940, "lote_id": 68543, "clavecatas": "3-32-68-24-000", "zona": "3", "sector": "32", "manzana": "68", "lote": "24", "ph": "000", "propietari": "CHAVEZ ALCIVAR MARCELO S/E/GAD MANTA", "documentop": ".", "direccion": "MZ-J-1 LT. 24 CDLA.URBIRIOS", "area_m2": 127.0, "frente_uti": 8.0, "frente_tot": 0.0, "avaluo_con": 0.0, "avaluo_sue": 9144.0, "zonaurbano": "URBANA", "parroquia": "TARQUI", "esta_bloqu": "NO", "es_tercera": "NO", "tiene_elec": "SI", "tiene_agua": "SI", "tiene_alca": "NO", "observacio": "SE INGRESA NOMBRE CON INF- DE PLAU ESCRITURA EN TRAMITE INF. AMPARO Q. OCT. 04/05 MR -SE MODIFICA SELLO REDISEÑO AMPARO Q.09/11/07 Y.C.S.-SE MODIFICA NOMBRE X DEPURAC.27/06/12 A.Q.", "observac_1": null, "barrio": "URBIRRIOS X", "parroquia_": 3, "barrio_id": 331, "proceso": 1, "fecha_regi": null, "activo_cat": "SI", "desactivad": 0, "avaluo_rem": 0.0, "avaluo_r_1": 0.0, "clasificac": "COLEGIOS PUBLICOS", "anio_deuda": 2003, "deuda": 643.43, "valor_ip": 0.0, "coactiva": null, "ficharegis": 0, "etam": 0.0887356509, "diferencia": 2.5169807137000002, "porc_difer": 0.0198187458, "admisible": 1, "deuda_anio": 0.0, "2024__csv_": "3-32-68-24-000", "2024__csv1": "357-23-01-2025", "Clavepre": "3-32-68-24-000", "RESOLUCION": "357-23-01-2025", "ORIG_FID": 108 }, "geometry": { "type": "Point", "coordinates": [ -80.725168169774562, -0.98204221338346 ] } },
{ "type": "Feature", "properties": { "id": 92950, "lote_id": 68553, "clavecatas": "3-32-69-10-000", "zona": "3", "sector": "32", "manzana": "69", "lote": "10", "ph": "000", "propietari": "AVILA SANTOS HUMBERTO S/E/GAD MANTA", "documentop": "1305984997", "direccion": "MZ-J LT. 10 URBIRIOS", "area_m2": 120.0, "frente_uti": 8.0, "frente_tot": 0.0, "avaluo_con": 0.0, "avaluo_sue": 8640.0, "zonaurbano": "URBANA", "parroquia": "TARQUI", "esta_bloqu": "NO", "es_tercera": "NO", "tiene_elec": "SI", "tiene_agua": "SI", "tiene_alca": "NO", "observacio": "INF. AMPARO Q. OCT. 30/2003 MR   C-3615-03.-SE MODIFICA NOMBRE X DEPURAC. 27/06/12 A.Q.", "observac_1": null, "barrio": "URBIRRIOS X", "parroquia_": 3, "barrio_id": 331, "proceso": 1, "fecha_regi": null, "activo_cat": "SI", "desactivad": 0, "avaluo_rem": 0.0, "avaluo_r_1": 0.0, "clasificac": "DEPURACION CATASTRO", "anio_deuda": 2019, "deuda": 212.41, "valor_ip": 0.0, "coactiva": null, "ficharegis": 0, "etam": 0.0912870929, "diferencia": 4.7756493637000004, "porc_difer": 0.039797078, "admisible": 1, "deuda_anio": 199.02, "2024__csv_": "3-32-69-10-000", "2024__csv1": "357-23-01-2025", "Clavepre": "3-32-69-10-000", "RESOLUCION": "357-23-01-2025", "ORIG_FID": 109 }, "geometry": { "type": "Point", "coordinates": [ -80.72452388602126, -0.982720661042977 ] } },
{ "type": "Feature", "properties": { "id": 92960, "lote_id": 68563, "clavecatas": "3-32-69-20-000", "zona": "3", "sector": "32", "manzana": "69", "lote": "20", "ph": "000", "propietari": "SORNOZA INTRIAGO NELLY MONSERRATE", "documentop": "1306430677", "direccion": "MZ-J LT. 20 URBANIZACION MUNICIPAL URBIRRIOS I", "area_m2": 120.0, "frente_uti": 8.0, "frente_tot": 8.0, "avaluo_con": 4514.0, "avaluo_sue": 8640.0, "zonaurbano": "URBANA", "parroquia": "TARQUI", "esta_bloqu": "NO", "es_tercera": "NO", "tiene_elec": "SI", "tiene_agua": "SI", "tiene_alca": "NO", "observacio": "INF. AMPARO Q. OCT. 30/2003 MR C-3605-03\r\nACTZ.INF.PARA CERTIFICADO DANIEL SALDARREAGA Y GRUPO DE ARQ. TECNICO MARZO 28/12   MR CERT.2.643-12.-SE MODIFICA NOMBRE X DEPURAC.27/06/12 A.Q.-SE ACTUALIZA INFORMACION CON ESCRITURA DE ADJ.CON PROH.DE ENAJ.INSCR", "observac_1": null, "barrio": "URBIRRIOS X", "parroquia_": 3, "barrio_id": 331, "proceso": 1, "fecha_regi": null, "activo_cat": "SI", "desactivad": 0, "avaluo_rem": 0.0, "avaluo_r_1": 0.0, "clasificac": "GENERAL", "anio_deuda": 2026, "deuda": 14.84, "valor_ip": 0.0, "coactiva": null, "ficharegis": 33630, "etam": 0.0912870929, "diferencia": -1.773431107, "porc_difer": -0.0147785926, "admisible": 1, "deuda_anio": 0.0, "2024__csv_": "3-32-69-20-000", "2024__csv1": "357-23-01-2025", "Clavepre": "3-32-69-20-000", "RESOLUCION": "357-23-01-2025", "ORIG_FID": 110 }, "geometry": { "type": "Point", "coordinates": [ -80.724070138237622, -0.982933267044566 ] } },
{ "type": "Feature", "properties": { "id": 92971, "lote_id": 68574, "clavecatas": "3-32-70-10-000", "zona": "3", "sector": "32", "manzana": "70", "lote": "10", "ph": "000", "propietari": "MENDOZA MERA DICHA HERMENCIA S/E/GAD MANTA", "documentop": ".", "direccion": "MZ-K LT. 10 URBIRIOS", "area_m2": 120.0, "frente_uti": 8.0, "frente_tot": 0.0, "avaluo_con": 0.0, "avaluo_sue": 8640.0, "zonaurbano": "URBANA", "parroquia": "TARQUI", "esta_bloqu": "NO", "es_tercera": "NO", "tiene_elec": "SI", "tiene_agua": "SI", "tiene_alca": "NO", "observacio": "SE MODIFICA NOMBRE X DEPURAC.27/06/12 A.Q.", "observac_1": null, "barrio": "URBIRRIOS X", "parroquia_": 3, "barrio_id": 331, "proceso": 1, "fecha_regi": null, "activo_cat": "SI", "desactivad": 0, "avaluo_rem": 0.0, "avaluo_r_1": 0.0, "clasificac": "DEPURACION CATASTRO", "anio_deuda": 2008, "deuda": 634.75, "valor_ip": 0.0, "coactiva": null, "ficharegis": 0, "etam": 0.0912870929, "diferencia": -5.3600911239000002, "porc_difer": -0.044667426, "admisible": 1, "deuda_anio": 0.0, "2024__csv_": "3-32-70-10-000", "2024__csv1": "357-23-01-2025", "Clavepre": "3-32-70-10-000", "RESOLUCION": "357-23-01-2025", "ORIG_FID": 111 }, "geometry": { "type": "Point", "coordinates": [ -80.723317356261134, -0.983601227726732 ] } },
{ "type": "Feature", "properties": { "id": 92983, "lote_id": 68586, "clavecatas": "3-32-70-22-000", "zona": "3", "sector": "32", "manzana": "70", "lote": "22", "ph": "000", "propietari": "MACIAS LOOR WILLIAN S/E/GAD MANTA", "documentop": ".", "direccion": "MZ-K LT. 22 URBIRIOS", "area_m2": 120.0, "frente_uti": 8.0, "frente_tot": 0.0, "avaluo_con": 0.0, "avaluo_sue": 8640.0, "zonaurbano": "URBANA", "parroquia": "TARQUI", "esta_bloqu": "NO", "es_tercera": "NO", "tiene_elec": "SI", "tiene_agua": "SI", "tiene_alca": "NO", "observacio": "SE DESMEMBRA DE LA CC. 3327021 CANCELO CON LA MISMA HASTA EL AÑO 2007 INF. AMPARO Q. MARZO 280/07 MR 1.487-07.-SE MODIFICA NOMBRE X DEPURAC.27/06/12 A.Q.", "observac_1": null, "barrio": "URBIRRIOS X", "parroquia_": 3, "barrio_id": 331, "proceso": 1, "fecha_regi": null, "activo_cat": "SI", "desactivad": 0, "avaluo_rem": 0.0, "avaluo_r_1": 0.0, "clasificac": "GENERAL", "anio_deuda": 2016, "deuda": 194.1, "valor_ip": 0.0, "coactiva": null, "ficharegis": 0, "etam": 0.0912870929, "diferencia": 1.928826402, "porc_difer": 0.0160735534, "admisible": 1, "deuda_anio": 0.0, "2024__csv_": "3-32-70-22-000", "2024__csv1": "357-23-01-2025", "Clavepre": "3-32-70-22-000", "RESOLUCION": "357-23-01-2025", "ORIG_FID": 112 }, "geometry": { "type": "Point", "coordinates": [ -80.722493879559735, -0.983986599058593 ] } },
{ "type": "Feature", "properties": { "id": 93004, "lote_id": 68607, "clavecatas": "3-32-70-44-000", "zona": "3", "sector": "32", "manzana": "70", "lote": "44", "ph": "000", "propietari": "VINCES HIDROVO TERESA AUXILIADORA S/E/GAD MANTA", "documentop": "1309998274", "direccion": "MZ-K LT. 44 URBIRIOS", "area_m2": 120.0, "frente_uti": 8.0, "frente_tot": 0.0, "avaluo_con": 0.0, "avaluo_sue": 8640.0, "zonaurbano": "URBANA", "parroquia": "TARQUI", "esta_bloqu": "NO", "es_tercera": "NO", "tiene_elec": "SI", "tiene_agua": "SI", "tiene_alca": "NO", "observacio": "SE MODIFICA NOMBRE X DEPURAC.27/06/12 A.Q.", "observac_1": null, "barrio": "URBIRRIOS X", "parroquia_": 3, "barrio_id": 331, "proceso": 1, "fecha_regi": null, "activo_cat": "SI", "desactivad": 0, "avaluo_rem": 0.0, "avaluo_r_1": 0.0, "clasificac": "DEPURACION CATASTRO", "anio_deuda": 2010, "deuda": 582.19, "valor_ip": 0.0, "coactiva": null, "ficharegis": 0, "etam": 0.0912870929, "diferencia": 3.569280913, "porc_difer": 0.0297440076, "admisible": 1, "deuda_anio": 568.81, "2024__csv_": "3-32-70-44-000", "2024__csv1": "357-23-01-2025", "Clavepre": "3-32-70-44-000", "RESOLUCION": "357-23-01-2025", "ORIG_FID": 113 }, "geometry": { "type": "Point", "coordinates": [ -80.723681119691179, -0.983221678781296 ] } },
{ "type": "Feature", "properties": { "id": 93016, "lote_id": 68619, "clavecatas": "3-32-71-10-000", "zona": "3", "sector": "32", "manzana": "71", "lote": "10", "ph": "000", "propietari": "GOBIERNO AUTONOMO DESCENTRALIZADO  MUNICIPAL MANTA .", "documentop": "1360000980001", "direccion": "MZ-K1 LT. 10 URBIRIOS", "area_m2": 119.54, "frente_uti": 8.0, "frente_tot": 0.0, "avaluo_con": 2679.12, "avaluo_sue": 8726.42, "zonaurbano": "URBANA", "parroquia": "TARQUI", "esta_bloqu": "NO", "es_tercera": "NO", "tiene_elec": "SI", "tiene_agua": "SI", "tiene_alca": "NO", "observacio": "ESTE PREDIO NO TIENE ESCRITURA, ES UN PREDIO EN LA CIUDADELA MUNICIPAL URBIRRIOS 1. POR LO EXPUESTO SE PONE A NOMBRE DEL GAD MANTA, EN VIRTUD DE LA SOLICITUD PRESENTADA POR EL SR. TIPAN ALCIVAR FULTON ANDRES, QUIEN CONSTABA COMO BENEFICARIO EN EL PROCESO", "observac_1": null, "barrio": "URBIRRIOS X", "parroquia_": 3, "barrio_id": 331, "proceso": 1, "fecha_regi": null, "activo_cat": "SI", "desactivad": 0, "avaluo_rem": 0.0, "avaluo_r_1": 0.0, "clasificac": "DEPURACION CATASTRO", "anio_deuda": 2010, "deuda": 521.79, "valor_ip": 0.0, "coactiva": null, "ficharegis": 65407, "etam": 0.0914625645, "diferencia": 1.267541392, "porc_difer": 0.0106034917, "admisible": 1, "deuda_anio": 507.36, "2024__csv_": "3-32-71-10-000", "2024__csv1": "357-23-01-2025", "Clavepre": "3-32-71-10-000", "RESOLUCION": "357-23-01-2025", "ORIG_FID": 114 }, "geometry": { "type": "Point", "coordinates": [ -80.723132025642812, -0.983334624218429 ] } },
{ "type": "Feature", "properties": { "id": 93021, "lote_id": 68624, "clavecatas": "3-32-71-15-000", "zona": "3", "sector": "32", "manzana": "71", "lote": "15", "ph": "000", "propietari": "PINCAY CONSTANTE HECTOR MANUEL S/E/GAD MANTA", "documentop": "1308443041", "direccion": "MZ-K1 LT. 15 URBIRIOS", "area_m2": 120.0, "frente_uti": 8.0, "frente_tot": 0.0, "avaluo_con": 0.0, "avaluo_sue": 8760.0, "zonaurbano": "URBANA", "parroquia": "TARQUI", "esta_bloqu": "NO", "es_tercera": "NO", "tiene_elec": "SI", "tiene_agua": "SI", "tiene_alca": "NO", "observacio": "ING. DE NOMNRE INF. AMPARO Q. JULIO 26/07 MR.-SE MODIFICA NOMBRE X DEPURAC.\r\n27/06/12 A.Q.", "observac_1": null, "barrio": "URBIRRIOS X", "parroquia_": 3, "barrio_id": 331, "proceso": 1, "fecha_regi": null, "activo_cat": "SI", "desactivad": 0, "avaluo_rem": 0.0, "avaluo_r_1": 0.0, "clasificac": "DEPURACION CATASTRO", "anio_deuda": 2010, "deuda": 583.66, "valor_ip": 0.0, "coactiva": null, "ficharegis": 0, "etam": 0.0912870929, "diferencia": 0.4703625269, "porc_difer": 0.0039196877, "admisible": 1, "deuda_anio": 570.23, "2024__csv_": "3-32-71-15-000", "2024__csv1": "357-23-01-2025", "Clavepre": "3-32-71-15-000", "RESOLUCION": "357-23-01-2025", "ORIG_FID": 115 }, "geometry": { "type": "Point", "coordinates": [ -80.722773672796166, -0.983513607625326 ] } },
{ "type": "Feature", "properties": { "id": 93044, "lote_id": 68646, "clavecatas": "3-32-71-38-000", "zona": "3", "sector": "32", "manzana": "71", "lote": "38", "ph": "000", "propietari": "FIGUEROATUMBACO MARIA S/E/GAD MANTA", "documentop": ".", "direccion": "MZ-K1 LT. 38 URBIRIOS", "area_m2": 120.0, "frente_uti": 8.0, "frente_tot": 0.0, "avaluo_con": 0.0, "avaluo_sue": 8760.0, "zonaurbano": "URBANA", "parroquia": "TARQUI", "esta_bloqu": "NO", "es_tercera": "NO", "tiene_elec": "SI", "tiene_agua": "SI", "tiene_alca": "NO", "observacio": "CERT-7359-08.-SE MODIFICA NOMBRE X DEPURAC.27/06/12 A.Q.", "observac_1": null, "barrio": "URBIRRIOS X", "parroquia_": 3, "barrio_id": 331, "proceso": 1, "fecha_regi": null, "activo_cat": "SI", "desactivad": 0, "avaluo_rem": 0.0, "avaluo_r_1": 0.0, "clasificac": "DEPURACION CATASTRO", "anio_deuda": 2009, "deuda": 610.22, "valor_ip": 0.0, "coactiva": null, "ficharegis": 0, "etam": 0.0912870929, "diferencia": 11.3442333283, "porc_difer": 0.0945352777, "admisible": 0, "deuda_anio": 0.0, "2024__csv_": "3-32-71-38-000", "2024__csv1": "357-23-01-2025", "Clavepre": "3-32-71-38-000", "RESOLUCION": "357-23-01-2025", "ORIG_FID": 116 }, "geometry": { "type": "Point", "coordinates": [ -80.723251434712111, -0.983105999916877 ] } },
{ "type": "Feature", "properties": { "id": 93085, "lote_id": 68687, "clavecatas": "3-32-73-25-000", "zona": "3", "sector": "32", "manzana": "73", "lote": "25", "ph": "000", "propietari": "PEREZ RIVERA IRALDA FLORIDALBA", "documentop": "1307626075", "direccion": "MZ-N3 LT. 25 URBIRRIOS I", "area_m2": 120.0, "frente_uti": 8.0, "frente_tot": 8.0, "avaluo_con": 9984.0, "avaluo_sue": 8640.0, "zonaurbano": "URBANA", "parroquia": "TARQUI", "esta_bloqu": "NO", "es_tercera": "NO", "tiene_elec": "SI", "tiene_agua": "SI", "tiene_alca": "NO", "observacio": "C-3866-03 ACTUALIZACION INF. AMPARO Q. JULIO 27/07 MR -SE ACTUALIZA INFORMACION CON ESCRITURA DE ADJ.CON PROH.DE ENAJ.INSCRITA EN EL REG.DE LA PROPIEDAD 07/28/2025 Y.C.S.-", "observac_1": null, "barrio": "URBIRRIOS X", "parroquia_": 3, "barrio_id": 331, "proceso": 1, "fecha_regi": null, "activo_cat": "SI", "desactivad": 0, "avaluo_rem": 0.0, "avaluo_r_1": 0.0, "clasificac": "GENERAL", "anio_deuda": 0, "deuda": 0.0, "valor_ip": 0.0, "coactiva": null, "ficharegis": 85921, "etam": 0.0912870929, "diferencia": -1.7864600156, "porc_difer": -0.0148871668, "admisible": 1, "deuda_anio": 0.0, "2024__csv_": "3-32-73-25-000", "2024__csv1": "357-23-01-2025", "Clavepre": "3-32-73-25-000", "RESOLUCION": "357-23-01-2025", "ORIG_FID": 117 }, "geometry": { "type": "Point", "coordinates": [ -80.723065293162293, -0.984007789120205 ] } },
{ "type": "Feature", "properties": { "id": 93086, "lote_id": 68688, "clavecatas": "3-32-73-26-000", "zona": "3", "sector": "32", "manzana": "73", "lote": "26", "ph": "000", "propietari": "GOBIERNO AUTONOMO DESCENTRALIZADO MUNICIPAL DEL CANTON MANTA .", "documentop": "1360000980001", "direccion": "MZ-N3 LT. 26 URBIRIOS", "area_m2": 120.0, "frente_uti": 8.0, "frente_tot": 0.0, "avaluo_con": 0.0, "avaluo_sue": 8640.0, "zonaurbano": "URBANA", "parroquia": "TARQUI", "esta_bloqu": "NO", "es_tercera": "NO", "tiene_elec": "SI", "tiene_agua": "SI", "tiene_alca": "NO", "observacio": "C-3865-03 3030-04 -Sello Carlos D.10/19/04 Y.C.S.-", "observac_1": "- Bloqueo Sin CEM 2013 y 2014. Memorando 053-AR-AFI-2017", "barrio": "URBIRRIOS X", "parroquia_": 3, "barrio_id": 331, "proceso": 1, "fecha_regi": null, "activo_cat": "SI", "desactivad": 0, "avaluo_rem": 0.0, "avaluo_r_1": 0.0, "clasificac": "PROPIEDADES MUNICIPALES", "anio_deuda": 0, "deuda": 0.0, "valor_ip": 0.0, "coactiva": null, "ficharegis": 0, "etam": 0.0912870929, "diferencia": 1.1365165781, "porc_difer": 0.0094709715, "admisible": 1, "deuda_anio": 0.0, "2024__csv_": "3-32-73-26-000", "2024__csv1": "357-23-01-2025", "Clavepre": "3-32-73-26-000", "RESOLUCION": "357-23-01-2025", "ORIG_FID": 118 }, "geometry": { "type": "Point", "coordinates": [ -80.723130184020249, -0.98397720314156 ] } },
{ "type": "Feature", "properties": { "id": 93137, "lote_id": 68738, "clavecatas": "3-32-79-02-000", "zona": "3", "sector": "32", "manzana": "79", "lote": "02", "ph": "000", "propietari": "CEDEÑO GARCIA MARIA MAGDALENA S/E/GAD MANTA", "documentop": "1303363772", "direccion": "MZ-N LT. 2 URBIRIOS", "area_m2": 120.0, "frente_uti": 8.0, "frente_tot": 0.0, "avaluo_con": 0.0, "avaluo_sue": 8400.0, "zonaurbano": "URBANA", "parroquia": "TARQUI", "esta_bloqu": "NO", "es_tercera": "NO", "tiene_elec": "SI", "tiene_agua": "SI", "tiene_alca": "NO", "observacio": "INF. AMPARO Q. OCT. 28/2003 MR C-3452-03 CAMBIO LOS V ALORES A LA 3327202 POR EQUIVOCACION CANCELO ESTA CLAVE DEJA EL RECIBO DE PAGO ORIGINAL YA ESTA ESCANEADO REV. X LUIS LOPEZ 07-24-08 MAR\r\nSE MODIFICA NOMBRE X DEPURAC.\r\n27/06/12 A.Q.", "observac_1": null, "barrio": "URBIRRIOS X", "parroquia_": 3, "barrio_id": 331, "proceso": 1, "fecha_regi": null, "activo_cat": "SI", "desactivad": 0, "avaluo_rem": 0.0, "avaluo_r_1": 0.0, "clasificac": "DEPURACION CATASTRO", "anio_deuda": 2010, "deuda": 582.93, "valor_ip": 0.0, "coactiva": null, "ficharegis": 0, "etam": 0.0912870929, "diferencia": 0.6547420331, "porc_difer": 0.0054561836, "admisible": 1, "deuda_anio": 569.63, "2024__csv_": "3-32-79-02-000", "2024__csv1": "357-23-01-2025", "Clavepre": "3-32-79-02-000", "RESOLUCION": "357-23-01-2025", "ORIG_FID": 119 }, "geometry": { "type": "Point", "coordinates": [ -80.724340539863434, -0.984150676764053 ] } },
{ "type": "Feature", "properties": { "id": 93138, "lote_id": 68739, "clavecatas": "3-32-79-03-000", "zona": "3", "sector": "32", "manzana": "79", "lote": "03", "ph": "000", "propietari": "GOBIERNO AUTONOMO DESCENTRALIZADO MUNICIPAL DEL CANTON MANTA .", "documentop": "1360000980001", "direccion": "MZ-N LT. 03 URBIRIOS", "area_m2": 120.0, "frente_uti": 8.0, "frente_tot": 0.0, "avaluo_con": 13818.0, "avaluo_sue": 8400.0, "zonaurbano": "URBANA", "parroquia": "TARQUI", "esta_bloqu": "NO", "es_tercera": "NO", "tiene_elec": "SI", "tiene_agua": "SI", "tiene_alca": "NO", "observacio": "INF. AMPARO Q. OCT. 28/2003 MR C-3453-03\r\nSE MODIFICA NOMBRE X DEPURAC.27/06/12 A.Q.\r\nCERTIFICADO DE AVALUOS\r\nINGRESO DE CONSTRUCCIÓN\r\nINF. ARQ. PATRICIO LEÓN\r\n29/NOV./2018\r\n", "observac_1": null, "barrio": "URBIRRIOS X", "parroquia_": 3, "barrio_id": 331, "proceso": 1, "fecha_regi": null, "activo_cat": "SI", "desactivad": 0, "avaluo_rem": 0.0, "avaluo_r_1": 0.0, "clasificac": "DEPURACION CATASTRO", "anio_deuda": 2026, "deuda": 32.45, "valor_ip": 0.0, "coactiva": null, "ficharegis": 0, "etam": 0.0912870929, "diferencia": 3.1499815818000001, "porc_difer": 0.0262498465, "admisible": 1, "deuda_anio": 0.0, "2024__csv_": "3-32-79-03-000", "2024__csv1": "357-23-01-2025", "Clavepre": "3-32-79-03-000", "RESOLUCION": "357-23-01-2025", "ORIG_FID": 120 }, "geometry": { "type": "Point", "coordinates": [ -80.724288603708203, -0.984201338968866 ] } },
{ "type": "Feature", "properties": { "id": 93163, "lote_id": 68764, "clavecatas": "3-32-80-10-000", "zona": "3", "sector": "32", "manzana": "80", "lote": "10", "ph": "000", "propietari": "VINCES TUBAY JOFFRE ZACARIAS S/E /GAD MANTA", "documentop": "1308926185", "direccion": "MZ-N-1 LT. 10 URBIRIOS", "area_m2": 120.0, "frente_uti": 8.0, "frente_tot": 0.0, "avaluo_con": 0.0, "avaluo_sue": 8400.0, "zonaurbano": "URBANA", "parroquia": "TARQUI", "esta_bloqu": "NO", "es_tercera": "NO", "tiene_elec": "SI", "tiene_agua": "SI", "tiene_alca": "NO", "observacio": "INF. AMPARO Q. OCT. 29/2003 MR C-3551-03\r\nSE MODIFICA NOMBRE X DEPURAC.27/06/12 A.Q.", "observac_1": null, "barrio": "URBIRRIOS X", "parroquia_": 3, "barrio_id": 331, "proceso": 1, "fecha_regi": null, "activo_cat": "SI", "desactivad": 0, "avaluo_rem": 0.0, "avaluo_r_1": 0.0, "clasificac": "DEPURACION CATASTRO", "anio_deuda": 2010, "deuda": 582.62, "valor_ip": 0.0, "coactiva": null, "ficharegis": 0, "etam": 0.0912870929, "diferencia": 4.7579373318, "porc_difer": 0.0396494778, "admisible": 1, "deuda_anio": 569.34, "2024__csv_": "3-32-80-10-000", "2024__csv1": "357-23-01-2025", "Clavepre": "3-32-80-10-000", "RESOLUCION": "357-23-01-2025", "ORIG_FID": 121 }, "geometry": { "type": "Point", "coordinates": [ -80.723656820469216, -0.984631851901363 ] } },
{ "type": "Feature", "properties": { "id": 93181, "lote_id": 68782, "clavecatas": "3-32-81-15-000", "zona": "3", "sector": "32", "manzana": "81", "lote": "15", "ph": "000", "propietari": "MACIAS PONCE ELENA S/E /GAD MANTA", "documentop": "1305338632", "direccion": "MZ-P2 LT.15 URBIRIOS", "area_m2": 120.0, "frente_uti": 8.0, "frente_tot": 0.0, "avaluo_con": 0.0, "avaluo_sue": 8400.0, "zonaurbano": "URBANA", "parroquia": "TARQUI", "esta_bloqu": "NO", "es_tercera": "NO", "tiene_elec": "NO", "tiene_agua": "NO", "tiene_alca": "NO", "observacio": "C-4157-03.-SE MODIFICA NOMBRE X DEPURAC.\r\n27/06/12 A.Q.", "observac_1": null, "barrio": "URBIRRIOS X", "parroquia_": 3, "barrio_id": 331, "proceso": 1, "fecha_regi": null, "activo_cat": "SI", "desactivad": 0, "avaluo_rem": 0.0, "avaluo_r_1": 0.0, "clasificac": "DEPURACION CATASTRO", "anio_deuda": 2014, "deuda": 511.13, "valor_ip": 0.0, "coactiva": null, "ficharegis": 0, "etam": 0.0912870929, "diferencia": 5.3248314138000001, "porc_difer": 0.0443735951, "admisible": 1, "deuda_anio": 493.91, "2024__csv_": "3-32-81-15-000", "2024__csv1": "357-23-01-2025", "Clavepre": "3-32-81-15-000", "RESOLUCION": "357-23-01-2025", "ORIG_FID": 122 }, "geometry": { "type": "Point", "coordinates": [ -80.724097718135866, -0.984652855526018 ] } },
{ "type": "Feature", "properties": { "id": 93182, "lote_id": 68783, "clavecatas": "3-32-81-16-000", "zona": "3", "sector": "32", "manzana": "81", "lote": "16", "ph": "000", "propietari": "RENDON CHAVEZ ELENA PILAR S/E /GAD MANTA", "documentop": "1308582608", "direccion": "MZ-P2 LT. 16 URBIRIOS", "area_m2": 120.0, "frente_uti": 8.0, "frente_tot": 0.0, "avaluo_con": 0.0, "avaluo_sue": 8400.0, "zonaurbano": "URBANA", "parroquia": "TARQUI", "esta_bloqu": "NO", "es_tercera": "NO", "tiene_elec": "SI", "tiene_agua": "SI", "tiene_alca": "NO", "observacio": "C-4158-03.-SE MODIFICA NOMBRE X DEPURAC.\r\n27/06/12 A.Q.", "observac_1": null, "barrio": "URBIRRIOS X", "parroquia_": 3, "barrio_id": 331, "proceso": 1, "fecha_regi": null, "activo_cat": "SI", "desactivad": 0, "avaluo_rem": 0.0, "avaluo_r_1": 0.0, "clasificac": "DEPURACION CATASTRO", "anio_deuda": 2014, "deuda": 511.01, "valor_ip": 0.0, "coactiva": null, "ficharegis": 0, "etam": 0.0912870929, "diferencia": -2.8378936089, "porc_difer": -0.0236491134, "admisible": 1, "deuda_anio": 493.79, "2024__csv_": "3-32-81-16-000", "2024__csv1": "357-23-01-2025", "Clavepre": "3-32-81-16-000", "RESOLUCION": "357-23-01-2025", "ORIG_FID": 123 }, "geometry": { "type": "Point", "coordinates": [ -80.724148487092108, -0.98460266449261 ] } },
{ "type": "Feature", "properties": { "id": 93218, "lote_id": 68819, "clavecatas": "3-32-83-24-000", "zona": "3", "sector": "32", "manzana": "83", "lote": "24", "ph": "000", "propietari": "MUNICIPAL .", "documentop": "1360000980001", "direccion": "MZ-P-1 LT. 24 URBIRIOS", "area_m2": 118.79, "frente_uti": 7.3, "frente_tot": 0.0, "avaluo_con": 0.0, "avaluo_sue": 8315.3, "zonaurbano": "URBANA", "parroquia": "TARQUI", "esta_bloqu": "NO", "es_tercera": "NO", "tiene_elec": "SI", "tiene_agua": "SI", "tiene_alca": "NO", "observacio": "ING. NUEVO INF. AMPAROP Q. OCT. 15/07 MR SE ACT CERT EMITIDO POR GS 34955-15 14/09/2015 GS -SE DESM.LA 3328325 GLORIA G.12/21/15 Y.C.S.-", "observac_1": null, "barrio": "URBIRIOS", "parroquia_": 3, "barrio_id": 231, "proceso": 1, "fecha_regi": null, "activo_cat": "SI", "desactivad": 0, "avaluo_rem": 0.0, "avaluo_r_1": 0.0, "clasificac": "GENERAL", "anio_deuda": 2026, "deuda": 15.43, "valor_ip": 0.0, "coactiva": null, "ficharegis": 45199, "etam": 0.0917508421, "diferencia": -8.6317215408999992, "porc_difer": -0.0726637052, "admisible": 1, "deuda_anio": 0.0, "2024__csv_": "3-32-83-24-000", "2024__csv1": "357-23-01-2025", "Clavepre": "3-32-83-24-000", "RESOLUCION": "357-23-01-2025", "ORIG_FID": 124 }, "geometry": { "type": "Point", "coordinates": [ -80.724494809306037, -0.984926527843763 ] } },
{ "type": "Feature", "properties": { "id": 93263, "lote_id": 68862, "clavecatas": "3-32-85-10-000", "zona": "3", "sector": "32", "manzana": "85", "lote": "10", "ph": "000", "propietari": "MERO MANTUANO VICENTE S/E/GAD MANTA", "documentop": "1303114878", "direccion": "MZ-O' LT. 10 URBIROS", "area_m2": 150.9, "frente_uti": 8.0, "frente_tot": 0.0, "avaluo_con": 0.0, "avaluo_sue": 9808.5, "zonaurbano": "URBANA", "parroquia": "TARQUI", "esta_bloqu": "NO", "es_tercera": "SI", "tiene_elec": "SI", "tiene_agua": "SI", "tiene_alca": "NO", "observacio": "INF. AMPARO Q. OCT. 05/05 MR -NUEVO INGRESO SELLO REDISEÑO AMPARO Q.09/13/07 Y.C.S.-SE MODIFICA NOMBRE X DEPURAC.27/06/12 A.Q.", "observac_1": null, "barrio": "URBIRRIOS X", "parroquia_": 3, "barrio_id": 331, "proceso": 1, "fecha_regi": null, "activo_cat": "SI", "desactivad": 0, "avaluo_rem": 0.0, "avaluo_r_1": 0.0, "clasificac": "DEPURACION CATASTRO", "anio_deuda": 2010, "deuda": 618.51, "valor_ip": 0.0, "coactiva": null, "ficharegis": 0, "etam": 0.0814058059, "diferencia": 10.8251849392, "porc_difer": 0.0717374747, "admisible": 1, "deuda_anio": 607.52, "2024__csv_": "3-32-85-10-000", "2024__csv1": "357-23-01-2025", "Clavepre": "3-32-85-10-000", "RESOLUCION": "357-23-01-2025", "ORIG_FID": 125 }, "geometry": { "type": "Point", "coordinates": [ -80.725827641410945, -0.983353000907803 ] } },
{ "type": "Feature", "properties": { "id": 93345, "lote_id": 91516, "clavecatas": "3-32-87-21-000", "zona": "3", "sector": "32", "manzana": "87", "lote": "21", "ph": "000", "propietari": "MERO MARCILLO RAMONA MAGDALENA", "documentop": "1303908121", "direccion": "URB.URBIRRIOS MZ Ñ LOTE 21", "area_m2": 126.05, "frente_uti": 8.0, "frente_tot": 8.0, "avaluo_con": 0.0, "avaluo_sue": 8168.04, "zonaurbano": "URBANA", "parroquia": "TARQUI", "esta_bloqu": "NO", "es_tercera": "SI", "tiene_elec": "SI", "tiene_agua": "SI", "tiene_alca": "SI", "observacio": "ESTE LOTE NO COSTABA INGRESADO, SE INGRESA PARA PASAR LA RESTRUCTURACION DE MZ 24/08/17 A.Q. SE ACTUALIZA INF EN BASE A ESCRITURA DE ADJUDICACION INSCRITA EN EL REG. DE LA PROPIEDAD.22/09/2025", "observac_1": null, "barrio": "03", "parroquia_": 3, "barrio_id": 1014, "proceso": 1, "fecha_regi": null, "activo_cat": "SI", "desactivad": 0, "avaluo_rem": 0.0, "avaluo_r_1": 0.0, "clasificac": "GENERAL", "anio_deuda": 2026, "deuda": 11.25, "valor_ip": 0.0, "coactiva": null, "ficharegis": 26662, "etam": 0.0890694099, "diferencia": -1.5006581514, "porc_difer": -0.011905261, "admisible": 1, "deuda_anio": 0.0, "2024__csv_": "3-32-87-21-000", "2024__csv1": "357-23-01-2025", "Clavepre": "3-32-87-21-000", "RESOLUCION": "357-23-01-2025", "ORIG_FID": 126 }, "geometry": { "type": "Point", "coordinates": [ -80.721671054018231, -0.984212310872148 ] } },
{ "type": "Feature", "properties": { "id": 93350, "lote_id": 68947, "clavecatas": "3-32-87-26-000", "zona": "3", "sector": "32", "manzana": "87", "lote": "26", "ph": "000", "propietari": "MOREIRA GUTIERREZ NARCISO LEONARDO", "documentop": "1311516072", "direccion": "URBIRRIOS I,  MZ-Ñ L-24", "area_m2": 195.12, "frente_uti": 8.0, "frente_tot": 8.0, "avaluo_con": 7265.8, "avaluo_sue": 13346.21, "zonaurbano": "URBANA", "parroquia": "TARQUI", "esta_bloqu": "NO", "es_tercera": "NO", "tiene_elec": "SI", "tiene_agua": "SI", "tiene_alca": "NO", "observacio": "-NUEVO INGRESO SELLO REDISEÑO AMPARO Q.09/13/07 Y.C.S.-SE ACTUALIZA INFORMACION CON ESCRITURA DE ADJ.CON PROH.DE ENAJ.INSCRITA EN EL REG.DE LA PROPIEDAD 06/25/2025 Y.C.S.-", "observac_1": null, "barrio": "URBIRRIOS X", "parroquia_": 3, "barrio_id": 331, "proceso": 1, "fecha_regi": null, "activo_cat": "SI", "desactivad": 0, "avaluo_rem": 0.0, "avaluo_r_1": 0.0, "clasificac": "GENERAL", "anio_deuda": 2026, "deuda": 25.85, "valor_ip": 0.0, "coactiva": null, "ficharegis": 67868, "etam": 0.0715894633, "diferencia": 2.4824918649000001, "porc_difer": 0.012722898, "admisible": 1, "deuda_anio": 0.0, "2024__csv_": "3-32-87-26-000", "2024__csv1": "357-23-01-2025", "Clavepre": "3-32-87-26-000", "RESOLUCION": "357-23-01-2025", "ORIG_FID": 127 }, "geometry": { "type": "Point", "coordinates": [ -80.720830813894338, -0.983748564911298 ] } },
{ "type": "Feature", "properties": { "id": 104535, "lote_id": 108939, "clavecatas": "5-05-11-02-000", "zona": "5", "sector": "05", "manzana": "11", "lote": "02", "ph": "000", "propietari": "GOBIERNO AUTONOMO DESCENTRALIZADO  MUNICIPAL MANTA .", "documentop": "1360000980001", "direccion": "PARROQUIA MANTA - SAN JUAN - BARRIO SAN JOSÉ MZ 11 - LT 02", "area_m2": 70.07, "frente_uti": 6.53, "frente_tot": 6.53, "avaluo_con": 0.0, "avaluo_sue": 0.0, "zonaurbano": "URBANA", "parroquia": "MANTA", "esta_bloqu": "NO", "es_tercera": "NO", "tiene_elec": "SI", "tiene_agua": "NO", "tiene_alca": "NO", "observacio": null, "observac_1": null, "barrio": "SAN JOSE", "parroquia_": 2, "barrio_id": 1059, "proceso": 0, "fecha_regi": null, "activo_cat": "SI", "desactivad": 0, "avaluo_rem": 0.0, "avaluo_r_1": 0.0, "clasificac": "POR LEGALIZAR", "anio_deuda": 0, "deuda": 0.0, "valor_ip": 0.0, "coactiva": null, "ficharegis": 0, "etam": 0.1, "diferencia": -0.0041852177, "porc_difer": -5.97291e-05, "admisible": 1, "deuda_anio": 0.0, "2024__csv_": "5-05-11-02-000", "2024__csv1": "535-30-12-2025", "Clavepre": "5-05-11-02-000", "RESOLUCION": "535-30-12-2025", "ORIG_FID": 128 }, "geometry": { "type": "Point", "coordinates": [ -80.75601148827576, -1.001428071752914 ] } },
{ "type": "Feature", "properties": { "id": 104564, "lote_id": 109046, "clavecatas": "5-05-16-07-000", "zona": "5", "sector": "05", "manzana": "16", "lote": "07", "ph": "000", "propietari": "GOBIERNO AUTONOMO DESCENTRALIZADO  MUNICIPAL MANTA .", "documentop": "1360000980001", "direccion": "PARROQUIA MANTA - SAN JUAN - BARRIO SAN JOSÉ MZ 16 - LT 07", "area_m2": 234.66, "frente_uti": 12.97, "frente_tot": 25.84, "avaluo_con": 0.0, "avaluo_sue": 3519.9, "zonaurbano": "URBANA", "parroquia": "MANTA", "esta_bloqu": "NO", "es_tercera": "NO", "tiene_elec": "SI", "tiene_agua": "NO", "tiene_alca": "NO", "observacio": null, "observac_1": null, "barrio": "SAN JOSE", "parroquia_": 2, "barrio_id": 1059, "proceso": 0, "fecha_regi": null, "activo_cat": "SI", "desactivad": 0, "avaluo_rem": 0.0, "avaluo_r_1": 0.0, "clasificac": "POR LEGALIZAR", "anio_deuda": 0, "deuda": 0.0, "valor_ip": 0.0, "coactiva": null, "ficharegis": 0, "etam": 0.1305600965, "diferencia": -0.0510302918, "porc_difer": -0.0002174648, "admisible": 1, "deuda_anio": 0.0, "2024__csv_": "5-05-16-07-000", "2024__csv1": "535-30-12-2025", "Clavepre": "5-05-16-07-000", "RESOLUCION": "535-30-12-2025", "ORIG_FID": 129 }, "geometry": { "type": "Point", "coordinates": [ -80.755035111349343, -1.003137976460966 ] } },
{ "type": "Feature", "properties": { "id": 97046, "lote_id": 103866, "clavecatas": "3-45-04-06-000", "zona": "3", "sector": "45", "manzana": "04", "lote": "06", "ph": "000", "propietari": "GOBIERNO AUTONOMO DESCENTRALIZADO  MUNICIPAL MANTA .", "documentop": "1360000980001", "direccion": "LA REVANCHA MZ R04 LOTE 06", "area_m2": 127.81, "frente_uti": 8.2, "frente_tot": 8.2, "avaluo_con": 476.72, "avaluo_sue": 2070.52, "zonaurbano": "URBANA", "parroquia": "MANTA", "esta_bloqu": "NO", "es_tercera": "NO", "tiene_elec": "SI", "tiene_agua": "NO", "tiene_alca": "NO", "observacio": "SE CREA EL PRESENTE CÓDIGO CATASTRAL POR PROCESO DE LEGALIZACIÓN DE BIENES MOSTRENCOS.", "observac_1": null, "barrio": "LA REVANCHA", "parroquia_": 1, "barrio_id": 1170, "proceso": 0, "fecha_regi": null, "activo_cat": "SI", "desactivad": 0, "avaluo_rem": 0.0, "avaluo_r_1": 0.0, "clasificac": "POR LEGALIZAR", "anio_deuda": 0, "deuda": 0.0, "valor_ip": 0.0, "coactiva": null, "ficharegis": 0, "etam": 0.0884540215, "diferencia": 0.0005072719, "porc_difer": 3.969e-06, "admisible": 1, "deuda_anio": 0.0, "2024__csv_": "3-45-04-06-000", "2024__csv1": "533-18-12-2025", "Clavepre": "3-45-04-06-000", "RESOLUCION": "533-18-12-2025", "ORIG_FID": 130 }, "geometry": { "type": "Point", "coordinates": [ -80.737616450531448, -0.997138628959923 ] } },
{ "type": "Feature", "properties": { "id": 97310, "lote_id": 110012, "clavecatas": "3-45-17-01-000", "zona": "3", "sector": "45", "manzana": "17", "lote": "01", "ph": "000", "propietari": "GOBIERNO AUTONOMO DESCENTRALIZADO  MUNICIPAL MANTA .", "documentop": "1360000980001", "direccion": "REVANCHA, MANZANA R-17, LOTE 01", "area_m2": 3095.76, "frente_uti": 39.11, "frente_tot": 39.11, "avaluo_con": 0.0, "avaluo_sue": 0.0, "zonaurbano": "URBANA", "parroquia": "MANTA", "esta_bloqu": "NO", "es_tercera": "NO", "tiene_elec": "NO", "tiene_agua": "NO", "tiene_alca": "NO", "observacio": null, "observac_1": null, "barrio": "LA REVANCHA", "parroquia_": 1, "barrio_id": 1170, "proceso": 0, "fecha_regi": null, "activo_cat": "SI", "desactivad": 0, "avaluo_rem": 0.0, "avaluo_r_1": 0.0, "clasificac": "PROPIEDADES MUNICIPALES", "anio_deuda": 0, "deuda": 0.0, "valor_ip": 0.0, "coactiva": null, "ficharegis": 0, "etam": 0.107836953, "diferencia": 0.9367014552, "porc_difer": 0.0003025756, "admisible": 1, "deuda_anio": 0.0, "2024__csv_": "3-45-17-01-000", "2024__csv1": "391-03-04-2025", "Clavepre": "3-45-17-01-000", "RESOLUCION": "391-03-04-2025", "ORIG_FID": 131 }, "geometry": { "type": "Point", "coordinates": [ -80.7387685236382, -0.997839529604965 ] } },
{ "type": "Feature", "properties": { "id": 97366, "lote_id": 104544, "clavecatas": "3-45-26-02-000", "zona": "3", "sector": "45", "manzana": "26", "lote": "02", "ph": "000", "propietari": "GOBIERNO AUTONOMO DESCENTRALIZADO  MUNICIPAL MANTA .", "documentop": "1360000980001", "direccion": "BARRIO LA REVANCHA MZ R26 LOTE 02", "area_m2": 117.27, "frente_uti": 7.99, "frente_tot": 16.41, "avaluo_con": 126.9, "avaluo_sue": 1899.77, "zonaurbano": "URBANA", "parroquia": "MANTA", "esta_bloqu": "NO", "es_tercera": "NO", "tiene_elec": "SI", "tiene_agua": "NO", "tiene_alca": "NO", "observacio": "SE CREA EL PRESENTE CÓDIGO CATASTRAL POR PROCESO DE LEGALIZACIÓN DE BIENES MOSTRENCO", "observac_1": null, "barrio": "LA REVANCHA", "parroquia_": 1, "barrio_id": 1170, "proceso": 0, "fecha_regi": null, "activo_cat": "SI", "desactivad": 0, "avaluo_rem": 0.0, "avaluo_r_1": 0.0, "clasificac": "POR LEGALIZAR", "anio_deuda": 0, "deuda": 0.0, "valor_ip": 0.0, "coactiva": null, "ficharegis": 0, "etam": 0.0923435439, "diferencia": -0.0038702154, "porc_difer": -3.30026e-05, "admisible": 1, "deuda_anio": 0.0, "2024__csv_": "3-45-26-02-000", "2024__csv1": "533-18-12-2025", "Clavepre": "3-45-26-02-000", "RESOLUCION": "533-18-12-2025", "ORIG_FID": 132 }, "geometry": { "type": "Point", "coordinates": [ -80.741498540818824, -0.99508096049482 ] } },
{ "type": "Feature", "properties": { "id": 97374, "lote_id": 104552, "clavecatas": "3-45-28-01-000", "zona": "3", "sector": "45", "manzana": "28", "lote": "01", "ph": "000", "propietari": "GOBIERNO AUTONOMO DESCENTRALIZADO  MUNICIPAL MANTA .", "documentop": "1360000980001", "direccion": "BARRIO LA REVANCHA MZ R28 LOTE 01", "area_m2": 261.46, "frente_uti": 13.89, "frente_tot": 33.74, "avaluo_con": 0.0, "avaluo_sue": 5229.2, "zonaurbano": "URBANA", "parroquia": "MANTA", "esta_bloqu": "NO", "es_tercera": "NO", "tiene_elec": "SI", "tiene_agua": "NO", "tiene_alca": "NO", "observacio": "SE CREA EL PRESENTE CÓDIGO CATASTRAL POR PROCESO DE LEGALIZACIÓN DE BIENES MOSTRENCO", "observac_1": null, "barrio": "LA REVANCHA", "parroquia_": 1, "barrio_id": 1170, "proceso": 0, "fecha_regi": null, "activo_cat": "SI", "desactivad": 0, "avaluo_rem": 0.0, "avaluo_r_1": 0.0, "clasificac": "POR LEGALIZAR", "anio_deuda": 0, "deuda": 0.0, "valor_ip": 0.0, "coactiva": null, "ficharegis": 0, "etam": 0.1236879431, "diferencia": 0.0028951469, "porc_difer": 1.1073e-05, "admisible": 1, "deuda_anio": 0.0, "2024__csv_": "3-45-28-01-000", "2024__csv1": "533-18-12-2025", "Clavepre": "3-45-28-01-000", "RESOLUCION": "533-18-12-2025", "ORIG_FID": 133 }, "geometry": { "type": "Point", "coordinates": [ -80.741693459568907, -0.99523907825549 ] } },
{ "type": "Feature", "properties": { "id": 97401, "lote_id": 104447, "clavecatas": "3-45-31-04-000", "zona": "3", "sector": "45", "manzana": "31", "lote": "04", "ph": "000", "propietari": "GOBIERNO AUTONOMO DESCENTRALIZADO  MUNICIPAL MANTA .", "documentop": "1360000980001", "direccion": "LA REVANCHA MZ R31 LOTE 4", "area_m2": 226.04, "frente_uti": 16.0, "frente_tot": 16.0, "avaluo_con": 231.92, "avaluo_sue": 4068.72, "zonaurbano": "URBANA", "parroquia": "MANTA", "esta_bloqu": "NO", "es_tercera": "NO", "tiene_elec": "SI", "tiene_agua": "NO", "tiene_alca": "NO", "observacio": "SE CREA CÓDIGO POR DISPOSICIÓN DEL ÁREA DE LEGALIZACIÓN, SOLICITUD ENVIADA POR CORREO 8/11/2023.", "observac_1": null, "barrio": "LA REVANCHA", "parroquia_": 2, "barrio_id": 1170, "proceso": 0, "fecha_regi": null, "activo_cat": "SI", "desactivad": 0, "avaluo_rem": 0.0, "avaluo_r_1": 0.0, "clasificac": "POR LEGALIZAR", "anio_deuda": 0, "deuda": 0.0, "valor_ip": 0.0, "coactiva": null, "ficharegis": 0, "etam": 0.1330262493, "diferencia": 0.0028616103, "porc_difer": 1.26598e-05, "admisible": 1, "deuda_anio": 0.0, "2024__csv_": "3-45-31-04-000", "2024__csv1": "533-18-12-2025", "Clavepre": "3-45-31-04-000", "RESOLUCION": "533-18-12-2025", "ORIG_FID": 134 }, "geometry": { "type": "Point", "coordinates": [ -80.741429959091491, -0.996289564358491 ] } },
{ "type": "Feature", "properties": { "id": 97421, "lote_id": 104583, "clavecatas": "3-45-34-08-000", "zona": "3", "sector": "45", "manzana": "34", "lote": "08", "ph": "000", "propietari": "GOBIERNO AUTONOMO DESCENTRALIZADO  MUNICIPAL MANTA .", "documentop": "1360000980001", "direccion": "LA REVANCHA MZ R34 LOTE 8", "area_m2": 230.32, "frente_uti": 16.0, "frente_tot": 16.0, "avaluo_con": 17455.79, "avaluo_sue": 3731.18, "zonaurbano": "URBANA", "parroquia": "MANTA", "esta_bloqu": "NO", "es_tercera": "NO", "tiene_elec": "SI", "tiene_agua": "NO", "tiene_alca": "NO", "observacio": "SE CREA CÓDIGO POR DISPOSICIÓN DEL ÁREA DE LEGALIZACIÓN, SOLICITUD ENVIADA POR CORREO 8/11/2023.", "observac_1": null, "barrio": "LA REVANCHA", "parroquia_": 2, "barrio_id": 1170, "proceso": 0, "fecha_regi": null, "activo_cat": "SI", "desactivad": 0, "avaluo_rem": 0.0, "avaluo_r_1": 0.0, "clasificac": "POR LEGALIZAR", "anio_deuda": 2026, "deuda": 5.98, "valor_ip": 0.0, "coactiva": null, "ficharegis": 0, "etam": 0.1317844504, "diferencia": -0.0004506248, "porc_difer": -1.9565e-06, "admisible": 1, "deuda_anio": 0.0, "2024__csv_": "3-45-34-08-000", "2024__csv1": "533-18-12-2025", "Clavepre": "3-45-34-08-000", "RESOLUCION": "533-18-12-2025", "ORIG_FID": 135 }, "geometry": { "type": "Point", "coordinates": [ -80.740779408668189, -0.997514802986849 ] } },
{ "type": "Feature", "properties": { "id": 97461, "lote_id": 104462, "clavecatas": "3-45-40-03-000", "zona": "3", "sector": "45", "manzana": "40", "lote": "03", "ph": "000", "propietari": "GOBIERNO AUTONOMO DESCENTRALIZADO  MUNICIPAL MANTA ..", "documentop": "1360000980001", "direccion": "BARRIO LA REVANCHA MZ R40 LOTE 03", "area_m2": 119.07, "frente_uti": 8.0, "frente_tot": 8.0, "avaluo_con": 4070.66, "avaluo_sue": 2381.4, "zonaurbano": "URBANA", "parroquia": "MANTA", "esta_bloqu": "NO", "es_tercera": "NO", "tiene_elec": "SI", "tiene_agua": "NO", "tiene_alca": "NO", "observacio": "SE CREA EL PRESENTE CÓDIGO CATASTRAL POR PROCESO DE LEGALIZACIÓN DE BIENES MOSTRENCOS", "observac_1": null, "barrio": "LA REVANCHA", "parroquia_": 1, "barrio_id": 1170, "proceso": 0, "fecha_regi": null, "activo_cat": "SI", "desactivad": 0, "avaluo_rem": 0.0, "avaluo_r_1": 0.0, "clasificac": "POR LEGALIZAR", "anio_deuda": 0, "deuda": 0.0, "valor_ip": 0.0, "coactiva": null, "ficharegis": 0, "etam": 0.0916428999, "diferencia": 0.0019397109, "porc_difer": 1.62905e-05, "admisible": 1, "deuda_anio": 0.0, "2024__csv_": "3-45-40-03-000", "2024__csv1": "533-18-12-2025", "Clavepre": "3-45-40-03-000", "RESOLUCION": "533-18-12-2025", "ORIG_FID": 136 }, "geometry": { "type": "Point", "coordinates": [ -80.739517183815209, -0.999262347056579 ] } },
{ "type": "Feature", "properties": { "id": 97539, "lote_id": 104103, "clavecatas": "3-45-51-04-000", "zona": "3", "sector": "45", "manzana": "51", "lote": "04", "ph": "000", "propietari": "GOBIERNO AUTONOMO DESCENTRALIZADO  MUNICIPAL MANTA .", "documentop": "1360000980001", "direccion": "BARRIO LA REVANCHA MZ R51 LOTE 04", "area_m2": 372.58, "frente_uti": 24.33, "frente_tot": 24.33, "avaluo_con": 31320.13, "avaluo_sue": 5734.01, "zonaurbano": "URBANA", "parroquia": "MANTA", "esta_bloqu": "NO", "es_tercera": "NO", "tiene_elec": "SI", "tiene_agua": "NO", "tiene_alca": "NO", "observacio": "SE CREA EL PRESENTE CÓDIGO CATASTRAL POR PROCESO DE LEGALIZACIÓN DE BIENES MOSTRENCOS", "observac_1": null, "barrio": "LA REVANCHA", "parroquia_": 1, "barrio_id": 1170, "proceso": 0, "fecha_regi": null, "activo_cat": "SI", "desactivad": 0, "avaluo_rem": 0.0, "avaluo_r_1": 0.0, "clasificac": "POR LEGALIZAR", "anio_deuda": 0, "deuda": 0.0, "valor_ip": 0.0, "coactiva": null, "ficharegis": 0, "etam": 0.1554216394, "diferencia": 0.00307976, "porc_difer": 8.266e-06, "admisible": 1, "deuda_anio": 0.0, "2024__csv_": "3-45-51-04-000", "2024__csv1": "533-18-12-2025", "Clavepre": "3-45-51-04-000", "RESOLUCION": "533-18-12-2025", "ORIG_FID": 137 }, "geometry": { "type": "Point", "coordinates": [ -80.742395551228981, -0.996679136854834 ] } },
{ "type": "Feature", "properties": { "id": 97693, "lote_id": 103959, "clavecatas": "3-45-77-02-000", "zona": "3", "sector": "45", "manzana": "77", "lote": "02", "ph": "000", "propietari": "GOBIERNO AUTONOMO DESCENTRALIZADO  MUNICIPAL MANTA .", "documentop": "1360000980001", "direccion": "BARRIO LA REVANCHA MZ R77 - LOTE 02", "area_m2": 242.22, "frente_uti": 16.0, "frente_tot": 16.0, "avaluo_con": 5400.0, "avaluo_sue": 3884.72, "zonaurbano": "URBANA", "parroquia": "MANTA", "esta_bloqu": "NO", "es_tercera": "NO", "tiene_elec": "SI", "tiene_agua": "NO", "tiene_alca": "NO", "observacio": "SE CREA EL PRESENTE CÓDIGO CATASTRAL POR PROCESO DE LEGALIZACIÓN DE BIENES MOSTRENCOS", "observac_1": null, "barrio": "LA REVANCHA", "parroquia_": 1, "barrio_id": 1170, "proceso": 0, "fecha_regi": null, "activo_cat": "SI", "desactivad": 0, "avaluo_rem": 0.0, "avaluo_r_1": 0.0, "clasificac": "POR LEGALIZAR", "anio_deuda": 0, "deuda": 0.0, "valor_ip": 0.0, "coactiva": null, "ficharegis": 0, "etam": 0.1285064705, "diferencia": 3.4509591247000002, "porc_difer": 0.0142472097, "admisible": 1, "deuda_anio": 0.0, "2024__csv_": "3-45-77-02-000", "2024__csv1": "533-18-12-2025", "Clavepre": "3-45-77-02-000", "RESOLUCION": "533-18-12-2025", "ORIG_FID": 138 }, "geometry": { "type": "Point", "coordinates": [ -80.742789030152693, -0.998050237495878 ] } },
{ "type": "Feature", "properties": { "id": 97740, "lote_id": 103945, "clavecatas": "3-45-85-08-000", "zona": "3", "sector": "45", "manzana": "85", "lote": "08", "ph": "000", "propietari": "GOBIERNO AUTONOMO DESCENTRALIZADO  MUNICIPAL MANTA .", "documentop": "1360000980001", "direccion": "MZ R 85-LT 08, BARRIO LA REVANCHA", "area_m2": 197.16, "frente_uti": 11.62, "frente_tot": 11.62, "avaluo_con": 4857.6, "avaluo_sue": 3943.2, "zonaurbano": "URBANA", "parroquia": "MANTA", "esta_bloqu": "NO", "es_tercera": "NO", "tiene_elec": "SI", "tiene_agua": "NO", "tiene_alca": "NO", "observacio": "SE CREA EL PRESENTE CODIGO CATASTRAL POR PROCESO DE LEGALIZACIÓN DE BIENES MOSTRENCOS", "observac_1": null, "barrio": "LA REVANCHA", "parroquia_": 1, "barrio_id": 1170, "proceso": 0, "fecha_regi": null, "activo_cat": "SI", "desactivad": 0, "avaluo_rem": 0.0, "avaluo_r_1": 0.0, "clasificac": "POR LEGALIZAR", "anio_deuda": 0, "deuda": 0.0, "valor_ip": 0.0, "coactiva": null, "ficharegis": 0, "etam": 0.0712181348, "diferencia": 38.107427984899999, "porc_difer": 0.1932817406, "admisible": 0, "deuda_anio": 0.0, "2024__csv_": "3-45-85-08-000", "2024__csv1": "533-18-12-2025", "Clavepre": "3-45-85-08-000", "RESOLUCION": "533-18-12-2025", "ORIG_FID": 139 }, "geometry": { "type": "Point", "coordinates": [ -80.742733093826075, -1.002692514825133 ] } },
{ "type": "Feature", "properties": { "id": 97128, "lote_id": 104085, "clavecatas": "3-45-115-12-000", "zona": "3", "sector": "45", "manzana": "115", "lote": "12", "ph": "000", "propietari": "GOBIERNO AUTONOMO DESCENTRALIZADO  MUNICIPAL MANTA .", "documentop": "1360000980001", "direccion": "MZ R 115-LT 12, BARRIO LA REVANCHA", "area_m2": 116.69, "frente_uti": 8.0, "frente_tot": 8.0, "avaluo_con": 11137.12, "avaluo_sue": 2100.42, "zonaurbano": "URBANA", "parroquia": "MANTA", "esta_bloqu": "NO", "es_tercera": "NO", "tiene_elec": "SI", "tiene_agua": "NO", "tiene_alca": "NO", "observacio": "SE CREA EL PRESENTE CODIGO CATASTRAL POR PROCESO DE LEGALIZACIÓN DE BIENES MOSTRENCOS\r\n", "observac_1": null, "barrio": "LA REVANCHA", "parroquia_": 1, "barrio_id": 1170, "proceso": 0, "fecha_regi": null, "activo_cat": "SI", "desactivad": 0, "avaluo_rem": 0.0, "avaluo_r_1": 0.0, "clasificac": "POR LEGALIZAR", "anio_deuda": 0, "deuda": 0.0, "valor_ip": 0.0, "coactiva": null, "ficharegis": 0, "etam": 0.0925727532, "diferencia": -0.0023917542, "porc_difer": -2.04967e-05, "admisible": 1, "deuda_anio": 0.0, "2024__csv_": "3-45-115-12-000", "2024__csv1": "533-18-12-2025", "Clavepre": "3-45-115-12-000", "RESOLUCION": "533-18-12-2025", "ORIG_FID": 140 }, "geometry": { "type": "Point", "coordinates": [ -80.735603543607496, -1.002550825137227 ] } },
{ "type": "Feature", "properties": { "id": 97136, "lote_id": 104196, "clavecatas": "3-45-117-08-000", "zona": "3", "sector": "45", "manzana": "117", "lote": "08", "ph": "000", "propietari": "GOBIERNO AUTONOMO DESCENTRALIZADO  MUNICIPAL MANTA .", "documentop": "1360000980001", "direccion": "MZ R 117-LT 08, BARRIO LA REVANCHA", "area_m2": 203.16, "frente_uti": 10.4, "frente_tot": 10.4, "avaluo_con": 5715.2, "avaluo_sue": 3126.63, "zonaurbano": "URBANA", "parroquia": "MANTA", "esta_bloqu": "NO", "es_tercera": "NO", "tiene_elec": "SI", "tiene_agua": "NO", "tiene_alca": "NO", "observacio": "SE CREA EL PRESENTE CODIGO CATASTRAL POR PROCESO DE LEGALIZACIÓN DE BIENES MOSTRENCOS", "observac_1": null, "barrio": "LA REVANCHA", "parroquia_": 1, "barrio_id": 1170, "proceso": 0, "fecha_regi": null, "activo_cat": "SI", "desactivad": 0, "avaluo_rem": 0.0, "avaluo_r_1": 0.0, "clasificac": "POR LEGALIZAR", "anio_deuda": 0, "deuda": 0.0, "valor_ip": 0.0, "coactiva": null, "ficharegis": 0, "etam": 0.1403171947, "diferencia": 0.0029319844, "porc_difer": 1.44319e-05, "admisible": 1, "deuda_anio": 0.0, "2024__csv_": "3-45-117-08-000", "2024__csv1": "533-18-12-2025", "Clavepre": "3-45-117-08-000", "RESOLUCION": "533-18-12-2025", "ORIG_FID": 141 }, "geometry": { "type": "Point", "coordinates": [ -80.736878066118365, -1.002605004851694 ] } },
{ "type": "Feature", "properties": { "id": 97237, "lote_id": 110013, "clavecatas": "3-45-139-01-000", "zona": "3", "sector": "45", "manzana": "139", "lote": "01", "ph": "000", "propietari": null, "documentop": null, "direccion": "REVANCHA, MANZANA R-139, LOTE 01", "area_m2": 2345.83, "frente_uti": 30.06, "frente_tot": 59.5, "avaluo_con": 0.0, "avaluo_sue": 0.0, "zonaurbano": "URBANA", "parroquia": "MANTA", "esta_bloqu": "NO", "es_tercera": "NO", "tiene_elec": "SI", "tiene_agua": "SI", "tiene_alca": "SI", "observacio": null, "observac_1": null, "barrio": "LA REVANCHA", "parroquia_": 1, "barrio_id": 1170, "proceso": 0, "fecha_regi": null, "activo_cat": "SI", "desactivad": 0, "avaluo_rem": 0.0, "avaluo_r_1": 0.0, "clasificac": "GENERAL", "anio_deuda": 0, "deuda": 0.0, "valor_ip": 0.0, "coactiva": null, "ficharegis": 0, "etam": 0.1238805094, "diferencia": 0.0048025191, "porc_difer": 2.0473e-06, "admisible": 1, "deuda_anio": 0.0, "2024__csv_": "3-45-139-01-000", "2024__csv1": "391-03-04-2025", "Clavepre": "3-45-139-01-000", "RESOLUCION": "391-03-04-2025", "ORIG_FID": 142 }, "geometry": { "type": "Point", "coordinates": [ -80.735947395386688, -1.000924404952171 ] } },
{ "type": "Feature", "properties": { "id": 97238, "lote_id": 104385, "clavecatas": "3-45-140-02-000", "zona": "3", "sector": "45", "manzana": "140", "lote": "02", "ph": "000", "propietari": "GOBIERNO AUTONOMO DESCENTRALIZADO  MUNICIPAL MANTA .", "documentop": "1360000980001", "direccion": "MZ R 140-LT 02, BARRIO LA REVANCHA", "area_m2": 251.53, "frente_uti": 17.0, "frente_tot": 17.0, "avaluo_con": 30329.52, "avaluo_sue": 4074.79, "zonaurbano": "URBANA", "parroquia": "MANTA", "esta_bloqu": "NO", "es_tercera": "NO", "tiene_elec": "SI", "tiene_agua": "NO", "tiene_alca": "NO", "observacio": "SE CREA EL PRESENTE CODIGO CATASTRAL POR PROCESO DE LEGALIZACIÓN DE BIENES MOSTRENCOS", "observac_1": null, "barrio": "LA REVANCHA", "parroquia_": 1, "barrio_id": 1170, "proceso": 0, "fecha_regi": null, "activo_cat": "SI", "desactivad": 0, "avaluo_rem": 0.0, "avaluo_r_1": 0.0, "clasificac": "POR LEGALIZAR", "anio_deuda": 0, "deuda": 0.0, "valor_ip": 0.0, "coactiva": null, "ficharegis": 0, "etam": 0.1261058112, "diferencia": 0.0032119269, "porc_difer": 1.27696e-05, "admisible": 1, "deuda_anio": 0.0, "2024__csv_": "3-45-140-02-000", "2024__csv1": "533-18-12-2025", "Clavepre": "3-45-140-02-000", "RESOLUCION": "533-18-12-2025", "ORIG_FID": 143 }, "geometry": { "type": "Point", "coordinates": [ -80.736181960502819, -1.000496983436443 ] } },
{ "type": "Feature", "properties": { "id": 97268, "lote_id": 104448, "clavecatas": "3-45-145-01-000", "zona": "3", "sector": "45", "manzana": "145", "lote": "01", "ph": "000", "propietari": "GOBIERNO AUTONOMO DESCENTRALIZADO  MUNICIPAL MANTA .", "documentop": "1360000980001", "direccion": "MZ R 145-LT 01, BARRIO LA REVANCHA", "area_m2": 316.24, "frente_uti": 50.87, "frente_tot": 50.87, "avaluo_con": 35474.38, "avaluo_sue": 4303.39, "zonaurbano": "URBANA", "parroquia": "MANTA", "esta_bloqu": "NO", "es_tercera": "NO", "tiene_elec": "SI", "tiene_agua": "NO", "tiene_alca": "NO", "observacio": "SE CREA EL PRESENTE CODIGO CATASTRAL POR PROCESO DE LEGALIZACIÓN DE BIENES MOSTRENCOS\r\n", "observac_1": null, "barrio": "LA REVANCHA", "parroquia_": 1, "barrio_id": 1170, "proceso": 0, "fecha_regi": null, "activo_cat": "SI", "desactivad": 0, "avaluo_rem": 0.0, "avaluo_r_1": 0.0, "clasificac": "POR LEGALIZAR", "anio_deuda": 0, "deuda": 0.0, "valor_ip": 0.0, "coactiva": null, "ficharegis": 0, "etam": 0.1686991343, "diferencia": -0.0015118329, "porc_difer": -4.7807e-06, "admisible": 1, "deuda_anio": 0.0, "2024__csv_": "3-45-145-01-000", "2024__csv1": "533-18-12-2025", "Clavepre": "3-45-145-01-000", "RESOLUCION": "533-18-12-2025", "ORIG_FID": 144 }, "geometry": { "type": "Point", "coordinates": [ -80.735924467975053, -0.99956741358858 ] } },
{ "type": "Feature", "properties": { "id": 104586, "lote_id": 108986, "clavecatas": "5-05-24-01-000", "zona": "5", "sector": "05", "manzana": "24", "lote": "01", "ph": "000", "propietari": "GOBIERNO AUTONOMO DESCENTRALIZADO  MUNICIPAL MANTA .", "documentop": "1360000980001", "direccion": "PARROQUIA MANTA - SAN JUAN - BARRIO SAN JOSE - MZ 24 LOTE 01", "area_m2": 334.61, "frente_uti": 25.96, "frente_tot": 45.33, "avaluo_con": 0.0, "avaluo_sue": 5019.15, "zonaurbano": "URBANA", "parroquia": "MANTA", "esta_bloqu": "NO", "es_tercera": "NO", "tiene_elec": "SI", "tiene_agua": "NO", "tiene_alca": "NO", "observacio": null, "observac_1": null, "barrio": "SAN JOSE", "parroquia_": 2, "barrio_id": 1059, "proceso": 0, "fecha_regi": null, "activo_cat": "SI", "desactivad": 0, "avaluo_rem": 0.0, "avaluo_r_1": 0.0, "clasificac": "POR LEGALIZAR", "anio_deuda": 0, "deuda": 0.0, "valor_ip": 0.0, "coactiva": null, "ficharegis": 0, "etam": 0.1640030016, "diferencia": -0.0045976462, "porc_difer": -1.37403e-05, "admisible": 1, "deuda_anio": 0.0, "2024__csv_": "5-05-24-01-000", "2024__csv1": "535-30-12-2025", "Clavepre": "5-05-24-01-000", "RESOLUCION": "535-30-12-2025", "ORIG_FID": 145 }, "geometry": { "type": "Point", "coordinates": [ -80.755211105147197, -1.001399002821967 ] } },
{ "type": "Feature", "properties": { "id": 104641, "lote_id": 109088, "clavecatas": "5-06-02-06-000", "zona": "5", "sector": "06", "manzana": "02", "lote": "06", "ph": "000", "propietari": null, "documentop": null, "direccion": "MZ 02 LOTE 06 - BARRIO VALLE CLARO DE SAN JUAN DE MANTA", "area_m2": 588.35, "frente_uti": 18.0, "frente_tot": 55.7, "avaluo_con": 14739.2, "avaluo_sue": 8825.25, "zonaurbano": "URBANA", "parroquia": "MANTA", "esta_bloqu": "NO", "es_tercera": "NO", "tiene_elec": "SI", "tiene_agua": "NO", "tiene_alca": "NO", "observacio": "POR LEGALIZAR A LUCAS LUCAS HIDALGO VICTOR ALFONSO  DACC 05/01/25.", "observac_1": null, "barrio": "SIN ESPECIFICAR", "parroquia_": 2, "barrio_id": 1165, "proceso": 0, "fecha_regi": null, "activo_cat": "SI", "desactivad": 0, "avaluo_rem": 0.0, "avaluo_r_1": 0.0, "clasificac": "POR LEGALIZAR", "anio_deuda": 0, "deuda": 0.0, "valor_ip": 0.0, "coactiva": null, "ficharegis": 0, "etam": 0.1649081473, "diferencia": -0.0091512278, "porc_difer": -1.55541e-05, "admisible": 1, "deuda_anio": 0.0, "2024__csv_": "5-06-02-06-000", "2024__csv1": "535-30-12-2025", "Clavepre": "5-06-02-06-000", "RESOLUCION": "535-30-12-2025", "ORIG_FID": 146 }, "geometry": { "type": "Point", "coordinates": [ -80.761907368546446, -0.997402036898525 ] } },
{ "type": "Feature", "properties": { "id": 99179, "lote_id": 109626, "clavecatas": "4-13-01-32-000", "zona": "4", "sector": "13", "manzana": "01", "lote": "32", "ph": "000", "propietari": "G.A.D.MCPAL.DEL CANTON MANTA .", "documentop": "1360000980001", "direccion": "BARRIO SANTA MARIANITA-PARROQUIA SANTA MARIANITA", "area_m2": 375.0, "frente_uti": 0.0, "frente_tot": 0.0, "avaluo_con": 0.0, "avaluo_sue": 18179.44, "zonaurbano": "NÚCLEOS URBANOS EN ZONA RURAL", "parroquia": "SANTA MARIANITA", "esta_bloqu": "NO", "es_tercera": "NO", "tiene_elec": "SI", "tiene_agua": "NO", "tiene_alca": "NO", "observacio": "SE INGRESA CÓDIGO CATASTRAL 4130132000 CON FINES DE LEGALIZACIÓN PREVIA SOLICITUD DEL DIRECTOR, MEDIANTE RESOLUCIÓN N° 524-04-12-2025_04/02/2026.", "observac_1": null, "barrio": "SANTA MARIANITA", "parroquia_": 8, "barrio_id": 1003, "proceso": 0, "fecha_regi": null, "activo_cat": "SI", "desactivad": 0, "avaluo_rem": 0.0, "avaluo_r_1": 0.0, "clasificac": "POR LEGALIZAR", "anio_deuda": 0, "deuda": 0.0, "valor_ip": 0.0, "coactiva": null, "ficharegis": 0, "etam": 0.1549193338, "diferencia": 0.5101824636, "porc_difer": 0.0013604866, "admisible": 1, "deuda_anio": 0.0, "2024__csv_": "4-13-01-32-000", "2024__csv1": "524-04-12-2025", "Clavepre": "4-13-01-32-000", "RESOLUCION": "524-04-12-2025", "ORIG_FID": 147 }, "geometry": { "type": "Point", "coordinates": [ -80.849063456083883, -0.989523475831852 ] } },
{ "type": "Feature", "properties": { "id": 99178, "lote_id": 109620, "clavecatas": "4-13-01-31-000", "zona": "4", "sector": "13", "manzana": "01", "lote": "31", "ph": "000", "propietari": "G.A.D.MCPAL.DEL CANTON MANTA .", "documentop": "1360000980001", "direccion": "BARRIO SANTA MARIANITA-PARROQUIA SANTA MARIANITA", "area_m2": 375.0, "frente_uti": 0.0, "frente_tot": 0.0, "avaluo_con": 0.0, "avaluo_sue": 19136.25, "zonaurbano": "NÚCLEOS URBANOS EN ZONA RURAL", "parroquia": "SANTA MARIANITA", "esta_bloqu": "NO", "es_tercera": "NO", "tiene_elec": "SI", "tiene_agua": "NO", "tiene_alca": "NO", "observacio": "SE INGRESA CODIGO CATASTRAL 4130131000 CON FINES DE LEGALIZACIÓN PREVIA SOLICITUD DEL DIRECTOR, MEDIANTE RESOLUCIÓN N° 524-04-12-2025_04/02/2026.", "observac_1": null, "barrio": "SANTA MARIANITA", "parroquia_": 8, "barrio_id": 1003, "proceso": 0, "fecha_regi": null, "activo_cat": "SI", "desactivad": 0, "avaluo_rem": 0.0, "avaluo_r_1": 0.0, "clasificac": "POR LEGALIZAR", "anio_deuda": 0, "deuda": 0.0, "valor_ip": 0.0, "coactiva": null, "ficharegis": 0, "etam": 0.1549193338, "diferencia": 1.5156517276000001, "porc_difer": 0.0040417379, "admisible": 1, "deuda_anio": 0.0, "2024__csv_": "4-13-01-31-000", "2024__csv1": "524-04-12-2025", "Clavepre": "4-13-01-31-000", "RESOLUCION": "524-04-12-2025", "ORIG_FID": 148 }, "geometry": { "type": "Point", "coordinates": [ -80.848997770688385, -0.989640442839543 ] } },
{ "type": "Feature", "properties": { "id": 99180, "lote_id": 109633, "clavecatas": "4-13-01-33-000", "zona": "4", "sector": "13", "manzana": "01", "lote": "33", "ph": "000", "propietari": "G.A.D.MCPAL.DEL CANTON MANTA .", "documentop": "1360000980001", "direccion": "BARRIO SANTA MARIANITA-PARROQUIA SANTA MARIANITA", "area_m2": 375.0, "frente_uti": 0.0, "frente_tot": 0.0, "avaluo_con": 0.0, "avaluo_sue": 17222.63, "zonaurbano": "NÚCLEOS URBANOS EN ZONA RURAL", "parroquia": "SANTA MARIANITA", "esta_bloqu": "NO", "es_tercera": "NO", "tiene_elec": "SI", "tiene_agua": "NO", "tiene_alca": "NO", "observacio": "SE INGRESA CÓDIGO CATASTRAL 4130133000 CON FINES DE LEGALIZACIÓN PREVIA SOLICITUD DEL DIRECTOR, MEDIANTE RESOLUCIÓN N° 524-04-12-2025_04/02/2026.", "observac_1": null, "barrio": "SANTA MARIANITA", "parroquia_": 8, "barrio_id": 1003, "proceso": 0, "fecha_regi": null, "activo_cat": "SI", "desactivad": 0, "avaluo_rem": 0.0, "avaluo_r_1": 0.0, "clasificac": "POR LEGALIZAR", "anio_deuda": 0, "deuda": 0.0, "valor_ip": 0.0, "coactiva": null, "ficharegis": 0, "etam": 0.1549193338, "diferencia": -0.0015127969, "porc_difer": -4.0341e-06, "admisible": 1, "deuda_anio": 0.0, "2024__csv_": "4-13-01-33-000", "2024__csv1": "524-04-12-2025", "Clavepre": "4-13-01-33-000", "RESOLUCION": "524-04-12-2025", "ORIG_FID": 149 }, "geometry": { "type": "Point", "coordinates": [ -80.849110875536468, -0.989379505412558 ] } },
{ "type": "Feature", "properties": { "id": 104694, "lote_id": 109094, "clavecatas": "5-06-14-02-000", "zona": "5", "sector": "06", "manzana": "14", "lote": "02", "ph": "000", "propietari": "GOBIERNO AUTONOMO DESCENTRALIZADO  MUNICIPAL MANTA .", "documentop": "1360000980001", "direccion": "MZ 14 LOTE 02 - BARRIO VALLE CLARO DE SAN JUAN DE MANTA", "area_m2": 441.31, "frente_uti": 21.8, "frente_tot": 21.8, "avaluo_con": 1406.8, "avaluo_sue": 4825.72, "zonaurbano": "URBANA", "parroquia": "MANTA", "esta_bloqu": "NO", "es_tercera": "NO", "tiene_elec": "SI", "tiene_agua": "NO", "tiene_alca": "NO", "observacio": "POR LEGALIZAR A VERDESOTO ZAMBRANO EVA GABRIELA  DACC 05/01/25.", "observac_1": null, "barrio": "SIN ESPECIFICAR", "parroquia_": 2, "barrio_id": 1165, "proceso": 0, "fecha_regi": null, "activo_cat": "SI", "desactivad": 0, "avaluo_rem": 0.0, "avaluo_r_1": 0.0, "clasificac": "POR LEGALIZAR", "anio_deuda": 0, "deuda": 0.0, "valor_ip": 0.0, "coactiva": null, "ficharegis": 0, "etam": 0.1428069588, "diferencia": -0.0041044839, "porc_difer": -9.3007e-06, "admisible": 1, "deuda_anio": 0.0, "2024__csv_": "5-06-14-02-000", "2024__csv1": "536-30-12-2025", "Clavepre": "5-06-14-02-000", "RESOLUCION": "536-30-12-2025", "ORIG_FID": 150 }, "geometry": { "type": "Point", "coordinates": [ -80.762724544246808, -0.998415752057822 ] } },
{ "type": "Feature", "properties": { "id": 104725, "lote_id": 109134, "clavecatas": "5-07-01-28-000", "zona": "5", "sector": "07", "manzana": "01", "lote": "28", "ph": "000", "propietari": "GOBIERNO AUTONOMO DESCENTRALIZADO  MUNICIPAL MANTA .", "documentop": "1360000980001", "direccion": "SECTOR SAN JUAN - B. SAN RAMON - MZ- 1 LOTE -  20", "area_m2": 224.84, "frente_uti": 12.9, "frente_tot": 12.9, "avaluo_con": 31223.11, "avaluo_sue": 2724.98, "zonaurbano": "URBANA", "parroquia": "MANTA", "esta_bloqu": "NO", "es_tercera": "NO", "tiene_elec": "NO", "tiene_agua": "NO", "tiene_alca": "NO", "observacio": "POR LEGALIZAR MARIA FERNANDA MERO PIN 06/01/2026 ARQ. LUPE LANDA*", "observac_1": null, "barrio": "SAN JUAN", "parroquia_": 2, "barrio_id": 912, "proceso": 0, "fecha_regi": null, "activo_cat": "SI", "desactivad": 0, "avaluo_rem": 0.0, "avaluo_r_1": 0.0, "clasificac": "POR LEGALIZAR", "anio_deuda": 0, "deuda": 0.0, "valor_ip": 0.0, "coactiva": null, "ficharegis": 0, "etam": 0.133380766, "diferencia": -0.2672729926, "porc_difer": -0.0011887253, "admisible": 1, "deuda_anio": 0.0, "2024__csv_": "5-07-01-28-000", "2024__csv1": "536-30-12-2025", "Clavepre": "5-07-01-28-000", "RESOLUCION": "536-30-12-2025", "ORIG_FID": 151 }, "geometry": { "type": "Point", "coordinates": [ -80.758636444496958, -1.003517520339019 ] } },
{ "type": "Feature", "properties": { "id": 104897, "lote_id": 109170, "clavecatas": "5-07-21-15-000", "zona": "5", "sector": "07", "manzana": "21", "lote": "15", "ph": "000", "propietari": "GOBIERNO AUTONOMO DESCENTRALIZADO  MUNICIPAL MANTA .", "documentop": "1360000980001", "direccion": "SECTOR SAN JUAN B. SAN RAMON - MZ- 21 - LOTE - 15", "area_m2": 371.03, "frente_uti": 17.54, "frente_tot": 17.54, "avaluo_con": 15193.92, "avaluo_sue": 4508.01, "zonaurbano": "URBANA", "parroquia": "MANTA", "esta_bloqu": "NO", "es_tercera": "NO", "tiene_elec": "NO", "tiene_agua": "NO", "tiene_alca": "NO", "observacio": "POR LEGALIZAR ANGELA ELIDA DELGADO LUCAS 9/01/2026 ARQ. LUPE LANDA*", "observac_1": null, "barrio": "SAN JUAN", "parroquia_": 2, "barrio_id": 912, "proceso": 0, "fecha_regi": null, "activo_cat": "SI", "desactivad": 0, "avaluo_rem": 0.0, "avaluo_r_1": 0.0, "clasificac": "POR LEGALIZAR", "anio_deuda": 0, "deuda": 0.0, "valor_ip": 0.0, "coactiva": null, "ficharegis": 0, "etam": 0.1557459426, "diferencia": 0.9839725779, "porc_difer": 0.0026520027, "admisible": 1, "deuda_anio": 0.0, "2024__csv_": "5-07-21-15-000", "2024__csv1": "536-30-12-2025", "Clavepre": "5-07-21-15-000", "RESOLUCION": "536-30-12-2025", "ORIG_FID": 152 }, "geometry": { "type": "Point", "coordinates": [ -80.758397213974163, -1.00731604214304 ] } },
{ "type": "Feature", "properties": { "id": 102005, "lote_id": 101682, "clavecatas": "5-02-25-10-000", "zona": "5", "sector": "02", "manzana": "25", "lote": "10", "ph": "000", "propietari": "CEVALLOS CAMPUZANO ANDREINA MADELEINE", "documentop": "1309848420", "direccion": "NUEVO MANTA VIA SAN JUAN MZ N2 LOTE 10", "area_m2": 200.0, "frente_uti": 10.0, "frente_tot": 10.0, "avaluo_con": 27807.4, "avaluo_sue": 8100.0, "zonaurbano": "URBANA", "parroquia": "MANTA", "esta_bloqu": "NO", "es_tercera": "NO", "tiene_elec": "SI", "tiene_agua": "NO", "tiene_alca": "NO", "observacio": "SE CREA LA CLAVE 5-02-25-01-000 POR SOLICITUD AUTORIZADA VIA CORREO ELECTRONICO AUTORIZADO POR LA ARQ. CANDHY ORDOÑEZ EN ATENCION AL TRAMITE DE DESLINDE PREDIAL NUEVO MANTA SOLICITADO POR LA ARQ. MA. ANGELICA DELGADO CON N° MTA-UGTT-MEM-230320221204, I", "observac_1": null, "barrio": "NUEVO MANTA", "parroquia_": 2, "barrio_id": 340, "proceso": 0, "fecha_regi": null, "activo_cat": "SI", "desactivad": 0, "avaluo_rem": 0.0, "avaluo_r_1": 0.0, "clasificac": "GENERAL", "anio_deuda": 0, "deuda": 0.0, "valor_ip": 0.0, "coactiva": null, "ficharegis": 89855, "etam": 0.1414213562, "diferencia": 0.0053996601, "porc_difer": 2.69983e-05, "admisible": 1, "deuda_anio": 0.0, "2024__csv_": "5-02-25-10-000", "2024__csv1": "443-17-07-2025", "Clavepre": "5-02-25-10-000", "RESOLUCION": "443-17-07-2025", "ORIG_FID": 153 }, "geometry": { "type": "Point", "coordinates": [ -80.745284088701808, -0.980202491878521 ] } },
{ "type": "Feature", "properties": { "id": 102008, "lote_id": 101686, "clavecatas": "5-02-25-13-000", "zona": "5", "sector": "02", "manzana": "25", "lote": "13", "ph": "000", "propietari": "GARCIA HENNY ALEJANDRA", "documentop": "3050615420", "direccion": "NUEVO MANTA VIA SAN JUAN MZ N2 LOTE 13", "area_m2": 197.0, "frente_uti": 10.0, "frente_tot": 10.0, "avaluo_con": 416.55, "avaluo_sue": 7978.5, "zonaurbano": "URBANA", "parroquia": "MANTA", "esta_bloqu": "NO", "es_tercera": "NO", "tiene_elec": "SI", "tiene_agua": "NO", "tiene_alca": "NO", "observacio": "SE CREA LA CLAVE 5-02-25-01-000 POR SOLICITUD AUTORIZADA VIA CORREO ELECTRONICO AUTORIZADO POR LA ARQ. CANDHY ORDOÑEZ EN ATENCION AL TRAMITE DE DESLINDE PREDIAL NUEVO MANTA SOLICITADO POR LA ARQ. MA. ANGELICA DELGADO CON N° MTA-UGTT-MEM-230320221204, I", "observac_1": null, "barrio": "NUEVO MANTA", "parroquia_": 2, "barrio_id": 340, "proceso": 0, "fecha_regi": null, "activo_cat": "SI", "desactivad": 0, "avaluo_rem": 0.0, "avaluo_r_1": 0.0, "clasificac": "GENERAL", "anio_deuda": 0, "deuda": 0.0, "valor_ip": 0.0, "coactiva": null, "ficharegis": 90568, "etam": 0.07124705, "diferencia": -0.2653265957, "porc_difer": -0.0013468355, "admisible": 1, "deuda_anio": 0.0, "2024__csv_": "5-02-25-13-000", "2024__csv1": "443-17-07-2025", "Clavepre": "5-02-25-13-000", "RESOLUCION": "443-17-07-2025", "ORIG_FID": 154 }, "geometry": { "type": "Point", "coordinates": [ -80.745518604535704, -0.980073516019349 ] } },
{ "type": "Feature", "properties": { "id": 102030, "lote_id": 101692, "clavecatas": "5-02-27-04-000", "zona": "5", "sector": "02", "manzana": "27", "lote": "04", "ph": "000", "propietari": "TORRES MERCHAN ALLISSON ESTEFANIA", "documentop": "0953527942", "direccion": "NUEVO MANTA VIA SAN JUAN MZ N6 LOTE 04", "area_m2": 384.47, "frente_uti": 20.0, "frente_tot": 20.0, "avaluo_con": 900.86, "avaluo_sue": 15571.04, "zonaurbano": "URBANA", "parroquia": "MANTA", "esta_bloqu": "NO", "es_tercera": "NO", "tiene_elec": "SI", "tiene_agua": "NO", "tiene_alca": "NO", "observacio": "SE GENERA LA CLAVE PARA LEGALIZACION. ARQ ELVIS GILER. 4/04/2022.-SE ACTUALIZA INFORMACION CON ESCRITURA DE ADJ.CON PROH.DE ENAJ.INSCRITA EN EL REG.DE LA PROPIEDAD 10/03/2025 Y.C.S.-", "observac_1": null, "barrio": "NUEVO MANTA", "parroquia_": 2, "barrio_id": 340, "proceso": 0, "fecha_regi": null, "activo_cat": "SI", "desactivad": 0, "avaluo_rem": 0.0, "avaluo_r_1": 0.0, "clasificac": "GENERAL", "anio_deuda": 0, "deuda": 0.0, "valor_ip": 0.0, "coactiva": null, "ficharegis": 89701, "etam": 0.152999505, "diferencia": -0.0057324509, "porc_difer": -1.491e-05, "admisible": 1, "deuda_anio": 0.0, "2024__csv_": "5-02-27-04-000", "2024__csv1": "443-17-07-2025", "Clavepre": "5-02-27-04-000", "RESOLUCION": "443-17-07-2025", "ORIG_FID": 155 }, "geometry": { "type": "Point", "coordinates": [ -80.744815407834011, -0.980770285662163 ] } },
{ "type": "Feature", "properties": { "id": 102089, "lote_id": 101725, "clavecatas": "5-02-38-03-000", "zona": "5", "sector": "02", "manzana": "38", "lote": "03", "ph": "000", "propietari": "GOBIERNO AUTONOMO DESCENTRALIZADO  MUNICIPAL MANTA .", "documentop": "1360000980001", "direccion": "B. NUEVO MANTA  VIA SAN JUAN - PARROQUIA MANTA MZ-N8 LOTE-03", "area_m2": 200.0, "frente_uti": 10.0, "frente_tot": 10.0, "avaluo_con": 580.89, "avaluo_sue": 8100.0, "zonaurbano": "URBANA", "parroquia": "MANTA", "esta_bloqu": "NO", "es_tercera": "NO", "tiene_elec": "NO", "tiene_agua": "NO", "tiene_alca": "NO", "observacio": "INGRESO NUEVO PARA LEGALIZAR EN\r\nEN ATENCION AL CORREO DEL SECTOR NUEVO MANTA SOLICITADO POR LA ARQ. MA. ANGELICA DELGADO 25/10/22 ARQ. LUPE LANDA...", "observac_1": null, "barrio": "NUEVO MANTA", "parroquia_": 2, "barrio_id": 340, "proceso": 0, "fecha_regi": null, "activo_cat": "SI", "desactivad": 0, "avaluo_rem": 0.0, "avaluo_r_1": 0.0, "clasificac": "POR LEGALIZAR", "anio_deuda": 0, "deuda": 0.0, "valor_ip": 0.0, "coactiva": null, "ficharegis": 0, "etam": 0.1414213562, "diferencia": 0.0923267326, "porc_difer": 0.0004616337, "admisible": 1, "deuda_anio": 0.0, "2024__csv_": "5-02-38-03-000", "2024__csv1": "437-10-07-2025", "Clavepre": "5-02-38-03-000", "RESOLUCION": "437-10-07-2025", "ORIG_FID": 156 }, "geometry": { "type": "Point", "coordinates": [ -80.744231190215814, -0.9802801244784 ] } },
{ "type": "Feature", "properties": { "id": 102091, "lote_id": 101727, "clavecatas": "5-02-38-05-000", "zona": "5", "sector": "02", "manzana": "38", "lote": "05", "ph": "000", "propietari": "GOBIERNO AUTONOMO DESCENTRALIZADO  MUNICIPAL MANTA .", "documentop": "1360000980001", "direccion": "B. NUEVO MANTA - VIA SAN JUAN PARROQUIA MANTA MZ N8 LOTE 05", "area_m2": 195.0, "frente_uti": 10.0, "frente_tot": 10.0, "avaluo_con": 4290.0, "avaluo_sue": 7897.5, "zonaurbano": "URBANA", "parroquia": "MANTA", "esta_bloqu": "NO", "es_tercera": "NO", "tiene_elec": "NO", "tiene_agua": "NO", "tiene_alca": "NO", "observacio": "INGRESO NUEVO PARA LEGALIZAR EN ATENCION AL CORREO DEL SECTOR NUEVO MANTA SOLICITADO POR LA ARQ. MA. ANGELICA DELGADO 25/10/22 ARQ. LUPE LANDA...", "observac_1": null, "barrio": "NUEVO MANTA", "parroquia_": 2, "barrio_id": 340, "proceso": 0, "fecha_regi": null, "activo_cat": "SI", "desactivad": 0, "avaluo_rem": 0.0, "avaluo_r_1": 0.0, "clasificac": "POR LEGALIZAR", "anio_deuda": 0, "deuda": 0.0, "valor_ip": 0.0, "coactiva": null, "ficharegis": 0, "etam": 0.0716114874, "diferencia": 0.0401679341, "porc_difer": 0.0002059894, "admisible": 1, "deuda_anio": 0.0, "2024__csv_": "5-02-38-05-000", "2024__csv1": "437-10-07-2025", "Clavepre": "5-02-38-05-000", "RESOLUCION": "437-10-07-2025", "ORIG_FID": 157 }, "geometry": { "type": "Point", "coordinates": [ -80.743990671415986, -0.980416213729368 ] } },
{ "type": "Feature", "properties": { "id": 102092, "lote_id": 101728, "clavecatas": "5-02-38-06-000", "zona": "5", "sector": "02", "manzana": "38", "lote": "06", "ph": "000", "propietari": "GOBIERNO AUTONOMO DESCENTRALIZADO  MUNICIPAL MANTA .", "documentop": "1360000980001", "direccion": "B. NUEVO MANTA - VIA SAN JUAN PARROQUIA MANTA MZ-N8 LOTE- 06 Y 07", "area_m2": 370.73, "frente_uti": 19.65, "frente_tot": 38.95, "avaluo_con": 415.7, "avaluo_sue": 15014.57, "zonaurbano": "URBANA", "parroquia": "MANTA", "esta_bloqu": "NO", "es_tercera": "NO", "tiene_elec": "NO", "tiene_agua": "NO", "tiene_alca": "NO", "observacio": "INGRESO NUEVO PARA LEGALIZAR EN ATENCION AL CORREO DEL SECTOR NUEVO MANTA SOLICITADO POR LA ARQ. MA. ANGELICA DELGADO 25/10/22 ARQ. LUPE LANDA...", "observac_1": null, "barrio": "NUEVO MANTA", "parroquia_": 2, "barrio_id": 340, "proceso": 0, "fecha_regi": null, "activo_cat": "SI", "desactivad": 0, "avaluo_rem": 0.0, "avaluo_r_1": 0.0, "clasificac": "POR LEGALIZAR", "anio_deuda": 0, "deuda": 0.0, "valor_ip": 0.0, "coactiva": null, "ficharegis": 0, "etam": 0.1558089458, "diferencia": -0.0051662314, "porc_difer": -1.39353e-05, "admisible": 1, "deuda_anio": 0.0, "2024__csv_": "5-02-38-06-000", "2024__csv1": "437-10-07-2025", "Clavepre": "5-02-38-06-000", "RESOLUCION": "437-10-07-2025", "ORIG_FID": 158 }, "geometry": { "type": "Point", "coordinates": [ -80.743876951329582, -0.980480617182585 ] } },
{ "type": "Feature", "properties": { "id": 103431, "lote_id": 109147, "clavecatas": "5-03-25-09-000", "zona": "5", "sector": "03", "manzana": "25", "lote": "09", "ph": "000", "propietari": "GOBIERNO AUTONOMO DESCENTRALIZADO  MUNICIPAL MANTA .", "documentop": "1360000980001", "direccion": "MZ-25 LT-07 DEL BARRIO SANTA MARIANITA DE SAN JUAN DE MANTA", "area_m2": 328.17, "frente_uti": 10.37, "frente_tot": 10.37, "avaluo_con": 2800.41, "avaluo_sue": 5980.9, "zonaurbano": "URBANA", "parroquia": "MANTA", "esta_bloqu": "NO", "es_tercera": "NO", "tiene_elec": "SI", "tiene_agua": "NO", "tiene_alca": "NO", "observacio": "POR LEGALIZAR A FAVOR DE MENDOZA LOPEZ JENNY MARIBEL NNAZ 07/01/2026", "observac_1": null, "barrio": "SIN ESPECIFICAR", "parroquia_": 2, "barrio_id": 1165, "proceso": 0, "fecha_regi": null, "activo_cat": "SI", "desactivad": 0, "avaluo_rem": 0.0, "avaluo_r_1": 0.0, "clasificac": "POR LEGALIZAR", "anio_deuda": 0, "deuda": 0.0, "valor_ip": 0.0, "coactiva": null, "ficharegis": 0, "etam": 0.1656043789, "diferencia": 19.747384310899999, "porc_difer": 0.0601742521, "admisible": 1, "deuda_anio": 0.0, "2024__csv_": "5-03-25-09-000", "2024__csv1": "536-30-12-2025", "Clavepre": "5-03-25-09-000", "RESOLUCION": "536-30-12-2025", "ORIG_FID": 159 }, "geometry": { "type": "Point", "coordinates": [ -80.755648251456122, -0.989404615374737 ] } },
{ "type": "Feature", "properties": { "id": 103368, "lote_id": 109112, "clavecatas": "5-03-21-08-000", "zona": "5", "sector": "03", "manzana": "21", "lote": "08", "ph": "000", "propietari": "GOBIERNO AUTONOMO DESCENTRALIZADO  MUNICIPAL MANTA .", "documentop": "1360000980001", "direccion": "MZ-21 LT-02 DEL BARRIO SANTA MARIANITA DE SAN JUAN DE MANTA", "area_m2": 284.01, "frente_uti": 18.98, "frente_tot": 18.98, "avaluo_con": 37939.16, "avaluo_sue": 3105.65, "zonaurbano": "URBANA", "parroquia": "MANTA", "esta_bloqu": "NO", "es_tercera": "NO", "tiene_elec": "SI", "tiene_agua": "NO", "tiene_alca": "NO", "observacio": "POR LEGALIZAR A FAVOR DE DELGADO VEGA DIOMEDES GEOVANNY NNAZ 06/01/2026", "observac_1": null, "barrio": "SIN ESPECIFICAR", "parroquia_": 2, "barrio_id": 1165, "proceso": 0, "fecha_regi": null, "activo_cat": "SI", "desactivad": 0, "avaluo_rem": 0.0, "avaluo_r_1": 0.0, "clasificac": "POR LEGALIZAR", "anio_deuda": 0, "deuda": 0.0, "valor_ip": 0.0, "coactiva": null, "ficharegis": 0, "etam": 0.1186760765, "diferencia": -16.130524321900001, "porc_difer": -0.056795621, "admisible": 1, "deuda_anio": 0.0, "2024__csv_": "5-03-21-08-000", "2024__csv1": "536-30-12-2025", "Clavepre": "5-03-21-08-000", "RESOLUCION": "536-30-12-2025", "ORIG_FID": 160 }, "geometry": { "type": "Point", "coordinates": [ -80.753848752030038, -0.988862630965999 ] } },
{ "type": "Feature", "properties": { "id": 103369, "lote_id": 109127, "clavecatas": "5-03-21-09-000", "zona": "5", "sector": "03", "manzana": "21", "lote": "09", "ph": "000", "propietari": "GOBIERNO AUTONOMO DESCENTRALIZADO  MUNICIPAL MANTA .", "documentop": "1360000980001", "direccion": "MZ-21 LT-03 DEL BARRIO SANTA MARIANITA DE SAN JUAN DE MANTA", "area_m2": 244.63, "frente_uti": 13.65, "frente_tot": 13.65, "avaluo_con": 0.0, "avaluo_sue": 3669.45, "zonaurbano": "URBANA", "parroquia": "MANTA", "esta_bloqu": "NO", "es_tercera": "NO", "tiene_elec": "SI", "tiene_agua": "NO", "tiene_alca": "NO", "observacio": "POR LEGALIZAR A FAVOR DE DELGADO LUCAS JIMMY FABIAN", "observac_1": null, "barrio": "SIN ESPECIFICAR", "parroquia_": 2, "barrio_id": 1165, "proceso": 0, "fecha_regi": null, "activo_cat": "SI", "desactivad": 0, "avaluo_rem": 0.0, "avaluo_r_1": 0.0, "clasificac": "POR LEGALIZAR", "anio_deuda": 0, "deuda": 0.0, "valor_ip": 0.0, "coactiva": null, "ficharegis": 0, "etam": 0.1278719058, "diferencia": -20.482920505599999, "porc_difer": -0.0837302069, "admisible": 1, "deuda_anio": 0.0, "2024__csv_": "5-03-21-09-000", "2024__csv1": "535-30-12-2025", "Clavepre": "5-03-21-09-000", "RESOLUCION": "535-30-12-2025", "ORIG_FID": 161 }, "geometry": { "type": "Point", "coordinates": [ -80.753973980149112, -0.988781872756939 ] } },
{ "type": "Feature", "properties": { "id": 103421, "lote_id": 109132, "clavecatas": "5-03-24-18-000", "zona": "5", "sector": "03", "manzana": "24", "lote": "18", "ph": "000", "propietari": "GOBIERNO AUTONOMO DESCENTRALIZADO  MUNICIPAL MANTA .", "documentop": "1360000980001", "direccion": "MZ-24 LT-11 DEL BARRIO SANTA MARIANITA DE SAN JUAN DE MANTA", "area_m2": 350.44, "frente_uti": 23.34, "frente_tot": 23.34, "avaluo_con": 0.0, "avaluo_sue": 5256.6, "zonaurbano": "URBANA", "parroquia": "MANTA", "esta_bloqu": "NO", "es_tercera": "NO", "tiene_elec": "SI", "tiene_agua": "NO", "tiene_alca": "NO", "observacio": "POR LEGALIZAR A FAVOR DE CASTRO VELEZ DIANA ESTRELLA NNAZ 06/01/2026", "observac_1": null, "barrio": "SIN ESPECIFICAR", "parroquia_": 2, "barrio_id": 1165, "proceso": 0, "fecha_regi": null, "activo_cat": "SI", "desactivad": 0, "avaluo_rem": 0.0, "avaluo_r_1": 0.0, "clasificac": "POR LEGALIZAR", "anio_deuda": 0, "deuda": 0.0, "valor_ip": 0.0, "coactiva": null, "ficharegis": 0, "etam": 0.1602560444, "diferencia": -8.1434438077000006, "porc_difer": -0.0232377691, "admisible": 1, "deuda_anio": 0.0, "2024__csv_": "5-03-24-18-000", "2024__csv1": "535-30-12-2025", "Clavepre": "5-03-24-18-000", "RESOLUCION": "535-30-12-2025", "ORIG_FID": 162 }, "geometry": { "type": "Point", "coordinates": [ -80.754364762102142, -0.989319358397561 ] } },
{ "type": "Feature", "properties": { "id": 103422, "lote_id": 109140, "clavecatas": "5-03-24-19-000", "zona": "5", "sector": "03", "manzana": "24", "lote": "19", "ph": "000", "propietari": "GOBIERNO AUTONOMO DESCENTRALIZADO  MUNICIPAL MANTA .", "documentop": "1360000980001", "direccion": "MZ-24 LT-19 DEL BARRIO SANTA MARIANITA DE SAN JUAN DE MANTA", "area_m2": 173.19, "frente_uti": 7.5, "frente_tot": 7.5, "avaluo_con": 1077.45, "avaluo_sue": 3331.74, "zonaurbano": "URBANA", "parroquia": "MANTA", "esta_bloqu": "NO", "es_tercera": "NO", "tiene_elec": "SI", "tiene_agua": "NO", "tiene_alca": "NO", "observacio": "POR LEGALIZAR A FAVOR DE PILAY LUCAS JOSE EMILIANO NNAZ 07/01/2026", "observac_1": null, "barrio": "SIN ESPECIFICAR", "parroquia_": 2, "barrio_id": 1165, "proceso": 0, "fecha_regi": null, "activo_cat": "SI", "desactivad": 0, "avaluo_rem": 0.0, "avaluo_r_1": 0.0, "clasificac": "POR LEGALIZAR", "anio_deuda": 0, "deuda": 0.0, "valor_ip": 0.0, "coactiva": null, "ficharegis": 0, "etam": 0.0759868767, "diferencia": -0.0035524265, "porc_difer": -2.05117e-05, "admisible": 1, "deuda_anio": 0.0, "2024__csv_": "5-03-24-19-000", "2024__csv1": "536-30-12-2025", "Clavepre": "5-03-24-19-000", "RESOLUCION": "536-30-12-2025", "ORIG_FID": 163 }, "geometry": { "type": "Point", "coordinates": [ -80.755129851853454, -0.989161510616137 ] } },
{ "type": "Feature", "properties": { "id": 103430, "lote_id": 109143, "clavecatas": "5-03-25-08-000", "zona": "5", "sector": "03", "manzana": "25", "lote": "08", "ph": "000", "propietari": "GOBIERNO AUTONOMO DESCENTRALIZADO  MUNICIPAL MANTA .", "documentop": "1360000980001", "direccion": "MZ-25 LT-04 DEL BARRIO SANTA MARIANITA DE SAN JUAN DE MANTA", "area_m2": 261.19, "frente_uti": 6.0, "frente_tot": 6.0, "avaluo_con": 14695.3, "avaluo_sue": 4231.28, "zonaurbano": "URBANA", "parroquia": "MANTA", "esta_bloqu": "NO", "es_tercera": "NO", "tiene_elec": "SI", "tiene_agua": "NO", "tiene_alca": "NO", "observacio": "POR LEGALIZAR A FAVOR DE DEMERA LOPEZ PEDRO RAFAEL NNAZ 07/01/2026", "observac_1": null, "barrio": "SIN ESPECIFICAR", "parroquia_": 2, "barrio_id": 1165, "proceso": 0, "fecha_regi": null, "activo_cat": "SI", "desactivad": 0, "avaluo_rem": 0.0, "avaluo_r_1": 0.0, "clasificac": "POR LEGALIZAR", "anio_deuda": 0, "deuda": 0.0, "valor_ip": 0.0, "coactiva": null, "ficharegis": 0, "etam": 0.1237518565, "diferencia": 15.199068516400001, "porc_difer": 0.0581916173, "admisible": 1, "deuda_anio": 0.0, "2024__csv_": "5-03-25-08-000", "2024__csv1": "536-30-12-2025", "Clavepre": "5-03-25-08-000", "RESOLUCION": "536-30-12-2025", "ORIG_FID": 164 }, "geometry": { "type": "Point", "coordinates": [ -80.755604382767956, -0.98921763824018 ] } },
{ "type": "Feature", "properties": { "id": 103448, "lote_id": 109154, "clavecatas": "5-03-26-17-000", "zona": "5", "sector": "03", "manzana": "26", "lote": "17", "ph": "000", "propietari": "GOBIERNO AUTONOMO DESCENTRALIZADO  MUNICIPAL MANTA .", "documentop": "1360000980001", "direccion": "MZ-26 LT-04 DEL BARRIO SANTA MARIANITA DE SAN JUAN DE MANTA", "area_m2": 176.05, "frente_uti": 15.0, "frente_tot": 15.0, "avaluo_con": 1091.29, "avaluo_sue": 3208.51, "zonaurbano": "URBANA", "parroquia": "MANTA", "esta_bloqu": "NO", "es_tercera": "NO", "tiene_elec": "SI", "tiene_agua": "NO", "tiene_alca": "NO", "observacio": "POR LEGALIZAR A FAVOR DE DELGADO FLORES RAMONA MONSERRATE 08/01/2026", "observac_1": null, "barrio": "SIN ESPECIFICAR", "parroquia_": 2, "barrio_id": 1165, "proceso": 0, "fecha_regi": null, "activo_cat": "SI", "desactivad": 0, "avaluo_rem": 0.0, "avaluo_r_1": 0.0, "clasificac": "POR LEGALIZAR", "anio_deuda": 0, "deuda": 0.0, "valor_ip": 0.0, "coactiva": null, "ficharegis": 0, "etam": 0.0753671313, "diferencia": -0.0019664996, "porc_difer": -1.11701e-05, "admisible": 1, "deuda_anio": 0.0, "2024__csv_": "5-03-26-17-000", "2024__csv1": "536-30-12-2025", "Clavepre": "5-03-26-17-000", "RESOLUCION": "536-30-12-2025", "ORIG_FID": 165 }, "geometry": { "type": "Point", "coordinates": [ -80.755333132382063, -0.991206542541998 ] } },
{ "type": "Feature", "properties": { "id": 103449, "lote_id": 109148, "clavecatas": "5-03-26-18-000", "zona": "5", "sector": "03", "manzana": "26", "lote": "18", "ph": "000", "propietari": "GOBIERNO AUTONOMO DESCENTRALIZADO  MUNICIPAL MANTA .", "documentop": "1360000980001", "direccion": "MZ-26 LT-06 DEL BARRIO SANTA MARIANITA DE SAN JUAN DE MANTA", "area_m2": 163.07, "frente_uti": 14.0, "frente_tot": 14.0, "avaluo_con": 3421.08, "avaluo_sue": 3302.17, "zonaurbano": "URBANA", "parroquia": "MANTA", "esta_bloqu": "NO", "es_tercera": "NO", "tiene_elec": "SI", "tiene_agua": "NO", "tiene_alca": "NO", "observacio": "POR LEGALIZAR A FAVOR DE DELGADO FLORES ANA ESPERANZA NNAZ 07/01/226", "observac_1": null, "barrio": "SIN ESPECIFICAR", "parroquia_": 2, "barrio_id": 1165, "proceso": 0, "fecha_regi": null, "activo_cat": "SI", "desactivad": 0, "avaluo_rem": 0.0, "avaluo_r_1": 0.0, "clasificac": "POR LEGALIZAR", "anio_deuda": 0, "deuda": 0.0, "valor_ip": 0.0, "coactiva": null, "ficharegis": 0, "etam": 0.0783092319, "diferencia": 0.0025240047, "porc_difer": 1.5478e-05, "admisible": 1, "deuda_anio": 0.0, "2024__csv_": "5-03-26-18-000", "2024__csv1": "536-30-12-2025", "Clavepre": "5-03-26-18-000", "RESOLUCION": "536-30-12-2025", "ORIG_FID": 166 }, "geometry": { "type": "Point", "coordinates": [ -80.755105418248206, -0.991257046633298 ] } },
{ "type": "Feature", "properties": { "id": 103450, "lote_id": 109152, "clavecatas": "5-03-26-19-000", "zona": "5", "sector": "03", "manzana": "26", "lote": "19", "ph": "000", "propietari": "GOBIERNO AUTONOMO DESCENTRALIZADO  MUNICIPAL MANTA .", "documentop": "1360000980001", "direccion": "MZ-26 LT-09 DEL BARRIO SANTA MARIANITA DE SAN JUAN DE MANTA", "area_m2": 320.22, "frente_uti": 30.47, "frente_tot": 30.47, "avaluo_con": 3753.88, "avaluo_sue": 5544.21, "zonaurbano": "URBANA", "parroquia": "MANTA", "esta_bloqu": "NO", "es_tercera": "NO", "tiene_elec": "SI", "tiene_agua": "NO", "tiene_alca": "NO", "observacio": "POR LEGALIZAR A FAVOR DE DELGADO FLORES ROSA DOLORES NNAZ 07/01/2026", "observac_1": null, "barrio": "SIN ESPECIFICAR", "parroquia_": 2, "barrio_id": 1165, "proceso": 0, "fecha_regi": null, "activo_cat": "SI", "desactivad": 0, "avaluo_rem": 0.0, "avaluo_r_1": 0.0, "clasificac": "POR LEGALIZAR", "anio_deuda": 0, "deuda": 0.0, "valor_ip": 0.0, "coactiva": null, "ficharegis": 0, "etam": 0.1676474794, "diferencia": 0.0009407634, "porc_difer": 2.9379e-06, "admisible": 1, "deuda_anio": 0.0, "2024__csv_": "5-03-26-19-000", "2024__csv1": "536-30-12-2025", "Clavepre": "5-03-26-19-000", "RESOLUCION": "536-30-12-2025", "ORIG_FID": 167 }, "geometry": { "type": "Point", "coordinates": [ -80.755214320542663, -0.991372271747363 ] } },
{ "type": "Feature", "properties": { "id": 103451, "lote_id": 109153, "clavecatas": "5-03-26-20-000", "zona": "5", "sector": "03", "manzana": "26", "lote": "20", "ph": "000", "propietari": "GOBIERNO AUTONOMO DESCENTRALIZADO  MUNICIPAL MANTA .", "documentop": "1360000980001", "direccion": "MZ-26 LT-10 DEL BARRIO SANTA MARIANITA DE SAN JUAN DE MANTA", "area_m2": 535.85, "frente_uti": 12.9, "frente_tot": 12.9, "avaluo_con": 14551.25, "avaluo_sue": 11453.79, "zonaurbano": "URBANA", "parroquia": "MANTA", "esta_bloqu": "NO", "es_tercera": "NO", "tiene_elec": "SI", "tiene_agua": "NO", "tiene_alca": "NO", "observacio": "POR LEGALIZAR A FAVOR DE FLRES DE MERA JOHANA JAMILETH NNAZ 08/01/2026", "observac_1": null, "barrio": "SIN ESPECIFICAR", "parroquia_": 2, "barrio_id": 1165, "proceso": 0, "fecha_regi": null, "activo_cat": "SI", "desactivad": 0, "avaluo_rem": 0.0, "avaluo_r_1": 0.0, "clasificac": "POR LEGALIZAR", "anio_deuda": 0, "deuda": 0.0, "valor_ip": 0.0, "coactiva": null, "ficharegis": 0, "etam": 0.1727978656, "diferencia": -2.4688508558, "porc_difer": -0.0046073544, "admisible": 1, "deuda_anio": 0.0, "2024__csv_": "5-03-26-20-000", "2024__csv1": "536-30-12-2025", "Clavepre": "5-03-26-20-000", "RESOLUCION": "536-30-12-2025", "ORIG_FID": 168 }, "geometry": { "type": "Point", "coordinates": [ -80.755177598972651, -0.991486689366666 ] } },
{ "type": "Feature", "properties": { "id": 103452, "lote_id": 109157, "clavecatas": "5-03-26-21-000", "zona": "5", "sector": "03", "manzana": "26", "lote": "21", "ph": "000", "propietari": "GOBIERNO AUTONOMO DESCENTRALIZADO  MUNICIPAL MANTA .", "documentop": "1360000980001", "direccion": "MZ-26 LT-11 DEL BARRIO SANTA MARIANITA DE SAN JUAN DE MANTA", "area_m2": 299.8, "frente_uti": 7.7, "frente_tot": 7.7, "avaluo_con": 0.0, "avaluo_sue": 4497.0, "zonaurbano": "URBANA", "parroquia": "MANTA", "esta_bloqu": "NO", "es_tercera": "NO", "tiene_elec": "SI", "tiene_agua": "NO", "tiene_alca": "NO", "observacio": "POR LEGALIZAR A FAVOR DE FLORES CASTRO LUIS FERNANDO NNAZ 08/01/2026", "observac_1": null, "barrio": "SIN ESPECIFICAR", "parroquia_": 2, "barrio_id": 1165, "proceso": 0, "fecha_regi": null, "activo_cat": "SI", "desactivad": 0, "avaluo_rem": 0.0, "avaluo_r_1": 0.0, "clasificac": "POR LEGALIZAR", "anio_deuda": 0, "deuda": 0.0, "valor_ip": 0.0, "coactiva": null, "ficharegis": 0, "etam": 0.0, "diferencia": 0.0040114057, "porc_difer": 1.33803e-05, "admisible": 0, "deuda_anio": 0.0, "2024__csv_": "5-03-26-21-000", "2024__csv1": "535-30-12-2025", "Clavepre": "5-03-26-21-000", "RESOLUCION": "535-30-12-2025", "ORIG_FID": 169 }, "geometry": { "type": "Point", "coordinates": [ -80.755198218717467, -0.991573989261226 ] } },
{ "type": "Feature", "properties": { "id": 103453, "lote_id": 109158, "clavecatas": "5-03-26-22-000", "zona": "5", "sector": "03", "manzana": "26", "lote": "22", "ph": "000", "propietari": "GOBIERNO AUTONOMO DESCENTRALIZADO  MUNICIPAL MANTA .", "documentop": "1360000980001", "direccion": "MZ-26 LT-12 DEL BARRIO SANTA MARIANITA DE SAN JUAN DE MANTA", "area_m2": 312.43, "frente_uti": 7.7, "frente_tot": 7.7, "avaluo_con": 5691.17, "avaluo_sue": 5623.74, "zonaurbano": "URBANA", "parroquia": "MANTA", "esta_bloqu": "NO", "es_tercera": "NO", "tiene_elec": "SI", "tiene_agua": "NO", "tiene_alca": "NO", "observacio": "POR LEGALIZAR A FAVOR DE DE MERA FLORES JAHAIRA ELIZABETH NNAZ 08/01/2026", "observac_1": null, "barrio": "SIN ESPECIFICAR", "parroquia_": 2, "barrio_id": 1165, "proceso": 0, "fecha_regi": null, "activo_cat": "SI", "desactivad": 0, "avaluo_rem": 0.0, "avaluo_r_1": 0.0, "clasificac": "POR LEGALIZAR", "anio_deuda": 0, "deuda": 0.0, "valor_ip": 0.0, "coactiva": null, "ficharegis": 0, "etam": 0.1697246377, "diferencia": 0.0010158859, "porc_difer": 3.2516e-06, "admisible": 1, "deuda_anio": 0.0, "2024__csv_": "5-03-26-22-000", "2024__csv1": "536-30-12-2025", "Clavepre": "5-03-26-22-000", "RESOLUCION": "536-30-12-2025", "ORIG_FID": 170 }, "geometry": { "type": "Point", "coordinates": [ -80.755219528958619, -0.991638088989648 ] } },
{ "type": "Feature", "properties": { "id": 103454, "lote_id": 109155, "clavecatas": "5-03-26-23-000", "zona": "5", "sector": "03", "manzana": "26", "lote": "23", "ph": "000", "propietari": "GOBIERNO AUTONOMO DESCENTRALIZADO  MUNICIPAL MANTA .", "documentop": "1360000980001", "direccion": "MZ-26 LT-08 DEL BARRIO SANTA MARIANITA DE SAN JUAN DE MANTA", "area_m2": 145.56, "frente_uti": 10.3, "frente_tot": 10.3, "avaluo_con": 0.0, "avaluo_sue": 2183.4, "zonaurbano": "URBANA", "parroquia": "MANTA", "esta_bloqu": "NO", "es_tercera": "NO", "tiene_elec": "SI", "tiene_agua": "NO", "tiene_alca": "NO", "observacio": "POR LEGALIZAR A FAVOR DE DELGADO FLORES GLADYS MARIA NNAZ 08/01/2026", "observac_1": null, "barrio": "SIN ESPECIFICAR", "parroquia_": 2, "barrio_id": 1165, "proceso": 0, "fecha_regi": null, "activo_cat": "SI", "desactivad": 0, "avaluo_rem": 0.0, "avaluo_r_1": 0.0, "clasificac": "POR LEGALIZAR", "anio_deuda": 0, "deuda": 0.0, "valor_ip": 0.0, "coactiva": null, "ficharegis": 0, "etam": 0.0828855792, "diferencia": -0.0053666657, "porc_difer": -3.68691e-05, "admisible": 1, "deuda_anio": 0.0, "2024__csv_": "5-03-26-23-000", "2024__csv1": "535-30-12-2025", "Clavepre": "5-03-26-23-000", "RESOLUCION": "535-30-12-2025", "ORIG_FID": 171 }, "geometry": { "type": "Point", "coordinates": [ -80.755019822735918, -0.991415351098638 ] } },
{ "type": "Feature", "properties": { "id": 104900, "lote_id": 109173, "clavecatas": "5-07-21-19-000", "zona": "5", "sector": "07", "manzana": "21", "lote": "19", "ph": "000", "propietari": "GOBIERNO AUTONOMO DESCENTRALIZADO  MUNICIPAL MANTA .", "documentop": "1360000980001", "direccion": "SECTOR SAN JUAN B. SAN RAMON - MZ- 21 - LOTE - 19", "area_m2": 746.58, "frente_uti": 16.58, "frente_tot": 16.58, "avaluo_con": 10080.0, "avaluo_sue": 11198.7, "zonaurbano": "URBANA", "parroquia": "MANTA", "esta_bloqu": "NO", "es_tercera": "NO", "tiene_elec": "NO", "tiene_agua": "NO", "tiene_alca": "NO", "observacio": "POR LEGALIZAR PAULA MARGARITA ESPINOZA ZAMBRANO 9/01/2026 ARQ. LUPE LANDA*", "observac_1": null, "barrio": "SAN JUAN", "parroquia_": 2, "barrio_id": 912, "proceso": 0, "fecha_regi": null, "activo_cat": "SI", "desactivad": 0, "avaluo_rem": 0.0, "avaluo_r_1": 0.0, "clasificac": "POR LEGALIZAR", "anio_deuda": 0, "deuda": 0.0, "valor_ip": 0.0, "coactiva": null, "ficharegis": 0, "etam": 0.1463935072, "diferencia": -0.0010364193, "porc_difer": -1.3882e-06, "admisible": 1, "deuda_anio": 0.0, "2024__csv_": "5-07-21-19-000", "2024__csv1": "535-30-12-2025", "Clavepre": "5-07-21-19-000", "RESOLUCION": "535-30-12-2025", "ORIG_FID": 172 }, "geometry": { "type": "Point", "coordinates": [ -80.758345906931467, -1.007836927934832 ] } },
{ "type": "Feature", "properties": { "id": 103852, "lote_id": 108876, "clavecatas": "5-03-50-05-000", "zona": "5", "sector": "03", "manzana": "50", "lote": "05", "ph": "000", "propietari": "GOBIERNO AUTONOMO DESCENTRALIZADO  MUNICIPAL MANTA .", "documentop": "1360000980001", "direccion": "MZ-50 LT-05 DEL BARRIO SANTA MARIANITA DE SAN JUAN DE MANTA", "area_m2": 1072.06, "frente_uti": 5.16, "frente_tot": 21.02, "avaluo_con": 47506.6, "avaluo_sue": 10550.68, "zonaurbano": "URBANA", "parroquia": "MANTA", "esta_bloqu": "NO", "es_tercera": "NO", "tiene_elec": "SI", "tiene_agua": "NO", "tiene_alca": "NO", "observacio": "POR LEGALIZAR A FAVOR DE LUCAS DELGADO VERONICA CAROLINA NNAZ 30/12/25", "observac_1": null, "barrio": "SIN ESPECIFICAR", "parroquia_": 2, "barrio_id": 1165, "proceso": 0, "fecha_regi": null, "activo_cat": "SI", "desactivad": 0, "avaluo_rem": 0.0, "avaluo_r_1": 0.0, "clasificac": "POR LEGALIZAR", "anio_deuda": 0, "deuda": 0.0, "valor_ip": 0.0, "coactiva": null, "ficharegis": 0, "etam": 0.152707532, "diferencia": -11.5881027995, "porc_difer": -0.0108091924, "admisible": 1, "deuda_anio": 0.0, "2024__csv_": "5-03-50-05-000", "2024__csv1": "536-30-12-2025", "Clavepre": "5-03-50-05-000", "RESOLUCION": "536-30-12-2025", "ORIG_FID": 173 }, "geometry": { "type": "Point", "coordinates": [ -80.758014430521243, -0.985542006435879 ] } },
{ "type": "Feature", "properties": { "id": 103853, "lote_id": 109073, "clavecatas": "5-03-50-06-000", "zona": "5", "sector": "03", "manzana": "50", "lote": "06", "ph": "000", "propietari": "GOBIERNO AUTONOMO DESCENTRALIZADO  MUNICIPAL MANTA .", "documentop": "1360000980001", "direccion": "MZ-50 LT-06 BARRIO SANTA MARIANITA DE SAN JUAN DE MANTA", "area_m2": 404.33, "frente_uti": 30.0, "frente_tot": 30.0, "avaluo_con": 800.0, "avaluo_sue": 4666.98, "zonaurbano": "URBANA", "parroquia": "MANTA", "esta_bloqu": "NO", "es_tercera": "NO", "tiene_elec": "SI", "tiene_agua": "NO", "tiene_alca": "NO", "observacio": "LEGALIZAR A FAVOR DE DE ALONSO DEMERA JEESSICA ALEXANDRA", "observac_1": null, "barrio": "SIN ESPECIFICAR", "parroquia_": 2, "barrio_id": 1165, "proceso": 0, "fecha_regi": null, "activo_cat": "SI", "desactivad": 0, "avaluo_rem": 0.0, "avaluo_r_1": 0.0, "clasificac": "POR LEGALIZAR", "anio_deuda": 0, "deuda": 0.0, "valor_ip": 0.0, "coactiva": null, "ficharegis": 0, "etam": 0.1491946575, "diferencia": 6.5962695854, "porc_difer": 0.0163140741, "admisible": 1, "deuda_anio": 0.0, "2024__csv_": "5-03-50-06-000", "2024__csv1": "536-30-12-2025", "Clavepre": "5-03-50-06-000", "RESOLUCION": "536-30-12-2025", "ORIG_FID": 174 }, "geometry": { "type": "Point", "coordinates": [ -80.757816548580735, -0.985820495840565 ] } },
{ "type": "Feature", "properties": { "id": 103854, "lote_id": 109096, "clavecatas": "5-03-50-07-000", "zona": "5", "sector": "03", "manzana": "50", "lote": "07", "ph": "000", "propietari": "GOBIERNO AUTONOMO DESCENTRALIZADO  MUNICIPAL MANTA .", "documentop": "1360000980001", "direccion": "MZ-50 LT-07 DEL BARRIO SANTA MARIANITA DE SAN JUAN DE MANTA", "area_m2": 736.65, "frente_uti": 23.3, "frente_tot": 23.3, "avaluo_con": 1787.43, "avaluo_sue": 7249.74, "zonaurbano": "URBANA", "parroquia": "MANTA", "esta_bloqu": "NO", "es_tercera": "NO", "tiene_elec": "SI", "tiene_agua": "NO", "tiene_alca": "NO", "observacio": "POR LEGALIZAR A FAVOR  MENDOZA ANCHUNDIA JENNY PATRICIA NNAZ 05/12/26", "observac_1": null, "barrio": "SIN ESPECIFICAR", "parroquia_": 2, "barrio_id": 1165, "proceso": 0, "fecha_regi": null, "activo_cat": "SI", "desactivad": 0, "avaluo_rem": 0.0, "avaluo_r_1": 0.0, "clasificac": "POR LEGALIZAR", "anio_deuda": 0, "deuda": 0.0, "valor_ip": 0.0, "coactiva": null, "ficharegis": 0, "etam": 0.1473768924, "diferencia": 0.0044602997, "porc_difer": 6.0548e-06, "admisible": 1, "deuda_anio": 0.0, "2024__csv_": "5-03-50-07-000", "2024__csv1": "536-30-12-2025", "Clavepre": "5-03-50-07-000", "RESOLUCION": "536-30-12-2025", "ORIG_FID": 175 }, "geometry": { "type": "Point", "coordinates": [ -80.757739365625866, -0.986057053450033 ] } },
{ "type": "Feature", "properties": { "id": 103855, "lote_id": 109102, "clavecatas": "5-03-50-09-000", "zona": "5", "sector": "03", "manzana": "50", "lote": "09", "ph": "000", "propietari": "GOBIERNO AUTONOMO DESCENTRALIZADO  MUNICIPAL MANTA .", "documentop": "1360000980001", "direccion": "MZ-50 LT-09 DEL BARRIO SANTA MARIANITA DE SAN JUAN DE MANTA", "area_m2": 489.93, "frente_uti": 9.91, "frente_tot": 9.91, "avaluo_con": 2824.36, "avaluo_sue": 4285.91, "zonaurbano": "URBANA", "parroquia": "MANTA", "esta_bloqu": "NO", "es_tercera": "NO", "tiene_elec": "SI", "tiene_agua": "NO", "tiene_alca": "NO", "observacio": "POR LEGALIZAR A FAVOR DE CHALEN ACOSTA OLGA MARIA NNAZ 05/01/2026", "observac_1": null, "barrio": "SIN ESPECIFICAR", "parroquia_": 2, "barrio_id": 1165, "proceso": 0, "fecha_regi": null, "activo_cat": "SI", "desactivad": 0, "avaluo_rem": 0.0, "avaluo_r_1": 0.0, "clasificac": "POR LEGALIZAR", "anio_deuda": 0, "deuda": 0.0, "valor_ip": 0.0, "coactiva": null, "ficharegis": 0, "etam": 0.1355358669, "diferencia": -32.036971708700001, "porc_difer": -0.0653909165, "admisible": 1, "deuda_anio": 0.0, "2024__csv_": "5-03-50-09-000", "2024__csv1": "536-30-12-2025", "Clavepre": "5-03-50-09-000", "RESOLUCION": "536-30-12-2025", "ORIG_FID": 176 }, "geometry": { "type": "Point", "coordinates": [ -80.757724571157681, -0.986254638938863 ] } },
{ "type": "Feature", "properties": { "id": 103856, "lote_id": 109110, "clavecatas": "5-03-50-13-000", "zona": "5", "sector": "03", "manzana": "50", "lote": "13", "ph": "000", "propietari": "GOBIERNO AUTONOMO DESCENTRALIZADO  MUNICIPAL MANTA .", "documentop": "1360000980001", "direccion": "MZ-50 LT-05 DEL BARRIO SANTA MARIANITA DE SAN JUAN DE MANTA", "area_m2": 204.34, "frente_uti": 10.21, "frente_tot": 10.21, "avaluo_con": 6532.8, "avaluo_sue": 2482.73, "zonaurbano": "URBANA", "parroquia": "MANTA", "esta_bloqu": "NO", "es_tercera": "NO", "tiene_elec": "SI", "tiene_agua": "NO", "tiene_alca": "NO", "observacio": "POR LEGALIZAR A FAVOR DE ZAMBRANO MEJIA KENYI FERNANDA NNAZ 06/01/2026", "observac_1": null, "barrio": "SIN ESPECIFICAR", "parroquia_": 2, "barrio_id": 1165, "proceso": 0, "fecha_regi": null, "activo_cat": "SI", "desactivad": 0, "avaluo_rem": 0.0, "avaluo_r_1": 0.0, "clasificac": "POR LEGALIZAR", "anio_deuda": 0, "deuda": 0.0, "valor_ip": 0.0, "coactiva": null, "ficharegis": 0, "etam": 0.1399114641, "diferencia": -15.632575793099999, "porc_difer": -0.0765027689, "admisible": 1, "deuda_anio": 0.0, "2024__csv_": "5-03-50-13-000", "2024__csv1": "536-30-12-2025", "Clavepre": "5-03-50-13-000", "RESOLUCION": "536-30-12-2025", "ORIG_FID": 177 }, "geometry": { "type": "Point", "coordinates": [ -80.757548054377892, -0.986572143367647 ] } },
{ "type": "Feature", "properties": { "id": 103857, "lote_id": 109111, "clavecatas": "5-03-50-15-000", "zona": "5", "sector": "03", "manzana": "50", "lote": "15", "ph": "000", "propietari": "GOBIERNO AUTONOMO DESCENTRALIZADO  MUNICIPAL MANTA .", "documentop": "1360000980001", "direccion": "MZ-50 LT-13 DEL BARRIO SANTA MARIANITA DE SAN JUAN DE MANTA", "area_m2": 477.13, "frente_uti": 16.44, "frente_tot": 16.44, "avaluo_con": 16424.8, "avaluo_sue": 5217.42, "zonaurbano": "URBANA", "parroquia": "MANTA", "esta_bloqu": "NO", "es_tercera": "NO", "tiene_elec": "SI", "tiene_agua": "NO", "tiene_alca": "NO", "observacio": "POR LEGALIZAR A FAVOR DE QUIJIJE MENDOZA JONATHAN FABIAN NNAZ 06/01/2026", "observac_1": null, "barrio": "SIN ESPECIFICAR", "parroquia_": 2, "barrio_id": 1165, "proceso": 0, "fecha_regi": null, "activo_cat": "SI", "desactivad": 0, "avaluo_rem": 0.0, "avaluo_r_1": 0.0, "clasificac": "POR LEGALIZAR", "anio_deuda": 0, "deuda": 0.0, "valor_ip": 0.0, "coactiva": null, "ficharegis": 0, "etam": 0.1373418499, "diferencia": 26.8741994867, "porc_difer": 0.0563246903, "admisible": 1, "deuda_anio": 0.0, "2024__csv_": "5-03-50-15-000", "2024__csv1": "536-30-12-2025", "Clavepre": "5-03-50-15-000", "RESOLUCION": "536-30-12-2025", "ORIG_FID": 178 }, "geometry": { "type": "Point", "coordinates": [ -80.757304003593205, -0.986552519147628 ] } },
{ "type": "Feature", "properties": { "id": 103858, "lote_id": 109107, "clavecatas": "5-03-50-17-000", "zona": "5", "sector": "03", "manzana": "50", "lote": "17", "ph": "000", "propietari": "GOBIERNO AUTONOMO DESCENTRALIZADO  MUNICIPAL MANTA .", "documentop": "1360000980001", "direccion": "MZ-50 LT-17 DEL BARRIO SANTA MARIANITA DE SAN JUAN DE MANTA", "area_m2": 1386.1, "frente_uti": 41.0, "frente_tot": 41.0, "avaluo_con": 488.97, "avaluo_sue": 15999.06, "zonaurbano": "URBANA", "parroquia": "MANTA", "esta_bloqu": "NO", "es_tercera": "NO", "tiene_elec": "SI", "tiene_agua": "NO", "tiene_alca": "NO", "observacio": "POR LEGALIZAR A FAVOR DE ZAMBRANO ZAMBRANO RAMON LIMBER NNAZ 05/01/2026", "observac_1": null, "barrio": "SIN ESPECIFICAR", "parroquia_": 2, "barrio_id": 1165, "proceso": 0, "fecha_regi": null, "activo_cat": "SI", "desactivad": 0, "avaluo_rem": 0.0, "avaluo_r_1": 0.0, "clasificac": "POR LEGALIZAR", "anio_deuda": 0, "deuda": 0.0, "valor_ip": 0.0, "coactiva": null, "ficharegis": 0, "etam": 0.1342989826, "diferencia": -3.0664225503, "porc_difer": -0.0022122665, "admisible": 1, "deuda_anio": 0.0, "2024__csv_": "5-03-50-17-000", "2024__csv1": "536-30-12-2025", "Clavepre": "5-03-50-17-000", "RESOLUCION": "536-30-12-2025", "ORIG_FID": 179 }, "geometry": { "type": "Point", "coordinates": [ -80.757296814561244, -0.986079101585615 ] } },
{ "type": "Feature", "properties": { "id": 104543, "lote_id": 109036, "clavecatas": "5-05-13-02-000", "zona": "5", "sector": "05", "manzana": "13", "lote": "02", "ph": "000", "propietari": "GOBIERNO AUTONOMO DESCENTRALIZADO  MUNICIPAL MANTA .", "documentop": "1360000980001", "direccion": "PARROQUIA MANTA - SAN JUAN - BARRIO SAN JOSE - MZ 13 LOTE 02", "area_m2": 920.13, "frente_uti": 15.58, "frente_tot": 15.58, "avaluo_con": 0.0, "avaluo_sue": 13801.95, "zonaurbano": "URBANA", "parroquia": "MANTA", "esta_bloqu": "NO", "es_tercera": "NO", "tiene_elec": "SI", "tiene_agua": "NO", "tiene_alca": "NO", "observacio": null, "observac_1": null, "barrio": "SAN JOSE", "parroquia_": 2, "barrio_id": 1059, "proceso": 0, "fecha_regi": null, "activo_cat": "SI", "desactivad": 0, "avaluo_rem": 0.0, "avaluo_r_1": 0.0, "clasificac": "POR LEGALIZAR", "anio_deuda": 0, "deuda": 0.0, "valor_ip": 0.0, "coactiva": null, "ficharegis": 0, "etam": 0.1318667783, "diferencia": -0.9560651449000001, "porc_difer": -0.0010390544, "admisible": 1, "deuda_anio": 0.0, "2024__csv_": "5-05-13-02-000", "2024__csv1": "535-30-12-2025", "Clavepre": "5-05-13-02-000", "RESOLUCION": "535-30-12-2025", "ORIG_FID": 180 }, "geometry": { "type": "Point", "coordinates": [ -80.755987304004677, -1.00267376421998 ] } },
{ "type": "Feature", "properties": { "id": 104544, "lote_id": 109035, "clavecatas": "5-05-13-03-000", "zona": "5", "sector": "05", "manzana": "13", "lote": "03", "ph": "000", "propietari": "GOBIERNO AUTONOMO DESCENTRALIZADO  MUNICIPAL MANTA .", "documentop": "1360000980001", "direccion": "PARROQUIA MANTA - SAN JUAN - BARRIO SAN JOSE - MZ 13 LOTE 03", "area_m2": 278.32, "frente_uti": 9.86, "frente_tot": 17.71, "avaluo_con": 0.0, "avaluo_sue": 4174.8, "zonaurbano": "URBANA", "parroquia": "MANTA", "esta_bloqu": "NO", "es_tercera": "NO", "tiene_elec": "SI", "tiene_agua": "NO", "tiene_alca": "NO", "observacio": null, "observac_1": null, "barrio": "SAN JOSE", "parroquia_": 2, "barrio_id": 1059, "proceso": 0, "fecha_regi": null, "activo_cat": "SI", "desactivad": 0, "avaluo_rem": 0.0, "avaluo_r_1": 0.0, "clasificac": "POR LEGALIZAR", "anio_deuda": 0, "deuda": 0.0, "valor_ip": 0.0, "coactiva": null, "ficharegis": 0, "etam": 0.1198830512, "diferencia": 0.0005130417, "porc_difer": 1.8434e-06, "admisible": 1, "deuda_anio": 0.0, "2024__csv_": "5-05-13-03-000", "2024__csv1": "535-30-12-2025", "Clavepre": "5-05-13-03-000", "RESOLUCION": "535-30-12-2025", "ORIG_FID": 181 }, "geometry": { "type": "Point", "coordinates": [ -80.756182611688502, -1.002759682504099 ] } },
{ "type": "Feature", "properties": { "id": 104676, "lote_id": 109099, "clavecatas": "5-06-07-16-000", "zona": "5", "sector": "06", "manzana": "07", "lote": "16", "ph": "000", "propietari": "GOBIERNO AUTONOMO DESCENTRALIZADO  MUNICIPAL MANTA .", "documentop": "1360000980001", "direccion": "SECTOR SAN JUAN B. VALLE CLARO MZ- 7 LOTE-18 CALLEJON", "area_m2": 215.68, "frente_uti": 29.77, "frente_tot": 29.77, "avaluo_con": 5306.7, "avaluo_sue": 2358.46, "zonaurbano": "URBANA", "parroquia": "MANTA", "esta_bloqu": "NO", "es_tercera": "NO", "tiene_elec": "NO", "tiene_agua": "NO", "tiene_alca": "NO", "observacio": "POR LEGALIZAR ANA MARISELA ALONZO REYES 05/01/2026 ARQ. LUPE LANDA*", "observac_1": null, "barrio": "SAN JUAN", "parroquia_": 2, "barrio_id": 912, "proceso": 0, "fecha_regi": null, "activo_cat": "SI", "desactivad": 0, "avaluo_rem": 0.0, "avaluo_r_1": 0.0, "clasificac": "POR LEGALIZAR", "anio_deuda": 0, "deuda": 0.0, "valor_ip": 0.0, "coactiva": null, "ficharegis": 0, "etam": 0.1361836777, "diferencia": -0.5972675223, "porc_difer": -0.00276923, "admisible": 1, "deuda_anio": 0.0, "2024__csv_": "5-06-07-16-000", "2024__csv1": "536-30-12-2025", "Clavepre": "5-06-07-16-000", "RESOLUCION": "536-30-12-2025", "ORIG_FID": 182 }, "geometry": { "type": "Point", "coordinates": [ -80.764113149404366, -0.998371786319839 ] } },
{ "type": "Feature", "properties": { "id": 104545, "lote_id": 109034, "clavecatas": "5-05-13-04-000", "zona": "5", "sector": "05", "manzana": "13", "lote": "04", "ph": "000", "propietari": "GOBIERNO AUTONOMO DESCENTRALIZADO  MUNICIPAL MANTA .", "documentop": "1360000980001", "direccion": "PARROQUIA MANTA - SAN JUAN - BARRIO SAN JOSE - MZ 13 LOTE 04", "area_m2": 251.42, "frente_uti": 9.84, "frente_tot": 17.81, "avaluo_con": 0.0, "avaluo_sue": 3771.3, "zonaurbano": "URBANA", "parroquia": "MANTA", "esta_bloqu": "NO", "es_tercera": "NO", "tiene_elec": "SI", "tiene_agua": "NO", "tiene_alca": "NO", "observacio": null, "observac_1": null, "barrio": "SAN JOSE", "parroquia_": 2, "barrio_id": 1059, "proceso": 0, "fecha_regi": null, "activo_cat": "SI", "desactivad": 0, "avaluo_rem": 0.0, "avaluo_r_1": 0.0, "clasificac": "POR LEGALIZAR", "anio_deuda": 0, "deuda": 0.0, "valor_ip": 0.0, "coactiva": null, "ficharegis": 0, "etam": 0.1261333948, "diferencia": -0.1394608671, "porc_difer": -0.0005546928, "admisible": 1, "deuda_anio": 0.0, "2024__csv_": "5-05-13-04-000", "2024__csv1": "535-30-12-2025", "Clavepre": "5-05-13-04-000", "RESOLUCION": "535-30-12-2025", "ORIG_FID": 183 }, "geometry": { "type": "Point", "coordinates": [ -80.756256683707861, -1.002789971713385 ] } },
{ "type": "Feature", "properties": { "id": 104278, "lote_id": 108980, "clavecatas": "5-04-11-02-000", "zona": "5", "sector": "04", "manzana": "11", "lote": "02", "ph": "000", "propietari": "GOBIERNO AUTONOMO DESCENTRALIZADO  MUNICIPAL MANTA .", "documentop": "1360000980001", "direccion": "SECTOR SAN JUAN DE MANTA - BARRIO SAN JUAN / MZ 11 LOTE 02", "area_m2": 1234.63, "frente_uti": 17.14, "frente_tot": 17.14, "avaluo_con": 21733.33, "avaluo_sue": 0.0, "zonaurbano": "URBANA", "parroquia": "MANTA", "esta_bloqu": "NO", "es_tercera": "NO", "tiene_elec": "SI", "tiene_agua": "NO", "tiene_alca": "NO", "observacio": "SE CREA LA CLAVE CATASTRAL 5041102000 A FAVOR DEL GAD MANTA CON FINES DE LEGALIZACIÓN, PREDIO UBICADO EN EL BARRIO SAN JUAN DEL SECTOR SAN JUAN DE MANTA, PREVIO INFORME DEL ARQ. CRISTHIAN GERARDO PICO SAN LUCAS.", "observac_1": null, "barrio": "SAN JUAN", "parroquia_": 2, "barrio_id": 912, "proceso": 0, "fecha_regi": null, "activo_cat": "SI", "desactivad": 0, "avaluo_rem": 0.0, "avaluo_r_1": 0.0, "clasificac": "POR LEGALIZAR", "anio_deuda": 0, "deuda": 0.0, "valor_ip": 0.0, "coactiva": null, "ficharegis": 0, "etam": 0.1422989159, "diferencia": 0.0039768988, "porc_difer": 3.2211e-06, "admisible": 1, "deuda_anio": 0.0, "2024__csv_": "5-04-11-02-000", "2024__csv1": "535-30-12-2025", "Clavepre": "5-04-11-02-000", "RESOLUCION": "535-30-12-2025", "ORIG_FID": 184 }, "geometry": { "type": "Point", "coordinates": [ -80.760311753922309, -0.993824126825256 ] } },
{ "type": "Feature", "properties": { "id": 104279, "lote_id": 108972, "clavecatas": "5-04-12-01-000", "zona": "5", "sector": "04", "manzana": "12", "lote": "01", "ph": "000", "propietari": "GOBIERNO AUTONOMO DESCENTRALIZADO  MUNICIPAL MANTA .", "documentop": "1360000980001", "direccion": "SECTOR SAN JUAN DE MANTA - BARRIO SAN JUAN / MZ 12 LOTE 01", "area_m2": 196.89, "frente_uti": 16.0, "frente_tot": 33.5, "avaluo_con": 14816.32, "avaluo_sue": 2953.35, "zonaurbano": "URBANA", "parroquia": "MANTA", "esta_bloqu": "NO", "es_tercera": "NO", "tiene_elec": "SI", "tiene_agua": "NO", "tiene_alca": "NO", "observacio": "SE CREA LA CLAVE CATASTRAL 5041201000 A FAVOR DE LUCAS VELEZ ISIDRO JOEL CON FINES DE LEGALIZACIÓN, PREDIO UBICADO EN EL BARRIO SAN JUAN DEL SECTOR SAN JUAN DE MANTA, PREVIO INFORME DEL ARQ. CRISTHIAN GERARDO PICO SAN LUCAS.", "observac_1": null, "barrio": "SAN JUAN", "parroquia_": 2, "barrio_id": 912, "proceso": 0, "fecha_regi": null, "activo_cat": "SI", "desactivad": 0, "avaluo_rem": 0.0, "avaluo_r_1": 0.0, "clasificac": "POR LEGALIZAR", "anio_deuda": 0, "deuda": 0.0, "valor_ip": 0.0, "coactiva": null, "ficharegis": 0, "etam": 0.0712669496, "diferencia": 0.4528663237, "porc_difer": 0.0023000981, "admisible": 1, "deuda_anio": 0.0, "2024__csv_": "5-04-12-01-000", "2024__csv1": "536-30-12-2025", "Clavepre": "5-04-12-01-000", "RESOLUCION": "536-30-12-2025", "ORIG_FID": 185 }, "geometry": { "type": "Point", "coordinates": [ -80.761924534453442, -0.994718528192659 ] } },
{ "type": "Feature", "properties": { "id": 104280, "lote_id": 108976, "clavecatas": "5-04-12-05-000", "zona": "5", "sector": "04", "manzana": "12", "lote": "05", "ph": "000", "propietari": "GOBIERNO AUTONOMO DESCENTRALIZADO  MUNICIPAL MANTA .", "documentop": "1360000980001", "direccion": "SECTOR SAN JUAN DE MANTA - BARRIO SAN JUAN / MZ 12 LOTE 05", "area_m2": 283.62, "frente_uti": 10.45, "frente_tot": 10.45, "avaluo_con": 258.04, "avaluo_sue": 3445.98, "zonaurbano": "URBANA", "parroquia": "MANTA", "esta_bloqu": "NO", "es_tercera": "NO", "tiene_elec": "SI", "tiene_agua": "NO", "tiene_alca": "NO", "observacio": "SE CREA LA CLAVE CATASTRAL 5041205000 A FAVOR DE LUCAS DEMERA JEFFERSON JOHEL CON FINES DE LEGALIZACIÓN, PREDIO UBICADO EN EL BARRIO SAN JUAN DEL SECTOR SAN JUAN DE MANTA, PREVIO INFORME DEL ARQ. CRISTHIAN GERARDO PICO SAN LUCAS.", "observac_1": null, "barrio": "SAN JUAN", "parroquia_": 2, "barrio_id": 912, "proceso": 0, "fecha_regi": null, "activo_cat": "SI", "desactivad": 0, "avaluo_rem": 0.0, "avaluo_r_1": 0.0, "clasificac": "POR LEGALIZAR", "anio_deuda": 0, "deuda": 0.0, "valor_ip": 0.0, "coactiva": null, "ficharegis": 0, "etam": 0.1187576429, "diferencia": -0.6085931951, "porc_difer": -0.0021458049, "admisible": 1, "deuda_anio": 0.0, "2024__csv_": "5-04-12-05-000", "2024__csv1": "536-30-12-2025", "Clavepre": "5-04-12-05-000", "RESOLUCION": "536-30-12-2025", "ORIG_FID": 186 }, "geometry": { "type": "Point", "coordinates": [ -80.761117944345116, -0.995005353935958 ] } },
{ "type": "Feature", "properties": { "id": 104281, "lote_id": 108974, "clavecatas": "5-04-12-12-000", "zona": "5", "sector": "04", "manzana": "12", "lote": "12", "ph": "000", "propietari": "GOBIERNO AUTONOMO DESCENTRALIZADO  MUNICIPAL MANTA .", "documentop": "1360000980001", "direccion": "SECTOR SAN JUAN DE MANTA - BARRIO SAN JUAN / MZ 12 LOTE 12", "area_m2": 385.18, "frente_uti": 41.38, "frente_tot": 80.8, "avaluo_con": 19894.51, "avaluo_sue": 5777.7, "zonaurbano": "URBANA", "parroquia": "MANTA", "esta_bloqu": "NO", "es_tercera": "NO", "tiene_elec": "SI", "tiene_agua": "NO", "tiene_alca": "NO", "observacio": "SE CREA LA CLAVE CATASTRAL 5041212000 A FAVOR DE REYES VILLAVICENCIO JORGE LUIS; REYES VILLAVICENCIO JOSE DANIEL JAVIER CON FINES DE LEGALIZACIÓN, PREDIO UBICADO EN EL BARRIO SAN JUAN DEL SECTOR SAN JUAN DE MANTA, PREVIO INFORME DEL ARQ. CRISTHIAN GERAR", "observac_1": null, "barrio": "SAN JUAN", "parroquia_": 2, "barrio_id": 912, "proceso": 0, "fecha_regi": null, "activo_cat": "SI", "desactivad": 0, "avaluo_rem": 0.0, "avaluo_r_1": 0.0, "clasificac": "POR LEGALIZAR", "anio_deuda": 0, "deuda": 0.0, "valor_ip": 0.0, "coactiva": null, "ficharegis": 0, "etam": 0.1528584285, "diferencia": -0.0027699864, "porc_difer": -7.1914e-06, "admisible": 1, "deuda_anio": 0.0, "2024__csv_": "5-04-12-12-000", "2024__csv1": "536-30-12-2025", "Clavepre": "5-04-12-12-000", "RESOLUCION": "536-30-12-2025", "ORIG_FID": 187 }, "geometry": { "type": "Point", "coordinates": [ -80.761333443427361, -0.994592579973372 ] } },
{ "type": "Feature", "properties": { "id": 104282, "lote_id": 108973, "clavecatas": "5-04-12-13-000", "zona": "5", "sector": "04", "manzana": "12", "lote": "13", "ph": "000", "propietari": "GOBIERNO AUTONOMO DESCENTRALIZADO  MUNICIPAL MANTA .", "documentop": "1360000980001", "direccion": "SECTOR SAN JUAN DE MANTA - BARRIO SAN JUAN / MZ 12 LOTE 13", "area_m2": 364.9, "frente_uti": 21.18, "frente_tot": 70.01, "avaluo_con": 10112.13, "avaluo_sue": 3990.18, "zonaurbano": "URBANA", "parroquia": "MANTA", "esta_bloqu": "NO", "es_tercera": "NO", "tiene_elec": "SI", "tiene_agua": "NO", "tiene_alca": "NO", "observacio": "SE CREA LA CLAVE CATASTRAL 5041213000 A FAVOR DE REYES VILLAVICENCIO YANDRY JAVIER CON FINES DE LEGALIZACIÓN, PREDIO UBICADO EN EL BARRIO SAN JUAN DEL SECTOR SAN JUAN DE MANTA, PREVIO INFORME DEL ARQ. CRISTHIAN GERARDO PICO SAN LUCAS.", "observac_1": null, "barrio": "SAN JUAN", "parroquia_": 2, "barrio_id": 912, "proceso": 0, "fecha_regi": null, "activo_cat": "SI", "desactivad": 0, "avaluo_rem": 0.0, "avaluo_r_1": 0.0, "clasificac": "POR LEGALIZAR", "anio_deuda": 0, "deuda": 0.0, "valor_ip": 0.0, "coactiva": null, "ficharegis": 0, "etam": 0.1570486918, "diferencia": -0.0012878166, "porc_difer": -3.5292e-06, "admisible": 1, "deuda_anio": 0.0, "2024__csv_": "5-04-12-13-000", "2024__csv1": "536-30-12-2025", "Clavepre": "5-04-12-13-000", "RESOLUCION": "536-30-12-2025", "ORIG_FID": 188 }, "geometry": { "type": "Point", "coordinates": [ -80.761600528739038, -0.994511865381116 ] } },
{ "type": "Feature", "properties": { "id": 104283, "lote_id": 108975, "clavecatas": "5-04-12-14-000", "zona": "5", "sector": "04", "manzana": "12", "lote": "14", "ph": "000", "propietari": "GOBIERNO AUTONOMO DESCENTRALIZADO  MUNICIPAL MANTA .", "documentop": "1360000980001", "direccion": "SECTOR SAN JUAN DE MANTA - BARRIO SAN JUAN / MZ 12 LOTE 14", "area_m2": 794.23, "frente_uti": 15.5, "frente_tot": 69.6, "avaluo_con": 11003.68, "avaluo_sue": 11913.45, "zonaurbano": "URBANA", "parroquia": "MANTA", "esta_bloqu": "NO", "es_tercera": "NO", "tiene_elec": "SI", "tiene_agua": "NO", "tiene_alca": "NO", "observacio": "SE CREA LA CLAVE CATASTRAL 5041214000 A FAVOR DEL GAD MANTA CON FINES DE LEGALIZACIÓN, PREDIO UBICADO EN EL BARRIO SAN JUAN DEL SECTOR SAN JUAN DE MANTA, PREVIO INFORME DEL ARQ. CRISTHIAN GERARDO PICO SAN LUCAS.", "observac_1": null, "barrio": "SAN JUAN", "parroquia_": 2, "barrio_id": 912, "proceso": 0, "fecha_regi": null, "activo_cat": "SI", "desactivad": 0, "avaluo_rem": 0.0, "avaluo_r_1": 0.0, "clasificac": "POR LEGALIZAR", "anio_deuda": 0, "deuda": 0.0, "valor_ip": 0.0, "coactiva": null, "ficharegis": 0, "etam": 0.1419341325, "diferencia": 4.4576584254, "porc_difer": 0.0056125536, "admisible": 1, "deuda_anio": 0.0, "2024__csv_": "5-04-12-14-000", "2024__csv1": "535-30-12-2025", "Clavepre": "5-04-12-14-000", "RESOLUCION": "535-30-12-2025", "ORIG_FID": 189 }, "geometry": { "type": "Point", "coordinates": [ -80.761320554181779, -0.994422410609081 ] } },
{ "type": "Feature", "properties": { "id": 104284, "lote_id": 108731, "clavecatas": "5-04-13-01-000", "zona": "5", "sector": "04", "manzana": "13", "lote": "01", "ph": "000", "propietari": "GOBIERNO AUTONOMO DESCENTRALIZADO  MUNICIPAL MANTA .", "documentop": "1360000980001", "direccion": "SECTOR SAN JUAN DE MANTA - BARRIO SAN JUAN / MZ13 LOTE 01", "area_m2": 674.77, "frente_uti": 24.5, "frente_tot": 62.0, "avaluo_con": 36580.11, "avaluo_sue": 0.0, "zonaurbano": "URBANA", "parroquia": "MANTA", "esta_bloqu": "NO", "es_tercera": "NO", "tiene_elec": "SI", "tiene_agua": "NO", "tiene_alca": "NO", "observacio": "SE CREA LA CLAVE CATASTRAL 5041301000 A FAVOR DEL GAD MANTA CON FINES DE LEGALIZACIÓN, PREDIO UBICADO EN EL BARRIO SAN JUAN DEL SECTOR SAN JUAN DE MANTA, PREVIO INFORME DEL ARQ. CRISTHIAN GERARDO PICO SAN LUCAS.", "observac_1": null, "barrio": "SAN JUAN", "parroquia_": 2, "barrio_id": 912, "proceso": 0, "fecha_regi": null, "activo_cat": "SI", "desactivad": 0, "avaluo_rem": 0.0, "avaluo_r_1": 0.0, "clasificac": "POR LEGALIZAR", "anio_deuda": 0, "deuda": 0.0, "valor_ip": 0.0, "coactiva": null, "ficharegis": 0, "etam": 0.1539863087, "diferencia": 0.001068405, "porc_difer": 1.5834e-06, "admisible": 1, "deuda_anio": 0.0, "2024__csv_": "5-04-13-01-000", "2024__csv1": "535-30-12-2025", "Clavepre": "5-04-13-01-000", "RESOLUCION": "535-30-12-2025", "ORIG_FID": 190 }, "geometry": { "type": "Point", "coordinates": [ -80.761100543822138, -0.993666603562447 ] } },
{ "type": "Feature", "properties": { "id": 104285, "lote_id": 108742, "clavecatas": "5-04-13-02-000", "zona": "5", "sector": "04", "manzana": "13", "lote": "02", "ph": "000", "propietari": "GOBIERNO AUTONOMO DESCENTRALIZADO  MUNICIPAL MANTA .", "documentop": "1360000980001", "direccion": "SECTOR SAN JUAN DE MANTA - BARRIO SAN JUAN / MZ13 LOTE 02", "area_m2": 651.18, "frente_uti": 31.53, "frente_tot": 31.53, "avaluo_con": 31020.14, "avaluo_sue": 7516.25, "zonaurbano": "URBANA", "parroquia": "MANTA", "esta_bloqu": "NO", "es_tercera": "NO", "tiene_elec": "SI", "tiene_agua": "NO", "tiene_alca": "NO", "observacio": "SE CREA LA CLAVE CATASTRAL 5041302000 A FAVOR DE LUCAS ALONZO LORENZO ISIDRO CON FINES DE LEGALIZACIÓN, PREDIO UBICADO EN EL BARRIO SAN JUAN DEL SECTOR SAN JUAN DE MANTA, PREVIO INFORME DEL ARQ. CRISTHIAN GERARDO PICO SAN LUCAS.", "observac_1": null, "barrio": "SAN JUAN", "parroquia_": 2, "barrio_id": 912, "proceso": 0, "fecha_regi": null, "activo_cat": "SI", "desactivad": 0, "avaluo_rem": 0.0, "avaluo_r_1": 0.0, "clasificac": "POR LEGALIZAR", "anio_deuda": 0, "deuda": 0.0, "valor_ip": 0.0, "coactiva": null, "ficharegis": 0, "etam": 0.1567506912, "diferencia": 114.8779922933, "porc_difer": 0.1764151115, "admisible": 0, "deuda_anio": 0.0, "2024__csv_": "5-04-13-02-000", "2024__csv1": "536-30-12-2025", "Clavepre": "5-04-13-02-000", "RESOLUCION": "536-30-12-2025", "ORIG_FID": 191 }, "geometry": { "type": "Point", "coordinates": [ -80.761295838179336, -0.993589862372474 ] } },
{ "type": "Feature", "properties": { "id": 104286, "lote_id": 108927, "clavecatas": "5-04-13-04-000", "zona": "5", "sector": "04", "manzana": "13", "lote": "04", "ph": "000", "propietari": "GOBIERNO AUTONOMO DESCENTRALIZADO  MUNICIPAL MANTA .", "documentop": "1360000980001", "direccion": "SECTOR SAN JUAN DE MANTA - BARRIO SAN JUAN / MZ13 LOTE 04", "area_m2": 563.78, "frente_uti": 17.52, "frente_tot": 53.21, "avaluo_con": 22776.27, "avaluo_sue": 8456.7, "zonaurbano": "URBANA", "parroquia": "MANTA", "esta_bloqu": "NO", "es_tercera": "NO", "tiene_elec": "SI", "tiene_agua": "NO", "tiene_alca": "NO", "observacio": "SE CREA LA CLAVE CATASTRAL 5041304000 A FAVOR DE DELGADO LUCAS JAVIER ALEXIS CON FINES DE LEGALIZACIÓN, PREDIO UBICADO EN EL BARRIO SAN JUAN DEL SECTOR SAN JUAN DE MANTA, PREVIO INFORME DEL ARQ. CRISTHIAN GERARDO PICO SAN LUCAS.", "observac_1": null, "barrio": "SAN JUAN", "parroquia_": 2, "barrio_id": 912, "proceso": 0, "fecha_regi": null, "activo_cat": "SI", "desactivad": 0, "avaluo_rem": 0.0, "avaluo_r_1": 0.0, "clasificac": "POR LEGALIZAR", "anio_deuda": 0, "deuda": 0.0, "valor_ip": 0.0, "coactiva": null, "ficharegis": 0, "etam": 0.1684632437, "diferencia": 0.0033793122, "porc_difer": 5.994e-06, "admisible": 1, "deuda_anio": 0.0, "2024__csv_": "5-04-13-04-000", "2024__csv1": "536-30-12-2025", "Clavepre": "5-04-13-04-000", "RESOLUCION": "536-30-12-2025", "ORIG_FID": 192 }, "geometry": { "type": "Point", "coordinates": [ -80.761965026617631, -0.993544705570723 ] } },
{ "type": "Feature", "properties": { "id": 104287, "lote_id": 108933, "clavecatas": "5-04-13-06-000", "zona": "5", "sector": "04", "manzana": "13", "lote": "06", "ph": "000", "propietari": "GOBIERNO AUTONOMO DESCENTRALIZADO  MUNICIPAL MANTA .", "documentop": "1360000980001", "direccion": "SECTOR SAN JUAN DE MANTA - BARRIO SAN JUAN / MZ13 LOTE 06", "area_m2": 366.71, "frente_uti": 14.79, "frente_tot": 14.79, "avaluo_con": 10624.79, "avaluo_sue": 5500.65, "zonaurbano": "URBANA", "parroquia": "MANTA", "esta_bloqu": "NO", "es_tercera": "NO", "tiene_elec": "SI", "tiene_agua": "NO", "tiene_alca": "NO", "observacio": "SE CREA LA CLAVE CATASTRAL 5041306000 A FAVOR DEL GAD MANTA CON FINES DE LEGALIZACIÓN, PREDIO UBICADO EN EL BARRIO SAN JUAN DEL SECTOR SAN JUAN DE MANTA, PREVIO INFORME DEL ARQ. CRISTHIAN GERARDO PICO SAN LUCAS.", "observac_1": null, "barrio": "SAN JUAN", "parroquia_": 2, "barrio_id": 912, "proceso": 0, "fecha_regi": null, "activo_cat": "SI", "desactivad": 0, "avaluo_rem": 0.0, "avaluo_r_1": 0.0, "clasificac": "POR LEGALIZAR", "anio_deuda": 0, "deuda": 0.0, "valor_ip": 0.0, "coactiva": null, "ficharegis": 0, "etam": 0.1566606334, "diferencia": -2.1317104926, "porc_difer": -0.0058130689, "admisible": 1, "deuda_anio": 0.0, "2024__csv_": "5-04-13-06-000", "2024__csv1": "535-30-12-2025", "Clavepre": "5-04-13-06-000", "RESOLUCION": "535-30-12-2025", "ORIG_FID": 193 }, "geometry": { "type": "Point", "coordinates": [ -80.762386167935617, -0.993823532449928 ] } },
{ "type": "Feature", "properties": { "id": 104288, "lote_id": 108916, "clavecatas": "5-04-13-07-000", "zona": "5", "sector": "04", "manzana": "13", "lote": "07", "ph": "000", "propietari": "GOBIERNO AUTONOMO DESCENTRALIZADO  MUNICIPAL MANTA .", "documentop": "1360000980001", "direccion": "SECTOR SAN JUAN DE MANTA - BARRIO SAN JUAN / MZ13 LOTE 07", "area_m2": 495.09, "frente_uti": 15.24, "frente_tot": 15.24, "avaluo_con": 0.0, "avaluo_sue": 5428.85, "zonaurbano": "URBANA", "parroquia": "MANTA", "esta_bloqu": "NO", "es_tercera": "NO", "tiene_elec": "SI", "tiene_agua": "NO", "tiene_alca": "NO", "observacio": "SE CREA LA CLAVE CATASTRAL 5041307000 A FAVOR DE LUCAS LUCAS ANA ISABEL CON FINES DE LEGALIZACIÓN, PREDIO UBICADO EN EL BARRIO SAN JUAN DEL SECTOR SAN JUAN DE MANTA, PREVIO INFORME DEL ARQ. CRISTHIAN GERARDO PICO SAN LUCAS.", "observac_1": null, "barrio": "SAN JUAN", "parroquia_": 2, "barrio_id": 912, "proceso": 0, "fecha_regi": null, "activo_cat": "SI", "desactivad": 0, "avaluo_rem": 0.0, "avaluo_r_1": 0.0, "clasificac": "POR LEGALIZAR", "anio_deuda": 0, "deuda": 0.0, "valor_ip": 0.0, "coactiva": null, "ficharegis": 0, "etam": 0.134827716, "diferencia": 0.7347439637, "porc_difer": 0.0014840614, "admisible": 1, "deuda_anio": 0.0, "2024__csv_": "5-04-13-07-000", "2024__csv1": "536-30-12-2025", "Clavepre": "5-04-13-07-000", "RESOLUCION": "536-30-12-2025", "ORIG_FID": 194 }, "geometry": { "type": "Point", "coordinates": [ -80.762008311640344, -0.993665194083775 ] } },
{ "type": "Feature", "properties": { "id": 104289, "lote_id": 108880, "clavecatas": "5-04-13-08-000", "zona": "5", "sector": "04", "manzana": "13", "lote": "08", "ph": "000", "propietari": "GOBIERNO AUTONOMO DESCENTRALIZADO  MUNICIPAL MANTA .", "documentop": "1360000980001", "direccion": "SECTOR SAN JUAN DE MANTA - BARRIO SAN JUAN / MZ13 LOTE 08", "area_m2": 1189.1, "frente_uti": 19.43, "frente_tot": 40.04, "avaluo_con": 33714.74, "avaluo_sue": 17836.5, "zonaurbano": "URBANA", "parroquia": "MANTA", "esta_bloqu": "NO", "es_tercera": "NO", "tiene_elec": "SI", "tiene_agua": "NO", "tiene_alca": "NO", "observacio": "SE CREA LA CLAVE CATASTRAL 5041308000 A FAVOR DEL GAD MANTA CON FINES DE LEGALIZACIÓN, PREDIO UBICADO EN EL BARRIO SAN JUAN DEL SECTOR SAN JUAN DE MANTA, PREVIO INFORME DEL ARQ. CRISTHIAN GERARDO PICO SAN LUCAS.", "observac_1": null, "barrio": "SAN JUAN", "parroquia_": 2, "barrio_id": 912, "proceso": 0, "fecha_regi": null, "activo_cat": "SI", "desactivad": 0, "avaluo_rem": 0.0, "avaluo_r_1": 0.0, "clasificac": "POR LEGALIZAR", "anio_deuda": 0, "deuda": 0.0, "valor_ip": 0.0, "coactiva": null, "ficharegis": 0, "etam": 0.1449976003, "diferencia": 16.4038963277, "porc_difer": 0.0137952202, "admisible": 1, "deuda_anio": 0.0, "2024__csv_": "5-04-13-08-000", "2024__csv1": "535-30-12-2025", "Clavepre": "5-04-13-08-000", "RESOLUCION": "535-30-12-2025", "ORIG_FID": 195 }, "geometry": { "type": "Point", "coordinates": [ -80.762162115586705, -0.994028739031284 ] } },
{ "type": "Feature", "properties": { "id": 104290, "lote_id": 109131, "clavecatas": "5-04-13-09-000", "zona": "5", "sector": "04", "manzana": "13", "lote": "09", "ph": "000", "propietari": "GOBIERNO AUTONOMO DESCENTRALIZADO  MUNICIPAL MANTA .", "documentop": "1360000980001", "direccion": "SECTOR SAN JUAN DE MANTA - BARRIO SAN JUAN / MZ 13 LOTE 09", "area_m2": 674.45, "frente_uti": 13.71, "frente_tot": 13.71, "avaluo_con": 324.54, "avaluo_sue": 6637.6, "zonaurbano": "URBANA", "parroquia": "MANTA", "esta_bloqu": "NO", "es_tercera": "NO", "tiene_elec": "SI", "tiene_agua": "NO", "tiene_alca": "NO", "observacio": "SE CREA LA CLAVE CATASTRAL 5041309000 A FAVOR DE BAILON FLORES MANUEL GREGORIO CON FINES DE LEGALIZACIÓN, PREDIO UBICADO EN EL BARRIO SAN JUAN DEL SECTOR SAN JUAN DE MANTA, PREVIO INFORME DEL ARQ. CRISTHIAN GERARDO PICO SAN LUCAS.", "observac_1": null, "barrio": "SAN JUAN", "parroquia_": 2, "barrio_id": 912, "proceso": 0, "fecha_regi": null, "activo_cat": "SI", "desactivad": 0, "avaluo_rem": 0.0, "avaluo_r_1": 0.0, "clasificac": "POR LEGALIZAR", "anio_deuda": 0, "deuda": 0.0, "valor_ip": 0.0, "coactiva": null, "ficharegis": 0, "etam": 0.1540228346, "diferencia": 0.0028285845, "porc_difer": 4.1939e-06, "admisible": 1, "deuda_anio": 0.0, "2024__csv_": "5-04-13-09-000", "2024__csv1": "536-30-12-2025", "Clavepre": "5-04-13-09-000", "RESOLUCION": "536-30-12-2025", "ORIG_FID": 196 }, "geometry": { "type": "Point", "coordinates": [ -80.761612348856218, -0.993781905159988 ] } },
{ "type": "Feature", "properties": { "id": 104291, "lote_id": 108800, "clavecatas": "5-04-13-11-000", "zona": "5", "sector": "04", "manzana": "13", "lote": "11", "ph": "000", "propietari": "GOBIERNO AUTONOMO DESCENTRALIZADO  MUNICIPAL MANTA .", "documentop": "1360000980001", "direccion": "SECTOR SAN JUAN DE MANTA - BARRIO SAN JUAN / MZ13 LOTE 11", "area_m2": 241.92, "frente_uti": 11.4, "frente_tot": 16.58, "avaluo_con": 0.0, "avaluo_sue": 3628.8, "zonaurbano": "URBANA", "parroquia": "MANTA", "esta_bloqu": "NO", "es_tercera": "NO", "tiene_elec": "SI", "tiene_agua": "NO", "tiene_alca": "NO", "observacio": "SE CREA LA CLAVE CATASTRAL 5041311000 A FAVOR DEL GAD MANTA CON FINES DE LEGALIZACIÓN, PREDIO UBICADO EN EL BARRIO SAN JUAN DEL SECTOR SAN JUAN DE MANTA, PREVIO INFORME DEL ARQ. CRISTHIAN GERARDO PICO SAN LUCAS.", "observac_1": null, "barrio": "SAN JUAN", "parroquia_": 2, "barrio_id": 912, "proceso": 0, "fecha_regi": null, "activo_cat": "SI", "desactivad": 0, "avaluo_rem": 0.0, "avaluo_r_1": 0.0, "clasificac": "POR LEGALIZAR", "anio_deuda": 0, "deuda": 0.0, "valor_ip": 0.0, "coactiva": null, "ficharegis": 0, "etam": 0.128586125, "diferencia": 0.1101248495, "porc_difer": 0.0004552118, "admisible": 1, "deuda_anio": 0.0, "2024__csv_": "5-04-13-11-000", "2024__csv1": "535-30-12-2025", "Clavepre": "5-04-13-11-000", "RESOLUCION": "535-30-12-2025", "ORIG_FID": 197 }, "geometry": { "type": "Point", "coordinates": [ -80.761698714816276, -0.993884924976572 ] } },
{ "type": "Feature", "properties": { "id": 104292, "lote_id": 108767, "clavecatas": "5-04-13-12-000", "zona": "5", "sector": "04", "manzana": "13", "lote": "12", "ph": "000", "propietari": "GOBIERNO AUTONOMO DESCENTRALIZADO  MUNICIPAL MANTA .", "documentop": "1360000980001", "direccion": "SECTOR SAN JUAN DE MANTA - BARRIO SAN JUAN / MZ13 LOTE 12", "area_m2": 128.47, "frente_uti": 12.0, "frente_tot": 23.0, "avaluo_con": 19293.72, "avaluo_sue": 1927.05, "zonaurbano": "URBANA", "parroquia": "MANTA", "esta_bloqu": "NO", "es_tercera": "NO", "tiene_elec": "SI", "tiene_agua": "NO", "tiene_alca": "NO", "observacio": "SE CREA LA CLAVE CATASTRAL 5041312000 A FAVOR DEL GAD MANTA CON FINES DE LEGALIZACIÓN, PREDIO UBICADO EN EL BARRIO SAN JUAN DEL SECTOR SAN JUAN DE MANTA, PREVIO INFORME DEL ARQ. CRISTHIAN GERARDO PICO SAN LUCAS.", "observac_1": null, "barrio": "SAN JUAN", "parroquia_": 2, "barrio_id": 912, "proceso": 0, "fecha_regi": null, "activo_cat": "SI", "desactivad": 0, "avaluo_rem": 0.0, "avaluo_r_1": 0.0, "clasificac": "POR LEGALIZAR", "anio_deuda": 0, "deuda": 0.0, "valor_ip": 0.0, "coactiva": null, "ficharegis": 0, "etam": 0.0882265177, "diferencia": 0.0013023907, "porc_difer": 1.01377e-05, "admisible": 1, "deuda_anio": 0.0, "2024__csv_": "5-04-13-12-000", "2024__csv1": "535-30-12-2025", "Clavepre": "5-04-13-12-000", "RESOLUCION": "535-30-12-2025", "ORIG_FID": 198 }, "geometry": { "type": "Point", "coordinates": [ -80.761620746025045, -0.993978592695423 ] } },
{ "type": "Feature", "properties": { "id": 104293, "lote_id": 108817, "clavecatas": "5-04-13-14-000", "zona": "5", "sector": "04", "manzana": "13", "lote": "14", "ph": "000", "propietari": "GOBIERNO AUTONOMO DESCENTRALIZADO  MUNICIPAL MANTA .", "documentop": "1360000980001", "direccion": "SECTOR SAN JUAN DE MANTA - BARRIO SAN JUAN / MZ13 LOTE 14", "area_m2": 472.1, "frente_uti": 14.08, "frente_tot": 46.33, "avaluo_con": 7010.64, "avaluo_sue": 5162.41, "zonaurbano": "URBANA", "parroquia": "MANTA", "esta_bloqu": "NO", "es_tercera": "NO", "tiene_elec": "SI", "tiene_agua": "NO", "tiene_alca": "NO", "observacio": "SE CREA LA CLAVE CATASTRAL 5041314000 A FAVOR DE LUCAS REYES MARIA CLEMENCIA CON FINES DE LEGALIZACIÓN, PREDIO UBICADO EN EL BARRIO SAN JUAN DEL SECTOR SAN JUAN DE MANTA, PREVIO INFORME DEL ARQ. CRISTHIAN GERARDO PICO SAN LUCAS.", "observac_1": null, "barrio": "SAN JUAN", "parroquia_": 2, "barrio_id": 912, "proceso": 0, "fecha_regi": null, "activo_cat": "SI", "desactivad": 0, "avaluo_rem": 0.0, "avaluo_r_1": 0.0, "clasificac": "POR LEGALIZAR", "anio_deuda": 0, "deuda": 0.0, "valor_ip": 0.0, "coactiva": null, "ficharegis": 0, "etam": 0.1380715672, "diferencia": -0.0018841312, "porc_difer": -3.991e-06, "admisible": 1, "deuda_anio": 0.0, "2024__csv_": "5-04-13-14-000", "2024__csv1": "536-30-12-2025", "Clavepre": "5-04-13-14-000", "RESOLUCION": "536-30-12-2025", "ORIG_FID": 199 }, "geometry": { "type": "Point", "coordinates": [ -80.76182777583935, -0.994109702964272 ] } },
{ "type": "Feature", "properties": { "id": 104294, "lote_id": 108833, "clavecatas": "5-04-13-15-000", "zona": "5", "sector": "04", "manzana": "13", "lote": "15", "ph": "000", "propietari": "GOBIERNO AUTONOMO DESCENTRALIZADO  MUNICIPAL MANTA .", "documentop": "1360000980001", "direccion": "SECTOR SAN JUAN DE MANTA - BARRIO SAN JUAN / MZ13 LOTE 15", "area_m2": 382.71, "frente_uti": 17.57, "frente_tot": 41.08, "avaluo_con": 53941.41, "avaluo_sue": 5740.65, "zonaurbano": "URBANA", "parroquia": "MANTA", "esta_bloqu": "NO", "es_tercera": "NO", "tiene_elec": "SI", "tiene_agua": "NO", "tiene_alca": "NO", "observacio": "SE CREA LA CLAVE CATASTRAL 5041315000 A FAVOR DE MERO REYES MICHELLE CAROLINA CON FINES DE LEGALIZACIÓN, PREDIO UBICADO EN EL BARRIO SAN JUAN DEL SECTOR SAN JUAN DE MANTA, PREVIO INFORME DEL ARQ. CRISTHIAN GERARDO PICO SAN LUCAS.", "observac_1": null, "barrio": "SAN JUAN", "parroquia_": 2, "barrio_id": 912, "proceso": 0, "fecha_regi": null, "activo_cat": "SI", "desactivad": 0, "avaluo_rem": 0.0, "avaluo_r_1": 0.0, "clasificac": "POR LEGALIZAR", "anio_deuda": 0, "deuda": 0.0, "valor_ip": 0.0, "coactiva": null, "ficharegis": 0, "etam": 0.1533509072, "diferencia": 0.0011317438, "porc_difer": 2.9572e-06, "admisible": 1, "deuda_anio": 0.0, "2024__csv_": "5-04-13-15-000", "2024__csv1": "536-30-12-2025", "Clavepre": "5-04-13-15-000", "RESOLUCION": "536-30-12-2025", "ORIG_FID": 200 }, "geometry": { "type": "Point", "coordinates": [ -80.761837290375638, -0.994346726880539 ] } },
{ "type": "Feature", "properties": { "id": 104295, "lote_id": 108850, "clavecatas": "5-04-13-16-000", "zona": "5", "sector": "04", "manzana": "13", "lote": "16", "ph": "000", "propietari": "GOBIERNO AUTONOMO DESCENTRALIZADO  MUNICIPAL MANTA .", "documentop": "1360000980001", "direccion": "SECTOR SAN JUAN DE MANTA - BARRIO SAN JUAN / MZ13 LOTE 16", "area_m2": 367.4, "frente_uti": 20.04, "frente_tot": 20.04, "avaluo_con": 15346.05, "avaluo_sue": 5511.0, "zonaurbano": "URBANA", "parroquia": "MANTA", "esta_bloqu": "NO", "es_tercera": "NO", "tiene_elec": "SI", "tiene_agua": "NO", "tiene_alca": "NO", "observacio": "SE CREA LA CLAVE CATASTRAL 5041316000 A FAVOR DE REYES JOSÉ RAMÓN CON FINES DE LEGALIZACIÓN, PREDIO UBICADO EN EL BARRIO SAN JUAN DEL SECTOR SAN JUAN DE MANTA, PREVIO INFORME DEL ARQ. CRISTHIAN GERARDO PICO SAN LUCAS.", "observac_1": null, "barrio": "SAN JUAN", "parroquia_": 2, "barrio_id": 912, "proceso": 0, "fecha_regi": null, "activo_cat": "SI", "desactivad": 0, "avaluo_rem": 0.0, "avaluo_r_1": 0.0, "clasificac": "POR LEGALIZAR", "anio_deuda": 0, "deuda": 0.0, "valor_ip": 0.0, "coactiva": null, "ficharegis": 0, "etam": 0.1565134551, "diferencia": -0.0013552564, "porc_difer": -3.6888e-06, "admisible": 1, "deuda_anio": 0.0, "2024__csv_": "5-04-13-16-000", "2024__csv1": "536-30-12-2025", "Clavepre": "5-04-13-16-000", "RESOLUCION": "536-30-12-2025", "ORIG_FID": 201 }, "geometry": { "type": "Point", "coordinates": [ -80.761973573736299, -0.99422871868801 ] } },
{ "type": "Feature", "properties": { "id": 104296, "lote_id": 108979, "clavecatas": "5-04-15-11-000", "zona": "5", "sector": "04", "manzana": "15", "lote": "11", "ph": "000", "propietari": "GOBIERNO AUTONOMO DESCENTRALIZADO  MUNICIPAL MANTA .", "documentop": "1360000980001", "direccion": "SECTOR SAN JUAN DE MANTA - BARRIO SAN JUAN / MZ 15 LOTE 11", "area_m2": 303.37, "frente_uti": 10.34, "frente_tot": 10.34, "avaluo_con": 0.0, "avaluo_sue": 4550.55, "zonaurbano": "URBANA", "parroquia": "MANTA", "esta_bloqu": "NO", "es_tercera": "NO", "tiene_elec": "SI", "tiene_agua": "NO", "tiene_alca": "NO", "observacio": "SE CREA LA CLAVE CATASTRAL 5041511000 A FAVOR DEL GAD MANTA CON FINES DE LEGALIZACIÓN, PREDIO UBICADO EN EL BARRIO SAN JUAN DEL SECTOR SAN JUAN DE MANTA, PREVIO INFORME DEL ARQ. CRISTHIAN GERARDO PICO SAN LUCAS.", "observac_1": null, "barrio": "SAN JUAN", "parroquia_": 2, "barrio_id": 912, "proceso": 0, "fecha_regi": null, "activo_cat": "SI", "desactivad": 0, "avaluo_rem": 0.0, "avaluo_r_1": 0.0, "clasificac": "POR LEGALIZAR", "anio_deuda": 0, "deuda": 0.0, "valor_ip": 0.0, "coactiva": null, "ficharegis": 0, "etam": 0.1722403657, "diferencia": -0.001108323, "porc_difer": -3.6534e-06, "admisible": 1, "deuda_anio": 0.0, "2024__csv_": "5-04-15-11-000", "2024__csv1": "535-30-12-2025", "Clavepre": "5-04-15-11-000", "RESOLUCION": "535-30-12-2025", "ORIG_FID": 202 }, "geometry": { "type": "Point", "coordinates": [ -80.760904006910764, -0.995379636711974 ] } },
{ "type": "Feature", "properties": { "id": 104297, "lote_id": 108978, "clavecatas": "5-04-15-12-000", "zona": "5", "sector": "04", "manzana": "15", "lote": "12", "ph": "000", "propietari": "GOBIERNO AUTONOMO DESCENTRALIZADO  MUNICIPAL MANTA .", "documentop": "1360000980001", "direccion": "SECTOR SAN JUAN DE MANTA - BARRIO SAN JUAN / MZ 15 LOTE 12", "area_m2": 590.0, "frente_uti": 20.88, "frente_tot": 20.88, "avaluo_con": 449.8, "avaluo_sue": 7168.5, "zonaurbano": "URBANA", "parroquia": "MANTA", "esta_bloqu": "NO", "es_tercera": "NO", "tiene_elec": "SI", "tiene_agua": "NO", "tiene_alca": "NO", "observacio": "SE CREA LA CLAVE CATASTRAL 5041512000 A FAVOR DE LUCAS VÉLEZ SANTOS VICENTE CON FINES DE LEGALIZACIÓN, PREDIO UBICADO EN EL BARRIO SAN JUAN DEL SECTOR SAN JUAN DE MANTA, PREVIO INFORME DEL ARQ. CRISTHIAN GERARDO PICO SAN LUCAS.", "observac_1": null, "barrio": "SAN JUAN", "parroquia_": 2, "barrio_id": 912, "proceso": 0, "fecha_regi": null, "activo_cat": "SI", "desactivad": 0, "avaluo_rem": 0.0, "avaluo_r_1": 0.0, "clasificac": "POR LEGALIZAR", "anio_deuda": 0, "deuda": 0.0, "valor_ip": 0.0, "coactiva": null, "ficharegis": 0, "etam": 0.1646773939, "diferencia": -0.0029069838, "porc_difer": -4.9271e-06, "admisible": 1, "deuda_anio": 0.0, "2024__csv_": "5-04-15-12-000", "2024__csv1": "536-30-12-2025", "Clavepre": "5-04-15-12-000", "RESOLUCION": "536-30-12-2025", "ORIG_FID": 203 }, "geometry": { "type": "Point", "coordinates": [ -80.761042863693689, -0.99535517098023 ] } },
{ "type": "Feature", "properties": { "id": 104298, "lote_id": 108977, "clavecatas": "5-04-15-13-000", "zona": "5", "sector": "04", "manzana": "15", "lote": "13", "ph": "000", "propietari": "GOBIERNO AUTONOMO DESCENTRALIZADO  MUNICIPAL MANTA .", "documentop": "1360000980001", "direccion": "SECTOR SAN JUAN DE MANTA - BARRIO SAN JUAN / MZ 15 LOTE 13", "area_m2": 288.73, "frente_uti": 9.93, "frente_tot": 9.93, "avaluo_con": 575.88, "avaluo_sue": 4330.95, "zonaurbano": "URBANA", "parroquia": "MANTA", "esta_bloqu": "NO", "es_tercera": "NO", "tiene_elec": "SI", "tiene_agua": "NO", "tiene_alca": "NO", "observacio": "SE CREA LA CLAVE CATASTRAL 5041513000 A FAVOR DE ALONZO VELEZ ANA MERCEDES CON FINES DE LEGALIZACIÓN, PREDIO UBICADO EN EL BARRIO SAN JUAN DEL SECTOR SAN JUAN DE MANTA, PREVIO INFORME DEL ARQ. CRISTHIAN GERARDO PICO SAN LUCAS.", "observac_1": null, "barrio": "SAN JUAN", "parroquia_": 2, "barrio_id": 912, "proceso": 0, "fecha_regi": null, "activo_cat": "SI", "desactivad": 0, "avaluo_rem": 0.0, "avaluo_r_1": 0.0, "clasificac": "POR LEGALIZAR", "anio_deuda": 0, "deuda": 0.0, "valor_ip": 0.0, "coactiva": null, "ficharegis": 0, "etam": 0.1177020536, "diferencia": -0.0038893532, "porc_difer": -1.34706e-05, "admisible": 1, "deuda_anio": 0.0, "2024__csv_": "5-04-15-13-000", "2024__csv1": "536-30-12-2025", "Clavepre": "5-04-15-13-000", "RESOLUCION": "536-30-12-2025", "ORIG_FID": 204 }, "geometry": { "type": "Point", "coordinates": [ -80.761176291162556, -0.995334371789472 ] } },
{ "type": "Feature", "properties": { "id": 104299, "lote_id": 108964, "clavecatas": "5-04-16-01-000", "zona": "5", "sector": "04", "manzana": "16", "lote": "01", "ph": "000", "propietari": "GOBIERNO AUTONOMO DESCENTRALIZADO  MUNICIPAL MANTA .", "documentop": "1360000980001", "direccion": "SECTOR SAN JUAN DE MANTA - BARRIO SAN JUAN / MZ16 LOTE 01", "area_m2": 226.25, "frente_uti": 14.6, "frente_tot": 35.79, "avaluo_con": 176.56, "avaluo_sue": 2474.04, "zonaurbano": "URBANA", "parroquia": "MANTA", "esta_bloqu": "NO", "es_tercera": "NO", "tiene_elec": "SI", "tiene_agua": "NO", "tiene_alca": "NO", "observacio": "SE CREA LA CLAVE CATASTRAL 5041601000 A FAVOR DE CATAGUA LUCAS LUIS ANTONIO CON FINES DE LEGALIZACIÓN, PREDIO UBICADO EN EL BARRIO SAN JUAN DEL SECTOR SAN JUAN DE MANTA, PREVIO INFORME DEL ARQ. CRISTHIAN GERARDO PICO SAN LUCAS.", "observac_1": null, "barrio": "SAN JUAN", "parroquia_": 2, "barrio_id": 912, "proceso": 0, "fecha_regi": null, "activo_cat": "SI", "desactivad": 0, "avaluo_rem": 0.0, "avaluo_r_1": 0.0, "clasificac": "POR LEGALIZAR", "anio_deuda": 0, "deuda": 0.0, "valor_ip": 0.0, "coactiva": null, "ficharegis": 0, "etam": 0.1329644991, "diferencia": -0.0024841171, "porc_difer": -1.09795e-05, "admisible": 1, "deuda_anio": 0.0, "2024__csv_": "5-04-16-01-000", "2024__csv1": "536-30-12-2025", "Clavepre": "5-04-16-01-000", "RESOLUCION": "536-30-12-2025", "ORIG_FID": 205 }, "geometry": { "type": "Point", "coordinates": [ -80.762873581619814, -0.99618865022302 ] } },
{ "type": "Feature", "properties": { "id": 104300, "lote_id": 109135, "clavecatas": "5-04-16-02-000", "zona": "5", "sector": "04", "manzana": "16", "lote": "02", "ph": "000", "propietari": "GOBIERNO AUTONOMO DESCENTRALIZADO  MUNICIPAL MANTA .", "documentop": "1360000980001", "direccion": "SECTOR SAN JUAN DE MANTA - BARRIO SAN JUAN / MZ 16 LOTE 02", "area_m2": 260.51, "frente_uti": 14.04, "frente_tot": 14.04, "avaluo_con": 18047.62, "avaluo_sue": 3907.65, "zonaurbano": "URBANA", "parroquia": "MANTA", "esta_bloqu": "NO", "es_tercera": "NO", "tiene_elec": "SI", "tiene_agua": "NO", "tiene_alca": "NO", "observacio": "SE CREA LA CLAVE CATASTRAL 5041602000 A FAVOR DEL GAD MANTA CON FINES DE LEGALIZACIÓN, PREDIO UBICADO EN EL BARRIO SAN JUAN DEL SECTOR SAN JUAN DE MANTA, PREVIO INFORME DEL ARQ. CRISTHIAN GERARDO PICO SAN LUCAS.", "observac_1": null, "barrio": "SAN JUAN", "parroquia_": 2, "barrio_id": 912, "proceso": 0, "fecha_regi": null, "activo_cat": "SI", "desactivad": 0, "avaluo_rem": 0.0, "avaluo_r_1": 0.0, "clasificac": "POR LEGALIZAR", "anio_deuda": 0, "deuda": 0.0, "valor_ip": 0.0, "coactiva": null, "ficharegis": 0, "etam": 0.1239132638, "diferencia": -0.00023345, "porc_difer": -8.961e-07, "admisible": 1, "deuda_anio": 0.0, "2024__csv_": "5-04-16-02-000", "2024__csv1": "535-30-12-2025", "Clavepre": "5-04-16-02-000", "RESOLUCION": "535-30-12-2025", "ORIG_FID": 206 }, "geometry": { "type": "Point", "coordinates": [ -80.762813154249798, -0.996088339472174 ] } },
{ "type": "Feature", "properties": { "id": 104301, "lote_id": 108965, "clavecatas": "5-04-16-03-000", "zona": "5", "sector": "04", "manzana": "16", "lote": "03", "ph": "000", "propietari": "GOBIERNO AUTONOMO DESCENTRALIZADO  MUNICIPAL MANTA .", "documentop": "1360000980001", "direccion": "SECTOR SAN JUAN DE MANTA - BARRIO SAN JUAN / MZ 16 LOTE 03", "area_m2": 359.7, "frente_uti": 17.12, "frente_tot": 35.66, "avaluo_con": 18500.51, "avaluo_sue": 5395.5, "zonaurbano": "URBANA", "parroquia": "MANTA", "esta_bloqu": "NO", "es_tercera": "NO", "tiene_elec": "SI", "tiene_agua": "NO", "tiene_alca": "NO", "observacio": "SE CREA LA CLAVE CATASTRAL 5041603000 A FAVOR DE LUCAS VILLAVICENCIO JOSE ARTURO CON FINES DE LEGALIZACIÓN, PREDIO UBICADO EN EL BARRIO SAN JUAN DEL SECTOR SAN JUAN DE MANTA, PREVIO INFORME DEL ARQ. CRISTHIAN GERARDO PICO SAN LUCAS.", "observac_1": null, "barrio": "SAN JUAN", "parroquia_": 2, "barrio_id": 912, "proceso": 0, "fecha_regi": null, "activo_cat": "SI", "desactivad": 0, "avaluo_rem": 0.0, "avaluo_r_1": 0.0, "clasificac": "POR LEGALIZAR", "anio_deuda": 0, "deuda": 0.0, "valor_ip": 0.0, "coactiva": null, "ficharegis": 0, "etam": 0.158179805, "diferencia": 0.0463570308, "porc_difer": 0.0001288769, "admisible": 1, "deuda_anio": 0.0, "2024__csv_": "5-04-16-03-000", "2024__csv1": "536-30-12-2025", "Clavepre": "5-04-16-03-000", "RESOLUCION": "536-30-12-2025", "ORIG_FID": 207 }, "geometry": { "type": "Point", "coordinates": [ -80.76273982483653, -0.99594970128475 ] } },
{ "type": "Feature", "properties": { "id": 104302, "lote_id": 109137, "clavecatas": "5-04-16-09-000", "zona": "5", "sector": "04", "manzana": "16", "lote": "09", "ph": "000", "propietari": "GOBIERNO AUTONOMO DESCENTRALIZADO  MUNICIPAL MANTA .", "documentop": "1360000980001", "direccion": "SECTOR SAN JUAN DE MANTA - BARRIO SAN JUAN / MZ 16 LOTE 09", "area_m2": 366.6, "frente_uti": 11.27, "frente_tot": 11.27, "avaluo_con": 16466.88, "avaluo_sue": 5499.0, "zonaurbano": "URBANA", "parroquia": "MANTA", "esta_bloqu": "NO", "es_tercera": "NO", "tiene_elec": "SI", "tiene_agua": "NO", "tiene_alca": "NO", "observacio": "SE CREA LA CLAVE CATASTRAL 5041609000 A FAVOR DEL GAD MANTA CON FINES DE LEGALIZACIÓN, PREDIO UBICADO EN EL BARRIO SAN JUAN DEL SECTOR SAN JUAN DE MANTA, PREVIO INFORME DEL ARQ. CRISTHIAN GERARDO PICO SAN LUCAS.", "observac_1": null, "barrio": "SAN JUAN", "parroquia_": 2, "barrio_id": 912, "proceso": 0, "fecha_regi": null, "activo_cat": "SI", "desactivad": 0, "avaluo_rem": 0.0, "avaluo_r_1": 0.0, "clasificac": "POR LEGALIZAR", "anio_deuda": 0, "deuda": 0.0, "valor_ip": 0.0, "coactiva": null, "ficharegis": 0, "etam": 0.156684135, "diferencia": 0.0022515495, "porc_difer": 6.1417e-06, "admisible": 1, "deuda_anio": 0.0, "2024__csv_": "5-04-16-09-000", "2024__csv1": "535-30-12-2025", "Clavepre": "5-04-16-09-000", "RESOLUCION": "535-30-12-2025", "ORIG_FID": 208 }, "geometry": { "type": "Point", "coordinates": [ -80.761770483147103, -0.996086021836492 ] } },
{ "type": "Feature", "properties": { "id": 104303, "lote_id": 108968, "clavecatas": "5-04-16-10-000", "zona": "5", "sector": "04", "manzana": "16", "lote": "10", "ph": "000", "propietari": "GOBIERNO AUTONOMO DESCENTRALIZADO  MUNICIPAL MANTA .", "documentop": "1360000980001", "direccion": "SECTOR SAN JUAN DE MANTA - BARRIO SAN JUAN / MZ 16 LOTE 10", "area_m2": 691.6, "frente_uti": 19.21, "frente_tot": 19.21, "avaluo_con": 776.88, "avaluo_sue": 8402.94, "zonaurbano": "URBANA", "parroquia": "MANTA", "esta_bloqu": "NO", "es_tercera": "NO", "tiene_elec": "SI", "tiene_agua": "NO", "tiene_alca": "NO", "observacio": "SE CREA LA CLAVE CATASTRAL 5041610000 A FAVOR DE ALONZO VELEZ ARNULFO MILTON CON FINES DE LEGALIZACIÓN, PREDIO UBICADO EN EL BARRIO SAN JUAN DEL SECTOR SAN JUAN DE MANTA, PREVIO INFORME DEL ARQ. CRISTHIAN GERARDO PICO SAN LUCAS.", "observac_1": null, "barrio": "SAN JUAN", "parroquia_": 1, "barrio_id": 912, "proceso": 0, "fecha_regi": null, "activo_cat": "SI", "desactivad": 0, "avaluo_rem": 0.0, "avaluo_r_1": 0.0, "clasificac": "POR LEGALIZAR", "anio_deuda": 0, "deuda": 0.0, "valor_ip": 0.0, "coactiva": null, "ficharegis": 0, "etam": 0.1521011505, "diferencia": 0.4108619356, "porc_difer": 0.0005940745, "admisible": 1, "deuda_anio": 0.0, "2024__csv_": "5-04-16-10-000", "2024__csv1": "536-30-12-2025", "Clavepre": "5-04-16-10-000", "RESOLUCION": "536-30-12-2025", "ORIG_FID": 209 }, "geometry": { "type": "Point", "coordinates": [ -80.761629773264758, -0.996099866267331 ] } },
{ "type": "Feature", "properties": { "id": 104304, "lote_id": 108969, "clavecatas": "5-04-16-12-000", "zona": "5", "sector": "04", "manzana": "16", "lote": "12", "ph": "000", "propietari": "GOBIERNO AUTONOMO DESCENTRALIZADO  MUNICIPAL MANTA .", "documentop": "1360000980001", "direccion": "SECTOR SAN JUAN DE MANTA - BARRIO SAN JUAN / MZ 16 LOTE 12", "area_m2": 147.55, "frente_uti": 10.64, "frente_tot": 10.64, "avaluo_con": 4403.42, "avaluo_sue": 1792.73, "zonaurbano": "URBANA", "parroquia": "MANTA", "esta_bloqu": "NO", "es_tercera": "NO", "tiene_elec": "SI", "tiene_agua": "NO", "tiene_alca": "NO", "observacio": "SE CREA LA CLAVE CATASTRAL 5041612000 A FAVOR DE PONCE BRAVO YSABEL CRISTINA CON FINES DE LEGALIZACIÓN, PREDIO UBICADO EN EL BARRIO SAN JUAN DEL SECTOR SAN JUAN DE MANTA, PREVIO INFORME DEL ARQ. CRISTHIAN GERARDO PICO SAN LUCAS.", "observac_1": null, "barrio": "SAN JUAN", "parroquia_": 2, "barrio_id": 912, "proceso": 0, "fecha_regi": null, "activo_cat": "SI", "desactivad": 0, "avaluo_rem": 0.0, "avaluo_r_1": 0.0, "clasificac": "POR LEGALIZAR", "anio_deuda": 0, "deuda": 0.0, "valor_ip": 0.0, "coactiva": null, "ficharegis": 0, "etam": 0.0823247448, "diferencia": 0.1369403192, "porc_difer": 0.0009280943, "admisible": 1, "deuda_anio": 0.0, "2024__csv_": "5-04-16-12-000", "2024__csv1": "536-30-12-2025", "Clavepre": "5-04-16-12-000", "RESOLUCION": "536-30-12-2025", "ORIG_FID": 210 }, "geometry": { "type": "Point", "coordinates": [ -80.76135042833539, -0.996000846887865 ] } },
{ "type": "Feature", "properties": { "id": 104305, "lote_id": 108970, "clavecatas": "5-04-16-16-000", "zona": "5", "sector": "04", "manzana": "16", "lote": "16", "ph": "000", "propietari": "GOBIERNO AUTONOMO DESCENTRALIZADO  MUNICIPAL MANTA .", "documentop": "1360000980001", "direccion": "SECTOR SAN JUAN DE MANTA - BARRIO SAN JUAN / MZ 16 LOTE 16", "area_m2": 480.48, "frente_uti": 27.83, "frente_tot": 27.83, "avaluo_con": 12129.06, "avaluo_sue": 7207.2, "zonaurbano": "URBANA", "parroquia": "MANTA", "esta_bloqu": "NO", "es_tercera": "NO", "tiene_elec": "SI", "tiene_agua": "NO", "tiene_alca": "NO", "observacio": "SE CREA LA CLAVE CATASTRAL 5041616000 A FAVOR DEL GAD MANTA CON FINES DE LEGALIZACIÓN, PREDIO UBICADO EN EL BARRIO SAN JUAN DEL SECTOR SAN JUAN DE MANTA, PREVIO INFORME DEL ARQ. CRISTHIAN GERARDO PICO SAN LUCAS.", "observac_1": null, "barrio": "SAN JUAN", "parroquia_": 2, "barrio_id": 912, "proceso": 0, "fecha_regi": null, "activo_cat": "SI", "desactivad": 0, "avaluo_rem": 0.0, "avaluo_r_1": 0.0, "clasificac": "POR LEGALIZAR", "anio_deuda": 0, "deuda": 0.0, "valor_ip": 0.0, "coactiva": null, "ficharegis": 0, "etam": 0.1368622254, "diferencia": -0.0046727698, "porc_difer": -9.7252e-06, "admisible": 1, "deuda_anio": 0.0, "2024__csv_": "5-04-16-16-000", "2024__csv1": "535-30-12-2025", "Clavepre": "5-04-16-16-000", "RESOLUCION": "535-30-12-2025", "ORIG_FID": 211 }, "geometry": { "type": "Point", "coordinates": [ -80.760869753869741, -0.99609277641326 ] } },
{ "type": "Feature", "properties": { "id": 104306, "lote_id": 108971, "clavecatas": "5-04-16-19-000", "zona": "5", "sector": "04", "manzana": "16", "lote": "19", "ph": "000", "propietari": "GOBIERNO AUTONOMO DESCENTRALIZADO  MUNICIPAL MANTA .", "documentop": "1360000980001", "direccion": "SECTOR SAN JUAN DE MANTA - BARRIO SAN JUAN / MZ 16 LOTE 19", "area_m2": 181.84, "frente_uti": 12.2, "frente_tot": 26.77, "avaluo_con": 11847.76, "avaluo_sue": 2209.36, "zonaurbano": "URBANA", "parroquia": "MANTA", "esta_bloqu": "NO", "es_tercera": "NO", "tiene_elec": "SI", "tiene_agua": "NO", "tiene_alca": "NO", "observacio": "SE CREA LA CLAVE CATASTRAL 5041619000 A FAVOR DE PARRALES MERA ALEIDA JAHAIRA CON FINES DE LEGALIZACIÓN, PREDIO UBICADO EN EL BARRIO SAN JUAN DEL SECTOR SAN JUAN DE MANTA, PREVIO INFORME DEL ARQ. CRISTHIAN GERARDO PICO SAN LUCAS.", "observac_1": null, "barrio": "SAN JUAN", "parroquia_": 2, "barrio_id": 912, "proceso": 0, "fecha_regi": null, "activo_cat": "SI", "desactivad": 0, "avaluo_rem": 0.0, "avaluo_r_1": 0.0, "clasificac": "POR LEGALIZAR", "anio_deuda": 0, "deuda": 0.0, "valor_ip": 0.0, "coactiva": null, "ficharegis": 0, "etam": 0.0741575356, "diferencia": -1.68921e-05, "porc_difer": -9.29e-08, "admisible": 1, "deuda_anio": 0.0, "2024__csv_": "5-04-16-19-000", "2024__csv1": "536-30-12-2025", "Clavepre": "5-04-16-19-000", "RESOLUCION": "536-30-12-2025", "ORIG_FID": 212 }, "geometry": { "type": "Point", "coordinates": [ -80.761353923323384, -0.996388782692884 ] } },
{ "type": "Feature", "properties": { "id": 104307, "lote_id": 108967, "clavecatas": "5-04-16-31-000", "zona": "5", "sector": "04", "manzana": "16", "lote": "31", "ph": "000", "propietari": "GOBIERNO AUTONOMO DESCENTRALIZADO  MUNICIPAL MANTA .", "documentop": "1360000980001", "direccion": "SECTOR SAN JUAN DE MANTA - BARRIO SAN JUAN / MZ 16 LOTE 31", "area_m2": 135.94, "frente_uti": 13.62, "frente_tot": 13.62, "avaluo_con": 200.11, "avaluo_sue": 2039.1, "zonaurbano": "URBANA", "parroquia": "MANTA", "esta_bloqu": "NO", "es_tercera": "NO", "tiene_elec": "SI", "tiene_agua": "NO", "tiene_alca": "NO", "observacio": "SE CREA LA CLAVE CATASTRAL 5041631000 A FAVOR DEL GAD MANTA CON FINES DE LEGALIZACIÓN, PREDIO UBICADO EN EL BARRIO SAN JUAN DEL SECTOR SAN JUAN DE MANTA, PREVIO INFORME DEL ARQ. CRISTHIAN GERARDO PICO SAN LUCAS.", "observac_1": null, "barrio": "SAN JUAN", "parroquia_": 2, "barrio_id": 912, "proceso": 0, "fecha_regi": null, "activo_cat": "SI", "desactivad": 0, "avaluo_rem": 0.0, "avaluo_r_1": 0.0, "clasificac": "POR LEGALIZAR", "anio_deuda": 0, "deuda": 0.0, "valor_ip": 0.0, "coactiva": null, "ficharegis": 0, "etam": 0.0857682141, "diferencia": -0.0014365843, "porc_difer": -1.05678e-05, "admisible": 1, "deuda_anio": 0.0, "2024__csv_": "5-04-16-31-000", "2024__csv1": "535-30-12-2025", "Clavepre": "5-04-16-31-000", "RESOLUCION": "535-30-12-2025", "ORIG_FID": 213 }, "geometry": { "type": "Point", "coordinates": [ -80.762596814373481, -0.996231497691455 ] } },
{ "type": "Feature", "properties": { "id": 104308, "lote_id": 108966, "clavecatas": "5-04-16-32-000", "zona": "5", "sector": "04", "manzana": "16", "lote": "32", "ph": "000", "propietari": "GOBIERNO AUTONOMO DESCENTRALIZADO  MUNICIPAL MANTA .", "documentop": "1360000980001", "direccion": "SECTOR SAN JUAN DE MANTA - BARRIO SAN JUAN / MZ 16 LOTE 32", "area_m2": 257.49, "frente_uti": 14.61, "frente_tot": 14.61, "avaluo_con": 200.11, "avaluo_sue": 3862.35, "zonaurbano": "URBANA", "parroquia": "MANTA", "esta_bloqu": "NO", "es_tercera": "NO", "tiene_elec": "SI", "tiene_agua": "NO", "tiene_alca": "NO", "observacio": "SE CREA LA CLAVE CATASTRAL 5041632000 A FAVOR DEL GAD MANTA CON FINES DE LEGALIZACIÓN, PREDIO UBICADO EN EL BARRIO SAN JUAN DEL SECTOR SAN JUAN DE MANTA, PREVIO INFORME DEL ARQ. CRISTHIAN GERARDO PICO SAN LUCAS.", "observac_1": null, "barrio": "SAN JUAN", "parroquia_": 2, "barrio_id": 912, "proceso": 0, "fecha_regi": null, "activo_cat": "SI", "desactivad": 0, "avaluo_rem": 0.0, "avaluo_r_1": 0.0, "clasificac": "POR LEGALIZAR", "anio_deuda": 0, "deuda": 0.0, "valor_ip": 0.0, "coactiva": null, "ficharegis": 0, "etam": 0.1246378107, "diferencia": -0.000318483, "porc_difer": -1.2369e-06, "admisible": 1, "deuda_anio": 0.0, "2024__csv_": "5-04-16-32-000", "2024__csv1": "535-30-12-2025", "Clavepre": "5-04-16-32-000", "RESOLUCION": "535-30-12-2025", "ORIG_FID": 214 }, "geometry": { "type": "Point", "coordinates": [ -80.762701601872635, -0.996176199076927 ] } },
{ "type": "Feature", "properties": { "id": 104309, "lote_id": 108762, "clavecatas": "5-04-21-01-000", "zona": "5", "sector": "04", "manzana": "21", "lote": "01", "ph": "000", "propietari": "GOBIERNO AUTONOMO DESCENTRALIZADO  MUNICIPAL MANTA .", "documentop": "1360000980001", "direccion": "SECTOR SAN JUAN DE MANTA - BARRIO SAN JUAN / MZ 21 LOTE 01", "area_m2": 243.97, "frente_uti": 8.83, "frente_tot": 37.25, "avaluo_con": 21573.6, "avaluo_sue": 2667.81, "zonaurbano": "URBANA", "parroquia": "MANTA", "esta_bloqu": "NO", "es_tercera": "NO", "tiene_elec": "SI", "tiene_agua": "NO", "tiene_alca": "NO", "observacio": "SE CREA LA CLAVE CATASTRAL 5042101000 A FAVOR DEL GAD MANTA / LUCAS ALONZO ESTEBAN BOLIVAR CON FINES DE LEGALIZACIÓN, PREDIO UBICADO EN EL BARRIO SAN JUAN DEL SECTOR SAN JUAN DE MANTA, PREVIO INFORME DEL ARQ. CRISTHIAN GERARDO PICO SAN LUCAS.", "observac_1": null, "barrio": "SAN JUAN", "parroquia_": 2, "barrio_id": 912, "proceso": 0, "fecha_regi": null, "activo_cat": "SI", "desactivad": 0, "avaluo_rem": 0.0, "avaluo_r_1": 0.0, "clasificac": "POR LEGALIZAR", "anio_deuda": 0, "deuda": 0.0, "valor_ip": 0.0, "coactiva": null, "ficharegis": 0, "etam": 0.1280447518, "diferencia": -0.0010395922, "porc_difer": -4.2611e-06, "admisible": 1, "deuda_anio": 0.0, "2024__csv_": "5-04-21-01-000", "2024__csv1": "536-30-12-2025", "Clavepre": "5-04-21-01-000", "RESOLUCION": "536-30-12-2025", "ORIG_FID": 215 }, "geometry": { "type": "Point", "coordinates": [ -80.759518512448651, -0.997354638339872 ] } },
{ "type": "Feature", "properties": { "id": 104310, "lote_id": 108772, "clavecatas": "5-04-21-02-000", "zona": "5", "sector": "04", "manzana": "21", "lote": "02", "ph": "000", "propietari": "GOBIERNO AUTONOMO DESCENTRALIZADO  MUNICIPAL MANTA .", "documentop": "1360000980001", "direccion": "SECTOR SAN JUAN DE MANTA - BARRIO SAN JUAN / MZ 21 LOTE 02", "area_m2": 249.75, "frente_uti": 26.7, "frente_tot": 26.7, "avaluo_con": 14000.0, "avaluo_sue": 2882.74, "zonaurbano": "URBANA", "parroquia": "MANTA", "esta_bloqu": "NO", "es_tercera": "NO", "tiene_elec": "SI", "tiene_agua": "NO", "tiene_alca": "NO", "observacio": "SE CREA LA CLAVE CATASTRAL 5042102000 A FAVOR DEL GAD MANTA / LUCAS MERO MIRYAN PIEDAD CON FINES DE LEGALIZACIÓN, PREDIO UBICADO EN EL BARRIO SAN JUAN DEL SECTOR SAN JUAN DE MANTA, PREVIO INFORME DEL ARQ. CRISTHIAN GERARDO PICO SAN LUCAS.", "observac_1": null, "barrio": "SAN JUAN", "parroquia_": 2, "barrio_id": 912, "proceso": 0, "fecha_regi": null, "activo_cat": "SI", "desactivad": 0, "avaluo_rem": 0.0, "avaluo_r_1": 0.0, "clasificac": "POR LEGALIZAR", "anio_deuda": 0, "deuda": 0.0, "valor_ip": 0.0, "coactiva": null, "ficharegis": 0, "etam": 0.1265543994, "diferencia": 0.0015223508, "porc_difer": 6.0955e-06, "admisible": 1, "deuda_anio": 0.0, "2024__csv_": "5-04-21-02-000", "2024__csv1": "536-30-12-2025", "Clavepre": "5-04-21-02-000", "RESOLUCION": "536-30-12-2025", "ORIG_FID": 216 }, "geometry": { "type": "Point", "coordinates": [ -80.759280488422107, -0.997442619493646 ] } },
{ "type": "Feature", "properties": { "id": 104311, "lote_id": 108758, "clavecatas": "5-04-21-09-000", "zona": "5", "sector": "04", "manzana": "21", "lote": "09", "ph": "000", "propietari": "GOBIERNO AUTONOMO DESCENTRALIZADO  MUNICIPAL MANTA .", "documentop": "1360000980001", "direccion": "SECTOR SAN JUAN DE MANTA - BARRIO SAN JUAN / MZ 21 LOTE 09", "area_m2": 480.25, "frente_uti": 12.44, "frente_tot": 12.44, "avaluo_con": 21691.2, "avaluo_sue": 5266.12, "zonaurbano": "URBANA", "parroquia": "MANTA", "esta_bloqu": "NO", "es_tercera": "NO", "tiene_elec": "SI", "tiene_agua": "NO", "tiene_alca": "NO", "observacio": "SE CREA LA CLAVE CATASTRAL 5042109000 A FAVOR DEL GAD MANTA CON FINES DE LEGALIZACIÓN, PREDIO UBICADO EN EL BARRIO SAN JUAN DEL SECTOR SAN JUAN DE MANTA, PREVIO INFORME DEL ARQ. CRISTHIAN GERARDO PICO SAN LUCAS.", "observac_1": null, "barrio": "SAN JUAN", "parroquia_": 2, "barrio_id": 912, "proceso": 0, "fecha_regi": null, "activo_cat": "SI", "desactivad": 0, "avaluo_rem": 0.0, "avaluo_r_1": 0.0, "clasificac": "POR LEGALIZAR", "anio_deuda": 0, "deuda": 0.0, "valor_ip": 0.0, "coactiva": null, "ficharegis": 0, "etam": 0.1368949943, "diferencia": -0.0013235108, "porc_difer": -2.7559e-06, "admisible": 1, "deuda_anio": 0.0, "2024__csv_": "5-04-21-09-000", "2024__csv1": "536-30-12-2025", "Clavepre": "5-04-21-09-000", "RESOLUCION": "536-30-12-2025", "ORIG_FID": 217 }, "geometry": { "type": "Point", "coordinates": [ -80.759351476435498, -0.997212423713351 ] } },
{ "type": "Feature", "properties": { "id": 104312, "lote_id": 108785, "clavecatas": "5-04-24-03-000", "zona": "5", "sector": "04", "manzana": "24", "lote": "03", "ph": "000", "propietari": "GOBIERNO AUTONOMO DESCENTRALIZADO  MUNICIPAL MANTA .", "documentop": "1360000980001", "direccion": "SECTOR SAN JUAN DE MANTA - BARRIO SAN JUAN / MZ 24 LOTE 03", "area_m2": 443.88, "frente_uti": 20.5, "frente_tot": 62.65, "avaluo_con": 0.0, "avaluo_sue": 0.0, "zonaurbano": "URBANA", "parroquia": "MANTA", "esta_bloqu": "NO", "es_tercera": "NO", "tiene_elec": "SI", "tiene_agua": "NO", "tiene_alca": "NO", "observacio": "SE CREA LA CLAVE CATASTRAL 5042403000 A FAVOR DEL GAD MANTA CON FINES DE LEGALIZACIÓN, PREDIO UBICADO EN EL BARRIO SAN JUAN DEL SECTOR SAN JUAN DE MANTA, PREVIO INFORME DEL ARQ. CRISTHIAN GERARDO PICO SAN LUCAS.", "observac_1": null, "barrio": "SAN JUAN", "parroquia_": 2, "barrio_id": 912, "proceso": 0, "fecha_regi": null, "activo_cat": "SI", "desactivad": 0, "avaluo_rem": 0.0, "avaluo_r_1": 0.0, "clasificac": "POR LEGALIZAR", "anio_deuda": 0, "deuda": 0.0, "valor_ip": 0.0, "coactiva": null, "ficharegis": 0, "etam": 0.142392943, "diferencia": -0.0019946745, "porc_difer": -4.4937e-06, "admisible": 1, "deuda_anio": 0.0, "2024__csv_": "5-04-24-03-000", "2024__csv1": "535-30-12-2025", "Clavepre": "5-04-24-03-000", "RESOLUCION": "535-30-12-2025", "ORIG_FID": 218 }, "geometry": { "type": "Point", "coordinates": [ -80.759211041990767, -0.997678215089092 ] } },
{ "type": "Feature", "properties": { "id": 104313, "lote_id": 108908, "clavecatas": "5-04-24-04-000", "zona": "5", "sector": "04", "manzana": "24", "lote": "04", "ph": "000", "propietari": "GOBIERNO AUTONOMO DESCENTRALIZADO  MUNICIPAL MANTA .", "documentop": "1360000980001", "direccion": "SECTOR SAN JUAN DE MANTA - BARRIO SAN JUAN / MZ 24 LOTE 04", "area_m2": 287.93, "frente_uti": 10.9, "frente_tot": 10.9, "avaluo_con": 0.0, "avaluo_sue": 0.0, "zonaurbano": "URBANA", "parroquia": "MANTA", "esta_bloqu": "NO", "es_tercera": "NO", "tiene_elec": "SI", "tiene_agua": "NO", "tiene_alca": "NO", "observacio": "SE CREA LA CLAVE CATASTRAL 5042404000 A FAVOR DEL GAD MANTA CON FINES DE LEGALIZACIÓN, PREDIO UBICADO EN EL BARRIO SAN JUAN DEL SECTOR SAN JUAN DE MANTA, PREVIO INFORME DEL ARQ. CRISTHIAN GERARDO PICO SAN LUCAS.", "observac_1": null, "barrio": "SAN JUAN", "parroquia_": 2, "barrio_id": 912, "proceso": 0, "fecha_regi": null, "activo_cat": "SI", "desactivad": 0, "avaluo_rem": 0.0, "avaluo_r_1": 0.0, "clasificac": "POR LEGALIZAR", "anio_deuda": 0, "deuda": 0.0, "valor_ip": 0.0, "coactiva": null, "ficharegis": 0, "etam": 0.117865455, "diferencia": 0.0025841784, "porc_difer": 8.975e-06, "admisible": 1, "deuda_anio": 0.0, "2024__csv_": "5-04-24-04-000", "2024__csv1": "536-30-12-2025", "Clavepre": "5-04-24-04-000", "RESOLUCION": "536-30-12-2025", "ORIG_FID": 219 }, "geometry": { "type": "Point", "coordinates": [ -80.759170161811582, -0.997867234706255 ] } },
{ "type": "Feature", "properties": { "id": 104314, "lote_id": 108981, "clavecatas": "5-04-26-01-000", "zona": "5", "sector": "04", "manzana": "26", "lote": "01", "ph": "000", "propietari": "GOBIERNO AUTONOMO DESCENTRALIZADO  MUNICIPAL MANTA .", "documentop": "1360000980001", "direccion": "SECTOR SAN JUAN DE MANTA - BARRIO SAN JUAN / MZ 26 LOTE 01", "area_m2": 241.09, "frente_uti": 7.26, "frente_tot": 7.26, "avaluo_con": 10304.49, "avaluo_sue": 3616.35, "zonaurbano": "URBANA", "parroquia": "MANTA", "esta_bloqu": "NO", "es_tercera": "NO", "tiene_elec": "SI", "tiene_agua": "NO", "tiene_alca": "NO", "observacio": "SE CREA LA CLAVE CATASTRAL 5042601000 A FAVOR DEL GAD MANTA CON FINES DE LEGALIZACIÓN, PREDIO UBICADO EN EL BARRIO SAN JUAN DEL SECTOR SAN JUAN DE MANTA, PREVIO INFORME DEL ARQ. CRISTHIAN GERARDO PICO SAN LUCAS.", "observac_1": null, "barrio": "SAN JUAN", "parroquia_": 2, "barrio_id": 912, "proceso": 0, "fecha_regi": null, "activo_cat": "SI", "desactivad": 0, "avaluo_rem": 0.0, "avaluo_r_1": 0.0, "clasificac": "POR LEGALIZAR", "anio_deuda": 0, "deuda": 0.0, "valor_ip": 0.0, "coactiva": null, "ficharegis": 0, "etam": 0.1288072764, "diferencia": -0.00080104, "porc_difer": -3.3226e-06, "admisible": 1, "deuda_anio": 0.0, "2024__csv_": "5-04-26-01-000", "2024__csv1": "535-30-12-2025", "Clavepre": "5-04-26-01-000", "RESOLUCION": "535-30-12-2025", "ORIG_FID": 220 }, "geometry": { "type": "Point", "coordinates": [ -80.760985520566194, -0.997162155557794 ] } },
{ "type": "Feature", "properties": { "id": 104315, "lote_id": 108983, "clavecatas": "5-04-26-10-000", "zona": "5", "sector": "04", "manzana": "26", "lote": "10", "ph": "000", "propietari": "GOBIERNO AUTONOMO DESCENTRALIZADO  MUNICIPAL MANTA .", "documentop": "1360000980001", "direccion": "SECTOR SAN JUAN DE MANTA - BARRIO SAN JUAN / MZ 26 LOTE 10", "area_m2": 238.31, "frente_uti": 17.83, "frente_tot": 17.83, "avaluo_con": 11264.0, "avaluo_sue": 2895.47, "zonaurbano": "URBANA", "parroquia": "MANTA", "esta_bloqu": "NO", "es_tercera": "NO", "tiene_elec": "SI", "tiene_agua": "NO", "tiene_alca": "NO", "observacio": "SE CREA LA CLAVE CATASTRAL 5042610000 A FAVOR DEL GAD MANTA / VÉLEZ LUCAS ANA MONSERRATE CON FINES DE LEGALIZACIÓN, PREDIO UBICADO EN EL BARRIO SAN JUAN DEL SECTOR SAN JUAN DE MANTA, PREVIO INFORME DEL ARQ. CRISTHIAN GERARDO PICO SAN LUCAS.", "observac_1": null, "barrio": "SAN JUAN", "parroquia_": 2, "barrio_id": 912, "proceso": 0, "fecha_regi": null, "activo_cat": "SI", "desactivad": 0, "avaluo_rem": 0.0, "avaluo_r_1": 0.0, "clasificac": "POR LEGALIZAR", "anio_deuda": 0, "deuda": 0.0, "valor_ip": 0.0, "coactiva": null, "ficharegis": 0, "etam": 0.1295563972, "diferencia": -0.0024252919, "porc_difer": -1.0177e-05, "admisible": 1, "deuda_anio": 0.0, "2024__csv_": "5-04-26-10-000", "2024__csv1": "536-30-12-2025", "Clavepre": "5-04-26-10-000", "RESOLUCION": "536-30-12-2025", "ORIG_FID": 221 }, "geometry": { "type": "Point", "coordinates": [ -80.760856790255431, -0.997399969083931 ] } },
{ "type": "Feature", "properties": { "id": 104316, "lote_id": 109012, "clavecatas": "5-04-26-19-000", "zona": "5", "sector": "04", "manzana": "26", "lote": "19", "ph": "000", "propietari": "GOBIERNO AUTONOMO DESCENTRALIZADO  MUNICIPAL MANTA .", "documentop": "1360000980001", "direccion": "SECTOR SAN JUAN DE MANTA - BARRIO SAN JUAN / MZ 26 LOTE 19", "area_m2": 160.11, "frente_uti": 3.5, "frente_tot": 3.5, "avaluo_con": 9970.91, "avaluo_sue": 1945.34, "zonaurbano": "URBANA", "parroquia": "MANTA", "esta_bloqu": "NO", "es_tercera": "NO", "tiene_elec": "SI", "tiene_agua": "NO", "tiene_alca": "NO", "observacio": "SE CREA LA CLAVE CATASTRAL 5042619000 A FAVOR DE ALONSO LUCAS JUANA CLORINDA CON FINES DE LEGALIZACIÓN, PREDIO UBICADO EN EL BARRIO SAN JUAN DEL SECTOR SAN JUAN DE MANTA, PREVIO INFORME DEL ARQ. CRISTHIAN GERARDO PICO SAN LUCAS.", "observac_1": null, "barrio": "SAN JUAN", "parroquia_": 2, "barrio_id": 912, "proceso": 0, "fecha_regi": null, "activo_cat": "SI", "desactivad": 0, "avaluo_rem": 0.0, "avaluo_r_1": 0.0, "clasificac": "POR LEGALIZAR", "anio_deuda": 0, "deuda": 0.0, "valor_ip": 0.0, "coactiva": null, "ficharegis": 0, "etam": 0.0790297797, "diferencia": -0.0029022667, "porc_difer": -1.81267e-05, "admisible": 1, "deuda_anio": 0.0, "2024__csv_": "5-04-26-19-000", "2024__csv1": "536-30-12-2025", "Clavepre": "5-04-26-19-000", "RESOLUCION": "536-30-12-2025", "ORIG_FID": 222 }, "geometry": { "type": "Point", "coordinates": [ -80.761179614465021, -0.997720190625812 ] } },
{ "type": "Feature", "properties": { "id": 104317, "lote_id": 108985, "clavecatas": "5-04-26-20-000", "zona": "5", "sector": "04", "manzana": "26", "lote": "20", "ph": "000", "propietari": "GOBIERNO AUTONOMO DESCENTRALIZADO  MUNICIPAL MANTA .", "documentop": "1360000980001", "direccion": "SECTOR SAN JUAN DE MANTA - BARRIO SAN JUAN / MZ 26 LOTE 20", "area_m2": 531.8, "frente_uti": 19.79, "frente_tot": 43.94, "avaluo_con": 39925.12, "avaluo_sue": 7977.0, "zonaurbano": "URBANA", "parroquia": "MANTA", "esta_bloqu": "NO", "es_tercera": "NO", "tiene_elec": "SI", "tiene_agua": "NO", "tiene_alca": "NO", "observacio": "SE CREA LA CLAVE CATASTRAL 5042620000 A FAVOR DE ALONZO LUCAS NARCISA MARILU CON FINES DE LEGALIZACIÓN, PREDIO UBICADO EN EL BARRIO SAN JUAN DEL SECTOR SAN JUAN DE MANTA, PREVIO INFORME DEL ARQ. CRISTHIAN GERARDO PICO SAN LUCAS.", "observac_1": null, "barrio": "SAN JUAN", "parroquia_": 2, "barrio_id": 912, "proceso": 0, "fecha_regi": null, "activo_cat": "SI", "desactivad": 0, "avaluo_rem": 0.0, "avaluo_r_1": 0.0, "clasificac": "POR LEGALIZAR", "anio_deuda": 0, "deuda": 0.0, "valor_ip": 0.0, "coactiva": null, "ficharegis": 0, "etam": 0.1734546012, "diferencia": -0.0047832568, "porc_difer": -8.9945e-06, "admisible": 1, "deuda_anio": 0.0, "2024__csv_": "5-04-26-20-000", "2024__csv1": "536-30-12-2025", "Clavepre": "5-04-26-20-000", "RESOLUCION": "536-30-12-2025", "ORIG_FID": 223 }, "geometry": { "type": "Point", "coordinates": [ -80.761016489373048, -0.997808227422133 ] } },
{ "type": "Feature", "properties": { "id": 104318, "lote_id": 108984, "clavecatas": "5-04-26-22-000", "zona": "5", "sector": "04", "manzana": "26", "lote": "22", "ph": "000", "propietari": "GOBIERNO AUTONOMO DESCENTRALIZADO  MUNICIPAL MANTA .", "documentop": "1360000980001", "direccion": "SECTOR SAN JUAN DE MANTA - BARRIO SAN JUAN / MZ 26 LOTE 22", "area_m2": 258.86, "frente_uti": 14.0, "frente_tot": 31.13, "avaluo_con": 41900.51, "avaluo_sue": 3882.9, "zonaurbano": "URBANA", "parroquia": "MANTA", "esta_bloqu": "NO", "es_tercera": "NO", "tiene_elec": "SI", "tiene_agua": "NO", "tiene_alca": "NO", "observacio": "SE CREA LA CLAVE CATASTRAL 5042622000 A FAVOR DE VÉLEZ VÉLEZ FRANCISCO MANUEL CON FINES DE LEGALIZACIÓN, PREDIO UBICADO EN EL BARRIO SAN JUAN DEL SECTOR SAN JUAN DE MANTA, PREVIO INFORME DEL ARQ. CRISTHIAN GERARDO PICO SAN LUCAS.", "observac_1": null, "barrio": "SAN JUAN", "parroquia_": 2, "barrio_id": 912, "proceso": 0, "fecha_regi": null, "activo_cat": "SI", "desactivad": 0, "avaluo_rem": 0.0, "avaluo_r_1": 0.0, "clasificac": "POR LEGALIZAR", "anio_deuda": 0, "deuda": 0.0, "valor_ip": 0.0, "coactiva": null, "ficharegis": 0, "etam": 0.1243075544, "diferencia": 0.021126416, "porc_difer": 8.16133e-05, "admisible": 1, "deuda_anio": 0.0, "2024__csv_": "5-04-26-22-000", "2024__csv1": "536-30-12-2025", "Clavepre": "5-04-26-22-000", "RESOLUCION": "536-30-12-2025", "ORIG_FID": 224 }, "geometry": { "type": "Point", "coordinates": [ -80.760863908146121, -0.997881432876188 ] } },
{ "type": "Feature", "properties": { "id": 104319, "lote_id": 109013, "clavecatas": "5-04-26-28-000", "zona": "5", "sector": "04", "manzana": "26", "lote": "28", "ph": "000", "propietari": "GOBIERNO AUTONOMO DESCENTRALIZADO  MUNICIPAL MANTA .", "documentop": "1360000980001", "direccion": "SECTOR SAN JUAN DE MANTA - BARRIO SAN JUAN / MZ 26 LOTE 28", "area_m2": 266.66, "frente_uti": 14.0, "frente_tot": 27.5, "avaluo_con": 33187.9, "avaluo_sue": 3999.9, "zonaurbano": "URBANA", "parroquia": "MANTA", "esta_bloqu": "NO", "es_tercera": "NO", "tiene_elec": "SI", "tiene_agua": "NO", "tiene_alca": "NO", "observacio": "SE CREA LA CLAVE CATASTRAL 5042628000 A FAVOR DEL GAD MANTA CON FINES DE LEGALIZACIÓN, PREDIO UBICADO EN EL BARRIO SAN JUAN DEL SECTOR SAN JUAN DE MANTA, PREVIO INFORME DEL ARQ. CRISTHIAN GERARDO PICO SAN LUCAS.", "observac_1": null, "barrio": "SAN JUAN", "parroquia_": 2, "barrio_id": 912, "proceso": 0, "fecha_regi": null, "activo_cat": "SI", "desactivad": 0, "avaluo_rem": 0.0, "avaluo_r_1": 0.0, "clasificac": "POR LEGALIZAR", "anio_deuda": 0, "deuda": 0.0, "valor_ip": 0.0, "coactiva": null, "ficharegis": 0, "etam": 0.1224760181, "diferencia": -0.0023877015, "porc_difer": -8.9541e-06, "admisible": 1, "deuda_anio": 0.0, "2024__csv_": "5-04-26-28-000", "2024__csv1": "535-30-12-2025", "Clavepre": "5-04-26-28-000", "RESOLUCION": "535-30-12-2025", "ORIG_FID": 225 }, "geometry": { "type": "Point", "coordinates": [ -80.761370811963673, -0.99739626212746 ] } },
{ "type": "Feature", "properties": { "id": 104320, "lote_id": 108982, "clavecatas": "5-04-26-30-000", "zona": "5", "sector": "04", "manzana": "26", "lote": "30", "ph": "000", "propietari": "GOBIERNO AUTONOMO DESCENTRALIZADO  MUNICIPAL MANTA .", "documentop": "1360000980001", "direccion": "SECTOR SAN JUAN DE MANTA - BARRIO SAN JUAN / MZ 26 LOTE 30", "area_m2": 200.62, "frente_uti": 11.71, "frente_tot": 52.93, "avaluo_con": 19306.22, "avaluo_sue": 3009.3, "zonaurbano": "URBANA", "parroquia": "MANTA", "esta_bloqu": "NO", "es_tercera": "NO", "tiene_elec": "SI", "tiene_agua": "NO", "tiene_alca": "NO", "observacio": "SE CREA LA CLAVE CATASTRAL 5042630000 A FAVOR DEL GAD MANTA CON FINES DE LEGALIZACIÓN, PREDIO UBICADO EN EL BARRIO SAN JUAN DEL SECTOR SAN JUAN DE MANTA, PREVIO INFORME DEL ARQ. CRISTHIAN GERARDO PICO SAN LUCAS.", "observac_1": null, "barrio": "SAN JUAN", "parroquia_": 2, "barrio_id": 912, "proceso": 0, "fecha_regi": null, "activo_cat": "SI", "desactivad": 0, "avaluo_rem": 0.0, "avaluo_r_1": 0.0, "clasificac": "POR LEGALIZAR", "anio_deuda": 0, "deuda": 0.0, "valor_ip": 0.0, "coactiva": null, "ficharegis": 0, "etam": 0.1412026615, "diferencia": 0.0025989051, "porc_difer": 1.29544e-05, "admisible": 1, "deuda_anio": 0.0, "2024__csv_": "5-04-26-30-000", "2024__csv1": "535-30-12-2025", "Clavepre": "5-04-26-30-000", "RESOLUCION": "535-30-12-2025", "ORIG_FID": 226 }, "geometry": { "type": "Point", "coordinates": [ -80.761144574472667, -0.997160396569721 ] } },
{ "type": "Feature", "properties": { "id": 104321, "lote_id": 109016, "clavecatas": "5-04-27-06-000", "zona": "5", "sector": "04", "manzana": "27", "lote": "06", "ph": "000", "propietari": "GOBIERNO AUTONOMO DESCENTRALIZADO  MUNICIPAL MANTA .", "documentop": "1360000980001", "direccion": "SECTOR SAN JUAN DE MANTA - BARRIO SAN JUAN / MZ 27 LOTE 06", "area_m2": 91.41, "frente_uti": 9.4, "frente_tot": 19.1, "avaluo_con": 14959.54, "avaluo_sue": 1371.15, "zonaurbano": "URBANA", "parroquia": "MANTA", "esta_bloqu": "NO", "es_tercera": "NO", "tiene_elec": "SI", "tiene_agua": "NO", "tiene_alca": "NO", "observacio": "SE CREA LA CLAVE CATASTRAL 5042706000 A FAVOR DEL GAD MANTA CON FINES DE LEGALIZACIÓN, PREDIO UBICADO EN EL BARRIO SAN JUAN DEL SECTOR SAN JUAN DE MANTA, PREVIO INFORME DEL ARQ. CRISTHIAN GERARDO PICO SAN LUCAS.", "observac_1": null, "barrio": "SAN JUAN", "parroquia_": 2, "barrio_id": 912, "proceso": 0, "fecha_regi": null, "activo_cat": "SI", "desactivad": 0, "avaluo_rem": 0.0, "avaluo_r_1": 0.0, "clasificac": "POR LEGALIZAR", "anio_deuda": 0, "deuda": 0.0, "valor_ip": 0.0, "coactiva": null, "ficharegis": 0, "etam": 0.1, "diferencia": -0.0024398738, "porc_difer": -2.66915e-05, "admisible": 1, "deuda_anio": 0.0, "2024__csv_": "5-04-27-06-000", "2024__csv1": "535-30-12-2025", "Clavepre": "5-04-27-06-000", "RESOLUCION": "535-30-12-2025", "ORIG_FID": 227 }, "geometry": { "type": "Point", "coordinates": [ -80.760986735906584, -0.99833883571662 ] } },
{ "type": "Feature", "properties": { "id": 104322, "lote_id": 109139, "clavecatas": "5-04-27-07-000", "zona": "5", "sector": "04", "manzana": "27", "lote": "07", "ph": "000", "propietari": "GOBIERNO AUTONOMO DESCENTRALIZADO  MUNICIPAL MANTA .", "documentop": "1360000980001", "direccion": "SECTOR SAN JUAN DE MANTA - BARRIO SAN JUAN / MZ 27 LOTE 07", "area_m2": 129.21, "frente_uti": 13.2, "frente_tot": 13.2, "avaluo_con": 11712.85, "avaluo_sue": 1938.15, "zonaurbano": "URBANA", "parroquia": "MANTA", "esta_bloqu": "NO", "es_tercera": "NO", "tiene_elec": "SI", "tiene_agua": "NO", "tiene_alca": "NO", "observacio": "SE CREA LA CLAVE CATASTRAL 5042707000 A FAVOR DEL GAD MANTA CON FINES DE LEGALIZACIÓN, PREDIO UBICADO EN EL BARRIO SAN JUAN DEL SECTOR SAN JUAN DE MANTA, PREVIO INFORME DEL ARQ. CRISTHIAN GERARDO PICO SAN LUCAS.", "observac_1": null, "barrio": "SAN JUAN", "parroquia_": 2, "barrio_id": 912, "proceso": 0, "fecha_regi": null, "activo_cat": "SI", "desactivad": 0, "avaluo_rem": 0.0, "avaluo_r_1": 0.0, "clasificac": "POR LEGALIZAR", "anio_deuda": 0, "deuda": 0.0, "valor_ip": 0.0, "coactiva": null, "ficharegis": 0, "etam": 0.0879735134, "diferencia": -0.0369482452, "porc_difer": -0.000285955, "admisible": 1, "deuda_anio": 0.0, "2024__csv_": "5-04-27-07-000", "2024__csv1": "535-30-12-2025", "Clavepre": "5-04-27-07-000", "RESOLUCION": "535-30-12-2025", "ORIG_FID": 228 }, "geometry": { "type": "Point", "coordinates": [ -80.76108277489547, -0.998305425166972 ] } },
{ "type": "Feature", "properties": { "id": 104323, "lote_id": 109138, "clavecatas": "5-04-27-08-000", "zona": "5", "sector": "04", "manzana": "27", "lote": "08", "ph": "000", "propietari": "GOBIERNO AUTONOMO DESCENTRALIZADO  MUNICIPAL MANTA .", "documentop": "1360000980001", "direccion": "SECTOR SAN JUAN DE MANTA - BARRIO SAN JUAN / MZ 27 LOTE 08", "area_m2": 126.2, "frente_uti": 12.8, "frente_tot": 12.8, "avaluo_con": 536.97, "avaluo_sue": 0.0, "zonaurbano": "URBANA", "parroquia": "MANTA", "esta_bloqu": "NO", "es_tercera": "NO", "tiene_elec": "SI", "tiene_agua": "NO", "tiene_alca": "NO", "observacio": "SE CREA LA CLAVE CATASTRAL 5042708000 A FAVOR DEL GAD MANTA CON FINES DE LEGALIZACIÓN, PREDIO UBICADO EN EL BARRIO SAN JUAN DEL SECTOR SAN JUAN DE MANTA, PREVIO INFORME DEL ARQ. CRISTHIAN GERARDO PICO SAN LUCAS.", "observac_1": null, "barrio": "SAN JUAN", "parroquia_": 2, "barrio_id": 912, "proceso": 0, "fecha_regi": null, "activo_cat": "SI", "desactivad": 0, "avaluo_rem": 0.0, "avaluo_r_1": 0.0, "clasificac": "POR LEGALIZAR", "anio_deuda": 0, "deuda": 0.0, "valor_ip": 0.0, "coactiva": null, "ficharegis": 0, "etam": 0.0890164607, "diferencia": -0.0039815694, "porc_difer": -3.15497e-05, "admisible": 1, "deuda_anio": 0.0, "2024__csv_": "5-04-27-08-000", "2024__csv1": "535-30-12-2025", "Clavepre": "5-04-27-08-000", "RESOLUCION": "535-30-12-2025", "ORIG_FID": 229 }, "geometry": { "type": "Point", "coordinates": [ -80.761193099832056, -0.998267023640914 ] } },
{ "type": "Feature", "properties": { "id": 104324, "lote_id": 109015, "clavecatas": "5-04-27-09-000", "zona": "5", "sector": "04", "manzana": "27", "lote": "09", "ph": "000", "propietari": "GOBIERNO AUTONOMO DESCENTRALIZADO  MUNICIPAL MANTA .", "documentop": "1360000980001", "direccion": "SECTOR SAN JUAN DE MANTA - BARRIO SAN JUAN / MZ 27 LOTE 09", "area_m2": 317.04, "frente_uti": 20.7, "frente_tot": 28.4, "avaluo_con": 11611.03, "avaluo_sue": 4755.6, "zonaurbano": "URBANA", "parroquia": "MANTA", "esta_bloqu": "NO", "es_tercera": "NO", "tiene_elec": "SI", "tiene_agua": "NO", "tiene_alca": "NO", "observacio": "SE CREA LA CLAVE CATASTRAL 5042709000 A FAVOR DEL GAD MANTA CON FINES DE LEGALIZACIÓN, PREDIO UBICADO EN EL BARRIO SAN JUAN DEL SECTOR SAN JUAN DE MANTA, PREVIO INFORME DEL ARQ. CRISTHIAN GERARDO PICO SAN LUCAS.", "observac_1": null, "barrio": "SAN JUAN", "parroquia_": 2, "barrio_id": 912, "proceso": 0, "fecha_regi": null, "activo_cat": "SI", "desactivad": 0, "avaluo_rem": 0.0, "avaluo_r_1": 0.0, "clasificac": "POR LEGALIZAR", "anio_deuda": 0, "deuda": 0.0, "valor_ip": 0.0, "coactiva": null, "ficharegis": 0, "etam": 0.1684861572, "diferencia": 0.225682875, "porc_difer": 0.0007118435, "admisible": 1, "deuda_anio": 0.0, "2024__csv_": "5-04-27-09-000", "2024__csv1": "535-30-12-2025", "Clavepre": "5-04-27-09-000", "RESOLUCION": "535-30-12-2025", "ORIG_FID": 230 }, "geometry": { "type": "Point", "coordinates": [ -80.761362084213872, -0.99822131278263 ] } },
{ "type": "Feature", "properties": { "id": 104325, "lote_id": 109014, "clavecatas": "5-04-27-10-000", "zona": "5", "sector": "04", "manzana": "27", "lote": "10", "ph": "000", "propietari": "GOBIERNO AUTONOMO DESCENTRALIZADO  MUNICIPAL MANTA .", "documentop": "1360000980001", "direccion": "SECTOR SAN JUAN DE MANTA - BARRIO SAN JUAN / MZ 27 LOTE 10", "area_m2": 158.45, "frente_uti": 13.39, "frente_tot": 25.3, "avaluo_con": 0.0, "avaluo_sue": 2376.75, "zonaurbano": "URBANA", "parroquia": "MANTA", "esta_bloqu": "NO", "es_tercera": "NO", "tiene_elec": "SI", "tiene_agua": "NO", "tiene_alca": "NO", "observacio": "SE CREA LA CLAVE CATASTRAL 5042710000 A FAVOR DEL GAD MANTA CON FINES DE LEGALIZACIÓN, PREDIO UBICADO EN EL BARRIO SAN JUAN DEL SECTOR SAN JUAN DE MANTA, PREVIO INFORME DEL ARQ. CRISTHIAN GERARDO PICO SAN LUCAS.", "observac_1": null, "barrio": "SAN JUAN", "parroquia_": 2, "barrio_id": 912, "proceso": 0, "fecha_regi": null, "activo_cat": "SI", "desactivad": 0, "avaluo_rem": 0.0, "avaluo_r_1": 0.0, "clasificac": "POR LEGALIZAR", "anio_deuda": 0, "deuda": 0.0, "valor_ip": 0.0, "coactiva": null, "ficharegis": 0, "etam": 0.0794426785, "diferencia": 0.1674994869, "porc_difer": 0.0010571126, "admisible": 1, "deuda_anio": 0.0, "2024__csv_": "5-04-27-10-000", "2024__csv1": "535-30-12-2025", "Clavepre": "5-04-27-10-000", "RESOLUCION": "535-30-12-2025", "ORIG_FID": 231 }, "geometry": { "type": "Point", "coordinates": [ -80.761515376847584, -0.998170044701702 ] } },
{ "type": "Feature", "properties": { "id": 104326, "lote_id": 109028, "clavecatas": "5-04-27-11-000", "zona": "5", "sector": "04", "manzana": "27", "lote": "11", "ph": "000", "propietari": "GOBIERNO AUTONOMO DESCENTRALIZADO  MUNICIPAL MANTA .", "documentop": "1360000980001", "direccion": "SECTOR SAN JUAN DE MANTA - BARRIO SAN JUAN / MZ 27 LOTE 11", "area_m2": 177.9, "frente_uti": 8.78, "frente_tot": 28.32, "avaluo_con": 0.0, "avaluo_sue": 2668.5, "zonaurbano": "URBANA", "parroquia": "MANTA", "esta_bloqu": "NO", "es_tercera": "NO", "tiene_elec": "SI", "tiene_agua": "NO", "tiene_alca": "NO", "observacio": "SE CREA LA CLAVE CATASTRAL 5042711000 A FAVOR DEL GAD MANTA CON FINES DE LEGALIZACIÓN, PREDIO UBICADO EN EL BARRIO SAN JUAN DEL SECTOR SAN JUAN DE MANTA, PREVIO INFORME DEL ARQ. CRISTHIAN GERARDO PICO SAN LUCAS.", "observac_1": null, "barrio": "SAN JUAN", "parroquia_": 2, "barrio_id": 912, "proceso": 0, "fecha_regi": null, "activo_cat": "SI", "desactivad": 0, "avaluo_rem": 0.0, "avaluo_r_1": 0.0, "clasificac": "POR LEGALIZAR", "anio_deuda": 0, "deuda": 0.0, "valor_ip": 0.0, "coactiva": null, "ficharegis": 0, "etam": 0.074974232, "diferencia": 0.0044137668, "porc_difer": 2.48104e-05, "admisible": 1, "deuda_anio": 0.0, "2024__csv_": "5-04-27-11-000", "2024__csv1": "535-30-12-2025", "Clavepre": "5-04-27-11-000", "RESOLUCION": "535-30-12-2025", "ORIG_FID": 232 }, "geometry": { "type": "Point", "coordinates": [ -80.761476657992688, -0.998022848372289 ] } },
{ "type": "Feature", "properties": { "id": 104327, "lote_id": 109020, "clavecatas": "5-04-27-12-000", "zona": "5", "sector": "04", "manzana": "27", "lote": "12", "ph": "000", "propietari": "GOBIERNO AUTONOMO DESCENTRALIZADO  MUNICIPAL MANTA .", "documentop": "1360000980001", "direccion": "SECTOR SAN JUAN DE MANTA - BARRIO SAN JUAN / MZ 27 LOTE 12", "area_m2": 432.84, "frente_uti": 29.34, "frente_tot": 73.57, "avaluo_con": 14214.8, "avaluo_sue": 6492.6, "zonaurbano": "URBANA", "parroquia": "MANTA", "esta_bloqu": "NO", "es_tercera": "NO", "tiene_elec": "SI", "tiene_agua": "NO", "tiene_alca": "NO", "observacio": "SE CREA LA CLAVE CATASTRAL 5042712000 A FAVOR DEL GAD MANTA CON FINES DE LEGALIZACIÓN, PREDIO UBICADO EN EL BARRIO SAN JUAN DEL SECTOR SAN JUAN DE MANTA, PREVIO INFORME DEL ARQ. CRISTHIAN GERARDO PICO SAN LUCAS.", "observac_1": null, "barrio": "SAN JUAN", "parroquia_": 2, "barrio_id": 912, "proceso": 0, "fecha_regi": null, "activo_cat": "SI", "desactivad": 0, "avaluo_rem": 0.0, "avaluo_r_1": 0.0, "clasificac": "POR LEGALIZAR", "anio_deuda": 0, "deuda": 0.0, "valor_ip": 0.0, "coactiva": null, "ficharegis": 0, "etam": 0.1441974434, "diferencia": 0.0028980708, "porc_difer": 6.6955e-06, "admisible": 1, "deuda_anio": 0.0, "2024__csv_": "5-04-27-12-000", "2024__csv1": "535-30-12-2025", "Clavepre": "5-04-27-12-000", "RESOLUCION": "535-30-12-2025", "ORIG_FID": 233 }, "geometry": { "type": "Point", "coordinates": [ -80.761495523461122, -0.998345627889089 ] } },
{ "type": "Feature", "properties": { "id": 104328, "lote_id": 109019, "clavecatas": "5-04-27-13-000", "zona": "5", "sector": "04", "manzana": "27", "lote": "13", "ph": "000", "propietari": "GOBIERNO AUTONOMO DESCENTRALIZADO  MUNICIPAL MANTA .", "documentop": "1360000980001", "direccion": "SECTOR SAN JUAN DE MANTA - BARRIO SAN JUAN / MZ 27 LOTE 13", "area_m2": 225.4, "frente_uti": 15.5, "frente_tot": 45.5, "avaluo_con": 28550.31, "avaluo_sue": 3381.0, "zonaurbano": "URBANA", "parroquia": "MANTA", "esta_bloqu": "NO", "es_tercera": "NO", "tiene_elec": "SI", "tiene_agua": "NO", "tiene_alca": "NO", "observacio": "SE CREA LA CLAVE CATASTRAL 5042713000 A FAVOR DEL GAD MANTA CON FINES DE LEGALIZACIÓN, PREDIO UBICADO EN EL BARRIO SAN JUAN DEL SECTOR SAN JUAN DE MANTA, PREVIO INFORME DEL ARQ. CRISTHIAN GERARDO PICO SAN LUCAS.", "observac_1": null, "barrio": "SAN JUAN", "parroquia_": 2, "barrio_id": 912, "proceso": 0, "fecha_regi": null, "activo_cat": "SI", "desactivad": 0, "avaluo_rem": 0.0, "avaluo_r_1": 0.0, "clasificac": "POR LEGALIZAR", "anio_deuda": 0, "deuda": 0.0, "valor_ip": 0.0, "coactiva": null, "ficharegis": 0, "etam": 0.1332149726, "diferencia": -0.0019290674, "porc_difer": -8.5584e-06, "admisible": 1, "deuda_anio": 0.0, "2024__csv_": "5-04-27-13-000", "2024__csv1": "535-30-12-2025", "Clavepre": "5-04-27-13-000", "RESOLUCION": "535-30-12-2025", "ORIG_FID": 234 }, "geometry": { "type": "Point", "coordinates": [ -80.761304075648042, -0.998410403727762 ] } },
{ "type": "Feature", "properties": { "id": 104329, "lote_id": 109018, "clavecatas": "5-04-27-14-000", "zona": "5", "sector": "04", "manzana": "27", "lote": "14", "ph": "000", "propietari": "GOBIERNO AUTONOMO DESCENTRALIZADO  MUNICIPAL MANTA .", "documentop": "1360000980001", "direccion": "SECTOR SAN JUAN DE MANTA - BARRIO SAN JUAN / MZ 27 LOTE 14", "area_m2": 199.49, "frente_uti": 12.3, "frente_tot": 40.97, "avaluo_con": 16626.71, "avaluo_sue": 2992.35, "zonaurbano": "URBANA", "parroquia": "MANTA", "esta_bloqu": "NO", "es_tercera": "NO", "tiene_elec": "SI", "tiene_agua": "NO", "tiene_alca": "NO", "observacio": "SE CREA LA CLAVE CATASTRAL 5042714000 A FAVOR DEL GAD MANTA CON FINES DE LEGALIZACIÓN, PREDIO UBICADO EN EL BARRIO SAN JUAN DEL SECTOR SAN JUAN DE MANTA, PREVIO INFORME DEL ARQ. CRISTHIAN GERARDO PICO SAN LUCAS.", "observac_1": null, "barrio": "SAN JUAN", "parroquia_": 2, "barrio_id": 912, "proceso": 0, "fecha_regi": null, "activo_cat": "SI", "desactivad": 0, "avaluo_rem": 0.0, "avaluo_r_1": 0.0, "clasificac": "POR LEGALIZAR", "anio_deuda": 0, "deuda": 0.0, "valor_ip": 0.0, "coactiva": null, "ficharegis": 0, "etam": 0.0, "diferencia": -2.3553147722, "porc_difer": -0.0118066809, "admisible": 0, "deuda_anio": 0.0, "2024__csv_": "5-04-27-14-000", "2024__csv1": "535-30-12-2025", "Clavepre": "5-04-27-14-000", "RESOLUCION": "535-30-12-2025", "ORIG_FID": 235 }, "geometry": { "type": "Point", "coordinates": [ -80.761153063289584, -0.998453133735116 ] } },
{ "type": "Feature", "properties": { "id": 104330, "lote_id": 109017, "clavecatas": "5-04-27-15-000", "zona": "5", "sector": "04", "manzana": "27", "lote": "15", "ph": "000", "propietari": "GOBIERNO AUTONOMO DESCENTRALIZADO  MUNICIPAL MANTA .", "documentop": "1360000980001", "direccion": "SECTOR SAN JUAN DE MANTA - BARRIO SAN JUAN / MZ 27 LOTE 15", "area_m2": 189.83, "frente_uti": 11.9, "frente_tot": 39.7, "avaluo_con": 11810.31, "avaluo_sue": 2847.45, "zonaurbano": "URBANA", "parroquia": "MANTA", "esta_bloqu": "NO", "es_tercera": "NO", "tiene_elec": "SI", "tiene_agua": "NO", "tiene_alca": "NO", "observacio": "SE CREA LA CLAVE CATASTRAL 5042715000 A FAVOR DEL GAD MANTA CON FINES DE LEGALIZACIÓN, PREDIO UBICADO EN EL BARRIO SAN JUAN DEL SECTOR SAN JUAN DE MANTA, PREVIO INFORME DEL ARQ. CRISTHIAN GERARDO PICO SAN LUCAS.", "observac_1": null, "barrio": "SAN JUAN", "parroquia_": 2, "barrio_id": 912, "proceso": 0, "fecha_regi": null, "activo_cat": "SI", "desactivad": 0, "avaluo_rem": 0.0, "avaluo_r_1": 0.0, "clasificac": "POR LEGALIZAR", "anio_deuda": 0, "deuda": 0.0, "valor_ip": 0.0, "coactiva": null, "ficharegis": 0, "etam": 0.0725801023, "diferencia": 0.5495528184, "porc_difer": 0.0028949735, "admisible": 1, "deuda_anio": 0.0, "2024__csv_": "5-04-27-15-000", "2024__csv1": "535-30-12-2025", "Clavepre": "5-04-27-15-000", "RESOLUCION": "535-30-12-2025", "ORIG_FID": 236 }, "geometry": { "type": "Point", "coordinates": [ -80.761049452986569, -0.998487749300946 ] } },
{ "type": "Feature", "properties": { "id": 104331, "lote_id": 109021, "clavecatas": "5-04-27-16-000", "zona": "5", "sector": "04", "manzana": "27", "lote": "16", "ph": "000", "propietari": "GOBIERNO AUTONOMO DESCENTRALIZADO  MUNICIPAL MANTA .", "documentop": "1360000980001", "direccion": "SECTOR SAN JUAN DE MANTA - BARRIO SAN JUAN / MZ 27 LOTE 16", "area_m2": 278.86, "frente_uti": 16.7, "frente_tot": 33.4, "avaluo_con": 15844.59, "avaluo_sue": 4182.9, "zonaurbano": "URBANA", "parroquia": "MANTA", "esta_bloqu": "NO", "es_tercera": "NO", "tiene_elec": "SI", "tiene_agua": "NO", "tiene_alca": "NO", "observacio": "SE CREA LA CLAVE CATASTRAL 5042716000 A FAVOR DEL GAD MANTA CON FINES DE LEGALIZACIÓN, PREDIO UBICADO EN EL BARRIO SAN JUAN DEL SECTOR SAN JUAN DE MANTA, PREVIO INFORME DEL ARQ. CRISTHIAN GERARDO PICO SAN LUCAS.", "observac_1": null, "barrio": "SAN JUAN", "parroquia_": 2, "barrio_id": 912, "proceso": 0, "fecha_regi": null, "activo_cat": "SI", "desactivad": 0, "avaluo_rem": 0.0, "avaluo_r_1": 0.0, "clasificac": "POR LEGALIZAR", "anio_deuda": 0, "deuda": 0.0, "valor_ip": 0.0, "coactiva": null, "ficharegis": 0, "etam": 0.1197669208, "diferencia": -0.0026201575, "porc_difer": -9.396e-06, "admisible": 1, "deuda_anio": 0.0, "2024__csv_": "5-04-27-16-000", "2024__csv1": "535-30-12-2025", "Clavepre": "5-04-27-16-000", "RESOLUCION": "535-30-12-2025", "ORIG_FID": 237 }, "geometry": { "type": "Point", "coordinates": [ -80.761122221626067, -0.998633334170123 ] } },
{ "type": "Feature", "properties": { "id": 104691, "lote_id": 109109, "clavecatas": "5-06-13-02-000", "zona": "5", "sector": "06", "manzana": "13", "lote": "02", "ph": "000", "propietari": "GOBIERNO AUTONOMO DESCENTRALIZADO  MUNICIPAL MANTA .", "documentop": "1360000980001", "direccion": "SECTOR SAN JUAN - B. VALLE CLARO -MZ- 13 LOTE - 2", "area_m2": 272.12, "frente_uti": 14.1, "frente_tot": 14.1, "avaluo_con": 41488.0, "avaluo_sue": 3306.26, "zonaurbano": "URBANA", "parroquia": "MANTA", "esta_bloqu": "NO", "es_tercera": "NO", "tiene_elec": "NO", "tiene_agua": "NO", "tiene_alca": "NO", "observacio": "POR LEGALIZAR IRVIN GUSTAVO DELGADO ZAMBRANO", "observac_1": null, "barrio": "SAN JUAN", "parroquia_": 2, "barrio_id": 912, "proceso": 0, "fecha_regi": null, "activo_cat": "SI", "desactivad": 0, "avaluo_rem": 0.0, "avaluo_r_1": 0.0, "clasificac": "POR LEGALIZAR", "anio_deuda": 0, "deuda": 0.0, "valor_ip": 0.0, "coactiva": null, "ficharegis": 0, "etam": 0.1212410711, "diferencia": -1.9335339681, "porc_difer": -0.007105446, "admisible": 1, "deuda_anio": 0.0, "2024__csv_": "5-06-13-02-000", "2024__csv1": "536-30-12-2025", "Clavepre": "5-06-13-02-000", "RESOLUCION": "536-30-12-2025", "ORIG_FID": 238 }, "geometry": { "type": "Point", "coordinates": [ -80.76287435044064, -0.998955781566006 ] } },
{ "type": "Feature", "properties": { "id": 104332, "lote_id": 109022, "clavecatas": "5-04-27-17-000", "zona": "5", "sector": "04", "manzana": "27", "lote": "17", "ph": "000", "propietari": "GOBIERNO AUTONOMO DESCENTRALIZADO  MUNICIPAL MANTA .", "documentop": "1360000980001", "direccion": "SECTOR SAN JUAN DE MANTA - BARRIO SAN JUAN / MZ 27 LOTE 17", "area_m2": 301.3, "frente_uti": 18.3, "frente_tot": 18.3, "avaluo_con": 23568.86, "avaluo_sue": 4519.5, "zonaurbano": "URBANA", "parroquia": "MANTA", "esta_bloqu": "NO", "es_tercera": "NO", "tiene_elec": "SI", "tiene_agua": "NO", "tiene_alca": "NO", "observacio": "SE CREA LA CLAVE CATASTRAL 5042717000 A FAVOR DEL GAD MANTA CON FINES DE LEGALIZACIÓN, PREDIO UBICADO EN EL BARRIO SAN JUAN DEL SECTOR SAN JUAN DE MANTA, PREVIO INFORME DEL ARQ. CRISTHIAN GERARDO PICO SAN LUCAS.", "observac_1": null, "barrio": "SAN JUAN", "parroquia_": 2, "barrio_id": 912, "proceso": 0, "fecha_regi": null, "activo_cat": "SI", "desactivad": 0, "avaluo_rem": 0.0, "avaluo_r_1": 0.0, "clasificac": "POR LEGALIZAR", "anio_deuda": 0, "deuda": 0.0, "valor_ip": 0.0, "coactiva": null, "ficharegis": 0, "etam": 0.1728310183, "diferencia": 0.0012841059, "porc_difer": 4.2619e-06, "admisible": 1, "deuda_anio": 0.0, "2024__csv_": "5-04-27-17-000", "2024__csv1": "535-30-12-2025", "Clavepre": "5-04-27-17-000", "RESOLUCION": "535-30-12-2025", "ORIG_FID": 239 }, "geometry": { "type": "Point", "coordinates": [ -80.761172348387575, -0.998782449706673 ] } },
{ "type": "Feature", "properties": { "id": 104333, "lote_id": 109023, "clavecatas": "5-04-27-26-000", "zona": "5", "sector": "04", "manzana": "27", "lote": "26", "ph": "000", "propietari": "GOBIERNO AUTONOMO DESCENTRALIZADO  MUNICIPAL MANTA .", "documentop": "1360000980001", "direccion": "SECTOR SAN JUAN DE MANTA - BARRIO SAN JUAN / MZ 27 LOTE 26", "area_m2": 278.65, "frente_uti": 8.5, "frente_tot": 19.56, "avaluo_con": 12982.09, "avaluo_sue": 4179.75, "zonaurbano": "URBANA", "parroquia": "MANTA", "esta_bloqu": "NO", "es_tercera": "NO", "tiene_elec": "SI", "tiene_agua": "NO", "tiene_alca": "NO", "observacio": "SE CREA LA CLAVE CATASTRAL 5042726000 A FAVOR DEL GAD MANTA CON FINES DE LEGALIZACIÓN, PREDIO UBICADO EN EL BARRIO SAN JUAN DEL SECTOR SAN JUAN DE MANTA, PREVIO INFORME DEL ARQ. CRISTHIAN GERARDO PICO SAN LUCAS.", "observac_1": null, "barrio": "SAN JUAN", "parroquia_": 2, "barrio_id": 912, "proceso": 0, "fecha_regi": null, "activo_cat": "SI", "desactivad": 0, "avaluo_rem": 0.0, "avaluo_r_1": 0.0, "clasificac": "POR LEGALIZAR", "anio_deuda": 0, "deuda": 0.0, "valor_ip": 0.0, "coactiva": null, "ficharegis": 0, "etam": 0.1198120425, "diferencia": 0.5109547989, "porc_difer": 0.0018336795, "admisible": 1, "deuda_anio": 0.0, "2024__csv_": "5-04-27-26-000", "2024__csv1": "535-30-12-2025", "Clavepre": "5-04-27-26-000", "RESOLUCION": "535-30-12-2025", "ORIG_FID": 240 }, "geometry": { "type": "Point", "coordinates": [ -80.761728436254529, -0.998800188926462 ] } },
{ "type": "Feature", "properties": { "id": 104334, "lote_id": 109024, "clavecatas": "5-04-27-27-000", "zona": "5", "sector": "04", "manzana": "27", "lote": "27", "ph": "000", "propietari": "GOBIERNO AUTONOMO DESCENTRALIZADO  MUNICIPAL MANTA .", "documentop": "1360000980001", "direccion": "SECTOR SAN JUAN DE MANTA - BARRIO SAN JUAN / MZ 27 LOTE 27", "area_m2": 100.1, "frente_uti": 7.0, "frente_tot": 28.3, "avaluo_con": 12320.0, "avaluo_sue": 1216.22, "zonaurbano": "URBANA", "parroquia": "MANTA", "esta_bloqu": "NO", "es_tercera": "NO", "tiene_elec": "SI", "tiene_agua": "NO", "tiene_alca": "NO", "observacio": "SE CREA LA CLAVE CATASTRAL 5042727000 A FAVOR DE LUCAS VEGA JOVITA MONSERRATE CON FINES DE LEGALIZACIÓN, PREDIO UBICADO EN EL BARRIO SAN JUAN DEL SECTOR SAN JUAN DE MANTA, PREVIO INFORME DEL ARQ. CRISTHIAN GERARDO PICO SAN LUCAS.", "observac_1": null, "barrio": "SAN JUAN", "parroquia_": 2, "barrio_id": 912, "proceso": 0, "fecha_regi": null, "activo_cat": "SI", "desactivad": 0, "avaluo_rem": 0.0, "avaluo_r_1": 0.0, "clasificac": "POR LEGALIZAR", "anio_deuda": 0, "deuda": 0.0, "valor_ip": 0.0, "coactiva": null, "ficharegis": 0, "etam": 0.0999500375, "diferencia": 0.0004709246, "porc_difer": 4.7045e-06, "admisible": 1, "deuda_anio": 0.0, "2024__csv_": "5-04-27-27-000", "2024__csv1": "536-30-12-2025", "Clavepre": "5-04-27-27-000", "RESOLUCION": "536-30-12-2025", "ORIG_FID": 241 }, "geometry": { "type": "Point", "coordinates": [ -80.761679512102035, -0.998899006857418 ] } },
{ "type": "Feature", "properties": { "id": 104335, "lote_id": 109027, "clavecatas": "5-04-27-29-000", "zona": "5", "sector": "04", "manzana": "27", "lote": "29", "ph": "000", "propietari": "GOBIERNO AUTONOMO DESCENTRALIZADO  MUNICIPAL MANTA .", "documentop": "1360000980001", "direccion": "SECTOR SAN JUAN DE MANTA - BARRIO SAN JUAN / MZ 27 LOTE 29", "area_m2": 193.38, "frente_uti": 10.3, "frente_tot": 10.3, "avaluo_con": 12480.0, "avaluo_sue": 2349.57, "zonaurbano": "URBANA", "parroquia": "MANTA", "esta_bloqu": "NO", "es_tercera": "NO", "tiene_elec": "SI", "tiene_agua": "NO", "tiene_alca": "NO", "observacio": "SE CREA LA CLAVE CATASTRAL 5042729000 A FAVOR DE TUMBACO REYES MAURICIO FERNANDO CON FINES DE LEGALIZACIÓN, PREDIO UBICADO EN EL BARRIO SAN JUAN DEL SECTOR SAN JUAN DE MANTA, PREVIO INFORME DEL ARQ. CRISTHIAN GERARDO PICO SAN LUCAS.", "observac_1": null, "barrio": "SAN JUAN", "parroquia_": 2, "barrio_id": 912, "proceso": 0, "fecha_regi": null, "activo_cat": "SI", "desactivad": 0, "avaluo_rem": 0.0, "avaluo_r_1": 0.0, "clasificac": "POR LEGALIZAR", "anio_deuda": 0, "deuda": 0.0, "valor_ip": 0.0, "coactiva": null, "ficharegis": 0, "etam": 0.0719108169, "diferencia": 0.0046327987, "porc_difer": 2.3957e-05, "admisible": 1, "deuda_anio": 0.0, "2024__csv_": "5-04-27-29-000", "2024__csv1": "536-30-12-2025", "Clavepre": "5-04-27-29-000", "RESOLUCION": "536-30-12-2025", "ORIG_FID": 242 }, "geometry": { "type": "Point", "coordinates": [ -80.761905967750465, -0.999068924113235 ] } },
{ "type": "Feature", "properties": { "id": 104336, "lote_id": 109026, "clavecatas": "5-04-27-30-000", "zona": "5", "sector": "04", "manzana": "27", "lote": "30", "ph": "000", "propietari": "GOBIERNO AUTONOMO DESCENTRALIZADO  MUNICIPAL MANTA .", "documentop": "1360000980001", "direccion": "SECTOR SAN JUAN DE MANTA - BARRIO SAN JUAN / MZ 27 LOTE 30", "area_m2": 209.78, "frente_uti": 11.5, "frente_tot": 11.5, "avaluo_con": 9781.18, "avaluo_sue": 2421.39, "zonaurbano": "URBANA", "parroquia": "MANTA", "esta_bloqu": "NO", "es_tercera": "NO", "tiene_elec": "SI", "tiene_agua": "NO", "tiene_alca": "NO", "observacio": "SE CREA LA CLAVE CATASTRAL 5042730000 A FAVOR DE LUCAS LUCAS RAMÓN CRISTOBAL CON FINES DE LEGALIZACIÓN, PREDIO UBICADO EN EL BARRIO SAN JUAN DEL SECTOR SAN JUAN DE MANTA, PREVIO INFORME DEL ARQ. CRISTHIAN GERARDO PICO SAN LUCAS.", "observac_1": null, "barrio": "SAN JUAN", "parroquia_": 2, "barrio_id": 912, "proceso": 0, "fecha_regi": null, "activo_cat": "SI", "desactivad": 0, "avaluo_rem": 0.0, "avaluo_r_1": 0.0, "clasificac": "POR LEGALIZAR", "anio_deuda": 0, "deuda": 0.0, "valor_ip": 0.0, "coactiva": null, "ficharegis": 0, "etam": 0.1380854613, "diferencia": -0.0035195236, "porc_difer": -1.67772e-05, "admisible": 1, "deuda_anio": 0.0, "2024__csv_": "5-04-27-30-000", "2024__csv1": "536-30-12-2025", "Clavepre": "5-04-27-30-000", "RESOLUCION": "536-30-12-2025", "ORIG_FID": 243 }, "geometry": { "type": "Point", "coordinates": [ -80.761766583019323, -0.999060507546944 ] } },
{ "type": "Feature", "properties": { "id": 104337, "lote_id": 109025, "clavecatas": "5-04-27-31-000", "zona": "5", "sector": "04", "manzana": "27", "lote": "31", "ph": "000", "propietari": "GOBIERNO AUTONOMO DESCENTRALIZADO  MUNICIPAL MANTA .", "documentop": "1360000980001", "direccion": "SECTOR SAN JUAN DE MANTA - BARRIO SAN JUAN / MZ 27 LOTE 31", "area_m2": 542.59, "frente_uti": 24.19, "frente_tot": 24.19, "avaluo_con": 13200.84, "avaluo_sue": 8138.85, "zonaurbano": "URBANA", "parroquia": "MANTA", "esta_bloqu": "NO", "es_tercera": "NO", "tiene_elec": "SI", "tiene_agua": "NO", "tiene_alca": "NO", "observacio": "SE CREA LA CLAVE CATASTRAL 5042731000 A FAVOR DEL GAD MANTA CON FINES DE LEGALIZACIÓN, PREDIO UBICADO EN EL BARRIO SAN JUAN DEL SECTOR SAN JUAN DE MANTA, PREVIO INFORME DEL ARQ. CRISTHIAN GERARDO PICO SAN LUCAS.", "observac_1": null, "barrio": "SAN JUAN", "parroquia_": 2, "barrio_id": 912, "proceso": 0, "fecha_regi": null, "activo_cat": "SI", "desactivad": 0, "avaluo_rem": 0.0, "avaluo_r_1": 0.0, "clasificac": "POR LEGALIZAR", "anio_deuda": 0, "deuda": 0.0, "valor_ip": 0.0, "coactiva": null, "ficharegis": 0, "etam": 0.1717212727, "diferencia": 0.0048157896, "porc_difer": 8.8756e-06, "admisible": 1, "deuda_anio": 0.0, "2024__csv_": "5-04-27-31-000", "2024__csv1": "535-30-12-2025", "Clavepre": "5-04-27-31-000", "RESOLUCION": "535-30-12-2025", "ORIG_FID": 244 }, "geometry": { "type": "Point", "coordinates": [ -80.761618141048132, -0.999094594324332 ] } },
{ "type": "Feature", "properties": { "id": 104338, "lote_id": 108935, "clavecatas": "5-04-28-05-000", "zona": "5", "sector": "04", "manzana": "28", "lote": "05", "ph": "000", "propietari": "GOBIERNO AUTONOMO DESCENTRALIZADO  MUNICIPAL MANTA .", "documentop": "1360000980001", "direccion": "SECTOR SAN JUAN DE MANTA - BARRIO SAN JUAN / MZ 28 LOTE 05", "area_m2": 212.57, "frente_uti": 10.8, "frente_tot": 10.8, "avaluo_con": 11256.0, "avaluo_sue": 2582.73, "zonaurbano": "URBANA", "parroquia": "MANTA", "esta_bloqu": "NO", "es_tercera": "NO", "tiene_elec": "SI", "tiene_agua": "NO", "tiene_alca": "NO", "observacio": "SE CREA LA CLAVE CATASTRAL 5042805000 A FAVOR DEL GAD MANTA / HOLGUIN DELGADO RAMON EDUARDO CON FINES DE LEGALIZACIÓN, PREDIO UBICADO EN EL BARRIO SAN JUAN DEL SECTOR SAN JUAN DE MANTA, PREVIO INFORME DEL ARQ. CRISTHIAN GERARDO PICO SAN LUCAS", "observac_1": null, "barrio": "SAN JUAN", "parroquia_": 2, "barrio_id": 912, "proceso": 0, "fecha_regi": null, "activo_cat": "SI", "desactivad": 0, "avaluo_rem": 0.0, "avaluo_r_1": 0.0, "clasificac": "POR LEGALIZAR", "anio_deuda": 0, "deuda": 0.0, "valor_ip": 0.0, "coactiva": null, "ficharegis": 0, "etam": 0.1371762762, "diferencia": 0.0027724135, "porc_difer": 1.30424e-05, "admisible": 1, "deuda_anio": 0.0, "2024__csv_": "5-04-28-05-000", "2024__csv1": "536-30-12-2025", "Clavepre": "5-04-28-05-000", "RESOLUCION": "536-30-12-2025", "ORIG_FID": 245 }, "geometry": { "type": "Point", "coordinates": [ -80.761377119005545, -1.00025006020126 ] } },
{ "type": "Feature", "properties": { "id": 104339, "lote_id": 108808, "clavecatas": "5-04-29-03-000", "zona": "5", "sector": "04", "manzana": "29", "lote": "03", "ph": "000", "propietari": "GOBIERNO AUTONOMO DESCENTRALIZADO  MUNICIPAL MANTA .", "documentop": "1360000980001", "direccion": "SECTOR SAN JUAN DE MANTA - BARRIO SAN JUAN / MZ 29 LOTE 03", "area_m2": 210.5, "frente_uti": 12.89, "frente_tot": 12.89, "avaluo_con": 0.0, "avaluo_sue": 0.0, "zonaurbano": "URBANA", "parroquia": "MANTA", "esta_bloqu": "NO", "es_tercera": "NO", "tiene_elec": "SI", "tiene_agua": "NO", "tiene_alca": "NO", "observacio": "SE CREA LA CLAVE CATASTRAL 5042903000 A FAVOR DEL GAD MANTA CON FINES DE LEGALIZACIÓN, PREDIO UBICADO EN EL BARRIO SAN JUAN DEL SECTOR SAN JUAN DE MANTA, PREVIO INFORME DEL ARQ. CRISTHIAN GERARDO PICO SAN LUCAS.", "observac_1": null, "barrio": "SAN JUAN", "parroquia_": 2, "barrio_id": 912, "proceso": 0, "fecha_regi": null, "activo_cat": "SI", "desactivad": 0, "avaluo_rem": 0.0, "avaluo_r_1": 0.0, "clasificac": "POR LEGALIZAR", "anio_deuda": 0, "deuda": 0.0, "valor_ip": 0.0, "coactiva": null, "ficharegis": 0, "etam": 0.1378491034, "diferencia": -0.0032418737, "porc_difer": -1.54008e-05, "admisible": 1, "deuda_anio": 0.0, "2024__csv_": "5-04-29-03-000", "2024__csv1": "535-30-12-2025", "Clavepre": "5-04-29-03-000", "RESOLUCION": "535-30-12-2025", "ORIG_FID": 246 }, "geometry": { "type": "Point", "coordinates": [ -80.759655076451736, -0.998615601053963 ] } },
{ "type": "Feature", "properties": { "id": 104340, "lote_id": 108820, "clavecatas": "5-04-29-08-000", "zona": "5", "sector": "04", "manzana": "29", "lote": "08", "ph": "000", "propietari": "GOBIERNO AUTONOMO DESCENTRALIZADO  MUNICIPAL MANTA .", "documentop": "1360000980001", "direccion": "SECTOR SAN JUAN DE MANTA - BARRIO SAN JUAN / MZ 29 LOTE 08", "area_m2": 455.59, "frente_uti": 18.3, "frente_tot": 41.65, "avaluo_con": 0.0, "avaluo_sue": 0.0, "zonaurbano": "URBANA", "parroquia": "MANTA", "esta_bloqu": "NO", "es_tercera": "NO", "tiene_elec": "SI", "tiene_agua": "NO", "tiene_alca": "NO", "observacio": "SE CREA LA CLAVE CATASTRAL 5042908000 A FAVOR DEL GAD MANTA CON FINES DE LEGALIZACIÓN, PREDIO UBICADO EN EL BARRIO SAN JUAN DEL SECTOR SAN JUAN DE MANTA, PREVIO INFORME DEL ARQ. CRISTHIAN GERARDO PICO SAN LUCAS.", "observac_1": null, "barrio": "SAN JUAN", "parroquia_": 2, "barrio_id": 912, "proceso": 0, "fecha_regi": null, "activo_cat": "SI", "desactivad": 0, "avaluo_rem": 0.0, "avaluo_r_1": 0.0, "clasificac": "POR LEGALIZAR", "anio_deuda": 0, "deuda": 0.0, "valor_ip": 0.0, "coactiva": null, "ficharegis": 0, "etam": 0.1405510723, "diferencia": 0.0311504571, "porc_difer": 6.83739e-05, "admisible": 1, "deuda_anio": 0.0, "2024__csv_": "5-04-29-08-000", "2024__csv1": "535-30-12-2025", "Clavepre": "5-04-29-08-000", "RESOLUCION": "535-30-12-2025", "ORIG_FID": 247 }, "geometry": { "type": "Point", "coordinates": [ -80.759625073183443, -0.999045277353425 ] } },
{ "type": "Feature", "properties": { "id": 104341, "lote_id": 108834, "clavecatas": "5-04-29-10-000", "zona": "5", "sector": "04", "manzana": "29", "lote": "10", "ph": "000", "propietari": "GOBIERNO AUTONOMO DESCENTRALIZADO  MUNICIPAL MANTA .", "documentop": "1360000980001", "direccion": "SECTOR SAN JUAN DE MANTA - BARRIO SAN JUAN / MZ 29 LOTE 10", "area_m2": 197.77, "frente_uti": 13.0, "frente_tot": 13.0, "avaluo_con": 0.0, "avaluo_sue": 0.0, "zonaurbano": "URBANA", "parroquia": "MANTA", "esta_bloqu": "NO", "es_tercera": "NO", "tiene_elec": "SI", "tiene_agua": "NO", "tiene_alca": "NO", "observacio": "SE CREA LA CLAVE CATASTRAL 5042910000 A FAVOR DEL GAD MANTA CON FINES DE LEGALIZACIÓN, PREDIO UBICADO EN EL BARRIO SAN JUAN DEL SECTOR SAN JUAN DE MANTA, PREVIO INFORME DEL ARQ. CRISTHIAN GERARDO PICO SAN LUCAS.", "observac_1": null, "barrio": "SAN JUAN", "parroquia_": 2, "barrio_id": 912, "proceso": 0, "fecha_regi": null, "activo_cat": "SI", "desactivad": 0, "avaluo_rem": 0.0, "avaluo_r_1": 0.0, "clasificac": "POR LEGALIZAR", "anio_deuda": 0, "deuda": 0.0, "valor_ip": 0.0, "coactiva": null, "ficharegis": 0, "etam": 0.0711082177, "diferencia": -0.0020902191, "porc_difer": -1.05689e-05, "admisible": 1, "deuda_anio": 0.0, "2024__csv_": "5-04-29-10-000", "2024__csv1": "535-30-12-2025", "Clavepre": "5-04-29-10-000", "RESOLUCION": "535-30-12-2025", "ORIG_FID": 248 }, "geometry": { "type": "Point", "coordinates": [ -80.759685120508095, -0.999185777826575 ] } },
{ "type": "Feature", "properties": { "id": 104342, "lote_id": 108843, "clavecatas": "5-04-29-14-000", "zona": "5", "sector": "04", "manzana": "29", "lote": "14", "ph": "000", "propietari": "GOBIERNO AUTONOMO DESCENTRALIZADO  MUNICIPAL MANTA .", "documentop": "1360000980001", "direccion": "SECTOR SAN JUAN DE MANTA - BARRIO SAN JUAN / MZ 29 LOTE 14", "area_m2": 941.37, "frente_uti": 5.0, "frente_tot": 5.0, "avaluo_con": 0.0, "avaluo_sue": 0.0, "zonaurbano": "URBANA", "parroquia": "MANTA", "esta_bloqu": "NO", "es_tercera": "NO", "tiene_elec": "SI", "tiene_agua": "NO", "tiene_alca": "NO", "observacio": "SE CREA LA CLAVE CATASTRAL 5042914000 A FAVOR DEL GAD MANTA CON FINES DE LEGALIZACIÓN, PREDIO UBICADO EN EL BARRIO SAN JUAN DEL SECTOR SAN JUAN DE MANTA, PREVIO INFORME DEL ARQ. CRISTHIAN GERARDO PICO SAN LUCAS.", "observac_1": null, "barrio": "SAN JUAN", "parroquia_": 2, "barrio_id": 912, "proceso": 0, "fecha_regi": null, "activo_cat": "SI", "desactivad": 0, "avaluo_rem": 0.0, "avaluo_r_1": 0.0, "clasificac": "POR LEGALIZAR", "anio_deuda": 0, "deuda": 0.0, "valor_ip": 0.0, "coactiva": null, "ficharegis": 0, "etam": 0.1303706451, "diferencia": 3.3288305542000001, "porc_difer": 0.0035361553, "admisible": 1, "deuda_anio": 0.0, "2024__csv_": "5-04-29-14-000", "2024__csv1": "535-30-12-2025", "Clavepre": "5-04-29-14-000", "RESOLUCION": "535-30-12-2025", "ORIG_FID": 249 }, "geometry": { "type": "Point", "coordinates": [ -80.759751512832665, -0.999610459253893 ] } },
{ "type": "Feature", "properties": { "id": 104343, "lote_id": 108915, "clavecatas": "5-04-29-18-000", "zona": "5", "sector": "04", "manzana": "29", "lote": "18", "ph": "000", "propietari": "GOBIERNO AUTONOMO DESCENTRALIZADO  MUNICIPAL MANTA .", "documentop": "1360000980001", "direccion": "SECTOR SAN JUAN DE MANTA - BARRIO SAN JUAN / MZ 29 LOTE 18", "area_m2": 1011.39, "frente_uti": 35.02, "frente_tot": 35.02, "avaluo_con": 0.0, "avaluo_sue": 0.0, "zonaurbano": "URBANA", "parroquia": "MANTA", "esta_bloqu": "NO", "es_tercera": "NO", "tiene_elec": "SI", "tiene_agua": "NO", "tiene_alca": "NO", "observacio": "SE CREA LA CLAVE CATASTRAL 5042918000 A FAVOR DEL GAD MANTA CON FINES DE LEGALIZACIÓN, PREDIO UBICADO EN EL BARRIO SAN JUAN DEL SECTOR SAN JUAN DE MANTA, PREVIO INFORME DEL ARQ. CRISTHIAN GERARDO PICO SAN LUCAS.", "observac_1": null, "barrio": "SAN JUAN", "parroquia_": 2, "barrio_id": 912, "proceso": 0, "fecha_regi": null, "activo_cat": "SI", "desactivad": 0, "avaluo_rem": 0.0, "avaluo_r_1": 0.0, "clasificac": "POR LEGALIZAR", "anio_deuda": 0, "deuda": 0.0, "valor_ip": 0.0, "coactiva": null, "ficharegis": 0, "etam": 0.1572210443, "diferencia": -25.1275659778, "porc_difer": -0.0248445861, "admisible": 1, "deuda_anio": 0.0, "2024__csv_": "5-04-29-18-000", "2024__csv1": "535-30-12-2025", "Clavepre": "5-04-29-18-000", "RESOLUCION": "535-30-12-2025", "ORIG_FID": 250 }, "geometry": { "type": "Point", "coordinates": [ -80.760505823792428, -1.000363044849814 ] } },
{ "type": "Feature", "properties": { "id": 104344, "lote_id": 109113, "clavecatas": "5-04-29-19-000", "zona": "5", "sector": "04", "manzana": "29", "lote": "19", "ph": "000", "propietari": "GOBIERNO AUTONOMO DESCENTRALIZADO  MUNICIPAL MANTA .", "documentop": "1360000980001", "direccion": "SECTOR SAN JUAN DE MANTA - BARRIO SAN JUAN / MZ 29 LOTE 19", "area_m2": 1055.69, "frente_uti": 32.86, "frente_tot": 61.35, "avaluo_con": 0.0, "avaluo_sue": 0.0, "zonaurbano": "URBANA", "parroquia": "MANTA", "esta_bloqu": "NO", "es_tercera": "NO", "tiene_elec": "SI", "tiene_agua": "NO", "tiene_alca": "NO", "observacio": "SE CREA LA CLAVE CATASTRAL 5042919000 A FAVOR DEL GAD MANTA CON FINES DE LEGALIZACIÓN, PREDIO UBICADO EN EL BARRIO SAN JUAN DEL SECTOR SAN JUAN DE MANTA, PREVIO INFORME DEL ARQ. CRISTHIAN GERARDO PICO SAN LUCAS.", "observac_1": null, "barrio": "SAN JUAN", "parroquia_": 2, "barrio_id": 912, "proceso": 0, "fecha_regi": null, "activo_cat": "SI", "desactivad": 0, "avaluo_rem": 0.0, "avaluo_r_1": 0.0, "clasificac": "POR LEGALIZAR", "anio_deuda": 0, "deuda": 0.0, "valor_ip": 0.0, "coactiva": null, "ficharegis": 0, "etam": 0.153886953, "diferencia": 0.0300417332, "porc_difer": 2.8457e-05, "admisible": 1, "deuda_anio": 0.0, "2024__csv_": "5-04-29-19-000", "2024__csv1": "535-30-12-2025", "Clavepre": "5-04-29-19-000", "RESOLUCION": "535-30-12-2025", "ORIG_FID": 251 }, "geometry": { "type": "Point", "coordinates": [ -80.759554442207403, -1.000628232437432 ] } },
{ "type": "Feature", "properties": { "id": 104345, "lote_id": 108882, "clavecatas": "5-04-29-21-000", "zona": "5", "sector": "04", "manzana": "29", "lote": "21", "ph": "000", "propietari": "GOBIERNO AUTONOMO DESCENTRALIZADO  MUNICIPAL MANTA .", "documentop": "1360000980001", "direccion": "SECTOR SAN JUAN DE MANTA - BARRIO SAN JUAN / MZ 29 LOTE 21", "area_m2": 581.81, "frente_uti": 12.4, "frente_tot": 59.3, "avaluo_con": 0.0, "avaluo_sue": 0.0, "zonaurbano": "URBANA", "parroquia": "MANTA", "esta_bloqu": "NO", "es_tercera": "NO", "tiene_elec": "SI", "tiene_agua": "NO", "tiene_alca": "NO", "observacio": "SE CREA LA CLAVE CATASTRAL 5042921000 A FAVOR DEL GAD MANTA / DELGADO LUCAS ANA MONSERRATE CON FINES DE LEGALIZACIÓN, PREDIO UBICADO EN EL BARRIO SAN JUAN DEL SECTOR SAN JUAN DE MANTA, PREVIO INFORME DEL ARQ. CRISTHIAN GERARDO PICO SAN LUCAS", "observac_1": null, "barrio": "SAN JUAN", "parroquia_": 2, "barrio_id": 912, "proceso": 0, "fecha_regi": null, "activo_cat": "SI", "desactivad": 0, "avaluo_rem": 0.0, "avaluo_r_1": 0.0, "clasificac": "POR LEGALIZAR", "anio_deuda": 0, "deuda": 0.0, "valor_ip": 0.0, "coactiva": null, "ficharegis": 0, "etam": 0.1658324055, "diferencia": 0.002998506, "porc_difer": 5.1538e-06, "admisible": 1, "deuda_anio": 0.0, "2024__csv_": "5-04-29-21-000", "2024__csv1": "536-30-12-2025", "Clavepre": "5-04-29-21-000", "RESOLUCION": "536-30-12-2025", "ORIG_FID": 252 }, "geometry": { "type": "Point", "coordinates": [ -80.760241098889338, -1.000584933992194 ] } },
{ "type": "Feature", "properties": { "id": 104346, "lote_id": 108924, "clavecatas": "5-04-29-22-000", "zona": "5", "sector": "04", "manzana": "29", "lote": "22", "ph": "000", "propietari": "GOBIERNO AUTONOMO DESCENTRALIZADO  MUNICIPAL MANTA .", "documentop": "1360000980001", "direccion": "SECTOR SAN JUAN DE MANTA - BARRIO SAN JUAN / MZ 29 LOTE 22", "area_m2": 549.36, "frente_uti": 11.4, "frente_tot": 11.4, "avaluo_con": 0.0, "avaluo_sue": 0.0, "zonaurbano": "URBANA", "parroquia": "MANTA", "esta_bloqu": "NO", "es_tercera": "NO", "tiene_elec": "SI", "tiene_agua": "NO", "tiene_alca": "NO", "observacio": "SE CREA LA CLAVE CATASTRAL 5042922000 A FAVOR DEL GAD MANTA CON FINES DE LEGALIZACIÓN, PREDIO UBICADO EN EL BARRIO SAN JUAN DEL SECTOR SAN JUAN DE MANTA, PREVIO INFORME DEL ARQ. CRISTHIAN GERARDO PICO SAN LUCAS.", "observac_1": null, "barrio": "SAN JUAN", "parroquia_": 2, "barrio_id": 912, "proceso": 0, "fecha_regi": null, "activo_cat": "SI", "desactivad": 0, "avaluo_rem": 0.0, "avaluo_r_1": 0.0, "clasificac": "POR LEGALIZAR", "anio_deuda": 0, "deuda": 0.0, "valor_ip": 0.0, "coactiva": null, "ficharegis": 0, "etam": 0.170659895, "diferencia": -0.0041432651, "porc_difer": -7.542e-06, "admisible": 1, "deuda_anio": 0.0, "2024__csv_": "5-04-29-22-000", "2024__csv1": "535-30-12-2025", "Clavepre": "5-04-29-22-000", "RESOLUCION": "535-30-12-2025", "ORIG_FID": 253 }, "geometry": { "type": "Point", "coordinates": [ -80.760235101993231, -1.000693789736863 ] } },
{ "type": "Feature", "properties": { "id": 104347, "lote_id": 108929, "clavecatas": "5-04-29-24-000", "zona": "5", "sector": "04", "manzana": "29", "lote": "24", "ph": "000", "propietari": "GOBIERNO AUTONOMO DESCENTRALIZADO  MUNICIPAL MANTA .", "documentop": "1360000980001", "direccion": "SECTOR SAN JUAN DE MANTA - BARRIO SAN JUAN / MZ 29 LOTE 24", "area_m2": 515.99, "frente_uti": 7.27, "frente_tot": 44.64, "avaluo_con": 0.0, "avaluo_sue": 0.0, "zonaurbano": "URBANA", "parroquia": "MANTA", "esta_bloqu": "NO", "es_tercera": "NO", "tiene_elec": "SI", "tiene_agua": "NO", "tiene_alca": "NO", "observacio": "SE CREA LA CLAVE CATASTRAL 5042924000 A FAVOR DEL GAD MANTA CON FINES DE LEGALIZACIÓN, PREDIO UBICADO EN EL BARRIO SAN JUAN DEL SECTOR SAN JUAN DE MANTA, PREVIO INFORME DEL ARQ. CRISTHIAN GERARDO PICO SAN LUCAS.", "observac_1": null, "barrio": "SAN JUAN", "parroquia_": 2, "barrio_id": 912, "proceso": 0, "fecha_regi": null, "activo_cat": "SI", "desactivad": 0, "avaluo_rem": 0.0, "avaluo_r_1": 0.0, "clasificac": "POR LEGALIZAR", "anio_deuda": 0, "deuda": 0.0, "valor_ip": 0.0, "coactiva": null, "ficharegis": 0, "etam": 0.1760918876, "diferencia": -1.5154859085000001, "porc_difer": -0.0029370451, "admisible": 1, "deuda_anio": 0.0, "2024__csv_": "5-04-29-24-000", "2024__csv1": "535-30-12-2025", "Clavepre": "5-04-29-24-000", "RESOLUCION": "535-30-12-2025", "ORIG_FID": 254 }, "geometry": { "type": "Point", "coordinates": [ -80.76032430223934, -1.000817813118125 ] } },
{ "type": "Feature", "properties": { "id": 104348, "lote_id": 108932, "clavecatas": "5-04-29-25-000", "zona": "5", "sector": "04", "manzana": "29", "lote": "25", "ph": "000", "propietari": "GOBIERNO AUTONOMO DESCENTRALIZADO  MUNICIPAL MANTA .", "documentop": "1360000980001", "direccion": "SECTOR SAN JUAN DE MANTA - BARRIO SAN JUAN / MZ 29 LOTE 25", "area_m2": 285.43, "frente_uti": 19.72, "frente_tot": 39.5, "avaluo_con": 5562.35, "avaluo_sue": 3467.97, "zonaurbano": "URBANA", "parroquia": "MANTA", "esta_bloqu": "NO", "es_tercera": "NO", "tiene_elec": "SI", "tiene_agua": "NO", "tiene_alca": "NO", "observacio": "SE CREA LA CLAVE CATASTRAL 5042925000 A FAVOR DEL GAD MANTA CON FINES DE LEGALIZACIÓN, PREDIO UBICADO EN EL BARRIO SAN JUAN DEL SECTOR SAN JUAN DE MANTA, PREVIO INFORME DEL ARQ. CRISTHIAN GERARDO PICO SAN LUCAS.", "observac_1": null, "barrio": "SAN JUAN", "parroquia_": 2, "barrio_id": 912, "proceso": 0, "fecha_regi": null, "activo_cat": "SI", "desactivad": 0, "avaluo_rem": 0.0, "avaluo_r_1": 0.0, "clasificac": "POR LEGALIZAR", "anio_deuda": 0, "deuda": 0.0, "valor_ip": 0.0, "coactiva": null, "ficharegis": 0, "etam": 0.1183805046, "diferencia": -0.0018167986, "porc_difer": -6.3651e-06, "admisible": 1, "deuda_anio": 0.0, "2024__csv_": "5-04-29-25-000", "2024__csv1": "536-30-12-2025", "Clavepre": "5-04-29-25-000", "RESOLUCION": "536-30-12-2025", "ORIG_FID": 255 }, "geometry": { "type": "Point", "coordinates": [ -80.760571840201834, -1.000858911279444 ] } },
{ "type": "Feature", "properties": { "id": 104349, "lote_id": 108874, "clavecatas": "5-04-29-30-000", "zona": "5", "sector": "04", "manzana": "29", "lote": "30", "ph": "000", "propietari": "GOBIERNO AUTONOMO DESCENTRALIZADO  MUNICIPAL MANTA .", "documentop": "1360000980001", "direccion": "SECTOR SAN JUAN DE MANTA - BARRIO SAN JUAN / MZ 29 LOTE 30", "area_m2": 265.73, "frente_uti": 12.45, "frente_tot": 45.93, "avaluo_con": 46028.8, "avaluo_sue": 3228.62, "zonaurbano": "URBANA", "parroquia": "MANTA", "esta_bloqu": "NO", "es_tercera": "NO", "tiene_elec": "NO", "tiene_agua": "NO", "tiene_alca": "NO", "observacio": "SE CREA LA CLAVE CATASTRAL 5042930000 A FAVOR DEL GAD MANTA / DELGADO LUCAS CARLOS RAMON CON FINES DE LEGALIZACIÓN, PREDIO UBICADO EN EL BARRIO SAN JUAN DEL SECTOR SAN JUAN DE MANTA, PREVIO INFORME DEL ARQ. CRISTHIAN GERARDO PICO SAN LUCAS", "observac_1": null, "barrio": "SAN JUAN", "parroquia_": 2, "barrio_id": 912, "proceso": 0, "fecha_regi": null, "activo_cat": "SI", "desactivad": 0, "avaluo_rem": 0.0, "avaluo_r_1": 0.0, "clasificac": "POR LEGALIZAR", "anio_deuda": 0, "deuda": 0.0, "valor_ip": 0.0, "coactiva": null, "ficharegis": 0, "etam": 0.1226901513, "diferencia": 18.516244729, "porc_difer": 0.0696806711, "admisible": 1, "deuda_anio": 0.0, "2024__csv_": "5-04-29-30-000", "2024__csv1": "536-30-12-2025", "Clavepre": "5-04-29-30-000", "RESOLUCION": "536-30-12-2025", "ORIG_FID": 256 }, "geometry": { "type": "Point", "coordinates": [ -80.760554253538487, -1.00062960725243 ] } },
{ "type": "Feature", "properties": { "id": 104350, "lote_id": 108865, "clavecatas": "5-04-29-37-000", "zona": "5", "sector": "04", "manzana": "29", "lote": "37", "ph": "000", "propietari": "GOBIERNO AUTONOMO DESCENTRALIZADO  MUNICIPAL MANTA .", "documentop": "1360000980001", "direccion": "SECTOR SAN JUAN DE MANTA - BARRIO SAN JUAN / MZ 29 LOTE 37", "area_m2": 186.59, "frente_uti": 17.23, "frente_tot": 17.23, "avaluo_con": 1072.08, "avaluo_sue": 2040.36, "zonaurbano": "URBANA", "parroquia": "MANTA", "esta_bloqu": "NO", "es_tercera": "NO", "tiene_elec": "SI", "tiene_agua": "NO", "tiene_alca": "NO", "observacio": "SE CREA LA CLAVE CATASTRAL 5042937000 A FAVOR DEL GAD MANTA / LUCAS VÉLEZ JUANA IDALINDACON FINES DE LEGALIZACIÓN, PREDIO UBICADO EN EL BARRIO SAN JUAN DEL SECTOR SAN JUAN DE MANTA, PREVIO INFORME DEL ARQ. CRISTHIAN GERARDO PICO SAN LUCAS.", "observac_1": null, "barrio": "SAN JUAN", "parroquia_": 2, "barrio_id": 912, "proceso": 0, "fecha_regi": null, "activo_cat": "SI", "desactivad": 0, "avaluo_rem": 0.0, "avaluo_r_1": 0.0, "clasificac": "POR LEGALIZAR", "anio_deuda": 0, "deuda": 0.0, "valor_ip": 0.0, "coactiva": null, "ficharegis": 0, "etam": 0.0732075407, "diferencia": 0.0010188295, "porc_difer": 5.4603e-06, "admisible": 1, "deuda_anio": 0.0, "2024__csv_": "5-04-29-37-000", "2024__csv1": "536-30-12-2025", "Clavepre": "5-04-29-37-000", "RESOLUCION": "536-30-12-2025", "ORIG_FID": 257 }, "geometry": { "type": "Point", "coordinates": [ -80.760629644469759, -0.999491389404751 ] } },
{ "type": "Feature", "properties": { "id": 104351, "lote_id": 108861, "clavecatas": "5-04-29-40-000", "zona": "5", "sector": "04", "manzana": "29", "lote": "40", "ph": "000", "propietari": "GOBIERNO AUTONOMO DESCENTRALIZADO  MUNICIPAL MANTA .", "documentop": "1360000980001", "direccion": "SECTOR SAN JUAN DE MANTA - BARRIO SAN JUAN / MZ 29 LOTE 40", "area_m2": 510.23, "frente_uti": 16.08, "frente_tot": 29.05, "avaluo_con": 6720.0, "avaluo_sue": 5579.37, "zonaurbano": "URBANA", "parroquia": "MANTA", "esta_bloqu": "NO", "es_tercera": "NO", "tiene_elec": "SI", "tiene_agua": "NO", "tiene_alca": "NO", "observacio": "SE CREA LA CLAVE CATASTRAL 5042940000 A FAVOR DEL GAD MANTA / BAILON LUCAS MARTHA JANETH CON FINES DE LEGALIZACIÓN, PREDIO UBICADO EN EL BARRIO SAN JUAN DEL SECTOR SAN JUAN DE MANTA, PREVIO INFORME DEL ARQ. CRISTHIAN GERARDO PICO SAN LUCAS.", "observac_1": null, "barrio": "SAN JUAN", "parroquia_": 2, "barrio_id": 912, "proceso": 0, "fecha_regi": null, "activo_cat": "SI", "desactivad": 0, "avaluo_rem": 0.0, "avaluo_r_1": 0.0, "clasificac": "POR LEGALIZAR", "anio_deuda": 0, "deuda": 0.0, "valor_ip": 0.0, "coactiva": null, "ficharegis": 0, "etam": 0.1770830511, "diferencia": 4.5577773374000001, "porc_difer": 0.0089327898, "admisible": 1, "deuda_anio": 0.0, "2024__csv_": "5-04-29-40-000", "2024__csv1": "536-30-12-2025", "Clavepre": "5-04-29-40-000", "RESOLUCION": "536-30-12-2025", "ORIG_FID": 258 }, "geometry": { "type": "Point", "coordinates": [ -80.760568531744198, -0.999268759565983 ] } },
{ "type": "Feature", "properties": { "id": 104352, "lote_id": 108928, "clavecatas": "5-04-29-45-000", "zona": "5", "sector": "04", "manzana": "29", "lote": "45", "ph": "000", "propietari": "GOBIERNO AUTONOMO DESCENTRALIZADO  MUNICIPAL MANTA .", "documentop": "1360000980001", "direccion": "SECTOR SAN JUAN DE MANTA - BARRIO SAN JUAN / MZ 29 LOTE 45", "area_m2": 219.71, "frente_uti": 11.87, "frente_tot": 11.87, "avaluo_con": 0.0, "avaluo_sue": 0.0, "zonaurbano": "URBANA", "parroquia": "MANTA", "esta_bloqu": "NO", "es_tercera": "NO", "tiene_elec": "SI", "tiene_agua": "NO", "tiene_alca": "NO", "observacio": "SE CREA LA CLAVE CATASTRAL 5042945000 A FAVOR DEL GAD MANTA CON FINES DE LEGALIZACIÓN, PREDIO UBICADO EN EL BARRIO SAN JUAN DEL SECTOR SAN JUAN DE MANTA, PREVIO INFORME DEL ARQ. CRISTHIAN GERARDO PICO SAN LUCAS.", "observac_1": null, "barrio": "SAN JUAN", "parroquia_": 2, "barrio_id": 912, "proceso": 0, "fecha_regi": null, "activo_cat": "SI", "desactivad": 0, "avaluo_rem": 0.0, "avaluo_r_1": 0.0, "clasificac": "POR LEGALIZAR", "anio_deuda": 0, "deuda": 0.0, "valor_ip": 0.0, "coactiva": null, "ficharegis": 0, "etam": 0.1349289323, "diferencia": -0.0028070998, "porc_difer": -1.27764e-05, "admisible": 1, "deuda_anio": 0.0, "2024__csv_": "5-04-29-45-000", "2024__csv1": "535-30-12-2025", "Clavepre": "5-04-29-45-000", "RESOLUCION": "535-30-12-2025", "ORIG_FID": 259 }, "geometry": { "type": "Point", "coordinates": [ -80.760908782564925, -0.99900702392461 ] } },
{ "type": "Feature", "properties": { "id": 104353, "lote_id": 108920, "clavecatas": "5-04-29-47-000", "zona": "5", "sector": "04", "manzana": "29", "lote": "47", "ph": "000", "propietari": "GOBIERNO AUTONOMO DESCENTRALIZADO  MUNICIPAL MANTA .", "documentop": "1360000980001", "direccion": "SECTOR SAN JUAN DE MANTA - BARRIO SAN JUAN / MZ 29 LOTE 47", "area_m2": 1498.96, "frente_uti": 24.68, "frente_tot": 83.56, "avaluo_con": 0.0, "avaluo_sue": 0.0, "zonaurbano": "URBANA", "parroquia": "MANTA", "esta_bloqu": "NO", "es_tercera": "NO", "tiene_elec": "SI", "tiene_agua": "NO", "tiene_alca": "NO", "observacio": "SE CREA LA CLAVE CATASTRAL 5042947000 A FAVOR DEL GAD MANTA CON FINES DE LEGALIZACIÓN, PREDIO UBICADO EN EL BARRIO SAN JUAN DEL SECTOR SAN JUAN DE MANTA, PREVIO INFORME DEL ARQ. CRISTHIAN GERARDO PICO SAN LUCAS.", "observac_1": null, "barrio": "SAN JUAN", "parroquia_": 2, "barrio_id": 912, "proceso": 0, "fecha_regi": null, "activo_cat": "SI", "desactivad": 0, "avaluo_rem": 0.0, "avaluo_r_1": 0.0, "clasificac": "POR LEGALIZAR", "anio_deuda": 0, "deuda": 0.0, "valor_ip": 0.0, "coactiva": null, "ficharegis": 0, "etam": 0.1291442226, "diferencia": 35.609174822500002, "porc_difer": 0.0237559207, "admisible": 1, "deuda_anio": 0.0, "2024__csv_": "5-04-29-47-000", "2024__csv1": "535-30-12-2025", "Clavepre": "5-04-29-47-000", "RESOLUCION": "535-30-12-2025", "ORIG_FID": 260 }, "geometry": { "type": "Point", "coordinates": [ -80.760626018209663, -0.99874431568921 ] } },
{ "type": "Feature", "properties": { "id": 104354, "lote_id": 108946, "clavecatas": "5-04-34-03-000", "zona": "5", "sector": "04", "manzana": "34", "lote": "03", "ph": "000", "propietari": "GOBIERNO AUTONOMO DESCENTRALIZADO  MUNICIPAL MANTA .", "documentop": "1360000980001", "direccion": "SECTOR SAN JUAN DE MANTA - BARRIO SAN JUAN / MZ 34 LOTE 03", "area_m2": 153.08, "frente_uti": 17.26, "frente_tot": 17.26, "avaluo_con": 221.0, "avaluo_sue": 1766.93, "zonaurbano": "URBANA", "parroquia": "MANTA", "esta_bloqu": "NO", "es_tercera": "NO", "tiene_elec": "SI", "tiene_agua": "NO", "tiene_alca": "NO", "observacio": "SE CREA LA CLAVE CATASTRAL 5043403000 A FAVOR DEL GAD MANTA / PARRAGA VELEZ FRANCISCO ELPIDIO CON FINES DE LEGALIZACIÓN, PREDIO UBICADO EN EL BARRIO SAN JUAN DEL SECTOR SAN JUAN DE MANTA, PREVIO INFORME DEL ARQ. CRISTHIAN GERARDO PICO SAN LUCAS.", "observac_1": null, "barrio": "SAN JUAN", "parroquia_": 2, "barrio_id": 912, "proceso": 0, "fecha_regi": null, "activo_cat": "SI", "desactivad": 0, "avaluo_rem": 0.0, "avaluo_r_1": 0.0, "clasificac": "POR LEGALIZAR", "anio_deuda": 0, "deuda": 0.0, "valor_ip": 0.0, "coactiva": null, "ficharegis": 0, "etam": 0.0808240806, "diferencia": -0.0031034986, "porc_difer": -2.02737e-05, "admisible": 1, "deuda_anio": 0.0, "2024__csv_": "5-04-34-03-000", "2024__csv1": "536-30-12-2025", "Clavepre": "5-04-34-03-000", "RESOLUCION": "536-30-12-2025", "ORIG_FID": 261 }, "geometry": { "type": "Point", "coordinates": [ -80.76117102031337, -1.001819034725394 ] } },
{ "type": "Feature", "properties": { "id": 104355, "lote_id": 108948, "clavecatas": "5-04-34-04-000", "zona": "5", "sector": "04", "manzana": "34", "lote": "04", "ph": "000", "propietari": "GOBIERNO AUTONOMO DESCENTRALIZADO  MUNICIPAL MANTA .", "documentop": "1360000980001", "direccion": "SECTOR SAN JUAN DE MANTA - BARRIO SAN JUAN / MZ 34 LOTE 04", "area_m2": 145.09, "frente_uti": 11.37, "frente_tot": 25.94, "avaluo_con": 9618.34, "avaluo_sue": 1762.84, "zonaurbano": "URBANA", "parroquia": "MANTA", "esta_bloqu": "NO", "es_tercera": "NO", "tiene_elec": "SI", "tiene_agua": "NO", "tiene_alca": "NO", "observacio": "SE CREA LA CLAVE CATASTRAL 5043404000 A FAVOR DEL GAD MANTA / PARRAGA VELEZ MONSERRATE TATIANA CON FINES DE LEGALIZACIÓN, PREDIO UBICADO EN EL BARRIO SAN JUAN DEL SECTOR SAN JUAN DE MANTA, PREVIO INFORME DEL ARQ. CRISTHIAN GERARDO PICO SAN LUCAS.", "observac_1": null, "barrio": "SAN JUAN", "parroquia_": 2, "barrio_id": 912, "proceso": 0, "fecha_regi": null, "activo_cat": "SI", "desactivad": 0, "avaluo_rem": 0.0, "avaluo_r_1": 0.0, "clasificac": "POR LEGALIZAR", "anio_deuda": 0, "deuda": 0.0, "valor_ip": 0.0, "coactiva": null, "ficharegis": 0, "etam": 0.0830197191, "diferencia": 0.0016760537, "porc_difer": 1.15518e-05, "admisible": 1, "deuda_anio": 0.0, "2024__csv_": "5-04-34-04-000", "2024__csv1": "536-30-12-2025", "Clavepre": "5-04-34-04-000", "RESOLUCION": "536-30-12-2025", "ORIG_FID": 262 }, "geometry": { "type": "Point", "coordinates": [ -80.761037203197759, -1.001792959675133 ] } },
{ "type": "Feature", "properties": { "id": 104356, "lote_id": 108951, "clavecatas": "5-04-34-05-000", "zona": "5", "sector": "04", "manzana": "34", "lote": "05", "ph": "000", "propietari": "GOBIERNO AUTONOMO DESCENTRALIZADO  MUNICIPAL MANTA .", "documentop": "1360000980001", "direccion": "SECTOR SAN JUAN DE MANTA - BARRIO SAN JUAN / MZ 34 LOTE 05", "area_m2": 183.86, "frente_uti": 11.84, "frente_tot": 11.84, "avaluo_con": 20047.2, "avaluo_sue": 2010.51, "zonaurbano": "URBANA", "parroquia": "MANTA", "esta_bloqu": "NO", "es_tercera": "NO", "tiene_elec": "SI", "tiene_agua": "NO", "tiene_alca": "NO", "observacio": "SE CREA LA CLAVE CATASTRAL 5043405000 A FAVOR DEL GAD MANTA / VELEZ VELEZ CARLOS EDUARDO CON FINES DE LEGALIZACIÓN, PREDIO UBICADO EN EL BARRIO SAN JUAN DEL SECTOR SAN JUAN DE MANTA, PREVIO INFORME DEL ARQ. CRISTHIAN GERARDO PICO SAN LUCAS.", "observac_1": null, "barrio": "SAN JUAN", "parroquia_": 2, "barrio_id": 912, "proceso": 0, "fecha_regi": null, "activo_cat": "SI", "desactivad": 0, "avaluo_rem": 0.0, "avaluo_r_1": 0.0, "clasificac": "POR LEGALIZAR", "anio_deuda": 0, "deuda": 0.0, "valor_ip": 0.0, "coactiva": null, "ficharegis": 0, "etam": 0.0737490401, "diferencia": 0.0040794579, "porc_difer": 2.21878e-05, "admisible": 1, "deuda_anio": 0.0, "2024__csv_": "5-04-34-05-000", "2024__csv1": "536-30-12-2025", "Clavepre": "5-04-34-05-000", "RESOLUCION": "536-30-12-2025", "ORIG_FID": 263 }, "geometry": { "type": "Point", "coordinates": [ -80.761114962074174, -1.001956580949837 ] } },
{ "type": "Feature", "properties": { "id": 104357, "lote_id": 108950, "clavecatas": "5-04-34-06-000", "zona": "5", "sector": "04", "manzana": "34", "lote": "06", "ph": "000", "propietari": "GOBIERNO AUTONOMO DESCENTRALIZADO  MUNICIPAL MANTA .", "documentop": "1360000980001", "direccion": "SECTOR SAN JUAN DE MANTA - BARRIO SAN JUAN / MZ 34 LOTE 06", "area_m2": 186.1, "frente_uti": 9.73, "frente_tot": 25.92, "avaluo_con": 7094.4, "avaluo_sue": 2148.06, "zonaurbano": "URBANA", "parroquia": "MANTA", "esta_bloqu": "NO", "es_tercera": "NO", "tiene_elec": "SI", "tiene_agua": "NO", "tiene_alca": "NO", "observacio": "SE CREA LA CLAVE CATASTRAL 5043406000 A FAVOR DEL GAD MANTA / VELEZ VELEZ MODESTO LUIS CON FINES DE LEGALIZACIÓN, PREDIO UBICADO EN EL BARRIO SAN JUAN DEL SECTOR SAN JUAN DE MANTA, PREVIO INFORME DEL ARQ. CRISTHIAN GERARDO PICO SAN LUCAS.", "observac_1": null, "barrio": "SAN JUAN", "parroquia_": 2, "barrio_id": 912, "proceso": 0, "fecha_regi": null, "activo_cat": "SI", "desactivad": 0, "avaluo_rem": 0.0, "avaluo_r_1": 0.0, "clasificac": "POR LEGALIZAR", "anio_deuda": 0, "deuda": 0.0, "valor_ip": 0.0, "coactiva": null, "ficharegis": 0, "etam": 0.0733038548, "diferencia": -0.0032178615, "porc_difer": -1.7291e-05, "admisible": 1, "deuda_anio": 0.0, "2024__csv_": "5-04-34-06-000", "2024__csv1": "536-30-12-2025", "Clavepre": "5-04-34-06-000", "RESOLUCION": "536-30-12-2025", "ORIG_FID": 264 }, "geometry": { "type": "Point", "coordinates": [ -80.760992296569754, -1.001921154449765 ] } },
{ "type": "Feature", "properties": { "id": 104358, "lote_id": 108955, "clavecatas": "5-04-34-14-000", "zona": "5", "sector": "04", "manzana": "34", "lote": "14", "ph": "000", "propietari": "GOBIERNO AUTONOMO DESCENTRALIZADO  MUNICIPAL MANTA .", "documentop": "1360000980001", "direccion": "SECTOR SAN JUAN DE MANTA - BARRIO SAN JUAN / MZ 34 LOTE 14", "area_m2": 219.9, "frente_uti": 20.0, "frente_tot": 20.0, "avaluo_con": 15840.0, "avaluo_sue": 3298.5, "zonaurbano": "URBANA", "parroquia": "MANTA", "esta_bloqu": "NO", "es_tercera": "NO", "tiene_elec": "SI", "tiene_agua": "NO", "tiene_alca": "NO", "observacio": "SE CREA LA CLAVE CATASTRAL 5043414000 A FAVOR DEL GAD MANTA / LUCAS DELGADO MAYRA MARIELA CON FINES DE LEGALIZACIÓN, PREDIO UBICADO EN EL BARRIO SAN JUAN DEL SECTOR SAN JUAN DE MANTA, PREVIO INFORME DEL ARQ. CRISTHIAN GERARDO PICO SAN LUCAS", "observac_1": null, "barrio": "SAN JUAN", "parroquia_": 2, "barrio_id": 912, "proceso": 0, "fecha_regi": null, "activo_cat": "SI", "desactivad": 0, "avaluo_rem": 0.0, "avaluo_r_1": 0.0, "clasificac": "POR LEGALIZAR", "anio_deuda": 0, "deuda": 0.0, "valor_ip": 0.0, "coactiva": null, "ficharegis": 0, "etam": 0.1348706284, "diferencia": 8.95312e-05, "porc_difer": 4.071e-07, "admisible": 1, "deuda_anio": 0.0, "2024__csv_": "5-04-34-14-000", "2024__csv1": "536-30-12-2025", "Clavepre": "5-04-34-14-000", "RESOLUCION": "536-30-12-2025", "ORIG_FID": 265 }, "geometry": { "type": "Point", "coordinates": [ -80.761344506789086, -1.003180755442864 ] } },
{ "type": "Feature", "properties": { "id": 104359, "lote_id": 108953, "clavecatas": "5-04-34-16-000", "zona": "5", "sector": "04", "manzana": "34", "lote": "16", "ph": "000", "propietari": "GOBIERNO AUTONOMO DESCENTRALIZADO  MUNICIPAL MANTA .", "documentop": "1360000980001", "direccion": "SECTOR SAN JUAN DE MANTA - BARRIO SAN JUAN / MZ 34 LOTE 16", "area_m2": 1366.58, "frente_uti": 12.8, "frente_tot": 19.23, "avaluo_con": 0.0, "avaluo_sue": 20498.7, "zonaurbano": "URBANA", "parroquia": "MANTA", "esta_bloqu": "NO", "es_tercera": "NO", "tiene_elec": "SI", "tiene_agua": "NO", "tiene_alca": "NO", "observacio": "SE CREA LA CLAVE CATASTRAL 5043416000 A FAVOR DEL GAD MANTA / MERO VILLAVICENCIO BELLA OLINDA CON FINES DE LEGALIZACIÓN, PREDIO UBICADO EN EL BARRIO SAN JUAN DEL SECTOR SAN JUAN DE MANTA, PREVIO INFORME DEL ARQ. CRISTHIAN GERARDO PICO SAN LUCAS", "observac_1": null, "barrio": "SAN JUAN", "parroquia_": 2, "barrio_id": 912, "proceso": 0, "fecha_regi": null, "activo_cat": "SI", "desactivad": 0, "avaluo_rem": 0.0, "avaluo_r_1": 0.0, "clasificac": "POR LEGALIZAR", "anio_deuda": 0, "deuda": 0.0, "valor_ip": 0.0, "coactiva": null, "ficharegis": 0, "etam": 0.1352547338, "diferencia": 0.4838907178, "porc_difer": 0.0003540888, "admisible": 1, "deuda_anio": 0.0, "2024__csv_": "5-04-34-16-000", "2024__csv1": "536-30-12-2025", "Clavepre": "5-04-34-16-000", "RESOLUCION": "536-30-12-2025", "ORIG_FID": 266 }, "geometry": { "type": "Point", "coordinates": [ -80.76151705135895, -1.002874622951017 ] } },
{ "type": "Feature", "properties": { "id": 104360, "lote_id": 108959, "clavecatas": "5-04-35-02-000", "zona": "5", "sector": "04", "manzana": "35", "lote": "02", "ph": "000", "propietari": "GOBIERNO AUTONOMO DESCENTRALIZADO  MUNICIPAL MANTA .", "documentop": "1360000980001", "direccion": "SECTOR SAN JUAN DE MANTA - BARRIO SAN JUAN / MZ 35 LOTE 02", "area_m2": 1372.72, "frente_uti": 17.81, "frente_tot": 48.76, "avaluo_con": 0.0, "avaluo_sue": 0.0, "zonaurbano": "URBANA", "parroquia": "MANTA", "esta_bloqu": "NO", "es_tercera": "NO", "tiene_elec": "SI", "tiene_agua": "NO", "tiene_alca": "NO", "observacio": "SE CREA LA CLAVE CATASTRAL 5043502000 A FAVOR DEL GAD MANTA CON FINES DE LEGALIZACIÓN, PREDIO UBICADO EN EL BARRIO SAN JUAN DEL SECTOR SAN JUAN DE MANTA, PREVIO INFORME DEL ARQ. CRISTHIAN GERARDO PICO SAN LUCAS.", "observac_1": null, "barrio": "SAN JUAN", "parroquia_": 2, "barrio_id": 912, "proceso": 0, "fecha_regi": null, "activo_cat": "SI", "desactivad": 0, "avaluo_rem": 0.0, "avaluo_r_1": 0.0, "clasificac": "POR LEGALIZAR", "anio_deuda": 0, "deuda": 0.0, "valor_ip": 0.0, "coactiva": null, "ficharegis": 0, "etam": 0.1349519063, "diferencia": 0.0002684794, "porc_difer": 1.956e-07, "admisible": 1, "deuda_anio": 0.0, "2024__csv_": "5-04-35-02-000", "2024__csv1": "535-30-12-2025", "Clavepre": "5-04-35-02-000", "RESOLUCION": "535-30-12-2025", "ORIG_FID": 267 }, "geometry": { "type": "Point", "coordinates": [ -80.762321393999628, -1.003399090120644 ] } },
{ "type": "Feature", "properties": { "id": 104361, "lote_id": 108960, "clavecatas": "5-04-35-03-000", "zona": "5", "sector": "04", "manzana": "35", "lote": "03", "ph": "000", "propietari": "GOBIERNO AUTONOMO DESCENTRALIZADO  MUNICIPAL MANTA .", "documentop": "1360000980001", "direccion": "SECTOR SAN JUAN DE MANTA - BARRIO SAN JUAN / MZ 35 LOTE 03", "area_m2": 1499.2, "frente_uti": 5.59, "frente_tot": 5.59, "avaluo_con": 0.0, "avaluo_sue": 0.0, "zonaurbano": "URBANA", "parroquia": "MANTA", "esta_bloqu": "NO", "es_tercera": "NO", "tiene_elec": "SI", "tiene_agua": "NO", "tiene_alca": "NO", "observacio": "SE CREA LA CLAVE CATASTRAL 5043503000 A FAVOR DEL GAD MANTA CON FINES DE LEGALIZACIÓN, PREDIO UBICADO EN EL BARRIO SAN JUAN DEL SECTOR SAN JUAN DE MANTA, PREVIO INFORME DEL ARQ. CRISTHIAN GERARDO PICO SAN LUCAS.", "observac_1": null, "barrio": "SAN JUAN", "parroquia_": 2, "barrio_id": 912, "proceso": 0, "fecha_regi": null, "activo_cat": "SI", "desactivad": 0, "avaluo_rem": 0.0, "avaluo_r_1": 0.0, "clasificac": "POR LEGALIZAR", "anio_deuda": 0, "deuda": 0.0, "valor_ip": 0.0, "coactiva": null, "ficharegis": 0, "etam": 0.1291338852, "diferencia": -0.0045613556, "porc_difer": -3.0425e-06, "admisible": 1, "deuda_anio": 0.0, "2024__csv_": "5-04-35-03-000", "2024__csv1": "535-30-12-2025", "Clavepre": "5-04-35-03-000", "RESOLUCION": "535-30-12-2025", "ORIG_FID": 268 }, "geometry": { "type": "Point", "coordinates": [ -80.762427204992179, -1.003696994446184 ] } },
{ "type": "Feature", "properties": { "id": 104362, "lote_id": 108961, "clavecatas": "5-04-35-04-000", "zona": "5", "sector": "04", "manzana": "35", "lote": "04", "ph": "000", "propietari": "GOBIERNO AUTONOMO DESCENTRALIZADO  MUNICIPAL MANTA .", "documentop": "1360000980001", "direccion": "SECTOR SAN JUAN DE MANTA - BARRIO SAN JUAN / MZ 35 LOTE 04", "area_m2": 368.0, "frente_uti": 6.71, "frente_tot": 6.71, "avaluo_con": 0.0, "avaluo_sue": 0.0, "zonaurbano": "URBANA", "parroquia": "MANTA", "esta_bloqu": "NO", "es_tercera": "NO", "tiene_elec": "SI", "tiene_agua": "NO", "tiene_alca": "NO", "observacio": "SE CREA LA CLAVE CATASTRAL 5043504000 A FAVOR DEL GAD MANTA CON FINES DE LEGALIZACIÓN, PREDIO UBICADO EN EL BARRIO SAN JUAN DEL SECTOR SAN JUAN DE MANTA, PREVIO INFORME DEL ARQ. CRISTHIAN GERARDO PICO SAN LUCAS.", "observac_1": null, "barrio": "SAN JUAN", "parroquia_": 2, "barrio_id": 912, "proceso": 0, "fecha_regi": null, "activo_cat": "SI", "desactivad": 0, "avaluo_rem": 0.0, "avaluo_r_1": 0.0, "clasificac": "POR LEGALIZAR", "anio_deuda": 0, "deuda": 0.0, "valor_ip": 0.0, "coactiva": null, "ficharegis": 0, "etam": 0.1563858105, "diferencia": -0.0036001149, "porc_difer": -9.7829e-06, "admisible": 1, "deuda_anio": 0.0, "2024__csv_": "5-04-35-04-000", "2024__csv1": "535-30-12-2025", "Clavepre": "5-04-35-04-000", "RESOLUCION": "535-30-12-2025", "ORIG_FID": 269 }, "geometry": { "type": "Point", "coordinates": [ -80.762187147394513, -1.003765761622181 ] } },
{ "type": "Feature", "properties": { "id": 104363, "lote_id": 108962, "clavecatas": "5-04-35-06-000", "zona": "5", "sector": "04", "manzana": "35", "lote": "06", "ph": "000", "propietari": "GOBIERNO AUTONOMO DESCENTRALIZADO  MUNICIPAL MANTA .", "documentop": "1360000980001", "direccion": "SECTOR SAN JUAN DE MANTA - BARRIO SAN JUAN / MZ 35 LOTE 06", "area_m2": 112.19, "frente_uti": 10.69, "frente_tot": 14.56, "avaluo_con": 0.0, "avaluo_sue": 0.0, "zonaurbano": "URBANA", "parroquia": "MANTA", "esta_bloqu": "NO", "es_tercera": "NO", "tiene_elec": "SI", "tiene_agua": "NO", "tiene_alca": "NO", "observacio": "SE CREA LA CLAVE CATASTRAL 5043506000 A FAVOR DEL GAD MANTA CON FINES DE LEGALIZACIÓN, PREDIO UBICADO EN EL BARRIO SAN JUAN DEL SECTOR SAN JUAN DE MANTA, PREVIO INFORME DEL ARQ. CRISTHIAN GERARDO PICO SAN LUCAS.", "observac_1": null, "barrio": "SAN JUAN", "parroquia_": 2, "barrio_id": 912, "proceso": 0, "fecha_regi": null, "activo_cat": "SI", "desactivad": 0, "avaluo_rem": 0.0, "avaluo_r_1": 0.0, "clasificac": "POR LEGALIZAR", "anio_deuda": 0, "deuda": 0.0, "valor_ip": 0.0, "coactiva": null, "ficharegis": 0, "etam": 0.0944110714, "diferencia": -0.1055863826, "porc_difer": -0.000941139, "admisible": 1, "deuda_anio": 0.0, "2024__csv_": "5-04-35-06-000", "2024__csv1": "535-30-12-2025", "Clavepre": "5-04-35-06-000", "RESOLUCION": "535-30-12-2025", "ORIG_FID": 270 }, "geometry": { "type": "Point", "coordinates": [ -80.761940500684091, -1.003538447698547 ] } },
{ "type": "Feature", "properties": { "id": 104364, "lote_id": 109091, "clavecatas": "5-04-35-10-000", "zona": "5", "sector": "04", "manzana": "35", "lote": "10", "ph": "000", "propietari": "GOBIERNO AUTONOMO DESCENTRALIZADO  MUNICIPAL MANTA .", "documentop": "1360000980001", "direccion": "SECTOR SAN JUAN DE MANTA - BARRIO SAN JUAN / MZ 35 LOTE 10", "area_m2": 199.84, "frente_uti": 7.97, "frente_tot": 20.45, "avaluo_con": 0.0, "avaluo_sue": 0.0, "zonaurbano": "URBANA", "parroquia": "MANTA", "esta_bloqu": "NO", "es_tercera": "NO", "tiene_elec": "SI", "tiene_agua": "NO", "tiene_alca": "NO", "observacio": "SE CREA LA CLAVE CATASTRAL 5043510000 A FAVOR DEL GAD MANTA, CON FINES DE LEGALIZACIÓN, PREDIO UBICADO EN EL BARRIO SAN JUAN DEL SECTAOR SAN JUAN DAE MANTA, PREVIO INFORME SDEL ARQ. CRISTHIAN GERARDO PICO SAN LUCAS.", "observac_1": null, "barrio": "SAN JUAN", "parroquia_": 2, "barrio_id": 912, "proceso": 0, "fecha_regi": null, "activo_cat": "SI", "desactivad": 0, "avaluo_rem": 0.0, "avaluo_r_1": 0.0, "clasificac": "POR LEGALIZAR", "anio_deuda": 0, "deuda": 0.0, "valor_ip": 0.0, "coactiva": null, "ficharegis": 0, "etam": 0.0, "diferencia": -0.9826688883, "porc_difer": -0.0049172783, "admisible": 0, "deuda_anio": 0.0, "2024__csv_": "5-04-35-10-000", "2024__csv1": "535-30-12-2025", "Clavepre": "5-04-35-10-000", "RESOLUCION": "535-30-12-2025", "ORIG_FID": 271 }, "geometry": { "type": "Point", "coordinates": [ -80.761757737068265, -1.003573045122176 ] } },
{ "type": "Feature", "properties": { "id": 104365, "lote_id": 109041, "clavecatas": "5-04-35-12-000", "zona": "5", "sector": "04", "manzana": "35", "lote": "12", "ph": "000", "propietari": "GOBIERNO AUTONOMO DESCENTRALIZADO  MUNICIPAL MANTA .", "documentop": "1360000980001", "direccion": "SECTOR SAN JUAN DE MANTA - BARRIO SAN JUAN / MZ 35 LOTE 12", "area_m2": 1047.63, "frente_uti": 16.61, "frente_tot": 33.96, "avaluo_con": 0.0, "avaluo_sue": 0.0, "zonaurbano": "URBANA", "parroquia": "MANTA", "esta_bloqu": "NO", "es_tercera": "NO", "tiene_elec": "SI", "tiene_agua": "NO", "tiene_alca": "NO", "observacio": "SE CREA LA CLAVE CATASTRAL 5043512000 A FAVOR DEL GAD MANTA CON FINES DE LEGALIZACIÓN, PREDIO UBICADO EN EL BARRIO SAN JUAN DEL SECTOR SAN JUAN DE MANTA, PREVIO INFORME DEL ARQ. CRISTHIAN GERARDO PICO SAN LUCAS.", "observac_1": null, "barrio": "SAN JUAN", "parroquia_": 2, "barrio_id": 912, "proceso": 0, "fecha_regi": null, "activo_cat": "SI", "desactivad": 0, "avaluo_rem": 0.0, "avaluo_r_1": 0.0, "clasificac": "POR LEGALIZAR", "anio_deuda": 0, "deuda": 0.0, "valor_ip": 0.0, "coactiva": null, "ficharegis": 0, "etam": 0.1544777877, "diferencia": -0.1214408926, "porc_difer": -0.0001159196, "admisible": 1, "deuda_anio": 0.0, "2024__csv_": "5-04-35-12-000", "2024__csv1": "535-30-12-2025", "Clavepre": "5-04-35-12-000", "RESOLUCION": "535-30-12-2025", "ORIG_FID": 272 }, "geometry": { "type": "Point", "coordinates": [ -80.761647651382589, -1.00369669158838 ] } },
{ "type": "Feature", "properties": { "id": 104366, "lote_id": 109042, "clavecatas": "5-04-35-13-000", "zona": "5", "sector": "04", "manzana": "35", "lote": "13", "ph": "000", "propietari": "GOBIERNO AUTONOMO DESCENTRALIZADO  MUNICIPAL MANTA .", "documentop": "1360000980001", "direccion": "SECTOR SAN JUAN DE MANTA - BARRIO SAN JUAN / MZ 35 LOTE 13", "area_m2": 613.06, "frente_uti": 12.2, "frente_tot": 12.2, "avaluo_con": 0.0, "avaluo_sue": 0.0, "zonaurbano": "URBANA", "parroquia": "MANTA", "esta_bloqu": "NO", "es_tercera": "NO", "tiene_elec": "SI", "tiene_agua": "NO", "tiene_alca": "NO", "observacio": "SE CREA LA CLAVE CATASTRAL 5043513000 A FAVOR DEL GAD MANTA CON FINES DE LEGALIZACIÓN, PREDIO UBICADO EN EL BARRIO SAN JUAN DEL SECTOR SAN JUAN DE MANTA, PREVIO INFORME DEL ARQ. CRISTHIAN GERARDO PICO SAN LUCAS.", "observac_1": null, "barrio": "SAN JUAN", "parroquia_": 2, "barrio_id": 912, "proceso": 0, "fecha_regi": null, "activo_cat": "SI", "desactivad": 0, "avaluo_rem": 0.0, "avaluo_r_1": 0.0, "clasificac": "POR LEGALIZAR", "anio_deuda": 0, "deuda": 0.0, "valor_ip": 0.0, "coactiva": null, "ficharegis": 0, "etam": 0.1615505723, "diferencia": 0.0042347168, "porc_difer": 6.9075e-06, "admisible": 1, "deuda_anio": 0.0, "2024__csv_": "5-04-35-13-000", "2024__csv1": "535-30-12-2025", "Clavepre": "5-04-35-13-000", "RESOLUCION": "535-30-12-2025", "ORIG_FID": 273 }, "geometry": { "type": "Point", "coordinates": [ -80.761515893811037, -1.00379402368266 ] } },
{ "type": "Feature", "properties": { "id": 104367, "lote_id": 109044, "clavecatas": "5-04-35-14-000", "zona": "5", "sector": "04", "manzana": "35", "lote": "14", "ph": "000", "propietari": "GOBIERNO AUTONOMO DESCENTRALIZADO  MUNICIPAL MANTA .", "documentop": "1360000980001", "direccion": "SECTOR SAN JUAN DE MANTA - BARRIO SAN JUAN / MZ 35 LOTE 14", "area_m2": 584.23, "frente_uti": 10.7, "frente_tot": 10.7, "avaluo_con": 0.0, "avaluo_sue": 0.0, "zonaurbano": "URBANA", "parroquia": "MANTA", "esta_bloqu": "NO", "es_tercera": "NO", "tiene_elec": "SI", "tiene_agua": "NO", "tiene_alca": "NO", "observacio": "SE CREA LA CLAVE CATASTRAL 5043514000 A FAVOR DEL GAD MANTA CON FINES DE LEGALIZACIÓN, PREDIO UBICADO EN EL BARRIO SAN JUAN DEL SECTOR SAN JUAN DE MANTA, PREVIO INFORME DEL ARQ. CRISTHIAN GERARDO PICO SAN LUCAS.", "observac_1": null, "barrio": "SAN JUAN", "parroquia_": 2, "barrio_id": 912, "proceso": 0, "fecha_regi": null, "activo_cat": "SI", "desactivad": 0, "avaluo_rem": 0.0, "avaluo_r_1": 0.0, "clasificac": "POR LEGALIZAR", "anio_deuda": 0, "deuda": 0.0, "valor_ip": 0.0, "coactiva": null, "ficharegis": 0, "etam": 0.1654885933, "diferencia": -0.0015074949, "porc_difer": -2.5803e-06, "admisible": 1, "deuda_anio": 0.0, "2024__csv_": "5-04-35-14-000", "2024__csv1": "535-30-12-2025", "Clavepre": "5-04-35-14-000", "RESOLUCION": "535-30-12-2025", "ORIG_FID": 274 }, "geometry": { "type": "Point", "coordinates": [ -80.761382848494904, -1.003788407587724 ] } },
{ "type": "Feature", "properties": { "id": 104368, "lote_id": 109045, "clavecatas": "5-04-35-15-000", "zona": "5", "sector": "04", "manzana": "35", "lote": "15", "ph": "000", "propietari": "GOBIERNO AUTONOMO DESCENTRALIZADO  MUNICIPAL MANTA .", "documentop": "1360000980001", "direccion": "SECTOR SAN JUAN DE MANTA - BARRIO SAN JUAN / MZ 35 LOTE 15", "area_m2": 186.45, "frente_uti": 8.3, "frente_tot": 30.69, "avaluo_con": 0.0, "avaluo_sue": 0.0, "zonaurbano": "URBANA", "parroquia": "MANTA", "esta_bloqu": "NO", "es_tercera": "NO", "tiene_elec": "SI", "tiene_agua": "NO", "tiene_alca": "NO", "observacio": "SE CREA LA CLAVE CATASTRAL 5043515000 A FAVOR DEL GAD MANTA CON FINES DE LEGALIZACIÓN, PREDIO UBICADO EN EL BARRIO SAN JUAN DEL SECTOR SAN JUAN DE MANTA, PREVIO INFORME DEL ARQ. CRISTHIAN GERARDO PICO SAN LUCAS.", "observac_1": null, "barrio": "SAN JUAN", "parroquia_": 2, "barrio_id": 912, "proceso": 0, "fecha_regi": null, "activo_cat": "SI", "desactivad": 0, "avaluo_rem": 0.0, "avaluo_r_1": 0.0, "clasificac": "POR LEGALIZAR", "anio_deuda": 0, "deuda": 0.0, "valor_ip": 0.0, "coactiva": null, "ficharegis": 0, "etam": 0.0732350203, "diferencia": -0.002870879, "porc_difer": -1.53976e-05, "admisible": 1, "deuda_anio": 0.0, "2024__csv_": "5-04-35-15-000", "2024__csv1": "535-30-12-2025", "Clavepre": "5-04-35-15-000", "RESOLUCION": "535-30-12-2025", "ORIG_FID": 275 }, "geometry": { "type": "Point", "coordinates": [ -80.761218281588455, -1.003625511171413 ] } },
{ "type": "Feature", "properties": { "id": 104369, "lote_id": 109070, "clavecatas": "5-04-35-17-000", "zona": "5", "sector": "04", "manzana": "35", "lote": "17", "ph": "000", "propietari": "GOBIERNO AUTONOMO DESCENTRALIZADO  MUNICIPAL MANTA .", "documentop": "1360000980001", "direccion": "SECTOR SAN JUAN DE MANTA - BARRIO SAN JUAN / MZ 35 LOTE 17", "area_m2": 419.85, "frente_uti": 16.91, "frente_tot": 89.92, "avaluo_con": 0.0, "avaluo_sue": 0.0, "zonaurbano": "URBANA", "parroquia": "MANTA", "esta_bloqu": "NO", "es_tercera": "NO", "tiene_elec": "SI", "tiene_agua": "NO", "tiene_alca": "NO", "observacio": "SE CREA LA CLAVE CATASTRAL 5043517000 A FAVOR DEL GAD MANTA CON FINES DE LEGALIZACIÓN, PREDIO UBICADO EN EL BARRIO SAN JUAN DEL SECTOR SAN JUAN DE MANTA, PREVIO INFORME DEL ARQ. CRISTHIAN GERARDO PICO SAN LUCAS.", "observac_1": null, "barrio": "SAN JUAN", "parroquia_": 2, "barrio_id": 912, "proceso": 0, "fecha_regi": null, "activo_cat": "SI", "desactivad": 0, "avaluo_rem": 0.0, "avaluo_r_1": 0.0, "clasificac": "POR LEGALIZAR", "anio_deuda": 0, "deuda": 0.0, "valor_ip": 0.0, "coactiva": null, "ficharegis": 0, "etam": 0.1464111581, "diferencia": -0.0048433902, "porc_difer": -1.1536e-05, "admisible": 1, "deuda_anio": 0.0, "2024__csv_": "5-04-35-17-000", "2024__csv1": "535-30-12-2025", "Clavepre": "5-04-35-17-000", "RESOLUCION": "535-30-12-2025", "ORIG_FID": 276 }, "geometry": { "type": "Point", "coordinates": [ -80.761133202908454, -1.003422166831289 ] } },
{ "type": "Feature", "properties": { "id": 104371, "lote_id": 109075, "clavecatas": "5-04-35-29-000", "zona": "5", "sector": "04", "manzana": "35", "lote": "29", "ph": "000", "propietari": "GOBIERNO AUTONOMO DESCENTRALIZADO  MUNICIPAL MANTA .", "documentop": "1360000980001", "direccion": "SECTOR SAN JUAN DE MANTA - BARRIO SAN JUAN / MZ 35 LOTE 29", "area_m2": 1488.7, "frente_uti": 9.11, "frente_tot": 9.11, "avaluo_con": 0.0, "avaluo_sue": 0.0, "zonaurbano": "URBANA", "parroquia": "MANTA", "esta_bloqu": "NO", "es_tercera": "NO", "tiene_elec": "SI", "tiene_agua": "NO", "tiene_alca": "NO", "observacio": "SE CREA LA CLAVE CATASTRAL 5043529000 A FAVOR DEL GAD MANTA CON FINES DE LEGALIZACIÓN, PREDIO UBICADO EN EL BARRIO SAN JUAN DEL SECTOR SAN JUAN DE MANTA, PREVIO INFORME DEL ARQ. CRISTHIAN GERARDO PICO SAN LUCAS.", "observac_1": null, "barrio": "SAN JUAN", "parroquia_": 2, "barrio_id": 912, "proceso": 0, "fecha_regi": null, "activo_cat": "SI", "desactivad": 0, "avaluo_rem": 0.0, "avaluo_r_1": 0.0, "clasificac": "POR LEGALIZAR", "anio_deuda": 0, "deuda": 0.0, "valor_ip": 0.0, "coactiva": null, "ficharegis": 0, "etam": 0.1295884843, "diferencia": -4.9506939265999996, "porc_difer": -0.0033255148, "admisible": 1, "deuda_anio": 0.0, "2024__csv_": "5-04-35-29-000", "2024__csv1": "535-30-12-2025", "Clavepre": "5-04-35-29-000", "RESOLUCION": "535-30-12-2025", "ORIG_FID": 277 }, "geometry": { "type": "Point", "coordinates": [ -80.759952377598296, -1.003324578489689 ] } },
{ "type": "Feature", "properties": { "id": 104372, "lote_id": 109097, "clavecatas": "5-04-35-31-000", "zona": "5", "sector": "04", "manzana": "35", "lote": "31", "ph": "000", "propietari": "GOBIERNO AUTONOMO DESCENTRALIZADO  MUNICIPAL MANTA .", "documentop": "1360000980001", "direccion": "SECTOR SAN JUAN DE MANTA - BARRIO SAN JUAN / MZ 35 LOTE 31", "area_m2": 1243.58, "frente_uti": 25.85, "frente_tot": 25.85, "avaluo_con": 19369.46, "avaluo_sue": 0.0, "zonaurbano": "URBANA", "parroquia": "MANTA", "esta_bloqu": "NO", "es_tercera": "NO", "tiene_elec": "SI", "tiene_agua": "NO", "tiene_alca": "NO", "observacio": "SE CREA LA CLAVE CATASTRAL 5043531000 A FAVOR DEL GAD MANTA, CON FINES DE LEGALIZACIÓN, PREDIO UBICADO EN EL BARRIO SAN JUAN DEL SECTAOR SAN JUAN DAE MANTA, PREVIO INFORME SDEL ARQ. CRISTHIAN GERARDO PICO SAN LUCAS.", "observac_1": null, "barrio": "SAN JUAN", "parroquia_": 2, "barrio_id": 912, "proceso": 0, "fecha_regi": null, "activo_cat": "SI", "desactivad": 0, "avaluo_rem": 0.0, "avaluo_r_1": 0.0, "clasificac": "POR LEGALIZAR", "anio_deuda": 0, "deuda": 0.0, "valor_ip": 0.0, "coactiva": null, "ficharegis": 0, "etam": 0.1417859312, "diferencia": 3.1988563321000001, "porc_difer": 0.0025722964, "admisible": 1, "deuda_anio": 0.0, "2024__csv_": "5-04-35-31-000", "2024__csv1": "535-30-12-2025", "Clavepre": "5-04-35-31-000", "RESOLUCION": "535-30-12-2025", "ORIG_FID": 278 }, "geometry": { "type": "Point", "coordinates": [ -80.759909930289723, -1.00358053571231 ] } },
{ "type": "Feature", "properties": { "id": 104373, "lote_id": 109076, "clavecatas": "5-04-35-32-000", "zona": "5", "sector": "04", "manzana": "35", "lote": "32", "ph": "000", "propietari": "GOBIERNO AUTONOMO DESCENTRALIZADO  MUNICIPAL MANTA .", "documentop": "1360000980001", "direccion": "SECTOR SAN JUAN DE MANTA - BARRIO SAN JUAN / MZ 35 LOTE 32", "area_m2": 554.19, "frente_uti": 18.5, "frente_tot": 18.5, "avaluo_con": 299.3, "avaluo_sue": 0.0, "zonaurbano": "URBANA", "parroquia": "MANTA", "esta_bloqu": "NO", "es_tercera": "NO", "tiene_elec": "SI", "tiene_agua": "NO", "tiene_alca": "NO", "observacio": "SE CREA LA CLAVE CATASTRAL 5043532000 A FAVOR DEL GAD MANTA CON FINES DE LEGALIZACIÓN, PREDIO UBICADO EN EL BARRIO SAN JUAN DEL SECTOR SAN JUAN DE MANTA, PREVIO INFORME DEL ARQ. CRISTHIAN GERARDO PICO SAN LUCAS.", "observac_1": null, "barrio": "SAN JUAN", "parroquia_": 2, "barrio_id": 912, "proceso": 0, "fecha_regi": null, "activo_cat": "SI", "desactivad": 0, "avaluo_rem": 0.0, "avaluo_r_1": 0.0, "clasificac": "POR LEGALIZAR", "anio_deuda": 0, "deuda": 0.0, "valor_ip": 0.0, "coactiva": null, "ficharegis": 0, "etam": 0.169914581, "diferencia": -0.0007489047, "porc_difer": -1.3514e-06, "admisible": 1, "deuda_anio": 0.0, "2024__csv_": "5-04-35-32-000", "2024__csv1": "535-30-12-2025", "Clavepre": "5-04-35-32-000", "RESOLUCION": "535-30-12-2025", "ORIG_FID": 279 }, "geometry": { "type": "Point", "coordinates": [ -80.75965975006693, -1.003359687104128 ] } },
{ "type": "Feature", "properties": { "id": 104374, "lote_id": 109129, "clavecatas": "5-04-35-35-000", "zona": "5", "sector": "04", "manzana": "35", "lote": "35", "ph": "000", "propietari": "GOBIERNO AUTONOMO DESCENTRALIZADO  MUNICIPAL MANTA .", "documentop": "1360000980001", "direccion": "SECTOR SAN JUAN DE MANTA - BARRIO SAN JUAN / MZ 35 LOTE 35", "area_m2": 436.44, "frente_uti": 7.88, "frente_tot": 42.38, "avaluo_con": 0.0, "avaluo_sue": 0.0, "zonaurbano": "URBANA", "parroquia": "MANTA", "esta_bloqu": "NO", "es_tercera": "NO", "tiene_elec": "SI", "tiene_agua": "NO", "tiene_alca": "NO", "observacio": "SE CREA LA CLAVE CATASTRAL 5043535000 A FAVOR DEL GAD MANTA, CON FINES DE LEGALIZACIÓN, PREDIO UBICADO EN EL BARRIO SAN JUAN DEL SECTAOR SAN JUAN DAE MANTA, PREVIO INFORME SDEL ARQ. CRISTHIAN GERARDO PICO SAN LUCAS.", "observac_1": null, "barrio": "SAN JUAN", "parroquia_": 2, "barrio_id": 912, "proceso": 0, "fecha_regi": null, "activo_cat": "SI", "desactivad": 0, "avaluo_rem": 0.0, "avaluo_r_1": 0.0, "clasificac": "POR LEGALIZAR", "anio_deuda": 0, "deuda": 0.0, "valor_ip": 0.0, "coactiva": null, "ficharegis": 0, "etam": 0.1436015016, "diferencia": -0.0019802435, "porc_difer": -4.5373e-06, "admisible": 1, "deuda_anio": 0.0, "2024__csv_": "5-04-35-35-000", "2024__csv1": "536-30-12-2025", "Clavepre": "5-04-35-35-000", "RESOLUCION": "536-30-12-2025", "ORIG_FID": 280 }, "geometry": { "type": "Point", "coordinates": [ -80.759444943373865, -1.003536415895642 ] } },
{ "type": "Feature", "properties": { "id": 104375, "lote_id": 109082, "clavecatas": "5-04-35-37-000", "zona": "5", "sector": "04", "manzana": "35", "lote": "37", "ph": "000", "propietari": "GOBIERNO AUTONOMO DESCENTRALIZADO  MUNICIPAL MANTA .", "documentop": "1360000980001", "direccion": "SECTOR SAN JUAN DE MANTA - BARRIO SAN JUAN / MZ 35 LOTE 37", "area_m2": 392.85, "frente_uti": 11.18, "frente_tot": 11.18, "avaluo_con": 0.0, "avaluo_sue": 0.0, "zonaurbano": "URBANA", "parroquia": "MANTA", "esta_bloqu": "NO", "es_tercera": "NO", "tiene_elec": "SI", "tiene_agua": "NO", "tiene_alca": "NO", "observacio": "SE CREA LA CLAVE CATASTRAL 5043537000 A FAVOR DEL GAD MANTA / MERO MERO JOSE KLEVER CON FINES DE LEGALIZACIÓN, PREDIO UBICADO EN EL BARRIO SAN JUAN DEL SECTOR SAN JUAN DE MANTA, PREVIO INFORME DEL ARQ. CRISTHIAN GERARDO PICO SAN LUCAS.", "observac_1": null, "barrio": "SAN JUAN", "parroquia_": 2, "barrio_id": 912, "proceso": 0, "fecha_regi": null, "activo_cat": "SI", "desactivad": 0, "avaluo_rem": 0.0, "avaluo_r_1": 0.0, "clasificac": "POR LEGALIZAR", "anio_deuda": 0, "deuda": 0.0, "valor_ip": 0.0, "coactiva": null, "ficharegis": 0, "etam": 0.1513588697, "diferencia": 0.0025729396, "porc_difer": 6.5494e-06, "admisible": 1, "deuda_anio": 0.0, "2024__csv_": "5-04-35-37-000", "2024__csv1": "536-30-12-2025", "Clavepre": "5-04-35-37-000", "RESOLUCION": "536-30-12-2025", "ORIG_FID": 281 }, "geometry": { "type": "Point", "coordinates": [ -80.759968748996897, -1.003964283199856 ] } },
{ "type": "Feature", "properties": { "id": 104376, "lote_id": 109081, "clavecatas": "5-04-35-38-000", "zona": "5", "sector": "04", "manzana": "35", "lote": "38", "ph": "000", "propietari": "GOBIERNO AUTONOMO DESCENTRALIZADO  MUNICIPAL MANTA .", "documentop": "1360000980001", "direccion": "SECTOR SAN JUAN DE MANTA - BARRIO SAN JUAN / MZ 35 LOTE 38", "area_m2": 835.47, "frente_uti": 12.95, "frente_tot": 12.95, "avaluo_con": 9630.0, "avaluo_sue": 7400.05, "zonaurbano": "URBANA", "parroquia": "MANTA", "esta_bloqu": "NO", "es_tercera": "NO", "tiene_elec": "SI", "tiene_agua": "NO", "tiene_alca": "NO", "observacio": "SE CREA LA CLAVE CATASTRAL 5043538000 A FAVOR DEL GAD MANTA / MERO CASTRO SANTOS HERIBERTO CON FINES DE LEGALIZACIÓN, PREDIO UBICADO EN EL BARRIO SAN JUAN DEL SECTOR SAN JUAN DE MANTA, PREVIO INFORME DEL ARQ. CRISTHIAN GERARDO PICO SAN LUCAS", "observac_1": null, "barrio": "SAN JUAN", "parroquia_": 2, "barrio_id": 912, "proceso": 0, "fecha_regi": null, "activo_cat": "SI", "desactivad": 0, "avaluo_rem": 0.0, "avaluo_r_1": 0.0, "clasificac": "POR LEGALIZAR", "anio_deuda": 0, "deuda": 0.0, "valor_ip": 0.0, "coactiva": null, "ficharegis": 0, "etam": 0.1383867663, "diferencia": 0.0004999721, "porc_difer": 5.984e-07, "admisible": 1, "deuda_anio": 0.0, "2024__csv_": "5-04-35-38-000", "2024__csv1": "536-30-12-2025", "Clavepre": "5-04-35-38-000", "RESOLUCION": "536-30-12-2025", "ORIG_FID": 282 }, "geometry": { "type": "Point", "coordinates": [ -80.759857954924868, -1.004059391091515 ] } },
{ "type": "Feature", "properties": { "id": 104377, "lote_id": 109080, "clavecatas": "5-04-35-43-000", "zona": "5", "sector": "04", "manzana": "35", "lote": "43", "ph": "000", "propietari": "GOBIERNO AUTONOMO DESCENTRALIZADO  MUNICIPAL MANTA .", "documentop": "1360000980001", "direccion": "SECTOR SAN JUAN DE MANTA - BARRIO SAN JUAN / MZ 35 LOTE 43", "area_m2": 1325.03, "frente_uti": 42.51, "frente_tot": 42.51, "avaluo_con": 0.0, "avaluo_sue": 0.0, "zonaurbano": "URBANA", "parroquia": "MANTA", "esta_bloqu": "NO", "es_tercera": "NO", "tiene_elec": "SI", "tiene_agua": "NO", "tiene_alca": "NO", "observacio": "SE CREA LA CLAVE CATASTRAL 5043543000 A FAVOR DEL GAD MANTA CON FINES DE LEGALIZACIÓN, PREDIO UBICADO EN EL BARRIO SAN JUAN DEL SECTOR SAN JUAN DE MANTA, PREVIO INFORME DEL ARQ. CRISTHIAN GERARDO PICO SAN LUCAS.", "observac_1": null, "barrio": "SAN JUAN", "parroquia_": 2, "barrio_id": 912, "proceso": 0, "fecha_regi": null, "activo_cat": "SI", "desactivad": 0, "avaluo_rem": 0.0, "avaluo_r_1": 0.0, "clasificac": "POR LEGALIZAR", "anio_deuda": 0, "deuda": 0.0, "valor_ip": 0.0, "coactiva": null, "ficharegis": 0, "etam": 0.1373590089, "diferencia": -0.0029646945, "porc_difer": -2.2375e-06, "admisible": 1, "deuda_anio": 0.0, "2024__csv_": "5-04-35-43-000", "2024__csv1": "535-30-12-2025", "Clavepre": "5-04-35-43-000", "RESOLUCION": "535-30-12-2025", "ORIG_FID": 283 }, "geometry": { "type": "Point", "coordinates": [ -80.759345113809729, -1.004481755162017 ] } },
{ "type": "Feature", "properties": { "id": 104378, "lote_id": 109079, "clavecatas": "5-04-35-45-000", "zona": "5", "sector": "04", "manzana": "35", "lote": "45", "ph": "000", "propietari": "GOBIERNO AUTONOMO DESCENTRALIZADO  MUNICIPAL MANTA .", "documentop": "1360000980001", "direccion": "SECTOR SAN JUAN DE MANTA - BARRIO SAN JUAN / MZ 35 LOTE 45", "area_m2": 418.7, "frente_uti": 36.22, "frente_tot": 36.22, "avaluo_con": 0.0, "avaluo_sue": 0.0, "zonaurbano": "URBANA", "parroquia": "MANTA", "esta_bloqu": "NO", "es_tercera": "NO", "tiene_elec": "SI", "tiene_agua": "NO", "tiene_alca": "NO", "observacio": "SE CREA LA CLAVE CATASTRAL 5043545000 A FAVOR DEL GAD MANTA CON FINES DE LEGALIZACIÓN, PREDIO UBICADO EN EL BARRIO SAN JUAN DEL SECTOR SAN JUAN DE MANTA, PREVIO INFORME DEL ARQ. CRISTHIAN GERARDO PICO SAN LUCAS.", "observac_1": null, "barrio": "SAN JUAN", "parroquia_": 2, "barrio_id": 912, "proceso": 0, "fecha_regi": null, "activo_cat": "SI", "desactivad": 0, "avaluo_rem": 0.0, "avaluo_r_1": 0.0, "clasificac": "POR LEGALIZAR", "anio_deuda": 0, "deuda": 0.0, "valor_ip": 0.0, "coactiva": null, "ficharegis": 0, "etam": 0.1466120864, "diferencia": -0.001099321, "porc_difer": -2.6256e-06, "admisible": 1, "deuda_anio": 0.0, "2024__csv_": "5-04-35-45-000", "2024__csv1": "535-30-12-2025", "Clavepre": "5-04-35-45-000", "RESOLUCION": "535-30-12-2025", "ORIG_FID": 284 }, "geometry": { "type": "Point", "coordinates": [ -80.759077114391758, -1.004098107114793 ] } },
{ "type": "Feature", "properties": { "id": 104379, "lote_id": 109077, "clavecatas": "5-04-35-46-000", "zona": "5", "sector": "04", "manzana": "35", "lote": "46", "ph": "000", "propietari": "GOBIERNO AUTONOMO DESCENTRALIZADO  MUNICIPAL MANTA .", "documentop": "1360000980001", "direccion": "SECTOR SAN JUAN DE MANTA - BARRIO SAN JUAN / MZ 35 LOTE 46", "area_m2": 75.35, "frente_uti": 6.2, "frente_tot": 6.2, "avaluo_con": 0.0, "avaluo_sue": 0.0, "zonaurbano": "URBANA", "parroquia": "MANTA", "esta_bloqu": "NO", "es_tercera": "NO", "tiene_elec": "SI", "tiene_agua": "NO", "tiene_alca": "NO", "observacio": "SE CREA LA CLAVE CATASTRAL 5043546000 A FAVOR DEL GAD MANTA / SANTANA MERO RAMON ALFREDO CON FINES DE LEGALIZACIÓN, PREDIO UBICADO EN EL BARRIO SAN JUAN DEL SECTOR SAN JUAN DE MANTA, PREVIO INFORME DEL ARQ. CRISTHIAN GERARDO PICO SAN LUCAS", "observac_1": null, "barrio": "SAN JUAN", "parroquia_": 2, "barrio_id": 912, "proceso": 0, "fecha_regi": null, "activo_cat": "SI", "desactivad": 0, "avaluo_rem": 0.0, "avaluo_r_1": 0.0, "clasificac": "POR LEGALIZAR", "anio_deuda": 0, "deuda": 0.0, "valor_ip": 0.0, "coactiva": null, "ficharegis": 0, "etam": 0.1, "diferencia": -0.0042057471, "porc_difer": -5.58162e-05, "admisible": 1, "deuda_anio": 0.0, "2024__csv_": "5-04-35-46-000", "2024__csv1": "536-30-12-2025", "Clavepre": "5-04-35-46-000", "RESOLUCION": "536-30-12-2025", "ORIG_FID": 285 }, "geometry": { "type": "Point", "coordinates": [ -80.759042797971347, -1.003925112521767 ] } },
{ "type": "Feature", "properties": { "id": 104380, "lote_id": 109114, "clavecatas": "5-04-37-04-000", "zona": "5", "sector": "04", "manzana": "37", "lote": "04", "ph": "000", "propietari": "GOBIERNO AUTONOMO DESCENTRALIZADO  MUNICIPAL MANTA .", "documentop": "1360000980001", "direccion": "SECTOR SAN JUAN DE MANTA - BARRIO SAN JUAN / MZ 37 LOTE 04", "area_m2": 291.03, "frente_uti": 11.5, "frente_tot": 11.5, "avaluo_con": 0.0, "avaluo_sue": 0.0, "zonaurbano": "URBANA", "parroquia": "MANTA", "esta_bloqu": "NO", "es_tercera": "NO", "tiene_elec": "SI", "tiene_agua": "NO", "tiene_alca": "NO", "observacio": "SE CREA LA CLAVE CATASTRAL 5043704000 A FAVOR DEL GAD MANTA CON FINES DE LEGALIZACIÓN, PREDIO UBICADO EN EL BARRIO SAN JUAN DEL SECTOR SAN JUAN DE MANTA, PREVIO INFORME DEL ARQ. CRISTHIAN GERARDO PICO SAN LUCAS.", "observac_1": null, "barrio": "SAN JUAN", "parroquia_": 2, "barrio_id": 912, "proceso": 0, "fecha_regi": null, "activo_cat": "SI", "desactivad": 0, "avaluo_rem": 0.0, "avaluo_r_1": 0.0, "clasificac": "POR LEGALIZAR", "anio_deuda": 0, "deuda": 0.0, "valor_ip": 0.0, "coactiva": null, "ficharegis": 0, "etam": 0.1172360334, "diferencia": 0.3439993027, "porc_difer": 0.0011820063, "admisible": 1, "deuda_anio": 0.0, "2024__csv_": "5-04-37-04-000", "2024__csv1": "535-30-12-2025", "Clavepre": "5-04-37-04-000", "RESOLUCION": "535-30-12-2025", "ORIG_FID": 286 }, "geometry": { "type": "Point", "coordinates": [ -80.758232908145857, -1.003178299191668 ] } },
{ "type": "Feature", "properties": { "id": 104381, "lote_id": 109115, "clavecatas": "5-04-37-05-000", "zona": "5", "sector": "04", "manzana": "37", "lote": "05", "ph": "000", "propietari": "GOBIERNO AUTONOMO DESCENTRALIZADO  MUNICIPAL MANTA .", "documentop": "1360000980001", "direccion": "SECTOR SAN JUAN DE MANTA - BARRIO SAN JUAN / MZ 37 LOTE 05", "area_m2": 274.97, "frente_uti": 9.7, "frente_tot": 9.7, "avaluo_con": 0.0, "avaluo_sue": 0.0, "zonaurbano": "URBANA", "parroquia": "MANTA", "esta_bloqu": "NO", "es_tercera": "NO", "tiene_elec": "SI", "tiene_agua": "NO", "tiene_alca": "NO", "observacio": "SE CREA LA CLAVE CATASTRAL 5043705000 A FAVOR DEL GAD MANTA CON FINES DE LEGALIZACIÓN, PREDIO UBICADO EN EL BARRIO SAN JUAN DEL SECTOR SAN JUAN DE MANTA, PREVIO INFORME DEL ARQ. CRISTHIAN GERARDO PICO SAN LUCAS.", "observac_1": null, "barrio": "SAN JUAN", "parroquia_": 2, "barrio_id": 912, "proceso": 0, "fecha_regi": null, "activo_cat": "SI", "desactivad": 0, "avaluo_rem": 0.0, "avaluo_r_1": 0.0, "clasificac": "POR LEGALIZAR", "anio_deuda": 0, "deuda": 0.0, "valor_ip": 0.0, "coactiva": null, "ficharegis": 0, "etam": 0.1206111168, "diferencia": -0.0053092236, "porc_difer": -1.93084e-05, "admisible": 1, "deuda_anio": 0.0, "2024__csv_": "5-04-37-05-000", "2024__csv1": "535-30-12-2025", "Clavepre": "5-04-37-05-000", "RESOLUCION": "535-30-12-2025", "ORIG_FID": 287 }, "geometry": { "type": "Point", "coordinates": [ -80.758152937945638, -1.003153511548915 ] } },
{ "type": "Feature", "properties": { "id": 104382, "lote_id": 109116, "clavecatas": "5-04-37-07-000", "zona": "5", "sector": "04", "manzana": "37", "lote": "07", "ph": "000", "propietari": "GOBIERNO AUTONOMO DESCENTRALIZADO  MUNICIPAL MANTA .", "documentop": "1360000980001", "direccion": "SECTOR SAN JUAN DE MANTA - BARRIO SAN JUAN / MZ 37 LOTE 07", "area_m2": 212.96, "frente_uti": 8.0, "frente_tot": 8.0, "avaluo_con": 8548.0, "avaluo_sue": 0.0, "zonaurbano": "URBANA", "parroquia": "MANTA", "esta_bloqu": "NO", "es_tercera": "NO", "tiene_elec": "SI", "tiene_agua": "NO", "tiene_alca": "NO", "observacio": "SE CREA LA CLAVE CATASTRAL 5043707000 A FAVOR DEL GAD MANTA CON FINES DE LEGALIZACIÓN, PREDIO UBICADO EN EL BARRIO SAN JUAN DEL SECTOR SAN JUAN DE MANTA, PREVIO INFORME DEL ARQ. CRISTHIAN GERARDO PICO SAN LUCAS.", "observac_1": null, "barrio": "SAN JUAN", "parroquia_": 2, "barrio_id": 912, "proceso": 0, "fecha_regi": null, "activo_cat": "SI", "desactivad": 0, "avaluo_rem": 0.0, "avaluo_r_1": 0.0, "clasificac": "POR LEGALIZAR", "anio_deuda": 0, "deuda": 0.0, "valor_ip": 0.0, "coactiva": null, "ficharegis": 0, "etam": 0.1370506112, "diferencia": 0.0027606454, "porc_difer": 1.29632e-05, "admisible": 1, "deuda_anio": 0.0, "2024__csv_": "5-04-37-07-000", "2024__csv1": "535-30-12-2025", "Clavepre": "5-04-37-07-000", "RESOLUCION": "535-30-12-2025", "ORIG_FID": 288 }, "geometry": { "type": "Point", "coordinates": [ -80.75801033317417, -1.003125826590069 ] } },
{ "type": "Feature", "properties": { "id": 104456, "lote_id": 91362, "clavecatas": "5-05-06-16-000", "zona": "5", "sector": "05", "manzana": "06", "lote": "16", "ph": "000", "propietari": "GOBIERNO AUTONOMO DESCENTRALIZADO  MUNICIPAL MANTA .", "documentop": "1360000980001", "direccion": "B. SAN JUAN DE MANTA", "area_m2": 1132.86, "frente_uti": 23.27, "frente_tot": 69.31, "avaluo_con": 16556.4, "avaluo_sue": 1784.25, "zonaurbano": "URBANA", "parroquia": "MANTA", "esta_bloqu": "NO", "es_tercera": "NO", "tiene_elec": "NO", "tiene_agua": "NO", "tiene_alca": "NO", "observacio": "LEGALIZAR CLARA LUPE VELIZ FLORES 18/07/2017 LLCH. - CAMBIO DE CLASIFICACIÓN: MEMORANDO MTA-DFIN-MEM-160920211226, TRÁMITE TE090920211550 EN BASE A ART. 509 DEL COOTAD.", "observac_1": null, "barrio": "SAN JUAN", "parroquia_": 2, "barrio_id": 912, "proceso": 0, "fecha_regi": null, "activo_cat": "SI", "desactivad": 0, "avaluo_rem": 0.0, "avaluo_r_1": 0.0, "clasificac": "PROPIEDADES MUNICIPALES", "anio_deuda": 0, "deuda": 0.0, "valor_ip": 0.0, "coactiva": null, "ficharegis": 0, "etam": 0.1485531561, "diferencia": -0.0003268649, "porc_difer": -2.885e-07, "admisible": 1, "deuda_anio": 0.0, "2024__csv_": "5-05-06-16-000", "2024__csv1": "535-30-12-2025", "Clavepre": "5-05-06-16-000", "RESOLUCION": "535-30-12-2025", "ORIG_FID": 289 }, "geometry": { "type": "Point", "coordinates": [ -80.763202445568609, -0.995994970729275 ] } },
{ "type": "Feature", "properties": { "id": 104524, "lote_id": 108645, "clavecatas": "5-05-09-10-000", "zona": "5", "sector": "05", "manzana": "09", "lote": "10", "ph": "000", "propietari": "GOBIERNO AUTONOMO DESCENTRALIZADO  MUNICIPAL MANTA .", "documentop": "1360000980001", "direccion": "PARROQUIA MANTA - SAN JUAN - BARRIO SAN JOSÉ MZ 09 - LT 04", "area_m2": 1497.62, "frente_uti": 27.26, "frente_tot": 42.11, "avaluo_con": 2212.5, "avaluo_sue": 22464.3, "zonaurbano": "URBANA", "parroquia": "MANTA", "esta_bloqu": "NO", "es_tercera": "NO", "tiene_elec": "SI", "tiene_agua": "NO", "tiene_alca": "NO", "observacio": "SE CREA LA CLAVE CATASTRAL 5050910000 A FAVOR DEL GAD MANTA / DELGADO ZAMBRANO GLADYS MIRELLA CON FINES DE LEGALIZACIÓN, PREDIO UBICADO EN EL BARRIO SAN JOSÉ DEL SECTOR SAN JUAN DE MANTA, PREVIO INFORME DEL ARQ. PATRICIO LEÓN MURILLO.", "observac_1": null, "barrio": "SAN JOSE", "parroquia_": 2, "barrio_id": 1059, "proceso": 0, "fecha_regi": null, "activo_cat": "SI", "desactivad": 0, "avaluo_rem": 0.0, "avaluo_r_1": 0.0, "clasificac": "POR LEGALIZAR", "anio_deuda": 0, "deuda": 0.0, "valor_ip": 0.0, "coactiva": null, "ficharegis": 0, "etam": 0.1292019858, "diferencia": 0.0021833396, "porc_difer": 1.4579e-06, "admisible": 1, "deuda_anio": 0.0, "2024__csv_": "5-05-09-10-000", "2024__csv1": "536-30-12-2025", "Clavepre": "5-05-09-10-000", "RESOLUCION": "536-30-12-2025", "ORIG_FID": 290 }, "geometry": { "type": "Point", "coordinates": [ -80.755751671389262, -0.999881036642592 ] } },
{ "type": "Feature", "properties": { "id": 104525, "lote_id": 108646, "clavecatas": "5-05-09-11-000", "zona": "5", "sector": "05", "manzana": "09", "lote": "11", "ph": "000", "propietari": "GOBIERNO AUTONOMO DESCENTRALIZADO  MUNICIPAL MANTA .", "documentop": "1360000980001", "direccion": "PARROQUIA MANTA - SAN JUAN - BARRIO SAN JOSÉ MZ 09 - LT 05", "area_m2": 1303.17, "frente_uti": 94.55, "frente_tot": 112.95, "avaluo_con": 310.7, "avaluo_sue": 13537.66, "zonaurbano": "URBANA", "parroquia": "MANTA", "esta_bloqu": "NO", "es_tercera": "NO", "tiene_elec": "SI", "tiene_agua": "NO", "tiene_alca": "NO", "observacio": "SE CREA LA CLAVE CATASTRAL 5050911000 A FAVOR DEL GAD MANTA / CHANCAY BENITEZ RAINER RAMON CON FINES DE LEGALIZACIÓN, PREDIO UBICADO EN EL BARRIO SAN JOSÉ DEL SECTOR SAN JUAN DE MANTA, PREVIO INFORME DEL ARQ. PATRICIO LEÓN MURILLO.", "observac_1": null, "barrio": "SAN JOSE", "parroquia_": 2, "barrio_id": 1059, "proceso": 0, "fecha_regi": null, "activo_cat": "SI", "desactivad": 0, "avaluo_rem": 0.0, "avaluo_r_1": 0.0, "clasificac": "POR LEGALIZAR", "anio_deuda": 0, "deuda": 0.0, "valor_ip": 0.0, "coactiva": null, "ficharegis": 0, "etam": 0.1385062808, "diferencia": 3.2862056533000001, "porc_difer": 0.0025217014, "admisible": 1, "deuda_anio": 0.0, "2024__csv_": "5-05-09-11-000", "2024__csv1": "536-30-12-2025", "Clavepre": "5-05-09-11-000", "RESOLUCION": "536-30-12-2025", "ORIG_FID": 291 }, "geometry": { "type": "Point", "coordinates": [ -80.755837259542204, -1.000028930251647 ] } },
{ "type": "Feature", "properties": { "id": 104526, "lote_id": 108647, "clavecatas": "5-05-09-12-000", "zona": "5", "sector": "05", "manzana": "09", "lote": "12", "ph": "000", "propietari": "GOBIERNO AUTONOMO DESCENTRALIZADO  MUNICIPAL MANTA .", "documentop": "1360000980001", "direccion": "PARROQUIA MANTA - SAN JUAN - BARRIO SAN JOSÉ MZ 09 - LT 06", "area_m2": 975.89, "frente_uti": 69.89, "frente_tot": 77.29, "avaluo_con": 14817.6, "avaluo_sue": 8537.09, "zonaurbano": "URBANA", "parroquia": "MANTA", "esta_bloqu": "NO", "es_tercera": "NO", "tiene_elec": "SI", "tiene_agua": "NO", "tiene_alca": "NO", "observacio": "SE CREA LA CLAVE CATASTRAL 5050912000 A FAVOR DEL GAD MANTA / CEDEÑO RUIZ JOSE ANTONIO CON FINES DE LEGALIZACIÓN, PREDIO UBICADO EN EL BARRIO SAN JOSÉ DEL SECTOR SAN JUAN DE MANTA, PREVIO INFORME DEL ARQ. PATRICIO LEÓN MURILLO.", "observac_1": null, "barrio": "SAN JOSE", "parroquia_": 2, "barrio_id": 1059, "proceso": 0, "fecha_regi": null, "activo_cat": "SI", "desactivad": 0, "avaluo_rem": 0.0, "avaluo_r_1": 0.0, "clasificac": "POR LEGALIZAR", "anio_deuda": 0, "deuda": 0.0, "valor_ip": 0.0, "coactiva": null, "ficharegis": 0, "etam": 0.1280440957, "diferencia": -3.6651445635000002, "porc_difer": -0.0037556944, "admisible": 1, "deuda_anio": 0.0, "2024__csv_": "5-05-09-12-000", "2024__csv1": "536-30-12-2025", "Clavepre": "5-05-09-12-000", "RESOLUCION": "536-30-12-2025", "ORIG_FID": 292 }, "geometry": { "type": "Point", "coordinates": [ -80.755783277805364, -1.000201913062049 ] } },
{ "type": "Feature", "properties": { "id": 104527, "lote_id": 108648, "clavecatas": "5-05-09-13-000", "zona": "5", "sector": "05", "manzana": "09", "lote": "13", "ph": "000", "propietari": "GOBIERNO AUTONOMO DESCENTRALIZADO  MUNICIPAL MANTA .", "documentop": "1360000980001", "direccion": "PARROQUIA MANTA - SAN JUAN - BARRIO SAN JOSÉ MZ 09 - LT 08", "area_m2": 193.05, "frente_uti": 15.35, "frente_tot": 15.35, "avaluo_con": 22540.18, "avaluo_sue": 2895.75, "zonaurbano": "URBANA", "parroquia": "MANTA", "esta_bloqu": "NO", "es_tercera": "NO", "tiene_elec": "NO", "tiene_agua": "NO", "tiene_alca": "NO", "observacio": "SE CREA LA CLAVE CATASTRAL 5050913000 A FAVOR DEL GAD MANTA / MERO MERO ERWIN GREGORIO CON FINES DE LEGALIZACIÓN, PREDIO UBICADO EN EL BARRIO SAN JOSÉ DEL SECTOR SAN JUAN DE MANTA, PREVIO INFORME DEL ARQ. PATRICIO LEÓN MURILLO.", "observac_1": null, "barrio": "SAN JOSE", "parroquia_": 2, "barrio_id": 1059, "proceso": 0, "fecha_regi": null, "activo_cat": "SI", "desactivad": 0, "avaluo_rem": 0.0, "avaluo_r_1": 0.0, "clasificac": "POR LEGALIZAR", "anio_deuda": 0, "deuda": 0.0, "valor_ip": 0.0, "coactiva": null, "ficharegis": 0, "etam": 0.0719722528, "diferencia": -0.0007936311, "porc_difer": -4.111e-06, "admisible": 1, "deuda_anio": 0.0, "2024__csv_": "5-05-09-13-000", "2024__csv1": "536-30-12-2025", "Clavepre": "5-05-09-13-000", "RESOLUCION": "536-30-12-2025", "ORIG_FID": 293 }, "geometry": { "type": "Point", "coordinates": [ -80.755399916305038, -1.000145159573577 ] } },
{ "type": "Feature", "properties": { "id": 104528, "lote_id": 108644, "clavecatas": "5-05-09-14-000", "zona": "5", "sector": "05", "manzana": "09", "lote": "14", "ph": "000", "propietari": "GOBIERNO AUTONOMO DESCENTRALIZADO  MUNICIPAL MANTA .", "documentop": "1360000980001", "direccion": "PARROQUIA MANTA - SAN JUAN - BARRIO SAN JOSÉ MZ 09 - LT 01", "area_m2": 991.84, "frente_uti": 24.09, "frente_tot": 66.93, "avaluo_con": 6383.24, "avaluo_sue": 11448.31, "zonaurbano": "URBANA", "parroquia": "MANTA", "esta_bloqu": "NO", "es_tercera": "NO", "tiene_elec": "SI", "tiene_agua": "NO", "tiene_alca": "NO", "observacio": "SE CREA LA CLAVE CATASTRAL 5050914000 A FAVOR DEL GAD MANTA / PALMA BALDEÓN INGRID PAOLA CON FINES DE LEGALIZACIÓN, PREDIO UBICADO EN EL BARRIO SAN JOSÉ DEL SECTOR SAN JUAN DE MANTA, PREVIO INFORME DEL ARQ. PATRICIO LEÓN MURILLO.", "observac_1": null, "barrio": "SAN JOSE", "parroquia_": 2, "barrio_id": 1059, "proceso": 0, "fecha_regi": null, "activo_cat": "SI", "desactivad": 0, "avaluo_rem": 0.0, "avaluo_r_1": 0.0, "clasificac": "POR LEGALIZAR", "anio_deuda": 0, "deuda": 0.0, "valor_ip": 0.0, "coactiva": null, "ficharegis": 0, "etam": 0.1270103702, "diferencia": 0.0021987081, "porc_difer": 2.2168e-06, "admisible": 1, "deuda_anio": 0.0, "2024__csv_": "5-05-09-14-000", "2024__csv1": "536-30-12-2025", "Clavepre": "5-05-09-14-000", "RESOLUCION": "536-30-12-2025", "ORIG_FID": 294 }, "geometry": { "type": "Point", "coordinates": [ -80.755580872410732, -0.999565106597941 ] } },
{ "type": "Feature", "properties": { "id": 104530, "lote_id": 108654, "clavecatas": "5-05-10-05-000", "zona": "5", "sector": "05", "manzana": "10", "lote": "05", "ph": "000", "propietari": "GOBIERNO AUTONOMO DESCENTRALIZADO  MUNICIPAL MANTA .", "documentop": "1360000980001", "direccion": "PARROQUIA MANTA - SAN JUAN - BARRIO SAN JOSÉ MZ 10 - LT 05", "area_m2": 19.02, "frente_uti": 6.09, "frente_tot": 6.09, "avaluo_con": 0.0, "avaluo_sue": 285.3, "zonaurbano": "URBANA", "parroquia": "MANTA", "esta_bloqu": "NO", "es_tercera": "NO", "tiene_elec": "SI", "tiene_agua": "NO", "tiene_alca": "NO", "observacio": null, "observac_1": null, "barrio": "SAN JOSE", "parroquia_": 2, "barrio_id": 1059, "proceso": 0, "fecha_regi": null, "activo_cat": "SI", "desactivad": 0, "avaluo_rem": 0.0, "avaluo_r_1": 0.0, "clasificac": "POR LEGALIZAR", "anio_deuda": 0, "deuda": 0.0, "valor_ip": 0.0, "coactiva": null, "ficharegis": 0, "etam": 0.1, "diferencia": 0.001555602, "porc_difer": 8.17877e-05, "admisible": 1, "deuda_anio": 0.0, "2024__csv_": "5-05-10-05-000", "2024__csv1": "535-30-12-2025", "Clavepre": "5-05-10-05-000", "RESOLUCION": "535-30-12-2025", "ORIG_FID": 295 }, "geometry": { "type": "Point", "coordinates": [ -80.755729026117393, -1.001163179511444 ] } },
{ "type": "Feature", "properties": { "id": 104531, "lote_id": 108670, "clavecatas": "5-05-10-06-000", "zona": "5", "sector": "05", "manzana": "10", "lote": "06", "ph": "000", "propietari": "GOBIERNO AUTONOMO DESCENTRALIZADO  MUNICIPAL MANTA .", "documentop": "1360000980001", "direccion": "PARROQUIA MANTA - SAN JUAN - BARRIO SAN JOSÉ MZ 10 - LT 06", "area_m2": 25.61, "frente_uti": 7.21, "frente_tot": 7.21, "avaluo_con": 0.0, "avaluo_sue": 384.15, "zonaurbano": "URBANA", "parroquia": "MANTA", "esta_bloqu": "NO", "es_tercera": "NO", "tiene_elec": "SI", "tiene_agua": "NO", "tiene_alca": "NO", "observacio": null, "observac_1": null, "barrio": "SAN JOSE", "parroquia_": 2, "barrio_id": 1059, "proceso": 0, "fecha_regi": null, "activo_cat": "SI", "desactivad": 0, "avaluo_rem": 0.0, "avaluo_r_1": 0.0, "clasificac": "POR LEGALIZAR", "anio_deuda": 0, "deuda": 0.0, "valor_ip": 0.0, "coactiva": null, "ficharegis": 0, "etam": 0.1, "diferencia": 0.0018773812, "porc_difer": 7.33066e-05, "admisible": 1, "deuda_anio": 0.0, "2024__csv_": "5-05-10-06-000", "2024__csv1": "535-30-12-2025", "Clavepre": "5-05-10-06-000", "RESOLUCION": "535-30-12-2025", "ORIG_FID": 296 }, "geometry": { "type": "Point", "coordinates": [ -80.755728511513212, -1.001223227733565 ] } },
{ "type": "Feature", "properties": { "id": 104532, "lote_id": 108914, "clavecatas": "5-05-10-11-000", "zona": "5", "sector": "05", "manzana": "10", "lote": "11", "ph": "000", "propietari": "GOBIERNO AUTONOMO DESCENTRALIZADO  MUNICIPAL MANTA .", "documentop": "1360000980001", "direccion": "PARROQUIA MANTA - SAN JUAN - BARRIO SAN JOSÉ MZ 10 - LT 11", "area_m2": 72.6, "frente_uti": 1.35, "frente_tot": 1.35, "avaluo_con": 0.0, "avaluo_sue": 1089.0, "zonaurbano": "URBANA", "parroquia": "MANTA", "esta_bloqu": "NO", "es_tercera": "NO", "tiene_elec": "SI", "tiene_agua": "NO", "tiene_alca": "NO", "observacio": null, "observac_1": null, "barrio": "SAN JOSE", "parroquia_": 2, "barrio_id": 1059, "proceso": 0, "fecha_regi": null, "activo_cat": "SI", "desactivad": 0, "avaluo_rem": 0.0, "avaluo_r_1": 0.0, "clasificac": "POR LEGALIZAR", "anio_deuda": 0, "deuda": 0.0, "valor_ip": 0.0, "coactiva": null, "ficharegis": 0, "etam": 0.1, "diferencia": -0.0027552819, "porc_difer": -3.79515e-05, "admisible": 1, "deuda_anio": 0.0, "2024__csv_": "5-05-10-11-000", "2024__csv1": "535-30-12-2025", "Clavepre": "5-05-10-11-000", "RESOLUCION": "535-30-12-2025", "ORIG_FID": 297 }, "geometry": { "type": "Point", "coordinates": [ -80.756009501650638, -1.001211105651756 ] } },
{ "type": "Feature", "properties": { "id": 104533, "lote_id": 108931, "clavecatas": "5-05-10-12-000", "zona": "5", "sector": "05", "manzana": "10", "lote": "12", "ph": "000", "propietari": "GOBIERNO AUTONOMO DESCENTRALIZADO  MUNICIPAL MANTA .", "documentop": "1360000980001", "direccion": "PARROQUIA MANTA - SAN JUAN - BARRIO SAN JOSÉ MZ 10 - LT 12", "area_m2": 57.29, "frente_uti": 10.75, "frente_tot": 18.9, "avaluo_con": 0.0, "avaluo_sue": 859.35, "zonaurbano": "URBANA", "parroquia": "MANTA", "esta_bloqu": "NO", "es_tercera": "NO", "tiene_elec": "SI", "tiene_agua": "NO", "tiene_alca": "NO", "observacio": null, "observac_1": null, "barrio": "SAN JOSE", "parroquia_": 2, "barrio_id": 1059, "proceso": 0, "fecha_regi": null, "activo_cat": "SI", "desactivad": 0, "avaluo_rem": 0.0, "avaluo_r_1": 0.0, "clasificac": "POR LEGALIZAR", "anio_deuda": 0, "deuda": 0.0, "valor_ip": 0.0, "coactiva": null, "ficharegis": 0, "etam": 0.1, "diferencia": -0.3392110964, "porc_difer": -0.0059209477, "admisible": 1, "deuda_anio": 0.0, "2024__csv_": "5-05-10-12-000", "2024__csv1": "535-30-12-2025", "Clavepre": "5-05-10-12-000", "RESOLUCION": "535-30-12-2025", "ORIG_FID": 298 }, "geometry": { "type": "Point", "coordinates": [ -80.756000763617649, -1.001284208134978 ] } },
{ "type": "Feature", "properties": { "id": 104534, "lote_id": 108937, "clavecatas": "5-05-11-01-000", "zona": "5", "sector": "05", "manzana": "11", "lote": "01", "ph": "000", "propietari": "GOBIERNO AUTONOMO DESCENTRALIZADO  MUNICIPAL MANTA .", "documentop": "1360000980001", "direccion": "PARROQUIA MANTA - SAN JUAN - BARRIO SAN JOSÉ MZ 11 - LT 01", "area_m2": 181.63, "frente_uti": 14.35, "frente_tot": 30.14, "avaluo_con": 0.0, "avaluo_sue": 0.0, "zonaurbano": "URBANA", "parroquia": "MANTA", "esta_bloqu": "NO", "es_tercera": "NO", "tiene_elec": "SI", "tiene_agua": "NO", "tiene_alca": "NO", "observacio": null, "observac_1": null, "barrio": "SAN JOSE", "parroquia_": 2, "barrio_id": 1059, "proceso": 0, "fecha_regi": null, "activo_cat": "SI", "desactivad": 0, "avaluo_rem": 0.0, "avaluo_r_1": 0.0, "clasificac": "POR LEGALIZAR", "anio_deuda": 0, "deuda": 0.0, "valor_ip": 0.0, "coactiva": null, "ficharegis": 0, "etam": 0.0742003935, "diferencia": 0.0571707874, "porc_difer": 0.0003147651, "admisible": 1, "deuda_anio": 0.0, "2024__csv_": "5-05-11-01-000", "2024__csv1": "535-30-12-2025", "Clavepre": "5-05-11-01-000", "RESOLUCION": "535-30-12-2025", "ORIG_FID": 299 }, "geometry": { "type": "Point", "coordinates": [ -80.755789000820329, -1.001445386278829 ] } },
{ "type": "Feature", "properties": { "id": 104536, "lote_id": 108940, "clavecatas": "5-05-11-03-000", "zona": "5", "sector": "05", "manzana": "11", "lote": "03", "ph": "000", "propietari": "GOBIERNO AUTONOMO DESCENTRALIZADO  MUNICIPAL MANTA .", "documentop": "1360000980001", "direccion": "PARROQUIA MANTA - SAN JUAN - BARRIO SAN JOSÉ MZ 11 - LT 03", "area_m2": 356.42, "frente_uti": 17.19, "frente_tot": 17.19, "avaluo_con": 0.0, "avaluo_sue": 0.0, "zonaurbano": "URBANA", "parroquia": "MANTA", "esta_bloqu": "NO", "es_tercera": "NO", "tiene_elec": "NO", "tiene_agua": "NO", "tiene_alca": "NO", "observacio": null, "observac_1": null, "barrio": "SAN JOSE", "parroquia_": 2, "barrio_id": 1059, "proceso": 0, "fecha_regi": null, "activo_cat": "SI", "desactivad": 0, "avaluo_rem": 0.0, "avaluo_r_1": 0.0, "clasificac": "POR LEGALIZAR", "anio_deuda": 0, "deuda": 0.0, "valor_ip": 0.0, "coactiva": null, "ficharegis": 0, "etam": 0.158905973, "diferencia": 0.8121495208, "porc_difer": 0.0022786306, "admisible": 1, "deuda_anio": 0.0, "2024__csv_": "5-05-11-03-000", "2024__csv1": "535-30-12-2025", "Clavepre": "5-05-11-03-000", "RESOLUCION": "535-30-12-2025", "ORIG_FID": 300 }, "geometry": { "type": "Point", "coordinates": [ -80.755887497514507, -1.001556688258373 ] } },
{ "type": "Feature", "properties": { "id": 104537, "lote_id": 108944, "clavecatas": "5-05-11-04-000", "zona": "5", "sector": "05", "manzana": "11", "lote": "04", "ph": "000", "propietari": "GOBIERNO AUTONOMO DESCENTRALIZADO  MUNICIPAL MANTA .", "documentop": "1360000980001", "direccion": "PARROQUIA MANTA - SAN JUAN - BARRIO SAN JOSÉ MZ 11 - LT 04", "area_m2": 142.95, "frente_uti": 2.0, "frente_tot": 2.0, "avaluo_con": 0.0, "avaluo_sue": 0.0, "zonaurbano": "URBANA", "parroquia": "MANTA", "esta_bloqu": "NO", "es_tercera": "NO", "tiene_elec": "SI", "tiene_agua": "NO", "tiene_alca": "NO", "observacio": null, "observac_1": null, "barrio": "SAN JOSE", "parroquia_": 2, "barrio_id": 1059, "proceso": 0, "fecha_regi": null, "activo_cat": "SI", "desactivad": 0, "avaluo_rem": 0.0, "avaluo_r_1": 0.0, "clasificac": "POR LEGALIZAR", "anio_deuda": 0, "deuda": 0.0, "valor_ip": 0.0, "coactiva": null, "ficharegis": 0, "etam": 0.0836388245, "diferencia": -3.0617e-05, "porc_difer": -2.142e-07, "admisible": 1, "deuda_anio": 0.0, "2024__csv_": "5-05-11-04-000", "2024__csv1": "535-30-12-2025", "Clavepre": "5-05-11-04-000", "RESOLUCION": "535-30-12-2025", "ORIG_FID": 301 }, "geometry": { "type": "Point", "coordinates": [ -80.756148162863184, -1.001831124364022 ] } },
{ "type": "Feature", "properties": { "id": 104538, "lote_id": 108945, "clavecatas": "5-05-11-05-000", "zona": "5", "sector": "05", "manzana": "11", "lote": "05", "ph": "000", "propietari": "GOBIERNO AUTONOMO DESCENTRALIZADO  MUNICIPAL MANTA .", "documentop": "1360000980001", "direccion": "PARROQUIA MANTA - SAN JUAN - BARRIO SAN JOSÉ MZ 11 - LT 05", "area_m2": 172.09, "frente_uti": 11.0, "frente_tot": 26.66, "avaluo_con": 0.0, "avaluo_sue": 0.0, "zonaurbano": "URBANA", "parroquia": "MANTA", "esta_bloqu": "NO", "es_tercera": "NO", "tiene_elec": "SI", "tiene_agua": "NO", "tiene_alca": "NO", "observacio": null, "observac_1": null, "barrio": "SAN JOSE", "parroquia_": 2, "barrio_id": 1059, "proceso": 0, "fecha_regi": null, "activo_cat": "SI", "desactivad": 0, "avaluo_rem": 0.0, "avaluo_r_1": 0.0, "clasificac": "POR LEGALIZAR", "anio_deuda": 0, "deuda": 0.0, "valor_ip": 0.0, "coactiva": null, "ficharegis": 0, "etam": 0.0762293441, "diferencia": 0.0045314715, "porc_difer": 2.6332e-05, "admisible": 1, "deuda_anio": 0.0, "2024__csv_": "5-05-11-05-000", "2024__csv1": "535-30-12-2025", "Clavepre": "5-05-11-05-000", "RESOLUCION": "535-30-12-2025", "ORIG_FID": 302 }, "geometry": { "type": "Point", "coordinates": [ -80.756029942184085, -1.001851038266125 ] } },
{ "type": "Feature", "properties": { "id": 104539, "lote_id": 108943, "clavecatas": "5-05-11-06-000", "zona": "5", "sector": "05", "manzana": "11", "lote": "06", "ph": "000", "propietari": "GOBIERNO AUTONOMO DESCENTRALIZADO  MUNICIPAL MANTA .", "documentop": "1360000980001", "direccion": "PARROQUIA MANTA - SAN JUAN - BARRIO SAN JOSÉ MZ 11 - LT 06", "area_m2": 190.27, "frente_uti": 7.64, "frente_tot": 7.64, "avaluo_con": 0.0, "avaluo_sue": 0.0, "zonaurbano": "URBANA", "parroquia": "MANTA", "esta_bloqu": "NO", "es_tercera": "NO", "tiene_elec": "SI", "tiene_agua": "NO", "tiene_alca": "NO", "observacio": null, "observac_1": null, "barrio": "SAN JOSE", "parroquia_": 2, "barrio_id": 1059, "proceso": 0, "fecha_regi": null, "activo_cat": "SI", "desactivad": 0, "avaluo_rem": 0.0, "avaluo_r_1": 0.0, "clasificac": "POR LEGALIZAR", "anio_deuda": 0, "deuda": 0.0, "valor_ip": 0.0, "coactiva": null, "ficharegis": 0, "etam": 0.0724961329, "diferencia": 0.0032779422, "porc_difer": 1.72278e-05, "admisible": 1, "deuda_anio": 0.0, "2024__csv_": "5-05-11-06-000", "2024__csv1": "535-30-12-2025", "Clavepre": "5-05-11-06-000", "RESOLUCION": "535-30-12-2025", "ORIG_FID": 303 }, "geometry": { "type": "Point", "coordinates": [ -80.756438833625552, -1.001475267249959 ] } },
{ "type": "Feature", "properties": { "id": 104540, "lote_id": 108941, "clavecatas": "5-05-11-07-000", "zona": "5", "sector": "05", "manzana": "11", "lote": "07", "ph": "000", "propietari": "GOBIERNO AUTONOMO DESCENTRALIZADO  MUNICIPAL MANTA .", "documentop": "1360000980001", "direccion": "PARROQUIA MANTA - SAN JUAN - BARRIO SAN JOSÉ MZ 11 - LT 07", "area_m2": 408.91, "frente_uti": 11.44, "frente_tot": 11.44, "avaluo_con": 0.0, "avaluo_sue": 0.0, "zonaurbano": "URBANA", "parroquia": "MANTA", "esta_bloqu": "NO", "es_tercera": "NO", "tiene_elec": "SI", "tiene_agua": "NO", "tiene_alca": "NO", "observacio": null, "observac_1": null, "barrio": "SAN JOSE", "parroquia_": 2, "barrio_id": 1059, "proceso": 0, "fecha_regi": null, "activo_cat": "SI", "desactivad": 0, "avaluo_rem": 0.0, "avaluo_r_1": 0.0, "clasificac": "GENERAL", "anio_deuda": 0, "deuda": 0.0, "valor_ip": 0.0, "coactiva": null, "ficharegis": 0, "etam": 0.1483567767, "diferencia": 0.0047891379, "porc_difer": 1.1712e-05, "admisible": 1, "deuda_anio": 0.0, "2024__csv_": "5-05-11-07-000", "2024__csv1": "535-30-12-2025", "Clavepre": "5-05-11-07-000", "RESOLUCION": "535-30-12-2025", "ORIG_FID": 304 }, "geometry": { "type": "Point", "coordinates": [ -80.756347813572091, -1.001523581588054 ] } },
{ "type": "Feature", "properties": { "id": 104541, "lote_id": 108952, "clavecatas": "5-05-12-01-000", "zona": "5", "sector": "05", "manzana": "12", "lote": "01", "ph": "000", "propietari": "GOBIERNO AUTONOMO DESCENTRALIZADO  MUNICIPAL MANTA .", "documentop": "1360000980001", "direccion": "PARROQUIA MANTA - SAN JUAN - BARRIO SAN JOSÉ MZ 12 - LT 01", "area_m2": 217.64, "frente_uti": 12.91, "frente_tot": 31.51, "avaluo_con": 0.0, "avaluo_sue": 3264.6, "zonaurbano": "URBANA", "parroquia": "MANTA", "esta_bloqu": "NO", "es_tercera": "NO", "tiene_elec": "SI", "tiene_agua": "NO", "tiene_alca": "NO", "observacio": null, "observac_1": null, "barrio": "SAN JOSE", "parroquia_": 2, "barrio_id": 1059, "proceso": 0, "fecha_regi": null, "activo_cat": "SI", "desactivad": 0, "avaluo_rem": 0.0, "avaluo_r_1": 0.0, "clasificac": "POR LEGALIZAR", "anio_deuda": 0, "deuda": 0.0, "valor_ip": 0.0, "coactiva": null, "ficharegis": 0, "etam": 0.1355690763, "diferencia": 0.0010848699, "porc_difer": 4.9847e-06, "admisible": 1, "deuda_anio": 0.0, "2024__csv_": "5-05-12-01-000", "2024__csv1": "535-30-12-2025", "Clavepre": "5-05-12-01-000", "RESOLUCION": "535-30-12-2025", "ORIG_FID": 305 }, "geometry": { "type": "Point", "coordinates": [ -80.756125450496924, -1.002283471317897 ] } },
{ "type": "Feature", "properties": { "id": 104542, "lote_id": 108949, "clavecatas": "5-05-12-02-000", "zona": "5", "sector": "05", "manzana": "12", "lote": "02", "ph": "000", "propietari": "GOBIERNO AUTONOMO DESCENTRALIZADO  MUNICIPAL MANTA .", "documentop": "1360000980001", "direccion": "PARROQUIA MANTA - SAN JUAN - BARRIO SAN JOSÉ MZ 12 - LT 02", "area_m2": 167.6, "frente_uti": 9.4, "frente_tot": 9.4, "avaluo_con": 3223.42, "avaluo_sue": 1934.52, "zonaurbano": "URBANA", "parroquia": "MANTA", "esta_bloqu": "NO", "es_tercera": "NO", "tiene_elec": "SI", "tiene_agua": "NO", "tiene_alca": "NO", "observacio": "SE CREA LA CLAVE CATASTRAL 5051202000 A FAVOR DEL GAD MANTA / LUCAS DELGADO PABLO POLIVIO CON FINES DE LEGALIZACIÓN, PREDIO UBICADO EN EL BARRIO SAN JOSÉ DEL SECTOR SAN JUAN DE MANTA, PREVIO INFORME DEL ARQ. PATRICIO LEÓN MURILLO.", "observac_1": null, "barrio": "SAN JOSE", "parroquia_": 2, "barrio_id": 1059, "proceso": 0, "fecha_regi": null, "activo_cat": "SI", "desactivad": 0, "avaluo_rem": 0.0, "avaluo_r_1": 0.0, "clasificac": "POR LEGALIZAR", "anio_deuda": 0, "deuda": 0.0, "valor_ip": 0.0, "coactiva": null, "ficharegis": 0, "etam": 0.0772436866, "diferencia": -0.0005826061, "porc_difer": -3.4762e-06, "admisible": 1, "deuda_anio": 0.0, "2024__csv_": "5-05-12-02-000", "2024__csv1": "536-30-12-2025", "Clavepre": "5-05-12-02-000", "RESOLUCION": "536-30-12-2025", "ORIG_FID": 306 }, "geometry": { "type": "Point", "coordinates": [ -80.756239432447529, -1.002303167118147 ] } },
{ "type": "Feature", "properties": { "id": 104546, "lote_id": 109033, "clavecatas": "5-05-13-05-000", "zona": "5", "sector": "05", "manzana": "13", "lote": "05", "ph": "000", "propietari": "GOBIERNO AUTONOMO DESCENTRALIZADO  MUNICIPAL MANTA .", "documentop": "1360000980001", "direccion": "PARROQUIA MANTA - SAN JUAN - BARRIO SAN JOSE - MZ 13 LOTE 05", "area_m2": 236.88, "frente_uti": 9.19, "frente_tot": 18.39, "avaluo_con": 23915.75, "avaluo_sue": 2734.19, "zonaurbano": "URBANA", "parroquia": "MANTA", "esta_bloqu": "NO", "es_tercera": "NO", "tiene_elec": "SI", "tiene_agua": "NO", "tiene_alca": "NO", "observacio": "SE CREA LA CLAVE CATASTRAL 5051305000 A FAVOR DEL GAD MANTA / MENDOZA LOOR MAIRA ELIZABETH CON FINES DE LEGALIZACIÓN, PREDIO UBICADO EN EL BARRIO SAN JOSÉ DEL SECTOR SAN JUAN DE MANTA, PREVIO INFORME DEL ARQ. ANGEL PATRICIO LEON MURILLO.", "observac_1": null, "barrio": "SAN JOSE", "parroquia_": 2, "barrio_id": 1059, "proceso": 0, "fecha_regi": null, "activo_cat": "SI", "desactivad": 0, "avaluo_rem": 0.0, "avaluo_r_1": 0.0, "clasificac": "POR LEGALIZAR", "anio_deuda": 0, "deuda": 0.0, "valor_ip": 0.0, "coactiva": null, "ficharegis": 0, "etam": 0.1299468626, "diferencia": -0.0018469183, "porc_difer": -7.7969e-06, "admisible": 1, "deuda_anio": 0.0, "2024__csv_": "5-05-13-05-000", "2024__csv1": "536-30-12-2025", "Clavepre": "5-05-13-05-000", "RESOLUCION": "536-30-12-2025", "ORIG_FID": 307 }, "geometry": { "type": "Point", "coordinates": [ -80.756330156066298, -1.002824425822661 ] } },
{ "type": "Feature", "properties": { "id": 104547, "lote_id": 109032, "clavecatas": "5-05-13-06-000", "zona": "5", "sector": "05", "manzana": "13", "lote": "06", "ph": "000", "propietari": "GOBIERNO AUTONOMO DESCENTRALIZADO  MUNICIPAL MANTA .", "documentop": "1360000980001", "direccion": "PARROQUIA MANTA - SAN JUAN - BARRIO SAN JOSE - MZ 13 LOTE 06", "area_m2": 263.55, "frente_uti": 11.6, "frente_tot": 44.63, "avaluo_con": 12412.68, "avaluo_sue": 3202.13, "zonaurbano": "URBANA", "parroquia": "MANTA", "esta_bloqu": "NO", "es_tercera": "NO", "tiene_elec": "SI", "tiene_agua": "NO", "tiene_alca": "NO", "observacio": "SE CREA LA CLAVE CATASTRAL 5051306000 A FAVOR DEL GAD MANTA / CHOEZ BAQUE NORMA ARACELY CON FINES DE LEGALIZACIÓN, PREDIO UBICADO EN EL BARRIO SAN JOSÉ DEL SECTOR SAN JUAN DE MANTA, PREVIO INFORME DEL ARQ. ANGEL PATRICIO LEON MURILLO.", "observac_1": null, "barrio": "SAN JOSE", "parroquia_": 2, "barrio_id": 1059, "proceso": 0, "fecha_regi": null, "activo_cat": "SI", "desactivad": 0, "avaluo_rem": 0.0, "avaluo_r_1": 0.0, "clasificac": "POR LEGALIZAR", "anio_deuda": 0, "deuda": 0.0, "valor_ip": 0.0, "coactiva": null, "ficharegis": 0, "etam": 0.1231965328, "diferencia": 0.0041091902, "porc_difer": 1.55917e-05, "admisible": 1, "deuda_anio": 0.0, "2024__csv_": "5-05-13-06-000", "2024__csv1": "536-30-12-2025", "Clavepre": "5-05-13-06-000", "RESOLUCION": "536-30-12-2025", "ORIG_FID": 308 }, "geometry": { "type": "Point", "coordinates": [ -80.756415444994701, -1.002858128403534 ] } },
{ "type": "Feature", "properties": { "id": 104548, "lote_id": 109031, "clavecatas": "5-05-13-08-000", "zona": "5", "sector": "05", "manzana": "13", "lote": "08", "ph": "000", "propietari": "GOBIERNO AUTONOMO DESCENTRALIZADO  MUNICIPAL MANTA .", "documentop": "1360000980001", "direccion": "PARROQUIA MANTA - SAN JUAN - BARRIO SAN JOSE - MZ 13 LOTE 08", "area_m2": 185.17, "frente_uti": 9.06, "frente_tot": 9.06, "avaluo_con": 0.0, "avaluo_sue": 2777.55, "zonaurbano": "URBANA", "parroquia": "MANTA", "esta_bloqu": "NO", "es_tercera": "NO", "tiene_elec": "SI", "tiene_agua": "NO", "tiene_alca": "NO", "observacio": null, "observac_1": null, "barrio": "SAN JOSE", "parroquia_": 2, "barrio_id": 1059, "proceso": 0, "fecha_regi": null, "activo_cat": "SI", "desactivad": 0, "avaluo_rem": 0.0, "avaluo_r_1": 0.0, "clasificac": "POR LEGALIZAR", "anio_deuda": 0, "deuda": 0.0, "valor_ip": 0.0, "coactiva": null, "ficharegis": 0, "etam": 0.0734877053, "diferencia": 0.0819054826, "porc_difer": 0.0004423259, "admisible": 1, "deuda_anio": 0.0, "2024__csv_": "5-05-13-08-000", "2024__csv1": "535-30-12-2025", "Clavepre": "5-05-13-08-000", "RESOLUCION": "535-30-12-2025", "ORIG_FID": 309 }, "geometry": { "type": "Point", "coordinates": [ -80.755824630667263, -1.002804442312121 ] } },
{ "type": "Feature", "properties": { "id": 104549, "lote_id": 109030, "clavecatas": "5-05-13-09-000", "zona": "5", "sector": "05", "manzana": "13", "lote": "09", "ph": "000", "propietari": "GOBIERNO AUTONOMO DESCENTRALIZADO  MUNICIPAL MANTA .", "documentop": "1360000980001", "direccion": "PARROQUIA MANTA - SAN JUAN - BARRIO SAN JOSE - MZ 13 LOTE 09", "area_m2": 307.89, "frente_uti": 10.88, "frente_tot": 36.41, "avaluo_con": 0.0, "avaluo_sue": 4618.35, "zonaurbano": "URBANA", "parroquia": "MANTA", "esta_bloqu": "NO", "es_tercera": "NO", "tiene_elec": "SI", "tiene_agua": "NO", "tiene_alca": "NO", "observacio": null, "observac_1": null, "barrio": "SAN JOSE", "parroquia_": 2, "barrio_id": 1059, "proceso": 0, "fecha_regi": null, "activo_cat": "SI", "desactivad": 0, "avaluo_rem": 0.0, "avaluo_r_1": 0.0, "clasificac": "POR LEGALIZAR", "anio_deuda": 0, "deuda": 0.0, "valor_ip": 0.0, "coactiva": null, "ficharegis": 0, "etam": 0.170971398, "diferencia": 0.2977322368, "porc_difer": 0.0009670085, "admisible": 1, "deuda_anio": 0.0, "2024__csv_": "5-05-13-09-000", "2024__csv1": "535-30-12-2025", "Clavepre": "5-05-13-09-000", "RESOLUCION": "535-30-12-2025", "ORIG_FID": 310 }, "geometry": { "type": "Point", "coordinates": [ -80.755843026665275, -1.002897864649069 ] } },
{ "type": "Feature", "properties": { "id": 104550, "lote_id": 109029, "clavecatas": "5-05-13-10-000", "zona": "5", "sector": "05", "manzana": "13", "lote": "10", "ph": "000", "propietari": "GOBIERNO AUTONOMO DESCENTRALIZADO  MUNICIPAL MANTA .", "documentop": "1360000980001", "direccion": "PARROQUIA MANTA - SAN JUAN - BARRIO SAN JOSE - MZ 13 LOTE 10", "area_m2": 249.8, "frente_uti": 11.09, "frente_tot": 36.57, "avaluo_con": 0.0, "avaluo_sue": 3747.0, "zonaurbano": "URBANA", "parroquia": "MANTA", "esta_bloqu": "NO", "es_tercera": "NO", "tiene_elec": "SI", "tiene_agua": "NO", "tiene_alca": "NO", "observacio": null, "observac_1": null, "barrio": "SAN JOSE", "parroquia_": 2, "barrio_id": 1059, "proceso": 0, "fecha_regi": null, "activo_cat": "SI", "desactivad": 0, "avaluo_rem": 0.0, "avaluo_r_1": 0.0, "clasificac": "POR LEGALIZAR", "anio_deuda": 0, "deuda": 0.0, "valor_ip": 0.0, "coactiva": null, "ficharegis": 0, "etam": 0.1265417332, "diferencia": 0.0003191007, "porc_difer": 1.2774e-06, "admisible": 1, "deuda_anio": 0.0, "2024__csv_": "5-05-13-10-000", "2024__csv1": "535-30-12-2025", "Clavepre": "5-05-13-10-000", "RESOLUCION": "535-30-12-2025", "ORIG_FID": 311 }, "geometry": { "type": "Point", "coordinates": [ -80.755826859474197, -1.00300915943778 ] } },
{ "type": "Feature", "properties": { "id": 104551, "lote_id": 109011, "clavecatas": "5-05-13-13-000", "zona": "5", "sector": "05", "manzana": "13", "lote": "13", "ph": "000", "propietari": "GOBIERNO AUTONOMO DESCENTRALIZADO  MUNICIPAL MANTA .", "documentop": "1360000980001", "direccion": "PARROQUIA MANTA - SAN JUAN - BARRIO SAN JOSE - MZ 13 LOTE 13", "area_m2": 164.56, "frente_uti": 9.28, "frente_tot": 9.28, "avaluo_con": 23546.26, "avaluo_sue": 1799.46, "zonaurbano": "URBANA", "parroquia": "MANTA", "esta_bloqu": "NO", "es_tercera": "NO", "tiene_elec": "SI", "tiene_agua": "NO", "tiene_alca": "NO", "observacio": "SE CREA LA CLAVE CATASTRAL 5051313000 A FAVOR DEL GAD MANTA / BAQUE CRUZ MARIA FERNANDA CON FINES DE LEGALIZACIÓN, PREDIO UBICADO EN EL BARRIO SAN JOSÉ DEL SECTOR SAN JUAN DE MANTA, PREVIO INFORME DEL ARQ. ANGEL PATRICIO LEON MURILLO.", "observac_1": null, "barrio": "SAN JOSE", "parroquia_": 2, "barrio_id": 1059, "proceso": 0, "fecha_regi": null, "activo_cat": "SI", "desactivad": 0, "avaluo_rem": 0.0, "avaluo_r_1": 0.0, "clasificac": "POR LEGALIZAR", "anio_deuda": 0, "deuda": 0.0, "valor_ip": 0.0, "coactiva": null, "ficharegis": 0, "etam": 0.0779539023, "diferencia": 0.0035475722, "porc_difer": 2.15579e-05, "admisible": 1, "deuda_anio": 0.0, "2024__csv_": "5-05-13-13-000", "2024__csv1": "536-30-12-2025", "Clavepre": "5-05-13-13-000", "RESOLUCION": "536-30-12-2025", "ORIG_FID": 312 }, "geometry": { "type": "Point", "coordinates": [ -80.756228600664002, -1.003041147367742 ] } },
{ "type": "Feature", "properties": { "id": 104552, "lote_id": 109010, "clavecatas": "5-05-13-14-000", "zona": "5", "sector": "05", "manzana": "13", "lote": "14", "ph": "000", "propietari": "GOBIERNO AUTONOMO DESCENTRALIZADO  MUNICIPAL MANTA .", "documentop": "1360000980001", "direccion": "PARROQUIA MANTA - SAN JUAN - BARRIO SAN JOSE - MZ 13 LOTE 14", "area_m2": 269.51, "frente_uti": 17.53, "frente_tot": 34.66, "avaluo_con": 0.0, "avaluo_sue": 4042.65, "zonaurbano": "URBANA", "parroquia": "MANTA", "esta_bloqu": "NO", "es_tercera": "NO", "tiene_elec": "SI", "tiene_agua": "NO", "tiene_alca": "NO", "observacio": null, "observac_1": null, "barrio": "SAN JOSE", "parroquia_": 2, "barrio_id": 1059, "proceso": 0, "fecha_regi": null, "activo_cat": "SI", "desactivad": 0, "avaluo_rem": 0.0, "avaluo_r_1": 0.0, "clasificac": "POR LEGALIZAR", "anio_deuda": 0, "deuda": 0.0, "valor_ip": 0.0, "coactiva": null, "ficharegis": 0, "etam": 0.1218267206, "diferencia": -0.0027377277, "porc_difer": -1.01582e-05, "admisible": 1, "deuda_anio": 0.0, "2024__csv_": "5-05-13-14-000", "2024__csv1": "535-30-12-2025", "Clavepre": "5-05-13-14-000", "RESOLUCION": "535-30-12-2025", "ORIG_FID": 313 }, "geometry": { "type": "Point", "coordinates": [ -80.756336438915156, -1.003062677725656 ] } },
{ "type": "Feature", "properties": { "id": 104553, "lote_id": 109050, "clavecatas": "5-05-15-01-000", "zona": "5", "sector": "05", "manzana": "15", "lote": "01", "ph": "000", "propietari": "GOBIERNO AUTONOMO DESCENTRALIZADO  MUNICIPAL MANTA .", "documentop": "1360000980001", "direccion": "PARROQUIA MANTA - SAN JUAN - BARRIO SAN JOSÉ MZ 15 - LT 01", "area_m2": 172.3, "frente_uti": 11.44, "frente_tot": 27.61, "avaluo_con": 30165.33, "avaluo_sue": 1988.77, "zonaurbano": "URBANA", "parroquia": "MANTA", "esta_bloqu": "NO", "es_tercera": "NO", "tiene_elec": "SI", "tiene_agua": "NO", "tiene_alca": "NO", "observacio": "SE CREA LA CLAVE CATASTRAL 5051501000 A FAVOR DEL GAD MANTA / MERA VILLAVICENCIO BLANCA MARISELA CON FINES DE LEGALIZACIÓN, PREDIO UBICADO EN EL BARRIO SAN JOSÉ DEL SECTOR SAN JUAN DE MANTA, PREVIO INFORME DEL ARQ. PATRICIO LEÓN MURILLO.", "observac_1": null, "barrio": "SAN JOSE", "parroquia_": 2, "barrio_id": 1059, "proceso": 0, "fecha_regi": null, "activo_cat": "SI", "desactivad": 0, "avaluo_rem": 0.0, "avaluo_r_1": 0.0, "clasificac": "POR LEGALIZAR", "anio_deuda": 0, "deuda": 0.0, "valor_ip": 0.0, "coactiva": null, "ficharegis": 0, "etam": 0.0761828756, "diferencia": -0.8908232632, "porc_difer": -0.0051701873, "admisible": 1, "deuda_anio": 0.0, "2024__csv_": "5-05-15-01-000", "2024__csv1": "536-30-12-2025", "Clavepre": "5-05-15-01-000", "RESOLUCION": "536-30-12-2025", "ORIG_FID": 314 }, "geometry": { "type": "Point", "coordinates": [ -80.755566320119016, -1.003074833038152 ] } },
{ "type": "Feature", "properties": { "id": 104554, "lote_id": 109052, "clavecatas": "5-05-15-02-000", "zona": "5", "sector": "05", "manzana": "15", "lote": "02", "ph": "000", "propietari": "GOBIERNO AUTONOMO DESCENTRALIZADO  MUNICIPAL MANTA .", "documentop": "1360000980001", "direccion": "PARROQUIA MANTA - SAN JUAN - BARRIO SAN JOSÉ MZ 15 - LT 02", "area_m2": 153.19, "frente_uti": 8.25, "frente_tot": 8.25, "avaluo_con": 25847.82, "avaluo_sue": 0.0, "zonaurbano": "URBANA", "parroquia": "MANTA", "esta_bloqu": "NO", "es_tercera": "NO", "tiene_elec": "SI", "tiene_agua": "NO", "tiene_alca": "NO", "observacio": "SE CREA LA CLAVE CATASTRAL 5051502000 A FAVOR DEL GAD MANTA / MERO VILLAVICENCIO DARLYN KERLYS, MERO VILLAVICENCIO ZOE ANTONELLA Y BRITANY TAEL (REPRSENTANTE VILLAVICENCIO SANTANA ROSA JANETH, CON FINES DE LEGALIZACIÓN, PREDIO UBICADO EN EL BARRIO SAN J", "observac_1": null, "barrio": "SAN JOSE", "parroquia_": 2, "barrio_id": 1059, "proceso": 0, "fecha_regi": null, "activo_cat": "SI", "desactivad": 0, "avaluo_rem": 0.0, "avaluo_r_1": 0.0, "clasificac": "POR LEGALIZAR", "anio_deuda": 0, "deuda": 0.0, "valor_ip": 0.0, "coactiva": null, "ficharegis": 0, "etam": 0.080795057, "diferencia": -0.0045209755, "porc_difer": -2.95122e-05, "admisible": 1, "deuda_anio": 0.0, "2024__csv_": "5-05-15-02-000", "2024__csv1": "536-30-12-2025", "Clavepre": "5-05-15-02-000", "RESOLUCION": "536-30-12-2025", "ORIG_FID": 315 }, "geometry": { "type": "Point", "coordinates": [ -80.755545748151121, -1.003164356724164 ] } },
{ "type": "Feature", "properties": { "id": 104555, "lote_id": 109054, "clavecatas": "5-05-15-04-000", "zona": "5", "sector": "05", "manzana": "15", "lote": "04", "ph": "000", "propietari": "GOBIERNO AUTONOMO DESCENTRALIZADO  MUNICIPAL MANTA .", "documentop": "1360000980001", "direccion": "PARROQUIA MANTA - SAN JUAN - BARRIO SAN JOSÉ MZ 15 - LT 04", "area_m2": 303.98, "frente_uti": 18.93, "frente_tot": 18.93, "avaluo_con": 13080.48, "avaluo_sue": 3324.02, "zonaurbano": "URBANA", "parroquia": "MANTA", "esta_bloqu": "NO", "es_tercera": "NO", "tiene_elec": "SI", "tiene_agua": "NO", "tiene_alca": "NO", "observacio": "SE CREA LA CLAVE CATASTRAL 5051504000 A FAVOR DEL GAD MANTA / MERO FLORES JUAN AQUILINO CON FINES DE LEGALIZACIÓN, PREDIO UBICADO EN EL BARRIO SAN JOSÉ DEL SECTOR SAN JUAN DE MANTA, PREVIO INFORME DEL ARQ. ANGEL PATRICIO LEON MURILLO.", "observac_1": null, "barrio": "SAN JOSE", "parroquia_": 2, "barrio_id": 1059, "proceso": 0, "fecha_regi": null, "activo_cat": "SI", "desactivad": 0, "avaluo_rem": 0.0, "avaluo_r_1": 0.0, "clasificac": "POR LEGALIZAR", "anio_deuda": 0, "deuda": 0.0, "valor_ip": 0.0, "coactiva": null, "ficharegis": 0, "etam": 0.1720674606, "diferencia": 1.0279361674, "porc_difer": 0.0033815914, "admisible": 1, "deuda_anio": 0.0, "2024__csv_": "5-05-15-04-000", "2024__csv1": "536-30-12-2025", "Clavepre": "5-05-15-04-000", "RESOLUCION": "536-30-12-2025", "ORIG_FID": 316 }, "geometry": { "type": "Point", "coordinates": [ -80.755527548894833, -1.003277500273588 ] } },
{ "type": "Feature", "properties": { "id": 104556, "lote_id": 109056, "clavecatas": "5-05-15-05-000", "zona": "5", "sector": "05", "manzana": "15", "lote": "05", "ph": "000", "propietari": "GOBIERNO AUTONOMO DESCENTRALIZADO  MUNICIPAL MANTA .", "documentop": "1360000980001", "direccion": "PARROQUIA MANTA - SAN JUAN - BARRIO SAN JOSÉ MZ 15 - LT 05", "area_m2": 275.48, "frente_uti": 9.53, "frente_tot": 9.53, "avaluo_con": 7257.6, "avaluo_sue": 2861.76, "zonaurbano": "URBANA", "parroquia": "MANTA", "esta_bloqu": "NO", "es_tercera": "NO", "tiene_elec": "SI", "tiene_agua": "NO", "tiene_alca": "NO", "observacio": "SE CREA LA CLAVE CATASTRAL 5051505000 A FAVOR DEL GAD MANTA / ANCHUNDIA MANTUANO JOSE ALCIDES CON FINES DE LEGALIZACIÓN, PREDIO UBICADO EN EL BARRIO SAN JOSÉ DEL SECTOR SAN JUAN DE MANTA, PREVIO INFORME DEL ARQ. ANGEL PATRICIO LEON MURILLO.", "observac_1": null, "barrio": "SAN JOSE", "parroquia_": 2, "barrio_id": 1059, "proceso": 0, "fecha_regi": null, "activo_cat": "SI", "desactivad": 0, "avaluo_rem": 0.0, "avaluo_r_1": 0.0, "clasificac": "POR LEGALIZAR", "anio_deuda": 0, "deuda": 0.0, "valor_ip": 0.0, "coactiva": null, "ficharegis": 0, "etam": 0.1204994205, "diferencia": -0.8928294424, "porc_difer": -0.0032409955, "admisible": 1, "deuda_anio": 0.0, "2024__csv_": "5-05-15-05-000", "2024__csv1": "536-30-12-2025", "Clavepre": "5-05-15-05-000", "RESOLUCION": "536-30-12-2025", "ORIG_FID": 317 }, "geometry": { "type": "Point", "coordinates": [ -80.75538330990527, -1.003209608067415 ] } },
{ "type": "Feature", "properties": { "id": 104557, "lote_id": 109057, "clavecatas": "5-05-15-07-000", "zona": "5", "sector": "05", "manzana": "15", "lote": "07", "ph": "000", "propietari": "GOBIERNO AUTONOMO DESCENTRALIZADO  MUNICIPAL MANTA .", "documentop": "1360000980001", "direccion": "PARROQUIA MANTA - SAN JUAN - BARRIO SAN JOSÉ MZ 15 - LT 07", "area_m2": 1004.38, "frente_uti": 28.71, "frente_tot": 28.71, "avaluo_con": 22398.69, "avaluo_sue": 10982.9, "zonaurbano": "URBANA", "parroquia": "MANTA", "esta_bloqu": "NO", "es_tercera": "NO", "tiene_elec": "SI", "tiene_agua": "NO", "tiene_alca": "NO", "observacio": "SE CREA LA CLAVE CATASTRAL 5051507000 A FAVOR DEL GAD MANTA / HOLGUIN MERO MARGARITA ISABEL CON FINES DE LEGALIZACIÓN, PREDIO UBICADO EN EL BARRIO SAN JOSÉ DEL SECTOR SAN JUAN DE MANTA, PREVIO INFORME DEL ARQ. ANGEL PATRICIO LEON MURILLO.", "observac_1": null, "barrio": "SAN JOSE", "parroquia_": 2, "barrio_id": 1059, "proceso": 0, "fecha_regi": null, "activo_cat": "SI", "desactivad": 0, "avaluo_rem": 0.0, "avaluo_r_1": 0.0, "clasificac": "POR LEGALIZAR", "anio_deuda": 0, "deuda": 0.0, "valor_ip": 0.0, "coactiva": null, "ficharegis": 0, "etam": 0.157768747, "diferencia": -1.0242518779000001, "porc_difer": -0.0010197852, "admisible": 1, "deuda_anio": 0.0, "2024__csv_": "5-05-15-07-000", "2024__csv1": "536-30-12-2025", "Clavepre": "5-05-15-07-000", "RESOLUCION": "536-30-12-2025", "ORIG_FID": 318 }, "geometry": { "type": "Point", "coordinates": [ -80.755368642075496, -1.003442194031005 ] } },
{ "type": "Feature", "properties": { "id": 104558, "lote_id": 109087, "clavecatas": "5-05-15-08-000", "zona": "5", "sector": "05", "manzana": "15", "lote": "08", "ph": "000", "propietari": "GOBIERNO AUTONOMO DESCENTRALIZADO  MUNICIPAL MANTA .", "documentop": "1360000980001", "direccion": "PARROQUIA MANTA - SAN JUAN - BARRIO SAN JOSÉ MZ 15 - LT 08", "area_m2": 464.49, "frente_uti": 13.6, "frente_tot": 34.41, "avaluo_con": 34003.2, "avaluo_sue": 5079.2, "zonaurbano": "URBANA", "parroquia": "MANTA", "esta_bloqu": "NO", "es_tercera": "NO", "tiene_elec": "SI", "tiene_agua": "NO", "tiene_alca": "NO", "observacio": "SE CREA LA CLAVE CATASTRAL 5051508000 A FAVOR DEL GAD MANTA / HOLGUIN MERO MANUEL ARTURO CON FINES DE LEGALIZACIÓN, PREDIO UBICADO EN EL BARRIO SAN JOSÉ DEL SECTOR SAN JUAN DE MANTA, PREVIO INFORME DEL ARQ. ANGEL PATRICIO LEON MURILLO.", "observac_1": null, "barrio": "SAN JOSE", "parroquia_": 2, "barrio_id": 1059, "proceso": 0, "fecha_regi": null, "activo_cat": "SI", "desactivad": 0, "avaluo_rem": 0.0, "avaluo_r_1": 0.0, "clasificac": "POR LEGALIZAR", "anio_deuda": 0, "deuda": 0.0, "valor_ip": 0.0, "coactiva": null, "ficharegis": 0, "etam": 0.1391980241, "diferencia": -1.6591829568000001, "porc_difer": -0.0035720531, "admisible": 1, "deuda_anio": 0.0, "2024__csv_": "5-05-15-08-000", "2024__csv1": "536-30-12-2025", "Clavepre": "5-05-15-08-000", "RESOLUCION": "536-30-12-2025", "ORIG_FID": 319 }, "geometry": { "type": "Point", "coordinates": [ -80.755115755575559, -1.003390255390698 ] } },
{ "type": "Feature", "properties": { "id": 104559, "lote_id": 109037, "clavecatas": "5-05-16-01-000", "zona": "5", "sector": "05", "manzana": "16", "lote": "01", "ph": "000", "propietari": "GOBIERNO AUTONOMO DESCENTRALIZADO  MUNICIPAL MANTA .", "documentop": "1360000980001", "direccion": "PARROQUIA MANTA - SAN JUAN - BARRIO SAN JOSÉ MZ 16 - LT 01", "area_m2": 171.9, "frente_uti": 14.05, "frente_tot": 32.75, "avaluo_con": 0.0, "avaluo_sue": 2578.5, "zonaurbano": "URBANA", "parroquia": "MANTA", "esta_bloqu": "NO", "es_tercera": "NO", "tiene_elec": "SI", "tiene_agua": "NO", "tiene_alca": "NO", "observacio": null, "observac_1": null, "barrio": "SAN JOSE", "parroquia_": 2, "barrio_id": 1059, "proceso": 0, "fecha_regi": null, "activo_cat": "SI", "desactivad": 0, "avaluo_rem": 0.0, "avaluo_r_1": 0.0, "clasificac": "POR LEGALIZAR", "anio_deuda": 0, "deuda": 0.0, "valor_ip": 0.0, "coactiva": null, "ficharegis": 0, "etam": 0.0762714603, "diferencia": -0.0022730524, "porc_difer": -1.32231e-05, "admisible": 1, "deuda_anio": 0.0, "2024__csv_": "5-05-16-01-000", "2024__csv1": "535-30-12-2025", "Clavepre": "5-05-16-01-000", "RESOLUCION": "535-30-12-2025", "ORIG_FID": 320 }, "geometry": { "type": "Point", "coordinates": [ -80.755594961894772, -1.002828665059234 ] } },
{ "type": "Feature", "properties": { "id": 104560, "lote_id": 109038, "clavecatas": "5-05-16-02-000", "zona": "5", "sector": "05", "manzana": "16", "lote": "02", "ph": "000", "propietari": "GOBIERNO AUTONOMO DESCENTRALIZADO  MUNICIPAL MANTA .", "documentop": "1360000980001", "direccion": "PARROQUIA MANTA - SAN JUAN - BARRIO SAN JOSÉ MZ 16 - LT 02", "area_m2": 147.6, "frente_uti": 24.03, "frente_tot": 24.03, "avaluo_con": 17395.11, "avaluo_sue": 0.0, "zonaurbano": "URBANA", "parroquia": "MANTA", "esta_bloqu": "NO", "es_tercera": "NO", "tiene_elec": "SI", "tiene_agua": "NO", "tiene_alca": "NO", "observacio": "SE CREA LA CLAVE CATASTRAL 5051602000 A FAVOR DEL GAD MANTA / MERO DELGADO SANTO RAMON CON FINES DE LEGALIZACIÓN, PREDIO UBICADO EN EL BARRIO SAN JOSÉ DEL SECTOR SAN JUAN DE MANTA, PREVIO INFORME DEL ARQ. ANGEL PATRICIO LEON MURILLO.", "observac_1": null, "barrio": "SAN JOSE", "parroquia_": 2, "barrio_id": 1059, "proceso": 0, "fecha_regi": null, "activo_cat": "SI", "desactivad": 0, "avaluo_rem": 0.0, "avaluo_r_1": 0.0, "clasificac": "POR LEGALIZAR", "anio_deuda": 0, "deuda": 0.0, "valor_ip": 0.0, "coactiva": null, "ficharegis": 0, "etam": 0.0823107997, "diferencia": -0.031972644, "porc_difer": -0.0002166168, "admisible": 1, "deuda_anio": 0.0, "2024__csv_": "5-05-16-02-000", "2024__csv1": "535-30-12-2025", "Clavepre": "5-05-16-02-000", "RESOLUCION": "535-30-12-2025", "ORIG_FID": 321 }, "geometry": { "type": "Point", "coordinates": [ -80.755583230470847, -1.002923919684925 ] } },
{ "type": "Feature", "properties": { "id": 104561, "lote_id": 109039, "clavecatas": "5-05-16-03-000", "zona": "5", "sector": "05", "manzana": "16", "lote": "03", "ph": "000", "propietari": "GOBIERNO AUTONOMO DESCENTRALIZADO  MUNICIPAL MANTA .", "documentop": "1360000980001", "direccion": "PARROQUIA MANTA - SAN JUAN - BARRIO SAN JOSÉ MZ 16 - LT 03", "area_m2": 124.88, "frente_uti": 6.18, "frente_tot": 13.02, "avaluo_con": 0.0, "avaluo_sue": 1873.2, "zonaurbano": "URBANA", "parroquia": "MANTA", "esta_bloqu": "NO", "es_tercera": "NO", "tiene_elec": "SI", "tiene_agua": "NO", "tiene_alca": "NO", "observacio": null, "observac_1": null, "barrio": "SAN JOSE", "parroquia_": 2, "barrio_id": 1059, "proceso": 0, "fecha_regi": null, "activo_cat": "SI", "desactivad": 0, "avaluo_rem": 0.0, "avaluo_r_1": 0.0, "clasificac": "POR LEGALIZAR", "anio_deuda": 0, "deuda": 0.0, "valor_ip": 0.0, "coactiva": null, "ficharegis": 0, "etam": 0.0894856825, "diferencia": -0.0038008694, "porc_difer": -3.04362e-05, "admisible": 1, "deuda_anio": 0.0, "2024__csv_": "5-05-16-03-000", "2024__csv1": "535-30-12-2025", "Clavepre": "5-05-16-03-000", "RESOLUCION": "535-30-12-2025", "ORIG_FID": 322 }, "geometry": { "type": "Point", "coordinates": [ -80.755487813042862, -1.002889026112749 ] } },
{ "type": "Feature", "properties": { "id": 104562, "lote_id": 109040, "clavecatas": "5-05-16-05-000", "zona": "5", "sector": "05", "manzana": "16", "lote": "05", "ph": "000", "propietari": "GOBIERNO AUTONOMO DESCENTRALIZADO  MUNICIPAL MANTA .", "documentop": "1360000980001", "direccion": "PARROQUIA MANTA - SAN JUAN - BARRIO SAN JOSÉ MZ 16 - LT 05", "area_m2": 124.26, "frente_uti": 10.63, "frente_tot": 10.63, "avaluo_con": 26801.04, "avaluo_sue": 1358.78, "zonaurbano": "URBANA", "parroquia": "MANTA", "esta_bloqu": "NO", "es_tercera": "NO", "tiene_elec": "SI", "tiene_agua": "NO", "tiene_alca": "NO", "observacio": "SE CREA LA CLAVE CATASTRAL 5051605000 A FAVOR DEL GAD MANTA / MERO MERO JUANA ZENAIDA CON FINES DE LEGALIZACIÓN, PREDIO UBICADO EN EL BARRIO SAN JOSÉ DEL SECTOR SAN JUAN DE MANTA, PREVIO INFORME DEL ARQ. ANGEL PATRICIO LEON MURILLO.", "observac_1": null, "barrio": "SAN JOSE", "parroquia_": 2, "barrio_id": 1059, "proceso": 0, "fecha_regi": null, "activo_cat": "SI", "desactivad": 0, "avaluo_rem": 0.0, "avaluo_r_1": 0.0, "clasificac": "POR LEGALIZAR", "anio_deuda": 0, "deuda": 0.0, "valor_ip": 0.0, "coactiva": null, "ficharegis": 0, "etam": 0.0897086509, "diferencia": 0.0021622226, "porc_difer": 1.74008e-05, "admisible": 1, "deuda_anio": 0.0, "2024__csv_": "5-05-16-05-000", "2024__csv1": "536-30-12-2025", "Clavepre": "5-05-16-05-000", "RESOLUCION": "536-30-12-2025", "ORIG_FID": 323 }, "geometry": { "type": "Point", "coordinates": [ -80.755258905549766, -1.003006750673596 ] } },
{ "type": "Feature", "properties": { "id": 104563, "lote_id": 109043, "clavecatas": "5-05-16-06-000", "zona": "5", "sector": "05", "manzana": "16", "lote": "06", "ph": "000", "propietari": "GOBIERNO AUTONOMO DESCENTRALIZADO  MUNICIPAL MANTA .", "documentop": "1360000980001", "direccion": "PARROQUIA MANTA - SAN JUAN - BARRIO SAN JOSÉ MZ 16 - LT 06", "area_m2": 178.51, "frente_uti": 9.58, "frente_tot": 28.62, "avaluo_con": 0.0, "avaluo_sue": 2677.65, "zonaurbano": "URBANA", "parroquia": "MANTA", "esta_bloqu": "NO", "es_tercera": "NO", "tiene_elec": "SI", "tiene_agua": "NO", "tiene_alca": "NO", "observacio": null, "observac_1": null, "barrio": "SAN JOSE", "parroquia_": 2, "barrio_id": 1059, "proceso": 0, "fecha_regi": null, "activo_cat": "SI", "desactivad": 0, "avaluo_rem": 0.0, "avaluo_r_1": 0.0, "clasificac": "POR LEGALIZAR", "anio_deuda": 0, "deuda": 0.0, "valor_ip": 0.0, "coactiva": null, "ficharegis": 0, "etam": 0.0748460224, "diferencia": -0.0038260981, "porc_difer": -2.14335e-05, "admisible": 1, "deuda_anio": 0.0, "2024__csv_": "5-05-16-06-000", "2024__csv1": "535-30-12-2025", "Clavepre": "5-05-16-06-000", "RESOLUCION": "535-30-12-2025", "ORIG_FID": 324 }, "geometry": { "type": "Point", "coordinates": [ -80.755168628561393, -1.003031216182223 ] } },
{ "type": "Feature", "properties": { "id": 104565, "lote_id": 109047, "clavecatas": "5-05-16-10-000", "zona": "5", "sector": "05", "manzana": "16", "lote": "10", "ph": "000", "propietari": "GOBIERNO AUTONOMO DESCENTRALIZADO  MUNICIPAL MANTA .", "documentop": "1360000980001", "direccion": "PARROQUIA MANTA - SAN JUAN - BARRIO SAN JOSÉ MZ 16 - LT 10", "area_m2": 365.0, "frente_uti": 15.78, "frente_tot": 30.58, "avaluo_con": 6610.0, "avaluo_sue": 4434.75, "zonaurbano": "URBANA", "parroquia": "MANTA", "esta_bloqu": "NO", "es_tercera": "NO", "tiene_elec": "SI", "tiene_agua": "NO", "tiene_alca": "NO", "observacio": "SE CREA LA CLAVE CATASTRAL 5051610000 A FAVOR DEL GAD MANTA / HOLGUIN REYES FELIX ARTURO CON FINES DE LEGALIZACIÓN, PREDIO UBICADO EN EL BARRIO SAN JOSÉ DEL SECTOR SAN JUAN DE MANTA, PREVIO INFORME DEL ARQ. ANGEL PATRICIO LEON MURILLO.", "observac_1": null, "barrio": "SAN JOSE", "parroquia_": 2, "barrio_id": 1059, "proceso": 0, "fecha_regi": null, "activo_cat": "SI", "desactivad": 0, "avaluo_rem": 0.0, "avaluo_r_1": 0.0, "clasificac": "POR LEGALIZAR", "anio_deuda": 0, "deuda": 0.0, "valor_ip": 0.0, "coactiva": null, "ficharegis": 0, "etam": 0.1570271768, "diferencia": -0.0046674825, "porc_difer": -1.27876e-05, "admisible": 1, "deuda_anio": 0.0, "2024__csv_": "5-05-16-10-000", "2024__csv1": "536-30-12-2025", "Clavepre": "5-05-16-10-000", "RESOLUCION": "536-30-12-2025", "ORIG_FID": 325 }, "geometry": { "type": "Point", "coordinates": [ -80.754853813962328, -1.003382546017251 ] } },
{ "type": "Feature", "properties": { "id": 104566, "lote_id": 108995, "clavecatas": "5-05-19-01-000", "zona": "5", "sector": "05", "manzana": "19", "lote": "01", "ph": "000", "propietari": "G.A.D.MCPAL.DEL CANTON MANTA .", "documentop": "1360000980001", "direccion": "PARROQUIA MANTA - SAN JUAN - BARRIO SAN JOSE - MZ 19 LOTE 01", "area_m2": 705.63, "frente_uti": 34.2, "frente_tot": 66.63, "avaluo_con": 29151.34, "avaluo_sue": 7716.06, "zonaurbano": "URBANA", "parroquia": "MANTA", "esta_bloqu": "NO", "es_tercera": "NO", "tiene_elec": "SI", "tiene_agua": "NO", "tiene_alca": "NO", "observacio": "SE CREA LA CLAVE CATASTRAL 5051901000 A FAVOR DEL GAD MANTA / MERO DELGADO INOCENCIO MANUEL CON FINES DE LEGALIZACIÓN, PREDIO UBICADO EN EL BARRIO SAN JOSÉ DEL SECTOR SAN JUAN DE MANTA, PREVIO INFORME DEL ARQ. ANGEL PATRICIO LEON MURILLO.", "observac_1": null, "barrio": "SAN JOSE", "parroquia_": 2, "barrio_id": 1059, "proceso": 0, "fecha_regi": null, "activo_cat": "SI", "desactivad": 0, "avaluo_rem": 0.0, "avaluo_r_1": 0.0, "clasificac": "POR LEGALIZAR", "anio_deuda": 0, "deuda": 0.0, "valor_ip": 0.0, "coactiva": null, "ficharegis": 0, "etam": 0.1505814494, "diferencia": -0.2110122977, "porc_difer": -0.000299041, "admisible": 1, "deuda_anio": 0.0, "2024__csv_": "5-05-19-01-000", "2024__csv1": "536-30-12-2025", "Clavepre": "5-05-19-01-000", "RESOLUCION": "536-30-12-2025", "ORIG_FID": 326 }, "geometry": { "type": "Point", "coordinates": [ -80.754662972234911, -1.002432124708664 ] } },
{ "type": "Feature", "properties": { "id": 104567, "lote_id": 109063, "clavecatas": "5-05-20-01-000", "zona": "5", "sector": "05", "manzana": "20", "lote": "01", "ph": "000", "propietari": "GOBIERNO AUTONOMO DESCENTRALIZADO  MUNICIPAL MANTA .", "documentop": "1360000980001", "direccion": "PARROQUIA MANTA - SAN JUAN - BARRIO SAN JOSÉ MZ 20 - LT 01", "area_m2": 385.49, "frente_uti": 37.07, "frente_tot": 37.07, "avaluo_con": 0.0, "avaluo_sue": 5782.35, "zonaurbano": "URBANA", "parroquia": "MANTA", "esta_bloqu": "NO", "es_tercera": "NO", "tiene_elec": "SI", "tiene_agua": "NO", "tiene_alca": "NO", "observacio": null, "observac_1": null, "barrio": "SAN JOSE", "parroquia_": 2, "barrio_id": 1059, "proceso": 0, "fecha_regi": null, "activo_cat": "SI", "desactivad": 0, "avaluo_rem": 0.0, "avaluo_r_1": 0.0, "clasificac": "POR LEGALIZAR", "anio_deuda": 0, "deuda": 0.0, "valor_ip": 0.0, "coactiva": null, "ficharegis": 0, "etam": 0.1527969539, "diferencia": 0.04797899, "porc_difer": 0.0001244623, "admisible": 1, "deuda_anio": 0.0, "2024__csv_": "5-05-20-01-000", "2024__csv1": "535-30-12-2025", "Clavepre": "5-05-20-01-000", "RESOLUCION": "535-30-12-2025", "ORIG_FID": 327 }, "geometry": { "type": "Point", "coordinates": [ -80.755263791714881, -1.002233251330638 ] } },
{ "type": "Feature", "properties": { "id": 104568, "lote_id": 109084, "clavecatas": "5-05-20-02-000", "zona": "5", "sector": "05", "manzana": "20", "lote": "02", "ph": "000", "propietari": "GOBIERNO AUTONOMO DESCENTRALIZADO  MUNICIPAL MANTA .", "documentop": "1360000980001", "direccion": "PARROQUIA MANTA - SAN JUAN - BARRIO SAN JOSÉ MZ 20 - LT 02", "area_m2": 219.6, "frente_uti": 27.23, "frente_tot": 27.23, "avaluo_con": 6321.5, "avaluo_sue": 2401.33, "zonaurbano": "URBANA", "parroquia": "MANTA", "esta_bloqu": "NO", "es_tercera": "NO", "tiene_elec": "SI", "tiene_agua": "NO", "tiene_alca": "NO", "observacio": "SE CREA LA CLAVE CATASTRAL 505202000 A FAVOR DEL GAD MANTA / LUCAS MERO MARIA ANGELA CON FINES DE LEGALIZACIÓN, PREDIO UBICADO EN EL BARRIO SAN JOSÉ DEL SECTOR SAN JUAN DE MANTA, PREVIO INFORME DEL ARQ. ANGEL PATRICIO LEON MURILLO.", "observac_1": null, "barrio": "SAN JOSE", "parroquia_": 2, "barrio_id": 1059, "proceso": 0, "fecha_regi": null, "activo_cat": "SI", "desactivad": 0, "avaluo_rem": 0.0, "avaluo_r_1": 0.0, "clasificac": "POR LEGALIZAR", "anio_deuda": 0, "deuda": 0.0, "valor_ip": 0.0, "coactiva": null, "ficharegis": 0, "etam": 0.1349627217, "diferencia": -0.0039826004, "porc_difer": -1.81357e-05, "admisible": 1, "deuda_anio": 0.0, "2024__csv_": "5-05-20-02-000", "2024__csv1": "536-30-12-2025", "Clavepre": "5-05-20-02-000", "RESOLUCION": "536-30-12-2025", "ORIG_FID": 328 }, "geometry": { "type": "Point", "coordinates": [ -80.755252554860292, -1.002395551127817 ] } },
{ "type": "Feature", "properties": { "id": 104569, "lote_id": 109085, "clavecatas": "5-05-20-04-000", "zona": "5", "sector": "05", "manzana": "20", "lote": "04", "ph": "000", "propietari": null, "documentop": null, "direccion": "PARROQUIA MANTA - SAN JUAN - BARRIO SAN JOSÉ MZ 20 - LT 04", "area_m2": 183.84, "frente_uti": 10.28, "frente_tot": 10.28, "avaluo_con": 16113.34, "avaluo_sue": 2757.6, "zonaurbano": "URBANA", "parroquia": "MANTA", "esta_bloqu": "NO", "es_tercera": "NO", "tiene_elec": "SI", "tiene_agua": "NO", "tiene_alca": "NO", "observacio": "SE CREA LA CLAVE CATASTRAL 505204000 A FAVOR DEL GAD MANTA / FIGUEROA VELICELA PABLO FABIAN CON FINES DE LEGALIZACIÓN, PREDIO UBICADO EN EL BARRIO SAN JOSÉ DEL SECTOR SAN JUAN DE MANTA, PREVIO INFORME DEL ARQ. ANGEL PATRICIO LEON MURILLO.", "observac_1": null, "barrio": "SAN JOSE", "parroquia_": 2, "barrio_id": 1059, "proceso": 0, "fecha_regi": null, "activo_cat": "SI", "desactivad": 0, "avaluo_rem": 0.0, "avaluo_r_1": 0.0, "clasificac": "POR LEGALIZAR", "anio_deuda": 0, "deuda": 0.0, "valor_ip": 0.0, "coactiva": null, "ficharegis": 0, "etam": 0.0737530516, "diferencia": -0.0009430933, "porc_difer": -5.13e-06, "admisible": 1, "deuda_anio": 0.0, "2024__csv_": "5-05-20-04-000", "2024__csv1": "535-30-12-2025", "Clavepre": "5-05-20-04-000", "RESOLUCION": "535-30-12-2025", "ORIG_FID": 329 }, "geometry": { "type": "Point", "coordinates": [ -80.755139708935275, -1.002423446883267 ] } },
{ "type": "Feature", "properties": { "id": 104570, "lote_id": 108996, "clavecatas": "5-05-21-02-000", "zona": "5", "sector": "05", "manzana": "21", "lote": "02", "ph": "000", "propietari": "GOBIERNO AUTONOMO DESCENTRALIZADO  MUNICIPAL MANTA .", "documentop": "1360000980001", "direccion": "PARROQUIA MANTA - SAN JUAN - BARRIO SAN JOSE - MZ 21 LOTE 02", "area_m2": 49.1, "frente_uti": 11.89, "frente_tot": 11.89, "avaluo_con": 711.46, "avaluo_sue": 566.74, "zonaurbano": "URBANA", "parroquia": "MANTA", "esta_bloqu": "NO", "es_tercera": "NO", "tiene_elec": "SI", "tiene_agua": "NO", "tiene_alca": "NO", "observacio": "SE CREA LA CLAVE CATASTRAL 5052102000 A FAVOR DEL GAD MANTA / FIGUEROA DELGADO FLAVIO RIGOBERTO CON FINES DE LEGALIZACIÓN, PREDIO UBICADO EN EL BARRIO SAN JOSÉ DEL SECTOR SAN JUAN DE MANTA, PREVIO INFORME DEL ARQ. ANGEL PATRICIO LEON MURILLO.", "observac_1": null, "barrio": "SAN JOSE", "parroquia_": 2, "barrio_id": 1059, "proceso": 0, "fecha_regi": null, "activo_cat": "SI", "desactivad": 0, "avaluo_rem": 0.0, "avaluo_r_1": 0.0, "clasificac": "POR LEGALIZAR", "anio_deuda": 0, "deuda": 0.0, "valor_ip": 0.0, "coactiva": null, "ficharegis": 0, "etam": 0.1, "diferencia": -0.0815658728, "porc_difer": -0.0016612194, "admisible": 1, "deuda_anio": 0.0, "2024__csv_": "5-05-21-02-000", "2024__csv1": "536-30-12-2025", "Clavepre": "5-05-21-02-000", "RESOLUCION": "536-30-12-2025", "ORIG_FID": 330 }, "geometry": { "type": "Point", "coordinates": [ -80.755594058627068, -1.002559502157389 ] } },
{ "type": "Feature", "properties": { "id": 104571, "lote_id": 108997, "clavecatas": "5-05-21-03-000", "zona": "5", "sector": "05", "manzana": "21", "lote": "03", "ph": "000", "propietari": "GOBIERNO AUTONOMO DESCENTRALIZADO  MUNICIPAL MANTA .", "documentop": "1360000980001", "direccion": "PARROQUIA MANTA - SAN JUAN - BARRIO SAN JOSE - MZ 21 LOTE 03", "area_m2": 77.79, "frente_uti": 4.05, "frente_tot": 12.33, "avaluo_con": 0.0, "avaluo_sue": 1166.85, "zonaurbano": "URBANA", "parroquia": "MANTA", "esta_bloqu": "NO", "es_tercera": "NO", "tiene_elec": "SI", "tiene_agua": "NO", "tiene_alca": "NO", "observacio": null, "observac_1": null, "barrio": "SAN JOSE", "parroquia_": 2, "barrio_id": 1059, "proceso": 0, "fecha_regi": null, "activo_cat": "SI", "desactivad": 0, "avaluo_rem": 0.0, "avaluo_r_1": 0.0, "clasificac": "POR LEGALIZAR", "anio_deuda": 0, "deuda": 0.0, "valor_ip": 0.0, "coactiva": null, "ficharegis": 0, "etam": 0.1, "diferencia": -0.0038668531, "porc_difer": -4.97089e-05, "admisible": 1, "deuda_anio": 0.0, "2024__csv_": "5-05-21-03-000", "2024__csv1": "535-30-12-2025", "Clavepre": "5-05-21-03-000", "RESOLUCION": "535-30-12-2025", "ORIG_FID": 331 }, "geometry": { "type": "Point", "coordinates": [ -80.755580277118767, -1.002666477442119 ] } },
{ "type": "Feature", "properties": { "id": 104572, "lote_id": 108998, "clavecatas": "5-05-21-04-000", "zona": "5", "sector": "05", "manzana": "21", "lote": "04", "ph": "000", "propietari": "GOBIERNO AUTONOMO DESCENTRALIZADO  MUNICIPAL MANTA .", "documentop": "1360000980001", "direccion": "PARROQUIA MANTA - SAN JUAN - BARRIO SAN JOSE - MZ 21 LOTE 04", "area_m2": 168.16, "frente_uti": 16.34, "frente_tot": 32.68, "avaluo_con": 0.0, "avaluo_sue": 2522.4, "zonaurbano": "URBANA", "parroquia": "MANTA", "esta_bloqu": "NO", "es_tercera": "NO", "tiene_elec": "SI", "tiene_agua": "NO", "tiene_alca": "NO", "observacio": null, "observac_1": null, "barrio": "SAN JOSE", "parroquia_": 2, "barrio_id": 1059, "proceso": 0, "fecha_regi": null, "activo_cat": "SI", "desactivad": 0, "avaluo_rem": 0.0, "avaluo_r_1": 0.0, "clasificac": "POR LEGALIZAR", "anio_deuda": 0, "deuda": 0.0, "valor_ip": 0.0, "coactiva": null, "ficharegis": 0, "etam": 0.0771149623, "diferencia": -0.0014596717, "porc_difer": -8.6803e-06, "admisible": 1, "deuda_anio": 0.0, "2024__csv_": "5-05-21-04-000", "2024__csv1": "535-30-12-2025", "Clavepre": "5-05-21-04-000", "RESOLUCION": "535-30-12-2025", "ORIG_FID": 332 }, "geometry": { "type": "Point", "coordinates": [ -80.755473723105993, -1.002683542201715 ] } },
{ "type": "Feature", "properties": { "id": 104573, "lote_id": 108999, "clavecatas": "5-05-21-05-000", "zona": "5", "sector": "05", "manzana": "21", "lote": "05", "ph": "000", "propietari": "GOBIERNO AUTONOMO DESCENTRALIZADO  MUNICIPAL MANTA .", "documentop": "1360000980001", "direccion": "PARROQUIA MANTA - SAN JUAN - BARRIO SAN JOSE - MZ 21 LOTE 05", "area_m2": 493.36, "frente_uti": 33.05, "frente_tot": 74.84, "avaluo_con": 26349.52, "avaluo_sue": 0.0, "zonaurbano": "URBANA", "parroquia": "MANTA", "esta_bloqu": "NO", "es_tercera": "NO", "tiene_elec": "SI", "tiene_agua": "NO", "tiene_alca": "NO", "observacio": "SE CREA LA CLAVE CATASTRAL 5052105000 A FAVOR DEL GAD MANTA / PILOZO ALARCON DORY MARICELA CON FINES DE LEGALIZACIÓN, PREDIO UBICADO EN EL BARRIO SAN JOSÉ DEL SECTOR SAN JUAN DE MANTA, PREVIO INFORME DEL ARQ. ANGEL PATRICIO LEON MURILLO.", "observac_1": null, "barrio": "SAN JOSE", "parroquia_": 2, "barrio_id": 1059, "proceso": 0, "fecha_regi": null, "activo_cat": "SI", "desactivad": 0, "avaluo_rem": 0.0, "avaluo_r_1": 0.0, "clasificac": "POR LEGALIZAR", "anio_deuda": 0, "deuda": 0.0, "valor_ip": 0.0, "coactiva": null, "ficharegis": 0, "etam": 0.1350639003, "diferencia": 1.6593763791, "porc_difer": 0.003363419, "admisible": 1, "deuda_anio": 0.0, "2024__csv_": "5-05-21-05-000", "2024__csv1": "535-30-12-2025", "Clavepre": "5-05-21-05-000", "RESOLUCION": "535-30-12-2025", "ORIG_FID": 333 }, "geometry": { "type": "Point", "coordinates": [ -80.755092292787523, -1.002648180249095 ] } },
{ "type": "Feature", "properties": { "id": 104574, "lote_id": 109000, "clavecatas": "5-05-21-06-000", "zona": "5", "sector": "05", "manzana": "21", "lote": "06", "ph": "000", "propietari": "GOBIERNO AUTONOMO DESCENTRALIZADO  MUNICIPAL MANTA .", "documentop": "1360000980001", "direccion": "PARROQUIA MANTA - SAN JUAN - BARRIO SAN JOSE - MZ 21 LOTE 06", "area_m2": 476.3, "frente_uti": 15.68, "frente_tot": 36.22, "avaluo_con": 15771.8, "avaluo_sue": 5729.17, "zonaurbano": "URBANA", "parroquia": "MANTA", "esta_bloqu": "NO", "es_tercera": "NO", "tiene_elec": "SI", "tiene_agua": "NO", "tiene_alca": "NO", "observacio": "SE CREA LA CLAVE CATASTRAL 5052106000 A FAVOR DEL GAD MANTA / DELGADO MERO JORGE ECUADOR CON FINES DE LEGALIZACIÓN, PREDIO UBICADO EN EL BARRIO SAN JOSÉ DEL SECTOR SAN JUAN DE MANTA, PREVIO INFORME DEL ARQ. ANGEL PATRICIO LEON MURILLO.", "observac_1": null, "barrio": "SAN JOSE", "parroquia_": 2, "barrio_id": 1059, "proceso": 0, "fecha_regi": null, "activo_cat": "SI", "desactivad": 0, "avaluo_rem": 0.0, "avaluo_r_1": 0.0, "clasificac": "POR LEGALIZAR", "anio_deuda": 0, "deuda": 0.0, "valor_ip": 0.0, "coactiva": null, "ficharegis": 0, "etam": 0.1374614637, "diferencia": -0.0816410666, "porc_difer": -0.0001714068, "admisible": 1, "deuda_anio": 0.0, "2024__csv_": "5-05-21-06-000", "2024__csv1": "536-30-12-2025", "Clavepre": "5-05-21-06-000", "RESOLUCION": "536-30-12-2025", "ORIG_FID": 334 }, "geometry": { "type": "Point", "coordinates": [ -80.755296828954442, -1.002633421146037 ] } },
{ "type": "Feature", "properties": { "id": 104575, "lote_id": 109001, "clavecatas": "5-05-21-07-000", "zona": "5", "sector": "05", "manzana": "21", "lote": "07", "ph": "000", "propietari": "GOBIERNO AUTONOMO DESCENTRALIZADO  MUNICIPAL MANTA .", "documentop": "1360000980001", "direccion": "PARROQUIA MANTA - SAN JUAN - BARRIO SAN JOSE - MZ 21 LOTE 07", "area_m2": 156.91, "frente_uti": 8.28, "frente_tot": 23.73, "avaluo_con": 31427.03, "avaluo_sue": 1715.81, "zonaurbano": "URBANA", "parroquia": "MANTA", "esta_bloqu": "NO", "es_tercera": "NO", "tiene_elec": "SI", "tiene_agua": "NO", "tiene_alca": "NO", "observacio": "SE CREA LA CLAVE CATASTRAL 5052107000 A FAVOR DEL GAD MANTA / VELICELA DELGADO CARMEN NARCISA CON FINES DE LEGALIZACIÓN, PREDIO UBICADO EN EL BARRIO SAN JOSÉ DEL SECTOR SAN JUAN DE MANTA, PREVIO INFORME DEL ARQ. ANGEL PATRICIO LEON MURILLO.", "observac_1": null, "barrio": "SAN JOSE", "parroquia_": 2, "barrio_id": 1059, "proceso": 0, "fecha_regi": null, "activo_cat": "SI", "desactivad": 0, "avaluo_rem": 0.0, "avaluo_r_1": 0.0, "clasificac": "POR LEGALIZAR", "anio_deuda": 0, "deuda": 0.0, "valor_ip": 0.0, "coactiva": null, "ficharegis": 0, "etam": 0.0798315734, "diferencia": -0.0045660891, "porc_difer": -2.91001e-05, "admisible": 1, "deuda_anio": 0.0, "2024__csv_": "5-05-21-07-000", "2024__csv1": "536-30-12-2025", "Clavepre": "5-05-21-07-000", "RESOLUCION": "536-30-12-2025", "ORIG_FID": 335 }, "geometry": { "type": "Point", "coordinates": [ -80.755445895602193, -1.002570846740993 ] } },
{ "type": "Feature", "properties": { "id": 104576, "lote_id": 109002, "clavecatas": "5-05-21-08-000", "zona": "5", "sector": "05", "manzana": "21", "lote": "08", "ph": "000", "propietari": "GOBIERNO AUTONOMO DESCENTRALIZADO  MUNICIPAL MANTA .", "documentop": "1360000980001", "direccion": "PARROQUIA MANTA - SAN JUAN - BARRIO SAN JOSE - MZ 21 LOTE 08", "area_m2": 179.2, "frente_uti": 30.49, "frente_tot": 30.49, "avaluo_con": 33721.03, "avaluo_sue": 1959.55, "zonaurbano": "URBANA", "parroquia": "MANTA", "esta_bloqu": "NO", "es_tercera": "NO", "tiene_elec": "SI", "tiene_agua": "NO", "tiene_alca": "NO", "observacio": "SE CREA LA CLAVE CATASTRAL 5052108000 A FAVOR DEL GAD MANTA / FIGUEROA DELGADO PAULO ALEXANDER CON FINES DE LEGALIZACIÓN, PREDIO UBICADO EN EL BARRIO SAN JOSÉ DEL SECTOR SAN JUAN DE MANTA, PREVIO INFORME DEL ARQ. ANGEL PATRICIO LEON MURILLO.", "observac_1": null, "barrio": "SAN JOSE", "parroquia_": 2, "barrio_id": 1059, "proceso": 0, "fecha_regi": null, "activo_cat": "SI", "desactivad": 0, "avaluo_rem": 0.0, "avaluo_r_1": 0.0, "clasificac": "POR LEGALIZAR", "anio_deuda": 0, "deuda": 0.0, "valor_ip": 0.0, "coactiva": null, "ficharegis": 0, "etam": 0.0747017881, "diferencia": -0.0010268772, "porc_difer": -5.7303e-06, "admisible": 1, "deuda_anio": 0.0, "2024__csv_": "5-05-21-08-000", "2024__csv1": "536-30-12-2025", "Clavepre": "5-05-21-08-000", "RESOLUCION": "536-30-12-2025", "ORIG_FID": 336 }, "geometry": { "type": "Point", "coordinates": [ -80.755429321665957, -1.002496590877598 ] } },
{ "type": "Feature", "properties": { "id": 104577, "lote_id": 108993, "clavecatas": "5-05-22-01-000", "zona": "5", "sector": "05", "manzana": "22", "lote": "01", "ph": "000", "propietari": "GOBIERNO AUTONOMO DESCENTRALIZADO  MUNICIPAL MANTA .", "documentop": "1360000980001", "direccion": "PARROQUIA MANTA - SAN JUAN - BARRIO SAN JOSE - MZ 22 LOTE 01", "area_m2": 582.23, "frente_uti": 75.33, "frente_tot": 75.33, "avaluo_con": 0.0, "avaluo_sue": 0.0, "zonaurbano": "URBANA", "parroquia": "MANTA", "esta_bloqu": "NO", "es_tercera": "NO", "tiene_elec": "SI", "tiene_agua": "NO", "tiene_alca": "NO", "observacio": null, "observac_1": null, "barrio": "SAN JOSE", "parroquia_": 2, "barrio_id": 1059, "proceso": 0, "fecha_regi": null, "activo_cat": "SI", "desactivad": 0, "avaluo_rem": 0.0, "avaluo_r_1": 0.0, "clasificac": "POR LEGALIZAR", "anio_deuda": 0, "deuda": 0.0, "valor_ip": 0.0, "coactiva": null, "ficharegis": 0, "etam": 0.1657725819, "diferencia": 0.0138044964, "porc_difer": 2.37097e-05, "admisible": 1, "deuda_anio": 0.0, "2024__csv_": "5-05-22-01-000", "2024__csv1": "535-30-12-2025", "Clavepre": "5-05-22-01-000", "RESOLUCION": "535-30-12-2025", "ORIG_FID": 337 }, "geometry": { "type": "Point", "coordinates": [ -80.755709113171051, -1.002244057559569 ] } },
{ "type": "Feature", "properties": { "id": 104578, "lote_id": 108994, "clavecatas": "5-05-22-02-000", "zona": "5", "sector": "05", "manzana": "22", "lote": "02", "ph": "000", "propietari": "GOBIERNO AUTONOMO DESCENTRALIZADO  MUNICIPAL MANTA .", "documentop": "1360000980001", "direccion": "PARROQUIA MANTA - SAN JUAN - BARRIO SAN JOSE - MZ 22 LOTE 02", "area_m2": 530.81, "frente_uti": 65.43, "frente_tot": 65.43, "avaluo_con": 0.0, "avaluo_sue": 0.0, "zonaurbano": "URBANA", "parroquia": "MANTA", "esta_bloqu": "NO", "es_tercera": "NO", "tiene_elec": "SI", "tiene_agua": "NO", "tiene_alca": "NO", "observacio": null, "observac_1": null, "barrio": "SAN JOSE", "parroquia_": 2, "barrio_id": 1059, "proceso": 0, "fecha_regi": null, "activo_cat": "SI", "desactivad": 0, "avaluo_rem": 0.0, "avaluo_r_1": 0.0, "clasificac": "POR LEGALIZAR", "anio_deuda": 0, "deuda": 0.0, "valor_ip": 0.0, "coactiva": null, "ficharegis": 0, "etam": 0.1736162787, "diferencia": 0.0258409778, "porc_difer": 4.86822e-05, "admisible": 1, "deuda_anio": 0.0, "2024__csv_": "5-05-22-02-000", "2024__csv1": "535-30-12-2025", "Clavepre": "5-05-22-02-000", "RESOLUCION": "535-30-12-2025", "ORIG_FID": 338 }, "geometry": { "type": "Point", "coordinates": [ -80.755509630007879, -1.002261447928393 ] } },
{ "type": "Feature", "properties": { "id": 104579, "lote_id": 109003, "clavecatas": "5-05-23-01-000", "zona": "5", "sector": "05", "manzana": "23", "lote": "01", "ph": "000", "propietari": "GOBIERNO AUTONOMO DESCENTRALIZADO  MUNICIPAL MANTA .", "documentop": "1360000980001", "direccion": "PARROQUIA MANTA - SAN JUAN - BARRIO SAN JOSE - MZ 23 LOTE 01", "area_m2": 382.73, "frente_uti": 14.7, "frente_tot": 48.28, "avaluo_con": 0.0, "avaluo_sue": 5740.95, "zonaurbano": "URBANA", "parroquia": "MANTA", "esta_bloqu": "NO", "es_tercera": "NO", "tiene_elec": "SI", "tiene_agua": "NO", "tiene_alca": "NO", "observacio": null, "observac_1": null, "barrio": "SAN JOSE", "parroquia_": 2, "barrio_id": 1059, "proceso": 0, "fecha_regi": null, "activo_cat": "SI", "desactivad": 0, "avaluo_rem": 0.0, "avaluo_r_1": 0.0, "clasificac": "POR LEGALIZAR", "anio_deuda": 0, "deuda": 0.0, "valor_ip": 0.0, "coactiva": null, "ficharegis": 0, "etam": 0.1533469004, "diferencia": -0.0060130418, "porc_difer": -1.57109e-05, "admisible": 1, "deuda_anio": 0.0, "2024__csv_": "5-05-23-01-000", "2024__csv1": "535-30-12-2025", "Clavepre": "5-05-23-01-000", "RESOLUCION": "535-30-12-2025", "ORIG_FID": 339 }, "geometry": { "type": "Point", "coordinates": [ -80.755529001453965, -1.00161826679766 ] } },
{ "type": "Feature", "properties": { "id": 104580, "lote_id": 109004, "clavecatas": "5-05-23-02-000", "zona": "5", "sector": "05", "manzana": "23", "lote": "02", "ph": "000", "propietari": "GOBIERNO AUTONOMO DESCENTRALIZADO  MUNICIPAL MANTA .", "documentop": "1360000980001", "direccion": "PARROQUIA MANTA - SAN JUAN - BARRIO SAN JOSE - MZ 23 LOTE 02", "area_m2": 272.13, "frente_uti": 5.63, "frente_tot": 5.63, "avaluo_con": 0.0, "avaluo_sue": 4081.95, "zonaurbano": "URBANA", "parroquia": "MANTA", "esta_bloqu": "NO", "es_tercera": "NO", "tiene_elec": "SI", "tiene_agua": "NO", "tiene_alca": "NO", "observacio": null, "observac_1": null, "barrio": "SAN JOSE", "parroquia_": 2, "barrio_id": 1059, "proceso": 0, "fecha_regi": null, "activo_cat": "SI", "desactivad": 0, "avaluo_rem": 0.0, "avaluo_r_1": 0.0, "clasificac": "POR LEGALIZAR", "anio_deuda": 0, "deuda": 0.0, "valor_ip": 0.0, "coactiva": null, "ficharegis": 0, "etam": 0.1212388435, "diferencia": -0.0031796632, "porc_difer": -1.16844e-05, "admisible": 1, "deuda_anio": 0.0, "2024__csv_": "5-05-23-02-000", "2024__csv1": "535-30-12-2025", "Clavepre": "5-05-23-02-000", "RESOLUCION": "535-30-12-2025", "ORIG_FID": 340 }, "geometry": { "type": "Point", "coordinates": [ -80.755522140886271, -1.001716836628836 ] } },
{ "type": "Feature", "properties": { "id": 104721, "lote_id": 109126, "clavecatas": "5-07-01-24-000", "zona": "5", "sector": "07", "manzana": "01", "lote": "24", "ph": "000", "propietari": "GOBIERNO AUTONOMO DESCENTRALIZADO  MUNICIPAL MANTA .", "documentop": "1360000980001", "direccion": "SECTOR SAN JUAN - B. SAN RAMON - MZ- 1 LOTE - 15", "area_m2": 540.8, "frente_uti": 12.37, "frente_tot": 12.37, "avaluo_con": 12057.72, "avaluo_sue": 8112.0, "zonaurbano": "URBANA", "parroquia": "MANTA", "esta_bloqu": "NO", "es_tercera": "NO", "tiene_elec": "NO", "tiene_agua": "NO", "tiene_alca": "NO", "observacio": "POR LEGALIZAR CARMEN LUCIA MERO SANTANA 06/01/2026 ARQ. LUPE LANDA*", "observac_1": null, "barrio": "SAN JUAN", "parroquia_": 2, "barrio_id": 912, "proceso": 0, "fecha_regi": null, "activo_cat": "SI", "desactivad": 0, "avaluo_rem": 0.0, "avaluo_r_1": 0.0, "clasificac": "POR LEGALIZAR", "anio_deuda": 0, "deuda": 0.0, "valor_ip": 0.0, "coactiva": null, "ficharegis": 0, "etam": 0.172005229, "diferencia": -0.4241452983, "porc_difer": -0.0007842923, "admisible": 1, "deuda_anio": 0.0, "2024__csv_": "5-07-01-24-000", "2024__csv1": "535-30-12-2025", "Clavepre": "5-07-01-24-000", "RESOLUCION": "535-30-12-2025", "ORIG_FID": 341 }, "geometry": { "type": "Point", "coordinates": [ -80.758128513028709, -1.003580418384905 ] } },
{ "type": "Feature", "properties": { "id": 104581, "lote_id": 109005, "clavecatas": "5-05-23-03-000", "zona": "5", "sector": "05", "manzana": "23", "lote": "03", "ph": "000", "propietari": "GOBIERNO AUTONOMO DESCENTRALIZADO  MUNICIPAL MANTA .", "documentop": "1360000980001", "direccion": "PARROQUIA MANTA - SAN JUAN - BARRIO SAN JOSE - MZ 23 LOTE 03", "area_m2": 391.92, "frente_uti": 15.15, "frente_tot": 15.15, "avaluo_con": 15375.36, "avaluo_sue": 4285.65, "zonaurbano": "URBANA", "parroquia": "MANTA", "esta_bloqu": "NO", "es_tercera": "NO", "tiene_elec": "SI", "tiene_agua": "NO", "tiene_alca": "NO", "observacio": "SE CREA LA CLAVE CATASTRAL 5052303000 A FAVOR DEL GAD MANTA / MERO SANTANA ISIDORO CON FINES DE LEGALIZACIÓN, PREDIO UBICADO EN EL BARRIO SAN JOSÉ DEL SECTOR SAN JUAN DE MANTA, PREVIO INFORME DEL ARQ. PATRICIO LEÓN MURILLO.", "observac_1": null, "barrio": "SAN JOSE", "parroquia_": 2, "barrio_id": 1059, "proceso": 0, "fecha_regi": null, "activo_cat": "SI", "desactivad": 0, "avaluo_rem": 0.0, "avaluo_r_1": 0.0, "clasificac": "POR LEGALIZAR", "anio_deuda": 0, "deuda": 0.0, "valor_ip": 0.0, "coactiva": null, "ficharegis": 0, "etam": 0.1515383456, "diferencia": 0.1110733983, "porc_difer": 0.0002834083, "admisible": 1, "deuda_anio": 0.0, "2024__csv_": "5-05-23-03-000", "2024__csv1": "536-30-12-2025", "Clavepre": "5-05-23-03-000", "RESOLUCION": "536-30-12-2025", "ORIG_FID": 342 }, "geometry": { "type": "Point", "coordinates": [ -80.755634223610869, -1.001776487351828 ] } },
{ "type": "Feature", "properties": { "id": 104582, "lote_id": 109006, "clavecatas": "5-05-23-04-000", "zona": "5", "sector": "05", "manzana": "23", "lote": "04", "ph": "000", "propietari": "GOBIERNO AUTONOMO DESCENTRALIZADO  MUNICIPAL MANTA .", "documentop": "1360000980001", "direccion": "PARROQUIA MANTA - SAN JUAN - BARRIO SAN JOSE - MZ 23 LOTE 04", "area_m2": 163.4, "frente_uti": 9.62, "frente_tot": 9.62, "avaluo_con": 32389.66, "avaluo_sue": 1786.78, "zonaurbano": "URBANA", "parroquia": "MANTA", "esta_bloqu": "NO", "es_tercera": "NO", "tiene_elec": "SI", "tiene_agua": "NO", "tiene_alca": "NO", "observacio": "SE CREA LA CLAVE CATASTRAL 5052304000 A FAVOR DEL GAD MANTA / FIGUEROA DELGADO JOSE ARTURO CON FINES DE LEGALIZACIÓN, PREDIO UBICADO EN EL BARRIO SAN JOSÉ DEL SECTOR SAN JUAN DE MANTA, PREVIO INFORME DEL ARQ. PATRICIO LEÓN MURILLO.", "observac_1": null, "barrio": "SAN JOSE", "parroquia_": 2, "barrio_id": 1059, "proceso": 0, "fecha_regi": null, "activo_cat": "SI", "desactivad": 0, "avaluo_rem": 0.0, "avaluo_r_1": 0.0, "clasificac": "POR LEGALIZAR", "anio_deuda": 0, "deuda": 0.0, "valor_ip": 0.0, "coactiva": null, "ficharegis": 0, "etam": 0.0782301159, "diferencia": 0.1220453624, "porc_difer": 0.0007469116, "admisible": 1, "deuda_anio": 0.0, "2024__csv_": "5-05-23-04-000", "2024__csv1": "536-30-12-2025", "Clavepre": "5-05-23-04-000", "RESOLUCION": "536-30-12-2025", "ORIG_FID": 343 }, "geometry": { "type": "Point", "coordinates": [ -80.755743127223241, -1.001836446610767 ] } },
{ "type": "Feature", "properties": { "id": 104583, "lote_id": 109007, "clavecatas": "5-05-23-05-000", "zona": "5", "sector": "05", "manzana": "23", "lote": "05", "ph": "000", "propietari": "GOBIERNO AUTONOMO DESCENTRALIZADO  MUNICIPAL MANTA .", "documentop": "1360000980001", "direccion": "PARROQUIA MANTA - SAN JUAN - BARRIO SAN JOSE - MZ 23 LOTE 05", "area_m2": 244.27, "frente_uti": 10.83, "frente_tot": 10.83, "avaluo_con": 0.0, "avaluo_sue": 3664.05, "zonaurbano": "URBANA", "parroquia": "MANTA", "esta_bloqu": "NO", "es_tercera": "NO", "tiene_elec": "SI", "tiene_agua": "NO", "tiene_alca": "NO", "observacio": null, "observac_1": null, "barrio": "SAN JOSE", "parroquia_": 2, "barrio_id": 1059, "proceso": 0, "fecha_regi": null, "activo_cat": "SI", "desactivad": 0, "avaluo_rem": 0.0, "avaluo_r_1": 0.0, "clasificac": "POR LEGALIZAR", "anio_deuda": 0, "deuda": 0.0, "valor_ip": 0.0, "coactiva": null, "ficharegis": 0, "etam": 0.1279660986, "diferencia": 0.6937968176, "porc_difer": 0.0028402866, "admisible": 1, "deuda_anio": 0.0, "2024__csv_": "5-05-23-05-000", "2024__csv1": "535-30-12-2025", "Clavepre": "5-05-23-05-000", "RESOLUCION": "535-30-12-2025", "ORIG_FID": 344 }, "geometry": { "type": "Point", "coordinates": [ -80.755746171396112, -1.001927449994243 ] } },
{ "type": "Feature", "properties": { "id": 104584, "lote_id": 109008, "clavecatas": "5-05-23-06-000", "zona": "5", "sector": "05", "manzana": "23", "lote": "06", "ph": "000", "propietari": "GOBIERNO AUTONOMO DESCENTRALIZADO  MUNICIPAL MANTA .", "documentop": "1360000980001", "direccion": "PARROQUIA MANTA - SAN JUAN - BARRIO SAN JOSE - MZ 23 LOTE 06", "area_m2": 272.6, "frente_uti": 33.19, "frente_tot": 33.19, "avaluo_con": 0.0, "avaluo_sue": 4089.0, "zonaurbano": "URBANA", "parroquia": "MANTA", "esta_bloqu": "NO", "es_tercera": "NO", "tiene_elec": "SI", "tiene_agua": "NO", "tiene_alca": "NO", "observacio": null, "observac_1": null, "barrio": "SAN JOSE", "parroquia_": 2, "barrio_id": 1059, "proceso": 0, "fecha_regi": null, "activo_cat": "SI", "desactivad": 0, "avaluo_rem": 0.0, "avaluo_r_1": 0.0, "clasificac": "POR LEGALIZAR", "anio_deuda": 0, "deuda": 0.0, "valor_ip": 0.0, "coactiva": null, "ficharegis": 0, "etam": 0.1211342821, "diferencia": 0.0888950284, "porc_difer": 0.0003261006, "admisible": 1, "deuda_anio": 0.0, "2024__csv_": "5-05-23-06-000", "2024__csv1": "535-30-12-2025", "Clavepre": "5-05-23-06-000", "RESOLUCION": "535-30-12-2025", "ORIG_FID": 345 }, "geometry": { "type": "Point", "coordinates": [ -80.755755622205555, -1.002031560579925 ] } },
{ "type": "Feature", "properties": { "id": 104585, "lote_id": 109009, "clavecatas": "5-05-23-07-000", "zona": "5", "sector": "05", "manzana": "23", "lote": "07", "ph": "000", "propietari": "GOBIERNO AUTONOMO DESCENTRALIZADO  MUNICIPAL MANTA .", "documentop": "1360000980001", "direccion": "PARROQUIA MANTA - SAN JUAN - BARRIO SAN JOSE - MZ 23 LOTE 07", "area_m2": 625.9, "frente_uti": 27.8, "frente_tot": 27.8, "avaluo_con": 0.0, "avaluo_sue": 9388.5, "zonaurbano": "URBANA", "parroquia": "MANTA", "esta_bloqu": "NO", "es_tercera": "NO", "tiene_elec": "SI", "tiene_agua": "NO", "tiene_alca": "NO", "observacio": null, "observac_1": null, "barrio": "SAN JOSE", "parroquia_": 2, "barrio_id": 1059, "proceso": 0, "fecha_regi": null, "activo_cat": "SI", "desactivad": 0, "avaluo_rem": 0.0, "avaluo_r_1": 0.0, "clasificac": "POR LEGALIZAR", "anio_deuda": 0, "deuda": 0.0, "valor_ip": 0.0, "coactiva": null, "ficharegis": 0, "etam": 0.1598849243, "diferencia": 0.0025058249, "porc_difer": 4.0036e-06, "admisible": 1, "deuda_anio": 0.0, "2024__csv_": "5-05-23-07-000", "2024__csv1": "535-30-12-2025", "Clavepre": "5-05-23-07-000", "RESOLUCION": "535-30-12-2025", "ORIG_FID": 346 }, "geometry": { "type": "Point", "coordinates": [ -80.755539155721436, -1.001967955044243 ] } },
{ "type": "Feature", "properties": { "id": 104587, "lote_id": 108987, "clavecatas": "5-05-24-02-000", "zona": "5", "sector": "05", "manzana": "24", "lote": "02", "ph": "000", "propietari": "GOBIERNO AUTONOMO DESCENTRALIZADO  MUNICIPAL MANTA .", "documentop": "1360000980001", "direccion": "PARROQUIA MANTA - SAN JUAN - BARRIO SAN JOSE - MZ 24 LOTE 02", "area_m2": 155.13, "frente_uti": 25.2, "frente_tot": 37.34, "avaluo_con": 31358.76, "avaluo_sue": 1781.16, "zonaurbano": "URBANA", "parroquia": "MANTA", "esta_bloqu": "NO", "es_tercera": "NO", "tiene_elec": "SI", "tiene_agua": "NO", "tiene_alca": "NO", "observacio": "SE CREA LA CLAVE CATASTRAL 5052402000 A FAVOR DEL GAD MANTA / DELGADO MERO MARTHA CECILIA CON FINES DE LEGALIZACIÓN, PREDIO UBICADO EN EL BARRIO SAN JOSÉ DEL SECTOR SAN JUAN DE MANTA, PREVIO INFORME DEL ARQ. PATRICIO LEÓN MURILLO.", "observac_1": null, "barrio": "SAN JOSE", "parroquia_": 2, "barrio_id": 1059, "proceso": 0, "fecha_regi": null, "activo_cat": "SI", "desactivad": 0, "avaluo_rem": 0.0, "avaluo_r_1": 0.0, "clasificac": "POR LEGALIZAR", "anio_deuda": 0, "deuda": 0.0, "valor_ip": 0.0, "coactiva": null, "ficharegis": 0, "etam": 0.0802882707, "diferencia": -0.7366577189, "porc_difer": -0.0047486477, "admisible": 1, "deuda_anio": 0.0, "2024__csv_": "5-05-24-02-000", "2024__csv1": "536-30-12-2025", "Clavepre": "5-05-24-02-000", "RESOLUCION": "536-30-12-2025", "ORIG_FID": 347 }, "geometry": { "type": "Point", "coordinates": [ -80.755290220016931, -1.001567546230278 ] } },
{ "type": "Feature", "properties": { "id": 104588, "lote_id": 108988, "clavecatas": "5-05-24-04-000", "zona": "5", "sector": "05", "manzana": "24", "lote": "04", "ph": "000", "propietari": "GOBIERNO AUTONOMO DESCENTRALIZADO  MUNICIPAL MANTA .", "documentop": "1360000980001", "direccion": "PARROQUIA MANTA - SAN JUAN - BARRIO SAN JOSE - MZ 24 LOTE 04", "area_m2": 99.33, "frente_uti": 11.91, "frente_tot": 30.33, "avaluo_con": 9373.06, "avaluo_sue": 1031.86, "zonaurbano": "URBANA", "parroquia": "MANTA", "esta_bloqu": "NO", "es_tercera": "NO", "tiene_elec": "SI", "tiene_agua": "NO", "tiene_alca": "NO", "observacio": "SE CREA LA CLAVE CATASTRAL 5052404000 A FAVOR DEL GAD MANTA / MERO DELGADO JUANA COLOMBIA CON FINES DE LEGALIZACIÓN, PREDIO UBICADO EN EL BARRIO SAN JOSÉ DEL SECTOR SAN JUAN DE MANTA, PREVIO INFORME DEL ARQ. PATRICIO LEÓN MURILLO.", "observac_1": null, "barrio": "SAN JOSE", "parroquia_": 2, "barrio_id": 1059, "proceso": 0, "fecha_regi": null, "activo_cat": "SI", "desactivad": 0, "avaluo_rem": 0.0, "avaluo_r_1": 0.0, "clasificac": "POR LEGALIZAR", "anio_deuda": 0, "deuda": 0.0, "valor_ip": 0.0, "coactiva": null, "ficharegis": 0, "etam": 0.1, "diferencia": 0.2025908342, "porc_difer": 0.0020395735, "admisible": 1, "deuda_anio": 0.0, "2024__csv_": "5-05-24-04-000", "2024__csv1": "536-30-12-2025", "Clavepre": "5-05-24-04-000", "RESOLUCION": "536-30-12-2025", "ORIG_FID": 348 }, "geometry": { "type": "Point", "coordinates": [ -80.755171029111381, -1.001660825356121 ] } },
{ "type": "Feature", "properties": { "id": 104589, "lote_id": 108989, "clavecatas": "5-05-24-05-000", "zona": "5", "sector": "05", "manzana": "24", "lote": "05", "ph": "000", "propietari": "GOBIERNO AUTONOMO DESCENTRALIZADO  MUNICIPAL MANTA .", "documentop": "1360000980001", "direccion": "PARROQUIA MANTA - SAN JUAN - BARRIO SAN JOSE - MZ 24 LOTE 05", "area_m2": 56.99, "frente_uti": 6.33, "frente_tot": 13.0, "avaluo_con": 0.0, "avaluo_sue": 854.85, "zonaurbano": "URBANA", "parroquia": "MANTA", "esta_bloqu": "NO", "es_tercera": "NO", "tiene_elec": "SI", "tiene_agua": "NO", "tiene_alca": "NO", "observacio": null, "observac_1": null, "barrio": "SAN JOSE", "parroquia_": 2, "barrio_id": 1059, "proceso": 0, "fecha_regi": null, "activo_cat": "SI", "desactivad": 0, "avaluo_rem": 0.0, "avaluo_r_1": 0.0, "clasificac": "POR LEGALIZAR", "anio_deuda": 0, "deuda": 0.0, "valor_ip": 0.0, "coactiva": null, "ficharegis": 0, "etam": 0.1, "diferencia": 7.9746e-05, "porc_difer": 1.3993e-06, "admisible": 1, "deuda_anio": 0.0, "2024__csv_": "5-05-24-05-000", "2024__csv1": "535-30-12-2025", "Clavepre": "5-05-24-05-000", "RESOLUCION": "535-30-12-2025", "ORIG_FID": 349 }, "geometry": { "type": "Point", "coordinates": [ -80.755101921242385, -1.001673947001032 ] } },
{ "type": "Feature", "properties": { "id": 104590, "lote_id": 108990, "clavecatas": "5-05-24-09-000", "zona": "5", "sector": "05", "manzana": "24", "lote": "09", "ph": "000", "propietari": "GOBIERNO AUTONOMO DESCENTRALIZADO  MUNICIPAL MANTA .", "documentop": "1360000980001", "direccion": "PARROQUIA MANTA - SAN JUAN - BARRIO SAN JOSE - MZ 24 LOTE 09", "area_m2": 1275.86, "frente_uti": 9.02, "frente_tot": 60.79, "avaluo_con": 0.0, "avaluo_sue": 19137.9, "zonaurbano": "URBANA", "parroquia": "MANTA", "esta_bloqu": "NO", "es_tercera": "NO", "tiene_elec": "SI", "tiene_agua": "NO", "tiene_alca": "NO", "observacio": null, "observac_1": null, "barrio": "SAN JOSE", "parroquia_": 2, "barrio_id": 1059, "proceso": 0, "fecha_regi": null, "activo_cat": "SI", "desactivad": 0, "avaluo_rem": 0.0, "avaluo_r_1": 0.0, "clasificac": "POR LEGALIZAR", "anio_deuda": 0, "deuda": 0.0, "valor_ip": 0.0, "coactiva": null, "ficharegis": 0, "etam": 0.1399808071, "diferencia": -0.0760123499, "porc_difer": -5.95773e-05, "admisible": 1, "deuda_anio": 0.0, "2024__csv_": "5-05-24-09-000", "2024__csv1": "535-30-12-2025", "Clavepre": "5-05-24-09-000", "RESOLUCION": "535-30-12-2025", "ORIG_FID": 350 }, "geometry": { "type": "Point", "coordinates": [ -80.754877682475424, -1.001842832129047 ] } },
{ "type": "Feature", "properties": { "id": 104591, "lote_id": 108991, "clavecatas": "5-05-24-10-000", "zona": "5", "sector": "05", "manzana": "24", "lote": "10", "ph": "000", "propietari": "GOBIERNO AUTONOMO DESCENTRALIZADO  MUNICIPAL MANTA .", "documentop": "1360000980001", "direccion": "PARROQUIA MANTA - SAN JUAN - BARRIO SAN JOSE - MZ 24 LOTE 10", "area_m2": 577.98, "frente_uti": 28.65, "frente_tot": 54.0, "avaluo_con": 0.0, "avaluo_sue": 8669.7, "zonaurbano": "URBANA", "parroquia": "MANTA", "esta_bloqu": "NO", "es_tercera": "NO", "tiene_elec": "SI", "tiene_agua": "NO", "tiene_alca": "NO", "observacio": null, "observac_1": null, "barrio": "SAN JOSE", "parroquia_": 2, "barrio_id": 1059, "proceso": 0, "fecha_regi": null, "activo_cat": "SI", "desactivad": 0, "avaluo_rem": 0.0, "avaluo_r_1": 0.0, "clasificac": "POR LEGALIZAR", "anio_deuda": 0, "deuda": 0.0, "valor_ip": 0.0, "coactiva": null, "ficharegis": 0, "etam": 0.1663809447, "diferencia": 0.1215850977, "porc_difer": 0.0002103621, "admisible": 1, "deuda_anio": 0.0, "2024__csv_": "5-05-24-10-000", "2024__csv1": "535-30-12-2025", "Clavepre": "5-05-24-10-000", "RESOLUCION": "535-30-12-2025", "ORIG_FID": 351 }, "geometry": { "type": "Point", "coordinates": [ -80.7551387012617, -1.001863698937128 ] } },
{ "type": "Feature", "properties": { "id": 104592, "lote_id": 108992, "clavecatas": "5-05-24-11-000", "zona": "5", "sector": "05", "manzana": "24", "lote": "11", "ph": "000", "propietari": "GOBIERNO AUTONOMO DESCENTRALIZADO  MUNICIPAL MANTA .", "documentop": "1360000980001", "direccion": "PARROQUIA MANTA - SAN JUAN - BARRIO SAN JOSE - MZ 24 LOTE 11", "area_m2": 1424.06, "frente_uti": 64.52, "frente_tot": 100.83, "avaluo_con": 0.0, "avaluo_sue": 21360.9, "zonaurbano": "URBANA", "parroquia": "MANTA", "esta_bloqu": "NO", "es_tercera": "NO", "tiene_elec": "SI", "tiene_agua": "NO", "tiene_alca": "NO", "observacio": null, "observac_1": null, "barrio": "SAN JOSE", "parroquia_": 2, "barrio_id": 1059, "proceso": 0, "fecha_regi": null, "activo_cat": "SI", "desactivad": 0, "avaluo_rem": 0.0, "avaluo_r_1": 0.0, "clasificac": "POR LEGALIZAR", "anio_deuda": 0, "deuda": 0.0, "valor_ip": 0.0, "coactiva": null, "ficharegis": 0, "etam": 0.1324969437, "diferencia": 0.6966875047, "porc_difer": 0.0004892262, "admisible": 1, "deuda_anio": 0.0, "2024__csv_": "5-05-24-11-000", "2024__csv1": "535-30-12-2025", "Clavepre": "5-05-24-11-000", "RESOLUCION": "535-30-12-2025", "ORIG_FID": 352 }, "geometry": { "type": "Point", "coordinates": [ -80.754897601598074, -1.002133818070909 ] } },
{ "type": "Feature", "properties": { "id": 104593, "lote_id": 108956, "clavecatas": "5-05-25-03-000", "zona": "5", "sector": "05", "manzana": "25", "lote": "03", "ph": "000", "propietari": "GOBIERNO AUTONOMO DESCENTRALIZADO  MUNICIPAL MANTA .", "documentop": "1360000980001", "direccion": "PARROQUIA MANTA - SAN JUAN - BARRIO SAN JOSÉ MZ 25 - LT 03", "area_m2": 486.56, "frente_uti": 16.26, "frente_tot": 37.72, "avaluo_con": 0.0, "avaluo_sue": 0.0, "zonaurbano": "URBANA", "parroquia": "MANTA", "esta_bloqu": "NO", "es_tercera": "NO", "tiene_elec": "SI", "tiene_agua": "NO", "tiene_alca": "NO", "observacio": null, "observac_1": null, "barrio": "SAN JOSE", "parroquia_": 2, "barrio_id": 1059, "proceso": 0, "fecha_regi": null, "activo_cat": "SI", "desactivad": 0, "avaluo_rem": 0.0, "avaluo_r_1": 0.0, "clasificac": "POR LEGALIZAR", "anio_deuda": 0, "deuda": 0.0, "valor_ip": 0.0, "coactiva": null, "ficharegis": 0, "etam": 0.1360044296, "diferencia": 1.4065746422000001, "porc_difer": 0.0028908555, "admisible": 1, "deuda_anio": 0.0, "2024__csv_": "5-05-25-03-000", "2024__csv1": "535-30-12-2025", "Clavepre": "5-05-25-03-000", "RESOLUCION": "535-30-12-2025", "ORIG_FID": 353 }, "geometry": { "type": "Point", "coordinates": [ -80.755471416881903, -1.00130792692764 ] } },
{ "type": "Feature", "properties": { "id": 104594, "lote_id": 108958, "clavecatas": "5-05-25-05-000", "zona": "5", "sector": "05", "manzana": "25", "lote": "05", "ph": "000", "propietari": "GOBIERNO AUTONOMO DESCENTRALIZADO  MUNICIPAL MANTA .", "documentop": "1360000980001", "direccion": "PARROQUIA MANTA - SAN JUAN - BARRIO SAN JOSÉ MZ 25 - LT 05", "area_m2": 220.93, "frente_uti": 19.87, "frente_tot": 19.87, "avaluo_con": 0.0, "avaluo_sue": 0.0, "zonaurbano": "URBANA", "parroquia": "MANTA", "esta_bloqu": "NO", "es_tercera": "NO", "tiene_elec": "SI", "tiene_agua": "NO", "tiene_alca": "NO", "observacio": null, "observac_1": null, "barrio": "SAN JOSE", "parroquia_": 2, "barrio_id": 1059, "proceso": 0, "fecha_regi": null, "activo_cat": "SI", "desactivad": 0, "avaluo_rem": 0.0, "avaluo_r_1": 0.0, "clasificac": "POR LEGALIZAR", "anio_deuda": 0, "deuda": 0.0, "valor_ip": 0.0, "coactiva": null, "ficharegis": 0, "etam": 0.1345558702, "diferencia": -1.3098444134, "porc_difer": -0.0059287757, "admisible": 1, "deuda_anio": 0.0, "2024__csv_": "5-05-25-05-000", "2024__csv1": "536-30-12-2025", "Clavepre": "5-05-25-05-000", "RESOLUCION": "536-30-12-2025", "ORIG_FID": 354 }, "geometry": { "type": "Point", "coordinates": [ -80.755393051833579, -1.001355470019265 ] } },
{ "type": "Feature", "properties": { "id": 104595, "lote_id": 108649, "clavecatas": "5-05-26-02-000", "zona": "5", "sector": "05", "manzana": "26", "lote": "02", "ph": "000", "propietari": "GOBIERNO AUTONOMO DESCENTRALIZADO  MUNICIPAL MANTA .", "documentop": "1360000980001", "direccion": "PARROQUIA MANTA - SAN JUAN - BARRIO SAN JOSÉ MZ 26 - LT 02", "area_m2": 123.63, "frente_uti": 9.54, "frente_tot": 9.54, "avaluo_con": 9536.86, "avaluo_sue": 1585.55, "zonaurbano": "URBANA", "parroquia": "MANTA", "esta_bloqu": "NO", "es_tercera": "NO", "tiene_elec": "SI", "tiene_agua": "NO", "tiene_alca": "NO", "observacio": "SE CREA LA CLAVE CATASTRAL 5052602000 A FAVOR DEL GAD MANTA / MERO DELGADO RAMON EDUARDO CON FINES DE LEGALIZACIÓN, PREDIO UBICADO EN EL BARRIO SAN JOSÉ DEL SECTOR SAN JUAN DE MANTA, PREVIO INFORME DEL ARQ. PATRICIO LEÓN MURILLO.", "observac_1": null, "barrio": "SAN JOSE", "parroquia_": 2, "barrio_id": 1059, "proceso": 0, "fecha_regi": null, "activo_cat": "SI", "desactivad": 0, "avaluo_rem": 0.0, "avaluo_r_1": 0.0, "clasificac": "POR LEGALIZAR", "anio_deuda": 0, "deuda": 0.0, "valor_ip": 0.0, "coactiva": null, "ficharegis": 0, "etam": 0.0899369314, "diferencia": -0.3584825445, "porc_difer": -0.0028996404, "admisible": 1, "deuda_anio": 0.0, "2024__csv_": "5-05-26-02-000", "2024__csv1": "536-30-12-2025", "Clavepre": "5-05-26-02-000", "RESOLUCION": "536-30-12-2025", "ORIG_FID": 355 }, "geometry": { "type": "Point", "coordinates": [ -80.755160980276699, -1.000203189078718 ] } },
{ "type": "Feature", "properties": { "id": 104596, "lote_id": 108650, "clavecatas": "5-05-26-03-000", "zona": "5", "sector": "05", "manzana": "26", "lote": "03", "ph": "000", "propietari": "GOBIERNO AUTONOMO DESCENTRALIZADO  MUNICIPAL MANTA .", "documentop": "1360000980001", "direccion": "PARROQUIA MANTA - SAN JUAN - BARRIO SAN JOSÉ MZ 26 - LT 03", "area_m2": 320.2, "frente_uti": 22.11, "frente_tot": 22.11, "avaluo_con": 1218.84, "avaluo_sue": 0.0, "zonaurbano": "URBANA", "parroquia": "MANTA", "esta_bloqu": "NO", "es_tercera": "NO", "tiene_elec": "SI", "tiene_agua": "NO", "tiene_alca": "NO", "observacio": "SE CREA LA CLAVE CATASTRAL 5052603000 A FAVOR DEL GAD MANTA / MERO MERO CESAR WILFRIDO CON FINES DE LEGALIZACIÓN, PREDIO UBICADO EN EL BARRIO SAN JOSÉ DEL SECTOR SAN JUAN DE MANTA, PREVIO INFORME DEL ARQ. PATRICIO LEÓN MURILLO.", "observac_1": null, "barrio": "SAN JOSE", "parroquia_": 2, "barrio_id": 1059, "proceso": 0, "fecha_regi": null, "activo_cat": "SI", "desactivad": 0, "avaluo_rem": 0.0, "avaluo_r_1": 0.0, "clasificac": "POR LEGALIZAR", "anio_deuda": 0, "deuda": 0.0, "valor_ip": 0.0, "coactiva": null, "ficharegis": 0, "etam": 0.167652715, "diferencia": -0.4813889534, "porc_difer": -0.0015034009, "admisible": 1, "deuda_anio": 0.0, "2024__csv_": "5-05-26-03-000", "2024__csv1": "535-30-12-2025", "Clavepre": "5-05-26-03-000", "RESOLUCION": "535-30-12-2025", "ORIG_FID": 356 }, "geometry": { "type": "Point", "coordinates": [ -80.755230974255056, -1.000338822484287 ] } },
{ "type": "Feature", "properties": { "id": 104597, "lote_id": 108651, "clavecatas": "5-05-26-04-000", "zona": "5", "sector": "05", "manzana": "26", "lote": "04", "ph": "000", "propietari": "GOBIERNO AUTONOMO DESCENTRALIZADO  MUNICIPAL MANTA .", "documentop": "1360000980001", "direccion": "PARROQUIA MANTA - SAN JUAN - BARRIO SAN JOSÉ MZ 26 - LT 04", "area_m2": 95.18, "frente_uti": 7.6, "frente_tot": 7.6, "avaluo_con": 1526.13, "avaluo_sue": 0.0, "zonaurbano": "URBANA", "parroquia": "MANTA", "esta_bloqu": "NO", "es_tercera": "NO", "tiene_elec": "SI", "tiene_agua": "NO", "tiene_alca": "NO", "observacio": "SE CREA LA CLAVE CATASTRAL 5052604000 A FAVOR DEL GAD MANTA / LUCAS DELGADO CARLOS ENRIQUE CON FINES DE LEGALIZACIÓN, PREDIO UBICADO EN EL BARRIO SAN JOSÉ DEL SECTOR SAN JUAN DE MANTA, PREVIO INFORME DEL ARQ. PATRICIO LEÓN MURILLO.", "observac_1": null, "barrio": "SAN JOSE", "parroquia_": 2, "barrio_id": 1059, "proceso": 0, "fecha_regi": null, "activo_cat": "SI", "desactivad": 0, "avaluo_rem": 0.0, "avaluo_r_1": 0.0, "clasificac": "POR LEGALIZAR", "anio_deuda": 0, "deuda": 0.0, "valor_ip": 0.0, "coactiva": null, "ficharegis": 0, "etam": 0.1, "diferencia": 0.003076137, "porc_difer": 3.23192e-05, "admisible": 1, "deuda_anio": 0.0, "2024__csv_": "5-05-26-04-000", "2024__csv1": "535-30-12-2025", "Clavepre": "5-05-26-04-000", "RESOLUCION": "535-30-12-2025", "ORIG_FID": 357 }, "geometry": { "type": "Point", "coordinates": [ -80.755320079815576, -1.000441892966746 ] } },
{ "type": "Feature", "properties": { "id": 104598, "lote_id": 108652, "clavecatas": "5-05-26-06-000", "zona": "5", "sector": "05", "manzana": "26", "lote": "06", "ph": "000", "propietari": "GOBIERNO AUTONOMO DESCENTRALIZADO  MUNICIPAL MANTA .", "documentop": "1360000980001", "direccion": "PARROQUIA MANTA - SAN JUAN - BARRIO SAN JOSÉ MZ 26 - LT 06", "area_m2": 221.48, "frente_uti": 18.83, "frente_tot": 37.35, "avaluo_con": 0.0, "avaluo_sue": 0.0, "zonaurbano": "URBANA", "parroquia": "MANTA", "esta_bloqu": "NO", "es_tercera": "NO", "tiene_elec": "SI", "tiene_agua": "NO", "tiene_alca": "NO", "observacio": null, "observac_1": null, "barrio": "SAN JOSE", "parroquia_": 2, "barrio_id": 1059, "proceso": 0, "fecha_regi": null, "activo_cat": "SI", "desactivad": 0, "avaluo_rem": 0.0, "avaluo_r_1": 0.0, "clasificac": "POR LEGALIZAR", "anio_deuda": 0, "deuda": 0.0, "valor_ip": 0.0, "coactiva": null, "ficharegis": 0, "etam": 0.1343886955, "diferencia": 0.0013087096, "porc_difer": 5.9089e-06, "admisible": 1, "deuda_anio": 0.0, "2024__csv_": "5-05-26-06-000", "2024__csv1": "535-30-12-2025", "Clavepre": "5-05-26-06-000", "RESOLUCION": "535-30-12-2025", "ORIG_FID": 358 }, "geometry": { "type": "Point", "coordinates": [ -80.755548074005716, -1.00090003012197 ] } },
{ "type": "Feature", "properties": { "id": 104599, "lote_id": 108653, "clavecatas": "5-05-26-07-000", "zona": "5", "sector": "05", "manzana": "26", "lote": "07", "ph": "000", "propietari": "GOBIERNO AUTONOMO DESCENTRALIZADO  MUNICIPAL MANTA .", "documentop": "1360000980001", "direccion": "PARROQUIA MANTA - SAN JUAN - BARRIO SAN JOSÉ MZ 26 - LT 07", "area_m2": 164.54, "frente_uti": 12.16, "frente_tot": 12.16, "avaluo_con": 0.0, "avaluo_sue": 2468.1, "zonaurbano": "URBANA", "parroquia": "MANTA", "esta_bloqu": "NO", "es_tercera": "NO", "tiene_elec": "SI", "tiene_agua": "NO", "tiene_alca": "NO", "observacio": null, "observac_1": null, "barrio": "SAN JOSE", "parroquia_": 2, "barrio_id": 1059, "proceso": 0, "fecha_regi": null, "activo_cat": "SI", "desactivad": 0, "avaluo_rem": 0.0, "avaluo_r_1": 0.0, "clasificac": "POR LEGALIZAR", "anio_deuda": 0, "deuda": 0.0, "valor_ip": 0.0, "coactiva": null, "ficharegis": 0, "etam": 0.0779586399, "diferencia": 0.0046662828, "porc_difer": 2.83596e-05, "admisible": 1, "deuda_anio": 0.0, "2024__csv_": "5-05-26-07-000", "2024__csv1": "535-30-12-2025", "Clavepre": "5-05-26-07-000", "RESOLUCION": "535-30-12-2025", "ORIG_FID": 359 }, "geometry": { "type": "Point", "coordinates": [ -80.755378983576506, -1.000923791494195 ] } },
{ "type": "Feature", "properties": { "id": 104638, "lote_id": 109069, "clavecatas": "5-06-02-01-000", "zona": "5", "sector": "06", "manzana": "02", "lote": "01", "ph": "000", "propietari": "GOBIERNO AUTONOMO DESCENTRALIZADO  MUNICIPAL MANTA .", "documentop": "1360000980001", "direccion": "MZ 02 LOTE 01 - BARRIO VALLE CLARO DE SAN JUAN DE MANTA", "area_m2": 1202.93, "frente_uti": 24.51, "frente_tot": 87.43, "avaluo_con": 19066.44, "avaluo_sue": 10523.23, "zonaurbano": "URBANA", "parroquia": "MANTA", "esta_bloqu": "NO", "es_tercera": "NO", "tiene_elec": "SI", "tiene_agua": "NO", "tiene_alca": "NO", "observacio": "POR LEGALIZAR A FAVOR DE ALONSO QUIÑONEZ LUIS FELIPE  DACC 05/01/25.", "observac_1": null, "barrio": "SIN ESPECIFICAR", "parroquia_": 2, "barrio_id": 1165, "proceso": 0, "fecha_regi": null, "activo_cat": "SI", "desactivad": 0, "avaluo_rem": 0.0, "avaluo_r_1": 0.0, "clasificac": "POR LEGALIZAR", "anio_deuda": 0, "deuda": 0.0, "valor_ip": 0.0, "coactiva": null, "ficharegis": 0, "etam": 0.1441616772, "diferencia": 5.3767780344, "porc_difer": 0.0044697348, "admisible": 1, "deuda_anio": 0.0, "2024__csv_": "5-06-02-01-000", "2024__csv1": "536-30-12-2025", "Clavepre": "5-06-02-01-000", "RESOLUCION": "536-30-12-2025", "ORIG_FID": 360 }, "geometry": { "type": "Point", "coordinates": [ -80.762317651272795, -0.997599969303447 ] } },
{ "type": "Feature", "properties": { "id": 104639, "lote_id": 109074, "clavecatas": "5-06-02-03-000", "zona": "5", "sector": "06", "manzana": "02", "lote": "03", "ph": "000", "propietari": "GOBIERNO AUTONOMO DESCENTRALIZADO  MUNICIPAL MANTA .", "documentop": "1360000980001", "direccion": "MZ 02 LOTE 03 - BARRIO VALLE CLARO DE SAN JUAN DE MANTA", "area_m2": 174.1, "frente_uti": 11.5, "frente_tot": 12.74, "avaluo_con": 0.0, "avaluo_sue": 2611.5, "zonaurbano": "URBANA", "parroquia": "MANTA", "esta_bloqu": "NO", "es_tercera": "NO", "tiene_elec": "SI", "tiene_agua": "NO", "tiene_alca": "NO", "observacio": "POR LEGALIZAR A GOBIERNO AUTONOMO DESCENTRALIZAADO MUNICIPAL DEL CANTON MANTA  DACC 05/01/25.", "observac_1": null, "barrio": "SIN ESPECIFICAR", "parroquia_": 2, "barrio_id": 1165, "proceso": 0, "fecha_regi": null, "activo_cat": "SI", "desactivad": 0, "avaluo_rem": 0.0, "avaluo_r_1": 0.0, "clasificac": "POR LEGALIZAR", "anio_deuda": 0, "deuda": 0.0, "valor_ip": 0.0, "coactiva": null, "ficharegis": 0, "etam": 0.0757880293, "diferencia": -0.5165125398, "porc_difer": -0.0029667578, "admisible": 1, "deuda_anio": 0.0, "2024__csv_": "5-06-02-03-000", "2024__csv1": "535-30-12-2025", "Clavepre": "5-06-02-03-000", "RESOLUCION": "535-30-12-2025", "ORIG_FID": 361 }, "geometry": { "type": "Point", "coordinates": [ -80.762281251981236, -0.997416291204565 ] } },
{ "type": "Feature", "properties": { "id": 104640, "lote_id": 109086, "clavecatas": "5-06-02-04-000", "zona": "5", "sector": "06", "manzana": "02", "lote": "04", "ph": "000", "propietari": "GOBIERNO AUTONOMO DESCENTRALIZADO  MUNICIPAL MANTA .", "documentop": "1360000980001", "direccion": "MZ 02 LOTE 04 - BARRIO VALLE CLARO DE SAN JUAN DE MANTA", "area_m2": 266.26, "frente_uti": 2.0, "frente_tot": 20.0, "avaluo_con": 14134.34, "avaluo_sue": 3993.9, "zonaurbano": "URBANA", "parroquia": "MANTA", "esta_bloqu": "NO", "es_tercera": "NO", "tiene_elec": "SI", "tiene_agua": "NO", "tiene_alca": "NO", "observacio": "POR LEGALIZAR A LUCAS HIDALGO ERIKA ALEXANDRA DACC 05/01/25.", "observac_1": null, "barrio": "SIN ESPECIFICAR", "parroquia_": 2, "barrio_id": 1165, "proceso": 0, "fecha_regi": null, "activo_cat": "SI", "desactivad": 0, "avaluo_rem": 0.0, "avaluo_r_1": 0.0, "clasificac": "POR LEGALIZAR", "anio_deuda": 0, "deuda": 0.0, "valor_ip": 0.0, "coactiva": null, "ficharegis": 0, "etam": 0.1225679809, "diferencia": 0.5303621009, "porc_difer": 0.0019918955, "admisible": 1, "deuda_anio": 0.0, "2024__csv_": "5-06-02-04-000", "2024__csv1": "535-30-12-2025", "Clavepre": "5-06-02-04-000", "RESOLUCION": "535-30-12-2025", "ORIG_FID": 362 }, "geometry": { "type": "Point", "coordinates": [ -80.762389892859346, -0.997330291864799 ] } },
{ "type": "Feature", "properties": { "id": 104642, "lote_id": 109059, "clavecatas": "5-06-03-01-000", "zona": "5", "sector": "06", "manzana": "03", "lote": "01", "ph": "000", "propietari": "GOBIERNO AUTONOMO DESCENTRALIZADO  MUNICIPAL MANTA .", "documentop": "1360000980001", "direccion": "MZ 03 LOTE 01 - BARRIO VALLE CLARO DE SAN JUAN DE MANTA", "area_m2": 1420.0, "frente_uti": 37.46, "frente_tot": 74.19, "avaluo_con": 0.0, "avaluo_sue": 21300.0, "zonaurbano": "URBANA", "parroquia": "MANTA", "esta_bloqu": "NO", "es_tercera": "NO", "tiene_elec": "SI", "tiene_agua": "NO", "tiene_alca": "NO", "observacio": "POR LEGALIZAR A FAVOR DE LUCAS ALONSO JOSE DIONICIO DACC 05/01/25.", "observac_1": null, "barrio": "SIN ESPECIFICAR", "parroquia_": 2, "barrio_id": 1165, "proceso": 0, "fecha_regi": null, "activo_cat": "SI", "desactivad": 0, "avaluo_rem": 0.0, "avaluo_r_1": 0.0, "clasificac": "POR LEGALIZAR", "anio_deuda": 0, "deuda": 0.0, "valor_ip": 0.0, "coactiva": null, "ficharegis": 0, "etam": 0.1326862231, "diferencia": -0.5884200057, "porc_difer": -0.0004143803, "admisible": 1, "deuda_anio": 0.0, "2024__csv_": "5-06-03-01-000", "2024__csv1": "535-30-12-2025", "Clavepre": "5-06-03-01-000", "RESOLUCION": "535-30-12-2025", "ORIG_FID": 363 }, "geometry": { "type": "Point", "coordinates": [ -80.763343519779838, -0.997840114369455 ] } },
{ "type": "Feature", "properties": { "id": 104643, "lote_id": 109066, "clavecatas": "5-06-03-04-000", "zona": "5", "sector": "06", "manzana": "03", "lote": "04", "ph": "000", "propietari": "GOBIERNO AUTONOMO DESCENTRALIZADO  MUNICIPAL MANTA .", "documentop": "1360000980001", "direccion": "MZ 03 LOTE 04 - BARRIO VALLE CLARO DE SAN JUAN DE MANTA", "area_m2": 588.97, "frente_uti": 10.3, "frente_tot": 10.3, "avaluo_con": 15455.22, "avaluo_sue": 5724.79, "zonaurbano": "URBANA", "parroquia": "MANTA", "esta_bloqu": "NO", "es_tercera": "NO", "tiene_elec": "SI", "tiene_agua": "NO", "tiene_alca": "NO", "observacio": "POR LEGALIZAR A FAVOR DE LUCAS DELGADO JUAN CARLOS  DACC 05/01/25.", "observac_1": null, "barrio": "SIN ESPECIFICAR", "parroquia_": 2, "barrio_id": 1165, "proceso": 0, "fecha_regi": null, "activo_cat": "SI", "desactivad": 0, "avaluo_rem": 0.0, "avaluo_r_1": 0.0, "clasificac": "POR LEGALIZAR", "anio_deuda": 0, "deuda": 0.0, "valor_ip": 0.0, "coactiva": null, "ficharegis": 0, "etam": 0.1648213262, "diferencia": -0.0068612004, "porc_difer": -1.16495e-05, "admisible": 1, "deuda_anio": 0.0, "2024__csv_": "5-06-03-04-000", "2024__csv1": "536-30-12-2025", "Clavepre": "5-06-03-04-000", "RESOLUCION": "536-30-12-2025", "ORIG_FID": 364 }, "geometry": { "type": "Point", "coordinates": [ -80.762653622357675, -0.997830466416303 ] } },
{ "type": "Feature", "properties": { "id": 104644, "lote_id": 109064, "clavecatas": "5-06-03-05-000", "zona": "5", "sector": "06", "manzana": "03", "lote": "05", "ph": "000", "propietari": "GOBIERNO AUTONOMO DESCENTRALIZADO  MUNICIPAL MANTA .", "documentop": "1360000980001", "direccion": "MZ 03 LOTE 05 - BARRIO VALLE CLARO DE SAN JUAN DE MANTA", "area_m2": 581.95, "frente_uti": 10.5, "frente_tot": 10.5, "avaluo_con": 8085.2, "avaluo_sue": 5656.55, "zonaurbano": "URBANA", "parroquia": "MANTA", "esta_bloqu": "NO", "es_tercera": "NO", "tiene_elec": "SI", "tiene_agua": "NO", "tiene_alca": "NO", "observacio": "POR LEGALIZAR A FAVOR DE ALONSO MERO DANIEL EMILIO DACC 05/01/25.", "observac_1": null, "barrio": "SIN ESPECIFICAR", "parroquia_": 2, "barrio_id": 1165, "proceso": 0, "fecha_regi": null, "activo_cat": "SI", "desactivad": 0, "avaluo_rem": 0.0, "avaluo_r_1": 0.0, "clasificac": "POR LEGALIZAR", "anio_deuda": 0, "deuda": 0.0, "valor_ip": 0.0, "coactiva": null, "ficharegis": 0, "etam": 0.1658124571, "diferencia": -0.0055718665, "porc_difer": -9.5745e-06, "admisible": 1, "deuda_anio": 0.0, "2024__csv_": "5-06-03-05-000", "2024__csv1": "536-30-12-2025", "Clavepre": "5-06-03-05-000", "RESOLUCION": "536-30-12-2025", "ORIG_FID": 365 }, "geometry": { "type": "Point", "coordinates": [ -80.762725993269967, -0.997886589274622 ] } },
{ "type": "Feature", "properties": { "id": 104645, "lote_id": 109062, "clavecatas": "5-06-03-06-000", "zona": "5", "sector": "06", "manzana": "03", "lote": "06", "ph": "000", "propietari": "GOBIERNO AUTONOMO DESCENTRALIZADO  MUNICIPAL MANTA .", "documentop": "1360000980001", "direccion": "MZ 03 LOTE 06 - BARRIO VALLE CLARO DE SAN JUAN DE MANTA", "area_m2": 555.33, "frente_uti": 9.9, "frente_tot": 9.9, "avaluo_con": 1259.5, "avaluo_sue": 5397.81, "zonaurbano": "URBANA", "parroquia": "MANTA", "esta_bloqu": "NO", "es_tercera": "NO", "tiene_elec": "SI", "tiene_agua": "NO", "tiene_alca": "NO", "observacio": "POR LEGALIZAR A FAVOR DE ALONSO VELIZ MIRIAN ROXANA DACC 05/01/25.", "observac_1": null, "barrio": "SIN ESPECIFICAR", "parroquia_": 2, "barrio_id": 1165, "proceso": 0, "fecha_regi": null, "activo_cat": "SI", "desactivad": 0, "avaluo_rem": 0.0, "avaluo_r_1": 0.0, "clasificac": "POR LEGALIZAR", "anio_deuda": 0, "deuda": 0.0, "valor_ip": 0.0, "coactiva": null, "ficharegis": 0, "etam": 0.1697400882, "diferencia": 0.0025041291, "porc_difer": 4.5093e-06, "admisible": 1, "deuda_anio": 0.0, "2024__csv_": "5-06-03-06-000", "2024__csv1": "536-30-12-2025", "Clavepre": "5-06-03-06-000", "RESOLUCION": "536-30-12-2025", "ORIG_FID": 366 }, "geometry": { "type": "Point", "coordinates": [ -80.762799711815106, -0.997939041099096 ] } },
{ "type": "Feature", "properties": { "id": 104646, "lote_id": 109051, "clavecatas": "5-06-04-02-000", "zona": "5", "sector": "06", "manzana": "04", "lote": "02", "ph": "000", "propietari": "GOBIERNO AUTONOMO DESCENTRALIZADO  MUNICIPAL MANTA .", "documentop": "1360000980001", "direccion": "MZ 04 LOTE 02 - BARRIO VALLE CLARO DE SAN JUAN DE MANTA", "area_m2": 1024.56, "frente_uti": 32.69, "frente_tot": 45.49, "avaluo_con": 9360.0, "avaluo_sue": 11203.56, "zonaurbano": "URBANA", "parroquia": "MANTA", "esta_bloqu": "NO", "es_tercera": "NO", "tiene_elec": "SI", "tiene_agua": "NO", "tiene_alca": "NO", "observacio": "POR LEGALIZAR A FAVOR DE LUCAS LUCAS MERCEDES MONSERRATE DACC 05/01/25.", "observac_1": null, "barrio": "SIN ESPECIFICAR", "parroquia_": 2, "barrio_id": 1165, "proceso": 0, "fecha_regi": null, "activo_cat": "SI", "desactivad": 0, "avaluo_rem": 0.0, "avaluo_r_1": 0.0, "clasificac": "POR LEGALIZAR", "anio_deuda": 0, "deuda": 0.0, "valor_ip": 0.0, "coactiva": null, "ficharegis": 0, "etam": 0.1562072929, "diferencia": -0.0767964563, "porc_difer": -7.49555e-05, "admisible": 1, "deuda_anio": 0.0, "2024__csv_": "5-06-04-02-000", "2024__csv1": "536-30-12-2025", "Clavepre": "5-06-04-02-000", "RESOLUCION": "536-30-12-2025", "ORIG_FID": 367 }, "geometry": { "type": "Point", "coordinates": [ -80.763303187920101, -0.9971136584549 ] } },
{ "type": "Feature", "properties": { "id": 104647, "lote_id": 109058, "clavecatas": "5-06-04-04-000", "zona": "5", "sector": "06", "manzana": "04", "lote": "04", "ph": "000", "propietari": "GOBIERNO AUTONOMO DESCENTRALIZADO  MUNICIPAL MANTA .", "documentop": "1360000980001", "direccion": "MZ 04 LOTE 04 - BARRIO VALLE CLARO DE SAN JUAN DE MANTA", "area_m2": 352.31, "frente_uti": 14.14, "frente_tot": 40.54, "avaluo_con": 7040.0, "avaluo_sue": 5284.65, "zonaurbano": "URBANA", "parroquia": "MANTA", "esta_bloqu": "NO", "es_tercera": "NO", "tiene_elec": "SI", "tiene_agua": "NO", "tiene_alca": "NO", "observacio": "POR LEGALIZAR A FAVOR DE ALONSO LUCAS RAMON EUGENIO DACC 05/01/25.", "observac_1": null, "barrio": "SIN ESPECIFICAR", "parroquia_": 2, "barrio_id": 1165, "proceso": 0, "fecha_regi": null, "activo_cat": "SI", "desactivad": 0, "avaluo_rem": 0.0, "avaluo_r_1": 0.0, "clasificac": "POR LEGALIZAR", "anio_deuda": 0, "deuda": 0.0, "valor_ip": 0.0, "coactiva": null, "ficharegis": 0, "etam": 0.159830173, "diferencia": 0.0445792107, "porc_difer": 0.000126534, "admisible": 1, "deuda_anio": 0.0, "2024__csv_": "5-06-04-04-000", "2024__csv1": "535-30-12-2025", "Clavepre": "5-06-04-04-000", "RESOLUCION": "535-30-12-2025", "ORIG_FID": 368 }, "geometry": { "type": "Point", "coordinates": [ -80.763673317426765, -0.997604396840527 ] } },
{ "type": "Feature", "properties": { "id": 104648, "lote_id": 109053, "clavecatas": "5-06-04-05-000", "zona": "5", "sector": "06", "manzana": "04", "lote": "05", "ph": "000", "propietari": "GOBIERNO AUTONOMO DESCENTRALIZADO  MUNICIPAL MANTA .", "documentop": "1360000980001", "direccion": "MZ 04 LOTE 05 - BARRIO VALLE CLARO DE SAN JUAN DE MANTA", "area_m2": 301.46, "frente_uti": 18.25, "frente_tot": 34.45, "avaluo_con": 4794.0, "avaluo_sue": 3845.88, "zonaurbano": "URBANA", "parroquia": "MANTA", "esta_bloqu": "NO", "es_tercera": "NO", "tiene_elec": "SI", "tiene_agua": "NO", "tiene_alca": "NO", "observacio": "POR LEGALIZAR A FAVOR DE LUCAS DELGADO VICTOR ANDRES - LUCAS DELGADO JOSE HUMBERTO DACC 05/01/25.", "observac_1": null, "barrio": "SIN ESPECIFICAR", "parroquia_": 2, "barrio_id": 1165, "proceso": 0, "fecha_regi": null, "activo_cat": "SI", "desactivad": 0, "avaluo_rem": 0.0, "avaluo_r_1": 0.0, "clasificac": "POR LEGALIZAR", "anio_deuda": 0, "deuda": 0.0, "valor_ip": 0.0, "coactiva": null, "ficharegis": 0, "etam": 0.1727851472, "diferencia": -0.0025330361, "porc_difer": -8.4026e-06, "admisible": 1, "deuda_anio": 0.0, "2024__csv_": "5-06-04-05-000", "2024__csv1": "536-30-12-2025", "Clavepre": "5-06-04-05-000", "RESOLUCION": "536-30-12-2025", "ORIG_FID": 369 }, "geometry": { "type": "Point", "coordinates": [ -80.763780833717803, -0.997425943161278 ] } },
{ "type": "Feature", "properties": { "id": 104649, "lote_id": 108954, "clavecatas": "5-06-04-06-000", "zona": "5", "sector": "06", "manzana": "04", "lote": "06", "ph": "000", "propietari": "GOBIERNO AUTONOMO DESCENTRALIZADO  MUNICIPAL MANTA .", "documentop": "1360000980001", "direccion": "MZ 04 LOTE 06 - BARRIO VALLE CLARO DE SAN JUAN DE MANTA", "area_m2": 237.02, "frente_uti": 12.96, "frente_tot": 12.96, "avaluo_con": 0.0, "avaluo_sue": 3555.3, "zonaurbano": "URBANA", "parroquia": "MANTA", "esta_bloqu": "NO", "es_tercera": "NO", "tiene_elec": "SI", "tiene_agua": "NO", "tiene_alca": "NO", "observacio": "POR LEGALIZAR A FAVOR DE LUCAS LUCAS PEDRO PABLO DACC 31/12/25.", "observac_1": null, "barrio": "SIN ESPECIFICAR", "parroquia_": 2, "barrio_id": 1165, "proceso": 0, "fecha_regi": null, "activo_cat": "SI", "desactivad": 0, "avaluo_rem": 0.0, "avaluo_r_1": 0.0, "clasificac": "POR LEGALIZAR", "anio_deuda": 0, "deuda": 0.0, "valor_ip": 0.0, "coactiva": null, "ficharegis": 0, "etam": 0.1299084792, "diferencia": 0.0045280252, "porc_difer": 1.9104e-05, "admisible": 1, "deuda_anio": 0.0, "2024__csv_": "5-06-04-06-000", "2024__csv1": "535-30-12-2025", "Clavepre": "5-06-04-06-000", "RESOLUCION": "535-30-12-2025", "ORIG_FID": 370 }, "geometry": { "type": "Point", "coordinates": [ -80.763654788691753, -0.996974122500505 ] } },
{ "type": "Feature", "properties": { "id": 104650, "lote_id": 108957, "clavecatas": "5-06-04-07-000", "zona": "5", "sector": "06", "manzana": "04", "lote": "07", "ph": "000", "propietari": "GOBIERNO AUTONOMO DESCENTRALIZADO  MUNICIPAL MANTA .", "documentop": "1360000980001", "direccion": "MZ 04 LOTE 07 - BARRIO VALLE CLARO DE SAN JUAN DE MANTA", "area_m2": 524.54, "frente_uti": 31.5, "frente_tot": 31.5, "avaluo_con": 9700.0, "avaluo_sue": 7868.1, "zonaurbano": "URBANA", "parroquia": "MANTA", "esta_bloqu": "NO", "es_tercera": "NO", "tiene_elec": "SI", "tiene_agua": "NO", "tiene_alca": "NO", "observacio": "POR LEGALIZAR A FAVOR DE DELGADO LUCAS CARLOS SILVERINO DACC 31/12/25", "observac_1": null, "barrio": "SIN ESPECIFICAR", "parroquia_": 2, "barrio_id": 1165, "proceso": 0, "fecha_regi": null, "activo_cat": "SI", "desactivad": 0, "avaluo_rem": 0.0, "avaluo_r_1": 0.0, "clasificac": "POR LEGALIZAR", "anio_deuda": 0, "deuda": 0.0, "valor_ip": 0.0, "coactiva": null, "ficharegis": 0, "etam": 0.1746508427, "diferencia": 0.0401077511, "porc_difer": 7.64627e-05, "admisible": 1, "deuda_anio": 0.0, "2024__csv_": "5-06-04-07-000", "2024__csv1": "535-30-12-2025", "Clavepre": "5-06-04-07-000", "RESOLUCION": "535-30-12-2025", "ORIG_FID": 371 }, "geometry": { "type": "Point", "coordinates": [ -80.763505852037213, -0.996842968972635 ] } },
{ "type": "Feature", "properties": { "id": 104651, "lote_id": 109048, "clavecatas": "5-06-04-08-000", "zona": "5", "sector": "06", "manzana": "04", "lote": "08", "ph": "000", "propietari": "GOBIERNO AUTONOMO DESCENTRALIZADO  MUNICIPAL MANTA .", "documentop": "1360000980001", "direccion": "MZ 04 LOTE 08 - BARRIO VALLE CLARO DE SAN JUAN DE MANTA", "area_m2": 239.13, "frente_uti": 11.56, "frente_tot": 11.56, "avaluo_con": 14400.0, "avaluo_sue": 3586.95, "zonaurbano": "URBANA", "parroquia": "MANTA", "esta_bloqu": "NO", "es_tercera": "NO", "tiene_elec": "SI", "tiene_agua": "NO", "tiene_alca": "NO", "observacio": "POR LEGALIZAR A FAVOR DE LUCAS VELIZ ANA MARIBEL DACC 05/01/25.", "observac_1": null, "barrio": "SIN ESPECIFICAR", "parroquia_": 2, "barrio_id": 1165, "proceso": 0, "fecha_regi": null, "activo_cat": "SI", "desactivad": 0, "avaluo_rem": 0.0, "avaluo_r_1": 0.0, "clasificac": "POR LEGALIZAR", "anio_deuda": 0, "deuda": 0.0, "valor_ip": 0.0, "coactiva": null, "ficharegis": 0, "etam": 0.1293340757, "diferencia": -0.0614179224, "porc_difer": -0.0002568391, "admisible": 1, "deuda_anio": 0.0, "2024__csv_": "5-06-04-08-000", "2024__csv1": "535-30-12-2025", "Clavepre": "5-06-04-08-000", "RESOLUCION": "535-30-12-2025", "ORIG_FID": 372 }, "geometry": { "type": "Point", "coordinates": [ -80.763189571694696, -0.996883279471112 ] } },
{ "type": "Feature", "properties": { "id": 104652, "lote_id": 108963, "clavecatas": "5-06-04-09-000", "zona": "5", "sector": "06", "manzana": "04", "lote": "09", "ph": "000", "propietari": "GOBIERNO AUTONOMO DESCENTRALIZADO  MUNICIPAL MANTA .", "documentop": "1360000980001", "direccion": "MZ 04 LOTE 09 - BARRIO VALLE CLARO DE SAN JUAN DE MANTA", "area_m2": 610.85, "frente_uti": 23.2, "frente_tot": 56.89, "avaluo_con": 17056.0, "avaluo_sue": 7013.63, "zonaurbano": "URBANA", "parroquia": "MANTA", "esta_bloqu": "NO", "es_tercera": "NO", "tiene_elec": "SI", "tiene_agua": "NO", "tiene_alca": "NO", "observacio": "POR LEGALIZAR A FAVOR DE VELIZ FLORES NELLY MARISOL DACC 31/12/25", "observac_1": null, "barrio": "SIN ESPECIFICAR", "parroquia_": 2, "barrio_id": 1165, "proceso": 0, "fecha_regi": null, "activo_cat": "SI", "desactivad": 0, "avaluo_rem": 0.0, "avaluo_r_1": 0.0, "clasificac": "POR LEGALIZAR", "anio_deuda": 0, "deuda": 0.0, "valor_ip": 0.0, "coactiva": null, "ficharegis": 0, "etam": 0.1618425461, "diferencia": -0.0018144802, "porc_difer": -2.9704e-06, "admisible": 1, "deuda_anio": 0.0, "2024__csv_": "5-06-04-09-000", "2024__csv1": "536-30-12-2025", "Clavepre": "5-06-04-09-000", "RESOLUCION": "536-30-12-2025", "ORIG_FID": 373 }, "geometry": { "type": "Point", "coordinates": [ -80.763104771071141, -0.996757244968403 ] } },
{ "type": "Feature", "properties": { "id": 104656, "lote_id": 108696, "clavecatas": "5-06-05-04-000", "zona": "5", "sector": "06", "manzana": "05", "lote": "04", "ph": "000", "propietari": "GOBIERNO AUTONOMO DESCENTRALIZADO  MUNICIPAL MANTA .", "documentop": "1360000980001", "direccion": "MZ 05 LOTE 04 - BARRIO VALLE CLARO DE SAN JUAN DE MANTA", "area_m2": 1193.46, "frente_uti": 62.28, "frente_tot": 62.28, "avaluo_con": 1549.58, "avaluo_sue": 13050.49, "zonaurbano": "URBANA", "parroquia": "MANTA", "esta_bloqu": "NO", "es_tercera": "NO", "tiene_elec": "SI", "tiene_agua": "NO", "tiene_alca": "NO", "observacio": "POR LEGALIZAR A FAVOR DE VELIZ FLORES DOMINGO FAUSTINO.DACC 30/12/25.", "observac_1": null, "barrio": "SIN ESPECIFICAR", "parroquia_": 2, "barrio_id": 1165, "proceso": 0, "fecha_regi": null, "activo_cat": "SI", "desactivad": 0, "avaluo_rem": 0.0, "avaluo_r_1": 0.0, "clasificac": "POR LEGALIZAR", "anio_deuda": 0, "deuda": 0.0, "valor_ip": 0.0, "coactiva": null, "ficharegis": 0, "etam": 0.1447325022, "diferencia": 0.000698327, "porc_difer": 5.851e-07, "admisible": 1, "deuda_anio": 0.0, "2024__csv_": "5-06-05-04-000", "2024__csv1": "536-30-12-2025", "Clavepre": "5-06-05-04-000", "RESOLUCION": "536-30-12-2025", "ORIG_FID": 374 }, "geometry": { "type": "Point", "coordinates": [ -80.763874427379648, -0.995826059799819 ] } },
{ "type": "Feature", "properties": { "id": 104657, "lote_id": 108721, "clavecatas": "5-06-05-05-000", "zona": "5", "sector": "06", "manzana": "05", "lote": "05", "ph": "000", "propietari": "GOBIERNO AUTONOMO DESCENTRALIZADO  MUNICIPAL MANTA .", "documentop": "1360000980001", "direccion": "MZ 05 LOTE 01 - BARRIO VALLE CLARO DE SAN JUAN DE MANTA", "area_m2": 263.65, "frente_uti": 12.9, "frente_tot": 12.9, "avaluo_con": 3240.86, "avaluo_sue": 395.48, "zonaurbano": "URBANA", "parroquia": "MANTA", "esta_bloqu": "NO", "es_tercera": "NO", "tiene_elec": "SI", "tiene_agua": "NO", "tiene_alca": "NO", "observacio": "POR LEGALIZAR A FAVOR DE DEL PESO VELEZ ANNY DANIELA.DACC 30/12/25", "observac_1": null, "barrio": "SIN ESPECIFICAR", "parroquia_": 2, "barrio_id": 1165, "proceso": 0, "fecha_regi": null, "activo_cat": "SI", "desactivad": 0, "avaluo_rem": 0.0, "avaluo_r_1": 0.0, "clasificac": "POR LEGALIZAR", "anio_deuda": 0, "deuda": 0.0, "valor_ip": 0.0, "coactiva": null, "ficharegis": 0, "etam": 0.1231731669, "diferencia": -0.0021625076, "porc_difer": -8.2022e-06, "admisible": 1, "deuda_anio": 0.0, "2024__csv_": "5-06-05-05-000", "2024__csv1": "535-30-12-2025", "Clavepre": "5-06-05-05-000", "RESOLUCION": "535-30-12-2025", "ORIG_FID": 375 }, "geometry": { "type": "Point", "coordinates": [ -80.764108721301952, -0.996102337580181 ] } },
{ "type": "Feature", "properties": { "id": 104658, "lote_id": 108775, "clavecatas": "5-06-05-06-000", "zona": "5", "sector": "06", "manzana": "05", "lote": "06", "ph": "000", "propietari": "GOBIERNO AUTONOMO DESCENTRALIZADO  MUNICIPAL MANTA .", "documentop": "1360000980001", "direccion": "MZ 05 LOTE 02 - BARRIO VALLE CLARO DE SAN JUAN DE MANTA", "area_m2": 642.17, "frente_uti": 25.04, "frente_tot": 25.04, "avaluo_con": 5466.44, "avaluo_sue": 963.26, "zonaurbano": "URBANA", "parroquia": "MANTA", "esta_bloqu": "NO", "es_tercera": "NO", "tiene_elec": "SI", "tiene_agua": "NO", "tiene_alca": "NO", "observacio": "POR LEGALIZAR A FAVOR DE VELIZ PILLIGUA LIGIA ELENA.DACC 30/12/25", "observac_1": null, "barrio": "SIN ESPECIFICAR", "parroquia_": 2, "barrio_id": 1165, "proceso": 0, "fecha_regi": null, "activo_cat": "SI", "desactivad": 0, "avaluo_rem": 0.0, "avaluo_r_1": 0.0, "clasificac": "POR LEGALIZAR", "anio_deuda": 0, "deuda": 0.0, "valor_ip": 0.0, "coactiva": null, "ficharegis": 0, "etam": 0.1578465103, "diferencia": -0.00382283, "porc_difer": -5.953e-06, "admisible": 1, "deuda_anio": 0.0, "2024__csv_": "5-06-05-06-000", "2024__csv1": "535-30-12-2025", "Clavepre": "5-06-05-06-000", "RESOLUCION": "535-30-12-2025", "ORIG_FID": 376 }, "geometry": { "type": "Point", "coordinates": [ -80.764103394531446, -0.996365438021943 ] } },
{ "type": "Feature", "properties": { "id": 104659, "lote_id": 108942, "clavecatas": "5-06-06-01-000", "zona": "5", "sector": "06", "manzana": "06", "lote": "01", "ph": "000", "propietari": "GOBIERNO AUTONOMO DESCENTRALIZADO  MUNICIPAL MANTA .", "documentop": "1360000980001", "direccion": "MZ 06 LOTE 01 - BARRIO VALLE CLARO DE SAN JUAN DE MANTA", "area_m2": 338.07, "frente_uti": 8.67, "frente_tot": 42.77, "avaluo_con": 8918.0, "avaluo_sue": 507.11, "zonaurbano": "URBANA", "parroquia": "MANTA", "esta_bloqu": "NO", "es_tercera": "NO", "tiene_elec": "SI", "tiene_agua": "NO", "tiene_alca": "NO", "observacio": "POR LEGALIZAR A FAVOR DE ALVARADO PICO BENITO ENRIQUE DACC 31/12/25.", "observac_1": null, "barrio": "SIN ESPECIFICAR", "parroquia_": 2, "barrio_id": 1165, "proceso": 0, "fecha_regi": null, "activo_cat": "SI", "desactivad": 0, "avaluo_rem": 0.0, "avaluo_r_1": 0.0, "clasificac": "POR LEGALIZAR", "anio_deuda": 0, "deuda": 0.0, "valor_ip": 0.0, "coactiva": null, "ficharegis": 0, "etam": 0.1631615934, "diferencia": -0.0025169302, "porc_difer": -7.445e-06, "admisible": 1, "deuda_anio": 0.0, "2024__csv_": "5-06-06-01-000", "2024__csv1": "536-30-12-2025", "Clavepre": "5-06-06-01-000", "RESOLUCION": "536-30-12-2025", "ORIG_FID": 377 }, "geometry": { "type": "Point", "coordinates": [ -80.764493643175499, -0.996883701130419 ] } },
{ "type": "Feature", "properties": { "id": 104660, "lote_id": 108934, "clavecatas": "5-06-06-03-000", "zona": "5", "sector": "06", "manzana": "06", "lote": "03", "ph": "000", "propietari": "GOBIERNO AUTONOMO DESCENTRALIZADO  MUNICIPAL MANTA .", "documentop": "1360000980001", "direccion": "MZ 06 LOTE 03 - BARRIO VALLE CLARO DE SAN JUAN DE MANTA", "area_m2": 1031.82, "frente_uti": 21.5, "frente_tot": 21.5, "avaluo_con": 14040.0, "avaluo_sue": 1547.73, "zonaurbano": "URBANA", "parroquia": "MANTA", "esta_bloqu": "NO", "es_tercera": "NO", "tiene_elec": "SI", "tiene_agua": "NO", "tiene_alca": "NO", "observacio": "POR LEGALIZAR A FAVOR DE DELGADO ALONZO ROSA FABIOLA - DELGADO ALONZO ALEXI JAVIER. DACC 30/12/25", "observac_1": null, "barrio": "SIN ESPECIFICAR", "parroquia_": 2, "barrio_id": 1165, "proceso": 0, "fecha_regi": null, "activo_cat": "SI", "desactivad": 0, "avaluo_rem": 0.0, "avaluo_r_1": 0.0, "clasificac": "POR LEGALIZAR", "anio_deuda": 0, "deuda": 0.0, "valor_ip": 0.0, "coactiva": null, "ficharegis": 0, "etam": 0.1556567769, "diferencia": -0.0030689364, "porc_difer": -2.9743e-06, "admisible": 1, "deuda_anio": 0.0, "2024__csv_": "5-06-06-03-000", "2024__csv1": "536-30-12-2025", "Clavepre": "5-06-06-03-000", "RESOLUCION": "536-30-12-2025", "ORIG_FID": 378 }, "geometry": { "type": "Point", "coordinates": [ -80.764728328662926, -0.997014741878365 ] } },
{ "type": "Feature", "properties": { "id": 104661, "lote_id": 108912, "clavecatas": "5-06-06-05-000", "zona": "5", "sector": "06", "manzana": "06", "lote": "05", "ph": "000", "propietari": "GOBIERNO AUTONOMO DESCENTRALIZADO  MUNICIPAL MANTA .", "documentop": "1360000980001", "direccion": "MZ 06 LOTE 05 - BARRIO VALLE CLARO DE SAN JUAN DE MANTA", "area_m2": 257.5, "frente_uti": 32.48, "frente_tot": 40.98, "avaluo_con": 1337.0, "avaluo_sue": 2534.19, "zonaurbano": "URBANA", "parroquia": "MANTA", "esta_bloqu": "NO", "es_tercera": "NO", "tiene_elec": "SI", "tiene_agua": "NO", "tiene_alca": "NO", "observacio": "POR LEGALIZAR A FAVOR DE DELGADO ALONZO DIGNA GRACIELA DACC 30/12/25", "observac_1": null, "barrio": "SIN ESPECIFICAR", "parroquia_": 2, "barrio_id": 1165, "proceso": 0, "fecha_regi": null, "activo_cat": "SI", "desactivad": 0, "avaluo_rem": 0.0, "avaluo_r_1": 0.0, "clasificac": "POR LEGALIZAR", "anio_deuda": 0, "deuda": 0.0, "valor_ip": 0.0, "coactiva": null, "ficharegis": 0, "etam": 0.1246353906, "diferencia": 0.0002212771, "porc_difer": 8.593e-07, "admisible": 1, "deuda_anio": 0.0, "2024__csv_": "5-06-06-05-000", "2024__csv1": "536-30-12-2025", "Clavepre": "5-06-06-05-000", "RESOLUCION": "536-30-12-2025", "ORIG_FID": 379 }, "geometry": { "type": "Point", "coordinates": [ -80.764953890633947, -0.99712479782625 ] } },
{ "type": "Feature", "properties": { "id": 104675, "lote_id": 109100, "clavecatas": "5-06-07-15-000", "zona": "5", "sector": "06", "manzana": "07", "lote": "15", "ph": "000", "propietari": "GOBIERNO AUTONOMO DESCENTRALIZADO  MUNICIPAL MANTA .", "documentop": "1360000980001", "direccion": "SECTOR SAN JUAN - B. VALLE CLARO MZ- 7 LOTE - 25 CALLEJON", "area_m2": 464.45, "frente_uti": 12.75, "frente_tot": 12.75, "avaluo_con": 23128.0, "avaluo_sue": 5643.07, "zonaurbano": "URBANA", "parroquia": "MANTA", "esta_bloqu": "NO", "es_tercera": "NO", "tiene_elec": "NO", "tiene_agua": "NO", "tiene_alca": "NO", "observacio": "POR LEGALIZAR AMADA YADIRA ARAUJO QUEZADA 05/01/2026 ARQ. LUPE LANDA*", "observac_1": null, "barrio": "SAN JUAN", "parroquia_": 2, "barrio_id": 912, "proceso": 0, "fecha_regi": null, "activo_cat": "SI", "desactivad": 0, "avaluo_rem": 0.0, "avaluo_r_1": 0.0, "clasificac": "POR LEGALIZAR", "anio_deuda": 0, "deuda": 0.0, "valor_ip": 0.0, "coactiva": null, "ficharegis": 0, "etam": 0.139204018, "diferencia": -0.0030474183, "porc_difer": -6.5613e-06, "admisible": 1, "deuda_anio": 0.0, "2024__csv_": "5-06-07-15-000", "2024__csv1": "536-30-12-2025", "Clavepre": "5-06-07-15-000", "RESOLUCION": "536-30-12-2025", "ORIG_FID": 380 }, "geometry": { "type": "Point", "coordinates": [ -80.763943418582187, -0.998279153819843 ] } },
{ "type": "Feature", "properties": { "id": 104673, "lote_id": 109106, "clavecatas": "5-06-07-13-000", "zona": "5", "sector": "06", "manzana": "07", "lote": "13", "ph": "000", "propietari": "GOBIERNO AUTONOMO DESCENTRALIZADO  MUNICIPAL MANTA .", "documentop": "1360000980001", "direccion": "SECTOR SAN JUAN - B. VALLE CLARO - MZ- 7 LOTE -23 CALLEJON", "area_m2": 353.38, "frente_uti": 18.65, "frente_tot": 18.65, "avaluo_con": 15744.0, "avaluo_sue": 5300.7, "zonaurbano": "URBANA", "parroquia": "MANTA", "esta_bloqu": "NO", "es_tercera": "NO", "tiene_elec": "NO", "tiene_agua": "NO", "tiene_alca": "NO", "observacio": "POR LEGALIZAR DARIO ARTURO SALTOS ZAMBRANO 05/01/2026 ARQ. LUPE LANDA*", "observac_1": null, "barrio": "SAN JUAN", "parroquia_": 2, "barrio_id": 912, "proceso": 0, "fecha_regi": null, "activo_cat": "SI", "desactivad": 0, "avaluo_rem": 0.0, "avaluo_r_1": 0.0, "clasificac": "POR LEGALIZAR", "anio_deuda": 0, "deuda": 0.0, "valor_ip": 0.0, "coactiva": null, "ficharegis": 0, "etam": 0.1595880145, "diferencia": 0.0021281363, "porc_difer": 6.0222e-06, "admisible": 1, "deuda_anio": 0.0, "2024__csv_": "5-06-07-13-000", "2024__csv1": "535-30-12-2025", "Clavepre": "5-06-07-13-000", "RESOLUCION": "535-30-12-2025", "ORIG_FID": 381 }, "geometry": { "type": "Point", "coordinates": [ -80.763702822324561, -0.998199688961955 ] } },
{ "type": "Feature", "properties": { "id": 104674, "lote_id": 109101, "clavecatas": "5-06-07-14-000", "zona": "5", "sector": "06", "manzana": "07", "lote": "14", "ph": "000", "propietari": "GOBIERNO AUTONOMO DESCENTRALIZADO  MUNICIPAL MANTA .", "documentop": "1360000980001", "direccion": "SECTOR SAN JUAN - B. VALLE CLARO MZ- 7 LOTE 19 CALLEJON", "area_m2": 479.97, "frente_uti": 20.5, "frente_tot": 20.5, "avaluo_con": 7050.0, "avaluo_sue": 5831.64, "zonaurbano": "URBANA", "parroquia": "MANTA", "esta_bloqu": "NO", "es_tercera": "NO", "tiene_elec": "NO", "tiene_agua": "NO", "tiene_alca": "NO", "observacio": "POR LEGALIZAR ANGEL FABRICIO SALAZAR REALPE 05/01/2026 ARQ. LUPE LANDA*", "observac_1": null, "barrio": "SAN JUAN", "parroquia_": 2, "barrio_id": 912, "proceso": 0, "fecha_regi": null, "activo_cat": "SI", "desactivad": 0, "avaluo_rem": 0.0, "avaluo_r_1": 0.0, "clasificac": "POR LEGALIZAR", "anio_deuda": 0, "deuda": 0.0, "valor_ip": 0.0, "coactiva": null, "ficharegis": 0, "etam": 0.1369349187, "diferencia": 0.004680328, "porc_difer": 9.7513e-06, "admisible": 1, "deuda_anio": 0.0, "2024__csv_": "5-06-07-14-000", "2024__csv1": "536-30-12-2025", "Clavepre": "5-06-07-14-000", "RESOLUCION": "536-30-12-2025", "ORIG_FID": 382 }, "geometry": { "type": "Point", "coordinates": [ -80.763833001257396, -0.998428901121852 ] } },
{ "type": "Feature", "properties": { "id": 104677, "lote_id": 109098, "clavecatas": "5-06-07-17-000", "zona": "5", "sector": "06", "manzana": "07", "lote": "17", "ph": "000", "propietari": "GOBIERNO AUTONOMO DESCENTRALIZADO  MUNICIPAL MANTA .", "documentop": "1360000980001", "direccion": "SECTOR SAN JUAN B. VALLE CLARO MZ- 7 LOTE-14 CALLEJON", "area_m2": 651.57, "frente_uti": 7.36, "frente_tot": 7.38, "avaluo_con": 35640.0, "avaluo_sue": 9773.55, "zonaurbano": "URBANA", "parroquia": "MANTA", "esta_bloqu": "NO", "es_tercera": "NO", "tiene_elec": "NO", "tiene_agua": "NO", "tiene_alca": "NO", "observacio": "POR LEGALIZAR REYES LUCAS ANA FREYA 05/01/2026 ARQ. LUPE LANDA*", "observac_1": null, "barrio": "SAN JUAN", "parroquia_": 2, "barrio_id": 912, "proceso": 0, "fecha_regi": null, "activo_cat": "SI", "desactivad": 0, "avaluo_rem": 0.0, "avaluo_r_1": 0.0, "clasificac": "POR LEGALIZAR", "anio_deuda": 0, "deuda": 0.0, "valor_ip": 0.0, "coactiva": null, "ficharegis": 0, "etam": 0.1567037723, "diferencia": 1.4113372255000001, "porc_difer": 0.0021660562, "admisible": 1, "deuda_anio": 0.0, "2024__csv_": "5-06-07-17-000", "2024__csv1": "535-30-12-2025", "Clavepre": "5-06-07-17-000", "RESOLUCION": "535-30-12-2025", "ORIG_FID": 383 }, "geometry": { "type": "Point", "coordinates": [ -80.764335721260267, -0.998117687331583 ] } },
{ "type": "Feature", "properties": { "id": 104678, "lote_id": 109089, "clavecatas": "5-06-07-18-000", "zona": "5", "sector": "06", "manzana": "07", "lote": "18", "ph": "000", "propietari": "GOBIERNO AUTONOMO DESCENTRALIZADO  MUNICIPAL MANTA .", "documentop": "1360000980001", "direccion": "SECTOR SAN JUAN B. VALLE CLARO MZ- 7 LOTE-13 RETIRO DE PROTECCION", "area_m2": 917.84, "frente_uti": 11.76, "frente_tot": 11.76, "avaluo_con": 10560.0, "avaluo_sue": 13767.6, "zonaurbano": "URBANA", "parroquia": "MANTA", "esta_bloqu": "NO", "es_tercera": "NO", "tiene_elec": "NO", "tiene_agua": "NO", "tiene_alca": "NO", "observacio": "POR LEGALIZAR NERIS EUDORO ALAVA RODRIGUEZ 05/01/2026 ARQ. LUPE LANDA*", "observac_1": null, "barrio": "SAN JUAN", "parroquia_": 2, "barrio_id": 912, "proceso": 0, "fecha_regi": null, "activo_cat": "SI", "desactivad": 0, "avaluo_rem": 0.0, "avaluo_r_1": 0.0, "clasificac": "POR LEGALIZAR", "anio_deuda": 0, "deuda": 0.0, "valor_ip": 0.0, "coactiva": null, "ficharegis": 0, "etam": 0.1320311789, "diferencia": -0.0037908798, "porc_difer": -4.1302e-06, "admisible": 1, "deuda_anio": 0.0, "2024__csv_": "5-06-07-18-000", "2024__csv1": "535-30-12-2025", "Clavepre": "5-06-07-18-000", "RESOLUCION": "535-30-12-2025", "ORIG_FID": 384 }, "geometry": { "type": "Point", "coordinates": [ -80.764631510436217, -0.997789086966684 ] } },
{ "type": "Feature", "properties": { "id": 104679, "lote_id": 109083, "clavecatas": "5-06-07-19-000", "zona": "5", "sector": "06", "manzana": "07", "lote": "19", "ph": "000", "propietari": "GOBIERNO AUTONOMO DESCENTRALIZADO  MUNICIPAL MANTA .", "documentop": "1360000980001", "direccion": "SECTOR SAN JUAN B. VALLE CLARO MZ- 7 LOTE- 16 - CALLEJON", "area_m2": 488.54, "frente_uti": 12.04, "frente_tot": 12.04, "avaluo_con": 24192.0, "avaluo_sue": 7328.1, "zonaurbano": "URBANA", "parroquia": "MANTA", "esta_bloqu": "NO", "es_tercera": "NO", "tiene_elec": "NO", "tiene_agua": "NO", "tiene_alca": "NO", "observacio": "POR LEGALIZAR BLANCA ELVIA VELEZ VELEZ 05/01/2026 ARQ. LUPE LANDA*", "observac_1": null, "barrio": "SAN JUAN", "parroquia_": 2, "barrio_id": 912, "proceso": 0, "fecha_regi": null, "activo_cat": "SI", "desactivad": 0, "avaluo_rem": 0.0, "avaluo_r_1": 0.0, "clasificac": "POR LEGALIZAR", "anio_deuda": 0, "deuda": 0.0, "valor_ip": 0.0, "coactiva": null, "ficharegis": 0, "etam": 0.1357285441, "diferencia": 0.0020355506, "porc_difer": 4.1666e-06, "admisible": 1, "deuda_anio": 0.0, "2024__csv_": "5-06-07-19-000", "2024__csv1": "535-30-12-2025", "Clavepre": "5-06-07-19-000", "RESOLUCION": "535-30-12-2025", "ORIG_FID": 385 }, "geometry": { "type": "Point", "coordinates": [ -80.764337124836246, -0.998241675302765 ] } },
{ "type": "Feature", "properties": { "id": 104680, "lote_id": 109078, "clavecatas": "5-06-07-20-000", "zona": "5", "sector": "06", "manzana": "07", "lote": "20", "ph": "000", "propietari": "GOBIERNO AUTONOMO DESCENTRALIZADO  MUNICIPAL MANTA .", "documentop": "1360000980001", "direccion": "SECTOR SAN JUAN B. VALLE CLARO MZ- 7 LOTE- 15", "area_m2": 314.15, "frente_uti": 16.92, "frente_tot": 16.92, "avaluo_con": 10944.0, "avaluo_sue": 4712.25, "zonaurbano": "URBANA", "parroquia": "MANTA", "esta_bloqu": "NO", "es_tercera": "NO", "tiene_elec": "NO", "tiene_agua": "NO", "tiene_alca": "NO", "observacio": "POR LEGALIZAR MARIBEL MONSERRATE ALONZO VELEZ 05/01/2026 ARQ, LUPE LANDA*", "observac_1": null, "barrio": "SAN JUAN", "parroquia_": 2, "barrio_id": 912, "proceso": 0, "fecha_regi": null, "activo_cat": "SI", "desactivad": 0, "avaluo_rem": 0.0, "avaluo_r_1": 0.0, "clasificac": "POR LEGALIZAR", "anio_deuda": 0, "deuda": 0.0, "valor_ip": 0.0, "coactiva": null, "ficharegis": 0, "etam": 0.169259371, "diferencia": -0.002790963, "porc_difer": -8.8842e-06, "admisible": 1, "deuda_anio": 0.0, "2024__csv_": "5-06-07-20-000", "2024__csv1": "535-30-12-2025", "Clavepre": "5-06-07-20-000", "RESOLUCION": "535-30-12-2025", "ORIG_FID": 386 }, "geometry": { "type": "Point", "coordinates": [ -80.764432836796729, -0.99832681202073 ] } },
{ "type": "Feature", "properties": { "id": 104681, "lote_id": 109072, "clavecatas": "5-06-07-21-000", "zona": "5", "sector": "06", "manzana": "07", "lote": "21", "ph": "000", "propietari": "GOBIERNO AUTONOMO DESCENTRALIZADO  MUNICIPAL MANTA .", "documentop": "1360000980001", "direccion": "SECTOR SAN JUAN B. VALLE CLARO MZ- 7 LOTE-06", "area_m2": 695.89, "frente_uti": 10.02, "frente_tot": 10.02, "avaluo_con": 11760.0, "avaluo_sue": 10438.35, "zonaurbano": "URBANA", "parroquia": "MANTA", "esta_bloqu": "NO", "es_tercera": "NO", "tiene_elec": "NO", "tiene_agua": "NO", "tiene_alca": "NO", "observacio": "POR LEGALIZAR JOSE DANIEL ALONZO LUCAS. 05/01/2026 ARQ. LUPE LANDA*", "observac_1": null, "barrio": "SAN JUAN", "parroquia_": 2, "barrio_id": 912, "proceso": 0, "fecha_regi": null, "activo_cat": "SI", "desactivad": 0, "avaluo_rem": 0.0, "avaluo_r_1": 0.0, "clasificac": "POR LEGALIZAR", "anio_deuda": 0, "deuda": 0.0, "valor_ip": 0.0, "coactiva": null, "ficharegis": 0, "etam": 0.1516315916, "diferencia": -0.0028750104, "porc_difer": -4.1314e-06, "admisible": 1, "deuda_anio": 0.0, "2024__csv_": "5-06-07-21-000", "2024__csv1": "535-30-12-2025", "Clavepre": "5-06-07-21-000", "RESOLUCION": "535-30-12-2025", "ORIG_FID": 387 }, "geometry": { "type": "Point", "coordinates": [ -80.764435684259311, -0.998525098010866 ] } },
{ "type": "Feature", "properties": { "id": 104682, "lote_id": 109061, "clavecatas": "5-06-07-22-000", "zona": "5", "sector": "06", "manzana": "07", "lote": "22", "ph": "000", "propietari": "GOBIERNO AUTONOMO DESCENTRALIZADO  MUNICIPAL MANTA .", "documentop": "1360000980001", "direccion": "SECTOR SAN JUAN B. VALLE CLARO MZ- 7 LOTE-08", "area_m2": 640.59, "frente_uti": 10.02, "frente_tot": 10.02, "avaluo_con": 10348.8, "avaluo_sue": 6226.53, "zonaurbano": "URBANA", "parroquia": "MANTA", "esta_bloqu": "NO", "es_tercera": "NO", "tiene_elec": "NO", "tiene_agua": "NO", "tiene_alca": "NO", "observacio": "POR LEGALIZAR ANA MONSERRATE ALONZO MONTALVAN 05/01/2026 ARQ. LUPE LANDA*", "observac_1": null, "barrio": "SAN JUAN", "parroquia_": 2, "barrio_id": 912, "proceso": 0, "fecha_regi": null, "activo_cat": "SI", "desactivad": 0, "avaluo_rem": 0.0, "avaluo_r_1": 0.0, "clasificac": "POR LEGALIZAR", "anio_deuda": 0, "deuda": 0.0, "valor_ip": 0.0, "coactiva": null, "ficharegis": 0, "etam": 0.1580410527, "diferencia": 9.0677096798000001, "porc_difer": 0.014155247, "admisible": 1, "deuda_anio": 0.0, "2024__csv_": "5-06-07-22-000", "2024__csv1": "536-30-12-2025", "Clavepre": "5-06-07-22-000", "RESOLUCION": "536-30-12-2025", "ORIG_FID": 388 }, "geometry": { "type": "Point", "coordinates": [ -80.76460925023413, -0.998585269009272 ] } },
{ "type": "Feature", "properties": { "id": 104683, "lote_id": 109156, "clavecatas": "5-06-07-23-000", "zona": "5", "sector": "06", "manzana": "07", "lote": "23", "ph": "000", "propietari": "GOBIERNO AUTONOMO DESCENTRALIZADO  MUNICIPAL MANTA .", "documentop": "1360000980001", "direccion": "MZ 07 LOTE 22 - BARRIO VALLE CLARO DE SAN JUAN DE MANTA", "area_m2": 316.34, "frente_uti": 20.19, "frente_tot": 20.19, "avaluo_con": 15092.0, "avaluo_sue": 3651.35, "zonaurbano": "URBANA", "parroquia": "MANTA", "esta_bloqu": "NO", "es_tercera": "NO", "tiene_elec": "SI", "tiene_agua": "NO", "tiene_alca": "NO", "observacio": "POR LEGALIZAR A FAVOR DE ZAMBRANO DELGADO PATRICIA MARIBEL DACC 08/01/26", "observac_1": null, "barrio": "SIN ESPECIFICAR", "parroquia_": 2, "barrio_id": 1165, "proceso": 0, "fecha_regi": null, "activo_cat": "SI", "desactivad": 0, "avaluo_rem": 0.0, "avaluo_r_1": 0.0, "clasificac": "POR LEGALIZAR", "anio_deuda": 0, "deuda": 0.0, "valor_ip": 0.0, "coactiva": null, "ficharegis": 0, "etam": 0.168672468, "diferencia": 0.0023040312, "porc_difer": 7.2834e-06, "admisible": 1, "deuda_anio": 0.0, "2024__csv_": "5-06-07-23-000", "2024__csv1": "536-30-12-2025", "Clavepre": "5-06-07-23-000", "RESOLUCION": "536-30-12-2025", "ORIG_FID": 389 }, "geometry": { "type": "Point", "coordinates": [ -80.763552830790175, -0.998135123602604 ] } },
{ "type": "Feature", "properties": { "id": 104684, "lote_id": 108936, "clavecatas": "5-06-08-02-000", "zona": "5", "sector": "06", "manzana": "08", "lote": "02", "ph": "000", "propietari": "GOBIERNO AUTONOMO DESCENTRALIZADO  MUNICIPAL MANTA .", "documentop": "1360000980001", "direccion": "SECTOR SAN JUAN B. VALLE CLARO MZ- 8 LOTE-02", "area_m2": 213.27, "frente_uti": 10.07, "frente_tot": 10.07, "avaluo_con": 749.7, "avaluo_sue": 2591.23, "zonaurbano": "URBANA", "parroquia": "MANTA", "esta_bloqu": "NO", "es_tercera": "NO", "tiene_elec": "NO", "tiene_agua": "NO", "tiene_alca": "NO", "observacio": "POR LEGALIZAR PILLASAGUA PILAY VICTOR JOHAN 30/12/2025 ARQ. LUPE LANDA*", "observac_1": null, "barrio": "SAN JUAN", "parroquia_": 2, "barrio_id": 912, "proceso": 0, "fecha_regi": null, "activo_cat": "SI", "desactivad": 0, "avaluo_rem": 0.0, "avaluo_r_1": 0.0, "clasificac": "POR LEGALIZAR", "anio_deuda": 0, "deuda": 0.0, "valor_ip": 0.0, "coactiva": null, "ficharegis": 0, "etam": 0.1369509695, "diferencia": 0.0037368596, "porc_difer": 1.75217e-05, "admisible": 1, "deuda_anio": 0.0, "2024__csv_": "5-06-08-02-000", "2024__csv1": "536-30-12-2025", "Clavepre": "5-06-08-02-000", "RESOLUCION": "536-30-12-2025", "ORIG_FID": 390 }, "geometry": { "type": "Point", "coordinates": [ -80.765148773206221, -0.998918944244247 ] } },
{ "type": "Feature", "properties": { "id": 104685, "lote_id": 109049, "clavecatas": "5-06-08-04-000", "zona": "5", "sector": "06", "manzana": "08", "lote": "04", "ph": "000", "propietari": "GOBIERNO AUTONOMO DESCENTRALIZADO  MUNICIPAL MANTA .", "documentop": "1360000980001", "direccion": "SECTOR SAN JUAN B. VALLE CLARO MZ-08 LOTE-04", "area_m2": 421.28, "frente_uti": 10.29, "frente_tot": 10.29, "avaluo_con": 1305.6, "avaluo_sue": 5118.55, "zonaurbano": "URBANA", "parroquia": "MANTA", "esta_bloqu": "NO", "es_tercera": "NO", "tiene_elec": "NO", "tiene_agua": "NO", "tiene_alca": "NO", "observacio": "POR LEGALIZAR VALDEZ VELEZ ANGIE MICHELLE 05/01/2026 ARQ. LUPE LANDA*", "observac_1": null, "barrio": "SAN JUAN", "parroquia_": 2, "barrio_id": 912, "proceso": 0, "fecha_regi": null, "activo_cat": "SI", "desactivad": 0, "avaluo_rem": 0.0, "avaluo_r_1": 0.0, "clasificac": "POR LEGALIZAR", "anio_deuda": 0, "deuda": 0.0, "valor_ip": 0.0, "coactiva": null, "ficharegis": 0, "etam": 0.1461624566, "diferencia": 3.5560354887000001, "porc_difer": 0.0084410261, "admisible": 1, "deuda_anio": 0.0, "2024__csv_": "5-06-08-04-000", "2024__csv1": "536-30-12-2025", "Clavepre": "5-06-08-04-000", "RESOLUCION": "536-30-12-2025", "ORIG_FID": 391 }, "geometry": { "type": "Point", "coordinates": [ -80.765355232504376, -0.998890741795847 ] } },
{ "type": "Feature", "properties": { "id": 104686, "lote_id": 108896, "clavecatas": "5-06-08-09-000", "zona": "5", "sector": "06", "manzana": "08", "lote": "09", "ph": "000", "propietari": "GOBIERNO AUTONOMO DESCENTRALIZADO  MUNICIPAL MANTA .", "documentop": "1360000980001", "direccion": "SECTOR SAN JUAN B. VALLE CLARO MZ- 8 LOTE-09", "area_m2": 186.42, "frente_uti": 10.07, "frente_tot": 10.07, "avaluo_con": 149.94, "avaluo_sue": 2038.5, "zonaurbano": "URBANA", "parroquia": "MANTA", "esta_bloqu": "NO", "es_tercera": "NO", "tiene_elec": "NO", "tiene_agua": "NO", "tiene_alca": "NO", "observacio": "POR LEGALIZAR DELGADO ALONZO MERCEDES MONSERRATE 30/12/2025 POR ARQ. LUPE LANDA", "observac_1": null, "barrio": "SAN JUAN", "parroquia_": 2, "barrio_id": 912, "proceso": 0, "fecha_regi": null, "activo_cat": "SI", "desactivad": 0, "avaluo_rem": 0.0, "avaluo_r_1": 0.0, "clasificac": "POR LEGALIZAR", "anio_deuda": 0, "deuda": 0.0, "valor_ip": 0.0, "coactiva": null, "ficharegis": 0, "etam": 0.0732409128, "diferencia": 0.0021538233, "porc_difer": 1.15536e-05, "admisible": 1, "deuda_anio": 0.0, "2024__csv_": "5-06-08-09-000", "2024__csv1": "536-30-12-2025", "Clavepre": "5-06-08-09-000", "RESOLUCION": "536-30-12-2025", "ORIG_FID": 392 }, "geometry": { "type": "Point", "coordinates": [ -80.766290590284626, -0.998885340525706 ] } },
{ "type": "Feature", "properties": { "id": 104687, "lote_id": 108905, "clavecatas": "5-06-08-13-000", "zona": "5", "sector": "06", "manzana": "08", "lote": "13", "ph": "000", "propietari": "GOBIERNO AUTONOMO DESCENTRALIZADO  MUNICIPAL MANTA .", "documentop": "1360000980001", "direccion": "SECTOR SAN JUAN B. VALLE CLARO MZ- 8 LOTE-13", "area_m2": 626.92, "frente_uti": 16.5, "frente_tot": 16.5, "avaluo_con": 1232.84, "avaluo_sue": 7236.22, "zonaurbano": "URBANA", "parroquia": "MANTA", "esta_bloqu": "NO", "es_tercera": "NO", "tiene_elec": "NO", "tiene_agua": "NO", "tiene_alca": "NO", "observacio": "POR LEGALIZAR ALONZO ALONZO ROXANA MONSERRATE 30/12/2025 ARQ. LUPE LANDA", "observac_1": null, "barrio": "SAN JUAN", "parroquia_": 2, "barrio_id": 912, "proceso": 0, "fecha_regi": null, "activo_cat": "SI", "desactivad": 0, "avaluo_rem": 0.0, "avaluo_r_1": 0.0, "clasificac": "POR LEGALIZAR", "anio_deuda": 0, "deuda": 0.0, "valor_ip": 0.0, "coactiva": null, "ficharegis": 0, "etam": 0.1597548048, "diferencia": 0.0004588951, "porc_difer": 7.32e-07, "admisible": 1, "deuda_anio": 0.0, "2024__csv_": "5-06-08-13-000", "2024__csv1": "536-30-12-2025", "Clavepre": "5-06-08-13-000", "RESOLUCION": "536-30-12-2025", "ORIG_FID": 393 }, "geometry": { "type": "Point", "coordinates": [ -80.765658087026821, -0.99815014771733 ] } },
{ "type": "Feature", "properties": { "id": 104688, "lote_id": 108919, "clavecatas": "5-06-08-14-000", "zona": "5", "sector": "06", "manzana": "08", "lote": "14", "ph": "000", "propietari": "GOBIERNO AUTONOMO DESCENTRALIZADO  MUNICIPAL MANTA .", "documentop": "1360000980001", "direccion": "SECTOR SAN JUAN B. VALLE CLARO MZ- 8 LOTE-14", "area_m2": 1107.29, "frente_uti": 26.91, "frente_tot": 26.91, "avaluo_con": 21582.4, "avaluo_sue": 0.0, "zonaurbano": "URBANA", "parroquia": "MANTA", "esta_bloqu": "NO", "es_tercera": "NO", "tiene_elec": "NO", "tiene_agua": "NO", "tiene_alca": "NO", "observacio": "POR LEGALIZAR LUCAS DELGADO ANA ISABEL 30/12/2025 ARQ. LUPE LANDA", "observac_1": null, "barrio": "SAN JUAN", "parroquia_": 2, "barrio_id": 912, "proceso": 0, "fecha_regi": null, "activo_cat": "SI", "desactivad": 0, "avaluo_rem": 0.0, "avaluo_r_1": 0.0, "clasificac": "POR LEGALIZAR", "anio_deuda": 0, "deuda": 0.0, "valor_ip": 0.0, "coactiva": null, "ficharegis": 0, "etam": 0.1502585922, "diferencia": 0.0018360389, "porc_difer": 1.6581e-06, "admisible": 1, "deuda_anio": 0.0, "2024__csv_": "5-06-08-14-000", "2024__csv1": "535-30-12-2025", "Clavepre": "5-06-08-14-000", "RESOLUCION": "535-30-12-2025", "ORIG_FID": 394 }, "geometry": { "type": "Point", "coordinates": [ -80.765488439767466, -0.99803660726767 ] } },
{ "type": "Feature", "properties": { "id": 104689, "lote_id": 108930, "clavecatas": "5-06-08-15-000", "zona": "5", "sector": "06", "manzana": "08", "lote": "15", "ph": "000", "propietari": "GOBIERNO AUTONOMO DESCENTRALIZADO  MUNICIPAL MANTA .", "documentop": "1360000980001", "direccion": "SECTOR SAN JUAN B. VALLE CLARO MZ- 8 LOTE-15", "area_m2": 1460.0, "frente_uti": 79.01, "frente_tot": 79.01, "avaluo_con": 39209.67, "avaluo_sue": 17739.0, "zonaurbano": "URBANA", "parroquia": "MANTA", "esta_bloqu": "NO", "es_tercera": "NO", "tiene_elec": "NO", "tiene_agua": "NO", "tiene_alca": "NO", "observacio": "POR LEGALIZAR ALONZO LUCAS JOSE ALCIDES 30/12/2025 ARQ. LUPE LANDA", "observac_1": null, "barrio": "SAN JUAN", "parroquia_": 2, "barrio_id": 912, "proceso": 0, "fecha_regi": null, "activo_cat": "SI", "desactivad": 0, "avaluo_rem": 0.0, "avaluo_r_1": 0.0, "clasificac": "POR LEGALIZAR", "anio_deuda": 0, "deuda": 0.0, "valor_ip": 0.0, "coactiva": null, "ficharegis": 0, "etam": 0.1308559806, "diferencia": -5.6411423931, "porc_difer": -0.0038637962, "admisible": 1, "deuda_anio": 0.0, "2024__csv_": "5-06-08-15-000", "2024__csv1": "536-30-12-2025", "Clavepre": "5-06-08-15-000", "RESOLUCION": "536-30-12-2025", "ORIG_FID": 395 }, "geometry": { "type": "Point", "coordinates": [ -80.765355295349124, -0.998440733864022 ] } },
{ "type": "Feature", "properties": { "id": 104690, "lote_id": 108831, "clavecatas": "5-06-11-01-000", "zona": "5", "sector": "06", "manzana": "11", "lote": "01", "ph": "000", "propietari": "GOBIERNO AUTONOMO DESCENTRALIZADO  MUNICIPAL MANTA .", "documentop": "1360000980001", "direccion": "SECTOR SAN JUAN B. VALLE CLARO", "area_m2": 258.77, "frente_uti": 10.84, "frente_tot": 10.84, "avaluo_con": 5527.2, "avaluo_sue": 0.0, "zonaurbano": "URBANA", "parroquia": "MANTA", "esta_bloqu": "NO", "es_tercera": "NO", "tiene_elec": "NO", "tiene_agua": "NO", "tiene_alca": "NO", "observacio": "INGRESO A LEGALIZAR RODRIGUEZ PALMATRINIDAD AUXILIADORA 30/12/2025 POR ARQ. LUPE LANDA", "observac_1": null, "barrio": "SAN JUAN", "parroquia_": 2, "barrio_id": 912, "proceso": 0, "fecha_regi": null, "activo_cat": "SI", "desactivad": 0, "avaluo_rem": 0.0, "avaluo_r_1": 0.0, "clasificac": "POR LEGALIZAR", "anio_deuda": 0, "deuda": 0.0, "valor_ip": 0.0, "coactiva": null, "ficharegis": 0, "etam": 0.1243291695, "diferencia": 0.002846273, "porc_difer": 1.09992e-05, "admisible": 1, "deuda_anio": 0.0, "2024__csv_": "5-06-11-01-000", "2024__csv1": "535-30-12-2025", "Clavepre": "5-06-11-01-000", "RESOLUCION": "535-30-12-2025", "ORIG_FID": 396 }, "geometry": { "type": "Point", "coordinates": [ -80.765687539595433, -0.999396719597614 ] } },
{ "type": "Feature", "properties": { "id": 104692, "lote_id": 109108, "clavecatas": "5-06-13-03-000", "zona": "5", "sector": "06", "manzana": "13", "lote": "03", "ph": "000", "propietari": "GOBIERNO AUTONOMO DESCENTRALIZADO  MUNICIPAL MANTA .", "documentop": "1360000980001", "direccion": "MZ 13 LOTE 03 - BARRIO VALLE CLARO DE SAN JUAN DE MANTA", "area_m2": 1327.75, "frente_uti": 64.84, "frente_tot": 61.84, "avaluo_con": 92101.78, "avaluo_sue": 15325.55, "zonaurbano": "URBANA", "parroquia": "MANTA", "esta_bloqu": "NO", "es_tercera": "NO", "tiene_elec": "SI", "tiene_agua": "NO", "tiene_alca": "NO", "observacio": "LEGALIZAR A FAVOR DE LUCAS MERO BRYAN DAYAN - LUCAS MERO JONAYKER YANDEL - LUCAS MERO JARETZY GUADALUPE (REPRESENTANTE):MERO LUCAS MIRIAN MONSERRATE DACC 05/01/26", "observac_1": null, "barrio": "SIN ESPECIFICAR", "parroquia_": 2, "barrio_id": 1165, "proceso": 0, "fecha_regi": null, "activo_cat": "SI", "desactivad": 0, "avaluo_rem": 0.0, "avaluo_r_1": 0.0, "clasificac": "POR LEGALIZAR", "anio_deuda": 0, "deuda": 0.0, "valor_ip": 0.0, "coactiva": null, "ficharegis": 0, "etam": 0.1372182415, "diferencia": 2.434098354, "porc_difer": 0.0018332505, "admisible": 1, "deuda_anio": 0.0, "2024__csv_": "5-06-13-03-000", "2024__csv1": "536-30-12-2025", "Clavepre": "5-06-13-03-000", "RESOLUCION": "536-30-12-2025", "ORIG_FID": 397 }, "geometry": { "type": "Point", "coordinates": [ -80.762655100566306, -0.999212600785719 ] } },
{ "type": "Feature", "properties": { "id": 104693, "lote_id": 109103, "clavecatas": "5-06-14-01-000", "zona": "5", "sector": "06", "manzana": "14", "lote": "01", "ph": "000", "propietari": "GOBIERNO AUTONOMO DESCENTRALIZADO  MUNICIPAL MANTA .", "documentop": "1360000980001", "direccion": "MZ 14 LOTE 01 - BARRIO VALLE CLARO DE SAN JUAN DE MANTA", "area_m2": 637.06, "frente_uti": 17.6, "frente_tot": 51.0, "avaluo_con": 31792.0, "avaluo_sue": 7314.56, "zonaurbano": "URBANA", "parroquia": "MANTA", "esta_bloqu": "NO", "es_tercera": "NO", "tiene_elec": "SI", "tiene_agua": "NO", "tiene_alca": "NO", "observacio": "LEGALIZAR A FAVOR DE LUCAS MERO ORLANDO RAUL DACC 05/01/26", "observac_1": null, "barrio": "SIN ESPECIFICAR", "parroquia_": 2, "barrio_id": 1165, "proceso": 0, "fecha_regi": null, "activo_cat": "SI", "desactivad": 0, "avaluo_rem": 0.0, "avaluo_r_1": 0.0, "clasificac": "POR LEGALIZAR", "anio_deuda": 0, "deuda": 0.0, "valor_ip": 0.0, "coactiva": null, "ficharegis": 0, "etam": 0.1584783069, "diferencia": 0.2073355119, "porc_difer": 0.0003254568, "admisible": 1, "deuda_anio": 0.0, "2024__csv_": "5-06-14-01-000", "2024__csv1": "536-30-12-2025", "Clavepre": "5-06-14-01-000", "RESOLUCION": "536-30-12-2025", "ORIG_FID": 398 }, "geometry": { "type": "Point", "coordinates": [ -80.762850116328437, -0.998557178515488 ] } },
{ "type": "Feature", "properties": { "id": 104695, "lote_id": 109090, "clavecatas": "5-06-14-03-000", "zona": "5", "sector": "06", "manzana": "14", "lote": "03", "ph": "000", "propietari": "GOBIERNO AUTONOMO DESCENTRALIZADO  MUNICIPAL MANTA .", "documentop": "1360000980001", "direccion": "MZ 14 LOTE 03 - BARRIO VALLE CLARO DE SAN JUAN DE MANTA", "area_m2": 572.74, "frente_uti": 17.8, "frente_tot": 17.8, "avaluo_con": 22155.69, "avaluo_sue": 8591.1, "zonaurbano": "URBANA", "parroquia": "MANTA", "esta_bloqu": "NO", "es_tercera": "NO", "tiene_elec": "SI", "tiene_agua": "NO", "tiene_alca": "NO", "observacio": "POR LEGALIZAR A DELGADO ALONSO CARLOS ISIDORO  DACC 05/01/25.", "observac_1": null, "barrio": "SIN ESPECIFICAR", "parroquia_": 2, "barrio_id": 1165, "proceso": 0, "fecha_regi": null, "activo_cat": "SI", "desactivad": 0, "avaluo_rem": 0.0, "avaluo_r_1": 0.0, "clasificac": "POR LEGALIZAR", "anio_deuda": 0, "deuda": 0.0, "valor_ip": 0.0, "coactiva": null, "ficharegis": 0, "etam": 0.1671403217, "diferencia": -0.7190812018, "porc_difer": -0.0012555107, "admisible": 1, "deuda_anio": 0.0, "2024__csv_": "5-06-14-03-000", "2024__csv1": "535-30-12-2025", "Clavepre": "5-06-14-03-000", "RESOLUCION": "535-30-12-2025", "ORIG_FID": 399 }, "geometry": { "type": "Point", "coordinates": [ -80.762519223011466, -0.99833654733301 ] } },
{ "type": "Feature", "properties": { "id": 104696, "lote_id": 109105, "clavecatas": "5-06-14-19-000", "zona": "5", "sector": "06", "manzana": "14", "lote": "19", "ph": "000", "propietari": "GOBIERNO AUTONOMO DESCENTRALIZADO  MUNICIPAL MANTA .", "documentop": "1360000980001", "direccion": "MZ 14 LOTE 19 - BARRIO VALLE CLARO DE SAN JUAN DE MANTA", "area_m2": 384.14, "frente_uti": 34.0, "frente_tot": 66.7, "avaluo_con": 29650.68, "avaluo_sue": 4200.57, "zonaurbano": "URBANA", "parroquia": "MANTA", "esta_bloqu": "NO", "es_tercera": "NO", "tiene_elec": "SI", "tiene_agua": "NO", "tiene_alca": "NO", "observacio": "LEGALIZAR A FAVOR DE REYES LUZARDO DARLYN ALEJANDRA DACC 05/01/26", "observac_1": null, "barrio": "SIN ESPECIFICAR", "parroquia_": 2, "barrio_id": 1165, "proceso": 0, "fecha_regi": null, "activo_cat": "SI", "desactivad": 0, "avaluo_rem": 0.0, "avaluo_r_1": 0.0, "clasificac": "POR LEGALIZAR", "anio_deuda": 0, "deuda": 0.0, "valor_ip": 0.0, "coactiva": null, "ficharegis": 0, "etam": 0.153065209, "diferencia": 0.0023855122, "porc_difer": 6.21e-06, "admisible": 1, "deuda_anio": 0.0, "2024__csv_": "5-06-14-19-000", "2024__csv1": "536-30-12-2025", "Clavepre": "5-06-14-19-000", "RESOLUCION": "536-30-12-2025", "ORIG_FID": 400 }, "geometry": { "type": "Point", "coordinates": [ -80.762430332898248, -0.999064828464379 ] } },
{ "type": "Feature", "properties": { "id": 104697, "lote_id": 109104, "clavecatas": "5-06-14-20-000", "zona": "5", "sector": "06", "manzana": "14", "lote": "20", "ph": "000", "propietari": "GOBIERNO AUTONOMO DESCENTRALIZADO  MUNICIPAL MANTA .", "documentop": "1360000980001", "direccion": "MZ 14 LOTE 20 - BARRIO VALLE CLARO DE SAN JUAN DE MANTA", "area_m2": 558.91, "frente_uti": 21.9, "frente_tot": 21.9, "avaluo_con": 18273.92, "avaluo_sue": 6790.76, "zonaurbano": "URBANA", "parroquia": "MANTA", "esta_bloqu": "NO", "es_tercera": "NO", "tiene_elec": "SI", "tiene_agua": "NO", "tiene_alca": "NO", "observacio": "LEGALIZAR A FAVOR DE MERO LUCAS JESSENIA ELIZABETH DACC 05/01/26", "observac_1": null, "barrio": "SIN ESPECIFICAR", "parroquia_": 2, "barrio_id": 1165, "proceso": 0, "fecha_regi": null, "activo_cat": "SI", "desactivad": 0, "avaluo_rem": 0.0, "avaluo_r_1": 0.0, "clasificac": "POR LEGALIZAR", "anio_deuda": 0, "deuda": 0.0, "valor_ip": 0.0, "coactiva": null, "ficharegis": 0, "etam": 0.1691955947, "diferencia": -0.0008593256, "porc_difer": -1.5375e-06, "admisible": 1, "deuda_anio": 0.0, "2024__csv_": "5-06-14-20-000", "2024__csv1": "536-30-12-2025", "Clavepre": "5-06-14-20-000", "RESOLUCION": "536-30-12-2025", "ORIG_FID": 401 }, "geometry": { "type": "Point", "coordinates": [ -80.762208209394245, -0.999097068904672 ] } },
{ "type": "Feature", "properties": { "id": 104724, "lote_id": 109133, "clavecatas": "5-07-01-27-000", "zona": "5", "sector": "07", "manzana": "01", "lote": "27", "ph": "000", "propietari": "GOBIERNO AUTONOMO DESCENTRALIZADO  MUNICIPAL MANTA .", "documentop": "1360000980001", "direccion": "SECTOR SAN JUAN - B. SAN RAMON - MZ- 01 LOTE - 18", "area_m2": 195.35, "frente_uti": 7.35, "frente_tot": 7.35, "avaluo_con": 7612.8, "avaluo_sue": 2349.77, "zonaurbano": "URBANA", "parroquia": "MANTA", "esta_bloqu": "NO", "es_tercera": "NO", "tiene_elec": "NO", "tiene_agua": "NO", "tiene_alca": "NO", "observacio": "POR LEGALIZAR ROSA ESTHER MERO MERO 06/01/2026 ARQ. LUPE LANDA*", "observac_1": null, "barrio": "SAN JUAN", "parroquia_": 2, "barrio_id": 912, "proceso": 0, "fecha_regi": null, "activo_cat": "SI", "desactivad": 0, "avaluo_rem": 0.0, "avaluo_r_1": 0.0, "clasificac": "POR LEGALIZAR", "anio_deuda": 0, "deuda": 0.0, "valor_ip": 0.0, "coactiva": null, "ficharegis": 0, "etam": 0.0715473071, "diferencia": -0.1304882513, "porc_difer": -0.0006679716, "admisible": 1, "deuda_anio": 0.0, "2024__csv_": "5-07-01-27-000", "2024__csv1": "536-30-12-2025", "Clavepre": "5-07-01-27-000", "RESOLUCION": "536-30-12-2025", "ORIG_FID": 402 }, "geometry": { "type": "Point", "coordinates": [ -80.758488334896384, -1.003570531023611 ] } },
{ "type": "Feature", "properties": { "id": 104712, "lote_id": 109117, "clavecatas": "5-07-01-15-000", "zona": "5", "sector": "07", "manzana": "01", "lote": "15", "ph": "000", "propietari": "GOBIERNO AUTONOMO DESCENTRALIZADO  MUNICIPAL MANTA .", "documentop": "1360000980001", "direccion": "SECTOR SAN JUAN - B. SAN RAMON - MZ- 1 LOTE - 02", "area_m2": 1466.31, "frente_uti": 41.76, "frente_tot": 41.76, "avaluo_con": 5287.0, "avaluo_sue": 16034.1, "zonaurbano": "URBANA", "parroquia": "MANTA", "esta_bloqu": "NO", "es_tercera": "NO", "tiene_elec": "NO", "tiene_agua": "NO", "tiene_alca": "NO", "observacio": "POR LEGALIZAR ADRIANA LIZBETH LOOR ROSADO 06/01/2026 ARQ. LUPE LANDA*", "observac_1": null, "barrio": "SAN JUAN", "parroquia_": 2, "barrio_id": 912, "proceso": 0, "fecha_regi": null, "activo_cat": "SI", "desactivad": 0, "avaluo_rem": 0.0, "avaluo_r_1": 0.0, "clasificac": "POR LEGALIZAR", "anio_deuda": 0, "deuda": 0.0, "valor_ip": 0.0, "coactiva": null, "ficharegis": 0, "etam": 0.1305741196, "diferencia": 112.880051952, "porc_difer": 0.0769823925, "admisible": 1, "deuda_anio": 0.0, "2024__csv_": "5-07-01-15-000", "2024__csv1": "536-30-12-2025", "Clavepre": "5-07-01-15-000", "RESOLUCION": "536-30-12-2025", "ORIG_FID": 403 }, "geometry": { "type": "Point", "coordinates": [ -80.757225508696607, -1.003481505013724 ] } },
{ "type": "Feature", "properties": { "id": 104713, "lote_id": 109118, "clavecatas": "5-07-01-16-000", "zona": "5", "sector": "07", "manzana": "01", "lote": "16", "ph": "000", "propietari": "GOBIERNO AUTONOMO DESCENTRALIZADO  MUNICIPAL MANTA .", "documentop": "1360000980001", "direccion": "SECTOR SAN JUAN B. SAN RAMON - MZ-1 LOTE - 3 CALLEJON", "area_m2": 1450.13, "frente_uti": 49.06, "frente_tot": 49.06, "avaluo_con": 16510.13, "avaluo_sue": 15857.17, "zonaurbano": "URBANA", "parroquia": "MANTA", "esta_bloqu": "NO", "es_tercera": "NO", "tiene_elec": "NO", "tiene_agua": "NO", "tiene_alca": "NO", "observacio": "POR LEGALIZAR EMERSON ROMMEL QUITO CONDOR 06/01/2026 ARQ. LUPE LANDA*", "observac_1": null, "barrio": "SAN JUAN", "parroquia_": 2, "barrio_id": 912, "proceso": 0, "fecha_regi": null, "activo_cat": "SI", "desactivad": 0, "avaluo_rem": 0.0, "avaluo_r_1": 0.0, "clasificac": "POR LEGALIZAR", "anio_deuda": 0, "deuda": 0.0, "valor_ip": 0.0, "coactiva": null, "ficharegis": 0, "etam": 0.1313005471, "diferencia": -0.0042698174, "porc_difer": -2.9444e-06, "admisible": 1, "deuda_anio": 0.0, "2024__csv_": "5-07-01-16-000", "2024__csv1": "536-30-12-2025", "Clavepre": "5-07-01-16-000", "RESOLUCION": "536-30-12-2025", "ORIG_FID": 404 }, "geometry": { "type": "Point", "coordinates": [ -80.757361344878774, -1.003834950868805 ] } },
{ "type": "Feature", "properties": { "id": 104714, "lote_id": 109119, "clavecatas": "5-07-01-17-000", "zona": "5", "sector": "07", "manzana": "01", "lote": "17", "ph": "000", "propietari": "GOBIERNO AUTONOMO DESCENTRALIZADO  MUNICIPAL MANTA .", "documentop": "1360000980001", "direccion": "SECTOR SAN JUAN B. SAN RAMON - MZ-1 LOTE - 4", "area_m2": 1360.97, "frente_uti": 57.03, "frente_tot": 57.03, "avaluo_con": 4586.4, "avaluo_sue": 14882.21, "zonaurbano": "URBANA", "parroquia": "MANTA", "esta_bloqu": "NO", "es_tercera": "NO", "tiene_elec": "NO", "tiene_agua": "NO", "tiene_alca": "NO", "observacio": "POR LEGALIZAR AMARILIS JANETH MERO VELIZ 06/01/2026 ARQ. LUPE LANDA*", "observac_1": null, "barrio": "SAN JUAN", "parroquia_": 2, "barrio_id": 912, "proceso": 0, "fecha_regi": null, "activo_cat": "SI", "desactivad": 0, "avaluo_rem": 0.0, "avaluo_r_1": 0.0, "clasificac": "POR LEGALIZAR", "anio_deuda": 0, "deuda": 0.0, "valor_ip": 0.0, "coactiva": null, "ficharegis": 0, "etam": 0.1355332112, "diferencia": -2.6895912088, "porc_difer": -0.0019762311, "admisible": 1, "deuda_anio": 0.0, "2024__csv_": "5-07-01-17-000", "2024__csv1": "536-30-12-2025", "Clavepre": "5-07-01-17-000", "RESOLUCION": "536-30-12-2025", "ORIG_FID": 405 }, "geometry": { "type": "Point", "coordinates": [ -80.757533891770422, -1.004052229941929 ] } },
{ "type": "Feature", "properties": { "id": 104715, "lote_id": 109120, "clavecatas": "5-07-01-18-000", "zona": "5", "sector": "07", "manzana": "01", "lote": "18", "ph": "000", "propietari": "GOBIERNO AUTONOMO DESCENTRALIZADO  MUNICIPAL MANTA .", "documentop": "1360000980001", "direccion": "SECTOR SAN JUAN B. SAN RAMON - MZ-1 LOTE - 05", "area_m2": 1470.84, "frente_uti": 31.98, "frente_tot": 31.98, "avaluo_con": 3461.34, "avaluo_sue": 16083.64, "zonaurbano": "URBANA", "parroquia": "MANTA", "esta_bloqu": "NO", "es_tercera": "NO", "tiene_elec": "NO", "tiene_agua": "NO", "tiene_alca": "NO", "observacio": "POR LEGALIZAR LENNY MARGARITA ROSADO MUÑOZ 06/01/2026 ARQ. LUPE LANDA*", "observac_1": null, "barrio": "SAN JUAN", "parroquia_": 2, "barrio_id": 912, "proceso": 0, "fecha_regi": null, "activo_cat": "SI", "desactivad": 0, "avaluo_rem": 0.0, "avaluo_r_1": 0.0, "clasificac": "POR LEGALIZAR", "anio_deuda": 0, "deuda": 0.0, "valor_ip": 0.0, "coactiva": null, "ficharegis": 0, "etam": 0.1303728887, "diferencia": -0.0002583449, "porc_difer": -1.756e-07, "admisible": 1, "deuda_anio": 0.0, "2024__csv_": "5-07-01-18-000", "2024__csv1": "536-30-12-2025", "Clavepre": "5-07-01-18-000", "RESOLUCION": "536-30-12-2025", "ORIG_FID": 406 }, "geometry": { "type": "Point", "coordinates": [ -80.757698061645684, -1.003545083127265 ] } },
{ "type": "Feature", "properties": { "id": 104716, "lote_id": 109121, "clavecatas": "5-07-01-19-000", "zona": "5", "sector": "07", "manzana": "01", "lote": "19", "ph": "000", "propietari": "GOBIERNO AUTONOMO DESCENTRALIZADO  MUNICIPAL MANTA .", "documentop": "1360000980001", "direccion": "SECTOR SAN JUAN B. SAN RAMON - MZ-1 LOTE - 6", "area_m2": 305.67, "frente_uti": 14.81, "frente_tot": 14.81, "avaluo_con": 0.0, "avaluo_sue": 4585.05, "zonaurbano": "URBANA", "parroquia": "MANTA", "esta_bloqu": "NO", "es_tercera": "NO", "tiene_elec": "NO", "tiene_agua": "NO", "tiene_alca": "NO", "observacio": "POR LEGALIZAR LIDIA NARCISA MERO LUCAS 06/01/2026 ARQ. LUPE LANDA*", "observac_1": null, "barrio": "SAN JUAN", "parroquia_": 2, "barrio_id": 912, "proceso": 0, "fecha_regi": null, "activo_cat": "SI", "desactivad": 0, "avaluo_rem": 0.0, "avaluo_r_1": 0.0, "clasificac": "POR LEGALIZAR", "anio_deuda": 0, "deuda": 0.0, "valor_ip": 0.0, "coactiva": null, "ficharegis": 0, "etam": 0.1715911347, "diferencia": -0.5501909786, "porc_difer": -0.0017999509, "admisible": 1, "deuda_anio": 0.0, "2024__csv_": "5-07-01-19-000", "2024__csv1": "535-30-12-2025", "Clavepre": "5-07-01-19-000", "RESOLUCION": "535-30-12-2025", "ORIG_FID": 407 }, "geometry": { "type": "Point", "coordinates": [ -80.757912360661166, -1.003450834137146 ] } },
{ "type": "Feature", "properties": { "id": 104717, "lote_id": 109122, "clavecatas": "5-07-01-20-000", "zona": "5", "sector": "07", "manzana": "01", "lote": "20", "ph": "000", "propietari": "GOBIERNO AUTONOMO DESCENTRALIZADO  MUNICIPAL MANTA .", "documentop": "1360000980001", "direccion": "SECTOR SAN JUAN B. SAN RAMON - MZ-1 LOTE - 8 CALLEJON", "area_m2": 1207.43, "frente_uti": 15.2, "frente_tot": 15.2, "avaluo_con": 0.0, "avaluo_sue": 18111.45, "zonaurbano": "URBANA", "parroquia": "MANTA", "esta_bloqu": "NO", "es_tercera": "NO", "tiene_elec": "NO", "tiene_agua": "NO", "tiene_alca": "NO", "observacio": "POR LEGALIZAR GILMA CRISTINA SANTANA MERO 06/01/2026 ARQ. LUPE LANDA*", "observac_1": null, "barrio": "SAN JUAN", "parroquia_": 2, "barrio_id": 912, "proceso": 0, "fecha_regi": null, "activo_cat": "SI", "desactivad": 0, "avaluo_rem": 0.0, "avaluo_r_1": 0.0, "clasificac": "POR LEGALIZAR", "anio_deuda": 0, "deuda": 0.0, "valor_ip": 0.0, "coactiva": null, "ficharegis": 0, "etam": 0.1438927866, "diferencia": -0.0554318184, "porc_difer": -4.59089e-05, "admisible": 1, "deuda_anio": 0.0, "2024__csv_": "5-07-01-20-000", "2024__csv1": "535-30-12-2025", "Clavepre": "5-07-01-20-000", "RESOLUCION": "535-30-12-2025", "ORIG_FID": 408 }, "geometry": { "type": "Point", "coordinates": [ -80.757877650347069, -1.003812099416562 ] } },
{ "type": "Feature", "properties": { "id": 104718, "lote_id": 109123, "clavecatas": "5-07-01-21-000", "zona": "5", "sector": "07", "manzana": "01", "lote": "21", "ph": "000", "propietari": "GOBIERNO AUTONOMO DESCENTRALIZADO  MUNICIPAL MANTA .", "documentop": "1360000980001", "direccion": "SECTOR SAN JUAN - B. SAN RAMON - MZ- 1 LOTE - 11 CALLEJON PUBLICO", "area_m2": 585.23, "frente_uti": 3.24, "frente_tot": 3.24, "avaluo_con": 6863.73, "avaluo_sue": 5759.54, "zonaurbano": "URBANA", "parroquia": "MANTA", "esta_bloqu": "NO", "es_tercera": "NO", "tiene_elec": "NO", "tiene_agua": "NO", "tiene_alca": "NO", "observacio": "POR LEGALIZAR DEXY TATIANA VELIZ MERO 06/01/2026 ARQ. LUPE LANDA*", "observac_1": null, "barrio": "SAN JUAN", "parroquia_": 2, "barrio_id": 912, "proceso": 0, "fecha_regi": null, "activo_cat": "SI", "desactivad": 0, "avaluo_rem": 0.0, "avaluo_r_1": 0.0, "clasificac": "POR LEGALIZAR", "anio_deuda": 0, "deuda": 0.0, "valor_ip": 0.0, "coactiva": null, "ficharegis": 0, "etam": 0.1653471452, "diferencia": 0.0542620027, "porc_difer": 9.27191e-05, "admisible": 1, "deuda_anio": 0.0, "2024__csv_": "5-07-01-21-000", "2024__csv1": "536-30-12-2025", "Clavepre": "5-07-01-21-000", "RESOLUCION": "536-30-12-2025", "ORIG_FID": 409 }, "geometry": { "type": "Point", "coordinates": [ -80.757964134412461, -1.004020851784647 ] } },
{ "type": "Feature", "properties": { "id": 104719, "lote_id": 109124, "clavecatas": "5-07-01-22-000", "zona": "5", "sector": "07", "manzana": "01", "lote": "22", "ph": "000", "propietari": "GOBIERNO AUTONOMO DESCENTRALIZADO  MUNICIPAL MANTA .", "documentop": "1360000980001", "direccion": "SECTOR SAN JUAN -  B. SAN RAMON - MZ- 1 LOTE - 12", "area_m2": 895.5, "frente_uti": 42.45, "frente_tot": 42.45, "avaluo_con": 254.75, "avaluo_sue": 10336.31, "zonaurbano": "URBANA", "parroquia": "MANTA", "esta_bloqu": "NO", "es_tercera": "NO", "tiene_elec": "NO", "tiene_agua": "NO", "tiene_alca": "NO", "observacio": "POR LEGALIZAR MARINO GEOMAR CARDENAS RAMOS 06/01/2026 ARQ. LUPE LANDA*", "observac_1": null, "barrio": "SAN JUAN", "parroquia_": 2, "barrio_id": 912, "proceso": 0, "fecha_regi": null, "activo_cat": "SI", "desactivad": 0, "avaluo_rem": 0.0, "avaluo_r_1": 0.0, "clasificac": "POR LEGALIZAR", "anio_deuda": 0, "deuda": 0.0, "valor_ip": 0.0, "coactiva": null, "ficharegis": 0, "etam": 0.1336679219, "diferencia": -0.0012712814, "porc_difer": -1.4196e-06, "admisible": 1, "deuda_anio": 0.0, "2024__csv_": "5-07-01-22-000", "2024__csv1": "536-30-12-2025", "Clavepre": "5-07-01-22-000", "RESOLUCION": "536-30-12-2025", "ORIG_FID": 410 }, "geometry": { "type": "Point", "coordinates": [ -80.758025285640585, -1.004176209611214 ] } },
{ "type": "Feature", "properties": { "id": 104720, "lote_id": 109125, "clavecatas": "5-07-01-23-000", "zona": "5", "sector": "07", "manzana": "01", "lote": "23", "ph": "000", "propietari": "GOBIERNO AUTONOMO DESCENTRALIZADO  MUNICIPAL MANTA .", "documentop": "1360000980001", "direccion": "SECTOR SAN JUAN - B. SAN RAMON - MZ- 1 LOTE - 14", "area_m2": 670.3, "frente_uti": 29.09, "frente_tot": 29.09, "avaluo_con": 31098.36, "avaluo_sue": 10054.5, "zonaurbano": "URBANA", "parroquia": "MANTA", "esta_bloqu": "NO", "es_tercera": "NO", "tiene_elec": "NO", "tiene_agua": "NO", "tiene_alca": "NO", "observacio": "POR LEGALIZAR MARGARITA ELIZABETH MERO MERO 06/01/2026 ARQ. LUPE LANDA*", "observac_1": null, "barrio": "SAN JUAN", "parroquia_": 2, "barrio_id": 912, "proceso": 0, "fecha_regi": null, "activo_cat": "SI", "desactivad": 0, "avaluo_rem": 0.0, "avaluo_r_1": 0.0, "clasificac": "POR LEGALIZAR", "anio_deuda": 0, "deuda": 0.0, "valor_ip": 0.0, "coactiva": null, "ficharegis": 0, "etam": 0.1544988964, "diferencia": -200.00034825750001, "porc_difer": -0.298374382, "admisible": 0, "deuda_anio": 0.0, "2024__csv_": "5-07-01-23-000", "2024__csv1": "535-30-12-2025", "Clavepre": "5-07-01-23-000", "RESOLUCION": "535-30-12-2025", "ORIG_FID": 411 }, "geometry": { "type": "Point", "coordinates": [ -80.758189718607483, -1.003848792994164 ] } },
{ "type": "Feature", "properties": { "id": 104722, "lote_id": 109128, "clavecatas": "5-07-01-25-000", "zona": "5", "sector": "07", "manzana": "01", "lote": "25", "ph": "000", "propietari": "GOBIERNO AUTONOMO DESCENTRALIZADO  MUNICIPAL MANTA .", "documentop": "1360000980001", "direccion": "SECTOR SAN JUAN - B. SAN RAMON - MZ-1 LOTE - 16", "area_m2": 465.62, "frente_uti": 13.89, "frente_tot": 13.89, "avaluo_con": 10584.4, "avaluo_sue": 6984.3, "zonaurbano": "URBANA", "parroquia": "MANTA", "esta_bloqu": "NO", "es_tercera": "NO", "tiene_elec": "NO", "tiene_agua": "NO", "tiene_alca": "NO", "observacio": "POR LEGALIZAR MAURO ROBERTO VELIZ MERO 06/01/2026 ARQ. LUPE LANDA*", "observac_1": null, "barrio": "SAN JUAN", "parroquia_": 2, "barrio_id": 912, "proceso": 0, "fecha_regi": null, "activo_cat": "SI", "desactivad": 0, "avaluo_rem": 0.0, "avaluo_r_1": 0.0, "clasificac": "POR LEGALIZAR", "anio_deuda": 0, "deuda": 0.0, "valor_ip": 0.0, "coactiva": null, "ficharegis": 0, "etam": 0.1390290136, "diferencia": 0.0028340585, "porc_difer": 6.0866e-06, "admisible": 1, "deuda_anio": 0.0, "2024__csv_": "5-07-01-25-000", "2024__csv1": "535-30-12-2025", "Clavepre": "5-07-01-25-000", "RESOLUCION": "535-30-12-2025", "ORIG_FID": 412 }, "geometry": { "type": "Point", "coordinates": [ -80.758266333689363, -1.00358204411665 ] } },
{ "type": "Feature", "properties": { "id": 104723, "lote_id": 109130, "clavecatas": "5-07-01-26-000", "zona": "5", "sector": "07", "manzana": "01", "lote": "26", "ph": "000", "propietari": "GOBIERNO AUTONOMO DESCENTRALIZADO  MUNICIPAL MANTA .", "documentop": "1360000980001", "direccion": "SECTOR SAN JUAN - B. SAN RAMON - MZ - 1 LOTE - 17", "area_m2": 386.13, "frente_uti": 15.0, "frente_tot": 15.0, "avaluo_con": 27091.93, "avaluo_sue": 4222.33, "zonaurbano": "URBANA", "parroquia": "MANTA", "esta_bloqu": "NO", "es_tercera": "NO", "tiene_elec": "NO", "tiene_agua": "NO", "tiene_alca": "NO", "observacio": "POR LEGALIZAR MILTA FERNANDINA MERO MERO 06/01/2026 ARQ. LUPE LANDA*", "observac_1": null, "barrio": "SAN JUAN", "parroquia_": 2, "barrio_id": 912, "proceso": 0, "fecha_regi": null, "activo_cat": "SI", "desactivad": 0, "avaluo_rem": 0.0, "avaluo_r_1": 0.0, "clasificac": "POR LEGALIZAR", "anio_deuda": 0, "deuda": 0.0, "valor_ip": 0.0, "coactiva": null, "ficharegis": 0, "etam": 0.152670273, "diferencia": -0.024416339, "porc_difer": -6.32335e-05, "admisible": 1, "deuda_anio": 0.0, "2024__csv_": "5-07-01-26-000", "2024__csv1": "536-30-12-2025", "Clavepre": "5-07-01-26-000", "RESOLUCION": "536-30-12-2025", "ORIG_FID": 413 }, "geometry": { "type": "Point", "coordinates": [ -80.758391530734997, -1.003576477774641 ] } },
{ "type": "Feature", "properties": { "id": 104753, "lote_id": 109162, "clavecatas": "5-07-03-20-000", "zona": "5", "sector": "07", "manzana": "03", "lote": "20", "ph": "000", "propietari": "GOBIERNO AUTONOMO DESCENTRALIZADO  MUNICIPAL MANTA .", "documentop": "1360000980001", "direccion": "SECTOR SAN JUAN B. SAN RAMON - MZ- 03 LOTE-02", "area_m2": 1280.0, "frente_uti": 19.06, "frente_tot": 19.06, "avaluo_con": 3717.0, "avaluo_sue": 13296.96, "zonaurbano": "URBANA", "parroquia": "MANTA", "esta_bloqu": "NO", "es_tercera": "NO", "tiene_elec": "NO", "tiene_agua": "NO", "tiene_alca": "NO", "observacio": "POR LEGALIZAR CARMEN VENERANDA ACEBO PISCO 08/01/2026 ARQ. LUPE LANDA*", "observac_1": null, "barrio": "SAN JUAN", "parroquia_": 2, "barrio_id": 912, "proceso": 0, "fecha_regi": null, "activo_cat": "SI", "desactivad": 0, "avaluo_rem": 0.0, "avaluo_r_1": 0.0, "clasificac": "POR LEGALIZAR", "anio_deuda": 0, "deuda": 0.0, "valor_ip": 0.0, "coactiva": null, "ficharegis": 0, "etam": 0.1397542486, "diferencia": 0.5599515039, "porc_difer": 0.0004374621, "admisible": 1, "deuda_anio": 0.0, "2024__csv_": "5-07-03-20-000", "2024__csv1": "536-30-12-2025", "Clavepre": "5-07-03-20-000", "RESOLUCION": "536-30-12-2025", "ORIG_FID": 414 }, "geometry": { "type": "Point", "coordinates": [ -80.758053847832599, -1.004832707767326 ] } },
{ "type": "Feature", "properties": { "id": 104884, "lote_id": 109164, "clavecatas": "5-07-21-01-000", "zona": "5", "sector": "07", "manzana": "21", "lote": "01", "ph": "000", "propietari": "GOBIERNO AUTONOMO DESCENTRALIZADO  MUNICIPAL MANTA .", "documentop": "1360000980001", "direccion": "SECTOR SAN JUAN B. SAN RAMON - MZ- 21 LOTE-01", "area_m2": 223.88, "frente_uti": 19.06, "frente_tot": 19.06, "avaluo_con": 9776.0, "avaluo_sue": 3358.2, "zonaurbano": "URBANA", "parroquia": "MANTA", "esta_bloqu": "NO", "es_tercera": "NO", "tiene_elec": "NO", "tiene_agua": "NO", "tiene_alca": "NO", "observacio": "POR LEGALIZAR FERNANDO RAMIRO GARCIA TIXI 09/01/2026 ARQ. LUPE LANDA", "observac_1": null, "barrio": "SAN JUAN", "parroquia_": 2, "barrio_id": 912, "proceso": 0, "fecha_regi": null, "activo_cat": "SI", "desactivad": 0, "avaluo_rem": 0.0, "avaluo_r_1": 0.0, "clasificac": "POR LEGALIZAR", "anio_deuda": 0, "deuda": 0.0, "valor_ip": 0.0, "coactiva": null, "ficharegis": 0, "etam": 0.1336664293, "diferencia": -0.5542398075, "porc_difer": -0.0024756111, "admisible": 1, "deuda_anio": 0.0, "2024__csv_": "5-07-21-01-000", "2024__csv1": "535-30-12-2025", "Clavepre": "5-07-21-01-000", "RESOLUCION": "535-30-12-2025", "ORIG_FID": 415 }, "geometry": { "type": "Point", "coordinates": [ -80.758679748427895, -1.005393466141698 ] } },
{ "type": "Feature", "properties": { "id": 104786, "lote_id": 91973, "clavecatas": "5-07-04-33-000", "zona": "5", "sector": "07", "manzana": "04", "lote": "33", "ph": "000", "propietari": "GOBIERNO AUTÓNOMO DESCENTRALIZADO DE MANTA .", "documentop": "1360000980001", "direccion": "B.SAN JUAN DE MANTA", "area_m2": 442.28, "frente_uti": 18.3, "frente_tot": 18.3, "avaluo_con": 23654.4, "avaluo_sue": 6634.2, "zonaurbano": "URBANA", "parroquia": "MANTA", "esta_bloqu": "NO", "es_tercera": "NO", "tiene_elec": "NO", "tiene_agua": "NO", "tiene_alca": "NO", "observacio": "LEGALIZAR ROSA DEL CARMEN VELEZ VELEZ 28/11/2017 LLCH. - Cambio de Clasificación: Memorando MTA-DFIN-MEM-160920211226, trámite TE090920211550 en base a Art. 509 del COOTAD.", "observac_1": null, "barrio": "SAN JUAN", "parroquia_": 2, "barrio_id": 912, "proceso": 0, "fecha_regi": null, "activo_cat": "SI", "desactivad": 0, "avaluo_rem": 0.0, "avaluo_r_1": 0.0, "clasificac": "PROPIEDADES MUNICIPALES", "anio_deuda": 0, "deuda": 0.0, "valor_ip": 0.0, "coactiva": null, "ficharegis": 0, "etam": 0.1426502721, "diferencia": -22.034827936700001, "porc_difer": -0.0498209911, "admisible": 1, "deuda_anio": 0.0, "2024__csv_": "5-07-04-33-000", "2024__csv1": "535-30-12-2025", "Clavepre": "5-07-04-33-000", "RESOLUCION": "535-30-12-2025", "ORIG_FID": 416 }, "geometry": { "type": "Point", "coordinates": [ -80.760363289882662, -0.995153822823039 ] } },
{ "type": "Feature", "properties": { "id": 104885, "lote_id": 109165, "clavecatas": "5-07-21-02-000", "zona": "5", "sector": "07", "manzana": "21", "lote": "02", "ph": "000", "propietari": "G.A.D.MCPAL.DEL CANTON MANTA .", "documentop": "1360000980001", "direccion": "SECTOR SAN JUAN B. SAN RAMON - MZ- 21 LOTE- 2", "area_m2": 74.37, "frente_uti": 10.2, "frente_tot": 10.2, "avaluo_con": 7896.0, "avaluo_sue": 0.0, "zonaurbano": "URBANA", "parroquia": "MANTA", "esta_bloqu": "NO", "es_tercera": "NO", "tiene_elec": "NO", "tiene_agua": "NO", "tiene_alca": "NO", "observacio": "POR LEGALIZAR LUIS JOUSE VELEZ MERO 09/01/2026 ARQ. LUPE LANDA*", "observac_1": null, "barrio": "SAN JUAN", "parroquia_": 2, "barrio_id": 912, "proceso": 0, "fecha_regi": null, "activo_cat": "SI", "desactivad": 0, "avaluo_rem": 0.0, "avaluo_r_1": 0.0, "clasificac": "POR LEGALIZAR", "anio_deuda": 0, "deuda": 0.0, "valor_ip": 0.0, "coactiva": null, "ficharegis": 0, "etam": 0.1, "diferencia": -0.6217693521, "porc_difer": -0.0083604861, "admisible": 1, "deuda_anio": 0.0, "2024__csv_": "5-07-21-02-000", "2024__csv1": "535-30-12-2025", "Clavepre": "5-07-21-02-000", "RESOLUCION": "535-30-12-2025", "ORIG_FID": 417 }, "geometry": { "type": "Point", "coordinates": [ -80.758701484736477, -1.005579998729703 ] } },
{ "type": "Feature", "properties": { "id": 104807, "lote_id": 108297, "clavecatas": "5-07-04-54-000", "zona": "5", "sector": "07", "manzana": "04", "lote": "54", "ph": "000", "propietari": "CASANOVA MENDOZA CARMEN LILIANA", "documentop": "1310008212", "direccion": "SITIO SAN JUAN", "area_m2": 826.5, "frente_uti": 18.68, "frente_tot": 18.68, "avaluo_con": 0.0, "avaluo_sue": 9539.88, "zonaurbano": "URBANA", "parroquia": "MANTA", "esta_bloqu": "NO", "es_tercera": "NO", "tiene_elec": "SI", "tiene_agua": "SI", "tiene_alca": "SI", "observacio": "SE CREA CLAVE POR TRÁMITE DE SUBDIVISIÓN DEL TRÁMITE DE SUBDIVISIÓN SU-REG456958 DE LA CLAVE 5070416000 A FAVOR DE 1310008212 - CASANOVA MENDOZA CARMEN LILIANA NP 10/12/25 -SE ACTUALIZA INFORMACION CON ESCRITURA DE CVTA.INSCRITA EN EL REG.DE LA PROPI", "observac_1": null, "barrio": "SAN JUAN", "parroquia_": 2, "barrio_id": 912, "proceso": 0, "fecha_regi": null, "activo_cat": "SI", "desactivad": 0, "avaluo_rem": 0.0, "avaluo_r_1": 0.0, "clasificac": "GENERAL", "anio_deuda": 2026, "deuda": 2.37, "valor_ip": 0.0, "coactiva": null, "ficharegis": 90787, "etam": 0.1391356952, "diferencia": -44.832655911300002, "porc_difer": -0.0542439878, "admisible": 1, "deuda_anio": 0.0, "2024__csv_": "5-07-04-54-000", "2024__csv1": "536-30-12-2025", "Clavepre": "5-07-04-54-000", "RESOLUCION": "536-30-12-2025", "ORIG_FID": 418 }, "geometry": { "type": "Point", "coordinates": [ -80.758822640167338, -0.994990368972902 ] } },
{ "type": "Feature", "properties": { "id": 104901, "lote_id": 109136, "clavecatas": "5-07-22-03-000", "zona": "5", "sector": "07", "manzana": "22", "lote": "03", "ph": "000", "propietari": "GOBIERNO AUTONOMO DESCENTRALIZADO  MUNICIPAL MANTA .", "documentop": "1360000980001", "direccion": "SECTOR SAN JUAN - B. SAN RAMON - MZ - 22 LOTE - 3", "area_m2": 544.76, "frente_uti": 53.5, "frente_tot": 53.5, "avaluo_con": 5888.0, "avaluo_sue": 8171.4, "zonaurbano": "URBANA", "parroquia": "MANTA", "esta_bloqu": "NO", "es_tercera": "NO", "tiene_elec": "NO", "tiene_agua": "NO", "tiene_alca": "NO", "observacio": "POR LEGALIZAR JESUS MARINA SANTANA MERA 06/01/2026 ARQ. LUPE LANDA*", "observac_1": null, "barrio": "SAN JUAN", "parroquia_": 2, "barrio_id": 912, "proceso": 0, "fecha_regi": null, "activo_cat": "SI", "desactivad": 0, "avaluo_rem": 0.0, "avaluo_r_1": 0.0, "clasificac": "POR LEGALIZAR", "anio_deuda": 0, "deuda": 0.0, "valor_ip": 0.0, "coactiva": null, "ficharegis": 0, "etam": 0.1713789137, "diferencia": 38.258996328000002, "porc_difer": 0.0702309206, "admisible": 1, "deuda_anio": 0.0, "2024__csv_": "5-07-22-03-000", "2024__csv1": "535-30-12-2025", "Clavepre": "5-07-22-03-000", "RESOLUCION": "535-30-12-2025", "ORIG_FID": 419 }, "geometry": { "type": "Point", "coordinates": [ -80.758846036257935, -1.004033168694718 ] } },
{ "type": "Feature", "properties": { "id": 104898, "lote_id": 109171, "clavecatas": "5-07-21-17-000", "zona": "5", "sector": "07", "manzana": "21", "lote": "17", "ph": "000", "propietari": "GOBIERNO AUTONOMO DESCENTRALIZADO  MUNICIPAL MANTA .", "documentop": "1360000980001", "direccion": "SECTOR SAN JUAN B. SAN RAMON - MZ- 21 - LOTE - 17", "area_m2": 259.47, "frente_uti": 8.37, "frente_tot": 8.37, "avaluo_con": 3116.64, "avaluo_sue": 0.0, "zonaurbano": "URBANA", "parroquia": "MANTA", "esta_bloqu": "NO", "es_tercera": "NO", "tiene_elec": "NO", "tiene_agua": "NO", "tiene_alca": "NO", "observacio": "POR LEGALIZAR MARIO ENRIQUE LARA ANCHUNDIA 9/01/2026 ARQ. LUPE LANDA", "observac_1": null, "barrio": "SAN JUAN", "parroquia_": 2, "barrio_id": 912, "proceso": 0, "fecha_regi": null, "activo_cat": "SI", "desactivad": 0, "avaluo_rem": 0.0, "avaluo_r_1": 0.0, "clasificac": "POR LEGALIZAR", "anio_deuda": 0, "deuda": 0.0, "valor_ip": 0.0, "coactiva": null, "ficharegis": 0, "etam": 0.1241613482, "diferencia": 0.0049870617, "porc_difer": 1.92202e-05, "admisible": 1, "deuda_anio": 0.0, "2024__csv_": "5-07-21-17-000", "2024__csv1": "535-30-12-2025", "Clavepre": "5-07-21-17-000", "RESOLUCION": "535-30-12-2025", "ORIG_FID": 420 }, "geometry": { "type": "Point", "coordinates": [ -80.758375870280858, -1.007556471017749 ] } },
{ "type": "Feature", "properties": { "id": 104874, "lote_id": 109185, "clavecatas": "5-07-08-17-000", "zona": "5", "sector": "07", "manzana": "08", "lote": "17", "ph": "000", "propietari": "G.A.D.MCPAL.DEL CANTON MANTA .", "documentop": "1360000980001", "direccion": "SECTOR SAN JUAN - B. SAN RAMON - MZ - 8 LOTE - 4", "area_m2": 506.89, "frente_uti": 13.58, "frente_tot": 13.58, "avaluo_con": 9676.8, "avaluo_sue": 7603.35, "zonaurbano": "URBANA", "parroquia": "MANTA", "esta_bloqu": "NO", "es_tercera": "NO", "tiene_elec": "NO", "tiene_agua": "NO", "tiene_alca": "NO", "observacio": "POR LEGALIZAR RAMON ROBINSON RODRIGUEZ ZAMBRANO 9/01/2026 ARQ. LUPE LANDA*", "observac_1": null, "barrio": "SAN JUAN", "parroquia_": 2, "barrio_id": 912, "proceso": 0, "fecha_regi": null, "activo_cat": "SI", "desactivad": 0, "avaluo_rem": 0.0, "avaluo_r_1": 0.0, "clasificac": "POR LEGALIZAR", "anio_deuda": 0, "deuda": 0.0, "valor_ip": 0.0, "coactiva": null, "ficharegis": 0, "etam": 0.1776655111, "diferencia": -0.0038546058, "porc_difer": -7.6044e-06, "admisible": 1, "deuda_anio": 0.0, "2024__csv_": "5-07-08-17-000", "2024__csv1": "535-30-12-2025", "Clavepre": "5-07-08-17-000", "RESOLUCION": "535-30-12-2025", "ORIG_FID": 421 }, "geometry": { "type": "Point", "coordinates": [ -80.757959302124974, -1.007162965974073 ] } },
{ "type": "Feature", "properties": { "id": 104876, "lote_id": 109177, "clavecatas": "5-07-11-01-000", "zona": "5", "sector": "07", "manzana": "11", "lote": "01", "ph": "000", "propietari": "GOBIERNO AUTONOMO DESCENTRALIZADO  MUNICIPAL MANTA .", "documentop": "1360000980001", "direccion": "SECTOR SAN JUAN - B. SAN RAMON - MZ- 11 LOTE - 1", "area_m2": 541.91, "frente_uti": 21.26, "frente_tot": 21.26, "avaluo_con": 7709.33, "avaluo_sue": 6584.21, "zonaurbano": "URBANA", "parroquia": "MANTA", "esta_bloqu": "NO", "es_tercera": "NO", "tiene_elec": "NO", "tiene_agua": "NO", "tiene_alca": "NO", "observacio": "POR LEGALIZAR MARIA COLOMBIA DELGADO MERO 9/01/2026 ARQ. LUPE LANDA*", "observac_1": null, "barrio": "SAN JUAN", "parroquia_": 2, "barrio_id": 912, "proceso": 0, "fecha_regi": null, "activo_cat": "SI", "desactivad": 0, "avaluo_rem": 0.0, "avaluo_r_1": 0.0, "clasificac": "POR LEGALIZAR", "anio_deuda": 0, "deuda": 0.0, "valor_ip": 0.0, "coactiva": null, "ficharegis": 0, "etam": 0.1718289787, "diferencia": -0.1205099125, "porc_difer": -0.0002223799, "admisible": 1, "deuda_anio": 0.0, "2024__csv_": "5-07-11-01-000", "2024__csv1": "536-30-12-2025", "Clavepre": "5-07-11-01-000", "RESOLUCION": "536-30-12-2025", "ORIG_FID": 422 }, "geometry": { "type": "Point", "coordinates": [ -80.757823081673209, -1.008031431061448 ] } },
{ "type": "Feature", "properties": { "id": 104877, "lote_id": 109178, "clavecatas": "5-07-11-02-000", "zona": "5", "sector": "07", "manzana": "11", "lote": "02", "ph": "000", "propietari": "GOBIERNO AUTONOMO DESCENTRALIZADO  MUNICIPAL MANTA .", "documentop": "1360000980001", "direccion": "SECTOR SAN JUAN - B. SAN RAMON - MZ - 11 LOTE - 2", "area_m2": 905.91, "frente_uti": 19.7, "frente_tot": 19.7, "avaluo_con": 22012.3, "avaluo_sue": 11618.3, "zonaurbano": "URBANA", "parroquia": "MANTA", "esta_bloqu": "NO", "es_tercera": "NO", "tiene_elec": "NO", "tiene_agua": "NO", "tiene_alca": "NO", "observacio": "POR LEGALIZAR MANUEL ANGEL VELEZ CHAVEZ 9/01/2026 ARQ. LUPE LANDA*", "observac_1": null, "barrio": "SAN JUAN", "parroquia_": 2, "barrio_id": 912, "proceso": 0, "fecha_regi": null, "activo_cat": "SI", "desactivad": 0, "avaluo_rem": 0.0, "avaluo_r_1": 0.0, "clasificac": "POR LEGALIZAR", "anio_deuda": 0, "deuda": 0.0, "valor_ip": 0.0, "coactiva": null, "ficharegis": 0, "etam": 0.1328976999, "diferencia": -0.0043264723, "porc_difer": -4.7758e-06, "admisible": 1, "deuda_anio": 0.0, "2024__csv_": "5-07-11-02-000", "2024__csv1": "536-30-12-2025", "Clavepre": "5-07-11-02-000", "RESOLUCION": "536-30-12-2025", "ORIG_FID": 423 }, "geometry": { "type": "Point", "coordinates": [ -80.757803356818243, -1.00783784624552 ] } },
{ "type": "Feature", "properties": { "id": 104878, "lote_id": 109179, "clavecatas": "5-07-11-03-000", "zona": "5", "sector": "07", "manzana": "11", "lote": "03", "ph": "000", "propietari": "GOBIERNO AUTONOMO DESCENTRALIZADO  MUNICIPAL MANTA .", "documentop": "1360000980001", "direccion": "SECTOR SAN JUAN - B. SAN RAMON - MZ - 11 LOTE - 3", "area_m2": 281.15, "frente_uti": 17.54, "frente_tot": 17.54, "avaluo_con": 19619.6, "avaluo_sue": 3605.75, "zonaurbano": "URBANA", "parroquia": "MANTA", "esta_bloqu": "NO", "es_tercera": "NO", "tiene_elec": "NO", "tiene_agua": "NO", "tiene_alca": "NO", "observacio": "POR LEGALIZAR JHONNY JAVIER VELEZ VELEZ 9/01/2026 ARQ. LUPE LANDA*", "observac_1": null, "barrio": "SAN JUAN", "parroquia_": 2, "barrio_id": 912, "proceso": 0, "fecha_regi": null, "activo_cat": "SI", "desactivad": 0, "avaluo_rem": 0.0, "avaluo_r_1": 0.0, "clasificac": "POR LEGALIZAR", "anio_deuda": 0, "deuda": 0.0, "valor_ip": 0.0, "coactiva": null, "ficharegis": 0, "etam": 0.1192781657, "diferencia": -0.0004526176, "porc_difer": -1.6099e-06, "admisible": 1, "deuda_anio": 0.0, "2024__csv_": "5-07-11-03-000", "2024__csv1": "536-30-12-2025", "Clavepre": "5-07-11-03-000", "RESOLUCION": "536-30-12-2025", "ORIG_FID": 424 }, "geometry": { "type": "Point", "coordinates": [ -80.757974514648041, -1.007639504708201 ] } },
{ "type": "Feature", "properties": { "id": 104879, "lote_id": 109184, "clavecatas": "5-07-11-04-000", "zona": "5", "sector": "07", "manzana": "11", "lote": "04", "ph": "000", "propietari": "GOBIERNO AUTONOMO DESCENTRALIZADO  MUNICIPAL MANTA .", "documentop": "1360000980001", "direccion": "SECTOR SAN JUAN - B. SAN RAMON - MZ - 11 LOTE - 4", "area_m2": 366.25, "frente_uti": 19.72, "frente_tot": 19.72, "avaluo_con": 18139.76, "avaluo_sue": 4004.94, "zonaurbano": "URBANA", "parroquia": "MANTA", "esta_bloqu": "NO", "es_tercera": "NO", "tiene_elec": "NO", "tiene_agua": "NO", "tiene_alca": "NO", "observacio": "POR LEGALIZAR CARLOS WILFRIDO VELEZ VELEZ 9/01/2026 ARQ. LUPE LANDA*", "observac_1": null, "barrio": "SAN JUAN", "parroquia_": 2, "barrio_id": 912, "proceso": 0, "fecha_regi": null, "activo_cat": "SI", "desactivad": 0, "avaluo_rem": 0.0, "avaluo_r_1": 0.0, "clasificac": "POR LEGALIZAR", "anio_deuda": 0, "deuda": 0.0, "valor_ip": 0.0, "coactiva": null, "ficharegis": 0, "etam": 0.1567589833, "diferencia": -0.0043665927, "porc_difer": -1.19224e-05, "admisible": 1, "deuda_anio": 0.0, "2024__csv_": "5-07-11-04-000", "2024__csv1": "536-30-12-2025", "Clavepre": "5-07-11-04-000", "RESOLUCION": "536-30-12-2025", "ORIG_FID": 425 }, "geometry": { "type": "Point", "coordinates": [ -80.757802126535907, -1.007661278336786 ] } },
{ "type": "Feature", "properties": { "id": 104899, "lote_id": 109172, "clavecatas": "5-07-21-18-000", "zona": "5", "sector": "07", "manzana": "21", "lote": "18", "ph": "000", "propietari": "GOBIERNO AUTONOMO DESCENTRALIZADO  MUNICIPAL MANTA .", "documentop": "1360000980001", "direccion": "SECTOR SAN JUAN B. SAN RAMON - MZ- 21 - LOTE - 18", "area_m2": 887.26, "frente_uti": 21.83, "frente_tot": 21.83, "avaluo_con": 15563.33, "avaluo_sue": 0.0, "zonaurbano": "URBANA", "parroquia": "MANTA", "esta_bloqu": "NO", "es_tercera": "NO", "tiene_elec": "NO", "tiene_agua": "NO", "tiene_alca": "NO", "observacio": "POR LEGALIZAR INGRID MARICELA ESPINALES MACIAS 9/01/2026 ARQ. LUPE LANDA*", "observac_1": null, "barrio": "SAN JUAN", "parroquia_": 2, "barrio_id": 912, "proceso": 0, "fecha_regi": null, "activo_cat": "SI", "desactivad": 0, "avaluo_rem": 0.0, "avaluo_r_1": 0.0, "clasificac": "POR LEGALIZAR", "anio_deuda": 0, "deuda": 0.0, "valor_ip": 0.0, "coactiva": null, "ficharegis": 0, "etam": 0.1342871757, "diferencia": -0.001926888, "porc_difer": -2.1717e-06, "admisible": 1, "deuda_anio": 0.0, "2024__csv_": "5-07-21-18-000", "2024__csv1": "535-30-12-2025", "Clavepre": "5-07-21-18-000", "RESOLUCION": "535-30-12-2025", "ORIG_FID": 426 }, "geometry": { "type": "Point", "coordinates": [ -80.758399021184104, -1.007667586637798 ] } },
{ "type": "Feature", "properties": { "id": 104880, "lote_id": 109174, "clavecatas": "5-07-12-01-000", "zona": "5", "sector": "07", "manzana": "12", "lote": "01", "ph": "000", "propietari": "GOBIERNO AUTONOMO DESCENTRALIZADO  MUNICIPAL MANTA .", "documentop": "1360000980001", "direccion": "SECTOR SAN JUAN B. SAN RAMON - MZ - 12 - LOTE - 1", "area_m2": 565.45, "frente_uti": 21.5, "frente_tot": 21.5, "avaluo_con": 28354.67, "avaluo_sue": 6870.22, "zonaurbano": "URBANA", "parroquia": "MANTA", "esta_bloqu": "NO", "es_tercera": "NO", "tiene_elec": "NO", "tiene_agua": "NO", "tiene_alca": "NO", "observacio": "POR LEGALIZAR YESSICA VERONICA LUCAS MERO 9/01/2026 ARQ. LUPE LANDA*", "observac_1": null, "barrio": "SAN JUAN", "parroquia_": 2, "barrio_id": 912, "proceso": 0, "fecha_regi": null, "activo_cat": "SI", "desactivad": 0, "avaluo_rem": 0.0, "avaluo_r_1": 0.0, "clasificac": "POR LEGALIZAR", "anio_deuda": 0, "deuda": 0.0, "valor_ip": 0.0, "coactiva": null, "ficharegis": 0, "etam": 0.1682142901, "diferencia": 108.05283825559999, "porc_difer": 0.1910917645, "admisible": 0, "deuda_anio": 0.0, "2024__csv_": "5-07-12-01-000", "2024__csv1": "536-30-12-2025", "Clavepre": "5-07-12-01-000", "RESOLUCION": "536-30-12-2025", "ORIG_FID": 427 }, "geometry": { "type": "Point", "coordinates": [ -80.757789551301627, -1.008333122902009 ] } },
{ "type": "Feature", "properties": { "id": 104881, "lote_id": 109175, "clavecatas": "5-07-12-02-000", "zona": "5", "sector": "07", "manzana": "12", "lote": "02", "ph": "000", "propietari": "GOBIERNO AUTONOMO DESCENTRALIZADO  MUNICIPAL MANTA .", "documentop": "1360000980001", "direccion": "SECTOR SAN JUAN B. SAN RAMON - MZ - 12 - LOTE - 2", "area_m2": 1107.5, "frente_uti": 14.31, "frente_tot": 14.31, "avaluo_con": 14720.0, "avaluo_sue": 12110.51, "zonaurbano": "URBANA", "parroquia": "MANTA", "esta_bloqu": "NO", "es_tercera": "NO", "tiene_elec": "NO", "tiene_agua": "NO", "tiene_alca": "NO", "observacio": "POR LEGALIZAR MERCEDES JESSENIA VELEZ VELIZ 9/01/2026 ARQ. LUPE LANDA*", "observac_1": null, "barrio": "SAN JUAN", "parroquia_": 2, "barrio_id": 912, "proceso": 0, "fecha_regi": null, "activo_cat": "SI", "desactivad": 0, "avaluo_rem": 0.0, "avaluo_r_1": 0.0, "clasificac": "POR LEGALIZAR", "anio_deuda": 0, "deuda": 0.0, "valor_ip": 0.0, "coactiva": null, "ficharegis": 0, "etam": 0.1502443458, "diferencia": -0.000817896, "porc_difer": -7.385e-07, "admisible": 1, "deuda_anio": 0.0, "2024__csv_": "5-07-12-02-000", "2024__csv1": "536-30-12-2025", "Clavepre": "5-07-12-02-000", "RESOLUCION": "536-30-12-2025", "ORIG_FID": 428 }, "geometry": { "type": "Point", "coordinates": [ -80.757658287318492, -1.008473750998103 ] } },
{ "type": "Feature", "properties": { "id": 104882, "lote_id": 109176, "clavecatas": "5-07-12-03-000", "zona": "5", "sector": "07", "manzana": "12", "lote": "03", "ph": "000", "propietari": "GOBIERNO AUTONOMO DESCENTRALIZADO  MUNICIPAL MANTA .", "documentop": "1360000980001", "direccion": "SECTOR SAN JUAN B. SAN RAMON - MZ - 12 - LOTE - 3", "area_m2": 565.45, "frente_uti": 21.5, "frente_tot": 21.5, "avaluo_con": 9216.0, "avaluo_sue": 6870.22, "zonaurbano": "URBANA", "parroquia": "MANTA", "esta_bloqu": "NO", "es_tercera": "NO", "tiene_elec": "NO", "tiene_agua": "NO", "tiene_alca": "NO", "observacio": "POR LEGALIZAR KATHERINE ELIZABETH MERO VELIZ 9/01/2026 ARQ. LUPE LANDA*", "observac_1": null, "barrio": "SAN JUAN", "parroquia_": 2, "barrio_id": 912, "proceso": 0, "fecha_regi": null, "activo_cat": "SI", "desactivad": 0, "avaluo_rem": 0.0, "avaluo_r_1": 0.0, "clasificac": "POR LEGALIZAR", "anio_deuda": 0, "deuda": 0.0, "valor_ip": 0.0, "coactiva": null, "ficharegis": 0, "etam": 0.1682142901, "diferencia": -0.0042115385, "porc_difer": -7.4481e-06, "admisible": 1, "deuda_anio": 0.0, "2024__csv_": "5-07-12-03-000", "2024__csv1": "536-30-12-2025", "Clavepre": "5-07-12-03-000", "RESOLUCION": "536-30-12-2025", "ORIG_FID": 429 }, "geometry": { "type": "Point", "coordinates": [ -80.757363565937368, -1.008526602695319 ] } },
{ "type": "Feature", "properties": { "id": 104883, "lote_id": 109197, "clavecatas": "5-07-20-05-000", "zona": "5", "sector": "07", "manzana": "20", "lote": "05", "ph": "000", "propietari": "GOBIERNO AUTONOMO DESCENTRALIZADO  MUNICIPAL MANTA .", "documentop": "1360000980001", "direccion": "SECTOR SAN JUAN B. SAN RAMON MZ- 20 LOTE - 5", "area_m2": 970.95, "frente_uti": 30.59, "frente_tot": 30.59, "avaluo_con": 7392.0, "avaluo_sue": 12386.89, "zonaurbano": "URBANA", "parroquia": "MANTA", "esta_bloqu": "NO", "es_tercera": "NO", "tiene_elec": "NO", "tiene_agua": "NO", "tiene_alca": "NO", "observacio": "POR LEGALIZAR JESUS RODOLFO BONILLA GUERRA 12/01/2026 ARQ. LUPE LANDA", "observac_1": null, "barrio": "SAN JUAN", "parroquia_": 2, "barrio_id": 912, "proceso": 0, "fecha_regi": null, "activo_cat": "SI", "desactivad": 0, "avaluo_rem": 0.0, "avaluo_r_1": 0.0, "clasificac": "POR LEGALIZAR", "anio_deuda": 0, "deuda": 0.0, "valor_ip": 0.0, "coactiva": null, "ficharegis": 0, "etam": 0.1283694139, "diferencia": -0.0012958756, "porc_difer": -1.3346e-06, "admisible": 1, "deuda_anio": 0.0, "2024__csv_": "5-07-20-05-000", "2024__csv1": "536-30-12-2025", "Clavepre": "5-07-20-05-000", "RESOLUCION": "536-30-12-2025", "ORIG_FID": 430 }, "geometry": { "type": "Point", "coordinates": [ -80.758392227519934, -1.009087590931868 ] } },
{ "type": "Feature", "properties": { "id": 104886, "lote_id": 109166, "clavecatas": "5-07-21-03-000", "zona": "5", "sector": "07", "manzana": "21", "lote": "03", "ph": "000", "propietari": "GOBIERNO AUTONOMO DESCENTRALIZADO  MUNICIPAL MANTA .", "documentop": "1360000980001", "direccion": "SECTOR SAN JUAN B. SAN RAMON - MZ- 21 LOTE- 3", "area_m2": 400.46, "frente_uti": 26.91, "frente_tot": 26.91, "avaluo_con": 15004.89, "avaluo_sue": 0.0, "zonaurbano": "URBANA", "parroquia": "MANTA", "esta_bloqu": "NO", "es_tercera": "NO", "tiene_elec": "NO", "tiene_agua": "NO", "tiene_alca": "NO", "observacio": "POR LEGALIZAR GLADYS DINA MERO VELEZ 9/01/2026 ARQ, LUPE LANDA*", "observac_1": null, "barrio": "SAN JUAN", "parroquia_": 2, "barrio_id": 912, "proceso": 0, "fecha_regi": null, "activo_cat": "SI", "desactivad": 0, "avaluo_rem": 0.0, "avaluo_r_1": 0.0, "clasificac": "POR LEGALIZAR", "anio_deuda": 0, "deuda": 0.0, "valor_ip": 0.0, "coactiva": null, "ficharegis": 0, "etam": 0.1499138243, "diferencia": 0.0033787764, "porc_difer": 8.4372e-06, "admisible": 1, "deuda_anio": 0.0, "2024__csv_": "5-07-21-03-000", "2024__csv1": "535-30-12-2025", "Clavepre": "5-07-21-03-000", "RESOLUCION": "535-30-12-2025", "ORIG_FID": 431 }, "geometry": { "type": "Point", "coordinates": [ -80.758738285071431, -1.005756379660117 ] } },
{ "type": "Feature", "properties": { "id": 104887, "lote_id": 109191, "clavecatas": "5-07-21-04-000", "zona": "5", "sector": "07", "manzana": "21", "lote": "04", "ph": "000", "propietari": "GOBIERNO AUTONOMO DESCENTRALIZADO  MUNICIPAL MANTA .", "documentop": "1360000980001", "direccion": "SECTOR SAN JUAN B. SAN RAMON MZ- 21 LOTE - 8", "area_m2": 519.15, "frente_uti": 20.42, "frente_tot": 20.42, "avaluo_con": 15120.0, "avaluo_sue": 0.0, "zonaurbano": "URBANA", "parroquia": "MANTA", "esta_bloqu": "NO", "es_tercera": "NO", "tiene_elec": "NO", "tiene_agua": "NO", "tiene_alca": "NO", "observacio": "POR LEGALIZAR MAYRA MONSERRATE DELGADO MERO 12/01/2026 ARQ. LUPE LANDA*", "observac_1": null, "barrio": "SAN JUAN", "parroquia_": 2, "barrio_id": 912, "proceso": 0, "fecha_regi": null, "activo_cat": "SI", "desactivad": 0, "avaluo_rem": 0.0, "avaluo_r_1": 0.0, "clasificac": "POR LEGALIZAR", "anio_deuda": 0, "deuda": 0.0, "valor_ip": 0.0, "coactiva": null, "ficharegis": 0, "etam": 0.1755551451, "diferencia": 0.0005905181, "porc_difer": 1.1375e-06, "admisible": 1, "deuda_anio": 0.0, "2024__csv_": "5-07-21-04-000", "2024__csv1": "535-30-12-2025", "Clavepre": "5-07-21-04-000", "RESOLUCION": "535-30-12-2025", "ORIG_FID": 432 }, "geometry": { "type": "Point", "coordinates": [ -80.758780287128786, -1.005968856505525 ] } },
{ "type": "Feature", "properties": { "id": 104888, "lote_id": 109192, "clavecatas": "5-07-21-05-000", "zona": "5", "sector": "07", "manzana": "21", "lote": "05", "ph": "000", "propietari": "GOBIERNO AUTONOMO DESCENTRALIZADO  MUNICIPAL MANTA .", "documentop": "1360000980001", "direccion": "SECTOR SAN JUAN B. SAN RAMON MZ- 21 LOTE - 5", "area_m2": 136.0, "frente_uti": 16.0, "frente_tot": 16.0, "avaluo_con": 5760.0, "avaluo_sue": 2040.0, "zonaurbano": "URBANA", "parroquia": "MANTA", "esta_bloqu": "NO", "es_tercera": "NO", "tiene_elec": "NO", "tiene_agua": "NO", "tiene_alca": "NO", "observacio": "POR LEGALIZAR DARWIN ARISTIDES BASURTO NAVARRETE 12/01/2026 ARQ. LUPE LANDA*", "observac_1": null, "barrio": "SAN JUAN", "parroquia_": 2, "barrio_id": 912, "proceso": 0, "fecha_regi": null, "activo_cat": "SI", "desactivad": 0, "avaluo_rem": 0.0, "avaluo_r_1": 0.0, "clasificac": "POR LEGALIZAR", "anio_deuda": 0, "deuda": 0.0, "valor_ip": 0.0, "coactiva": null, "ficharegis": 0, "etam": 0.0857492926, "diferencia": -2.0000000000000001e-10, "porc_difer": 0.0, "admisible": 1, "deuda_anio": 0.0, "2024__csv_": "5-07-21-05-000", "2024__csv1": "535-30-12-2025", "Clavepre": "5-07-21-05-000", "RESOLUCION": "535-30-12-2025", "ORIG_FID": 433 }, "geometry": { "type": "Point", "coordinates": [ -80.7589806772217, -1.006007516422346 ] } },
{ "type": "Feature", "properties": { "id": 104890, "lote_id": 109186, "clavecatas": "5-07-21-07-000", "zona": "5", "sector": "07", "manzana": "21", "lote": "07", "ph": "000", "propietari": "GOBIERNO AUTONOMO DESCENTRALIZADO  MUNICIPAL MANTA .", "documentop": "1360000980001", "direccion": "SECTOR SAN JUAN - B. SAN RAMON - MZ - 21 LOTE - 7", "area_m2": 228.25, "frente_uti": 12.1, "frente_tot": 12.1, "avaluo_con": 10976.0, "avaluo_sue": 3423.75, "zonaurbano": "URBANA", "parroquia": "TARQUI", "esta_bloqu": "NO", "es_tercera": "NO", "tiene_elec": "NO", "tiene_agua": "NO", "tiene_alca": "NO", "observacio": "POR LEGALIZAR JOSE INOCENCIO VELEZ MERO 9/01/2026 ARQ. LUPE LANDA*", "observac_1": null, "barrio": "SAN JUAN", "parroquia_": 3, "barrio_id": 912, "proceso": 0, "fecha_regi": null, "activo_cat": "SI", "desactivad": 0, "avaluo_rem": 0.0, "avaluo_r_1": 0.0, "clasificac": "POR LEGALIZAR", "anio_deuda": 0, "deuda": 0.0, "valor_ip": 0.0, "coactiva": null, "ficharegis": 0, "etam": 0.1323806785, "diferencia": -71.460158865099999, "porc_difer": -0.3130784616, "admisible": 0, "deuda_anio": 0.0, "2024__csv_": "5-07-21-07-000", "2024__csv1": "535-30-12-2025", "Clavepre": "5-07-21-07-000", "RESOLUCION": "535-30-12-2025", "ORIG_FID": 434 }, "geometry": { "type": "Point", "coordinates": [ -80.758914622876475, -1.006171953670885 ] } },
{ "type": "Feature", "properties": { "id": 104891, "lote_id": 109194, "clavecatas": "5-07-21-08-000", "zona": "5", "sector": "07", "manzana": "21", "lote": "08", "ph": "000", "propietari": "GOBIERNO AUTONOMO DESCENTRALIZADO  MUNICIPAL MANTA .", "documentop": "1360000980001", "direccion": "SECTOR SAN JUAN B. SAN RAMON MZ- 21 LOTE - 8", "area_m2": 341.57, "frente_uti": 32.09, "frente_tot": 32.09, "avaluo_con": 25223.11, "avaluo_sue": 0.0, "zonaurbano": "URBANA", "parroquia": "MANTA", "esta_bloqu": "NO", "es_tercera": "NO", "tiene_elec": "NO", "tiene_agua": "NO", "tiene_alca": "NO", "observacio": "POR LEGALIZAR SANTOS ROMULO VELEZ DELGADO 12/01/2026 ARQ. LUPE LANDA*", "observac_1": null, "barrio": "SAN JUAN", "parroquia_": 2, "barrio_id": 912, "proceso": 0, "fecha_regi": null, "activo_cat": "SI", "desactivad": 0, "avaluo_rem": 0.0, "avaluo_r_1": 0.0, "clasificac": "POR LEGALIZAR", "anio_deuda": 0, "deuda": 0.0, "valor_ip": 0.0, "coactiva": null, "ficharegis": 0, "etam": 0.1623234987, "diferencia": -6.2894714711999997, "porc_difer": -0.0184134188, "admisible": 1, "deuda_anio": 0.0, "2024__csv_": "5-07-21-08-000", "2024__csv1": "535-30-12-2025", "Clavepre": "5-07-21-08-000", "RESOLUCION": "535-30-12-2025", "ORIG_FID": 435 }, "geometry": { "type": "Point", "coordinates": [ -80.758674720662867, -1.006260705135529 ] } },
{ "type": "Feature", "properties": { "id": 104892, "lote_id": 109195, "clavecatas": "5-07-21-09-000", "zona": "5", "sector": "07", "manzana": "21", "lote": "09", "ph": "000", "propietari": "GOBIERNO AUTONOMO DESCENTRALIZADO  MUNICIPAL MANTA .", "documentop": "1360000980001", "direccion": "SECTOR SAN JUAN B. SAN RAMON MZ- 21 LOTE - 9", "area_m2": 188.14, "frente_uti": 12.19, "frente_tot": 12.19, "avaluo_con": 8096.0, "avaluo_sue": 2822.1, "zonaurbano": "URBANA", "parroquia": "MANTA", "esta_bloqu": "NO", "es_tercera": "NO", "tiene_elec": "NO", "tiene_agua": "NO", "tiene_alca": "NO", "observacio": "POR LEGALIZAR CECILIA MONSERRATE VELEZ MERO 12/01/2026 ARQ. LUPE LANDA*", "observac_1": null, "barrio": "SAN JUAN", "parroquia_": 2, "barrio_id": 912, "proceso": 0, "fecha_regi": null, "activo_cat": "SI", "desactivad": 0, "avaluo_rem": 0.0, "avaluo_r_1": 0.0, "clasificac": "POR LEGALIZAR", "anio_deuda": 0, "deuda": 0.0, "valor_ip": 0.0, "coactiva": null, "ficharegis": 0, "etam": 0.0729053552, "diferencia": 0.0013480798, "porc_difer": 7.1653e-06, "admisible": 1, "deuda_anio": 0.0, "2024__csv_": "5-07-21-09-000", "2024__csv1": "535-30-12-2025", "Clavepre": "5-07-21-09-000", "RESOLUCION": "535-30-12-2025", "ORIG_FID": 436 }, "geometry": { "type": "Point", "coordinates": [ -80.758661065624267, -1.006444858897817 ] } },
{ "type": "Feature", "properties": { "id": 104893, "lote_id": 109196, "clavecatas": "5-07-21-10-000", "zona": "5", "sector": "07", "manzana": "21", "lote": "10", "ph": "000", "propietari": "GOBIERNO AUTONOMO DESCENTRALIZADO  MUNICIPAL MANTA .", "documentop": "1360000980001", "direccion": "SECTOR SAN JUAN B. SAN RAMON MZ- 21 LOTE - 10", "area_m2": 288.69, "frente_uti": 16.7, "frente_tot": 16.7, "avaluo_con": 32947.07, "avaluo_sue": 4330.35, "zonaurbano": "URBANA", "parroquia": "MANTA", "esta_bloqu": "NO", "es_tercera": "NO", "tiene_elec": "NO", "tiene_agua": "NO", "tiene_alca": "NO", "observacio": "POR LEGALIZAR CARLOS DAVID VELEZ MERO 12/01/2026 ARQ. LUPE LANDA*", "observac_1": null, "barrio": "SAN JUAN", "parroquia_": 2, "barrio_id": 912, "proceso": 0, "fecha_regi": null, "activo_cat": "SI", "desactivad": 0, "avaluo_rem": 0.0, "avaluo_r_1": 0.0, "clasificac": "POR LEGALIZAR", "anio_deuda": 0, "deuda": 0.0, "valor_ip": 0.0, "coactiva": null, "ficharegis": 0, "etam": 0.1177102075, "diferencia": -0.0041785249, "porc_difer": -1.44741e-05, "admisible": 1, "deuda_anio": 0.0, "2024__csv_": "5-07-21-10-000", "2024__csv1": "535-30-12-2025", "Clavepre": "5-07-21-10-000", "RESOLUCION": "535-30-12-2025", "ORIG_FID": 437 }, "geometry": { "type": "Point", "coordinates": [ -80.758638604965384, -1.006577237429029 ] } },
{ "type": "Feature", "properties": { "id": 104894, "lote_id": 109167, "clavecatas": "5-07-21-11-000", "zona": "5", "sector": "07", "manzana": "21", "lote": "11", "ph": "000", "propietari": "GOBIERNO AUTONOMO DESCENTRALIZADO  MUNICIPAL MANTA .", "documentop": "1360000980001", "direccion": "SECTOR SAN JUAN B. SAN RAMON - MZ- 22 - LOTE - 11", "area_m2": 310.01, "frente_uti": 17.54, "frente_tot": 17.54, "avaluo_con": 17322.67, "avaluo_sue": 0.0, "zonaurbano": "URBANA", "parroquia": "MANTA", "esta_bloqu": "NO", "es_tercera": "NO", "tiene_elec": "NO", "tiene_agua": "NO", "tiene_alca": "NO", "observacio": "POR LEGALIZAR JULIA MARISOL VELEZ MERO 9/01/2026 ARQ. LUPE LANDA*", "observac_1": null, "barrio": "SAN JUAN", "parroquia_": 2, "barrio_id": 912, "proceso": 0, "fecha_regi": null, "activo_cat": "SI", "desactivad": 0, "avaluo_rem": 0.0, "avaluo_r_1": 0.0, "clasificac": "POR LEGALIZAR", "anio_deuda": 0, "deuda": 0.0, "valor_ip": 0.0, "coactiva": null, "ficharegis": 0, "etam": 0.1703858021, "diferencia": -6.96331e-05, "porc_difer": -2.246e-07, "admisible": 1, "deuda_anio": 0.0, "2024__csv_": "5-07-21-11-000", "2024__csv1": "535-30-12-2025", "Clavepre": "5-07-21-11-000", "RESOLUCION": "535-30-12-2025", "ORIG_FID": 438 }, "geometry": { "type": "Point", "coordinates": [ -80.758600210725191, -1.006726492399241 ] } },
{ "type": "Feature", "properties": { "id": 104895, "lote_id": 109168, "clavecatas": "5-07-21-12-000", "zona": "5", "sector": "07", "manzana": "21", "lote": "12", "ph": "000", "propietari": "GOBIERNO AUTONOMO DESCENTRALIZADO  MUNICIPAL MANTA .", "documentop": "1360000980001", "direccion": "SECTOR SAN JUAN B. SAN RAMON - MZ- 21 - LOTE - 12", "area_m2": 250.45, "frente_uti": 14.09, "frente_tot": 14.09, "avaluo_con": 2323.2, "avaluo_sue": 3756.75, "zonaurbano": "URBANA", "parroquia": "MANTA", "esta_bloqu": "NO", "es_tercera": "NO", "tiene_elec": "NO", "tiene_agua": "NO", "tiene_alca": "NO", "observacio": "POR LEGALIZAR KATTY YADIRA TUMBACO MOSQUERA 9/01/2026 ARQ. LUPE LANDA*", "observac_1": null, "barrio": "SAN JUAN", "parroquia_": 2, "barrio_id": 912, "proceso": 0, "fecha_regi": null, "activo_cat": "SI", "desactivad": 0, "avaluo_rem": 0.0, "avaluo_r_1": 0.0, "clasificac": "POR LEGALIZAR", "anio_deuda": 0, "deuda": 0.0, "valor_ip": 0.0, "coactiva": null, "ficharegis": 0, "etam": 0.1263774179, "diferencia": 0.0018093997, "porc_difer": 7.2246e-06, "admisible": 1, "deuda_anio": 0.0, "2024__csv_": "5-07-21-12-000", "2024__csv1": "535-30-12-2025", "Clavepre": "5-07-21-12-000", "RESOLUCION": "535-30-12-2025", "ORIG_FID": 439 }, "geometry": { "type": "Point", "coordinates": [ -80.758555070319147, -1.006862284079197 ] } },
{ "type": "Feature", "properties": { "id": 104896, "lote_id": 109169, "clavecatas": "5-07-21-13-000", "zona": "5", "sector": "07", "manzana": "21", "lote": "13", "ph": "000", "propietari": "GOBIERNO AUTONOMO DESCENTRALIZADO  MUNICIPAL MANTA .", "documentop": "1360000980001", "direccion": "SECTOR SAN JUAN B. SAN RAMON - MZ- 21 - LOTE - 13", "area_m2": 304.94, "frente_uti": 15.96, "frente_tot": 15.96, "avaluo_con": 15660.4, "avaluo_sue": 4574.1, "zonaurbano": "URBANA", "parroquia": "MANTA", "esta_bloqu": "NO", "es_tercera": "NO", "tiene_elec": "NO", "tiene_agua": "NO", "tiene_alca": "NO", "observacio": "POR LEGALIZAR JOSE FILIBERTO DELGADO LUCAS 9/01/2026 ARQ. LUPE LANDA*", "observac_1": null, "barrio": "SAN JUAN", "parroquia_": 2, "barrio_id": 912, "proceso": 0, "fecha_regi": null, "activo_cat": "SI", "desactivad": 0, "avaluo_rem": 0.0, "avaluo_r_1": 0.0, "clasificac": "POR LEGALIZAR", "anio_deuda": 0, "deuda": 0.0, "valor_ip": 0.0, "coactiva": null, "ficharegis": 0, "etam": 0.1717963991, "diferencia": -9.07302e-05, "porc_difer": -2.975e-07, "admisible": 1, "deuda_anio": 0.0, "2024__csv_": "5-07-21-13-000", "2024__csv1": "535-30-12-2025", "Clavepre": "5-07-21-13-000", "RESOLUCION": "535-30-12-2025", "ORIG_FID": 440 }, "geometry": { "type": "Point", "coordinates": [ -80.758511735864616, -1.006991976557431 ] } },
{ "type": "Feature", "properties": { "id": 104902, "lote_id": 109141, "clavecatas": "5-07-22-05-000", "zona": "5", "sector": "07", "manzana": "22", "lote": "05", "ph": "000", "propietari": "GOBIERNO AUTONOMO DESCENTRALIZADO  MUNICIPAL MANTA .", "documentop": "1360000980001", "direccion": "SECTOR SAN JUAN - B. SAN RAMON - MZ- 22 LOTE - 5", "area_m2": 474.0, "frente_uti": 29.49, "frente_tot": 29.49, "avaluo_con": 13214.0, "avaluo_sue": 7110.0, "zonaurbano": "URBANA", "parroquia": "MANTA", "esta_bloqu": "NO", "es_tercera": "NO", "tiene_elec": "NO", "tiene_agua": "NO", "tiene_alca": "NO", "observacio": "POR LEGALIZAR ALEXANDRA MARIBEL DELGADO SANTANA 07/01/2026 ARQ. LUPE LANDA*", "observac_1": null, "barrio": "SAN JUAN", "parroquia_": 2, "barrio_id": 912, "proceso": 0, "fecha_regi": null, "activo_cat": "SI", "desactivad": 0, "avaluo_rem": 0.0, "avaluo_r_1": 0.0, "clasificac": "POR LEGALIZAR", "anio_deuda": 0, "deuda": 0.0, "valor_ip": 0.0, "coactiva": null, "ficharegis": 0, "etam": 0.1377945637, "diferencia": -0.0039816947, "porc_difer": -8.4002e-06, "admisible": 1, "deuda_anio": 0.0, "2024__csv_": "5-07-22-05-000", "2024__csv1": "535-30-12-2025", "Clavepre": "5-07-22-05-000", "RESOLUCION": "535-30-12-2025", "ORIG_FID": 441 }, "geometry": { "type": "Point", "coordinates": [ -80.75887952550157, -1.004389101552039 ] } },
{ "type": "Feature", "properties": { "id": 104903, "lote_id": 109142, "clavecatas": "5-07-22-06-000", "zona": "5", "sector": "07", "manzana": "22", "lote": "06", "ph": "000", "propietari": "GOBIERNO AUTONOMO DESCENTRALIZADO  MUNICIPAL MANTA .", "documentop": "1360000980001", "direccion": "SECTOR SAN JUAN - B. SAN RAMON - MZ-22 LOTE - 6", "area_m2": 519.82, "frente_uti": 32.24, "frente_tot": 32.24, "avaluo_con": 12551.11, "avaluo_sue": 7797.3, "zonaurbano": "URBANA", "parroquia": "MANTA", "esta_bloqu": "NO", "es_tercera": "NO", "tiene_elec": "NO", "tiene_agua": "NO", "tiene_alca": "NO", "observacio": "POR LEGALIZAR JULIA ARMIDA SANTANA MERO 07/01/2026 ARQ. LUPE LANDA*", "observac_1": null, "barrio": "SAN JUAN", "parroquia_": 2, "barrio_id": 912, "proceso": 0, "fecha_regi": null, "activo_cat": "SI", "desactivad": 0, "avaluo_rem": 0.0, "avaluo_r_1": 0.0, "clasificac": "POR LEGALIZAR", "anio_deuda": 0, "deuda": 0.0, "valor_ip": 0.0, "coactiva": null, "ficharegis": 0, "etam": 0.1754419714, "diferencia": 0.0020059319, "porc_difer": 3.8589e-06, "admisible": 1, "deuda_anio": 0.0, "2024__csv_": "5-07-22-06-000", "2024__csv1": "535-30-12-2025", "Clavepre": "5-07-22-06-000", "RESOLUCION": "535-30-12-2025", "ORIG_FID": 442 }, "geometry": { "type": "Point", "coordinates": [ -80.758920085632141, -1.004522075599685 ] } },
{ "type": "Feature", "properties": { "id": 104904, "lote_id": 109144, "clavecatas": "5-07-22-07-000", "zona": "5", "sector": "07", "manzana": "22", "lote": "07", "ph": "000", "propietari": "GOBIERNO AUTONOMO DESCENTRALIZADO  MUNICIPAL MANTA .", "documentop": "1360000980001", "direccion": "SECTOR SAN JUAN - B. SAN RAMON - MZ- 22 LOTE - 7", "area_m2": 550.2, "frente_uti": 49.3, "frente_tot": 49.3, "avaluo_con": 12320.0, "avaluo_sue": 8253.0, "zonaurbano": "URBANA", "parroquia": "MANTA", "esta_bloqu": "NO", "es_tercera": "NO", "tiene_elec": "NO", "tiene_agua": "NO", "tiene_alca": "NO", "observacio": "POR LEGALIZAR ARTURO EDUARDO HOLGUIN MERO 07/01/2026 ARQ. LUPE LANDA*", "observac_1": null, "barrio": "SAN JUAN", "parroquia_": 2, "barrio_id": 912, "proceso": 0, "fecha_regi": null, "activo_cat": "SI", "desactivad": 0, "avaluo_rem": 0.0, "avaluo_r_1": 0.0, "clasificac": "POR LEGALIZAR", "anio_deuda": 0, "deuda": 0.0, "valor_ip": 0.0, "coactiva": null, "ficharegis": 0, "etam": 0.1705295705, "diferencia": 0.0035909367, "porc_difer": 6.5266e-06, "admisible": 1, "deuda_anio": 0.0, "2024__csv_": "5-07-22-07-000", "2024__csv1": "535-30-12-2025", "Clavepre": "5-07-22-07-000", "RESOLUCION": "535-30-12-2025", "ORIG_FID": 443 }, "geometry": { "type": "Point", "coordinates": [ -80.75903673359457, -1.00464503560154 ] } },
{ "type": "Feature", "properties": { "id": 104905, "lote_id": 109145, "clavecatas": "5-07-22-08-000", "zona": "5", "sector": "07", "manzana": "22", "lote": "08", "ph": "000", "propietari": "GOBIERNO AUTONOMO DESCENTRALIZADO  MUNICIPAL MANTA .", "documentop": "1360000980001", "direccion": "SECTOR SAN JUAN – B. SAN RAMON – MZ- 22 LOTE - 8", "area_m2": 472.37, "frente_uti": 57.23, "frente_tot": 57.23, "avaluo_con": 9408.0, "avaluo_sue": 7085.55, "zonaurbano": "URBANA", "parroquia": "MANTA", "esta_bloqu": "NO", "es_tercera": "NO", "tiene_elec": "NO", "tiene_agua": "NO", "tiene_alca": "NO", "observacio": "POR LEGALIZAR DOLORES MARGARITA DELGADO SANTANA 07/01/2026 ARQ. LUPE LANDA*", "observac_1": null, "barrio": "SAN JUAN", "parroquia_": 2, "barrio_id": 912, "proceso": 0, "fecha_regi": null, "activo_cat": "SI", "desactivad": 0, "avaluo_rem": 0.0, "avaluo_r_1": 0.0, "clasificac": "POR LEGALIZAR", "anio_deuda": 0, "deuda": 0.0, "valor_ip": 0.0, "coactiva": null, "ficharegis": 0, "etam": 0.1380321017, "diferencia": -0.0041411422, "porc_difer": -8.7667e-06, "admisible": 1, "deuda_anio": 0.0, "2024__csv_": "5-07-22-08-000", "2024__csv1": "535-30-12-2025", "Clavepre": "5-07-22-08-000", "RESOLUCION": "535-30-12-2025", "ORIG_FID": 444 }, "geometry": { "type": "Point", "coordinates": [ -80.759185902682518, -1.00483634093772 ] } },
{ "type": "Feature", "properties": { "id": 104906, "lote_id": 109146, "clavecatas": "5-07-22-09-000", "zona": "5", "sector": "07", "manzana": "22", "lote": "09", "ph": "000", "propietari": "GOBIERNO AUTONOMO DESCENTRALIZADO  MUNICIPAL MANTA .", "documentop": "1360000980001", "direccion": "SECTOR SAN JUAN – B. SAN RAMON – MZ- 22 LOTE - 9", "area_m2": 995.98, "frente_uti": 58.95, "frente_tot": 58.98, "avaluo_con": 17335.11, "avaluo_sue": 14939.7, "zonaurbano": "URBANA", "parroquia": "MANTA", "esta_bloqu": "NO", "es_tercera": "NO", "tiene_elec": "NO", "tiene_agua": "NO", "tiene_alca": "NO", "observacio": "POR LEGALIZAR LUCCIOLA MATILDE MERO SANTANA 07/01/2026 ARQ. LUPE LANDA*", "observac_1": null, "barrio": "SAN JUAN", "parroquia_": 2, "barrio_id": 912, "proceso": 0, "fecha_regi": null, "activo_cat": "SI", "desactivad": 0, "avaluo_rem": 0.0, "avaluo_r_1": 0.0, "clasificac": "POR LEGALIZAR", "anio_deuda": 0, "deuda": 0.0, "valor_ip": 0.0, "coactiva": null, "ficharegis": 0, "etam": 0.1267461227, "diferencia": 0.0030030022, "porc_difer": 3.0151e-06, "admisible": 1, "deuda_anio": 0.0, "2024__csv_": "5-07-22-09-000", "2024__csv1": "535-30-12-2025", "Clavepre": "5-07-22-09-000", "RESOLUCION": "535-30-12-2025", "ORIG_FID": 445 }, "geometry": { "type": "Point", "coordinates": [ -80.759277563160055, -1.00517953052751 ] } },
{ "type": "Feature", "properties": { "id": 104907, "lote_id": 109160, "clavecatas": "5-07-22-10-000", "zona": "5", "sector": "07", "manzana": "22", "lote": "10", "ph": "000", "propietari": "GOBIERNO AUTONOMO DESCENTRALIZADO  MUNICIPAL MANTA .", "documentop": "1360000980001", "direccion": "SECTOR SAN JUAN B. SAN RAMON - MZ- 22 LOTE-10", "area_m2": 886.45, "frente_uti": 25.23, "frente_tot": 25.23, "avaluo_con": 12902.4, "avaluo_sue": 13296.75, "zonaurbano": "URBANA", "parroquia": "MANTA", "esta_bloqu": "NO", "es_tercera": "NO", "tiene_elec": "NO", "tiene_agua": "NO", "tiene_alca": "NO", "observacio": "POR LEGALIZAR CARLOS HUMBERTO VELIZ MERO 08/01/2026 ARQ. LUPE LANDA*", "observac_1": null, "barrio": "SAN JUAN", "parroquia_": 2, "barrio_id": 912, "proceso": 0, "fecha_regi": null, "activo_cat": "SI", "desactivad": 0, "avaluo_rem": 0.0, "avaluo_r_1": 0.0, "clasificac": "POR LEGALIZAR", "anio_deuda": 0, "deuda": 0.0, "valor_ip": 0.0, "coactiva": null, "ficharegis": 0, "etam": 0.1343485146, "diferencia": 0.0005558082, "porc_difer": 6.27e-07, "admisible": 1, "deuda_anio": 0.0, "2024__csv_": "5-07-22-10-000", "2024__csv1": "535-30-12-2025", "Clavepre": "5-07-22-10-000", "RESOLUCION": "535-30-12-2025", "ORIG_FID": 446 }, "geometry": { "type": "Point", "coordinates": [ -80.75923315425004, -1.005657345724654 ] } },
{ "type": "Feature", "properties": { "id": 104908, "lote_id": 109149, "clavecatas": "5-07-22-11-000", "zona": "5", "sector": "07", "manzana": "22", "lote": "11", "ph": "000", "propietari": "GOBIERNO AUTONOMO DESCENTRALIZADO  MUNICIPAL MANTA .", "documentop": "1360000980001", "direccion": "SECTOR SAN JUAN - B. SAN RAMON - MZ- 22 LOTE - 11", "area_m2": 437.05, "frente_uti": 39.76, "frente_tot": 39.76, "avaluo_con": 6912.0, "avaluo_sue": 6555.75, "zonaurbano": "URBANA", "parroquia": "MANTA", "esta_bloqu": "NO", "es_tercera": "NO", "tiene_elec": "NO", "tiene_agua": "NO", "tiene_alca": "NO", "observacio": "POR LEGALIZAR PABLO FABIAN VELIZ MERO 07/01/2026 ARQ. LUPE LANDA*", "observac_1": null, "barrio": "SAN JUAN", "parroquia_": 2, "barrio_id": 912, "proceso": 0, "fecha_regi": null, "activo_cat": "SI", "desactivad": 0, "avaluo_rem": 0.0, "avaluo_r_1": 0.0, "clasificac": "POR LEGALIZAR", "anio_deuda": 0, "deuda": 0.0, "valor_ip": 0.0, "coactiva": null, "ficharegis": 0, "etam": 0.1435012528, "diferencia": -0.9827293408, "porc_difer": -0.0022485513, "admisible": 1, "deuda_anio": 0.0, "2024__csv_": "5-07-22-11-000", "2024__csv1": "535-30-12-2025", "Clavepre": "5-07-22-11-000", "RESOLUCION": "535-30-12-2025", "ORIG_FID": 447 }, "geometry": { "type": "Point", "coordinates": [ -80.759024914454344, -1.005343135690101 ] } },
{ "type": "Feature", "properties": { "id": 104909, "lote_id": 109150, "clavecatas": "5-07-22-13-000", "zona": "5", "sector": "07", "manzana": "22", "lote": "13", "ph": "000", "propietari": "GOBIERNO AUTONOMO DESCENTRALIZADO  MUNICIPAL MANTA .", "documentop": "1360000980001", "direccion": "SECTOR SAN JUAN - B. SAN RAMON - MZ- 22 LOTE - 13 CALLEJON", "area_m2": 170.47, "frente_uti": 12.27, "frente_tot": 12.27, "avaluo_con": 5376.0, "avaluo_sue": 2071.21, "zonaurbano": "URBANA", "parroquia": "MANTA", "esta_bloqu": "NO", "es_tercera": "NO", "tiene_elec": "NO", "tiene_agua": "NO", "tiene_alca": "NO", "observacio": "POR LEGALIZAR ROSA MARIA SANTANA MERO 07/01/2026 ARQ. LUPE LANDA*", "observac_1": null, "barrio": "SAN JUAN", "parroquia_": 2, "barrio_id": 912, "proceso": 0, "fecha_regi": null, "activo_cat": "SI", "desactivad": 0, "avaluo_rem": 0.0, "avaluo_r_1": 0.0, "clasificac": "POR LEGALIZAR", "anio_deuda": 0, "deuda": 0.0, "valor_ip": 0.0, "coactiva": null, "ficharegis": 0, "etam": 0.0765906966, "diferencia": -0.055349997, "porc_difer": -0.0003246905, "admisible": 1, "deuda_anio": 0.0, "2024__csv_": "5-07-22-13-000", "2024__csv1": "536-30-12-2025", "Clavepre": "5-07-22-13-000", "RESOLUCION": "536-30-12-2025", "ORIG_FID": 448 }, "geometry": { "type": "Point", "coordinates": [ -80.758924241976302, -1.005031704466707 ] } },
{ "type": "Feature", "properties": { "id": 104910, "lote_id": 109161, "clavecatas": "5-07-22-14-000", "zona": "5", "sector": "07", "manzana": "22", "lote": "14", "ph": "000", "propietari": "GOBIERNO AUTONOMO DESCENTRALIZADO  MUNICIPAL MANTA .", "documentop": "1360000980001", "direccion": "SECTOR SAN JUAN B. SAN RAMON - MZ- 22 LOTE-14", "area_m2": 257.43, "frente_uti": 31.95, "frente_tot": 31.95, "avaluo_con": 9878.4, "avaluo_sue": 3861.45, "zonaurbano": "URBANA", "parroquia": "MANTA", "esta_bloqu": "NO", "es_tercera": "NO", "tiene_elec": "NO", "tiene_agua": "NO", "tiene_alca": "NO", "observacio": "POR LEGALIZAR NELIS GLADYS MERO SANTANA 08/01/2026 ARQ. LUPE LANDA*", "observac_1": null, "barrio": "SAN JUAN", "parroquia_": 2, "barrio_id": 912, "proceso": 0, "fecha_regi": null, "activo_cat": "SI", "desactivad": 0, "avaluo_rem": 0.0, "avaluo_r_1": 0.0, "clasificac": "POR LEGALIZAR", "anio_deuda": 0, "deuda": 0.0, "valor_ip": 0.0, "coactiva": null, "ficharegis": 0, "etam": 0.1246523348, "diferencia": 0.0153596127, "porc_difer": 5.96652e-05, "admisible": 1, "deuda_anio": 0.0, "2024__csv_": "5-07-22-14-000", "2024__csv1": "535-30-12-2025", "Clavepre": "5-07-22-14-000", "RESOLUCION": "535-30-12-2025", "ORIG_FID": 449 }, "geometry": { "type": "Point", "coordinates": [ -80.758856283482473, -1.004878582047847 ] } },
{ "type": "Feature", "properties": { "id": 108718, "lote_id": 109637, "clavecatas": "8-02-54-05-000", "zona": "8", "sector": "02", "manzana": "54", "lote": "05", "ph": "000", "propietari": "G.A.D.MCPAL.DEL CANTON MANTA .", "documentop": "1360000980001", "direccion": "BARRIO LAS FLORES-PARROQUIA SAN MATEO", "area_m2": 491.67, "frente_uti": 0.0, "frente_tot": 0.0, "avaluo_con": 0.0, "avaluo_sue": 17700.12, "zonaurbano": "URBANA", "parroquia": "SAN MATEO", "esta_bloqu": "NO", "es_tercera": "NO", "tiene_elec": "SI", "tiene_agua": "NO", "tiene_alca": "NO", "observacio": "SE INGRESA CÓDIGO CATASTRAL 8025405000 CON FINES DE LEGALIZACIÓN PREVIA SOLICITUD DEL DIRECTOR, MEDIANTE RESOLUCIÓN N° 524-04-12-2025_04/02/2026.", "observac_1": null, "barrio": "LAS FLORES", "parroquia_": 6, "barrio_id": 1203, "proceso": 0, "fecha_regi": null, "activo_cat": "SI", "desactivad": 0, "avaluo_rem": 0.0, "avaluo_r_1": 0.0, "clasificac": "POR LEGALIZAR", "anio_deuda": 0, "deuda": 0.0, "valor_ip": 0.0, "coactiva": null, "ficharegis": 0, "etam": 0.1352958264, "diferencia": 0.0397999942, "porc_difer": 8.09486e-05, "admisible": 1, "deuda_anio": 0.0, "2024__csv_": "8-02-54-05-000", "2024__csv1": "524-04-12-2025", "Clavepre": "8-02-54-05-000", "RESOLUCION": "524-04-12-2025", "ORIG_FID": 450 }, "geometry": { "type": "Point", "coordinates": [ -80.811555330443852, -0.963448721064402 ] } },
{ "type": "Feature", "properties": { "id": 97303, "lote_id": 110011, "clavecatas": "3-45-16-08-000", "zona": "3", "sector": "45", "manzana": "16", "lote": "08", "ph": "000", "propietari": "GOBIERNO AUTONOMO DESCENTRALIZADO  MUNICIPAL MANTA .", "documentop": "1360000980001", "direccion": "REVANCHA, MANZANA R-16, LOTE 08", "area_m2": 811.58, "frente_uti": 18.0, "frente_tot": 18.0, "avaluo_con": 0.0, "avaluo_sue": 16231.6, "zonaurbano": "URBANA", "parroquia": "MANTA", "esta_bloqu": "NO", "es_tercera": "NO", "tiene_elec": "NO", "tiene_agua": "NO", "tiene_alca": "NO", "observacio": null, "observac_1": null, "barrio": "LA REVANCHA", "parroquia_": 1, "barrio_id": 1170, "proceso": 0, "fecha_regi": null, "activo_cat": "SI", "desactivad": 0, "avaluo_rem": 0.0, "avaluo_r_1": 0.0, "clasificac": "PROPIEDADES MUNICIPALES", "anio_deuda": 0, "deuda": 0.0, "valor_ip": 0.0, "coactiva": null, "ficharegis": 0, "etam": 0.1404087986, "diferencia": -0.0040931151, "porc_difer": -5.0434e-06, "admisible": 1, "deuda_anio": 0.0, "2024__csv_": "3-45-16-08-000", "2024__csv1": "391-03-04-2025", "Clavepre": "3-45-16-08-000", "RESOLUCION": "391-03-04-2025", "ORIG_FID": 454 }, "geometry": { "type": "Point", "coordinates": [ -80.738879360561938, -0.998729852592396 ] } }
]
}
